{
  "LZ_LCRA": 78.23229166666664,
  "LZ_RAYBN": 77.69233333333331,
  "LZ_WEST": 100.75708333333333
}