model,origin,node,ts,actual,mean,q10,q90
ElecFMV6,2025-08-01 00:00:00+00:00,LZ_LCRA,2025-08-01 00:00:00+00:00,81.94416666666666,136.65721,98.061295,188.51935
ElecFMV6,2025-08-01 00:00:00+00:00,LZ_LCRA,2025-08-01 01:00:00+00:00,113.745,115.25095,76.259895,171.38641
ElecFMV6,2025-08-01 00:00:00+00:00,LZ_LCRA,2025-08-01 02:00:00+00:00,131.26416666666668,80.07123,47.708553,135.93323
ElecFMV6,2025-08-01 00:00:00+00:00,LZ_LCRA,2025-08-01 03:00:00+00:00,81.84166666666667,58.788536,32.734676,111.899994
ElecFMV6,2025-08-01 00:00:00+00:00,LZ_LCRA,2025-08-01 04:00:00+00:00,40.01416666666667,51.115185,33.037773,96.3569
ElecFMV6,2025-08-01 00:00:00+00:00,LZ_LCRA,2025-08-01 05:00:00+00:00,43.8975,42.949257,29.453049,82.42711
ElecFMV6,2025-08-01 00:00:00+00:00,LZ_LCRA,2025-08-01 06:00:00+00:00,46.44166666666666,41.687862,30.749168,77.69324
ElecFMV6,2025-08-01 00:00:00+00:00,LZ_LCRA,2025-08-01 07:00:00+00:00,42.571666666666665,36.378613,28.240805,72.49182
ElecFMV6,2025-08-01 00:00:00+00:00,LZ_LCRA,2025-08-01 08:00:00+00:00,47.1775,30.889168,23.32247,62.20083
ElecFMV6,2025-08-01 00:00:00+00:00,LZ_LCRA,2025-08-01 09:00:00+00:00,45.70416666666667,30.34028,24.368351,60.000828
ElecFMV6,2025-08-01 00:00:00+00:00,LZ_LCRA,2025-08-01 10:00:00+00:00,44.36083333333334,32.764374,27.89069,59.793434
ElecFMV6,2025-08-01 00:00:00+00:00,LZ_LCRA,2025-08-01 11:00:00+00:00,49.01,36.35349,31.90077,64.33122
ElecFMV6,2025-08-01 00:00:00+00:00,LZ_LCRA,2025-08-01 12:00:00+00:00,39.73333333333333,32.68529,28.69199,57.356216
ElecFMV6,2025-08-01 00:00:00+00:00,LZ_LCRA,2025-08-01 13:00:00+00:00,35.8525,31.983614,27.818039,55.506935
ElecFMV6,2025-08-01 00:00:00+00:00,LZ_LCRA,2025-08-01 14:00:00+00:00,28.8,30.445137,26.880201,55.48291
ElecFMV6,2025-08-01 00:00:00+00:00,LZ_LCRA,2025-08-01 15:00:00+00:00,27.44833333333333,31.618534,27.560047,58.085503
ElecFMV6,2025-08-01 00:00:00+00:00,LZ_LCRA,2025-08-01 16:00:00+00:00,26.848333333333333,31.35395,26.315966,58.33996
ElecFMV6,2025-08-01 00:00:00+00:00,LZ_LCRA,2025-08-01 17:00:00+00:00,51.79,32.846657,26.789385,63.064423
ElecFMV6,2025-08-01 00:00:00+00:00,LZ_LCRA,2025-08-01 18:00:00+00:00,67.0175,36.262783,27.869816,70.58622
ElecFMV6,2025-08-01 00:00:00+00:00,LZ_LCRA,2025-08-01 19:00:00+00:00,85.1575,41.962345,30.266796,78.71094
ElecFMV6,2025-08-01 00:00:00+00:00,LZ_LCRA,2025-08-01 20:00:00+00:00,87.14999999999999,40.159958,26.63162,79.816154
ElecFMV6,2025-08-01 00:00:00+00:00,LZ_LCRA,2025-08-01 21:00:00+00:00,60.70333333333334,41.078144,25.966217,81.49776
ElecFMV6,2025-08-01 00:00:00+00:00,LZ_LCRA,2025-08-01 22:00:00+00:00,91.97833333333334,48.093765,31.301582,89.0587
ElecFMV6,2025-08-01 00:00:00+00:00,LZ_LCRA,2025-08-01 23:00:00+00:00,99.82333333333334,53.49005,34.113533,97.75176
ElecFMV6,2025-08-01 00:00:00+00:00,LZ_WEST,2025-08-01 00:00:00+00:00,81.73083333333334,103.59011,72.682915,147.58842
ElecFMV6,2025-08-01 00:00:00+00:00,LZ_WEST,2025-08-01 01:00:00+00:00,111.79833333333332,92.96573,62.623024,139.50687
ElecFMV6,2025-08-01 00:00:00+00:00,LZ_WEST,2025-08-01 02:00:00+00:00,131.45083333333335,71.33841,44.68517,117.973495
ElecFMV6,2025-08-01 00:00:00+00:00,LZ_WEST,2025-08-01 03:00:00+00:00,82.87583333333333,55.253395,31.722424,100.25734
ElecFMV6,2025-08-01 00:00:00+00:00,LZ_WEST,2025-08-01 04:00:00+00:00,59.29416666666666,52.98899,32.82753,94.622055
ElecFMV6,2025-08-01 00:00:00+00:00,LZ_WEST,2025-08-01 05:00:00+00:00,62.623333333333335,52.123726,33.81609,92.25912
ElecFMV6,2025-08-01 00:00:00+00:00,LZ_WEST,2025-08-01 06:00:00+00:00,73.50666666666666,55.704964,38.06815,95.18521
ElecFMV6,2025-08-01 00:00:00+00:00,LZ_WEST,2025-08-01 07:00:00+00:00,84.79416666666667,44.842667,28.429193,85.65123
ElecFMV6,2025-08-01 00:00:00+00:00,LZ_WEST,2025-08-01 08:00:00+00:00,80.40333333333332,41.66924,25.523067,79.69242
ElecFMV6,2025-08-01 00:00:00+00:00,LZ_WEST,2025-08-01 09:00:00+00:00,86.46666666666665,44.01426,29.070396,80.05
ElecFMV6,2025-08-01 00:00:00+00:00,LZ_WEST,2025-08-01 10:00:00+00:00,88.495,45.883022,32.428986,79.5927
ElecFMV6,2025-08-01 00:00:00+00:00,LZ_WEST,2025-08-01 11:00:00+00:00,71.5525,46.65849,34.944527,78.92514
ElecFMV6,2025-08-01 00:00:00+00:00,LZ_WEST,2025-08-01 12:00:00+00:00,61.29416666666666,38.50134,26.883549,68.531876
ElecFMV6,2025-08-01 00:00:00+00:00,LZ_WEST,2025-08-01 13:00:00+00:00,41.04416666666666,35.808018,24.585577,65.061935
ElecFMV6,2025-08-01 00:00:00+00:00,LZ_WEST,2025-08-01 14:00:00+00:00,31.185,29.917343,17.570332,60.712627
ElecFMV6,2025-08-01 00:00:00+00:00,LZ_WEST,2025-08-01 15:00:00+00:00,28.65833333333333,31.759296,19.789257,63.719498
ElecFMV6,2025-08-01 00:00:00+00:00,LZ_WEST,2025-08-01 16:00:00+00:00,28.22833333333333,34.004898,21.322817,64.22226
ElecFMV6,2025-08-01 00:00:00+00:00,LZ_WEST,2025-08-01 17:00:00+00:00,30.55,35.060444,23.79084,66.91464
ElecFMV6,2025-08-01 00:00:00+00:00,LZ_WEST,2025-08-01 18:00:00+00:00,32.59166666666667,37.496876,24.741175,71.614944
ElecFMV6,2025-08-01 00:00:00+00:00,LZ_WEST,2025-08-01 19:00:00+00:00,35.68,38.877396,22.748566,74.7962
ElecFMV6,2025-08-01 00:00:00+00:00,LZ_WEST,2025-08-01 20:00:00+00:00,42.03083333333333,41.443554,23.264463,81.30063
ElecFMV6,2025-08-01 00:00:00+00:00,LZ_WEST,2025-08-01 21:00:00+00:00,52.38333333333333,41.45596,21.522774,84.16202
ElecFMV6,2025-08-01 00:00:00+00:00,LZ_WEST,2025-08-01 22:00:00+00:00,91.96,47.51844,25.35363,92.29088
ElecFMV6,2025-08-01 00:00:00+00:00,LZ_WEST,2025-08-01 23:00:00+00:00,99.3375,56.986515,33.88028,104.301926
ElecFMV6,2025-08-01 00:00:00+00:00,LZ_RAYBN,2025-08-01 00:00:00+00:00,82.205,126.900055,91.189255,172.93942
ElecFMV6,2025-08-01 00:00:00+00:00,LZ_RAYBN,2025-08-01 01:00:00+00:00,108.07583333333334,105.80162,70.345276,154.55305
ElecFMV6,2025-08-01 00:00:00+00:00,LZ_RAYBN,2025-08-01 02:00:00+00:00,128.18083333333334,70.234406,40.98582,118.34181
ElecFMV6,2025-08-01 00:00:00+00:00,LZ_RAYBN,2025-08-01 03:00:00+00:00,81.38416666666667,48.143513,25.225718,93.03987
ElecFMV6,2025-08-01 00:00:00+00:00,LZ_RAYBN,2025-08-01 04:00:00+00:00,40.72,38.06504,22.35456,76.32008
ElecFMV6,2025-08-01 00:00:00+00:00,LZ_RAYBN,2025-08-01 05:00:00+00:00,44.72666666666667,31.37347,20.82048,64.00919
ElecFMV6,2025-08-01 00:00:00+00:00,LZ_RAYBN,2025-08-01 06:00:00+00:00,47.67083333333333,31.19877,23.31382,60.70729
ElecFMV6,2025-08-01 00:00:00+00:00,LZ_RAYBN,2025-08-01 07:00:00+00:00,44.63583333333333,28.64602,22.904993,57.643784
ElecFMV6,2025-08-01 00:00:00+00:00,LZ_RAYBN,2025-08-01 08:00:00+00:00,48.32083333333333,27.682991,22.273449,53.301064
ElecFMV6,2025-08-01 00:00:00+00:00,LZ_RAYBN,2025-08-01 09:00:00+00:00,47.28,29.242168,24.212307,53.940346
ElecFMV6,2025-08-01 00:00:00+00:00,LZ_RAYBN,2025-08-01 10:00:00+00:00,46.73583333333334,30.265598,25.143513,53.516373
ElecFMV6,2025-08-01 00:00:00+00:00,LZ_RAYBN,2025-08-01 11:00:00+00:00,50.4925,33.693016,29.106213,58.08526
ElecFMV6,2025-08-01 00:00:00+00:00,LZ_RAYBN,2025-08-01 12:00:00+00:00,44.17083333333333,29.244198,24.239433,50.95216
ElecFMV6,2025-08-01 00:00:00+00:00,LZ_RAYBN,2025-08-01 13:00:00+00:00,39.475,29.541344,24.47953,49.30161
ElecFMV6,2025-08-01 00:00:00+00:00,LZ_RAYBN,2025-08-01 14:00:00+00:00,30.570833333333336,27.66372,23.286972,48.768776
ElecFMV6,2025-08-01 00:00:00+00:00,LZ_RAYBN,2025-08-01 15:00:00+00:00,29.280833333333337,28.237246,23.369572,49.39892
ElecFMV6,2025-08-01 00:00:00+00:00,LZ_RAYBN,2025-08-01 16:00:00+00:00,28.769166666666667,27.275148,22.089354,49.22654
ElecFMV6,2025-08-01 00:00:00+00:00,LZ_RAYBN,2025-08-01 17:00:00+00:00,27.45833333333333,28.992807,23.330902,52.095543
ElecFMV6,2025-08-01 00:00:00+00:00,LZ_RAYBN,2025-08-01 18:00:00+00:00,27.46,31.492367,24.67664,57.22017
ElecFMV6,2025-08-01 00:00:00+00:00,LZ_RAYBN,2025-08-01 19:00:00+00:00,30.755,33.827343,26.368773,60.4373
ElecFMV6,2025-08-01 00:00:00+00:00,LZ_RAYBN,2025-08-01 20:00:00+00:00,34.17583333333334,31.887932,23.015877,59.50888
ElecFMV6,2025-08-01 00:00:00+00:00,LZ_RAYBN,2025-08-01 21:00:00+00:00,49.90916666666666,31.672928,21.76801,59.4753
ElecFMV6,2025-08-01 00:00:00+00:00,LZ_RAYBN,2025-08-01 22:00:00+00:00,89.00916666666666,38.05122,26.713865,66.919846
ElecFMV6,2025-08-01 00:00:00+00:00,LZ_RAYBN,2025-08-01 23:00:00+00:00,96.1975,44.530907,30.97571,76.29985
ElecFMV6,2025-08-02 00:00:00+00:00,LZ_LCRA,2025-08-02 00:00:00+00:00,151.14083333333335,95.90364,64.87848,140.07707
ElecFMV6,2025-08-02 00:00:00+00:00,LZ_LCRA,2025-08-02 01:00:00+00:00,124.3225,90.337204,56.91709,140.27751
ElecFMV6,2025-08-02 00:00:00+00:00,LZ_LCRA,2025-08-02 02:00:00+00:00,81.62833333333333,84.31326,51.622902,135.99994
ElecFMV6,2025-08-02 00:00:00+00:00,LZ_LCRA,2025-08-02 03:00:00+00:00,63.943333333333335,73.25995,42.819847,124.5175
ElecFMV6,2025-08-02 00:00:00+00:00,LZ_LCRA,2025-08-02 04:00:00+00:00,44.54,64.62218,38.19456,112.69496
ElecFMV6,2025-08-02 00:00:00+00:00,LZ_LCRA,2025-08-02 05:00:00+00:00,49.6375,65.26736,40.815342,110.88954
ElecFMV6,2025-08-02 00:00:00+00:00,LZ_LCRA,2025-08-02 06:00:00+00:00,41.09333333333333,62.25225,39.128044,106.01433
ElecFMV6,2025-08-02 00:00:00+00:00,LZ_LCRA,2025-08-02 07:00:00+00:00,39.37,55.288754,33.1383,100.0076
ElecFMV6,2025-08-02 00:00:00+00:00,LZ_LCRA,2025-08-02 08:00:00+00:00,35.30916666666666,47.503773,25.438454,90.35652
ElecFMV6,2025-08-02 00:00:00+00:00,LZ_LCRA,2025-08-02 09:00:00+00:00,30.23583333333333,45.66205,24.433243,87.12123
ElecFMV6,2025-08-02 00:00:00+00:00,LZ_LCRA,2025-08-02 10:00:00+00:00,32.02916666666666,45.51393,25.358006,86.04423
ElecFMV6,2025-08-02 00:00:00+00:00,LZ_LCRA,2025-08-02 11:00:00+00:00,37.94583333333333,44.303078,25.334705,84.498245
ElecFMV6,2025-08-02 00:00:00+00:00,LZ_LCRA,2025-08-02 12:00:00+00:00,38.6125,41.609146,24.09836,80.76929
ElecFMV6,2025-08-02 00:00:00+00:00,LZ_LCRA,2025-08-02 13:00:00+00:00,29.236666666666665,41.30171,23.183731,79.06689
ElecFMV6,2025-08-02 00:00:00+00:00,LZ_LCRA,2025-08-02 14:00:00+00:00,26.984166666666667,40.573887,23.776146,78.54909
ElecFMV6,2025-08-02 00:00:00+00:00,LZ_LCRA,2025-08-02 15:00:00+00:00,27.309166666666663,39.060658,22.934385,76.44104
ElecFMV6,2025-08-02 00:00:00+00:00,LZ_LCRA,2025-08-02 16:00:00+00:00,29.529166666666665,39.45333,24.184118,76.21977
ElecFMV6,2025-08-02 00:00:00+00:00,LZ_LCRA,2025-08-02 17:00:00+00:00,29.574166666666667,41.33275,26.518251,79.02124
ElecFMV6,2025-08-02 00:00:00+00:00,LZ_LCRA,2025-08-02 18:00:00+00:00,38.05583333333333,46.5921,30.63472,86.36229
ElecFMV6,2025-08-02 00:00:00+00:00,LZ_LCRA,2025-08-02 19:00:00+00:00,33.564166666666665,53.894638,35.344944,95.49814
ElecFMV6,2025-08-02 00:00:00+00:00,LZ_LCRA,2025-08-02 20:00:00+00:00,30.08833333333333,55.199783,35.590073,98.98935
ElecFMV6,2025-08-02 00:00:00+00:00,LZ_LCRA,2025-08-02 21:00:00+00:00,41.98666666666667,53.666645,32.890327,98.32504
ElecFMV6,2025-08-02 00:00:00+00:00,LZ_LCRA,2025-08-02 22:00:00+00:00,46.35083333333333,57.0737,35.422916,103.204834
ElecFMV6,2025-08-02 00:00:00+00:00,LZ_LCRA,2025-08-02 23:00:00+00:00,40.6075,63.068108,38.78649,112.647125
ElecFMV6,2025-08-02 00:00:00+00:00,LZ_WEST,2025-08-02 00:00:00+00:00,150.64333333333337,101.33417,74.76176,143.86331
ElecFMV6,2025-08-02 00:00:00+00:00,LZ_WEST,2025-08-02 01:00:00+00:00,124.19583333333333,102.86644,72.69559,151.95984
ElecFMV6,2025-08-02 00:00:00+00:00,LZ_WEST,2025-08-02 02:00:00+00:00,82.3075,96.205025,65.450134,147.9719
ElecFMV6,2025-08-02 00:00:00+00:00,LZ_WEST,2025-08-02 03:00:00+00:00,76.25416666666666,79.06857,49.83985,130.56068
ElecFMV6,2025-08-02 00:00:00+00:00,LZ_WEST,2025-08-02 04:00:00+00:00,81.34750000000001,74.709274,47.044476,124.01416
ElecFMV6,2025-08-02 00:00:00+00:00,LZ_WEST,2025-08-02 05:00:00+00:00,84.435,75.240234,48.195084,122.56555
ElecFMV6,2025-08-02 00:00:00+00:00,LZ_WEST,2025-08-02 06:00:00+00:00,77.58833333333332,75.99394,51.065613,123.05408
ElecFMV6,2025-08-02 00:00:00+00:00,LZ_WEST,2025-08-02 07:00:00+00:00,88.15166666666666,71.53654,48.69918,119.62846
ElecFMV6,2025-08-02 00:00:00+00:00,LZ_WEST,2025-08-02 08:00:00+00:00,79.44583333333334,65.4435,42.05085,111.00568
ElecFMV6,2025-08-02 00:00:00+00:00,LZ_WEST,2025-08-02 09:00:00+00:00,84.83749999999999,64.163574,42.448414,107.130844
ElecFMV6,2025-08-02 00:00:00+00:00,LZ_WEST,2025-08-02 10:00:00+00:00,95.16333333333334,61.83014,39.20278,104.02692
ElecFMV6,2025-08-02 00:00:00+00:00,LZ_WEST,2025-08-02 11:00:00+00:00,73.99166666666666,59.22847,36.99571,102.24513
ElecFMV6,2025-08-02 00:00:00+00:00,LZ_WEST,2025-08-02 12:00:00+00:00,68.48666666666666,52.3411,30.529991,94.133224
ElecFMV6,2025-08-02 00:00:00+00:00,LZ_WEST,2025-08-02 13:00:00+00:00,29.726666666666663,47.736732,26.07993,89.65785
ElecFMV6,2025-08-02 00:00:00+00:00,LZ_WEST,2025-08-02 14:00:00+00:00,27.60333333333333,40.657856,19.281809,81.46747
ElecFMV6,2025-08-02 00:00:00+00:00,LZ_WEST,2025-08-02 15:00:00+00:00,27.35083333333333,34.48604,15.179852,74.63797
ElecFMV6,2025-08-02 00:00:00+00:00,LZ_WEST,2025-08-02 16:00:00+00:00,29.529166666666665,34.84809,15.895943,74.71855
ElecFMV6,2025-08-02 00:00:00+00:00,LZ_WEST,2025-08-02 17:00:00+00:00,29.574166666666667,35.634796,17.253624,77.03458
ElecFMV6,2025-08-02 00:00:00+00:00,LZ_WEST,2025-08-02 18:00:00+00:00,27.67083333333333,36.68299,17.354237,80.76618
ElecFMV6,2025-08-02 00:00:00+00:00,LZ_WEST,2025-08-02 19:00:00+00:00,26.715833333333336,42.47339,20.481491,87.381805
ElecFMV6,2025-08-02 00:00:00+00:00,LZ_WEST,2025-08-02 20:00:00+00:00,30.155,44.25493,23.072102,89.935135
ElecFMV6,2025-08-02 00:00:00+00:00,LZ_WEST,2025-08-02 21:00:00+00:00,41.18666666666667,43.454502,21.187006,88.59614
ElecFMV6,2025-08-02 00:00:00+00:00,LZ_WEST,2025-08-02 22:00:00+00:00,45.04333333333333,46.82205,24.055492,93.93986
ElecFMV6,2025-08-02 00:00:00+00:00,LZ_WEST,2025-08-02 23:00:00+00:00,40.50416666666667,54.829697,29.763348,104.51779
ElecFMV6,2025-08-02 00:00:00+00:00,LZ_RAYBN,2025-08-02 00:00:00+00:00,145.35416666666666,91.86928,66.136765,128.0607
ElecFMV6,2025-08-02 00:00:00+00:00,LZ_RAYBN,2025-08-02 01:00:00+00:00,120.12333333333332,88.30348,60.215973,129.57518
ElecFMV6,2025-08-02 00:00:00+00:00,LZ_RAYBN,2025-08-02 02:00:00+00:00,80.67,77.247574,50.34391,119.259476
ElecFMV6,2025-08-02 00:00:00+00:00,LZ_RAYBN,2025-08-02 03:00:00+00:00,62.33416666666667,64.96059,41.306915,105.5518
ElecFMV6,2025-08-02 00:00:00+00:00,LZ_RAYBN,2025-08-02 04:00:00+00:00,38.1675,54.537987,35.26503,91.456924
ElecFMV6,2025-08-02 00:00:00+00:00,LZ_RAYBN,2025-08-02 05:00:00+00:00,43.2375,51.834576,34.368843,85.798256
ElecFMV6,2025-08-02 00:00:00+00:00,LZ_RAYBN,2025-08-02 06:00:00+00:00,34.43416666666666,50.279205,34.79869,82.681915
ElecFMV6,2025-08-02 00:00:00+00:00,LZ_RAYBN,2025-08-02 07:00:00+00:00,31.9375,41.648056,27.821991,74.74444
ElecFMV6,2025-08-02 00:00:00+00:00,LZ_RAYBN,2025-08-02 08:00:00+00:00,30.7675,36.801056,23.292223,67.57043
ElecFMV6,2025-08-02 00:00:00+00:00,LZ_RAYBN,2025-08-02 09:00:00+00:00,31.989166666666662,36.12524,23.653625,64.923676
ElecFMV6,2025-08-02 00:00:00+00:00,LZ_RAYBN,2025-08-02 10:00:00+00:00,34.747499999999995,37.33302,25.61282,65.022125
ElecFMV6,2025-08-02 00:00:00+00:00,LZ_RAYBN,2025-08-02 11:00:00+00:00,39.47666666666667,38.05121,27.609644,65.52827
ElecFMV6,2025-08-02 00:00:00+00:00,LZ_RAYBN,2025-08-02 12:00:00+00:00,39.865,34.44893,23.97852,61.36709
ElecFMV6,2025-08-02 00:00:00+00:00,LZ_RAYBN,2025-08-02 13:00:00+00:00,29.41,33.374996,22.387543,59.441254
ElecFMV6,2025-08-02 00:00:00+00:00,LZ_RAYBN,2025-08-02 14:00:00+00:00,27.2125,29.40165,19.143177,56.07008
ElecFMV6,2025-08-02 00:00:00+00:00,LZ_RAYBN,2025-08-02 15:00:00+00:00,27.320833333333336,30.443117,20.721891,56.728325
ElecFMV6,2025-08-02 00:00:00+00:00,LZ_RAYBN,2025-08-02 16:00:00+00:00,29.529166666666665,29.621891,20.382423,55.566208
ElecFMV6,2025-08-02 00:00:00+00:00,LZ_RAYBN,2025-08-02 17:00:00+00:00,29.574166666666667,28.813808,20.71608,56.0242
ElecFMV6,2025-08-02 00:00:00+00:00,LZ_RAYBN,2025-08-02 18:00:00+00:00,26.09,31.812292,23.33688,60.9356
ElecFMV6,2025-08-02 00:00:00+00:00,LZ_RAYBN,2025-08-02 19:00:00+00:00,25.68583333333333,39.06147,27.957989,68.86032
ElecFMV6,2025-08-02 00:00:00+00:00,LZ_RAYBN,2025-08-02 20:00:00+00:00,29.9375,38.972874,27.862202,69.58211
ElecFMV6,2025-08-02 00:00:00+00:00,LZ_RAYBN,2025-08-02 21:00:00+00:00,41.12583333333333,37.516163,24.824,67.876785
ElecFMV6,2025-08-02 00:00:00+00:00,LZ_RAYBN,2025-08-02 22:00:00+00:00,45.4725,41.550255,26.997395,73.961555
ElecFMV6,2025-08-02 00:00:00+00:00,LZ_RAYBN,2025-08-02 23:00:00+00:00,39.95,49.62993,31.858143,86.6351
ElecFMV6,2025-08-03 00:00:00+00:00,LZ_LCRA,2025-08-03 00:00:00+00:00,39.9775,59.095192,45.366383,83.53882
ElecFMV6,2025-08-03 00:00:00+00:00,LZ_LCRA,2025-08-03 01:00:00+00:00,40.071666666666665,60.445667,45.834427,87.30927
ElecFMV6,2025-08-03 00:00:00+00:00,LZ_LCRA,2025-08-03 02:00:00+00:00,39.23166666666666,50.559574,37.68431,77.26242
ElecFMV6,2025-08-03 00:00:00+00:00,LZ_LCRA,2025-08-03 03:00:00+00:00,37.455,41.90924,31.678627,67.023315
ElecFMV6,2025-08-03 00:00:00+00:00,LZ_LCRA,2025-08-03 04:00:00+00:00,31.855,36.507668,28.153164,58.024803
ElecFMV6,2025-08-03 00:00:00+00:00,LZ_LCRA,2025-08-03 05:00:00+00:00,28.7925,35.278828,28.009808,54.71102
ElecFMV6,2025-08-03 00:00:00+00:00,LZ_LCRA,2025-08-03 06:00:00+00:00,27.956666666666667,31.654114,25.334175,50.271095
ElecFMV6,2025-08-03 00:00:00+00:00,LZ_LCRA,2025-08-03 07:00:00+00:00,27.096666666666664,28.239067,22.275265,46.208317
ElecFMV6,2025-08-03 00:00:00+00:00,LZ_LCRA,2025-08-03 08:00:00+00:00,24.424166666666665,29.292187,23.506498,44.757946
ElecFMV6,2025-08-03 00:00:00+00:00,LZ_LCRA,2025-08-03 09:00:00+00:00,23.8275,26.708836,21.043898,40.646492
ElecFMV6,2025-08-03 00:00:00+00:00,LZ_LCRA,2025-08-03 10:00:00+00:00,23.617500000000003,29.289448,23.948019,43.758522
ElecFMV6,2025-08-03 00:00:00+00:00,LZ_LCRA,2025-08-03 11:00:00+00:00,23.57583333333333,29.776545,24.543253,44.39041
ElecFMV6,2025-08-03 00:00:00+00:00,LZ_LCRA,2025-08-03 12:00:00+00:00,19.418333333333333,27.545555,20.42281,43.529503
ElecFMV6,2025-08-03 00:00:00+00:00,LZ_LCRA,2025-08-03 13:00:00+00:00,15.004166666666668,26.984947,19.663347,42.86521
ElecFMV6,2025-08-03 00:00:00+00:00,LZ_LCRA,2025-08-03 14:00:00+00:00,13.998333333333331,26.249249,19.716457,41.78788
ElecFMV6,2025-08-03 00:00:00+00:00,LZ_LCRA,2025-08-03 15:00:00+00:00,14.645833333333334,27.004827,21.300995,42.237648
ElecFMV6,2025-08-03 00:00:00+00:00,LZ_LCRA,2025-08-03 16:00:00+00:00,20.164166666666667,25.406076,19.80731,41.06054
ElecFMV6,2025-08-03 00:00:00+00:00,LZ_LCRA,2025-08-03 17:00:00+00:00,29.49833333333333,30.978018,24.72311,48.96705
ElecFMV6,2025-08-03 00:00:00+00:00,LZ_LCRA,2025-08-03 18:00:00+00:00,42.3,38.047997,29.601768,59.696922
ElecFMV6,2025-08-03 00:00:00+00:00,LZ_LCRA,2025-08-03 19:00:00+00:00,51.635,40.368584,29.568268,62.761124
ElecFMV6,2025-08-03 00:00:00+00:00,LZ_LCRA,2025-08-03 20:00:00+00:00,46.55416666666667,36.35594,26.935719,59.98545
ElecFMV6,2025-08-03 00:00:00+00:00,LZ_LCRA,2025-08-03 21:00:00+00:00,54.18,36.416943,26.838194,60.670258
ElecFMV6,2025-08-03 00:00:00+00:00,LZ_LCRA,2025-08-03 22:00:00+00:00,99.26416666666668,41.008835,30.546501,67.57666
ElecFMV6,2025-08-03 00:00:00+00:00,LZ_LCRA,2025-08-03 23:00:00+00:00,86.10333333333334,47.87453,35.065033,78.33937
ElecFMV6,2025-08-03 00:00:00+00:00,LZ_WEST,2025-08-03 00:00:00+00:00,39.899166666666666,65.514435,48.43143,97.05501
ElecFMV6,2025-08-03 00:00:00+00:00,LZ_WEST,2025-08-03 01:00:00+00:00,54.1775,72.35808,54.221027,109.403534
ElecFMV6,2025-08-03 00:00:00+00:00,LZ_WEST,2025-08-03 02:00:00+00:00,71.385,69.9347,51.23805,110.00313
ElecFMV6,2025-08-03 00:00:00+00:00,LZ_WEST,2025-08-03 03:00:00+00:00,77.07,56.5049,37.754208,98.472725
ElecFMV6,2025-08-03 00:00:00+00:00,LZ_WEST,2025-08-03 04:00:00+00:00,69.75916666666667,56.30896,36.332184,96.784706
ElecFMV6,2025-08-03 00:00:00+00:00,LZ_WEST,2025-08-03 05:00:00+00:00,50.10833333333333,61.983532,40.15341,103.656235
ElecFMV6,2025-08-03 00:00:00+00:00,LZ_WEST,2025-08-03 06:00:00+00:00,55.58583333333333,60.282192,39.258064,105.246506
ElecFMV6,2025-08-03 00:00:00+00:00,LZ_WEST,2025-08-03 07:00:00+00:00,50.09833333333333,55.083504,34.26115,102.229614
ElecFMV6,2025-08-03 00:00:00+00:00,LZ_WEST,2025-08-03 08:00:00+00:00,35.825833333333335,60.800133,38.523335,104.694496
ElecFMV6,2025-08-03 00:00:00+00:00,LZ_WEST,2025-08-03 09:00:00+00:00,29.205,63.543327,41.314114,105.990875
ElecFMV6,2025-08-03 00:00:00+00:00,LZ_WEST,2025-08-03 10:00:00+00:00,23.83,61.93712,39.934475,103.64801
ElecFMV6,2025-08-03 00:00:00+00:00,LZ_WEST,2025-08-03 11:00:00+00:00,24.39333333333333,58.183804,36.78166,100.39642
ElecFMV6,2025-08-03 00:00:00+00:00,LZ_WEST,2025-08-03 12:00:00+00:00,21.579166666666666,42.843166,22.627474,81.981285
ElecFMV6,2025-08-03 00:00:00+00:00,LZ_WEST,2025-08-03 13:00:00+00:00,15.015,33.902073,16.387592,71.94484
ElecFMV6,2025-08-03 00:00:00+00:00,LZ_WEST,2025-08-03 14:00:00+00:00,13.998333333333331,36.05476,21.121424,71.81057
ElecFMV6,2025-08-03 00:00:00+00:00,LZ_WEST,2025-08-03 15:00:00+00:00,14.559166666666668,41.746254,29.05746,74.763565
ElecFMV6,2025-08-03 00:00:00+00:00,LZ_WEST,2025-08-03 16:00:00+00:00,12.895833333333334,37.34348,25.27786,69.55152
ElecFMV6,2025-08-03 00:00:00+00:00,LZ_WEST,2025-08-03 17:00:00+00:00,10.393333333333333,30.53185,19.33739,62.309914
ElecFMV6,2025-08-03 00:00:00+00:00,LZ_WEST,2025-08-03 18:00:00+00:00,15.224166666666669,28.079699,15.862774,60.790062
ElecFMV6,2025-08-03 00:00:00+00:00,LZ_WEST,2025-08-03 19:00:00+00:00,22.16333333333333,30.10971,17.628231,62.92481
ElecFMV6,2025-08-03 00:00:00+00:00,LZ_WEST,2025-08-03 20:00:00+00:00,25.9675,31.171383,18.731806,64.380104
ElecFMV6,2025-08-03 00:00:00+00:00,LZ_WEST,2025-08-03 21:00:00+00:00,26.124166666666667,30.22528,16.090664,65.36753
ElecFMV6,2025-08-03 00:00:00+00:00,LZ_WEST,2025-08-03 22:00:00+00:00,31.981666666666666,36.04752,19.718111,75.136566
ElecFMV6,2025-08-03 00:00:00+00:00,LZ_WEST,2025-08-03 23:00:00+00:00,50.30583333333333,43.778397,25.248653,86.97458
ElecFMV6,2025-08-03 00:00:00+00:00,LZ_RAYBN,2025-08-03 00:00:00+00:00,39.32833333333333,60.78093,45.68161,82.93915
ElecFMV6,2025-08-03 00:00:00+00:00,LZ_RAYBN,2025-08-03 01:00:00+00:00,37.19416666666667,60.919426,44.79228,86.023125
ElecFMV6,2025-08-03 00:00:00+00:00,LZ_RAYBN,2025-08-03 02:00:00+00:00,33.25416666666667,51.872894,37.089535,76.971664
ElecFMV6,2025-08-03 00:00:00+00:00,LZ_RAYBN,2025-08-03 03:00:00+00:00,29.415000000000003,39.98487,27.393503,64.05182
ElecFMV6,2025-08-03 00:00:00+00:00,LZ_RAYBN,2025-08-03 04:00:00+00:00,24.89916666666667,33.515697,21.978395,54.844387
ElecFMV6,2025-08-03 00:00:00+00:00,LZ_RAYBN,2025-08-03 05:00:00+00:00,25.078333333333333,32.798706,21.762321,53.08185
ElecFMV6,2025-08-03 00:00:00+00:00,LZ_RAYBN,2025-08-03 06:00:00+00:00,23.191666666666663,31.572742,21.382454,51.524937
ElecFMV6,2025-08-03 00:00:00+00:00,LZ_RAYBN,2025-08-03 07:00:00+00:00,23.14916666666667,26.977125,16.949121,46.73841
ElecFMV6,2025-08-03 00:00:00+00:00,LZ_RAYBN,2025-08-03 08:00:00+00:00,24.40333333333333,27.68572,17.64271,45.93969
ElecFMV6,2025-08-03 00:00:00+00:00,LZ_RAYBN,2025-08-03 09:00:00+00:00,24.063333333333333,27.855011,18.350977,45.371796
ElecFMV6,2025-08-03 00:00:00+00:00,LZ_RAYBN,2025-08-03 10:00:00+00:00,23.6275,30.572693,21.34706,47.895004
ElecFMV6,2025-08-03 00:00:00+00:00,LZ_RAYBN,2025-08-03 11:00:00+00:00,23.5725,32.32095,22.99368,50.164314
ElecFMV6,2025-08-03 00:00:00+00:00,LZ_RAYBN,2025-08-03 12:00:00+00:00,19.055833333333336,29.00113,19.479048,47.24936
ElecFMV6,2025-08-03 00:00:00+00:00,LZ_RAYBN,2025-08-03 13:00:00+00:00,15.004166666666668,29.803364,20.436378,47.280296
ElecFMV6,2025-08-03 00:00:00+00:00,LZ_RAYBN,2025-08-03 14:00:00+00:00,13.998333333333331,28.604778,20.327602,45.597282
ElecFMV6,2025-08-03 00:00:00+00:00,LZ_RAYBN,2025-08-03 15:00:00+00:00,14.644166666666663,26.30119,18.206871,42.278736
ElecFMV6,2025-08-03 00:00:00+00:00,LZ_RAYBN,2025-08-03 16:00:00+00:00,12.205,24.424774,17.131104,40.730785
ElecFMV6,2025-08-03 00:00:00+00:00,LZ_RAYBN,2025-08-03 17:00:00+00:00,10.428333333333333,27.009872,19.673513,43.770504
ElecFMV6,2025-08-03 00:00:00+00:00,LZ_RAYBN,2025-08-03 18:00:00+00:00,11.989166666666668,28.652172,20.698524,46.17809
ElecFMV6,2025-08-03 00:00:00+00:00,LZ_RAYBN,2025-08-03 19:00:00+00:00,17.624166666666667,29.317348,20.546038,47.28754
ElecFMV6,2025-08-03 00:00:00+00:00,LZ_RAYBN,2025-08-03 20:00:00+00:00,22.8325,27.599276,19.50391,45.853134
ElecFMV6,2025-08-03 00:00:00+00:00,LZ_RAYBN,2025-08-03 21:00:00+00:00,22.25916666666667,28.614212,18.566313,48.723476
ElecFMV6,2025-08-03 00:00:00+00:00,LZ_RAYBN,2025-08-03 22:00:00+00:00,23.485,33.70772,22.05016,56.69328
ElecFMV6,2025-08-03 00:00:00+00:00,LZ_RAYBN,2025-08-03 23:00:00+00:00,44.68666666666667,41.88626,27.512005,69.60808
ElecFMV6,2025-08-04 00:00:00+00:00,LZ_LCRA,2025-08-04 00:00:00+00:00,85.53666666666668,96.87905,68.29298,132.85004
ElecFMV6,2025-08-04 00:00:00+00:00,LZ_LCRA,2025-08-04 01:00:00+00:00,79.78166666666667,82.969925,54.344948,121.25466
ElecFMV6,2025-08-04 00:00:00+00:00,LZ_LCRA,2025-08-04 02:00:00+00:00,64.25500000000001,67.991745,42.51361,104.00229
ElecFMV6,2025-08-04 00:00:00+00:00,LZ_LCRA,2025-08-04 03:00:00+00:00,30.570833333333336,61.465714,40.05027,93.16116
ElecFMV6,2025-08-04 00:00:00+00:00,LZ_LCRA,2025-08-04 04:00:00+00:00,25.723333333333333,49.518425,31.43386,75.72
ElecFMV6,2025-08-04 00:00:00+00:00,LZ_LCRA,2025-08-04 05:00:00+00:00,23.89833333333333,44.432484,25.966053,67.99124
ElecFMV6,2025-08-04 00:00:00+00:00,LZ_LCRA,2025-08-04 06:00:00+00:00,23.569166666666664,37.865406,23.211813,61.947342
ElecFMV6,2025-08-04 00:00:00+00:00,LZ_LCRA,2025-08-04 07:00:00+00:00,23.81,32.551895,18.811377,56.413544
ElecFMV6,2025-08-04 00:00:00+00:00,LZ_LCRA,2025-08-04 08:00:00+00:00,24.90333333333333,34.280067,21.378038,53.04121
ElecFMV6,2025-08-04 00:00:00+00:00,LZ_LCRA,2025-08-04 09:00:00+00:00,24.91583333333333,34.060093,22.142963,50.81727
ElecFMV6,2025-08-04 00:00:00+00:00,LZ_LCRA,2025-08-04 10:00:00+00:00,25.111666666666665,32.571007,20.83821,48.10907
ElecFMV6,2025-08-04 00:00:00+00:00,LZ_LCRA,2025-08-04 11:00:00+00:00,27.359166666666667,32.83973,20.057547,48.677002
ElecFMV6,2025-08-04 00:00:00+00:00,LZ_LCRA,2025-08-04 12:00:00+00:00,25.9125,28.475283,16.487604,43.398666
ElecFMV6,2025-08-04 00:00:00+00:00,LZ_LCRA,2025-08-04 13:00:00+00:00,23.245,28.310019,17.53211,43.629192
ElecFMV6,2025-08-04 00:00:00+00:00,LZ_LCRA,2025-08-04 14:00:00+00:00,22.660833333333333,27.478504,16.813292,41.845985
ElecFMV6,2025-08-04 00:00:00+00:00,LZ_LCRA,2025-08-04 15:00:00+00:00,23.435,28.008224,17.98064,40.66104
ElecFMV6,2025-08-04 00:00:00+00:00,LZ_LCRA,2025-08-04 16:00:00+00:00,22.3325,31.683092,20.711071,44.73988
ElecFMV6,2025-08-04 00:00:00+00:00,LZ_LCRA,2025-08-04 17:00:00+00:00,20.365,37.820076,25.037077,51.625008
ElecFMV6,2025-08-04 00:00:00+00:00,LZ_LCRA,2025-08-04 18:00:00+00:00,19.6125,39.495575,25.61544,56.28495
ElecFMV6,2025-08-04 00:00:00+00:00,LZ_LCRA,2025-08-04 19:00:00+00:00,19.6225,46.912666,32.65394,64.10578
ElecFMV6,2025-08-04 00:00:00+00:00,LZ_LCRA,2025-08-04 20:00:00+00:00,22.742500000000003,42.52588,27.094917,61.84569
ElecFMV6,2025-08-04 00:00:00+00:00,LZ_LCRA,2025-08-04 21:00:00+00:00,22.921666666666667,45.794296,27.807144,69.55902
ElecFMV6,2025-08-04 00:00:00+00:00,LZ_LCRA,2025-08-04 22:00:00+00:00,25.83,51.33798,31.525436,79.79852
ElecFMV6,2025-08-04 00:00:00+00:00,LZ_LCRA,2025-08-04 23:00:00+00:00,33.850833333333334,61.08347,37.92855,94.294205
ElecFMV6,2025-08-04 00:00:00+00:00,LZ_WEST,2025-08-04 00:00:00+00:00,81.20083333333334,58.329502,43.515118,79.641945
ElecFMV6,2025-08-04 00:00:00+00:00,LZ_WEST,2025-08-04 01:00:00+00:00,80.70583333333333,55.61172,39.69502,78.80934
ElecFMV6,2025-08-04 00:00:00+00:00,LZ_WEST,2025-08-04 02:00:00+00:00,66.505,50.408974,35.382545,73.422485
ElecFMV6,2025-08-04 00:00:00+00:00,LZ_WEST,2025-08-04 03:00:00+00:00,42.47,48.3451,35.213024,69.40949
ElecFMV6,2025-08-04 00:00:00+00:00,LZ_WEST,2025-08-04 04:00:00+00:00,46.48500000000001,47.70942,35.853344,67.257866
ElecFMV6,2025-08-04 00:00:00+00:00,LZ_WEST,2025-08-04 05:00:00+00:00,35.372499999999995,45.52948,32.01908,64.99608
ElecFMV6,2025-08-04 00:00:00+00:00,LZ_WEST,2025-08-04 06:00:00+00:00,25.3775,39.445873,26.418093,62.373524
ElecFMV6,2025-08-04 00:00:00+00:00,LZ_WEST,2025-08-04 07:00:00+00:00,23.81,37.306942,22.928133,64.24815
ElecFMV6,2025-08-04 00:00:00+00:00,LZ_WEST,2025-08-04 08:00:00+00:00,24.90333333333333,38.059242,22.522652,63.047592
ElecFMV6,2025-08-04 00:00:00+00:00,LZ_WEST,2025-08-04 09:00:00+00:00,24.91583333333333,36.373543,21.608982,59.774067
ElecFMV6,2025-08-04 00:00:00+00:00,LZ_WEST,2025-08-04 10:00:00+00:00,25.111666666666665,34.649536,21.125595,55.50795
ElecFMV6,2025-08-04 00:00:00+00:00,LZ_WEST,2025-08-04 11:00:00+00:00,27.359166666666667,30.827854,20.05889,52.252617
ElecFMV6,2025-08-04 00:00:00+00:00,LZ_WEST,2025-08-04 12:00:00+00:00,28.83583333333333,25.218452,15.939896,42.71605
ElecFMV6,2025-08-04 00:00:00+00:00,LZ_WEST,2025-08-04 13:00:00+00:00,23.245,23.799961,16.16304,40.11235
ElecFMV6,2025-08-04 00:00:00+00:00,LZ_WEST,2025-08-04 14:00:00+00:00,22.671666666666667,22.488487,14.261341,36.357815
ElecFMV6,2025-08-04 00:00:00+00:00,LZ_WEST,2025-08-04 15:00:00+00:00,23.460833333333337,22.561262,15.82048,35.182854
ElecFMV6,2025-08-04 00:00:00+00:00,LZ_WEST,2025-08-04 16:00:00+00:00,22.451666666666668,19.84683,12.092857,31.683144
ElecFMV6,2025-08-04 00:00:00+00:00,LZ_WEST,2025-08-04 17:00:00+00:00,19.9525,20.955133,13.689381,33.9208
ElecFMV6,2025-08-04 00:00:00+00:00,LZ_WEST,2025-08-04 18:00:00+00:00,19.0975,23.580719,15.10854,38.66735
ElecFMV6,2025-08-04 00:00:00+00:00,LZ_WEST,2025-08-04 19:00:00+00:00,19.56583333333333,26.584328,16.4794,42.12563
ElecFMV6,2025-08-04 00:00:00+00:00,LZ_WEST,2025-08-04 20:00:00+00:00,22.742500000000003,26.065899,17.366879,43.851585
ElecFMV6,2025-08-04 00:00:00+00:00,LZ_WEST,2025-08-04 21:00:00+00:00,22.95833333333333,29.39063,20.263775,47.336666
ElecFMV6,2025-08-04 00:00:00+00:00,LZ_WEST,2025-08-04 22:00:00+00:00,25.8725,32.193634,21.8941,52.591656
ElecFMV6,2025-08-04 00:00:00+00:00,LZ_WEST,2025-08-04 23:00:00+00:00,34.044999999999995,39.47644,28.018854,63.451965
ElecFMV6,2025-08-04 00:00:00+00:00,LZ_RAYBN,2025-08-04 00:00:00+00:00,78.98666666666666,55.41167,44.11956,69.35843
ElecFMV6,2025-08-04 00:00:00+00:00,LZ_RAYBN,2025-08-04 01:00:00+00:00,79.47166666666666,49.745895,37.00585,65.84178
ElecFMV6,2025-08-04 00:00:00+00:00,LZ_RAYBN,2025-08-04 02:00:00+00:00,63.72833333333333,40.629772,28.459103,57.134712
ElecFMV6,2025-08-04 00:00:00+00:00,LZ_RAYBN,2025-08-04 03:00:00+00:00,30.069166666666664,41.271233,30.202961,57.262222
ElecFMV6,2025-08-04 00:00:00+00:00,LZ_RAYBN,2025-08-04 04:00:00+00:00,25.98,31.293938,21.429295,45.551617
ElecFMV6,2025-08-04 00:00:00+00:00,LZ_RAYBN,2025-08-04 05:00:00+00:00,24.03,29.845978,18.118729,43.918823
ElecFMV6,2025-08-04 00:00:00+00:00,LZ_RAYBN,2025-08-04 06:00:00+00:00,23.59166666666667,26.340384,17.28326,41.065277
ElecFMV6,2025-08-04 00:00:00+00:00,LZ_RAYBN,2025-08-04 07:00:00+00:00,23.81,20.305798,11.187504,34.572998
ElecFMV6,2025-08-04 00:00:00+00:00,LZ_RAYBN,2025-08-04 08:00:00+00:00,24.90333333333333,23.960175,15.873476,34.34785
ElecFMV6,2025-08-04 00:00:00+00:00,LZ_RAYBN,2025-08-04 09:00:00+00:00,24.91583333333333,25.779743,18.326653,35.169823
ElecFMV6,2025-08-04 00:00:00+00:00,LZ_RAYBN,2025-08-04 10:00:00+00:00,25.111666666666665,25.887142,18.967781,34.0627
ElecFMV6,2025-08-04 00:00:00+00:00,LZ_RAYBN,2025-08-04 11:00:00+00:00,27.359166666666667,28.554615,21.137762,37.70761
ElecFMV6,2025-08-04 00:00:00+00:00,LZ_RAYBN,2025-08-04 12:00:00+00:00,26.049166666666665,25.92009,18.327356,33.923103
ElecFMV6,2025-08-04 00:00:00+00:00,LZ_RAYBN,2025-08-04 13:00:00+00:00,23.245,23.040155,15.864239,30.68051
ElecFMV6,2025-08-04 00:00:00+00:00,LZ_RAYBN,2025-08-04 14:00:00+00:00,22.6625,24.095707,17.032516,31.003872
ElecFMV6,2025-08-04 00:00:00+00:00,LZ_RAYBN,2025-08-04 15:00:00+00:00,23.438333333333333,24.757465,17.908493,29.676548
ElecFMV6,2025-08-04 00:00:00+00:00,LZ_RAYBN,2025-08-04 16:00:00+00:00,22.363333333333333,24.960659,17.952604,29.101349
ElecFMV6,2025-08-04 00:00:00+00:00,LZ_RAYBN,2025-08-04 17:00:00+00:00,20.326666666666664,27.852926,20.140224,32.343212
ElecFMV6,2025-08-04 00:00:00+00:00,LZ_RAYBN,2025-08-04 18:00:00+00:00,19.531666666666663,25.336508,18.251322,31.519947
ElecFMV6,2025-08-04 00:00:00+00:00,LZ_RAYBN,2025-08-04 19:00:00+00:00,19.6225,28.79139,21.306292,35.31997
ElecFMV6,2025-08-04 00:00:00+00:00,LZ_RAYBN,2025-08-04 20:00:00+00:00,22.726666666666663,23.286718,15.340853,31.377316
ElecFMV6,2025-08-04 00:00:00+00:00,LZ_RAYBN,2025-08-04 21:00:00+00:00,22.8625,27.819828,16.753231,38.73769
ElecFMV6,2025-08-04 00:00:00+00:00,LZ_RAYBN,2025-08-04 22:00:00+00:00,25.745833333333337,34.498806,22.386608,49.341446
ElecFMV6,2025-08-04 00:00:00+00:00,LZ_RAYBN,2025-08-04 23:00:00+00:00,33.7525,43.4087,29.242138,61.72039
ElecFMV6,2025-08-05 00:00:00+00:00,LZ_LCRA,2025-08-05 00:00:00+00:00,36.41166666666667,43.855152,34.352127,59.53345
ElecFMV6,2025-08-05 00:00:00+00:00,LZ_LCRA,2025-08-05 01:00:00+00:00,33.096666666666664,47.21426,37.012806,64.23355
ElecFMV6,2025-08-05 00:00:00+00:00,LZ_LCRA,2025-08-05 02:00:00+00:00,29.4475,39.848076,31.016592,57.04855
ElecFMV6,2025-08-05 00:00:00+00:00,LZ_LCRA,2025-08-05 03:00:00+00:00,23.581666666666667,31.636452,24.111923,48.61128
ElecFMV6,2025-08-05 00:00:00+00:00,LZ_LCRA,2025-08-05 04:00:00+00:00,22.08083333333333,27.337738,20.66129,42.310295
ElecFMV6,2025-08-05 00:00:00+00:00,LZ_LCRA,2025-08-05 05:00:00+00:00,21.4975,27.737549,19.525774,42.67066
ElecFMV6,2025-08-05 00:00:00+00:00,LZ_LCRA,2025-08-05 06:00:00+00:00,21.386666666666667,27.274416,20.667255,43.595592
ElecFMV6,2025-08-05 00:00:00+00:00,LZ_LCRA,2025-08-05 07:00:00+00:00,20.491666666666667,24.16162,17.537853,41.20476
ElecFMV6,2025-08-05 00:00:00+00:00,LZ_LCRA,2025-08-05 08:00:00+00:00,20.07916666666667,25.765293,17.741377,39.919163
ElecFMV6,2025-08-05 00:00:00+00:00,LZ_LCRA,2025-08-05 09:00:00+00:00,20.051666666666662,27.035965,18.494148,42.447266
ElecFMV6,2025-08-05 00:00:00+00:00,LZ_LCRA,2025-08-05 10:00:00+00:00,21.236666666666668,28.639692,18.493113,44.407997
ElecFMV6,2025-08-05 00:00:00+00:00,LZ_LCRA,2025-08-05 11:00:00+00:00,21.69666666666667,31.747602,20.381128,50.1765
ElecFMV6,2025-08-05 00:00:00+00:00,LZ_LCRA,2025-08-05 12:00:00+00:00,19.865,31.521112,19.689869,48.777035
ElecFMV6,2025-08-05 00:00:00+00:00,LZ_LCRA,2025-08-05 13:00:00+00:00,16.05,30.155334,18.33795,47.582897
ElecFMV6,2025-08-05 00:00:00+00:00,LZ_LCRA,2025-08-05 14:00:00+00:00,15.945833333333333,25.379007,14.673393,42.123432
ElecFMV6,2025-08-05 00:00:00+00:00,LZ_LCRA,2025-08-05 15:00:00+00:00,14.941666666666668,28.117321,18.061884,43.157448
ElecFMV6,2025-08-05 00:00:00+00:00,LZ_LCRA,2025-08-05 16:00:00+00:00,19.266666666666666,26.76747,16.297672,41.38308
ElecFMV6,2025-08-05 00:00:00+00:00,LZ_LCRA,2025-08-05 17:00:00+00:00,27.007500000000004,29.544174,18.223488,44.151215
ElecFMV6,2025-08-05 00:00:00+00:00,LZ_LCRA,2025-08-05 18:00:00+00:00,38.829166666666666,30.602911,18.403208,47.051506
ElecFMV6,2025-08-05 00:00:00+00:00,LZ_LCRA,2025-08-05 19:00:00+00:00,51.21416666666667,35.431908,22.052973,54.16268
ElecFMV6,2025-08-05 00:00:00+00:00,LZ_LCRA,2025-08-05 20:00:00+00:00,45.955000000000005,30.981766,17.74174,50.29776
ElecFMV6,2025-08-05 00:00:00+00:00,LZ_LCRA,2025-08-05 21:00:00+00:00,45.3825,32.6922,17.359207,54.604256
ElecFMV6,2025-08-05 00:00:00+00:00,LZ_LCRA,2025-08-05 22:00:00+00:00,28.13416666666667,38.48201,22.237146,63.332756
ElecFMV6,2025-08-05 00:00:00+00:00,LZ_LCRA,2025-08-05 23:00:00+00:00,29.73166666666667,44.663593,26.722021,71.19338
ElecFMV6,2025-08-05 00:00:00+00:00,LZ_WEST,2025-08-05 00:00:00+00:00,36.64333333333334,45.897938,37.314674,62.240837
ElecFMV6,2025-08-05 00:00:00+00:00,LZ_WEST,2025-08-05 01:00:00+00:00,38.30833333333333,48.710503,38.98569,67.9135
ElecFMV6,2025-08-05 00:00:00+00:00,LZ_WEST,2025-08-05 02:00:00+00:00,39.58416666666667,45.132664,34.090347,65.77042
ElecFMV6,2025-08-05 00:00:00+00:00,LZ_WEST,2025-08-05 03:00:00+00:00,35.82666666666667,43.10125,31.543732,65.63031
ElecFMV6,2025-08-05 00:00:00+00:00,LZ_WEST,2025-08-05 04:00:00+00:00,39.5475,43.53294,31.875267,66.409966
ElecFMV6,2025-08-05 00:00:00+00:00,LZ_WEST,2025-08-05 05:00:00+00:00,41.969166666666666,43.864098,31.314974,66.96137
ElecFMV6,2025-08-05 00:00:00+00:00,LZ_WEST,2025-08-05 06:00:00+00:00,29.165000000000003,40.826878,29.567286,64.20856
ElecFMV6,2025-08-05 00:00:00+00:00,LZ_WEST,2025-08-05 07:00:00+00:00,20.631666666666664,36.716797,25.889013,61.771317
ElecFMV6,2025-08-05 00:00:00+00:00,LZ_WEST,2025-08-05 08:00:00+00:00,20.07916666666667,36.525776,23.416584,58.59447
ElecFMV6,2025-08-05 00:00:00+00:00,LZ_WEST,2025-08-05 09:00:00+00:00,20.051666666666662,35.211704,21.702694,59.07245
ElecFMV6,2025-08-05 00:00:00+00:00,LZ_WEST,2025-08-05 10:00:00+00:00,21.236666666666668,41.374596,24.884205,63.111633
ElecFMV6,2025-08-05 00:00:00+00:00,LZ_WEST,2025-08-05 11:00:00+00:00,21.69666666666667,41.384136,26.18604,63.8164
ElecFMV6,2025-08-05 00:00:00+00:00,LZ_WEST,2025-08-05 12:00:00+00:00,19.865,34.306717,22.358345,50.70915
ElecFMV6,2025-08-05 00:00:00+00:00,LZ_WEST,2025-08-05 13:00:00+00:00,16.05,33.270374,24.277697,47.230488
ElecFMV6,2025-08-05 00:00:00+00:00,LZ_WEST,2025-08-05 14:00:00+00:00,15.923333333333334,30.434782,21.972267,42.80102
ElecFMV6,2025-08-05 00:00:00+00:00,LZ_WEST,2025-08-05 15:00:00+00:00,11.810833333333331,30.527847,22.31901,41.255924
ElecFMV6,2025-08-05 00:00:00+00:00,LZ_WEST,2025-08-05 16:00:00+00:00,12.235833333333334,23.883112,13.898716,34.914043
ElecFMV6,2025-08-05 00:00:00+00:00,LZ_WEST,2025-08-05 17:00:00+00:00,15.946666666666664,19.280098,8.847229,30.490614
ElecFMV6,2025-08-05 00:00:00+00:00,LZ_WEST,2025-08-05 18:00:00+00:00,21.13083333333333,23.17803,13.148518,37.117477
ElecFMV6,2025-08-05 00:00:00+00:00,LZ_WEST,2025-08-05 19:00:00+00:00,24.441666666666663,29.258034,18.657194,43.045914
ElecFMV6,2025-08-05 00:00:00+00:00,LZ_WEST,2025-08-05 20:00:00+00:00,21.055,26.911936,15.602604,42.037937
ElecFMV6,2025-08-05 00:00:00+00:00,LZ_WEST,2025-08-05 21:00:00+00:00,19.775,32.414917,18.366974,51.036476
ElecFMV6,2025-08-05 00:00:00+00:00,LZ_WEST,2025-08-05 22:00:00+00:00,19.65,31.652618,15.183395,54.71659
ElecFMV6,2025-08-05 00:00:00+00:00,LZ_WEST,2025-08-05 23:00:00+00:00,25.796666666666667,42.16803,22.5208,69.52092
ElecFMV6,2025-08-05 00:00:00+00:00,LZ_RAYBN,2025-08-05 00:00:00+00:00,36.31583333333334,59.75934,45.01582,78.58432
ElecFMV6,2025-08-05 00:00:00+00:00,LZ_RAYBN,2025-08-05 01:00:00+00:00,32.098333333333336,64.872604,48.398884,85.9224
ElecFMV6,2025-08-05 00:00:00+00:00,LZ_RAYBN,2025-08-05 02:00:00+00:00,27.5625,48.71619,33.008144,70.62397
ElecFMV6,2025-08-05 00:00:00+00:00,LZ_RAYBN,2025-08-05 03:00:00+00:00,22.8975,36.15287,22.121702,57.928375
ElecFMV6,2025-08-05 00:00:00+00:00,LZ_RAYBN,2025-08-05 04:00:00+00:00,22.295,28.548424,15.729143,47.89003
ElecFMV6,2025-08-05 00:00:00+00:00,LZ_RAYBN,2025-08-05 05:00:00+00:00,21.736666666666668,33.431843,21.18309,51.065544
ElecFMV6,2025-08-05 00:00:00+00:00,LZ_RAYBN,2025-08-05 06:00:00+00:00,21.47583333333333,30.792374,21.888292,46.619495
ElecFMV6,2025-08-05 00:00:00+00:00,LZ_RAYBN,2025-08-05 07:00:00+00:00,20.49333333333333,23.414959,16.71832,37.296585
ElecFMV6,2025-08-05 00:00:00+00:00,LZ_RAYBN,2025-08-05 08:00:00+00:00,20.07916666666667,23.523628,16.835264,34.47878
ElecFMV6,2025-08-05 00:00:00+00:00,LZ_RAYBN,2025-08-05 09:00:00+00:00,20.051666666666662,26.365772,19.549469,37.898136
ElecFMV6,2025-08-05 00:00:00+00:00,LZ_RAYBN,2025-08-05 10:00:00+00:00,21.236666666666668,29.565134,20.15725,41.297134
ElecFMV6,2025-08-05 00:00:00+00:00,LZ_RAYBN,2025-08-05 11:00:00+00:00,21.69666666666667,31.50853,20.314232,46.375675
ElecFMV6,2025-08-05 00:00:00+00:00,LZ_RAYBN,2025-08-05 12:00:00+00:00,19.865,28.937805,16.90264,43.131718
ElecFMV6,2025-08-05 00:00:00+00:00,LZ_RAYBN,2025-08-05 13:00:00+00:00,16.05,27.20954,15.859097,40.886673
ElecFMV6,2025-08-05 00:00:00+00:00,LZ_RAYBN,2025-08-05 14:00:00+00:00,15.944166666666666,25.905659,15.304132,38.405884
ElecFMV6,2025-08-05 00:00:00+00:00,LZ_RAYBN,2025-08-05 15:00:00+00:00,14.22,23.323017,13.744957,33.246704
ElecFMV6,2025-08-05 00:00:00+00:00,LZ_RAYBN,2025-08-05 16:00:00+00:00,16.849999999999998,22.262093,13.748747,31.554577
ElecFMV6,2025-08-05 00:00:00+00:00,LZ_RAYBN,2025-08-05 17:00:00+00:00,19.85083333333333,21.75229,12.837343,28.751045
ElecFMV6,2025-08-05 00:00:00+00:00,LZ_RAYBN,2025-08-05 18:00:00+00:00,21.12833333333333,18.919352,10.959414,27.810379
ElecFMV6,2025-08-05 00:00:00+00:00,LZ_RAYBN,2025-08-05 19:00:00+00:00,20.6975,21.480162,13.905426,31.441021
ElecFMV6,2025-08-05 00:00:00+00:00,LZ_RAYBN,2025-08-05 20:00:00+00:00,18.675833333333333,18.627697,9.50617,30.057655
ElecFMV6,2025-08-05 00:00:00+00:00,LZ_RAYBN,2025-08-05 21:00:00+00:00,18.5375,21.35663,8.976639,36.049397
ElecFMV6,2025-08-05 00:00:00+00:00,LZ_RAYBN,2025-08-05 22:00:00+00:00,19.2325,27.70966,13.312777,46.695343
ElecFMV6,2025-08-05 00:00:00+00:00,LZ_RAYBN,2025-08-05 23:00:00+00:00,24.941666666666663,44.267914,27.187284,65.73195
ElecFMV6,2025-08-06 00:00:00+00:00,LZ_LCRA,2025-08-06 00:00:00+00:00,40.973333333333336,41.67282,27.656658,63.070686
ElecFMV6,2025-08-06 00:00:00+00:00,LZ_LCRA,2025-08-06 01:00:00+00:00,38.4475,43.55745,28.606152,67.74376
ElecFMV6,2025-08-06 00:00:00+00:00,LZ_LCRA,2025-08-06 02:00:00+00:00,33.166666666666664,40.20473,27.370544,64.93506
ElecFMV6,2025-08-06 00:00:00+00:00,LZ_LCRA,2025-08-06 03:00:00+00:00,27.641666666666666,36.09898,26.215216,59.51667
ElecFMV6,2025-08-06 00:00:00+00:00,LZ_LCRA,2025-08-06 04:00:00+00:00,26.540000000000003,32.926067,24.99839,53.59812
ElecFMV6,2025-08-06 00:00:00+00:00,LZ_LCRA,2025-08-06 05:00:00+00:00,23.439166666666665,28.82991,20.009932,47.798557
ElecFMV6,2025-08-06 00:00:00+00:00,LZ_LCRA,2025-08-06 06:00:00+00:00,22.625,31.640066,24.172049,50.185883
ElecFMV6,2025-08-06 00:00:00+00:00,LZ_LCRA,2025-08-06 07:00:00+00:00,20.791666666666668,22.908857,15.859049,41.30205
ElecFMV6,2025-08-06 00:00:00+00:00,LZ_LCRA,2025-08-06 08:00:00+00:00,18.981666666666666,20.698345,13.4766655,36.781326
ElecFMV6,2025-08-06 00:00:00+00:00,LZ_LCRA,2025-08-06 09:00:00+00:00,18.111666666666668,23.829214,16.714563,39.088387
ElecFMV6,2025-08-06 00:00:00+00:00,LZ_LCRA,2025-08-06 10:00:00+00:00,22.989166666666662,24.635885,16.537706,39.95786
ElecFMV6,2025-08-06 00:00:00+00:00,LZ_LCRA,2025-08-06 11:00:00+00:00,24.8575,29.968601,20.96925,47.71174
ElecFMV6,2025-08-06 00:00:00+00:00,LZ_LCRA,2025-08-06 12:00:00+00:00,21.593333333333337,25.649136,16.400991,42.800816
ElecFMV6,2025-08-06 00:00:00+00:00,LZ_LCRA,2025-08-06 13:00:00+00:00,16.019166666666667,28.87867,19.472677,46.933083
ElecFMV6,2025-08-06 00:00:00+00:00,LZ_LCRA,2025-08-06 14:00:00+00:00,15.675833333333337,25.374817,16.426023,42.981884
ElecFMV6,2025-08-06 00:00:00+00:00,LZ_LCRA,2025-08-06 15:00:00+00:00,19.81833333333333,22.94652,15.532181,40.456425
ElecFMV6,2025-08-06 00:00:00+00:00,LZ_LCRA,2025-08-06 16:00:00+00:00,25.72583333333333,24.242918,16.330433,40.982746
ElecFMV6,2025-08-06 00:00:00+00:00,LZ_LCRA,2025-08-06 17:00:00+00:00,44.815,30.639584,23.155003,48.43575
ElecFMV6,2025-08-06 00:00:00+00:00,LZ_LCRA,2025-08-06 18:00:00+00:00,61.028333333333336,36.871155,28.035904,56.700317
ElecFMV6,2025-08-06 00:00:00+00:00,LZ_LCRA,2025-08-06 19:00:00+00:00,40.58083333333334,35.972908,23.72086,57.961445
ElecFMV6,2025-08-06 00:00:00+00:00,LZ_LCRA,2025-08-06 20:00:00+00:00,33.608333333333334,34.26137,22.196815,58.880592
ElecFMV6,2025-08-06 00:00:00+00:00,LZ_LCRA,2025-08-06 21:00:00+00:00,38.68,38.841553,23.03508,65.137276
ElecFMV6,2025-08-06 00:00:00+00:00,LZ_LCRA,2025-08-06 22:00:00+00:00,33.645,47.66559,29.916363,77.29953
ElecFMV6,2025-08-06 00:00:00+00:00,LZ_LCRA,2025-08-06 23:00:00+00:00,37.77583333333333,55.210014,35.650043,86.52843
ElecFMV6,2025-08-06 00:00:00+00:00,LZ_WEST,2025-08-06 00:00:00+00:00,41.1775,32.612488,26.250963,47.015053
ElecFMV6,2025-08-06 00:00:00+00:00,LZ_WEST,2025-08-06 01:00:00+00:00,47.38833333333333,38.139877,29.669325,54.77357
ElecFMV6,2025-08-06 00:00:00+00:00,LZ_WEST,2025-08-06 02:00:00+00:00,58.97666666666667,35.72541,27.35432,54.450363
ElecFMV6,2025-08-06 00:00:00+00:00,LZ_WEST,2025-08-06 03:00:00+00:00,48.45666666666667,35.242348,26.708817,54.493725
ElecFMV6,2025-08-06 00:00:00+00:00,LZ_WEST,2025-08-06 04:00:00+00:00,39.181666666666665,39.865517,31.307068,59.33927
ElecFMV6,2025-08-06 00:00:00+00:00,LZ_WEST,2025-08-06 05:00:00+00:00,47.056666666666665,37.51777,26.07747,57.948215
ElecFMV6,2025-08-06 00:00:00+00:00,LZ_WEST,2025-08-06 06:00:00+00:00,42.1575,37.343395,26.737864,59.7768
ElecFMV6,2025-08-06 00:00:00+00:00,LZ_WEST,2025-08-06 07:00:00+00:00,29.89916666666667,29.42797,17.777107,54.64277
ElecFMV6,2025-08-06 00:00:00+00:00,LZ_WEST,2025-08-06 08:00:00+00:00,25.82166666666667,27.448366,13.77729,50.66367
ElecFMV6,2025-08-06 00:00:00+00:00,LZ_WEST,2025-08-06 09:00:00+00:00,18.42,26.210335,11.407848,50.019753
ElecFMV6,2025-08-06 00:00:00+00:00,LZ_WEST,2025-08-06 10:00:00+00:00,34.57416666666666,26.782158,11.5415,49.007988
ElecFMV6,2025-08-06 00:00:00+00:00,LZ_WEST,2025-08-06 11:00:00+00:00,37.836666666666666,27.415586,12.784813,50.834904
ElecFMV6,2025-08-06 00:00:00+00:00,LZ_WEST,2025-08-06 12:00:00+00:00,22.930833333333336,23.661041,10.376724,43.090233
ElecFMV6,2025-08-06 00:00:00+00:00,LZ_WEST,2025-08-06 13:00:00+00:00,16.0225,26.322958,13.409599,44.902542
ElecFMV6,2025-08-06 00:00:00+00:00,LZ_WEST,2025-08-06 14:00:00+00:00,14.580833333333333,18.633326,6.642048,35.78013
ElecFMV6,2025-08-06 00:00:00+00:00,LZ_WEST,2025-08-06 15:00:00+00:00,9.3275,16.96017,5.1326523,32.96187
ElecFMV6,2025-08-06 00:00:00+00:00,LZ_WEST,2025-08-06 16:00:00+00:00,17.468333333333334,20.58275,8.777542,34.39594
ElecFMV6,2025-08-06 00:00:00+00:00,LZ_WEST,2025-08-06 17:00:00+00:00,28.77416666666667,25.226732,13.396236,39.57001
ElecFMV6,2025-08-06 00:00:00+00:00,LZ_WEST,2025-08-06 18:00:00+00:00,34.43833333333333,25.70765,15.162643,41.57307
ElecFMV6,2025-08-06 00:00:00+00:00,LZ_WEST,2025-08-06 19:00:00+00:00,23.47,26.861032,14.330933,44.462463
ElecFMV6,2025-08-06 00:00:00+00:00,LZ_WEST,2025-08-06 20:00:00+00:00,18.499166666666667,25.545727,14.040768,45.07187
ElecFMV6,2025-08-06 00:00:00+00:00,LZ_WEST,2025-08-06 21:00:00+00:00,14.024166666666666,27.62241,14.123196,49.87896
ElecFMV6,2025-08-06 00:00:00+00:00,LZ_WEST,2025-08-06 22:00:00+00:00,13.449166666666663,29.884724,16.578348,55.301346
ElecFMV6,2025-08-06 00:00:00+00:00,LZ_WEST,2025-08-06 23:00:00+00:00,27.77916666666667,35.74827,19.424404,63.337273
ElecFMV6,2025-08-06 00:00:00+00:00,LZ_RAYBN,2025-08-06 00:00:00+00:00,39.335,31.274353,24.576294,42.65866
ElecFMV6,2025-08-06 00:00:00+00:00,LZ_RAYBN,2025-08-06 01:00:00+00:00,36.30083333333334,31.460583,23.064,45.201202
ElecFMV6,2025-08-06 00:00:00+00:00,LZ_RAYBN,2025-08-06 02:00:00+00:00,26.464166666666667,30.009922,21.348576,44.11056
ElecFMV6,2025-08-06 00:00:00+00:00,LZ_RAYBN,2025-08-06 03:00:00+00:00,21.07333333333333,26.553946,19.435158,41.500843
ElecFMV6,2025-08-06 00:00:00+00:00,LZ_RAYBN,2025-08-06 04:00:00+00:00,20.0775,26.031347,20.772943,38.63328
ElecFMV6,2025-08-06 00:00:00+00:00,LZ_RAYBN,2025-08-06 05:00:00+00:00,19.15333333333333,24.71812,18.644857,36.812737
ElecFMV6,2025-08-06 00:00:00+00:00,LZ_RAYBN,2025-08-06 06:00:00+00:00,18.86,25.263767,20.772999,36.55653
ElecFMV6,2025-08-06 00:00:00+00:00,LZ_RAYBN,2025-08-06 07:00:00+00:00,17.236666666666668,19.777042,15.052734,32.206745
ElecFMV6,2025-08-06 00:00:00+00:00,LZ_RAYBN,2025-08-06 08:00:00+00:00,16.685,18.979727,13.449915,28.38947
ElecFMV6,2025-08-06 00:00:00+00:00,LZ_RAYBN,2025-08-06 09:00:00+00:00,17.9725,20.550592,13.837112,30.811691
ElecFMV6,2025-08-06 00:00:00+00:00,LZ_RAYBN,2025-08-06 10:00:00+00:00,20.894166666666667,20.187963,12.314713,29.90892
ElecFMV6,2025-08-06 00:00:00+00:00,LZ_RAYBN,2025-08-06 11:00:00+00:00,22.45,25.304287,16.92085,37.330917
ElecFMV6,2025-08-06 00:00:00+00:00,LZ_RAYBN,2025-08-06 12:00:00+00:00,21.101666666666667,20.91212,13.007385,30.743467
ElecFMV6,2025-08-06 00:00:00+00:00,LZ_RAYBN,2025-08-06 13:00:00+00:00,16.018333333333334,21.628159,12.981871,31.83804
ElecFMV6,2025-08-06 00:00:00+00:00,LZ_RAYBN,2025-08-06 14:00:00+00:00,15.021666666666668,18.550385,10.00532,29.553429
ElecFMV6,2025-08-06 00:00:00+00:00,LZ_RAYBN,2025-08-06 15:00:00+00:00,14.165833333333332,18.748457,10.054857,29.387524
ElecFMV6,2025-08-06 00:00:00+00:00,LZ_RAYBN,2025-08-06 16:00:00+00:00,20.209166666666665,18.192894,9.819731,28.678679
ElecFMV6,2025-08-06 00:00:00+00:00,LZ_RAYBN,2025-08-06 17:00:00+00:00,21.65833333333333,20.693459,12.911116,31.454714
ElecFMV6,2025-08-06 00:00:00+00:00,LZ_RAYBN,2025-08-06 18:00:00+00:00,24.445833333333336,21.08586,13.803318,32.99087
ElecFMV6,2025-08-06 00:00:00+00:00,LZ_RAYBN,2025-08-06 19:00:00+00:00,23.145,24.495613,15.071604,38.617947
ElecFMV6,2025-08-06 00:00:00+00:00,LZ_RAYBN,2025-08-06 20:00:00+00:00,25.063333333333333,22.009394,12.735077,37.807743
ElecFMV6,2025-08-06 00:00:00+00:00,LZ_RAYBN,2025-08-06 21:00:00+00:00,22.89916666666667,24.231464,11.34996,42.515587
ElecFMV6,2025-08-06 00:00:00+00:00,LZ_RAYBN,2025-08-06 22:00:00+00:00,21.581666666666667,28.13245,14.9452915,49.45714
ElecFMV6,2025-08-06 00:00:00+00:00,LZ_RAYBN,2025-08-06 23:00:00+00:00,32.8175,34.114285,18.88634,58.994404
ElecFMV6,2025-08-07 00:00:00+00:00,LZ_LCRA,2025-08-07 00:00:00+00:00,69.6275,44.346626,29.11733,68.84548
ElecFMV6,2025-08-07 00:00:00+00:00,LZ_LCRA,2025-08-07 01:00:00+00:00,82.47166666666666,45.75857,29.225124,72.48641
ElecFMV6,2025-08-07 00:00:00+00:00,LZ_LCRA,2025-08-07 02:00:00+00:00,76.73083333333334,39.63626,25.069574,66.351166
ElecFMV6,2025-08-07 00:00:00+00:00,LZ_LCRA,2025-08-07 03:00:00+00:00,35.41833333333333,34.06428,21.12785,60.086998
ElecFMV6,2025-08-07 00:00:00+00:00,LZ_LCRA,2025-08-07 04:00:00+00:00,30.831666666666667,31.762733,20.947855,54.07616
ElecFMV6,2025-08-07 00:00:00+00:00,LZ_LCRA,2025-08-07 05:00:00+00:00,29.001666666666665,30.323019,20.902468,50.94355
ElecFMV6,2025-08-07 00:00:00+00:00,LZ_LCRA,2025-08-07 06:00:00+00:00,26.500833333333333,29.744282,21.172514,48.946762
ElecFMV6,2025-08-07 00:00:00+00:00,LZ_LCRA,2025-08-07 07:00:00+00:00,27.081666666666667,25.131458,17.214598,43.73139
ElecFMV6,2025-08-07 00:00:00+00:00,LZ_LCRA,2025-08-07 08:00:00+00:00,23.81833333333333,23.187115,15.80986,38.07187
ElecFMV6,2025-08-07 00:00:00+00:00,LZ_LCRA,2025-08-07 09:00:00+00:00,26.19333333333333,23.665295,16.088442,38.148407
ElecFMV6,2025-08-07 00:00:00+00:00,LZ_LCRA,2025-08-07 10:00:00+00:00,29.7375,26.647926,18.115961,40.12707
ElecFMV6,2025-08-07 00:00:00+00:00,LZ_LCRA,2025-08-07 11:00:00+00:00,31.930000000000003,26.499512,17.239943,43.09769
ElecFMV6,2025-08-07 00:00:00+00:00,LZ_LCRA,2025-08-07 12:00:00+00:00,26.234166666666667,23.213861,14.6650715,40.14737
ElecFMV6,2025-08-07 00:00:00+00:00,LZ_LCRA,2025-08-07 13:00:00+00:00,20.1525,21.690939,13.003592,37.8641
ElecFMV6,2025-08-07 00:00:00+00:00,LZ_LCRA,2025-08-07 14:00:00+00:00,20.39333333333333,20.86664,13.4488125,37.434883
ElecFMV6,2025-08-07 00:00:00+00:00,LZ_LCRA,2025-08-07 15:00:00+00:00,20.3775,19.376638,12.181637,35.647755
ElecFMV6,2025-08-07 00:00:00+00:00,LZ_LCRA,2025-08-07 16:00:00+00:00,21.01833333333333,20.287865,11.958252,37.339428
ElecFMV6,2025-08-07 00:00:00+00:00,LZ_LCRA,2025-08-07 17:00:00+00:00,32.00083333333333,28.871891,19.82235,47.994408
ElecFMV6,2025-08-07 00:00:00+00:00,LZ_LCRA,2025-08-07 18:00:00+00:00,31.665000000000003,35.457577,24.728806,56.44386
ElecFMV6,2025-08-07 00:00:00+00:00,LZ_LCRA,2025-08-07 19:00:00+00:00,39.22166666666667,37.661358,26.421253,60.412697
ElecFMV6,2025-08-07 00:00:00+00:00,LZ_LCRA,2025-08-07 20:00:00+00:00,60.86833333333333,35.374313,24.685293,59.784042
ElecFMV6,2025-08-07 00:00:00+00:00,LZ_LCRA,2025-08-07 21:00:00+00:00,45.25416666666666,36.139927,22.690369,63.035355
ElecFMV6,2025-08-07 00:00:00+00:00,LZ_LCRA,2025-08-07 22:00:00+00:00,42.65833333333333,40.16917,25.246367,70.773315
ElecFMV6,2025-08-07 00:00:00+00:00,LZ_LCRA,2025-08-07 23:00:00+00:00,64.9525,43.55479,26.120346,77.70792
ElecFMV6,2025-08-07 00:00:00+00:00,LZ_WEST,2025-08-07 00:00:00+00:00,71.625,36.97967,27.436235,58.46251
ElecFMV6,2025-08-07 00:00:00+00:00,LZ_WEST,2025-08-07 01:00:00+00:00,84.6025,43.729626,30.49728,69.078186
ElecFMV6,2025-08-07 00:00:00+00:00,LZ_WEST,2025-08-07 02:00:00+00:00,81.97416666666666,45.112,31.293507,73.105804
ElecFMV6,2025-08-07 00:00:00+00:00,LZ_WEST,2025-08-07 03:00:00+00:00,65.00166666666667,42.99113,28.959047,72.93419
ElecFMV6,2025-08-07 00:00:00+00:00,LZ_WEST,2025-08-07 04:00:00+00:00,53.020833333333336,42.85347,28.212866,71.307236
ElecFMV6,2025-08-07 00:00:00+00:00,LZ_WEST,2025-08-07 05:00:00+00:00,56.270833333333336,40.088863,25.929394,68.97283
ElecFMV6,2025-08-07 00:00:00+00:00,LZ_WEST,2025-08-07 06:00:00+00:00,54.4875,37.742756,23.21154,66.911804
ElecFMV6,2025-08-07 00:00:00+00:00,LZ_WEST,2025-08-07 07:00:00+00:00,64.7175,33.353455,18.577694,63.248943
ElecFMV6,2025-08-07 00:00:00+00:00,LZ_WEST,2025-08-07 08:00:00+00:00,51.723333333333336,28.521545,13.285637,56.430927
ElecFMV6,2025-08-07 00:00:00+00:00,LZ_WEST,2025-08-07 09:00:00+00:00,63.96,29.895088,14.035484,57.84845
ElecFMV6,2025-08-07 00:00:00+00:00,LZ_WEST,2025-08-07 10:00:00+00:00,57.634166666666665,35.088043,17.86647,62.306793
ElecFMV6,2025-08-07 00:00:00+00:00,LZ_WEST,2025-08-07 11:00:00+00:00,58.51666666666667,33.57702,15.881027,63.155945
ElecFMV6,2025-08-07 00:00:00+00:00,LZ_WEST,2025-08-07 12:00:00+00:00,44.17583333333334,30.35821,13.703844,58.625645
ElecFMV6,2025-08-07 00:00:00+00:00,LZ_WEST,2025-08-07 13:00:00+00:00,20.1525,28.308237,12.560844,54.28121
ElecFMV6,2025-08-07 00:00:00+00:00,LZ_WEST,2025-08-07 14:00:00+00:00,20.401666666666667,22.845457,8.845627,47.671173
ElecFMV6,2025-08-07 00:00:00+00:00,LZ_WEST,2025-08-07 15:00:00+00:00,21.0175,21.31123,7.4875565,44.527782
ElecFMV6,2025-08-07 00:00:00+00:00,LZ_WEST,2025-08-07 16:00:00+00:00,24.90833333333333,22.781347,7.454895,45.192642
ElecFMV6,2025-08-07 00:00:00+00:00,LZ_WEST,2025-08-07 17:00:00+00:00,22.808333333333337,27.037403,11.136333,50.47476
ElecFMV6,2025-08-07 00:00:00+00:00,LZ_WEST,2025-08-07 18:00:00+00:00,19.773333333333333,28.523966,10.764816,54.484806
ElecFMV6,2025-08-07 00:00:00+00:00,LZ_WEST,2025-08-07 19:00:00+00:00,10.093333333333334,31.661194,14.415953,59.23101
ElecFMV6,2025-08-07 00:00:00+00:00,LZ_WEST,2025-08-07 20:00:00+00:00,9.488333333333332,30.32503,13.084312,58.30735
ElecFMV6,2025-08-07 00:00:00+00:00,LZ_WEST,2025-08-07 21:00:00+00:00,10.035,32.494705,13.535265,61.95748
ElecFMV6,2025-08-07 00:00:00+00:00,LZ_WEST,2025-08-07 22:00:00+00:00,14.445833333333333,33.990326,14.26565,67.40097
ElecFMV6,2025-08-07 00:00:00+00:00,LZ_WEST,2025-08-07 23:00:00+00:00,37.2525,39.054066,17.25083,75.625336
ElecFMV6,2025-08-07 00:00:00+00:00,LZ_RAYBN,2025-08-07 00:00:00+00:00,66.575,38.488342,31.784018,52.778244
ElecFMV6,2025-08-07 00:00:00+00:00,LZ_RAYBN,2025-08-07 01:00:00+00:00,80.64416666666666,40.196438,32.40688,56.53648
ElecFMV6,2025-08-07 00:00:00+00:00,LZ_RAYBN,2025-08-07 02:00:00+00:00,73.815,36.182774,28.252415,53.586456
ElecFMV6,2025-08-07 00:00:00+00:00,LZ_RAYBN,2025-08-07 03:00:00+00:00,29.1075,29.597706,22.122313,47.97387
ElecFMV6,2025-08-07 00:00:00+00:00,LZ_RAYBN,2025-08-07 04:00:00+00:00,25.675833333333333,26.006067,19.225954,42.06424
ElecFMV6,2025-08-07 00:00:00+00:00,LZ_RAYBN,2025-08-07 05:00:00+00:00,23.246666666666663,26.249744,19.980673,42.015736
ElecFMV6,2025-08-07 00:00:00+00:00,LZ_RAYBN,2025-08-07 06:00:00+00:00,21.171666666666667,27.740784,22.949717,43.008675
ElecFMV6,2025-08-07 00:00:00+00:00,LZ_RAYBN,2025-08-07 07:00:00+00:00,20.5425,21.83424,17.091877,37.06121
ElecFMV6,2025-08-07 00:00:00+00:00,LZ_RAYBN,2025-08-07 08:00:00+00:00,20.00166666666667,21.039318,16.23633,34.052105
ElecFMV6,2025-08-07 00:00:00+00:00,LZ_RAYBN,2025-08-07 09:00:00+00:00,21.383333333333336,23.017906,17.913073,36.417164
ElecFMV6,2025-08-07 00:00:00+00:00,LZ_RAYBN,2025-08-07 10:00:00+00:00,22.6375,24.653019,18.156902,38.18641
ElecFMV6,2025-08-07 00:00:00+00:00,LZ_RAYBN,2025-08-07 11:00:00+00:00,26.45833333333333,27.33073,19.50181,44.18634
ElecFMV6,2025-08-07 00:00:00+00:00,LZ_RAYBN,2025-08-07 12:00:00+00:00,24.644166666666667,21.311422,13.531321,38.02023
ElecFMV6,2025-08-07 00:00:00+00:00,LZ_RAYBN,2025-08-07 13:00:00+00:00,20.1525,22.545101,13.935265,38.999264
ElecFMV6,2025-08-07 00:00:00+00:00,LZ_RAYBN,2025-08-07 14:00:00+00:00,20.39333333333333,20.318909,12.85177,36.200314
ElecFMV6,2025-08-07 00:00:00+00:00,LZ_RAYBN,2025-08-07 15:00:00+00:00,22.031666666666663,16.810644,10.06262,30.794292
ElecFMV6,2025-08-07 00:00:00+00:00,LZ_RAYBN,2025-08-07 16:00:00+00:00,29.9,18.618954,12.346542,31.534615
ElecFMV6,2025-08-07 00:00:00+00:00,LZ_RAYBN,2025-08-07 17:00:00+00:00,26.63583333333333,22.721233,16.283657,35.958984
ElecFMV6,2025-08-07 00:00:00+00:00,LZ_RAYBN,2025-08-07 18:00:00+00:00,22.46,25.278278,17.884993,40.444794
ElecFMV6,2025-08-07 00:00:00+00:00,LZ_RAYBN,2025-08-07 19:00:00+00:00,22.076666666666668,26.97295,18.720446,45.000885
ElecFMV6,2025-08-07 00:00:00+00:00,LZ_RAYBN,2025-08-07 20:00:00+00:00,22.0225,27.243473,18.7666,46.547962
ElecFMV6,2025-08-07 00:00:00+00:00,LZ_RAYBN,2025-08-07 21:00:00+00:00,21.639166666666668,27.186176,16.225018,48.610897
ElecFMV6,2025-08-07 00:00:00+00:00,LZ_RAYBN,2025-08-07 22:00:00+00:00,21.64,32.083256,20.701443,55.75199
ElecFMV6,2025-08-07 00:00:00+00:00,LZ_RAYBN,2025-08-07 23:00:00+00:00,29.174166666666668,36.675922,23.59404,62.723633
ElecFMV6,2025-08-08 00:00:00+00:00,LZ_LCRA,2025-08-08 00:00:00+00:00,107.11583333333334,60.13015,47.356884,80.11172
ElecFMV6,2025-08-08 00:00:00+00:00,LZ_LCRA,2025-08-08 01:00:00+00:00,90.04,55.254333,42.50183,77.32712
ElecFMV6,2025-08-08 00:00:00+00:00,LZ_LCRA,2025-08-08 02:00:00+00:00,51.02166666666667,48.086407,37.492477,71.19817
ElecFMV6,2025-08-08 00:00:00+00:00,LZ_LCRA,2025-08-08 03:00:00+00:00,37.8325,40.28173,30.72854,63.800827
ElecFMV6,2025-08-08 00:00:00+00:00,LZ_LCRA,2025-08-08 04:00:00+00:00,31.45,34.734863,26.495338,56.843452
ElecFMV6,2025-08-08 00:00:00+00:00,LZ_LCRA,2025-08-08 05:00:00+00:00,25.863333333333333,32.90994,24.290754,53.90155
ElecFMV6,2025-08-08 00:00:00+00:00,LZ_LCRA,2025-08-08 06:00:00+00:00,25.486666666666665,32.849617,24.818089,53.151737
ElecFMV6,2025-08-08 00:00:00+00:00,LZ_LCRA,2025-08-08 07:00:00+00:00,22.59166666666667,31.867624,25.469479,52.485405
ElecFMV6,2025-08-08 00:00:00+00:00,LZ_LCRA,2025-08-08 08:00:00+00:00,20.989166666666662,28.055828,21.867714,45.89002
ElecFMV6,2025-08-08 00:00:00+00:00,LZ_LCRA,2025-08-08 09:00:00+00:00,20.10083333333333,26.485867,20.706522,44.467113
ElecFMV6,2025-08-08 00:00:00+00:00,LZ_LCRA,2025-08-08 10:00:00+00:00,20.91333333333333,27.790306,20.805923,45.324234
ElecFMV6,2025-08-08 00:00:00+00:00,LZ_LCRA,2025-08-08 11:00:00+00:00,22.83083333333333,29.644196,22.131233,49.26503
ElecFMV6,2025-08-08 00:00:00+00:00,LZ_LCRA,2025-08-08 12:00:00+00:00,20.871666666666663,29.385326,22.025814,49.25255
ElecFMV6,2025-08-08 00:00:00+00:00,LZ_LCRA,2025-08-08 13:00:00+00:00,15.613333333333337,26.960022,19.81935,46.654766
ElecFMV6,2025-08-08 00:00:00+00:00,LZ_LCRA,2025-08-08 14:00:00+00:00,15.531666666666666,23.63124,16.431702,42.105873
ElecFMV6,2025-08-08 00:00:00+00:00,LZ_LCRA,2025-08-08 15:00:00+00:00,19.2975,20.603655,13.814232,39.00271
ElecFMV6,2025-08-08 00:00:00+00:00,LZ_LCRA,2025-08-08 16:00:00+00:00,22.564166666666665,24.77157,17.128237,42.56892
ElecFMV6,2025-08-08 00:00:00+00:00,LZ_LCRA,2025-08-08 17:00:00+00:00,34.43416666666667,31.023764,23.32022,49.729965
ElecFMV6,2025-08-08 00:00:00+00:00,LZ_LCRA,2025-08-08 18:00:00+00:00,39.75416666666667,38.645935,29.219185,58.64695
ElecFMV6,2025-08-08 00:00:00+00:00,LZ_LCRA,2025-08-08 19:00:00+00:00,42.56333333333333,41.693825,30.163692,62.31092
ElecFMV6,2025-08-08 00:00:00+00:00,LZ_LCRA,2025-08-08 20:00:00+00:00,54.51916666666667,41.750557,29.476952,64.179245
ElecFMV6,2025-08-08 00:00:00+00:00,LZ_LCRA,2025-08-08 21:00:00+00:00,48.60916666666666,42.8989,28.363132,66.756905
ElecFMV6,2025-08-08 00:00:00+00:00,LZ_LCRA,2025-08-08 22:00:00+00:00,54.61666666666667,50.741707,34.24935,76.68123
ElecFMV6,2025-08-08 00:00:00+00:00,LZ_LCRA,2025-08-08 23:00:00+00:00,65.81166666666667,57.375313,39.697964,84.78666
ElecFMV6,2025-08-08 00:00:00+00:00,LZ_WEST,2025-08-08 00:00:00+00:00,114.5625,51.625275,38.34846,70.230316
ElecFMV6,2025-08-08 00:00:00+00:00,LZ_WEST,2025-08-08 01:00:00+00:00,112.56666666666666,55.547405,38.38637,77.9162
ElecFMV6,2025-08-08 00:00:00+00:00,LZ_WEST,2025-08-08 02:00:00+00:00,87.91833333333334,59.663853,41.164238,83.90794
ElecFMV6,2025-08-08 00:00:00+00:00,LZ_WEST,2025-08-08 03:00:00+00:00,81.07000000000001,57.73797,38.476433,83.09419
ElecFMV6,2025-08-08 00:00:00+00:00,LZ_WEST,2025-08-08 04:00:00+00:00,67.13166666666667,54.82695,34.96864,79.85579
ElecFMV6,2025-08-08 00:00:00+00:00,LZ_WEST,2025-08-08 05:00:00+00:00,50.73333333333333,57.385975,35.933006,82.75157
ElecFMV6,2025-08-08 00:00:00+00:00,LZ_WEST,2025-08-08 06:00:00+00:00,63.51916666666667,55.834274,34.42882,82.00153
ElecFMV6,2025-08-08 00:00:00+00:00,LZ_WEST,2025-08-08 07:00:00+00:00,54.05583333333333,51.511806,30.648623,79.50972
ElecFMV6,2025-08-08 00:00:00+00:00,LZ_WEST,2025-08-08 08:00:00+00:00,38.7325,50.383392,28.290829,76.38902
ElecFMV6,2025-08-08 00:00:00+00:00,LZ_WEST,2025-08-08 09:00:00+00:00,36.0925,51.76496,29.975847,77.67612
ElecFMV6,2025-08-08 00:00:00+00:00,LZ_WEST,2025-08-08 10:00:00+00:00,34.166666666666664,51.647408,29.178938,76.536026
ElecFMV6,2025-08-08 00:00:00+00:00,LZ_WEST,2025-08-08 11:00:00+00:00,28.0875,47.643112,26.542583,74.22629
ElecFMV6,2025-08-08 00:00:00+00:00,LZ_WEST,2025-08-08 12:00:00+00:00,20.88,39.47851,19.585297,64.47943
ElecFMV6,2025-08-08 00:00:00+00:00,LZ_WEST,2025-08-08 13:00:00+00:00,15.36,31.173027,12.6265545,56.70182
ElecFMV6,2025-08-08 00:00:00+00:00,LZ_WEST,2025-08-08 14:00:00+00:00,15.371666666666668,28.243149,10.072769,51.95832
ElecFMV6,2025-08-08 00:00:00+00:00,LZ_WEST,2025-08-08 15:00:00+00:00,12.861666666666666,25.980476,10.185053,49.999477
ElecFMV6,2025-08-08 00:00:00+00:00,LZ_WEST,2025-08-08 16:00:00+00:00,11.669166666666667,24.896963,9.179779,47.658707
ElecFMV6,2025-08-08 00:00:00+00:00,LZ_WEST,2025-08-08 17:00:00+00:00,11.830833333333333,25.320232,11.633266,48.727097
ElecFMV6,2025-08-08 00:00:00+00:00,LZ_WEST,2025-08-08 18:00:00+00:00,10.138333333333334,25.640774,12.61618,49.87697
ElecFMV6,2025-08-08 00:00:00+00:00,LZ_WEST,2025-08-08 19:00:00+00:00,7.283333333333334,24.10013,10.428701,47.388493
ElecFMV6,2025-08-08 00:00:00+00:00,LZ_WEST,2025-08-08 20:00:00+00:00,6.6475,21.648739,9.500744,46.10379
ElecFMV6,2025-08-08 00:00:00+00:00,LZ_WEST,2025-08-08 21:00:00+00:00,7.198333333333333,24.997433,10.532568,49.860504
ElecFMV6,2025-08-08 00:00:00+00:00,LZ_WEST,2025-08-08 22:00:00+00:00,7.430833333333333,32.39502,17.112568,59.11927
ElecFMV6,2025-08-08 00:00:00+00:00,LZ_WEST,2025-08-08 23:00:00+00:00,13.998333333333331,41.752243,23.93843,69.86848
ElecFMV6,2025-08-08 00:00:00+00:00,LZ_RAYBN,2025-08-08 00:00:00+00:00,85.56166666666667,38.916363,32.444576,51.725143
ElecFMV6,2025-08-08 00:00:00+00:00,LZ_RAYBN,2025-08-08 01:00:00+00:00,77.2275,40.292057,33.26999,54.88015
ElecFMV6,2025-08-08 00:00:00+00:00,LZ_RAYBN,2025-08-08 02:00:00+00:00,39.9725,37.68937,31.953808,52.8086
ElecFMV6,2025-08-08 00:00:00+00:00,LZ_RAYBN,2025-08-08 03:00:00+00:00,27.050833333333333,30.44164,25.71547,45.328938
ElecFMV6,2025-08-08 00:00:00+00:00,LZ_RAYBN,2025-08-08 04:00:00+00:00,23.43583333333333,26.802221,23.307743,40.183155
ElecFMV6,2025-08-08 00:00:00+00:00,LZ_RAYBN,2025-08-08 05:00:00+00:00,20.519166666666667,25.113491,21.877048,37.62983
ElecFMV6,2025-08-08 00:00:00+00:00,LZ_RAYBN,2025-08-08 06:00:00+00:00,19.095,24.562075,22.45556,36.054703
ElecFMV6,2025-08-08 00:00:00+00:00,LZ_RAYBN,2025-08-08 07:00:00+00:00,18.389166666666668,21.658068,20.766405,33.225574
ElecFMV6,2025-08-08 00:00:00+00:00,LZ_RAYBN,2025-08-08 08:00:00+00:00,17.657500000000002,20.68861,20.283352,30.19285
ElecFMV6,2025-08-08 00:00:00+00:00,LZ_RAYBN,2025-08-08 09:00:00+00:00,18.5375,21.220959,20.980644,30.634478
ElecFMV6,2025-08-08 00:00:00+00:00,LZ_RAYBN,2025-08-08 10:00:00+00:00,20.886666666666667,23.831688,22.407616,33.33441
ElecFMV6,2025-08-08 00:00:00+00:00,LZ_RAYBN,2025-08-08 11:00:00+00:00,22.83,25.011341,23.032587,35.87663
ElecFMV6,2025-08-08 00:00:00+00:00,LZ_RAYBN,2025-08-08 12:00:00+00:00,20.870833333333337,23.854794,21.697214,35.405613
ElecFMV6,2025-08-08 00:00:00+00:00,LZ_RAYBN,2025-08-08 13:00:00+00:00,15.641666666666666,22.749096,20.469265,34.362232
ElecFMV6,2025-08-08 00:00:00+00:00,LZ_RAYBN,2025-08-08 14:00:00+00:00,16.020833333333332,22.430557,20.123169,33.419926
ElecFMV6,2025-08-08 00:00:00+00:00,LZ_RAYBN,2025-08-08 15:00:00+00:00,19.226666666666667,19.147043,16.811352,29.939968
ElecFMV6,2025-08-08 00:00:00+00:00,LZ_RAYBN,2025-08-08 16:00:00+00:00,20.555833333333336,20.172897,17.919659,30.273006
ElecFMV6,2025-08-08 00:00:00+00:00,LZ_RAYBN,2025-08-08 17:00:00+00:00,19.766666666666666,21.170864,18.590698,31.49168
ElecFMV6,2025-08-08 00:00:00+00:00,LZ_RAYBN,2025-08-08 18:00:00+00:00,20.339166666666667,23.20262,20.356808,34.299393
ElecFMV6,2025-08-08 00:00:00+00:00,LZ_RAYBN,2025-08-08 19:00:00+00:00,19.6475,23.816364,19.750666,34.821568
ElecFMV6,2025-08-08 00:00:00+00:00,LZ_RAYBN,2025-08-08 20:00:00+00:00,20.116666666666667,22.203556,18.628502,34.462204
ElecFMV6,2025-08-08 00:00:00+00:00,LZ_RAYBN,2025-08-08 21:00:00+00:00,20.576666666666664,25.063673,19.708054,38.313686
ElecFMV6,2025-08-08 00:00:00+00:00,LZ_RAYBN,2025-08-08 22:00:00+00:00,22.63833333333333,30.835371,23.922165,46.224655
ElecFMV6,2025-08-08 00:00:00+00:00,LZ_RAYBN,2025-08-08 23:00:00+00:00,28.47,35.983,27.930035,53.450195
ElecFMV6,2025-08-09 00:00:00+00:00,LZ_LCRA,2025-08-09 00:00:00+00:00,78.005,83.648895,64.89084,110.12066
ElecFMV6,2025-08-09 00:00:00+00:00,LZ_LCRA,2025-08-09 01:00:00+00:00,50.3525,74.35592,55.680492,101.95177
ElecFMV6,2025-08-09 00:00:00+00:00,LZ_LCRA,2025-08-09 02:00:00+00:00,35.50333333333334,62.990555,47.243927,90.66766
ElecFMV6,2025-08-09 00:00:00+00:00,LZ_LCRA,2025-08-09 03:00:00+00:00,30.816666666666663,42.966145,29.779922,69.265686
ElecFMV6,2025-08-09 00:00:00+00:00,LZ_LCRA,2025-08-09 04:00:00+00:00,27.595,37.820484,27.57444,60.330734
ElecFMV6,2025-08-09 00:00:00+00:00,LZ_LCRA,2025-08-09 05:00:00+00:00,24.2525,31.686037,23.629503,52.26499
ElecFMV6,2025-08-09 00:00:00+00:00,LZ_LCRA,2025-08-09 06:00:00+00:00,22.54083333333333,36.100906,28.912603,56.21991
ElecFMV6,2025-08-09 00:00:00+00:00,LZ_LCRA,2025-08-09 07:00:00+00:00,21.35833333333333,28.790958,23.359571,47.593994
ElecFMV6,2025-08-09 00:00:00+00:00,LZ_LCRA,2025-08-09 08:00:00+00:00,19.465,25.882042,21.884909,41.006855
ElecFMV6,2025-08-09 00:00:00+00:00,LZ_LCRA,2025-08-09 09:00:00+00:00,18.526666666666667,24.181953,22.574162,36.736076
ElecFMV6,2025-08-09 00:00:00+00:00,LZ_LCRA,2025-08-09 10:00:00+00:00,19.843333333333337,27.301723,26.664598,38.631783
ElecFMV6,2025-08-09 00:00:00+00:00,LZ_LCRA,2025-08-09 11:00:00+00:00,21.3625,29.237873,28.8633,41.8311
ElecFMV6,2025-08-09 00:00:00+00:00,LZ_LCRA,2025-08-09 12:00:00+00:00,20.436666666666667,24.462883,23.597778,37.98681
ElecFMV6,2025-08-09 00:00:00+00:00,LZ_LCRA,2025-08-09 13:00:00+00:00,15.293333333333337,23.981056,22.429688,38.04386
ElecFMV6,2025-08-09 00:00:00+00:00,LZ_LCRA,2025-08-09 14:00:00+00:00,16.5625,23.724947,21.81047,39.610947
ElecFMV6,2025-08-09 00:00:00+00:00,LZ_LCRA,2025-08-09 15:00:00+00:00,21.161666666666665,22.812124,22.089695,38.640457
ElecFMV6,2025-08-09 00:00:00+00:00,LZ_LCRA,2025-08-09 16:00:00+00:00,25.3125,25.819166,24.617344,41.920235
ElecFMV6,2025-08-09 00:00:00+00:00,LZ_LCRA,2025-08-09 17:00:00+00:00,34.75,32.29095,30.186108,50.53005
ElecFMV6,2025-08-09 00:00:00+00:00,LZ_LCRA,2025-08-09 18:00:00+00:00,36.40083333333333,36.45411,30.435322,58.20117
ElecFMV6,2025-08-09 00:00:00+00:00,LZ_LCRA,2025-08-09 19:00:00+00:00,42.08416666666667,41.569256,32.784187,65.56138
ElecFMV6,2025-08-09 00:00:00+00:00,LZ_LCRA,2025-08-09 20:00:00+00:00,46.75416666666666,42.76263,30.992744,70.13939
ElecFMV6,2025-08-09 00:00:00+00:00,LZ_LCRA,2025-08-09 21:00:00+00:00,46.79750000000001,44.0726,30.56562,72.52536
ElecFMV6,2025-08-09 00:00:00+00:00,LZ_LCRA,2025-08-09 22:00:00+00:00,47.43333333333334,48.427006,33.251934,78.65558
ElecFMV6,2025-08-09 00:00:00+00:00,LZ_LCRA,2025-08-09 23:00:00+00:00,69.60916666666667,51.723007,35.286606,83.848976
ElecFMV6,2025-08-09 00:00:00+00:00,LZ_WEST,2025-08-09 00:00:00+00:00,68.76833333333333,37.05938,19.400738,59.455032
ElecFMV6,2025-08-09 00:00:00+00:00,LZ_WEST,2025-08-09 01:00:00+00:00,67.875,46.878063,26.410421,72.34546
ElecFMV6,2025-08-09 00:00:00+00:00,LZ_WEST,2025-08-09 02:00:00+00:00,65.65083333333332,46.196,24.592321,73.779884
ElecFMV6,2025-08-09 00:00:00+00:00,LZ_WEST,2025-08-09 03:00:00+00:00,57.3775,44.188766,22.622261,72.89265
ElecFMV6,2025-08-09 00:00:00+00:00,LZ_WEST,2025-08-09 04:00:00+00:00,62.375,41.33321,19.682423,69.24966
ElecFMV6,2025-08-09 00:00:00+00:00,LZ_WEST,2025-08-09 05:00:00+00:00,61.969166666666666,41.117332,18.194668,69.50898
ElecFMV6,2025-08-09 00:00:00+00:00,LZ_WEST,2025-08-09 06:00:00+00:00,50.12833333333333,44.203697,21.826925,75.37639
ElecFMV6,2025-08-09 00:00:00+00:00,LZ_WEST,2025-08-09 07:00:00+00:00,65.9775,38.560158,15.492376,72.04426
ElecFMV6,2025-08-09 00:00:00+00:00,LZ_WEST,2025-08-09 08:00:00+00:00,63.99666666666667,34.61369,10.792789,65.57855
ElecFMV6,2025-08-09 00:00:00+00:00,LZ_WEST,2025-08-09 09:00:00+00:00,64.62833333333333,31.261175,9.141308,61.265934
ElecFMV6,2025-08-09 00:00:00+00:00,LZ_WEST,2025-08-09 10:00:00+00:00,59.3225,30.25381,9.847288,59.295708
ElecFMV6,2025-08-09 00:00:00+00:00,LZ_WEST,2025-08-09 11:00:00+00:00,53.96083333333333,30.602499,12.3894615,60.26742
ElecFMV6,2025-08-09 00:00:00+00:00,LZ_WEST,2025-08-09 12:00:00+00:00,42.46833333333333,26.403566,9.694702,52.87913
ElecFMV6,2025-08-09 00:00:00+00:00,LZ_WEST,2025-08-09 13:00:00+00:00,15.295,21.224155,5.4464912,48.494843
ElecFMV6,2025-08-09 00:00:00+00:00,LZ_WEST,2025-08-09 14:00:00+00:00,11.215833333333334,18.158743,2.496376,45.125523
ElecFMV6,2025-08-09 00:00:00+00:00,LZ_WEST,2025-08-09 15:00:00+00:00,2.230833333333333,17.12439,3.2007217,42.375137
ElecFMV6,2025-08-09 00:00:00+00:00,LZ_WEST,2025-08-09 16:00:00+00:00,4.629166666666666,17.466206,3.1082726,41.038574
ElecFMV6,2025-08-09 00:00:00+00:00,LZ_WEST,2025-08-09 17:00:00+00:00,11.908333333333331,19.681602,6.9458103,42.408104
ElecFMV6,2025-08-09 00:00:00+00:00,LZ_WEST,2025-08-09 18:00:00+00:00,14.578333333333331,19.258663,6.0787964,43.085243
ElecFMV6,2025-08-09 00:00:00+00:00,LZ_WEST,2025-08-09 19:00:00+00:00,13.590833333333334,18.551624,5.421852,42.554134
ElecFMV6,2025-08-09 00:00:00+00:00,LZ_WEST,2025-08-09 20:00:00+00:00,7.114166666666667,17.717945,3.337551,41.320377
ElecFMV6,2025-08-09 00:00:00+00:00,LZ_WEST,2025-08-09 21:00:00+00:00,6.814166666666666,17.931988,1.5593376,41.79383
ElecFMV6,2025-08-09 00:00:00+00:00,LZ_WEST,2025-08-09 22:00:00+00:00,8.488333333333333,20.606712,4.0751762,45.94679
ElecFMV6,2025-08-09 00:00:00+00:00,LZ_WEST,2025-08-09 23:00:00+00:00,23.9875,28.136852,9.499233,55.16334
ElecFMV6,2025-08-09 00:00:00+00:00,LZ_RAYBN,2025-08-09 00:00:00+00:00,57.142500000000005,47.70942,40.176964,57.189903
ElecFMV6,2025-08-09 00:00:00+00:00,LZ_RAYBN,2025-08-09 01:00:00+00:00,43.19916666666666,50.41864,42.226387,60.172966
ElecFMV6,2025-08-09 00:00:00+00:00,LZ_RAYBN,2025-08-09 02:00:00+00:00,27.7125,37.870804,30.626575,48.118176
ElecFMV6,2025-08-09 00:00:00+00:00,LZ_RAYBN,2025-08-09 03:00:00+00:00,22.891666666666666,26.513107,20.10664,36.48861
ElecFMV6,2025-08-09 00:00:00+00:00,LZ_RAYBN,2025-08-09 04:00:00+00:00,20.191666666666663,25.3536,19.621853,34.724983
ElecFMV6,2025-08-09 00:00:00+00:00,LZ_RAYBN,2025-08-09 05:00:00+00:00,19.314166666666665,28.100323,22.77962,36.846645
ElecFMV6,2025-08-09 00:00:00+00:00,LZ_RAYBN,2025-08-09 06:00:00+00:00,20.69833333333333,27.85872,22.66314,37.385895
ElecFMV6,2025-08-09 00:00:00+00:00,LZ_RAYBN,2025-08-09 07:00:00+00:00,19.414166666666667,22.204689,17.175194,31.39972
ElecFMV6,2025-08-09 00:00:00+00:00,LZ_RAYBN,2025-08-09 08:00:00+00:00,17.765,20.535408,15.71132,28.407679
ElecFMV6,2025-08-09 00:00:00+00:00,LZ_RAYBN,2025-08-09 09:00:00+00:00,16.555,20.333885,16.307568,27.035366
ElecFMV6,2025-08-09 00:00:00+00:00,LZ_RAYBN,2025-08-09 10:00:00+00:00,18.8875,20.117388,16.827082,26.520662
ElecFMV6,2025-08-09 00:00:00+00:00,LZ_RAYBN,2025-08-09 11:00:00+00:00,21.516666666666666,23.237902,20.038563,30.096867
ElecFMV6,2025-08-09 00:00:00+00:00,LZ_RAYBN,2025-08-09 12:00:00+00:00,20.479166666666668,22.970577,19.250885,30.478363
ElecFMV6,2025-08-09 00:00:00+00:00,LZ_RAYBN,2025-08-09 13:00:00+00:00,15.290833333333332,21.95214,17.558762,29.492212
ElecFMV6,2025-08-09 00:00:00+00:00,LZ_RAYBN,2025-08-09 14:00:00+00:00,12.9075,22.16399,17.628662,30.179346
ElecFMV6,2025-08-09 00:00:00+00:00,LZ_RAYBN,2025-08-09 15:00:00+00:00,5.54,22.797365,19.20058,29.524261
ElecFMV6,2025-08-09 00:00:00+00:00,LZ_RAYBN,2025-08-09 16:00:00+00:00,13.483333333333334,26.464298,23.2602,32.52514
ElecFMV6,2025-08-09 00:00:00+00:00,LZ_RAYBN,2025-08-09 17:00:00+00:00,16.300833333333333,28.290783,25.551329,34.29796
ElecFMV6,2025-08-09 00:00:00+00:00,LZ_RAYBN,2025-08-09 18:00:00+00:00,16.124166666666667,22.42136,18.596365,30.205505
ElecFMV6,2025-08-09 00:00:00+00:00,LZ_RAYBN,2025-08-09 19:00:00+00:00,16.663333333333334,20.758053,15.7278805,29.330917
ElecFMV6,2025-08-09 00:00:00+00:00,LZ_RAYBN,2025-08-09 20:00:00+00:00,15.418333333333337,22.868912,16.721622,33.031105
ElecFMV6,2025-08-09 00:00:00+00:00,LZ_RAYBN,2025-08-09 21:00:00+00:00,16.035,23.879015,16.822506,34.78762
ElecFMV6,2025-08-09 00:00:00+00:00,LZ_RAYBN,2025-08-09 22:00:00+00:00,17.8875,28.280678,20.534948,40.204285
ElecFMV6,2025-08-09 00:00:00+00:00,LZ_RAYBN,2025-08-09 23:00:00+00:00,25.21083333333333,33.161354,24.584118,46.437675
ElecFMV6,2025-08-10 00:00:00+00:00,LZ_LCRA,2025-08-10 00:00:00+00:00,42.64333333333334,72.13345,56.15307,93.25572
ElecFMV6,2025-08-10 00:00:00+00:00,LZ_LCRA,2025-08-10 01:00:00+00:00,33.94083333333334,60.2632,44.719902,81.63429
ElecFMV6,2025-08-10 00:00:00+00:00,LZ_LCRA,2025-08-10 02:00:00+00:00,31.450833333333332,46.63467,33.59343,66.96661
ElecFMV6,2025-08-10 00:00:00+00:00,LZ_LCRA,2025-08-10 03:00:00+00:00,26.4975,38.84308,28.280857,57.339394
ElecFMV6,2025-08-10 00:00:00+00:00,LZ_LCRA,2025-08-10 04:00:00+00:00,26.02583333333333,34.919895,27.07492,50.290318
ElecFMV6,2025-08-10 00:00:00+00:00,LZ_LCRA,2025-08-10 05:00:00+00:00,23.0575,31.838757,25.42139,45.971054
ElecFMV6,2025-08-10 00:00:00+00:00,LZ_LCRA,2025-08-10 06:00:00+00:00,22.9975,27.673567,22.325546,41.834404
ElecFMV6,2025-08-10 00:00:00+00:00,LZ_LCRA,2025-08-10 07:00:00+00:00,22.70583333333333,24.477072,20.064777,38.28195
ElecFMV6,2025-08-10 00:00:00+00:00,LZ_LCRA,2025-08-10 08:00:00+00:00,21.6,22.570724,18.330967,34.237877
ElecFMV6,2025-08-10 00:00:00+00:00,LZ_LCRA,2025-08-10 09:00:00+00:00,21.345,23.884716,20.054695,34.543194
ElecFMV6,2025-08-10 00:00:00+00:00,LZ_LCRA,2025-08-10 10:00:00+00:00,22.328333333333333,24.117664,20.298267,33.743443
ElecFMV6,2025-08-10 00:00:00+00:00,LZ_LCRA,2025-08-10 11:00:00+00:00,24.59583333333333,25.414265,21.698154,36.33105
ElecFMV6,2025-08-10 00:00:00+00:00,LZ_LCRA,2025-08-10 12:00:00+00:00,21.9125,24.033886,20.40903,35.23886
ElecFMV6,2025-08-10 00:00:00+00:00,LZ_LCRA,2025-08-10 13:00:00+00:00,15.971666666666666,23.353994,18.94653,34.70689
ElecFMV6,2025-08-10 00:00:00+00:00,LZ_LCRA,2025-08-10 14:00:00+00:00,15.235833333333334,22.934536,18.590706,35.001186
ElecFMV6,2025-08-10 00:00:00+00:00,LZ_LCRA,2025-08-10 15:00:00+00:00,18.411666666666665,21.561306,17.161665,33.796486
ElecFMV6,2025-08-10 00:00:00+00:00,LZ_LCRA,2025-08-10 16:00:00+00:00,26.918333333333333,24.952501,20.731373,37.88881
ElecFMV6,2025-08-10 00:00:00+00:00,LZ_LCRA,2025-08-10 17:00:00+00:00,48.93333333333334,29.861603,24.618002,44.218494
ElecFMV6,2025-08-10 00:00:00+00:00,LZ_LCRA,2025-08-10 18:00:00+00:00,51.47583333333333,35.838326,28.52655,52.023693
ElecFMV6,2025-08-10 00:00:00+00:00,LZ_LCRA,2025-08-10 19:00:00+00:00,71.47333333333334,38.19815,29.50107,56.799126
ElecFMV6,2025-08-10 00:00:00+00:00,LZ_LCRA,2025-08-10 20:00:00+00:00,116.385,40.88146,30.27525,61.32732
ElecFMV6,2025-08-10 00:00:00+00:00,LZ_LCRA,2025-08-10 21:00:00+00:00,125.21083333333333,44.57103,32.40797,66.18409
ElecFMV6,2025-08-10 00:00:00+00:00,LZ_LCRA,2025-08-10 22:00:00+00:00,116.16,51.968307,38.478924,74.93136
ElecFMV6,2025-08-10 00:00:00+00:00,LZ_LCRA,2025-08-10 23:00:00+00:00,95.84,57.370117,42.774574,81.69141
ElecFMV6,2025-08-10 00:00:00+00:00,LZ_WEST,2025-08-10 00:00:00+00:00,48.415,46.165104,32.696037,65.13998
ElecFMV6,2025-08-10 00:00:00+00:00,LZ_WEST,2025-08-10 01:00:00+00:00,60.52583333333333,52.062714,35.874332,74.828125
ElecFMV6,2025-08-10 00:00:00+00:00,LZ_WEST,2025-08-10 02:00:00+00:00,67.54083333333334,53.709286,36.313114,78.270096
ElecFMV6,2025-08-10 00:00:00+00:00,LZ_WEST,2025-08-10 03:00:00+00:00,63.36166666666667,52.604713,35.124084,77.714554
ElecFMV6,2025-08-10 00:00:00+00:00,LZ_WEST,2025-08-10 04:00:00+00:00,55.9,53.608017,35.636616,78.201935
ElecFMV6,2025-08-10 00:00:00+00:00,LZ_WEST,2025-08-10 05:00:00+00:00,50.045,54.310265,34.62103,78.93483
ElecFMV6,2025-08-10 00:00:00+00:00,LZ_WEST,2025-08-10 06:00:00+00:00,40.4875,53.140236,34.112576,78.80566
ElecFMV6,2025-08-10 00:00:00+00:00,LZ_WEST,2025-08-10 07:00:00+00:00,57.77166666666667,48.36248,30.590366,74.1266
ElecFMV6,2025-08-10 00:00:00+00:00,LZ_WEST,2025-08-10 08:00:00+00:00,70.28666666666668,42.634808,25.778706,64.94027
ElecFMV6,2025-08-10 00:00:00+00:00,LZ_WEST,2025-08-10 09:00:00+00:00,59.35583333333333,40.560066,25.700623,59.806206
ElecFMV6,2025-08-10 00:00:00+00:00,LZ_WEST,2025-08-10 10:00:00+00:00,62.49,37.746433,24.046335,54.32132
ElecFMV6,2025-08-10 00:00:00+00:00,LZ_WEST,2025-08-10 11:00:00+00:00,65.53,36.673985,24.580917,52.41726
ElecFMV6,2025-08-10 00:00:00+00:00,LZ_WEST,2025-08-10 12:00:00+00:00,50.70166666666666,32.203712,20.634571,45.608368
ElecFMV6,2025-08-10 00:00:00+00:00,LZ_WEST,2025-08-10 13:00:00+00:00,16.739166666666666,25.23788,14.54064,38.56044
ElecFMV6,2025-08-10 00:00:00+00:00,LZ_WEST,2025-08-10 14:00:00+00:00,15.245833333333332,19.244144,9.999647,32.23483
ElecFMV6,2025-08-10 00:00:00+00:00,LZ_WEST,2025-08-10 15:00:00+00:00,18.47583333333333,13.508623,5.69701,25.62175
ElecFMV6,2025-08-10 00:00:00+00:00,LZ_WEST,2025-08-10 16:00:00+00:00,24.981666666666666,14.185278,6.3659782,24.603111
ElecFMV6,2025-08-10 00:00:00+00:00,LZ_WEST,2025-08-10 17:00:00+00:00,27.425833333333333,13.518734,6.9049377,24.45506
ElecFMV6,2025-08-10 00:00:00+00:00,LZ_WEST,2025-08-10 18:00:00+00:00,27.031666666666663,17.083801,10.059298,29.253307
ElecFMV6,2025-08-10 00:00:00+00:00,LZ_WEST,2025-08-10 19:00:00+00:00,39.071666666666665,17.16941,10.22612,28.850113
ElecFMV6,2025-08-10 00:00:00+00:00,LZ_WEST,2025-08-10 20:00:00+00:00,54.105,14.099323,6.9594154,25.644238
ElecFMV6,2025-08-10 00:00:00+00:00,LZ_WEST,2025-08-10 21:00:00+00:00,50.13166666666667,14.00704,6.339876,26.633842
ElecFMV6,2025-08-10 00:00:00+00:00,LZ_WEST,2025-08-10 22:00:00+00:00,36.340833333333336,17.379389,8.712641,33.18768
ElecFMV6,2025-08-10 00:00:00+00:00,LZ_WEST,2025-08-10 23:00:00+00:00,35.44083333333334,29.74477,16.729914,48.95304
ElecFMV6,2025-08-10 00:00:00+00:00,LZ_RAYBN,2025-08-10 00:00:00+00:00,33.005833333333335,44.998512,38.92117,50.94706
ElecFMV6,2025-08-10 00:00:00+00:00,LZ_RAYBN,2025-08-10 01:00:00+00:00,26.61583333333333,46.769466,40.80699,52.65511
ElecFMV6,2025-08-10 00:00:00+00:00,LZ_RAYBN,2025-08-10 02:00:00+00:00,22.245,32.350708,26.759275,38.57319
ElecFMV6,2025-08-10 00:00:00+00:00,LZ_RAYBN,2025-08-10 03:00:00+00:00,19.1675,24.391092,19.519852,30.40923
ElecFMV6,2025-08-10 00:00:00+00:00,LZ_RAYBN,2025-08-10 04:00:00+00:00,19.404166666666665,22.07954,17.598806,27.683586
ElecFMV6,2025-08-10 00:00:00+00:00,LZ_RAYBN,2025-08-10 05:00:00+00:00,18.95833333333333,22.938623,18.469633,27.47837
ElecFMV6,2025-08-10 00:00:00+00:00,LZ_RAYBN,2025-08-10 06:00:00+00:00,18.800833333333333,21.304155,17.118088,26.430882
ElecFMV6,2025-08-10 00:00:00+00:00,LZ_RAYBN,2025-08-10 07:00:00+00:00,18.495,17.27459,13.573631,21.673334
ElecFMV6,2025-08-10 00:00:00+00:00,LZ_RAYBN,2025-08-10 08:00:00+00:00,19.079166666666666,16.952974,13.216408,20.712408
ElecFMV6,2025-08-10 00:00:00+00:00,LZ_RAYBN,2025-08-10 09:00:00+00:00,20.544166666666666,16.588589,13.050873,20.060522
ElecFMV6,2025-08-10 00:00:00+00:00,LZ_RAYBN,2025-08-10 10:00:00+00:00,21.4,17.26414,13.96113,21.33445
ElecFMV6,2025-08-10 00:00:00+00:00,LZ_RAYBN,2025-08-10 11:00:00+00:00,23.576666666666668,19.70643,16.466219,23.98348
ElecFMV6,2025-08-10 00:00:00+00:00,LZ_RAYBN,2025-08-10 12:00:00+00:00,20.960833333333333,16.932653,13.11112,21.696644
ElecFMV6,2025-08-10 00:00:00+00:00,LZ_RAYBN,2025-08-10 13:00:00+00:00,15.836666666666666,17.185373,12.890182,21.312195
ElecFMV6,2025-08-10 00:00:00+00:00,LZ_RAYBN,2025-08-10 14:00:00+00:00,15.2375,16.321087,12.175681,21.477098
ElecFMV6,2025-08-10 00:00:00+00:00,LZ_RAYBN,2025-08-10 15:00:00+00:00,19.165,13.578285,9.431534,18.148167
ElecFMV6,2025-08-10 00:00:00+00:00,LZ_RAYBN,2025-08-10 16:00:00+00:00,28.175,18.659883,13.946744,23.435246
ElecFMV6,2025-08-10 00:00:00+00:00,LZ_RAYBN,2025-08-10 17:00:00+00:00,24.1725,17.272642,13.088123,21.81765
ElecFMV6,2025-08-10 00:00:00+00:00,LZ_RAYBN,2025-08-10 18:00:00+00:00,23.3575,17.198692,12.444028,22.84578
ElecFMV6,2025-08-10 00:00:00+00:00,LZ_RAYBN,2025-08-10 19:00:00+00:00,33.130833333333335,18.040735,13.485082,23.379116
ElecFMV6,2025-08-10 00:00:00+00:00,LZ_RAYBN,2025-08-10 20:00:00+00:00,42.09916666666667,18.493984,13.076382,24.023598
ElecFMV6,2025-08-10 00:00:00+00:00,LZ_RAYBN,2025-08-10 21:00:00+00:00,36.91833333333333,19.296486,13.350022,24.674164
ElecFMV6,2025-08-10 00:00:00+00:00,LZ_RAYBN,2025-08-10 22:00:00+00:00,23.9275,22.950651,16.072224,29.442646
ElecFMV6,2025-08-10 00:00:00+00:00,LZ_RAYBN,2025-08-10 23:00:00+00:00,22.613333333333333,30.670153,23.30457,37.489784
ElecFMV6,2025-08-11 00:00:00+00:00,LZ_LCRA,2025-08-11 00:00:00+00:00,45.72166666666666,80.77115,59.80507,112.58653
ElecFMV6,2025-08-11 00:00:00+00:00,LZ_LCRA,2025-08-11 01:00:00+00:00,39.759166666666665,66.21297,44.922825,100.66092
ElecFMV6,2025-08-11 00:00:00+00:00,LZ_LCRA,2025-08-11 02:00:00+00:00,36.15583333333333,54.544273,35.55471,88.44651
ElecFMV6,2025-08-11 00:00:00+00:00,LZ_LCRA,2025-08-11 03:00:00+00:00,28.701666666666668,47.041412,30.841389,78.997665
ElecFMV6,2025-08-11 00:00:00+00:00,LZ_LCRA,2025-08-11 04:00:00+00:00,26.290000000000003,42.85697,29.116219,71.30679
ElecFMV6,2025-08-11 00:00:00+00:00,LZ_LCRA,2025-08-11 05:00:00+00:00,28.866666666666664,40.417595,28.451931,66.83685
ElecFMV6,2025-08-11 00:00:00+00:00,LZ_LCRA,2025-08-11 06:00:00+00:00,34.115,34.82867,23.591984,60.295746
ElecFMV6,2025-08-11 00:00:00+00:00,LZ_LCRA,2025-08-11 07:00:00+00:00,29.6175,29.235312,18.897083,53.69381
ElecFMV6,2025-08-11 00:00:00+00:00,LZ_LCRA,2025-08-11 08:00:00+00:00,24.94083333333333,27.207825,17.994896,49.588608
ElecFMV6,2025-08-11 00:00:00+00:00,LZ_LCRA,2025-08-11 09:00:00+00:00,26.743333333333336,27.579868,19.372906,48.93626
ElecFMV6,2025-08-11 00:00:00+00:00,LZ_LCRA,2025-08-11 10:00:00+00:00,26.295,28.768257,20.788204,49.079273
ElecFMV6,2025-08-11 00:00:00+00:00,LZ_LCRA,2025-08-11 11:00:00+00:00,27.7625,27.253292,19.244307,47.52442
ElecFMV6,2025-08-11 00:00:00+00:00,LZ_LCRA,2025-08-11 12:00:00+00:00,25.800833333333333,25.240986,17.627787,45.84405
ElecFMV6,2025-08-11 00:00:00+00:00,LZ_LCRA,2025-08-11 13:00:00+00:00,21.508333333333336,22.745424,15.171682,42.84297
ElecFMV6,2025-08-11 00:00:00+00:00,LZ_LCRA,2025-08-11 14:00:00+00:00,23.054166666666664,23.085155,16.257046,43.072777
ElecFMV6,2025-08-11 00:00:00+00:00,LZ_LCRA,2025-08-11 15:00:00+00:00,25.785,24.036476,18.076504,44.270134
ElecFMV6,2025-08-11 00:00:00+00:00,LZ_LCRA,2025-08-11 16:00:00+00:00,40.876666666666665,24.07711,18.074188,45.371452
ElecFMV6,2025-08-11 00:00:00+00:00,LZ_LCRA,2025-08-11 17:00:00+00:00,123.88916666666668,32.002533,25.064014,55.165955
ElecFMV6,2025-08-11 00:00:00+00:00,LZ_LCRA,2025-08-11 18:00:00+00:00,103.71166666666666,35.52525,26.922192,61.155216
ElecFMV6,2025-08-11 00:00:00+00:00,LZ_LCRA,2025-08-11 19:00:00+00:00,57.61333333333334,40.226574,29.469372,67.84756
ElecFMV6,2025-08-11 00:00:00+00:00,LZ_LCRA,2025-08-11 20:00:00+00:00,75.54666666666667,42.401768,30.29553,73.00975
ElecFMV6,2025-08-11 00:00:00+00:00,LZ_LCRA,2025-08-11 21:00:00+00:00,100.29916666666666,46.396385,32.60308,78.777466
ElecFMV6,2025-08-11 00:00:00+00:00,LZ_LCRA,2025-08-11 22:00:00+00:00,63.48333333333333,48.568794,33.479908,82.65823
ElecFMV6,2025-08-11 00:00:00+00:00,LZ_LCRA,2025-08-11 23:00:00+00:00,97.66166666666668,50.74268,34.23163,87.34484
ElecFMV6,2025-08-11 00:00:00+00:00,LZ_WEST,2025-08-11 00:00:00+00:00,63.37916666666666,49.67739,37.68162,69.6438
ElecFMV6,2025-08-11 00:00:00+00:00,LZ_WEST,2025-08-11 01:00:00+00:00,67.11333333333333,56.005386,40.35502,81.81433
ElecFMV6,2025-08-11 00:00:00+00:00,LZ_WEST,2025-08-11 02:00:00+00:00,78.51416666666667,57.649048,40.03677,86.877655
ElecFMV6,2025-08-11 00:00:00+00:00,LZ_WEST,2025-08-11 03:00:00+00:00,63.33833333333333,58.059975,39.09765,88.56915
ElecFMV6,2025-08-11 00:00:00+00:00,LZ_WEST,2025-08-11 04:00:00+00:00,60.825,57.480186,38.419495,88.722496
ElecFMV6,2025-08-11 00:00:00+00:00,LZ_WEST,2025-08-11 05:00:00+00:00,66.45833333333333,57.777702,36.366833,89.40148
ElecFMV6,2025-08-11 00:00:00+00:00,LZ_WEST,2025-08-11 06:00:00+00:00,67.56083333333333,56.989876,36.29886,90.397224
ElecFMV6,2025-08-11 00:00:00+00:00,LZ_WEST,2025-08-11 07:00:00+00:00,65.5525,56.66665,35.944824,91.34877
ElecFMV6,2025-08-11 00:00:00+00:00,LZ_WEST,2025-08-11 08:00:00+00:00,50.00333333333333,55.41629,34.164402,88.67202
ElecFMV6,2025-08-11 00:00:00+00:00,LZ_WEST,2025-08-11 09:00:00+00:00,52.310833333333335,54.753822,33.576595,86.69087
ElecFMV6,2025-08-11 00:00:00+00:00,LZ_WEST,2025-08-11 10:00:00+00:00,66.685,51.126335,29.1419,83.0934
ElecFMV6,2025-08-11 00:00:00+00:00,LZ_WEST,2025-08-11 11:00:00+00:00,66.39416666666666,48.42773,26.97025,80.339676
ElecFMV6,2025-08-11 00:00:00+00:00,LZ_WEST,2025-08-11 12:00:00+00:00,40.82333333333333,44.36737,22.994053,73.92016
ElecFMV6,2025-08-11 00:00:00+00:00,LZ_WEST,2025-08-11 13:00:00+00:00,22.051666666666662,37.373993,17.670195,66.61423
ElecFMV6,2025-08-11 00:00:00+00:00,LZ_WEST,2025-08-11 14:00:00+00:00,23.079166666666666,33.604126,15.36573,62.06182
ElecFMV6,2025-08-11 00:00:00+00:00,LZ_WEST,2025-08-11 15:00:00+00:00,24.989166666666662,28.684128,12.048782,56.545525
ElecFMV6,2025-08-11 00:00:00+00:00,LZ_WEST,2025-08-11 16:00:00+00:00,29.521666666666665,29.046062,11.447224,55.910313
ElecFMV6,2025-08-11 00:00:00+00:00,LZ_WEST,2025-08-11 17:00:00+00:00,38.330000000000005,30.291752,13.263718,58.618134
ElecFMV6,2025-08-11 00:00:00+00:00,LZ_WEST,2025-08-11 18:00:00+00:00,29.731666666666666,30.406351,12.701447,59.97615
ElecFMV6,2025-08-11 00:00:00+00:00,LZ_WEST,2025-08-11 19:00:00+00:00,29.71,34.39546,14.037573,62.970154
ElecFMV6,2025-08-11 00:00:00+00:00,LZ_WEST,2025-08-11 20:00:00+00:00,30.15083333333333,33.957317,13.27948,63.47518
ElecFMV6,2025-08-11 00:00:00+00:00,LZ_WEST,2025-08-11 21:00:00+00:00,38.0275,36.25312,14.441118,67.42879
ElecFMV6,2025-08-11 00:00:00+00:00,LZ_WEST,2025-08-11 22:00:00+00:00,24.23583333333333,39.579407,15.997372,73.70393
ElecFMV6,2025-08-11 00:00:00+00:00,LZ_WEST,2025-08-11 23:00:00+00:00,45.775,49.102158,22.00698,86.56687
ElecFMV6,2025-08-11 00:00:00+00:00,LZ_RAYBN,2025-08-11 00:00:00+00:00,37.55916666666667,34.824375,28.412561,43.81665
ElecFMV6,2025-08-11 00:00:00+00:00,LZ_RAYBN,2025-08-11 01:00:00+00:00,34.071666666666665,32.173656,24.864338,42.9274
ElecFMV6,2025-08-11 00:00:00+00:00,LZ_RAYBN,2025-08-11 02:00:00+00:00,28.710833333333337,25.037601,17.609875,36.116188
ElecFMV6,2025-08-11 00:00:00+00:00,LZ_RAYBN,2025-08-11 03:00:00+00:00,22.889166666666668,24.451477,17.36914,35.201096
ElecFMV6,2025-08-11 00:00:00+00:00,LZ_RAYBN,2025-08-11 04:00:00+00:00,25.25916666666667,23.353271,16.77837,32.831833
ElecFMV6,2025-08-11 00:00:00+00:00,LZ_RAYBN,2025-08-11 05:00:00+00:00,27.905833333333337,24.99936,17.738613,33.993896
ElecFMV6,2025-08-11 00:00:00+00:00,LZ_RAYBN,2025-08-11 06:00:00+00:00,34.335,24.901472,18.991032,34.671696
ElecFMV6,2025-08-11 00:00:00+00:00,LZ_RAYBN,2025-08-11 07:00:00+00:00,31.51083333333333,18.525822,13.033892,28.328644
ElecFMV6,2025-08-11 00:00:00+00:00,LZ_RAYBN,2025-08-11 08:00:00+00:00,26.2325,21.578556,15.910844,29.385574
ElecFMV6,2025-08-11 00:00:00+00:00,LZ_RAYBN,2025-08-11 09:00:00+00:00,27.89916666666667,22.426683,16.880276,29.167122
ElecFMV6,2025-08-11 00:00:00+00:00,LZ_RAYBN,2025-08-11 10:00:00+00:00,28.1,20.817516,14.6766815,27.906628
ElecFMV6,2025-08-11 00:00:00+00:00,LZ_RAYBN,2025-08-11 11:00:00+00:00,29.6725,21.270367,14.829822,28.881344
ElecFMV6,2025-08-11 00:00:00+00:00,LZ_RAYBN,2025-08-11 12:00:00+00:00,26.56083333333333,19.867874,12.770442,27.242142
ElecFMV6,2025-08-11 00:00:00+00:00,LZ_RAYBN,2025-08-11 13:00:00+00:00,21.536666666666665,19.532595,12.162547,27.351454
ElecFMV6,2025-08-11 00:00:00+00:00,LZ_RAYBN,2025-08-11 14:00:00+00:00,23.05666666666667,19.132381,12.030222,27.33244
ElecFMV6,2025-08-11 00:00:00+00:00,LZ_RAYBN,2025-08-11 15:00:00+00:00,24.926666666666662,17.719954,11.665802,25.563568
ElecFMV6,2025-08-11 00:00:00+00:00,LZ_RAYBN,2025-08-11 16:00:00+00:00,30.14833333333333,24.659332,18.517517,32.37391
ElecFMV6,2025-08-11 00:00:00+00:00,LZ_RAYBN,2025-08-11 17:00:00+00:00,40.083333333333336,22.97222,17.760256,30.982143
ElecFMV6,2025-08-11 00:00:00+00:00,LZ_RAYBN,2025-08-11 18:00:00+00:00,27.156666666666663,19.901266,14.476597,28.56635
ElecFMV6,2025-08-11 00:00:00+00:00,LZ_RAYBN,2025-08-11 19:00:00+00:00,25.43,23.857906,17.807156,31.907118
ElecFMV6,2025-08-11 00:00:00+00:00,LZ_RAYBN,2025-08-11 20:00:00+00:00,24.704166666666666,22.582687,16.132883,31.191574
ElecFMV6,2025-08-11 00:00:00+00:00,LZ_RAYBN,2025-08-11 21:00:00+00:00,28.44333333333333,22.251904,14.821014,31.18846
ElecFMV6,2025-08-11 00:00:00+00:00,LZ_RAYBN,2025-08-11 22:00:00+00:00,21.293333333333333,21.826159,13.729099,32.446957
ElecFMV6,2025-08-11 00:00:00+00:00,LZ_RAYBN,2025-08-11 23:00:00+00:00,44.196666666666665,26.17582,16.865028,38.172466
ElecFMV6,2025-08-12 00:00:00+00:00,LZ_LCRA,2025-08-12 00:00:00+00:00,106.14083333333332,64.210495,47.344345,91.10391
ElecFMV6,2025-08-12 00:00:00+00:00,LZ_LCRA,2025-08-12 01:00:00+00:00,71.73666666666666,51.996227,37.23779,78.7415
ElecFMV6,2025-08-12 00:00:00+00:00,LZ_LCRA,2025-08-12 02:00:00+00:00,107.34333333333332,39.658825,28.566463,64.63352
ElecFMV6,2025-08-12 00:00:00+00:00,LZ_LCRA,2025-08-12 03:00:00+00:00,59.939166666666665,32.30724,23.82117,55.400764
ElecFMV6,2025-08-12 00:00:00+00:00,LZ_LCRA,2025-08-12 04:00:00+00:00,39.44166666666667,29.766388,23.69012,48.753716
ElecFMV6,2025-08-12 00:00:00+00:00,LZ_LCRA,2025-08-12 05:00:00+00:00,31.75333333333333,28.85799,24.04422,45.893723
ElecFMV6,2025-08-12 00:00:00+00:00,LZ_LCRA,2025-08-12 06:00:00+00:00,30.203333333333333,29.240026,26.189306,45.20773
ElecFMV6,2025-08-12 00:00:00+00:00,LZ_LCRA,2025-08-12 07:00:00+00:00,27.555,27.058664,24.951088,43.059677
ElecFMV6,2025-08-12 00:00:00+00:00,LZ_LCRA,2025-08-12 08:00:00+00:00,23.89583333333333,24.216032,21.563202,37.761013
ElecFMV6,2025-08-12 00:00:00+00:00,LZ_LCRA,2025-08-12 09:00:00+00:00,23.74083333333333,24.622234,21.863369,38.506863
ElecFMV6,2025-08-12 00:00:00+00:00,LZ_LCRA,2025-08-12 10:00:00+00:00,31.18583333333333,29.31181,25.756845,43.233925
ElecFMV6,2025-08-12 00:00:00+00:00,LZ_LCRA,2025-08-12 11:00:00+00:00,37.3925,29.175262,25.294807,44.497166
ElecFMV6,2025-08-12 00:00:00+00:00,LZ_LCRA,2025-08-12 12:00:00+00:00,31.299166666666665,25.300938,22.463568,39.02346
ElecFMV6,2025-08-12 00:00:00+00:00,LZ_LCRA,2025-08-12 13:00:00+00:00,22.102500000000003,22.59534,20.51479,36.303944
ElecFMV6,2025-08-12 00:00:00+00:00,LZ_LCRA,2025-08-12 14:00:00+00:00,21.800833333333333,22.815464,20.362413,37.38092
ElecFMV6,2025-08-12 00:00:00+00:00,LZ_LCRA,2025-08-12 15:00:00+00:00,23.019166666666667,25.317139,22.881907,41.6048
ElecFMV6,2025-08-12 00:00:00+00:00,LZ_LCRA,2025-08-12 16:00:00+00:00,29.02416666666667,29.395859,25.291204,47.945896
ElecFMV6,2025-08-12 00:00:00+00:00,LZ_LCRA,2025-08-12 17:00:00+00:00,66.87833333333333,37.58926,32.595013,58.914646
ElecFMV6,2025-08-12 00:00:00+00:00,LZ_LCRA,2025-08-12 18:00:00+00:00,72.0725,41.08659,34.957817,65.11894
ElecFMV6,2025-08-12 00:00:00+00:00,LZ_LCRA,2025-08-12 19:00:00+00:00,90.32416666666668,44.45894,36.11359,70.05231
ElecFMV6,2025-08-12 00:00:00+00:00,LZ_LCRA,2025-08-12 20:00:00+00:00,93.395,47.454185,37.079594,76.38189
ElecFMV6,2025-08-12 00:00:00+00:00,LZ_LCRA,2025-08-12 21:00:00+00:00,84.55166666666666,50.948425,38.03142,81.00957
ElecFMV6,2025-08-12 00:00:00+00:00,LZ_LCRA,2025-08-12 22:00:00+00:00,78.79583333333333,49.637493,35.27701,81.410095
ElecFMV6,2025-08-12 00:00:00+00:00,LZ_LCRA,2025-08-12 23:00:00+00:00,109.22,50.302254,35.962093,83.130905
ElecFMV6,2025-08-12 00:00:00+00:00,LZ_WEST,2025-08-12 00:00:00+00:00,98.07666666666668,60.877533,49.101585,76.950455
ElecFMV6,2025-08-12 00:00:00+00:00,LZ_WEST,2025-08-12 01:00:00+00:00,77.46166666666666,68.141884,53.971138,86.61703
ElecFMV6,2025-08-12 00:00:00+00:00,LZ_WEST,2025-08-12 02:00:00+00:00,109.68083333333334,68.21612,53.353237,88.949005
ElecFMV6,2025-08-12 00:00:00+00:00,LZ_WEST,2025-08-12 03:00:00+00:00,63.24,62.54506,47.422657,84.12068
ElecFMV6,2025-08-12 00:00:00+00:00,LZ_WEST,2025-08-12 04:00:00+00:00,63.73916666666667,58.337105,43.416187,79.58447
ElecFMV6,2025-08-12 00:00:00+00:00,LZ_WEST,2025-08-12 05:00:00+00:00,74.6675,61.50294,46.038216,82.46324
ElecFMV6,2025-08-12 00:00:00+00:00,LZ_WEST,2025-08-12 06:00:00+00:00,65.70833333333333,60.637848,45.277576,82.37976
ElecFMV6,2025-08-12 00:00:00+00:00,LZ_WEST,2025-08-12 07:00:00+00:00,52.54166666666666,59.880623,44.315266,82.82686
ElecFMV6,2025-08-12 00:00:00+00:00,LZ_WEST,2025-08-12 08:00:00+00:00,35.68416666666666,51.373062,35.05686,73.3163
ElecFMV6,2025-08-12 00:00:00+00:00,LZ_WEST,2025-08-12 09:00:00+00:00,49.0725,51.96824,35.998913,73.212685
ElecFMV6,2025-08-12 00:00:00+00:00,LZ_WEST,2025-08-12 10:00:00+00:00,57.22833333333333,52.13263,35.966793,71.765015
ElecFMV6,2025-08-12 00:00:00+00:00,LZ_WEST,2025-08-12 11:00:00+00:00,52.10583333333333,50.873077,35.616745,70.18535
ElecFMV6,2025-08-12 00:00:00+00:00,LZ_WEST,2025-08-12 12:00:00+00:00,67.44333333333334,41.047993,26.452919,57.8499
ElecFMV6,2025-08-12 00:00:00+00:00,LZ_WEST,2025-08-12 13:00:00+00:00,32.97833333333333,33.922615,20.118578,49.28325
ElecFMV6,2025-08-12 00:00:00+00:00,LZ_WEST,2025-08-12 14:00:00+00:00,22.15083333333333,30.84496,17.591084,45.683773
ElecFMV6,2025-08-12 00:00:00+00:00,LZ_WEST,2025-08-12 15:00:00+00:00,23.231666666666666,28.278355,16.33679,41.78984
ElecFMV6,2025-08-12 00:00:00+00:00,LZ_WEST,2025-08-12 16:00:00+00:00,23.117500000000003,29.120188,17.458704,41.018322
ElecFMV6,2025-08-12 00:00:00+00:00,LZ_WEST,2025-08-12 17:00:00+00:00,31.4325,29.848232,20.285606,41.470783
ElecFMV6,2025-08-12 00:00:00+00:00,LZ_WEST,2025-08-12 18:00:00+00:00,37.27,29.093967,20.113098,40.204365
ElecFMV6,2025-08-12 00:00:00+00:00,LZ_WEST,2025-08-12 19:00:00+00:00,44.825,30.62978,21.872665,41.351902
ElecFMV6,2025-08-12 00:00:00+00:00,LZ_WEST,2025-08-12 20:00:00+00:00,40.303333333333335,29.729965,19.801527,40.995697
ElecFMV6,2025-08-12 00:00:00+00:00,LZ_WEST,2025-08-12 21:00:00+00:00,54.77166666666667,28.731934,16.733696,40.2174
ElecFMV6,2025-08-12 00:00:00+00:00,LZ_WEST,2025-08-12 22:00:00+00:00,66.13250000000001,29.119349,15.562559,42.173706
ElecFMV6,2025-08-12 00:00:00+00:00,LZ_WEST,2025-08-12 23:00:00+00:00,113.32,38.08265,22.43443,53.04982
ElecFMV6,2025-08-12 00:00:00+00:00,LZ_RAYBN,2025-08-12 00:00:00+00:00,92.66583333333334,48.772858,40.03602,61.61164
ElecFMV6,2025-08-12 00:00:00+00:00,LZ_RAYBN,2025-08-12 01:00:00+00:00,66.625,44.191154,34.982063,58.561176
ElecFMV6,2025-08-12 00:00:00+00:00,LZ_RAYBN,2025-08-12 02:00:00+00:00,102.37083333333334,32.907867,24.664852,47.224968
ElecFMV6,2025-08-12 00:00:00+00:00,LZ_RAYBN,2025-08-12 03:00:00+00:00,57.73833333333334,27.666506,20.603283,41.852764
ElecFMV6,2025-08-12 00:00:00+00:00,LZ_RAYBN,2025-08-12 04:00:00+00:00,37.25083333333333,28.334675,22.487541,41.138866
ElecFMV6,2025-08-12 00:00:00+00:00,LZ_RAYBN,2025-08-12 05:00:00+00:00,28.01833333333333,29.960697,24.185957,42.283012
ElecFMV6,2025-08-12 00:00:00+00:00,LZ_RAYBN,2025-08-12 06:00:00+00:00,23.294166666666666,30.462769,25.592285,42.625343
ElecFMV6,2025-08-12 00:00:00+00:00,LZ_RAYBN,2025-08-12 07:00:00+00:00,21.83083333333333,27.062592,21.992226,39.71659
ElecFMV6,2025-08-12 00:00:00+00:00,LZ_RAYBN,2025-08-12 08:00:00+00:00,23.69,26.602654,22.174658,37.856316
ElecFMV6,2025-08-12 00:00:00+00:00,LZ_RAYBN,2025-08-12 09:00:00+00:00,22.7825,28.242819,23.574183,39.26729
ElecFMV6,2025-08-12 00:00:00+00:00,LZ_RAYBN,2025-08-12 10:00:00+00:00,32.29833333333333,26.460907,21.725227,37.204033
ElecFMV6,2025-08-12 00:00:00+00:00,LZ_RAYBN,2025-08-12 11:00:00+00:00,38.14,28.395126,23.197823,39.54386
ElecFMV6,2025-08-12 00:00:00+00:00,LZ_RAYBN,2025-08-12 12:00:00+00:00,33.17166666666667,26.117113,22.085209,36.472244
ElecFMV6,2025-08-12 00:00:00+00:00,LZ_RAYBN,2025-08-12 13:00:00+00:00,22.51,23.942465,19.497168,34.014946
ElecFMV6,2025-08-12 00:00:00+00:00,LZ_RAYBN,2025-08-12 14:00:00+00:00,21.8375,19.191837,15.533057,28.687323
ElecFMV6,2025-08-12 00:00:00+00:00,LZ_RAYBN,2025-08-12 15:00:00+00:00,23.05,22.015554,18.285225,31.537874
ElecFMV6,2025-08-12 00:00:00+00:00,LZ_RAYBN,2025-08-12 16:00:00+00:00,22.264166666666668,24.40587,21.25059,33.632744
ElecFMV6,2025-08-12 00:00:00+00:00,LZ_RAYBN,2025-08-12 17:00:00+00:00,26.281666666666663,25.318377,21.520487,35.48406
ElecFMV6,2025-08-12 00:00:00+00:00,LZ_RAYBN,2025-08-12 18:00:00+00:00,31.425833333333333,22.776878,19.488789,32.74636
ElecFMV6,2025-08-12 00:00:00+00:00,LZ_RAYBN,2025-08-12 19:00:00+00:00,36.32833333333333,25.609138,21.627514,36.055756
ElecFMV6,2025-08-12 00:00:00+00:00,LZ_RAYBN,2025-08-12 20:00:00+00:00,30.852500000000003,25.735535,22.08213,35.968697
ElecFMV6,2025-08-12 00:00:00+00:00,LZ_RAYBN,2025-08-12 21:00:00+00:00,40.54333333333333,25.491669,20.570187,36.900444
ElecFMV6,2025-08-12 00:00:00+00:00,LZ_RAYBN,2025-08-12 22:00:00+00:00,56.295,24.229963,19.109495,36.419903
ElecFMV6,2025-08-12 00:00:00+00:00,LZ_RAYBN,2025-08-12 23:00:00+00:00,107.07,29.007715,21.770033,43.57891
ElecFMV6,2025-08-13 00:00:00+00:00,LZ_LCRA,2025-08-13 00:00:00+00:00,90.79583333333332,96.81419,70.53525,130.52904
ElecFMV6,2025-08-13 00:00:00+00:00,LZ_LCRA,2025-08-13 01:00:00+00:00,70.8275,84.3185,58.420456,119.45131
ElecFMV6,2025-08-13 00:00:00+00:00,LZ_LCRA,2025-08-13 02:00:00+00:00,49.715833333333336,64.49514,42.192703,97.7023
ElecFMV6,2025-08-13 00:00:00+00:00,LZ_LCRA,2025-08-13 03:00:00+00:00,37.153333333333336,49.335045,30.981838,79.96773
ElecFMV6,2025-08-13 00:00:00+00:00,LZ_LCRA,2025-08-13 04:00:00+00:00,33.513333333333335,42.789185,29.344639,67.75599
ElecFMV6,2025-08-13 00:00:00+00:00,LZ_LCRA,2025-08-13 05:00:00+00:00,29.694166666666664,38.799866,28.33659,59.43093
ElecFMV6,2025-08-13 00:00:00+00:00,LZ_LCRA,2025-08-13 06:00:00+00:00,28.116666666666664,36.938896,29.517517,54.743008
ElecFMV6,2025-08-13 00:00:00+00:00,LZ_LCRA,2025-08-13 07:00:00+00:00,29.5825,32.69083,27.260283,49.734882
ElecFMV6,2025-08-13 00:00:00+00:00,LZ_LCRA,2025-08-13 08:00:00+00:00,29.55333333333333,27.4862,22.70049,41.420273
ElecFMV6,2025-08-13 00:00:00+00:00,LZ_LCRA,2025-08-13 09:00:00+00:00,33.20333333333333,24.06424,19.061775,37.414673
ElecFMV6,2025-08-13 00:00:00+00:00,LZ_LCRA,2025-08-13 10:00:00+00:00,37.9,29.860332,24.379463,42.378895
ElecFMV6,2025-08-13 00:00:00+00:00,LZ_LCRA,2025-08-13 11:00:00+00:00,59.92416666666667,30.391314,24.317724,44.740604
ElecFMV6,2025-08-13 00:00:00+00:00,LZ_LCRA,2025-08-13 12:00:00+00:00,43.4675,27.21555,21.327251,39.918007
ElecFMV6,2025-08-13 00:00:00+00:00,LZ_LCRA,2025-08-13 13:00:00+00:00,25.4525,26.436096,21.038662,38.93001
ElecFMV6,2025-08-13 00:00:00+00:00,LZ_LCRA,2025-08-13 14:00:00+00:00,25.419166666666666,28.308224,23.324831,41.52149
ElecFMV6,2025-08-13 00:00:00+00:00,LZ_LCRA,2025-08-13 15:00:00+00:00,25.819166666666664,29.237877,25.244122,44.187115
ElecFMV6,2025-08-13 00:00:00+00:00,LZ_LCRA,2025-08-13 16:00:00+00:00,32.72666666666667,32.691284,26.612858,48.965183
ElecFMV6,2025-08-13 00:00:00+00:00,LZ_LCRA,2025-08-13 17:00:00+00:00,52.73500000000001,43.77051,35.92072,63.7259
ElecFMV6,2025-08-13 00:00:00+00:00,LZ_LCRA,2025-08-13 18:00:00+00:00,82.88250000000001,48.415436,38.79115,71.966675
ElecFMV6,2025-08-13 00:00:00+00:00,LZ_LCRA,2025-08-13 19:00:00+00:00,61.678333333333335,51.881184,38.525757,78.464935
ElecFMV6,2025-08-13 00:00:00+00:00,LZ_LCRA,2025-08-13 20:00:00+00:00,53.13833333333333,56.145725,40.57936,85.588936
ElecFMV6,2025-08-13 00:00:00+00:00,LZ_LCRA,2025-08-13 21:00:00+00:00,43.345,57.674088,40.028263,88.1405
ElecFMV6,2025-08-13 00:00:00+00:00,LZ_LCRA,2025-08-13 22:00:00+00:00,46.259166666666665,58.039284,39.468094,89.74689
ElecFMV6,2025-08-13 00:00:00+00:00,LZ_LCRA,2025-08-13 23:00:00+00:00,65.46083333333333,64.42901,44.64407,98.46955
ElecFMV6,2025-08-13 00:00:00+00:00,LZ_WEST,2025-08-13 00:00:00+00:00,91.25666666666666,103.45662,74.17892,137.1225
ElecFMV6,2025-08-13 00:00:00+00:00,LZ_WEST,2025-08-13 01:00:00+00:00,71.54666666666667,95.488785,66.296875,130.90237
ElecFMV6,2025-08-13 00:00:00+00:00,LZ_WEST,2025-08-13 02:00:00+00:00,58.35,90.54349,63.016052,126.2582
ElecFMV6,2025-08-13 00:00:00+00:00,LZ_WEST,2025-08-13 03:00:00+00:00,55.16166666666667,87.56169,62.678303,121.82968
ElecFMV6,2025-08-13 00:00:00+00:00,LZ_WEST,2025-08-13 04:00:00+00:00,67.23666666666666,84.22508,60.317276,117.47431
ElecFMV6,2025-08-13 00:00:00+00:00,LZ_WEST,2025-08-13 05:00:00+00:00,69.68583333333333,86.71387,63.941196,119.159546
ElecFMV6,2025-08-13 00:00:00+00:00,LZ_WEST,2025-08-13 06:00:00+00:00,64.49499999999999,89.004166,65.91656,122.8275
ElecFMV6,2025-08-13 00:00:00+00:00,LZ_WEST,2025-08-13 07:00:00+00:00,63.14166666666667,81.22302,57.955074,115.38792
ElecFMV6,2025-08-13 00:00:00+00:00,LZ_WEST,2025-08-13 08:00:00+00:00,65.86583333333333,64.53487,41.13453,97.03469
ElecFMV6,2025-08-13 00:00:00+00:00,LZ_WEST,2025-08-13 09:00:00+00:00,73.44916666666667,60.48027,38.27366,92.00932
ElecFMV6,2025-08-13 00:00:00+00:00,LZ_WEST,2025-08-13 10:00:00+00:00,71.78666666666668,61.023376,39.271942,92.6617
ElecFMV6,2025-08-13 00:00:00+00:00,LZ_WEST,2025-08-13 11:00:00+00:00,80.71249999999999,60.763798,39.174137,90.95499
ElecFMV6,2025-08-13 00:00:00+00:00,LZ_WEST,2025-08-13 12:00:00+00:00,60.51583333333334,52.67629,31.61175,81.40219
ElecFMV6,2025-08-13 00:00:00+00:00,LZ_WEST,2025-08-13 13:00:00+00:00,26.986666666666665,41.134212,21.448298,67.66673
ElecFMV6,2025-08-13 00:00:00+00:00,LZ_WEST,2025-08-13 14:00:00+00:00,25.419166666666666,38.613075,21.4853,63.357937
ElecFMV6,2025-08-13 00:00:00+00:00,LZ_WEST,2025-08-13 15:00:00+00:00,25.824166666666667,28.697914,13.907633,50.106808
ElecFMV6,2025-08-13 00:00:00+00:00,LZ_WEST,2025-08-13 16:00:00+00:00,32.56333333333333,25.316566,11.90955,44.885212
ElecFMV6,2025-08-13 00:00:00+00:00,LZ_WEST,2025-08-13 17:00:00+00:00,34.17333333333333,30.25233,18.079199,49.758514
ElecFMV6,2025-08-13 00:00:00+00:00,LZ_WEST,2025-08-13 18:00:00+00:00,38.535833333333336,34.666683,21.136587,55.478466
ElecFMV6,2025-08-13 00:00:00+00:00,LZ_WEST,2025-08-13 19:00:00+00:00,41.635,37.29182,22.366262,58.991093
ElecFMV6,2025-08-13 00:00:00+00:00,LZ_WEST,2025-08-13 20:00:00+00:00,53.8425,38.55637,21.50693,61.83814
ElecFMV6,2025-08-13 00:00:00+00:00,LZ_WEST,2025-08-13 21:00:00+00:00,47.836666666666666,40.598938,21.957989,64.103714
ElecFMV6,2025-08-13 00:00:00+00:00,LZ_WEST,2025-08-13 22:00:00+00:00,52.178333333333335,39.12999,18.861015,63.736893
ElecFMV6,2025-08-13 00:00:00+00:00,LZ_WEST,2025-08-13 23:00:00+00:00,69.38416666666667,50.266045,28.843353,76.504715
ElecFMV6,2025-08-13 00:00:00+00:00,LZ_RAYBN,2025-08-13 00:00:00+00:00,88.38416666666666,102.99257,78.14413,134.25471
ElecFMV6,2025-08-13 00:00:00+00:00,LZ_RAYBN,2025-08-13 01:00:00+00:00,69.715,82.31674,57.71271,115.85089
ElecFMV6,2025-08-13 00:00:00+00:00,LZ_RAYBN,2025-08-13 02:00:00+00:00,47.303333333333335,60.642315,40.0327,93.04171
ElecFMV6,2025-08-13 00:00:00+00:00,LZ_RAYBN,2025-08-13 03:00:00+00:00,35.98416666666667,42.482925,26.332483,73.05935
ElecFMV6,2025-08-13 00:00:00+00:00,LZ_RAYBN,2025-08-13 04:00:00+00:00,32.52583333333333,37.440796,25.74314,63.32213
ElecFMV6,2025-08-13 00:00:00+00:00,LZ_RAYBN,2025-08-13 05:00:00+00:00,31.62,32.26359,23.132614,55.789665
ElecFMV6,2025-08-13 00:00:00+00:00,LZ_RAYBN,2025-08-13 06:00:00+00:00,29.964166666666667,33.902176,25.479067,57.651215
ElecFMV6,2025-08-13 00:00:00+00:00,LZ_RAYBN,2025-08-13 07:00:00+00:00,31.26,29.046843,21.0853,54.06658
ElecFMV6,2025-08-13 00:00:00+00:00,LZ_RAYBN,2025-08-13 08:00:00+00:00,31.39833333333333,28.196936,20.182169,51.26783
ElecFMV6,2025-08-13 00:00:00+00:00,LZ_RAYBN,2025-08-13 09:00:00+00:00,35.33083333333334,26.884361,18.732178,49.636436
ElecFMV6,2025-08-13 00:00:00+00:00,LZ_RAYBN,2025-08-13 10:00:00+00:00,38.880833333333335,28.538185,20.410358,50.96483
ElecFMV6,2025-08-13 00:00:00+00:00,LZ_RAYBN,2025-08-13 11:00:00+00:00,45.67416666666667,32.708736,23.610613,56.919567
ElecFMV6,2025-08-13 00:00:00+00:00,LZ_RAYBN,2025-08-13 12:00:00+00:00,36.79083333333333,29.917067,19.932009,52.413948
ElecFMV6,2025-08-13 00:00:00+00:00,LZ_RAYBN,2025-08-13 13:00:00+00:00,25.514166666666668,26.263866,15.962778,49.111076
ElecFMV6,2025-08-13 00:00:00+00:00,LZ_RAYBN,2025-08-13 14:00:00+00:00,25.419166666666666,24.111052,14.59765,46.042274
ElecFMV6,2025-08-13 00:00:00+00:00,LZ_RAYBN,2025-08-13 15:00:00+00:00,25.819166666666664,27.546549,19.37157,48.355347
ElecFMV6,2025-08-13 00:00:00+00:00,LZ_RAYBN,2025-08-13 16:00:00+00:00,32.649166666666666,25.465204,18.033262,44.87902
ElecFMV6,2025-08-13 00:00:00+00:00,LZ_RAYBN,2025-08-13 17:00:00+00:00,31.4225,26.807999,19.470776,46.83573
ElecFMV6,2025-08-13 00:00:00+00:00,LZ_RAYBN,2025-08-13 18:00:00+00:00,31.84166666666667,28.215307,20.092989,49.1987
ElecFMV6,2025-08-13 00:00:00+00:00,LZ_RAYBN,2025-08-13 19:00:00+00:00,36.14083333333333,31.410797,22.033289,53.324448
ElecFMV6,2025-08-13 00:00:00+00:00,LZ_RAYBN,2025-08-13 20:00:00+00:00,43.8325,31.248638,19.997372,54.088894
ElecFMV6,2025-08-13 00:00:00+00:00,LZ_RAYBN,2025-08-13 21:00:00+00:00,39.53416666666666,31.967026,19.329754,56.365612
ElecFMV6,2025-08-13 00:00:00+00:00,LZ_RAYBN,2025-08-13 22:00:00+00:00,46.39666666666667,33.891376,19.968037,59.4411
ElecFMV6,2025-08-13 00:00:00+00:00,LZ_RAYBN,2025-08-13 23:00:00+00:00,64.84083333333334,43.498013,27.255806,71.40768
ElecFMV6,2025-08-14 00:00:00+00:00,LZ_LCRA,2025-08-14 00:00:00+00:00,75.51,63.830414,49.086105,87.42523
ElecFMV6,2025-08-14 00:00:00+00:00,LZ_LCRA,2025-08-14 01:00:00+00:00,57.05833333333334,54.255417,39.957558,79.79889
ElecFMV6,2025-08-14 00:00:00+00:00,LZ_LCRA,2025-08-14 02:00:00+00:00,47.77916666666667,45.991566,33.882854,70.66539
ElecFMV6,2025-08-14 00:00:00+00:00,LZ_LCRA,2025-08-14 03:00:00+00:00,32.64666666666667,36.789265,27.272984,60.862938
ElecFMV6,2025-08-14 00:00:00+00:00,LZ_LCRA,2025-08-14 04:00:00+00:00,28.988333333333333,32.50067,25.267757,52.712852
ElecFMV6,2025-08-14 00:00:00+00:00,LZ_LCRA,2025-08-14 05:00:00+00:00,27.160833333333333,33.32127,25.246155,52.81757
ElecFMV6,2025-08-14 00:00:00+00:00,LZ_LCRA,2025-08-14 06:00:00+00:00,24.805000000000003,31.660057,24.802626,52.387672
ElecFMV6,2025-08-14 00:00:00+00:00,LZ_LCRA,2025-08-14 07:00:00+00:00,23.293333333333333,26.052063,18.906574,48.127186
ElecFMV6,2025-08-14 00:00:00+00:00,LZ_LCRA,2025-08-14 08:00:00+00:00,22.105,23.73336,16.923784,41.222343
ElecFMV6,2025-08-14 00:00:00+00:00,LZ_LCRA,2025-08-14 09:00:00+00:00,23.06083333333333,23.186388,17.08034,38.464798
ElecFMV6,2025-08-14 00:00:00+00:00,LZ_LCRA,2025-08-14 10:00:00+00:00,23.700833333333332,26.304281,21.358582,39.539574
ElecFMV6,2025-08-14 00:00:00+00:00,LZ_LCRA,2025-08-14 11:00:00+00:00,29.351666666666663,32.466877,27.412758,45.91829
ElecFMV6,2025-08-14 00:00:00+00:00,LZ_LCRA,2025-08-14 12:00:00+00:00,25.2775,29.691387,25.228537,41.70148
ElecFMV6,2025-08-14 00:00:00+00:00,LZ_LCRA,2025-08-14 13:00:00+00:00,19.64333333333333,27.663864,23.23138,41.851303
ElecFMV6,2025-08-14 00:00:00+00:00,LZ_LCRA,2025-08-14 14:00:00+00:00,19.64,27.097214,22.465393,41.89035
ElecFMV6,2025-08-14 00:00:00+00:00,LZ_LCRA,2025-08-14 15:00:00+00:00,28.381666666666668,27.12685,22.73984,43.624405
ElecFMV6,2025-08-14 00:00:00+00:00,LZ_LCRA,2025-08-14 16:00:00+00:00,37.123333333333335,30.230934,23.87771,48.03704
ElecFMV6,2025-08-14 00:00:00+00:00,LZ_LCRA,2025-08-14 17:00:00+00:00,60.5375,42.944214,35.22172,63.158474
ElecFMV6,2025-08-14 00:00:00+00:00,LZ_LCRA,2025-08-14 18:00:00+00:00,78.43833333333333,46.4123,36.516674,69.05644
ElecFMV6,2025-08-14 00:00:00+00:00,LZ_LCRA,2025-08-14 19:00:00+00:00,57.22333333333333,49.97768,37.522865,73.52753
ElecFMV6,2025-08-14 00:00:00+00:00,LZ_LCRA,2025-08-14 20:00:00+00:00,85.815,54.339386,41.511124,79.27692
ElecFMV6,2025-08-14 00:00:00+00:00,LZ_LCRA,2025-08-14 21:00:00+00:00,87.71666666666665,53.062996,38.53302,79.5625
ElecFMV6,2025-08-14 00:00:00+00:00,LZ_LCRA,2025-08-14 22:00:00+00:00,90.35416666666669,52.389748,37.04406,81.44331
ElecFMV6,2025-08-14 00:00:00+00:00,LZ_LCRA,2025-08-14 23:00:00+00:00,62.42916666666667,61.57277,45.01222,94.15695
ElecFMV6,2025-08-14 00:00:00+00:00,LZ_WEST,2025-08-14 00:00:00+00:00,77.68249999999999,76.840904,63.5748,93.14598
ElecFMV6,2025-08-14 00:00:00+00:00,LZ_WEST,2025-08-14 01:00:00+00:00,62.9425,73.75886,59.73286,92.261566
ElecFMV6,2025-08-14 00:00:00+00:00,LZ_WEST,2025-08-14 02:00:00+00:00,60.806666666666665,72.587456,57.06054,93.5649
ElecFMV6,2025-08-14 00:00:00+00:00,LZ_WEST,2025-08-14 03:00:00+00:00,50.07749999999999,68.49767,52.07182,91.49136
ElecFMV6,2025-08-14 00:00:00+00:00,LZ_WEST,2025-08-14 04:00:00+00:00,44.89333333333334,68.76641,51.38593,92.23308
ElecFMV6,2025-08-14 00:00:00+00:00,LZ_WEST,2025-08-14 05:00:00+00:00,42.751666666666665,70.49382,51.660572,95.25745
ElecFMV6,2025-08-14 00:00:00+00:00,LZ_WEST,2025-08-14 06:00:00+00:00,37.58166666666667,65.5152,46.29837,92.3566
ElecFMV6,2025-08-14 00:00:00+00:00,LZ_WEST,2025-08-14 07:00:00+00:00,27.05666666666667,59.329247,39.594326,86.57997
ElecFMV6,2025-08-14 00:00:00+00:00,LZ_WEST,2025-08-14 08:00:00+00:00,22.105,58.275887,38.29657,83.35798
ElecFMV6,2025-08-14 00:00:00+00:00,LZ_WEST,2025-08-14 09:00:00+00:00,23.06083333333333,63.832237,43.96484,87.24477
ElecFMV6,2025-08-14 00:00:00+00:00,LZ_WEST,2025-08-14 10:00:00+00:00,23.700833333333332,64.713326,45.053986,87.53407
ElecFMV6,2025-08-14 00:00:00+00:00,LZ_WEST,2025-08-14 11:00:00+00:00,29.351666666666663,66.963036,48.04662,89.4023
ElecFMV6,2025-08-14 00:00:00+00:00,LZ_WEST,2025-08-14 12:00:00+00:00,25.290000000000003,54.06772,35.392166,74.761086
ElecFMV6,2025-08-14 00:00:00+00:00,LZ_WEST,2025-08-14 13:00:00+00:00,19.696666666666665,39.779415,21.100473,59.7739
ElecFMV6,2025-08-14 00:00:00+00:00,LZ_WEST,2025-08-14 14:00:00+00:00,19.589166666666667,35.68787,17.790403,55.756454
ElecFMV6,2025-08-14 00:00:00+00:00,LZ_WEST,2025-08-14 15:00:00+00:00,23.763333333333335,33.3351,16.109629,52.635838
ElecFMV6,2025-08-14 00:00:00+00:00,LZ_WEST,2025-08-14 16:00:00+00:00,27.9375,31.364632,14.067627,50.083916
ElecFMV6,2025-08-14 00:00:00+00:00,LZ_WEST,2025-08-14 17:00:00+00:00,36.6575,35.53765,19.509977,54.66934
ElecFMV6,2025-08-14 00:00:00+00:00,LZ_WEST,2025-08-14 18:00:00+00:00,43.71666666666667,36.7162,19.601229,56.54529
ElecFMV6,2025-08-14 00:00:00+00:00,LZ_WEST,2025-08-14 19:00:00+00:00,32.02916666666667,39.24758,22.032713,59.120857
ElecFMV6,2025-08-14 00:00:00+00:00,LZ_WEST,2025-08-14 20:00:00+00:00,34.221666666666664,40.37231,21.458895,60.720493
ElecFMV6,2025-08-14 00:00:00+00:00,LZ_WEST,2025-08-14 21:00:00+00:00,37.92,41.491985,21.418829,61.621117
ElecFMV6,2025-08-14 00:00:00+00:00,LZ_WEST,2025-08-14 22:00:00+00:00,38.0875,46.05093,25.651752,66.695465
ElecFMV6,2025-08-14 00:00:00+00:00,LZ_WEST,2025-08-14 23:00:00+00:00,45.635,55.005386,34.1667,75.84366
ElecFMV6,2025-08-14 00:00:00+00:00,LZ_RAYBN,2025-08-14 00:00:00+00:00,72.62583333333333,72.59736,59.683205,90.43344
ElecFMV6,2025-08-14 00:00:00+00:00,LZ_RAYBN,2025-08-14 01:00:00+00:00,54.16166666666667,61.388077,48.937996,80.93269
ElecFMV6,2025-08-14 00:00:00+00:00,LZ_RAYBN,2025-08-14 02:00:00+00:00,44.76916666666667,51.117645,40.594025,70.21014
ElecFMV6,2025-08-14 00:00:00+00:00,LZ_RAYBN,2025-08-14 03:00:00+00:00,29.3625,41.33824,32.878597,60.069855
ElecFMV6,2025-08-14 00:00:00+00:00,LZ_RAYBN,2025-08-14 04:00:00+00:00,25.995,41.50777,34.533886,57.592278
ElecFMV6,2025-08-14 00:00:00+00:00,LZ_RAYBN,2025-08-14 05:00:00+00:00,24.171666666666667,39.153816,32.042263,55.374336
ElecFMV6,2025-08-14 00:00:00+00:00,LZ_RAYBN,2025-08-14 06:00:00+00:00,34.053333333333335,40.198196,32.416843,57.41617
ElecFMV6,2025-08-14 00:00:00+00:00,LZ_RAYBN,2025-08-14 07:00:00+00:00,22.66,35.199516,26.810371,54.043343
ElecFMV6,2025-08-14 00:00:00+00:00,LZ_RAYBN,2025-08-14 08:00:00+00:00,22.105,33.587868,25.08968,50.45742
ElecFMV6,2025-08-14 00:00:00+00:00,LZ_RAYBN,2025-08-14 09:00:00+00:00,23.06083333333333,37.563587,29.070229,53.275826
ElecFMV6,2025-08-14 00:00:00+00:00,LZ_RAYBN,2025-08-14 10:00:00+00:00,23.700833333333332,37.10576,29.27035,52.1131
ElecFMV6,2025-08-14 00:00:00+00:00,LZ_RAYBN,2025-08-14 11:00:00+00:00,29.351666666666663,40.23697,32.766827,56.550278
ElecFMV6,2025-08-14 00:00:00+00:00,LZ_RAYBN,2025-08-14 12:00:00+00:00,25.2775,35.256615,27.560322,49.78117
ElecFMV6,2025-08-14 00:00:00+00:00,LZ_RAYBN,2025-08-14 13:00:00+00:00,19.64333333333333,32.058857,23.73335,47.064144
ElecFMV6,2025-08-14 00:00:00+00:00,LZ_RAYBN,2025-08-14 14:00:00+00:00,19.629166666666663,31.184397,23.43656,46.29281
ElecFMV6,2025-08-14 00:00:00+00:00,LZ_RAYBN,2025-08-14 15:00:00+00:00,23.51083333333333,33.161655,25.540085,48.34019
ElecFMV6,2025-08-14 00:00:00+00:00,LZ_RAYBN,2025-08-14 16:00:00+00:00,27.3925,30.443954,21.778845,45.396904
ElecFMV6,2025-08-14 00:00:00+00:00,LZ_RAYBN,2025-08-14 17:00:00+00:00,33.86833333333333,31.800653,22.514473,48.51352
ElecFMV6,2025-08-14 00:00:00+00:00,LZ_RAYBN,2025-08-14 18:00:00+00:00,40.79333333333333,31.707708,19.99606,50.159607
ElecFMV6,2025-08-14 00:00:00+00:00,LZ_RAYBN,2025-08-14 19:00:00+00:00,36.03916666666667,37.914963,24.197563,57.95488
ElecFMV6,2025-08-14 00:00:00+00:00,LZ_RAYBN,2025-08-14 20:00:00+00:00,34.365,37.926674,22.487755,59.010345
ElecFMV6,2025-08-14 00:00:00+00:00,LZ_RAYBN,2025-08-14 21:00:00+00:00,38.1125,37.730915,21.8555,59.35115
ElecFMV6,2025-08-14 00:00:00+00:00,LZ_RAYBN,2025-08-14 22:00:00+00:00,31.139166666666668,43.208878,25.802357,65.29997
ElecFMV6,2025-08-14 00:00:00+00:00,LZ_RAYBN,2025-08-14 23:00:00+00:00,41.344166666666666,51.115955,33.193157,75.1969
ElecFMV6,2025-08-15 00:00:00+00:00,LZ_LCRA,2025-08-15 00:00:00+00:00,102.53666666666668,75.27792,49.891228,112.7773
ElecFMV6,2025-08-15 00:00:00+00:00,LZ_LCRA,2025-08-15 01:00:00+00:00,66.65083333333334,61.41131,37.706142,100.152626
ElecFMV6,2025-08-15 00:00:00+00:00,LZ_LCRA,2025-08-15 02:00:00+00:00,64.57916666666667,49.937332,30.272064,87.02039
ElecFMV6,2025-08-15 00:00:00+00:00,LZ_LCRA,2025-08-15 03:00:00+00:00,36.9475,42.02019,25.61664,77.14787
ElecFMV6,2025-08-15 00:00:00+00:00,LZ_LCRA,2025-08-15 04:00:00+00:00,30.10833333333333,36.785492,23.301008,66.69318
ElecFMV6,2025-08-15 00:00:00+00:00,LZ_LCRA,2025-08-15 05:00:00+00:00,28.374166666666667,34.214424,21.809774,61.87201
ElecFMV6,2025-08-15 00:00:00+00:00,LZ_LCRA,2025-08-15 06:00:00+00:00,25.745,32.05947,21.846321,59.10255
ElecFMV6,2025-08-15 00:00:00+00:00,LZ_LCRA,2025-08-15 07:00:00+00:00,23.82166666666667,23.060055,14.19375,48.70456
ElecFMV6,2025-08-15 00:00:00+00:00,LZ_LCRA,2025-08-15 08:00:00+00:00,23.56083333333333,20.625895,12.233671,41.56086
ElecFMV6,2025-08-15 00:00:00+00:00,LZ_LCRA,2025-08-15 09:00:00+00:00,24.425,22.80129,15.458473,42.052074
ElecFMV6,2025-08-15 00:00:00+00:00,LZ_LCRA,2025-08-15 10:00:00+00:00,30.7825,28.306366,20.83549,46.19999
ElecFMV6,2025-08-15 00:00:00+00:00,LZ_LCRA,2025-08-15 11:00:00+00:00,40.91333333333333,30.277763,22.32246,50.309998
ElecFMV6,2025-08-15 00:00:00+00:00,LZ_LCRA,2025-08-15 12:00:00+00:00,29.727500000000003,28.7025,21.240385,48.167442
ElecFMV6,2025-08-15 00:00:00+00:00,LZ_LCRA,2025-08-15 13:00:00+00:00,20.701666666666664,26.67893,19.528011,46.088684
ElecFMV6,2025-08-15 00:00:00+00:00,LZ_LCRA,2025-08-15 14:00:00+00:00,18.96,24.912294,18.569616,45.50488
ElecFMV6,2025-08-15 00:00:00+00:00,LZ_LCRA,2025-08-15 15:00:00+00:00,24.995,27.94359,22.28455,50.53765
ElecFMV6,2025-08-15 00:00:00+00:00,LZ_LCRA,2025-08-15 16:00:00+00:00,44.38166666666667,34.173023,25.798414,60.808334
ElecFMV6,2025-08-15 00:00:00+00:00,LZ_LCRA,2025-08-15 17:00:00+00:00,41.31666666666667,47.493427,35.985367,79.315956
ElecFMV6,2025-08-15 00:00:00+00:00,LZ_LCRA,2025-08-15 18:00:00+00:00,42.21333333333333,53.81798,37.7009,90.57623
ElecFMV6,2025-08-15 00:00:00+00:00,LZ_LCRA,2025-08-15 19:00:00+00:00,65.8425,55.439346,35.992302,94.95305
ElecFMV6,2025-08-15 00:00:00+00:00,LZ_LCRA,2025-08-15 20:00:00+00:00,57.009166666666665,55.25736,34.07723,97.86456
ElecFMV6,2025-08-15 00:00:00+00:00,LZ_LCRA,2025-08-15 21:00:00+00:00,46.623333333333335,56.181286,33.056847,101.14252
ElecFMV6,2025-08-15 00:00:00+00:00,LZ_LCRA,2025-08-15 22:00:00+00:00,47.303333333333335,57.684456,34.55513,103.734215
ElecFMV6,2025-08-15 00:00:00+00:00,LZ_LCRA,2025-08-15 23:00:00+00:00,45.45333333333334,62.111847,38.591717,109.1824
ElecFMV6,2025-08-15 00:00:00+00:00,LZ_WEST,2025-08-15 00:00:00+00:00,93.3825,56.270866,44.15169,72.77081
ElecFMV6,2025-08-15 00:00:00+00:00,LZ_WEST,2025-08-15 01:00:00+00:00,73.57666666666667,51.755943,37.758587,70.563835
ElecFMV6,2025-08-15 00:00:00+00:00,LZ_WEST,2025-08-15 02:00:00+00:00,82.9075,47.55584,32.413322,68.94059
ElecFMV6,2025-08-15 00:00:00+00:00,LZ_WEST,2025-08-15 03:00:00+00:00,53.46416666666667,49.08197,32.46877,72.192085
ElecFMV6,2025-08-15 00:00:00+00:00,LZ_WEST,2025-08-15 04:00:00+00:00,44.73166666666666,42.38287,23.831123,66.4067
ElecFMV6,2025-08-15 00:00:00+00:00,LZ_WEST,2025-08-15 05:00:00+00:00,41.57916666666667,45.53728,23.984037,71.72447
ElecFMV6,2025-08-15 00:00:00+00:00,LZ_WEST,2025-08-15 06:00:00+00:00,38.575,39.502625,17.002195,69.742584
ElecFMV6,2025-08-15 00:00:00+00:00,LZ_WEST,2025-08-15 07:00:00+00:00,42.38166666666667,31.66064,7.0854225,62.627598
ElecFMV6,2025-08-15 00:00:00+00:00,LZ_WEST,2025-08-15 08:00:00+00:00,31.23,33.856544,8.114635,64.52866
ElecFMV6,2025-08-15 00:00:00+00:00,LZ_WEST,2025-08-15 09:00:00+00:00,25.486666666666665,32.08544,5.8907204,62.29373
ElecFMV6,2025-08-15 00:00:00+00:00,LZ_WEST,2025-08-15 10:00:00+00:00,48.435,36.097534,9.055168,65.63307
ElecFMV6,2025-08-15 00:00:00+00:00,LZ_WEST,2025-08-15 11:00:00+00:00,66.46416666666666,34.55797,8.461147,63.639202
ElecFMV6,2025-08-15 00:00:00+00:00,LZ_WEST,2025-08-15 12:00:00+00:00,35.36,25.071503,0.33333206,52.862083
ElecFMV6,2025-08-15 00:00:00+00:00,LZ_WEST,2025-08-15 13:00:00+00:00,21.129166666666663,18.428862,-4.70525,43.813984
ElecFMV6,2025-08-15 00:00:00+00:00,LZ_WEST,2025-08-15 14:00:00+00:00,15.6275,18.198565,-2.9228172,43.530685
ElecFMV6,2025-08-15 00:00:00+00:00,LZ_WEST,2025-08-15 15:00:00+00:00,15.86,18.376701,-1.5834045,41.382915
ElecFMV6,2025-08-15 00:00:00+00:00,LZ_WEST,2025-08-15 16:00:00+00:00,20.52833333333333,23.752531,3.0475464,45.950054
ElecFMV6,2025-08-15 00:00:00+00:00,LZ_WEST,2025-08-15 17:00:00+00:00,19.171666666666667,28.289845,8.409424,50.032326
ElecFMV6,2025-08-15 00:00:00+00:00,LZ_WEST,2025-08-15 18:00:00+00:00,15.766666666666666,28.476192,8.527412,51.845222
ElecFMV6,2025-08-15 00:00:00+00:00,LZ_WEST,2025-08-15 19:00:00+00:00,21.2625,32.311527,14.139952,53.901943
ElecFMV6,2025-08-15 00:00:00+00:00,LZ_WEST,2025-08-15 20:00:00+00:00,24.44083333333333,24.745281,5.723488,45.77797
ElecFMV6,2025-08-15 00:00:00+00:00,LZ_WEST,2025-08-15 21:00:00+00:00,17.898333333333333,29.92395,9.762226,52.223248
ElecFMV6,2025-08-15 00:00:00+00:00,LZ_WEST,2025-08-15 22:00:00+00:00,27.48,26.556747,4.2940674,51.498413
ElecFMV6,2025-08-15 00:00:00+00:00,LZ_WEST,2025-08-15 23:00:00+00:00,66.365,35.472008,10.579075,61.656
ElecFMV6,2025-08-15 00:00:00+00:00,LZ_RAYBN,2025-08-15 00:00:00+00:00,90.21,57.709923,45.379288,76.115295
ElecFMV6,2025-08-15 00:00:00+00:00,LZ_RAYBN,2025-08-15 01:00:00+00:00,64.2025,48.782005,36.711517,68.067055
ElecFMV6,2025-08-15 00:00:00+00:00,LZ_RAYBN,2025-08-15 02:00:00+00:00,44.9825,41.815117,31.07928,60.788147
ElecFMV6,2025-08-15 00:00:00+00:00,LZ_RAYBN,2025-08-15 03:00:00+00:00,25.99833333333333,35.274914,26.177237,53.576042
ElecFMV6,2025-08-15 00:00:00+00:00,LZ_RAYBN,2025-08-15 04:00:00+00:00,23.013333333333332,31.975033,24.2426,48.284477
ElecFMV6,2025-08-15 00:00:00+00:00,LZ_RAYBN,2025-08-15 05:00:00+00:00,24.495,30.578651,23.553381,46.050476
ElecFMV6,2025-08-15 00:00:00+00:00,LZ_RAYBN,2025-08-15 06:00:00+00:00,22.66,31.489378,25.100939,47.82521
ElecFMV6,2025-08-15 00:00:00+00:00,LZ_RAYBN,2025-08-15 07:00:00+00:00,21.90833333333333,26.471857,20.064247,43.71371
ElecFMV6,2025-08-15 00:00:00+00:00,LZ_RAYBN,2025-08-15 08:00:00+00:00,23.1125,26.890472,19.622074,42.778675
ElecFMV6,2025-08-15 00:00:00+00:00,LZ_RAYBN,2025-08-15 09:00:00+00:00,24.24833333333333,27.739649,20.182243,43.268204
ElecFMV6,2025-08-15 00:00:00+00:00,LZ_RAYBN,2025-08-15 10:00:00+00:00,27.614166666666662,28.452883,20.214674,44.13508
ElecFMV6,2025-08-15 00:00:00+00:00,LZ_RAYBN,2025-08-15 11:00:00+00:00,36.275,30.683079,22.372845,47.429615
ElecFMV6,2025-08-15 00:00:00+00:00,LZ_RAYBN,2025-08-15 12:00:00+00:00,28.695,26.719765,18.904772,42.323235
ElecFMV6,2025-08-15 00:00:00+00:00,LZ_RAYBN,2025-08-15 13:00:00+00:00,20.575,23.850761,16.098137,39.851498
ElecFMV6,2025-08-15 00:00:00+00:00,LZ_RAYBN,2025-08-15 14:00:00+00:00,16.856666666666666,25.252884,17.521603,41.038586
ElecFMV6,2025-08-15 00:00:00+00:00,LZ_RAYBN,2025-08-15 15:00:00+00:00,17.405,24.937983,17.983337,40.41786
ElecFMV6,2025-08-15 00:00:00+00:00,LZ_RAYBN,2025-08-15 16:00:00+00:00,20.089166666666667,27.206057,19.675514,42.02163
ElecFMV6,2025-08-15 00:00:00+00:00,LZ_RAYBN,2025-08-15 17:00:00+00:00,20.620833333333337,29.792095,22.588268,45.49459
ElecFMV6,2025-08-15 00:00:00+00:00,LZ_RAYBN,2025-08-15 18:00:00+00:00,20.56583333333333,29.382488,21.289455,45.914227
ElecFMV6,2025-08-15 00:00:00+00:00,LZ_RAYBN,2025-08-15 19:00:00+00:00,24.40083333333333,31.011616,22.646328,47.580902
ElecFMV6,2025-08-15 00:00:00+00:00,LZ_RAYBN,2025-08-15 20:00:00+00:00,24.63,29.960651,21.035664,47.828693
ElecFMV6,2025-08-15 00:00:00+00:00,LZ_RAYBN,2025-08-15 21:00:00+00:00,25.093333333333337,30.178705,21.114498,48.851105
ElecFMV6,2025-08-15 00:00:00+00:00,LZ_RAYBN,2025-08-15 22:00:00+00:00,28.120833333333337,33.056915,22.644648,53.02993
ElecFMV6,2025-08-15 00:00:00+00:00,LZ_RAYBN,2025-08-15 23:00:00+00:00,36.22666666666667,38.344383,27.021082,59.754253
ElecFMV6,2025-08-16 00:00:00+00:00,LZ_LCRA,2025-08-16 00:00:00+00:00,54.89416666666667,57.61861,40.603153,84.759384
ElecFMV6,2025-08-16 00:00:00+00:00,LZ_LCRA,2025-08-16 01:00:00+00:00,58.72416666666667,49.649807,34.200172,77.00061
ElecFMV6,2025-08-16 00:00:00+00:00,LZ_LCRA,2025-08-16 02:00:00+00:00,58.13,43.52139,30.990215,69.73928
ElecFMV6,2025-08-16 00:00:00+00:00,LZ_LCRA,2025-08-16 03:00:00+00:00,42.193333333333335,34.33245,24.29322,59.59365
ElecFMV6,2025-08-16 00:00:00+00:00,LZ_LCRA,2025-08-16 04:00:00+00:00,30.320833333333336,31.411217,22.794285,54.304314
ElecFMV6,2025-08-16 00:00:00+00:00,LZ_LCRA,2025-08-16 05:00:00+00:00,27.135,28.632706,20.299133,50.412636
ElecFMV6,2025-08-16 00:00:00+00:00,LZ_LCRA,2025-08-16 06:00:00+00:00,22.151666666666667,24.151085,17.318323,46.202435
ElecFMV6,2025-08-16 00:00:00+00:00,LZ_LCRA,2025-08-16 07:00:00+00:00,21.7975,21.010015,15.499393,42.020706
ElecFMV6,2025-08-16 00:00:00+00:00,LZ_LCRA,2025-08-16 08:00:00+00:00,21.7,21.311663,15.772968,39.176647
ElecFMV6,2025-08-16 00:00:00+00:00,LZ_LCRA,2025-08-16 09:00:00+00:00,22.2825,20.679913,15.659258,38.622025
ElecFMV6,2025-08-16 00:00:00+00:00,LZ_LCRA,2025-08-16 10:00:00+00:00,26.895,24.73886,19.189856,41.694
ElecFMV6,2025-08-16 00:00:00+00:00,LZ_LCRA,2025-08-16 11:00:00+00:00,29.7075,29.862444,23.621607,47.940453
ElecFMV6,2025-08-16 00:00:00+00:00,LZ_LCRA,2025-08-16 12:00:00+00:00,29.271666666666665,26.941051,21.338242,43.896187
ElecFMV6,2025-08-16 00:00:00+00:00,LZ_LCRA,2025-08-16 13:00:00+00:00,21.925833333333333,25.014933,20.674643,41.364742
ElecFMV6,2025-08-16 00:00:00+00:00,LZ_LCRA,2025-08-16 14:00:00+00:00,19.88833333333333,21.810684,18.001194,39.14206
ElecFMV6,2025-08-16 00:00:00+00:00,LZ_LCRA,2025-08-16 15:00:00+00:00,20.156666666666663,22.807625,18.629147,41.602444
ElecFMV6,2025-08-16 00:00:00+00:00,LZ_LCRA,2025-08-16 16:00:00+00:00,25.391666666666666,30.258442,23.461435,53.623734
ElecFMV6,2025-08-16 00:00:00+00:00,LZ_LCRA,2025-08-16 17:00:00+00:00,26.263333333333332,40.26816,30.489515,67.93572
ElecFMV6,2025-08-16 00:00:00+00:00,LZ_LCRA,2025-08-16 18:00:00+00:00,37.17583333333334,44.31791,30.816494,76.65648
ElecFMV6,2025-08-16 00:00:00+00:00,LZ_LCRA,2025-08-16 19:00:00+00:00,42.93416666666667,47.4277,31.154057,81.22655
ElecFMV6,2025-08-16 00:00:00+00:00,LZ_LCRA,2025-08-16 20:00:00+00:00,55.8625,49.234898,31.255085,83.78018
ElecFMV6,2025-08-16 00:00:00+00:00,LZ_LCRA,2025-08-16 21:00:00+00:00,57.46333333333333,51.834507,32.29522,86.632324
ElecFMV6,2025-08-16 00:00:00+00:00,LZ_LCRA,2025-08-16 22:00:00+00:00,46.74583333333334,51.924145,32.320694,88.29384
ElecFMV6,2025-08-16 00:00:00+00:00,LZ_LCRA,2025-08-16 23:00:00+00:00,52.12416666666667,55.12173,36.34425,91.34563
ElecFMV6,2025-08-16 00:00:00+00:00,LZ_WEST,2025-08-16 00:00:00+00:00,62.99166666666667,74.09066,52.588966,99.64848
ElecFMV6,2025-08-16 00:00:00+00:00,LZ_WEST,2025-08-16 01:00:00+00:00,66.0025,64.060455,41.27752,91.39875
ElecFMV6,2025-08-16 00:00:00+00:00,LZ_WEST,2025-08-16 02:00:00+00:00,81.72583333333334,61.743416,39.230503,89.341515
ElecFMV6,2025-08-16 00:00:00+00:00,LZ_WEST,2025-08-16 03:00:00+00:00,80.735,58.942078,37.71094,86.603775
ElecFMV6,2025-08-16 00:00:00+00:00,LZ_WEST,2025-08-16 04:00:00+00:00,60.77166666666667,51.565907,31.90343,77.624176
ElecFMV6,2025-08-16 00:00:00+00:00,LZ_WEST,2025-08-16 05:00:00+00:00,62.82916666666667,50.185265,31.074306,75.39458
ElecFMV6,2025-08-16 00:00:00+00:00,LZ_WEST,2025-08-16 06:00:00+00:00,40.4525,43.632736,26.112171,68.54347
ElecFMV6,2025-08-16 00:00:00+00:00,LZ_WEST,2025-08-16 07:00:00+00:00,33.61666666666667,40.98748,24.626225,65.14969
ElecFMV6,2025-08-16 00:00:00+00:00,LZ_WEST,2025-08-16 08:00:00+00:00,24.10833333333333,38.05003,22.187225,60.729763
ElecFMV6,2025-08-16 00:00:00+00:00,LZ_WEST,2025-08-16 09:00:00+00:00,25.59583333333333,38.23282,21.730404,60.852104
ElecFMV6,2025-08-16 00:00:00+00:00,LZ_WEST,2025-08-16 10:00:00+00:00,46.10916666666666,42.334957,24.922842,64.390434
ElecFMV6,2025-08-16 00:00:00+00:00,LZ_WEST,2025-08-16 11:00:00+00:00,58.939166666666665,43.39129,26.285986,65.324814
ElecFMV6,2025-08-16 00:00:00+00:00,LZ_WEST,2025-08-16 12:00:00+00:00,67.01166666666667,35.255146,19.14994,55.01587
ElecFMV6,2025-08-16 00:00:00+00:00,LZ_WEST,2025-08-16 13:00:00+00:00,31.97083333333333,28.876612,13.978899,46.326027
ElecFMV6,2025-08-16 00:00:00+00:00,LZ_WEST,2025-08-16 14:00:00+00:00,20.88,22.872799,9.07122,38.640675
ElecFMV6,2025-08-16 00:00:00+00:00,LZ_WEST,2025-08-16 15:00:00+00:00,20.46333333333333,22.628817,9.760906,37.22632
ElecFMV6,2025-08-16 00:00:00+00:00,LZ_WEST,2025-08-16 16:00:00+00:00,25.60833333333333,25.986145,12.82782,40.977386
ElecFMV6,2025-08-16 00:00:00+00:00,LZ_WEST,2025-08-16 17:00:00+00:00,26.263333333333332,29.090748,15.558554,45.15367
ElecFMV6,2025-08-16 00:00:00+00:00,LZ_WEST,2025-08-16 18:00:00+00:00,36.595,28.551064,14.615471,46.703625
ElecFMV6,2025-08-16 00:00:00+00:00,LZ_WEST,2025-08-16 19:00:00+00:00,38.740833333333335,30.53207,16.54472,48.995476
ElecFMV6,2025-08-16 00:00:00+00:00,LZ_WEST,2025-08-16 20:00:00+00:00,43.8375,30.551502,16.533485,48.65909
ElecFMV6,2025-08-16 00:00:00+00:00,LZ_WEST,2025-08-16 21:00:00+00:00,49.54750000000001,33.906357,18.836159,53.473663
ElecFMV6,2025-08-16 00:00:00+00:00,LZ_WEST,2025-08-16 22:00:00+00:00,66.56583333333333,35.083954,19.283497,55.788273
ElecFMV6,2025-08-16 00:00:00+00:00,LZ_WEST,2025-08-16 23:00:00+00:00,87.28916666666667,48.58632,31.326382,72.14755
ElecFMV6,2025-08-16 00:00:00+00:00,LZ_RAYBN,2025-08-16 00:00:00+00:00,51.12416666666667,49.15361,38.48941,63.613052
ElecFMV6,2025-08-16 00:00:00+00:00,LZ_RAYBN,2025-08-16 01:00:00+00:00,56.10416666666666,38.882126,29.080168,53.608437
ElecFMV6,2025-08-16 00:00:00+00:00,LZ_RAYBN,2025-08-16 02:00:00+00:00,51.0975,32.51945,24.437147,45.71053
ElecFMV6,2025-08-16 00:00:00+00:00,LZ_RAYBN,2025-08-16 03:00:00+00:00,33.7975,27.520287,21.495632,38.688087
ElecFMV6,2025-08-16 00:00:00+00:00,LZ_RAYBN,2025-08-16 04:00:00+00:00,23.44333333333333,25.810747,20.754509,35.024662
ElecFMV6,2025-08-16 00:00:00+00:00,LZ_RAYBN,2025-08-16 05:00:00+00:00,20.786666666666665,23.911547,19.295372,32.409035
ElecFMV6,2025-08-16 00:00:00+00:00,LZ_RAYBN,2025-08-16 06:00:00+00:00,19.91583333333333,22.762886,18.258385,31.413597
ElecFMV6,2025-08-16 00:00:00+00:00,LZ_RAYBN,2025-08-16 07:00:00+00:00,20.68,22.399887,17.937485,31.108389
ElecFMV6,2025-08-16 00:00:00+00:00,LZ_RAYBN,2025-08-16 08:00:00+00:00,21.286666666666665,21.668182,16.567554,30.170364
ElecFMV6,2025-08-16 00:00:00+00:00,LZ_RAYBN,2025-08-16 09:00:00+00:00,21.71,22.441286,16.032845,30.899696
ElecFMV6,2025-08-16 00:00:00+00:00,LZ_RAYBN,2025-08-16 10:00:00+00:00,23.54583333333333,25.198736,17.494503,34.003975
ElecFMV6,2025-08-16 00:00:00+00:00,LZ_RAYBN,2025-08-16 11:00:00+00:00,24.618333333333336,27.116894,18.496998,36.851788
ElecFMV6,2025-08-16 00:00:00+00:00,LZ_RAYBN,2025-08-16 12:00:00+00:00,22.674166666666665,25.59701,17.436066,34.9911
ElecFMV6,2025-08-16 00:00:00+00:00,LZ_RAYBN,2025-08-16 13:00:00+00:00,20.094166666666663,22.414413,15.330238,31.054403
ElecFMV6,2025-08-16 00:00:00+00:00,LZ_RAYBN,2025-08-16 14:00:00+00:00,19.599166666666665,22.728111,16.630161,30.563463
ElecFMV6,2025-08-16 00:00:00+00:00,LZ_RAYBN,2025-08-16 15:00:00+00:00,20.1975,20.803722,15.069663,28.074171
ElecFMV6,2025-08-16 00:00:00+00:00,LZ_RAYBN,2025-08-16 16:00:00+00:00,25.363333333333333,23.21051,17.335567,31.465405
ElecFMV6,2025-08-16 00:00:00+00:00,LZ_RAYBN,2025-08-16 17:00:00+00:00,26.263333333333332,24.871456,18.427341,33.848984
ElecFMV6,2025-08-16 00:00:00+00:00,LZ_RAYBN,2025-08-16 18:00:00+00:00,36.46666666666666,24.782522,17.500519,34.57326
ElecFMV6,2025-08-16 00:00:00+00:00,LZ_RAYBN,2025-08-16 19:00:00+00:00,38.910833333333336,26.63392,20.372906,36.77803
ElecFMV6,2025-08-16 00:00:00+00:00,LZ_RAYBN,2025-08-16 20:00:00+00:00,44.16916666666666,26.867996,20.673222,36.32599
ElecFMV6,2025-08-16 00:00:00+00:00,LZ_RAYBN,2025-08-16 21:00:00+00:00,37.7775,28.382502,22.436348,39.92199
ElecFMV6,2025-08-16 00:00:00+00:00,LZ_RAYBN,2025-08-16 22:00:00+00:00,34.108333333333334,29.534456,22.021553,43.272892
ElecFMV6,2025-08-16 00:00:00+00:00,LZ_RAYBN,2025-08-16 23:00:00+00:00,42.2975,37.891197,28.157513,54.594803
ElecFMV6,2025-08-17 00:00:00+00:00,LZ_LCRA,2025-08-17 00:00:00+00:00,71.68666666666667,55.133038,44.980053,70.224976
ElecFMV6,2025-08-17 00:00:00+00:00,LZ_LCRA,2025-08-17 01:00:00+00:00,72.9325,48.679718,37.72607,65.273476
ElecFMV6,2025-08-17 00:00:00+00:00,LZ_LCRA,2025-08-17 02:00:00+00:00,73.92833333333333,44.451347,34.241547,60.277233
ElecFMV6,2025-08-17 00:00:00+00:00,LZ_LCRA,2025-08-17 03:00:00+00:00,39.35583333333333,37.64985,28.1239,53.10392
ElecFMV6,2025-08-17 00:00:00+00:00,LZ_LCRA,2025-08-17 04:00:00+00:00,34.62916666666667,33.012047,24.519094,46.60295
ElecFMV6,2025-08-17 00:00:00+00:00,LZ_LCRA,2025-08-17 05:00:00+00:00,35.63166666666667,32.073936,22.222116,45.361668
ElecFMV6,2025-08-17 00:00:00+00:00,LZ_LCRA,2025-08-17 06:00:00+00:00,31.405,29.333921,20.111723,43.05368
ElecFMV6,2025-08-17 00:00:00+00:00,LZ_LCRA,2025-08-17 07:00:00+00:00,26.266666666666666,24.723104,15.97624,38.623585
ElecFMV6,2025-08-17 00:00:00+00:00,LZ_LCRA,2025-08-17 08:00:00+00:00,24.354166666666668,24.222244,16.200806,35.78927
ElecFMV6,2025-08-17 00:00:00+00:00,LZ_LCRA,2025-08-17 09:00:00+00:00,22.933333333333337,24.117746,17.220541,35.115894
ElecFMV6,2025-08-17 00:00:00+00:00,LZ_LCRA,2025-08-17 10:00:00+00:00,22.328333333333333,26.4396,20.328358,36.6346
ElecFMV6,2025-08-17 00:00:00+00:00,LZ_LCRA,2025-08-17 11:00:00+00:00,22.0325,29.755117,23.857538,41.07561
ElecFMV6,2025-08-17 00:00:00+00:00,LZ_LCRA,2025-08-17 12:00:00+00:00,20.886666666666667,27.583744,22.125904,38.94467
ElecFMV6,2025-08-17 00:00:00+00:00,LZ_LCRA,2025-08-17 13:00:00+00:00,16.590833333333332,24.80165,18.661654,37.088245
ElecFMV6,2025-08-17 00:00:00+00:00,LZ_LCRA,2025-08-17 14:00:00+00:00,16.035,23.847485,17.686512,37.729603
ElecFMV6,2025-08-17 00:00:00+00:00,LZ_LCRA,2025-08-17 15:00:00+00:00,22.2775,26.278461,19.050081,41.664368
ElecFMV6,2025-08-17 00:00:00+00:00,LZ_LCRA,2025-08-17 16:00:00+00:00,35.9175,29.940063,20.734453,47.87968
ElecFMV6,2025-08-17 00:00:00+00:00,LZ_LCRA,2025-08-17 17:00:00+00:00,57.16416666666667,40.013065,29.28341,61.396736
ElecFMV6,2025-08-17 00:00:00+00:00,LZ_LCRA,2025-08-17 18:00:00+00:00,78.89166666666667,47.311142,34.266037,70.69138
ElecFMV6,2025-08-17 00:00:00+00:00,LZ_LCRA,2025-08-17 19:00:00+00:00,85.27416666666666,48.05266,33.461098,72.42045
ElecFMV6,2025-08-17 00:00:00+00:00,LZ_LCRA,2025-08-17 20:00:00+00:00,94.04583333333332,51.186302,37.237133,76.201164
ElecFMV6,2025-08-17 00:00:00+00:00,LZ_LCRA,2025-08-17 21:00:00+00:00,89.66333333333334,54.347256,39.19329,79.41032
ElecFMV6,2025-08-17 00:00:00+00:00,LZ_LCRA,2025-08-17 22:00:00+00:00,86.1875,52.714245,37.786945,78.62968
ElecFMV6,2025-08-17 00:00:00+00:00,LZ_LCRA,2025-08-17 23:00:00+00:00,96.81333333333332,53.84634,38.391502,80.39052
ElecFMV6,2025-08-17 00:00:00+00:00,LZ_WEST,2025-08-17 00:00:00+00:00,79.34333333333333,79.1225,59.986607,101.27757
ElecFMV6,2025-08-17 00:00:00+00:00,LZ_WEST,2025-08-17 01:00:00+00:00,80.24083333333333,74.27505,53.42636,99.14369
ElecFMV6,2025-08-17 00:00:00+00:00,LZ_WEST,2025-08-17 02:00:00+00:00,87.73833333333333,73.770065,52.975307,99.82788
ElecFMV6,2025-08-17 00:00:00+00:00,LZ_WEST,2025-08-17 03:00:00+00:00,56.90916666666666,70.69257,50.25743,96.576614
ElecFMV6,2025-08-17 00:00:00+00:00,LZ_WEST,2025-08-17 04:00:00+00:00,53.1875,65.692406,45.915813,90.406105
ElecFMV6,2025-08-17 00:00:00+00:00,LZ_WEST,2025-08-17 05:00:00+00:00,59.403333333333336,60.318848,41.189075,84.37753
ElecFMV6,2025-08-17 00:00:00+00:00,LZ_WEST,2025-08-17 06:00:00+00:00,59.98166666666666,55.373074,37.667683,79.40987
ElecFMV6,2025-08-17 00:00:00+00:00,LZ_WEST,2025-08-17 07:00:00+00:00,52.281666666666666,50.48624,33.868565,73.930305
ElecFMV6,2025-08-17 00:00:00+00:00,LZ_WEST,2025-08-17 08:00:00+00:00,43.836666666666666,46.014057,29.69608,68.46601
ElecFMV6,2025-08-17 00:00:00+00:00,LZ_WEST,2025-08-17 09:00:00+00:00,30.435,45.699368,29.21944,68.20535
ElecFMV6,2025-08-17 00:00:00+00:00,LZ_WEST,2025-08-17 10:00:00+00:00,23.965833333333336,45.771034,28.735617,68.5846
ElecFMV6,2025-08-17 00:00:00+00:00,LZ_WEST,2025-08-17 11:00:00+00:00,22.0325,47.899345,31.471016,70.74454
ElecFMV6,2025-08-17 00:00:00+00:00,LZ_WEST,2025-08-17 12:00:00+00:00,20.886666666666667,40.72337,24.967295,61.928436
ElecFMV6,2025-08-17 00:00:00+00:00,LZ_WEST,2025-08-17 13:00:00+00:00,16.594166666666666,31.376404,17.33957,50.210617
ElecFMV6,2025-08-17 00:00:00+00:00,LZ_WEST,2025-08-17 14:00:00+00:00,13.7,28.121307,16.080477,45.824768
ElecFMV6,2025-08-17 00:00:00+00:00,LZ_WEST,2025-08-17 15:00:00+00:00,7.569166666666667,26.86946,15.916222,42.901543
ElecFMV6,2025-08-17 00:00:00+00:00,LZ_WEST,2025-08-17 16:00:00+00:00,11.873333333333331,29.825209,18.979609,44.944626
ElecFMV6,2025-08-17 00:00:00+00:00,LZ_WEST,2025-08-17 17:00:00+00:00,26.31083333333333,32.10179,21.400911,47.84979
ElecFMV6,2025-08-17 00:00:00+00:00,LZ_WEST,2025-08-17 18:00:00+00:00,32.530833333333334,34.077206,22.771362,50.903175
ElecFMV6,2025-08-17 00:00:00+00:00,LZ_WEST,2025-08-17 19:00:00+00:00,32.30416666666667,34.81459,21.9115,52.329235
ElecFMV6,2025-08-17 00:00:00+00:00,LZ_WEST,2025-08-17 20:00:00+00:00,32.651666666666664,35.52131,21.637625,54.133575
ElecFMV6,2025-08-17 00:00:00+00:00,LZ_WEST,2025-08-17 21:00:00+00:00,42.03333333333333,39.928856,23.29271,60.306423
ElecFMV6,2025-08-17 00:00:00+00:00,LZ_WEST,2025-08-17 22:00:00+00:00,56.83916666666666,46.390835,28.42601,68.281044
ElecFMV6,2025-08-17 00:00:00+00:00,LZ_WEST,2025-08-17 23:00:00+00:00,88.5425,58.65282,38.886726,82.13718
ElecFMV6,2025-08-17 00:00:00+00:00,LZ_RAYBN,2025-08-17 00:00:00+00:00,68.39833333333333,52.21627,44.065536,62.756252
ElecFMV6,2025-08-17 00:00:00+00:00,LZ_RAYBN,2025-08-17 01:00:00+00:00,69.31833333333333,44.61742,36.437435,55.951942
ElecFMV6,2025-08-17 00:00:00+00:00,LZ_RAYBN,2025-08-17 02:00:00+00:00,69.7275,37.882317,29.690071,49.384087
ElecFMV6,2025-08-17 00:00:00+00:00,LZ_RAYBN,2025-08-17 03:00:00+00:00,36.1225,34.447243,26.474518,45.510426
ElecFMV6,2025-08-17 00:00:00+00:00,LZ_RAYBN,2025-08-17 04:00:00+00:00,31.2625,31.74686,24.535496,41.786987
ElecFMV6,2025-08-17 00:00:00+00:00,LZ_RAYBN,2025-08-17 05:00:00+00:00,31.37833333333333,30.917513,23.518837,40.515533
ElecFMV6,2025-08-17 00:00:00+00:00,LZ_RAYBN,2025-08-17 06:00:00+00:00,27.62833333333333,30.344084,23.821606,40.969624
ElecFMV6,2025-08-17 00:00:00+00:00,LZ_RAYBN,2025-08-17 07:00:00+00:00,25.793333333333333,27.918936,21.556046,38.899284
ElecFMV6,2025-08-17 00:00:00+00:00,LZ_RAYBN,2025-08-17 08:00:00+00:00,22.129166666666663,27.510067,20.64748,37.136917
ElecFMV6,2025-08-17 00:00:00+00:00,LZ_RAYBN,2025-08-17 09:00:00+00:00,21.973333333333333,26.278687,19.163425,35.743954
ElecFMV6,2025-08-17 00:00:00+00:00,LZ_RAYBN,2025-08-17 10:00:00+00:00,22.346666666666668,23.678999,15.978355,33.78526
ElecFMV6,2025-08-17 00:00:00+00:00,LZ_RAYBN,2025-08-17 11:00:00+00:00,22.0325,23.727058,15.631947,34.821064
ElecFMV6,2025-08-17 00:00:00+00:00,LZ_RAYBN,2025-08-17 12:00:00+00:00,20.886666666666667,23.362787,15.524235,33.52845
ElecFMV6,2025-08-17 00:00:00+00:00,LZ_RAYBN,2025-08-17 13:00:00+00:00,16.590833333333332,24.900026,17.216486,35.03624
ElecFMV6,2025-08-17 00:00:00+00:00,LZ_RAYBN,2025-08-17 14:00:00+00:00,14.0725,25.54858,18.074272,35.57413
ElecFMV6,2025-08-17 00:00:00+00:00,LZ_RAYBN,2025-08-17 15:00:00+00:00,6.769166666666667,25.29462,17.823261,34.268467
ElecFMV6,2025-08-17 00:00:00+00:00,LZ_RAYBN,2025-08-17 16:00:00+00:00,13.9425,27.2604,19.75934,35.59007
ElecFMV6,2025-08-17 00:00:00+00:00,LZ_RAYBN,2025-08-17 17:00:00+00:00,23.72583333333333,28.09152,20.460445,36.363598
ElecFMV6,2025-08-17 00:00:00+00:00,LZ_RAYBN,2025-08-17 18:00:00+00:00,25.750833333333333,27.757584,19.853004,36.971092
ElecFMV6,2025-08-17 00:00:00+00:00,LZ_RAYBN,2025-08-17 19:00:00+00:00,24.35166666666667,28.72078,20.349651,38.181877
ElecFMV6,2025-08-17 00:00:00+00:00,LZ_RAYBN,2025-08-17 20:00:00+00:00,23.519166666666667,31.764862,22.808968,41.99719
ElecFMV6,2025-08-17 00:00:00+00:00,LZ_RAYBN,2025-08-17 21:00:00+00:00,28.826666666666668,29.393969,19.379528,41.296307
ElecFMV6,2025-08-17 00:00:00+00:00,LZ_RAYBN,2025-08-17 22:00:00+00:00,27.305833333333336,30.61923,19.834202,44.51723
ElecFMV6,2025-08-17 00:00:00+00:00,LZ_RAYBN,2025-08-17 23:00:00+00:00,50.255,34.522293,23.03355,49.645504
ElecFMV6,2025-08-18 00:00:00+00:00,LZ_LCRA,2025-08-18 00:00:00+00:00,85.125,96.17378,75.42052,121.720474
ElecFMV6,2025-08-18 00:00:00+00:00,LZ_LCRA,2025-08-18 01:00:00+00:00,79.54916666666666,81.30757,59.880356,108.72044
ElecFMV6,2025-08-18 00:00:00+00:00,LZ_LCRA,2025-08-18 02:00:00+00:00,76.55916666666667,67.53124,48.144554,94.07867
ElecFMV6,2025-08-18 00:00:00+00:00,LZ_LCRA,2025-08-18 03:00:00+00:00,52.48,50.525066,33.94195,75.95654
ElecFMV6,2025-08-18 00:00:00+00:00,LZ_LCRA,2025-08-18 04:00:00+00:00,32.108333333333334,41.746975,28.977673,62.82019
ElecFMV6,2025-08-18 00:00:00+00:00,LZ_LCRA,2025-08-18 05:00:00+00:00,26.055833333333336,38.733967,28.245832,57.1646
ElecFMV6,2025-08-18 00:00:00+00:00,LZ_LCRA,2025-08-18 06:00:00+00:00,23.311666666666667,32.060623,23.316273,49.71869
ElecFMV6,2025-08-18 00:00:00+00:00,LZ_LCRA,2025-08-18 07:00:00+00:00,22.82166666666667,27.906113,20.822397,45.220844
ElecFMV6,2025-08-18 00:00:00+00:00,LZ_LCRA,2025-08-18 08:00:00+00:00,23.261666666666667,28.527023,22.438856,42.41412
ElecFMV6,2025-08-18 00:00:00+00:00,LZ_LCRA,2025-08-18 09:00:00+00:00,24.590833333333336,25.558277,20.29097,38.652584
ElecFMV6,2025-08-18 00:00:00+00:00,LZ_LCRA,2025-08-18 10:00:00+00:00,27.2975,26.445587,21.525772,38.054886
ElecFMV6,2025-08-18 00:00:00+00:00,LZ_LCRA,2025-08-18 11:00:00+00:00,37.590833333333336,31.252827,26.364948,44.24415
ElecFMV6,2025-08-18 00:00:00+00:00,LZ_LCRA,2025-08-18 12:00:00+00:00,31.214166666666667,28.254446,24.176315,40.076576
ElecFMV6,2025-08-18 00:00:00+00:00,LZ_LCRA,2025-08-18 13:00:00+00:00,21.741666666666664,24.384737,19.569563,36.372696
ElecFMV6,2025-08-18 00:00:00+00:00,LZ_LCRA,2025-08-18 14:00:00+00:00,18.986666666666668,22.822708,18.249176,36.769283
ElecFMV6,2025-08-18 00:00:00+00:00,LZ_LCRA,2025-08-18 15:00:00+00:00,17.320833333333333,23.151518,17.62207,38.29592
ElecFMV6,2025-08-18 00:00:00+00:00,LZ_LCRA,2025-08-18 16:00:00+00:00,35.1,31.230583,23.228786,49.191273
ElecFMV6,2025-08-18 00:00:00+00:00,LZ_LCRA,2025-08-18 17:00:00+00:00,56.055,46.274033,35.458336,68.56198
ElecFMV6,2025-08-18 00:00:00+00:00,LZ_LCRA,2025-08-18 18:00:00+00:00,59.195,54.170677,39.86128,80.52928
ElecFMV6,2025-08-18 00:00:00+00:00,LZ_LCRA,2025-08-18 19:00:00+00:00,52.149166666666666,57.467144,39.483196,86.81491
ElecFMV6,2025-08-18 00:00:00+00:00,LZ_LCRA,2025-08-18 20:00:00+00:00,58.62166666666667,60.930992,41.126694,92.5821
ElecFMV6,2025-08-18 00:00:00+00:00,LZ_LCRA,2025-08-18 21:00:00+00:00,46.501666666666665,63.074173,41.79169,95.42585
ElecFMV6,2025-08-18 00:00:00+00:00,LZ_LCRA,2025-08-18 22:00:00+00:00,76.16083333333334,60.148315,39.58998,93.640396
ElecFMV6,2025-08-18 00:00:00+00:00,LZ_LCRA,2025-08-18 23:00:00+00:00,238.09833333333333,62.51301,41.559933,96.82541
ElecFMV6,2025-08-18 00:00:00+00:00,LZ_WEST,2025-08-18 00:00:00+00:00,86.89166666666667,81.999725,60.186348,106.19047
ElecFMV6,2025-08-18 00:00:00+00:00,LZ_WEST,2025-08-18 01:00:00+00:00,71.46,78.543274,55.193398,104.826096
ElecFMV6,2025-08-18 00:00:00+00:00,LZ_WEST,2025-08-18 02:00:00+00:00,83.16916666666667,78.676025,55.888996,105.53491
ElecFMV6,2025-08-18 00:00:00+00:00,LZ_WEST,2025-08-18 03:00:00+00:00,78.68166666666667,70.495926,49.410168,96.53903
ElecFMV6,2025-08-18 00:00:00+00:00,LZ_WEST,2025-08-18 04:00:00+00:00,78.46416666666666,62.844208,43.689445,86.94301
ElecFMV6,2025-08-18 00:00:00+00:00,LZ_WEST,2025-08-18 05:00:00+00:00,67.5975,58.27214,40.648357,80.32095
ElecFMV6,2025-08-18 00:00:00+00:00,LZ_WEST,2025-08-18 06:00:00+00:00,58.8975,53.397724,37.59652,76.041306
ElecFMV6,2025-08-18 00:00:00+00:00,LZ_WEST,2025-08-18 07:00:00+00:00,39.0525,46.780087,31.786304,68.30914
ElecFMV6,2025-08-18 00:00:00+00:00,LZ_WEST,2025-08-18 08:00:00+00:00,37.7425,41.255478,26.237694,61.269905
ElecFMV6,2025-08-18 00:00:00+00:00,LZ_WEST,2025-08-18 09:00:00+00:00,29.095,37.89413,23.148186,57.55131
ElecFMV6,2025-08-18 00:00:00+00:00,LZ_WEST,2025-08-18 10:00:00+00:00,30.001666666666665,38.49518,24.260435,57.91638
ElecFMV6,2025-08-18 00:00:00+00:00,LZ_WEST,2025-08-18 11:00:00+00:00,37.590833333333336,39.792244,25.898197,58.12275
ElecFMV6,2025-08-18 00:00:00+00:00,LZ_WEST,2025-08-18 12:00:00+00:00,34.281666666666666,33.415302,19.68023,50.90791
ElecFMV6,2025-08-18 00:00:00+00:00,LZ_WEST,2025-08-18 13:00:00+00:00,22.555000000000003,24.676895,10.930584,41.24256
ElecFMV6,2025-08-18 00:00:00+00:00,LZ_WEST,2025-08-18 14:00:00+00:00,17.753333333333334,22.194466,8.754631,39.105946
ElecFMV6,2025-08-18 00:00:00+00:00,LZ_WEST,2025-08-18 15:00:00+00:00,14.615,23.177887,9.773666,38.933968
ElecFMV6,2025-08-18 00:00:00+00:00,LZ_WEST,2025-08-18 16:00:00+00:00,21.545,24.662334,10.932606,40.44117
ElecFMV6,2025-08-18 00:00:00+00:00,LZ_WEST,2025-08-18 17:00:00+00:00,32.925000000000004,26.852364,14.426704,43.655704
ElecFMV6,2025-08-18 00:00:00+00:00,LZ_WEST,2025-08-18 18:00:00+00:00,27.406666666666663,32.563873,18.895914,50.154255
ElecFMV6,2025-08-18 00:00:00+00:00,LZ_WEST,2025-08-18 19:00:00+00:00,21.38833333333333,31.861092,17.50031,49.33886
ElecFMV6,2025-08-18 00:00:00+00:00,LZ_WEST,2025-08-18 20:00:00+00:00,24.33583333333333,32.593906,17.493958,51.622818
ElecFMV6,2025-08-18 00:00:00+00:00,LZ_WEST,2025-08-18 21:00:00+00:00,18.441666666666663,39.832153,22.828825,60.21001
ElecFMV6,2025-08-18 00:00:00+00:00,LZ_WEST,2025-08-18 22:00:00+00:00,27.67833333333333,48.47811,30.074148,70.33427
ElecFMV6,2025-08-18 00:00:00+00:00,LZ_WEST,2025-08-18 23:00:00+00:00,147.39333333333337,61.83253,42.1564,85.46193
ElecFMV6,2025-08-18 00:00:00+00:00,LZ_RAYBN,2025-08-18 00:00:00+00:00,74.22916666666667,63.673553,49.679268,80.792435
ElecFMV6,2025-08-18 00:00:00+00:00,LZ_RAYBN,2025-08-18 01:00:00+00:00,64.69416666666667,58.352676,44.02415,76.46449
ElecFMV6,2025-08-18 00:00:00+00:00,LZ_RAYBN,2025-08-18 02:00:00+00:00,73.01083333333334,48.78252,35.839638,66.27826
ElecFMV6,2025-08-18 00:00:00+00:00,LZ_RAYBN,2025-08-18 03:00:00+00:00,48.195,35.221046,24.230606,50.993786
ElecFMV6,2025-08-18 00:00:00+00:00,LZ_RAYBN,2025-08-18 04:00:00+00:00,29.441666666666663,28.918104,20.317726,42.825775
ElecFMV6,2025-08-18 00:00:00+00:00,LZ_RAYBN,2025-08-18 05:00:00+00:00,27.566666666666663,29.04699,21.521156,41.342854
ElecFMV6,2025-08-18 00:00:00+00:00,LZ_RAYBN,2025-08-18 06:00:00+00:00,25.224166666666665,28.07118,21.83997,39.91259
ElecFMV6,2025-08-18 00:00:00+00:00,LZ_RAYBN,2025-08-18 07:00:00+00:00,23.6825,22.847027,17.508417,34.057617
ElecFMV6,2025-08-18 00:00:00+00:00,LZ_RAYBN,2025-08-18 08:00:00+00:00,24.0125,22.546272,17.69814,32.457485
ElecFMV6,2025-08-18 00:00:00+00:00,LZ_RAYBN,2025-08-18 09:00:00+00:00,24.824166666666667,20.99227,16.50292,30.595737
ElecFMV6,2025-08-18 00:00:00+00:00,LZ_RAYBN,2025-08-18 10:00:00+00:00,27.439166666666665,22.351553,17.32817,31.90086
ElecFMV6,2025-08-18 00:00:00+00:00,LZ_RAYBN,2025-08-18 11:00:00+00:00,37.590833333333336,24.012287,19.010685,33.370262
ElecFMV6,2025-08-18 00:00:00+00:00,LZ_RAYBN,2025-08-18 12:00:00+00:00,31.2525,21.679417,16.381002,31.4414
ElecFMV6,2025-08-18 00:00:00+00:00,LZ_RAYBN,2025-08-18 13:00:00+00:00,21.75333333333333,20.983253,15.278711,29.966816
ElecFMV6,2025-08-18 00:00:00+00:00,LZ_RAYBN,2025-08-18 14:00:00+00:00,19.65,18.88197,13.557682,28.277464
ElecFMV6,2025-08-18 00:00:00+00:00,LZ_RAYBN,2025-08-18 15:00:00+00:00,18.941666666666663,19.360703,13.543739,28.065424
ElecFMV6,2025-08-18 00:00:00+00:00,LZ_RAYBN,2025-08-18 16:00:00+00:00,25.11,22.063435,15.9991,30.677174
ElecFMV6,2025-08-18 00:00:00+00:00,LZ_RAYBN,2025-08-18 17:00:00+00:00,31.02083333333333,24.942387,18.739662,34.04252
ElecFMV6,2025-08-18 00:00:00+00:00,LZ_RAYBN,2025-08-18 18:00:00+00:00,24.60083333333333,26.944704,20.266556,37.76046
ElecFMV6,2025-08-18 00:00:00+00:00,LZ_RAYBN,2025-08-18 19:00:00+00:00,21.8275,29.31582,21.584595,40.37951
ElecFMV6,2025-08-18 00:00:00+00:00,LZ_RAYBN,2025-08-18 20:00:00+00:00,26.683333333333337,27.619534,19.178492,39.633907
ElecFMV6,2025-08-18 00:00:00+00:00,LZ_RAYBN,2025-08-18 21:00:00+00:00,26.076666666666668,30.40349,20.662624,43.943584
ElecFMV6,2025-08-18 00:00:00+00:00,LZ_RAYBN,2025-08-18 22:00:00+00:00,26.19,32.28803,21.042864,47.972725
ElecFMV6,2025-08-18 00:00:00+00:00,LZ_RAYBN,2025-08-18 23:00:00+00:00,139.92333333333332,41.138306,27.737331,58.893936
ElecFMV6,2025-08-19 00:00:00+00:00,LZ_LCRA,2025-08-19 00:00:00+00:00,99.4375,147.32037,92.050476,217.67
ElecFMV6,2025-08-19 00:00:00+00:00,LZ_LCRA,2025-08-19 01:00:00+00:00,95.495,92.23727,41.220898,162.46465
ElecFMV6,2025-08-19 00:00:00+00:00,LZ_LCRA,2025-08-19 02:00:00+00:00,138.26666666666668,73.10004,33.774155,135.38611
ElecFMV6,2025-08-19 00:00:00+00:00,LZ_LCRA,2025-08-19 03:00:00+00:00,72.745,53.028164,27.412855,105.07778
ElecFMV6,2025-08-19 00:00:00+00:00,LZ_LCRA,2025-08-19 04:00:00+00:00,50.04416666666666,45.031994,30.186523,83.71831
ElecFMV6,2025-08-19 00:00:00+00:00,LZ_LCRA,2025-08-19 05:00:00+00:00,40.28333333333333,44.72242,36.171745,75.370705
ElecFMV6,2025-08-19 00:00:00+00:00,LZ_LCRA,2025-08-19 06:00:00+00:00,38.91416666666667,37.033417,30.879967,64.008865
ElecFMV6,2025-08-19 00:00:00+00:00,LZ_LCRA,2025-08-19 07:00:00+00:00,36.3975,30.877537,27.05508,56.67629
ElecFMV6,2025-08-19 00:00:00+00:00,LZ_LCRA,2025-08-19 08:00:00+00:00,39.23083333333333,30.066538,27.628872,50.61482
ElecFMV6,2025-08-19 00:00:00+00:00,LZ_LCRA,2025-08-19 09:00:00+00:00,36.53916666666667,28.782421,28.390345,47.843018
ElecFMV6,2025-08-19 00:00:00+00:00,LZ_LCRA,2025-08-19 10:00:00+00:00,49.93083333333333,34.699303,33.663162,51.652412
ElecFMV6,2025-08-19 00:00:00+00:00,LZ_LCRA,2025-08-19 11:00:00+00:00,80.355,37.798492,36.775574,56.463303
ElecFMV6,2025-08-19 00:00:00+00:00,LZ_LCRA,2025-08-19 12:00:00+00:00,48.32833333333334,30.308172,27.85299,49.185215
ElecFMV6,2025-08-19 00:00:00+00:00,LZ_LCRA,2025-08-19 13:00:00+00:00,30.94083333333333,28.45629,25.339174,49.084812
ElecFMV6,2025-08-19 00:00:00+00:00,LZ_LCRA,2025-08-19 14:00:00+00:00,35.604166666666664,25.840866,21.081692,47.146503
ElecFMV6,2025-08-19 00:00:00+00:00,LZ_LCRA,2025-08-19 15:00:00+00:00,41.9125,30.390217,25.394093,52.136055
ElecFMV6,2025-08-19 00:00:00+00:00,LZ_LCRA,2025-08-19 16:00:00+00:00,41.9025,40.179626,33.844715,63.40493
ElecFMV6,2025-08-19 00:00:00+00:00,LZ_LCRA,2025-08-19 17:00:00+00:00,49.065,49.644936,42.470406,77.177185
ElecFMV6,2025-08-19 00:00:00+00:00,LZ_LCRA,2025-08-19 18:00:00+00:00,57.30083333333334,58.70553,49.050507,91.33641
ElecFMV6,2025-08-19 00:00:00+00:00,LZ_LCRA,2025-08-19 19:00:00+00:00,53.32333333333333,67.5816,53.217823,103.07382
ElecFMV6,2025-08-19 00:00:00+00:00,LZ_LCRA,2025-08-19 20:00:00+00:00,90.91666666666669,66.39676,49.556885,106.28233
ElecFMV6,2025-08-19 00:00:00+00:00,LZ_LCRA,2025-08-19 21:00:00+00:00,123.96916666666668,67.15176,47.083557,109.0
ElecFMV6,2025-08-19 00:00:00+00:00,LZ_LCRA,2025-08-19 22:00:00+00:00,94.86583333333334,71.85075,47.471405,115.252686
ElecFMV6,2025-08-19 00:00:00+00:00,LZ_LCRA,2025-08-19 23:00:00+00:00,82.1825,80.794685,55.6447,130.10426
ElecFMV6,2025-08-19 00:00:00+00:00,LZ_WEST,2025-08-19 00:00:00+00:00,92.35666666666668,111.38576,77.05034,153.13412
ElecFMV6,2025-08-19 00:00:00+00:00,LZ_WEST,2025-08-19 01:00:00+00:00,96.00083333333332,87.783745,51.780994,133.37752
ElecFMV6,2025-08-19 00:00:00+00:00,LZ_WEST,2025-08-19 02:00:00+00:00,135.13083333333333,82.45386,49.2194,128.77394
ElecFMV6,2025-08-19 00:00:00+00:00,LZ_WEST,2025-08-19 03:00:00+00:00,72.69083333333333,76.46759,45.924404,121.80255
ElecFMV6,2025-08-19 00:00:00+00:00,LZ_WEST,2025-08-19 04:00:00+00:00,58.005,72.84221,45.09654,115.78638
ElecFMV6,2025-08-19 00:00:00+00:00,LZ_WEST,2025-08-19 05:00:00+00:00,68.24166666666666,68.808556,41.79935,109.83715
ElecFMV6,2025-08-19 00:00:00+00:00,LZ_WEST,2025-08-19 06:00:00+00:00,60.55583333333333,58.29309,34.066315,97.58339
ElecFMV6,2025-08-19 00:00:00+00:00,LZ_WEST,2025-08-19 07:00:00+00:00,61.45583333333334,48.029488,27.227484,86.24174
ElecFMV6,2025-08-19 00:00:00+00:00,LZ_WEST,2025-08-19 08:00:00+00:00,54.28833333333333,40.15023,21.519268,72.97115
ElecFMV6,2025-08-19 00:00:00+00:00,LZ_WEST,2025-08-19 09:00:00+00:00,72.66583333333334,37.9056,20.777527,68.35138
ElecFMV6,2025-08-19 00:00:00+00:00,LZ_WEST,2025-08-19 10:00:00+00:00,59.08166666666667,41.2343,23.453352,70.218796
ElecFMV6,2025-08-19 00:00:00+00:00,LZ_WEST,2025-08-19 11:00:00+00:00,80.355,44.776768,27.275326,74.293236
ElecFMV6,2025-08-19 00:00:00+00:00,LZ_WEST,2025-08-19 12:00:00+00:00,50.4025,40.75549,24.432547,68.157585
ElecFMV6,2025-08-19 00:00:00+00:00,LZ_WEST,2025-08-19 13:00:00+00:00,37.52666666666666,27.854723,13.865017,53.66384
ElecFMV6,2025-08-19 00:00:00+00:00,LZ_WEST,2025-08-19 14:00:00+00:00,35.61666666666667,20.31701,7.9712105,43.801956
ElecFMV6,2025-08-19 00:00:00+00:00,LZ_WEST,2025-08-19 15:00:00+00:00,41.91416666666667,18.286297,8.60054,40.049652
ElecFMV6,2025-08-19 00:00:00+00:00,LZ_WEST,2025-08-19 16:00:00+00:00,43.083333333333336,23.353115,13.52573,45.130024
ElecFMV6,2025-08-19 00:00:00+00:00,LZ_WEST,2025-08-19 17:00:00+00:00,54.815,28.18381,19.215006,51.909443
ElecFMV6,2025-08-19 00:00:00+00:00,LZ_WEST,2025-08-19 18:00:00+00:00,64.355,33.64496,23.44696,58.87787
ElecFMV6,2025-08-19 00:00:00+00:00,LZ_WEST,2025-08-19 19:00:00+00:00,63.84666666666666,33.934837,21.012882,59.184273
ElecFMV6,2025-08-19 00:00:00+00:00,LZ_WEST,2025-08-19 20:00:00+00:00,97.59166666666664,35.361473,22.235804,63.104603
ElecFMV6,2025-08-19 00:00:00+00:00,LZ_WEST,2025-08-19 21:00:00+00:00,133.7875,42.303772,25.460447,72.59202
ElecFMV6,2025-08-19 00:00:00+00:00,LZ_WEST,2025-08-19 22:00:00+00:00,105.99583333333334,55.747616,34.06372,89.27208
ElecFMV6,2025-08-19 00:00:00+00:00,LZ_WEST,2025-08-19 23:00:00+00:00,88.46,73.22764,48.00251,112.309296
ElecFMV6,2025-08-19 00:00:00+00:00,LZ_RAYBN,2025-08-19 00:00:00+00:00,89.83666666666666,103.39696,74.25253,141.13483
ElecFMV6,2025-08-19 00:00:00+00:00,LZ_RAYBN,2025-08-19 01:00:00+00:00,94.5425,79.98855,51.438522,118.59409
ElecFMV6,2025-08-19 00:00:00+00:00,LZ_RAYBN,2025-08-19 02:00:00+00:00,133.07333333333335,65.04424,42.375717,100.59873
ElecFMV6,2025-08-19 00:00:00+00:00,LZ_RAYBN,2025-08-19 03:00:00+00:00,72.61666666666666,50.57437,34.78254,81.06546
ElecFMV6,2025-08-19 00:00:00+00:00,LZ_RAYBN,2025-08-19 04:00:00+00:00,50.490833333333335,42.100662,32.170734,65.67564
ElecFMV6,2025-08-19 00:00:00+00:00,LZ_RAYBN,2025-08-19 05:00:00+00:00,41.83416666666667,37.62486,31.18039,57.128384
ElecFMV6,2025-08-19 00:00:00+00:00,LZ_RAYBN,2025-08-19 06:00:00+00:00,40.05583333333333,33.87478,28.121138,52.2361
ElecFMV6,2025-08-19 00:00:00+00:00,LZ_RAYBN,2025-08-19 07:00:00+00:00,37.7175,27.89464,22.695324,45.809406
ElecFMV6,2025-08-19 00:00:00+00:00,LZ_RAYBN,2025-08-19 08:00:00+00:00,40.02166666666667,24.87933,20.817749,39.858105
ElecFMV6,2025-08-19 00:00:00+00:00,LZ_RAYBN,2025-08-19 09:00:00+00:00,38.4025,23.949165,21.274597,37.21504
ElecFMV6,2025-08-19 00:00:00+00:00,LZ_RAYBN,2025-08-19 10:00:00+00:00,50.40916666666666,24.476107,22.310087,36.534164
ElecFMV6,2025-08-19 00:00:00+00:00,LZ_RAYBN,2025-08-19 11:00:00+00:00,80.355,30.29623,27.84267,43.264038
ElecFMV6,2025-08-19 00:00:00+00:00,LZ_RAYBN,2025-08-19 12:00:00+00:00,48.44083333333333,25.230492,21.67677,38.31751
ElecFMV6,2025-08-19 00:00:00+00:00,LZ_RAYBN,2025-08-19 13:00:00+00:00,31.315,23.552038,19.113499,37.613537
ElecFMV6,2025-08-19 00:00:00+00:00,LZ_RAYBN,2025-08-19 14:00:00+00:00,35.605,20.024696,15.362185,33.507954
ElecFMV6,2025-08-19 00:00:00+00:00,LZ_RAYBN,2025-08-19 15:00:00+00:00,41.9125,19.139772,15.690775,31.323545
ElecFMV6,2025-08-19 00:00:00+00:00,LZ_RAYBN,2025-08-19 16:00:00+00:00,45.208333333333336,20.975548,18.418547,32.021755
ElecFMV6,2025-08-19 00:00:00+00:00,LZ_RAYBN,2025-08-19 17:00:00+00:00,68.31666666666666,22.781527,20.5883,34.571644
ElecFMV6,2025-08-19 00:00:00+00:00,LZ_RAYBN,2025-08-19 18:00:00+00:00,97.80166666666666,24.441853,20.75591,38.18914
ElecFMV6,2025-08-19 00:00:00+00:00,LZ_RAYBN,2025-08-19 19:00:00+00:00,107.53583333333334,28.916368,22.767555,44.994293
ElecFMV6,2025-08-19 00:00:00+00:00,LZ_RAYBN,2025-08-19 20:00:00+00:00,133.26833333333337,27.983854,20.010323,47.143307
ElecFMV6,2025-08-19 00:00:00+00:00,LZ_RAYBN,2025-08-19 21:00:00+00:00,165.70833333333334,28.984232,18.385614,51.297184
ElecFMV6,2025-08-19 00:00:00+00:00,LZ_RAYBN,2025-08-19 22:00:00+00:00,143.4375,36.234543,22.151072,61.451927
ElecFMV6,2025-08-19 00:00:00+00:00,LZ_RAYBN,2025-08-19 23:00:00+00:00,125.32166666666666,53.937485,36.643303,84.09066
ElecFMV6,2025-08-20 00:00:00+00:00,LZ_LCRA,2025-08-20 00:00:00+00:00,96.04583333333332,93.56869,72.06665,123.068756
ElecFMV6,2025-08-20 00:00:00+00:00,LZ_LCRA,2025-08-20 01:00:00+00:00,87.47333333333334,75.2575,53.47267,106.98979
ElecFMV6,2025-08-20 00:00:00+00:00,LZ_LCRA,2025-08-20 02:00:00+00:00,76.15166666666666,68.40646,49.438095,98.89344
ElecFMV6,2025-08-20 00:00:00+00:00,LZ_LCRA,2025-08-20 03:00:00+00:00,73.23916666666666,51.501354,36.436604,79.63129
ElecFMV6,2025-08-20 00:00:00+00:00,LZ_LCRA,2025-08-20 04:00:00+00:00,44.62916666666666,48.739197,37.70984,72.16206
ElecFMV6,2025-08-20 00:00:00+00:00,LZ_LCRA,2025-08-20 05:00:00+00:00,34.064166666666665,40.54829,31.811852,60.29589
ElecFMV6,2025-08-20 00:00:00+00:00,LZ_LCRA,2025-08-20 06:00:00+00:00,31.6075,40.84498,33.18734,60.05551
ElecFMV6,2025-08-20 00:00:00+00:00,LZ_LCRA,2025-08-20 07:00:00+00:00,29.38083333333333,33.46899,26.49395,53.996296
ElecFMV6,2025-08-20 00:00:00+00:00,LZ_LCRA,2025-08-20 08:00:00+00:00,27.113333333333333,31.851461,24.141687,49.17067
ElecFMV6,2025-08-20 00:00:00+00:00,LZ_LCRA,2025-08-20 09:00:00+00:00,29.46,30.696886,23.6731,48.106445
ElecFMV6,2025-08-20 00:00:00+00:00,LZ_LCRA,2025-08-20 10:00:00+00:00,30.0125,34.290607,28.070276,51.27183
ElecFMV6,2025-08-20 00:00:00+00:00,LZ_LCRA,2025-08-20 11:00:00+00:00,30.430000000000003,43.30545,36.47559,61.087128
ElecFMV6,2025-08-20 00:00:00+00:00,LZ_LCRA,2025-08-20 12:00:00+00:00,25.36583333333333,38.990944,31.846344,55.665993
ElecFMV6,2025-08-20 00:00:00+00:00,LZ_LCRA,2025-08-20 13:00:00+00:00,21.2,36.932472,28.740376,54.14321
ElecFMV6,2025-08-20 00:00:00+00:00,LZ_LCRA,2025-08-20 14:00:00+00:00,17.184166666666666,33.488182,26.358839,52.854538
ElecFMV6,2025-08-20 00:00:00+00:00,LZ_LCRA,2025-08-20 15:00:00+00:00,16.350833333333334,35.90692,28.73693,55.84237
ElecFMV6,2025-08-20 00:00:00+00:00,LZ_LCRA,2025-08-20 16:00:00+00:00,24.75916666666667,34.960068,26.805908,54.853504
ElecFMV6,2025-08-20 00:00:00+00:00,LZ_LCRA,2025-08-20 17:00:00+00:00,43.29916666666667,40.09539,31.915546,62.416706
ElecFMV6,2025-08-20 00:00:00+00:00,LZ_LCRA,2025-08-20 18:00:00+00:00,52.2125,51.25199,40.753292,76.75702
ElecFMV6,2025-08-20 00:00:00+00:00,LZ_LCRA,2025-08-20 19:00:00+00:00,52.52916666666667,57.16956,43.937096,84.82669
ElecFMV6,2025-08-20 00:00:00+00:00,LZ_LCRA,2025-08-20 20:00:00+00:00,72.56750000000001,59.582954,44.1293,89.27988
ElecFMV6,2025-08-20 00:00:00+00:00,LZ_LCRA,2025-08-20 21:00:00+00:00,73.18166666666666,56.374744,40.115776,85.30745
ElecFMV6,2025-08-20 00:00:00+00:00,LZ_LCRA,2025-08-20 22:00:00+00:00,56.85999999999999,56.59504,40.39978,85.36114
ElecFMV6,2025-08-20 00:00:00+00:00,LZ_LCRA,2025-08-20 23:00:00+00:00,63.60166666666667,64.048706,47.79559,93.93872
ElecFMV6,2025-08-20 00:00:00+00:00,LZ_WEST,2025-08-20 00:00:00+00:00,101.84666666666668,82.50468,64.991,110.5459
ElecFMV6,2025-08-20 00:00:00+00:00,LZ_WEST,2025-08-20 01:00:00+00:00,88.71,76.46681,57.11532,108.06901
ElecFMV6,2025-08-20 00:00:00+00:00,LZ_WEST,2025-08-20 02:00:00+00:00,76.15166666666666,75.36311,55.26598,109.35399
ElecFMV6,2025-08-20 00:00:00+00:00,LZ_WEST,2025-08-20 03:00:00+00:00,74.82583333333334,70.777565,50.82015,105.7016
ElecFMV6,2025-08-20 00:00:00+00:00,LZ_WEST,2025-08-20 04:00:00+00:00,67.84333333333333,69.85777,50.223198,104.18033
ElecFMV6,2025-08-20 00:00:00+00:00,LZ_WEST,2025-08-20 05:00:00+00:00,74.39166666666667,68.57365,48.547123,102.863174
ElecFMV6,2025-08-20 00:00:00+00:00,LZ_WEST,2025-08-20 06:00:00+00:00,73.865,63.94527,43.90132,99.42546
ElecFMV6,2025-08-20 00:00:00+00:00,LZ_WEST,2025-08-20 07:00:00+00:00,77.18666666666667,54.508255,35.637245,91.89674
ElecFMV6,2025-08-20 00:00:00+00:00,LZ_WEST,2025-08-20 08:00:00+00:00,81.82083333333334,49.035633,28.417282,84.290924
ElecFMV6,2025-08-20 00:00:00+00:00,LZ_WEST,2025-08-20 09:00:00+00:00,83.29333333333334,46.92395,27.041685,81.52321
ElecFMV6,2025-08-20 00:00:00+00:00,LZ_WEST,2025-08-20 10:00:00+00:00,76.8775,47.60545,26.32724,81.65389
ElecFMV6,2025-08-20 00:00:00+00:00,LZ_WEST,2025-08-20 11:00:00+00:00,73.48666666666666,54.80053,34.29872,88.655975
ElecFMV6,2025-08-20 00:00:00+00:00,LZ_WEST,2025-08-20 12:00:00+00:00,54.5075,49.90967,30.674616,80.74432
ElecFMV6,2025-08-20 00:00:00+00:00,LZ_WEST,2025-08-20 13:00:00+00:00,23.951666666666668,44.12614,25.85367,74.16078
ElecFMV6,2025-08-20 00:00:00+00:00,LZ_WEST,2025-08-20 14:00:00+00:00,17.21666666666667,41.36676,23.777473,71.71895
ElecFMV6,2025-08-20 00:00:00+00:00,LZ_WEST,2025-08-20 15:00:00+00:00,15.3525,38.335716,22.314438,68.35355
ElecFMV6,2025-08-20 00:00:00+00:00,LZ_WEST,2025-08-20 16:00:00+00:00,13.5125,39.288048,22.858566,68.690674
ElecFMV6,2025-08-20 00:00:00+00:00,LZ_WEST,2025-08-20 17:00:00+00:00,18.214166666666667,42.827095,28.112835,73.84837
ElecFMV6,2025-08-20 00:00:00+00:00,LZ_WEST,2025-08-20 18:00:00+00:00,20.695833333333333,45.52492,29.36371,78.15843
ElecFMV6,2025-08-20 00:00:00+00:00,LZ_WEST,2025-08-20 19:00:00+00:00,27.481666666666666,45.023636,28.03829,78.29497
ElecFMV6,2025-08-20 00:00:00+00:00,LZ_WEST,2025-08-20 20:00:00+00:00,34.99333333333333,49.65937,30.99446,84.50534
ElecFMV6,2025-08-20 00:00:00+00:00,LZ_WEST,2025-08-20 21:00:00+00:00,60.19916666666666,53.947872,33.944923,87.909424
ElecFMV6,2025-08-20 00:00:00+00:00,LZ_WEST,2025-08-20 22:00:00+00:00,56.79583333333333,61.811554,40.709297,97.625854
ElecFMV6,2025-08-20 00:00:00+00:00,LZ_WEST,2025-08-20 23:00:00+00:00,63.5925,74.98021,52.88445,111.54207
ElecFMV6,2025-08-20 00:00:00+00:00,LZ_RAYBN,2025-08-20 00:00:00+00:00,139.65333333333334,119.85539,92.274284,161.30685
ElecFMV6,2025-08-20 00:00:00+00:00,LZ_RAYBN,2025-08-20 01:00:00+00:00,96.49,96.56871,68.20011,142.38942
ElecFMV6,2025-08-20 00:00:00+00:00,LZ_RAYBN,2025-08-20 02:00:00+00:00,76.15166666666666,81.94213,57.646133,127.38634
ElecFMV6,2025-08-20 00:00:00+00:00,LZ_RAYBN,2025-08-20 03:00:00+00:00,73.37666666666667,60.610832,39.914894,104.649185
ElecFMV6,2025-08-20 00:00:00+00:00,LZ_RAYBN,2025-08-20 04:00:00+00:00,45.90083333333333,56.362694,41.301586,94.4349
ElecFMV6,2025-08-20 00:00:00+00:00,LZ_RAYBN,2025-08-20 05:00:00+00:00,36.10833333333333,51.646782,38.99465,86.6461
ElecFMV6,2025-08-20 00:00:00+00:00,LZ_RAYBN,2025-08-20 06:00:00+00:00,33.846666666666664,49.752117,39.060448,83.695206
ElecFMV6,2025-08-20 00:00:00+00:00,LZ_RAYBN,2025-08-20 07:00:00+00:00,31.0075,40.139313,30.733568,75.19867
ElecFMV6,2025-08-20 00:00:00+00:00,LZ_RAYBN,2025-08-20 08:00:00+00:00,29.945833333333336,38.420113,29.172886,68.61522
ElecFMV6,2025-08-20 00:00:00+00:00,LZ_RAYBN,2025-08-20 09:00:00+00:00,26.75,36.45141,27.57306,65.257164
ElecFMV6,2025-08-20 00:00:00+00:00,LZ_RAYBN,2025-08-20 10:00:00+00:00,25.66,38.070293,29.869268,64.82049
ElecFMV6,2025-08-20 00:00:00+00:00,LZ_RAYBN,2025-08-20 11:00:00+00:00,25.8225,44.57478,36.0063,72.75451
ElecFMV6,2025-08-20 00:00:00+00:00,LZ_RAYBN,2025-08-20 12:00:00+00:00,24.87333333333333,39.80111,31.51934,65.16463
ElecFMV6,2025-08-20 00:00:00+00:00,LZ_RAYBN,2025-08-20 13:00:00+00:00,20.46,34.52215,25.136005,61.138096
ElecFMV6,2025-08-20 00:00:00+00:00,LZ_RAYBN,2025-08-20 14:00:00+00:00,17.185833333333335,35.512638,25.772635,62.269764
ElecFMV6,2025-08-20 00:00:00+00:00,LZ_RAYBN,2025-08-20 15:00:00+00:00,14.944166666666666,33.096237,24.881603,61.21985
ElecFMV6,2025-08-20 00:00:00+00:00,LZ_RAYBN,2025-08-20 16:00:00+00:00,8.883333333333333,35.098274,26.737484,62.443058
ElecFMV6,2025-08-20 00:00:00+00:00,LZ_RAYBN,2025-08-20 17:00:00+00:00,14.399166666666666,35.60751,28.344736,65.48526
ElecFMV6,2025-08-20 00:00:00+00:00,LZ_RAYBN,2025-08-20 18:00:00+00:00,16.965,38.589005,30.29442,69.92773
ElecFMV6,2025-08-20 00:00:00+00:00,LZ_RAYBN,2025-08-20 19:00:00+00:00,24.776666666666667,42.74885,32.52178,75.25104
ElecFMV6,2025-08-20 00:00:00+00:00,LZ_RAYBN,2025-08-20 20:00:00+00:00,29.445833333333336,42.043465,29.023106,76.28581
ElecFMV6,2025-08-20 00:00:00+00:00,LZ_RAYBN,2025-08-20 21:00:00+00:00,57.306666666666665,44.051735,29.012978,78.89668
ElecFMV6,2025-08-20 00:00:00+00:00,LZ_RAYBN,2025-08-20 22:00:00+00:00,56.36666666666667,47.69375,32.259262,82.94231
ElecFMV6,2025-08-20 00:00:00+00:00,LZ_RAYBN,2025-08-20 23:00:00+00:00,63.57749999999999,58.977234,42.292835,97.29342
ElecFMV6,2025-08-21 00:00:00+00:00,LZ_LCRA,2025-08-21 00:00:00+00:00,104.26916666666666,69.63815,54.141193,92.51195
ElecFMV6,2025-08-21 00:00:00+00:00,LZ_LCRA,2025-08-21 01:00:00+00:00,158.70583333333337,61.713856,45.211052,87.379684
ElecFMV6,2025-08-21 00:00:00+00:00,LZ_LCRA,2025-08-21 02:00:00+00:00,174.3125,58.797302,43.29126,84.995865
ElecFMV6,2025-08-21 00:00:00+00:00,LZ_LCRA,2025-08-21 03:00:00+00:00,112.30916666666668,50.148155,37.18488,74.65248
ElecFMV6,2025-08-21 00:00:00+00:00,LZ_LCRA,2025-08-21 04:00:00+00:00,55.72666666666667,41.500587,31.493628,63.388428
ElecFMV6,2025-08-21 00:00:00+00:00,LZ_LCRA,2025-08-21 05:00:00+00:00,39.75666666666667,36.397476,28.236088,56.341194
ElecFMV6,2025-08-21 00:00:00+00:00,LZ_LCRA,2025-08-21 06:00:00+00:00,36.305,32.184532,25.040749,51.892384
ElecFMV6,2025-08-21 00:00:00+00:00,LZ_LCRA,2025-08-21 07:00:00+00:00,34.90083333333333,28.025862,21.691637,47.838802
ElecFMV6,2025-08-21 00:00:00+00:00,LZ_LCRA,2025-08-21 08:00:00+00:00,31.4275,25.534245,19.298182,42.928406
ElecFMV6,2025-08-21 00:00:00+00:00,LZ_LCRA,2025-08-21 09:00:00+00:00,30.326666666666668,25.264078,19.846346,41.40509
ElecFMV6,2025-08-21 00:00:00+00:00,LZ_LCRA,2025-08-21 10:00:00+00:00,37.46833333333333,24.859386,20.681581,39.953728
ElecFMV6,2025-08-21 00:00:00+00:00,LZ_LCRA,2025-08-21 11:00:00+00:00,49.41083333333333,29.373936,26.069614,44.507206
ElecFMV6,2025-08-21 00:00:00+00:00,LZ_LCRA,2025-08-21 12:00:00+00:00,44.08083333333334,28.218212,25.175386,44.777275
ElecFMV6,2025-08-21 00:00:00+00:00,LZ_LCRA,2025-08-21 13:00:00+00:00,24.054166666666664,26.378828,22.769573,42.75467
ElecFMV6,2025-08-21 00:00:00+00:00,LZ_LCRA,2025-08-21 14:00:00+00:00,21.938333333333333,24.289621,21.03,41.45775
ElecFMV6,2025-08-21 00:00:00+00:00,LZ_LCRA,2025-08-21 15:00:00+00:00,23.175,26.318213,22.2678,43.010117
ElecFMV6,2025-08-21 00:00:00+00:00,LZ_LCRA,2025-08-21 16:00:00+00:00,27.882500000000004,31.89078,27.061733,49.326557
ElecFMV6,2025-08-21 00:00:00+00:00,LZ_LCRA,2025-08-21 17:00:00+00:00,48.31,37.876373,31.717781,56.90952
ElecFMV6,2025-08-21 00:00:00+00:00,LZ_LCRA,2025-08-21 18:00:00+00:00,48.60666666666666,44.179024,35.14456,66.162
ElecFMV6,2025-08-21 00:00:00+00:00,LZ_LCRA,2025-08-21 19:00:00+00:00,40.44916666666666,51.506927,39.59955,74.89997
ElecFMV6,2025-08-21 00:00:00+00:00,LZ_LCRA,2025-08-21 20:00:00+00:00,39.85416666666666,58.072414,44.482883,83.008255
ElecFMV6,2025-08-21 00:00:00+00:00,LZ_LCRA,2025-08-21 21:00:00+00:00,44.29916666666667,60.424088,45.636322,84.96445
ElecFMV6,2025-08-21 00:00:00+00:00,LZ_LCRA,2025-08-21 22:00:00+00:00,34.935833333333335,61.00834,46.35397,86.7558
ElecFMV6,2025-08-21 00:00:00+00:00,LZ_LCRA,2025-08-21 23:00:00+00:00,63.38833333333333,63.720154,49.457054,91.30321
ElecFMV6,2025-08-21 00:00:00+00:00,LZ_WEST,2025-08-21 00:00:00+00:00,104.26916666666666,69.10383,56.226337,90.72594
ElecFMV6,2025-08-21 00:00:00+00:00,LZ_WEST,2025-08-21 01:00:00+00:00,158.70583333333337,71.651985,55.241287,97.49632
ElecFMV6,2025-08-21 00:00:00+00:00,LZ_WEST,2025-08-21 02:00:00+00:00,174.3125,77.19822,58.448814,106.553955
ElecFMV6,2025-08-21 00:00:00+00:00,LZ_WEST,2025-08-21 03:00:00+00:00,112.3175,71.88942,51.186287,103.885056
ElecFMV6,2025-08-21 00:00:00+00:00,LZ_WEST,2025-08-21 04:00:00+00:00,81.08749999999999,65.77176,44.07037,98.129166
ElecFMV6,2025-08-21 00:00:00+00:00,LZ_WEST,2025-08-21 05:00:00+00:00,75.985,67.98423,44.174717,99.9857
ElecFMV6,2025-08-21 00:00:00+00:00,LZ_WEST,2025-08-21 06:00:00+00:00,77.02416666666666,64.3089,42.05999,98.00661
ElecFMV6,2025-08-21 00:00:00+00:00,LZ_WEST,2025-08-21 07:00:00+00:00,78.97416666666668,53.376934,32.923225,87.3978
ElecFMV6,2025-08-21 00:00:00+00:00,LZ_WEST,2025-08-21 08:00:00+00:00,90.475,48.799316,28.069017,78.74849
ElecFMV6,2025-08-21 00:00:00+00:00,LZ_WEST,2025-08-21 09:00:00+00:00,86.33,45.46303,26.43092,74.06949
ElecFMV6,2025-08-21 00:00:00+00:00,LZ_WEST,2025-08-21 10:00:00+00:00,91.685,42.905674,24.17592,70.70215
ElecFMV6,2025-08-21 00:00:00+00:00,LZ_WEST,2025-08-21 11:00:00+00:00,85.86833333333334,45.4635,26.850122,73.994606
ElecFMV6,2025-08-21 00:00:00+00:00,LZ_WEST,2025-08-21 12:00:00+00:00,81.44,38.756237,21.258957,64.619125
ElecFMV6,2025-08-21 00:00:00+00:00,LZ_WEST,2025-08-21 13:00:00+00:00,24.386666666666667,30.976395,14.882847,57.523006
ElecFMV6,2025-08-21 00:00:00+00:00,LZ_WEST,2025-08-21 14:00:00+00:00,21.938333333333333,26.8741,11.296116,53.08374
ElecFMV6,2025-08-21 00:00:00+00:00,LZ_WEST,2025-08-21 15:00:00+00:00,19.06416666666667,21.986656,8.225742,47.283558
ElecFMV6,2025-08-21 00:00:00+00:00,LZ_WEST,2025-08-21 16:00:00+00:00,28.33333333333333,23.286827,9.454498,47.253094
ElecFMV6,2025-08-21 00:00:00+00:00,LZ_WEST,2025-08-21 17:00:00+00:00,49.24333333333333,28.84668,16.214855,52.650208
ElecFMV6,2025-08-21 00:00:00+00:00,LZ_WEST,2025-08-21 18:00:00+00:00,49.29333333333333,29.877634,17.838842,54.42556
ElecFMV6,2025-08-21 00:00:00+00:00,LZ_WEST,2025-08-21 19:00:00+00:00,40.44916666666666,33.447525,19.977951,56.976913
ElecFMV6,2025-08-21 00:00:00+00:00,LZ_WEST,2025-08-21 20:00:00+00:00,39.85416666666666,35.227055,21.382742,60.449425
ElecFMV6,2025-08-21 00:00:00+00:00,LZ_WEST,2025-08-21 21:00:00+00:00,44.24416666666667,39.86838,23.23196,66.75993
ElecFMV6,2025-08-21 00:00:00+00:00,LZ_WEST,2025-08-21 22:00:00+00:00,34.93,48.43863,29.885221,78.64303
ElecFMV6,2025-08-21 00:00:00+00:00,LZ_WEST,2025-08-21 23:00:00+00:00,63.43083333333333,61.90993,41.091393,94.29098
ElecFMV6,2025-08-21 00:00:00+00:00,LZ_RAYBN,2025-08-21 00:00:00+00:00,104.26916666666666,69.34741,56.237236,91.94292
ElecFMV6,2025-08-21 00:00:00+00:00,LZ_RAYBN,2025-08-21 01:00:00+00:00,158.70583333333337,56.967613,42.1455,83.325195
ElecFMV6,2025-08-21 00:00:00+00:00,LZ_RAYBN,2025-08-21 02:00:00+00:00,174.3125,51.648464,38.664783,78.545746
ElecFMV6,2025-08-21 00:00:00+00:00,LZ_RAYBN,2025-08-21 03:00:00+00:00,112.22083333333336,42.160683,31.086151,68.24257
ElecFMV6,2025-08-21 00:00:00+00:00,LZ_RAYBN,2025-08-21 04:00:00+00:00,56.625,31.810291,23.840023,54.49489
ElecFMV6,2025-08-21 00:00:00+00:00,LZ_RAYBN,2025-08-21 05:00:00+00:00,39.855,31.942997,24.002354,52.393425
ElecFMV6,2025-08-21 00:00:00+00:00,LZ_RAYBN,2025-08-21 06:00:00+00:00,36.56583333333334,29.2692,23.7433,48.98291
ElecFMV6,2025-08-21 00:00:00+00:00,LZ_RAYBN,2025-08-21 07:00:00+00:00,33.11416666666667,23.159903,18.31608,43.145344
ElecFMV6,2025-08-21 00:00:00+00:00,LZ_RAYBN,2025-08-21 08:00:00+00:00,30.86583333333333,24.715313,20.526144,39.889614
ElecFMV6,2025-08-21 00:00:00+00:00,LZ_RAYBN,2025-08-21 09:00:00+00:00,32.550000000000004,21.998344,18.495972,35.61679
ElecFMV6,2025-08-21 00:00:00+00:00,LZ_RAYBN,2025-08-21 10:00:00+00:00,37.535833333333336,21.743,18.905054,34.176285
ElecFMV6,2025-08-21 00:00:00+00:00,LZ_RAYBN,2025-08-21 11:00:00+00:00,46.25,32.88877,29.517385,47.08337
ElecFMV6,2025-08-21 00:00:00+00:00,LZ_RAYBN,2025-08-21 12:00:00+00:00,39.9375,26.504543,22.584354,40.05491
ElecFMV6,2025-08-21 00:00:00+00:00,LZ_RAYBN,2025-08-21 13:00:00+00:00,24.0725,22.946394,18.433807,36.70061
ElecFMV6,2025-08-21 00:00:00+00:00,LZ_RAYBN,2025-08-21 14:00:00+00:00,21.938333333333333,21.76137,17.488909,36.497765
ElecFMV6,2025-08-21 00:00:00+00:00,LZ_RAYBN,2025-08-21 15:00:00+00:00,22.856666666666666,20.71301,16.136887,34.654423
ElecFMV6,2025-08-21 00:00:00+00:00,LZ_RAYBN,2025-08-21 16:00:00+00:00,28.7825,23.079048,18.004494,37.311855
ElecFMV6,2025-08-21 00:00:00+00:00,LZ_RAYBN,2025-08-21 17:00:00+00:00,49.7325,30.8824,25.529434,46.343803
ElecFMV6,2025-08-21 00:00:00+00:00,LZ_RAYBN,2025-08-21 18:00:00+00:00,49.649166666666666,31.487276,25.598433,49.7651
ElecFMV6,2025-08-21 00:00:00+00:00,LZ_RAYBN,2025-08-21 19:00:00+00:00,40.44916666666666,34.336502,26.290535,53.100536
ElecFMV6,2025-08-21 00:00:00+00:00,LZ_RAYBN,2025-08-21 20:00:00+00:00,39.85416666666666,33.38605,25.055477,54.20021
ElecFMV6,2025-08-21 00:00:00+00:00,LZ_RAYBN,2025-08-21 21:00:00+00:00,44.215,31.535706,21.62238,52.48101
ElecFMV6,2025-08-21 00:00:00+00:00,LZ_RAYBN,2025-08-21 22:00:00+00:00,34.901666666666664,35.69835,24.64191,58.60103
ElecFMV6,2025-08-21 00:00:00+00:00,LZ_RAYBN,2025-08-21 23:00:00+00:00,63.35166666666667,42.9402,30.62289,69.043106
ElecFMV6,2025-08-22 00:00:00+00:00,LZ_LCRA,2025-08-22 00:00:00+00:00,71.99916666666667,73.31216,53.714325,106.52945
ElecFMV6,2025-08-22 00:00:00+00:00,LZ_LCRA,2025-08-22 01:00:00+00:00,54.37583333333333,72.98226,52.83276,108.34366
ElecFMV6,2025-08-22 00:00:00+00:00,LZ_LCRA,2025-08-22 02:00:00+00:00,41.245,69.549,49.973454,104.04164
ElecFMV6,2025-08-22 00:00:00+00:00,LZ_LCRA,2025-08-22 03:00:00+00:00,37.524166666666666,54.944893,38.373486,87.23977
ElecFMV6,2025-08-22 00:00:00+00:00,LZ_LCRA,2025-08-22 04:00:00+00:00,30.29416666666667,44.604332,30.786928,71.95949
ElecFMV6,2025-08-22 00:00:00+00:00,LZ_LCRA,2025-08-22 05:00:00+00:00,26.749166666666667,37.096687,25.276186,60.180885
ElecFMV6,2025-08-22 00:00:00+00:00,LZ_LCRA,2025-08-22 06:00:00+00:00,27.049166666666668,32.84962,24.68573,53.87701
ElecFMV6,2025-08-22 00:00:00+00:00,LZ_LCRA,2025-08-22 07:00:00+00:00,26.02083333333333,28.446503,22.876654,47.85126
ElecFMV6,2025-08-22 00:00:00+00:00,LZ_LCRA,2025-08-22 08:00:00+00:00,25.4425,25.33863,19.586676,40.903023
ElecFMV6,2025-08-22 00:00:00+00:00,LZ_LCRA,2025-08-22 09:00:00+00:00,26.674166666666665,24.634558,18.756851,38.44045
ElecFMV6,2025-08-22 00:00:00+00:00,LZ_LCRA,2025-08-22 10:00:00+00:00,33.221666666666664,27.316092,20.113398,41.845783
ElecFMV6,2025-08-22 00:00:00+00:00,LZ_LCRA,2025-08-22 11:00:00+00:00,36.715,34.152126,26.423634,50.356922
ElecFMV6,2025-08-22 00:00:00+00:00,LZ_LCRA,2025-08-22 12:00:00+00:00,41.35166666666667,29.901548,22.868813,46.911743
ElecFMV6,2025-08-22 00:00:00+00:00,LZ_LCRA,2025-08-22 13:00:00+00:00,22.968333333333337,27.646353,21.257078,45.39536
ElecFMV6,2025-08-22 00:00:00+00:00,LZ_LCRA,2025-08-22 14:00:00+00:00,20.70583333333333,23.793787,17.165796,42.309147
ElecFMV6,2025-08-22 00:00:00+00:00,LZ_LCRA,2025-08-22 15:00:00+00:00,20.85333333333333,23.807669,17.705011,43.19623
ElecFMV6,2025-08-22 00:00:00+00:00,LZ_LCRA,2025-08-22 16:00:00+00:00,24.051666666666662,33.231293,25.356684,56.998665
ElecFMV6,2025-08-22 00:00:00+00:00,LZ_LCRA,2025-08-22 17:00:00+00:00,24.844166666666663,40.851856,31.426773,67.319084
ElecFMV6,2025-08-22 00:00:00+00:00,LZ_LCRA,2025-08-22 18:00:00+00:00,26.46,44.16512,31.879766,75.266136
ElecFMV6,2025-08-22 00:00:00+00:00,LZ_LCRA,2025-08-22 19:00:00+00:00,29.58666666666667,48.49926,34.227966,80.84773
ElecFMV6,2025-08-22 00:00:00+00:00,LZ_LCRA,2025-08-22 20:00:00+00:00,36.825833333333335,50.22171,34.5123,84.01709
ElecFMV6,2025-08-22 00:00:00+00:00,LZ_LCRA,2025-08-22 21:00:00+00:00,57.96083333333333,53.69161,38.2024,88.54129
ElecFMV6,2025-08-22 00:00:00+00:00,LZ_LCRA,2025-08-22 22:00:00+00:00,41.73333333333333,51.876568,35.567028,88.96163
ElecFMV6,2025-08-22 00:00:00+00:00,LZ_LCRA,2025-08-22 23:00:00+00:00,44.82916666666667,58.022682,41.406456,97.7354
ElecFMV6,2025-08-22 00:00:00+00:00,LZ_WEST,2025-08-22 00:00:00+00:00,72.44083333333333,73.90335,55.795788,104.485306
ElecFMV6,2025-08-22 00:00:00+00:00,LZ_WEST,2025-08-22 01:00:00+00:00,56.583333333333336,76.97124,57.373123,112.21912
ElecFMV6,2025-08-22 00:00:00+00:00,LZ_WEST,2025-08-22 02:00:00+00:00,71.27083333333333,80.40639,59.801826,118.12793
ElecFMV6,2025-08-22 00:00:00+00:00,LZ_WEST,2025-08-22 03:00:00+00:00,66.89916666666666,69.08835,48.14489,108.31064
ElecFMV6,2025-08-22 00:00:00+00:00,LZ_WEST,2025-08-22 04:00:00+00:00,73.6825,64.38713,43.081406,103.04066
ElecFMV6,2025-08-22 00:00:00+00:00,LZ_WEST,2025-08-22 05:00:00+00:00,70.20666666666666,62.99421,39.866745,100.77696
ElecFMV6,2025-08-22 00:00:00+00:00,LZ_WEST,2025-08-22 06:00:00+00:00,75.06916666666666,61.53979,40.43096,100.283264
ElecFMV6,2025-08-22 00:00:00+00:00,LZ_WEST,2025-08-22 07:00:00+00:00,78.505,56.708687,37.316803,95.56674
ElecFMV6,2025-08-22 00:00:00+00:00,LZ_WEST,2025-08-22 08:00:00+00:00,85.69083333333333,49.74207,29.87709,84.88262
ElecFMV6,2025-08-22 00:00:00+00:00,LZ_WEST,2025-08-22 09:00:00+00:00,87.45333333333333,44.74528,26.16706,78.57134
ElecFMV6,2025-08-22 00:00:00+00:00,LZ_WEST,2025-08-22 10:00:00+00:00,97.55083333333334,48.08419,29.37702,80.996124
ElecFMV6,2025-08-22 00:00:00+00:00,LZ_WEST,2025-08-22 11:00:00+00:00,87.20166666666667,52.26267,34.29593,85.882965
ElecFMV6,2025-08-22 00:00:00+00:00,LZ_WEST,2025-08-22 12:00:00+00:00,81.15166666666666,42.679825,25.299122,72.61859
ElecFMV6,2025-08-22 00:00:00+00:00,LZ_WEST,2025-08-22 13:00:00+00:00,26.83833333333333,33.709846,18.167332,62.209175
ElecFMV6,2025-08-22 00:00:00+00:00,LZ_WEST,2025-08-22 14:00:00+00:00,20.72083333333333,25.749348,10.927952,53.036243
ElecFMV6,2025-08-22 00:00:00+00:00,LZ_WEST,2025-08-22 15:00:00+00:00,20.8775,21.971321,8.093342,47.73809
ElecFMV6,2025-08-22 00:00:00+00:00,LZ_WEST,2025-08-22 16:00:00+00:00,24.051666666666662,28.258633,13.526176,53.97672
ElecFMV6,2025-08-22 00:00:00+00:00,LZ_WEST,2025-08-22 17:00:00+00:00,24.844166666666663,33.66445,19.14693,60.411488
ElecFMV6,2025-08-22 00:00:00+00:00,LZ_WEST,2025-08-22 18:00:00+00:00,26.46,31.852694,16.820164,60.368538
ElecFMV6,2025-08-22 00:00:00+00:00,LZ_WEST,2025-08-22 19:00:00+00:00,29.58666666666667,31.017334,14.70311,59.656124
ElecFMV6,2025-08-22 00:00:00+00:00,LZ_WEST,2025-08-22 20:00:00+00:00,27.786666666666665,32.565933,15.869896,62.43851
ElecFMV6,2025-08-22 00:00:00+00:00,LZ_WEST,2025-08-22 21:00:00+00:00,39.1075,40.902077,22.025436,72.00826
ElecFMV6,2025-08-22 00:00:00+00:00,LZ_WEST,2025-08-22 22:00:00+00:00,37.45166666666667,48.39132,28.685371,81.975296
ElecFMV6,2025-08-22 00:00:00+00:00,LZ_WEST,2025-08-22 23:00:00+00:00,44.84333333333333,63.01165,42.360867,99.2424
ElecFMV6,2025-08-22 00:00:00+00:00,LZ_RAYBN,2025-08-22 00:00:00+00:00,72.07416666666667,81.694046,62.64116,109.59828
ElecFMV6,2025-08-22 00:00:00+00:00,LZ_RAYBN,2025-08-22 01:00:00+00:00,54.0675,80.7105,59.667015,113.38304
ElecFMV6,2025-08-22 00:00:00+00:00,LZ_RAYBN,2025-08-22 02:00:00+00:00,40.47,66.809525,47.11032,98.94956
ElecFMV6,2025-08-22 00:00:00+00:00,LZ_RAYBN,2025-08-22 03:00:00+00:00,36.73333333333333,49.13762,32.813274,78.525536
ElecFMV6,2025-08-22 00:00:00+00:00,LZ_RAYBN,2025-08-22 04:00:00+00:00,29.7425,38.81329,26.01203,64.79485
ElecFMV6,2025-08-22 00:00:00+00:00,LZ_RAYBN,2025-08-22 05:00:00+00:00,28.425833333333333,35.01499,23.491093,58.426888
ElecFMV6,2025-08-22 00:00:00+00:00,LZ_RAYBN,2025-08-22 06:00:00+00:00,29.46333333333333,34.374306,25.304857,55.135098
ElecFMV6,2025-08-22 00:00:00+00:00,LZ_RAYBN,2025-08-22 07:00:00+00:00,28.6275,29.348045,21.643309,50.672806
ElecFMV6,2025-08-22 00:00:00+00:00,LZ_RAYBN,2025-08-22 08:00:00+00:00,28.430833333333336,26.205355,18.765453,44.450714
ElecFMV6,2025-08-22 00:00:00+00:00,LZ_RAYBN,2025-08-22 09:00:00+00:00,29.83333333333333,26.151642,18.301437,43.16263
ElecFMV6,2025-08-22 00:00:00+00:00,LZ_RAYBN,2025-08-22 10:00:00+00:00,34.3825,27.920988,19.60945,44.41227
ElecFMV6,2025-08-22 00:00:00+00:00,LZ_RAYBN,2025-08-22 11:00:00+00:00,35.1175,32.766792,24.536095,50.598488
ElecFMV6,2025-08-22 00:00:00+00:00,LZ_RAYBN,2025-08-22 12:00:00+00:00,37.46666666666667,31.525368,22.759506,48.289722
ElecFMV6,2025-08-22 00:00:00+00:00,LZ_RAYBN,2025-08-22 13:00:00+00:00,23.256666666666664,27.875645,19.36719,43.859306
ElecFMV6,2025-08-22 00:00:00+00:00,LZ_RAYBN,2025-08-22 14:00:00+00:00,20.70833333333333,26.882404,19.59841,41.487625
ElecFMV6,2025-08-22 00:00:00+00:00,LZ_RAYBN,2025-08-22 15:00:00+00:00,20.8575,24.242449,18.464058,38.1587
ElecFMV6,2025-08-22 00:00:00+00:00,LZ_RAYBN,2025-08-22 16:00:00+00:00,24.051666666666662,29.547981,23.371988,44.244164
ElecFMV6,2025-08-22 00:00:00+00:00,LZ_RAYBN,2025-08-22 17:00:00+00:00,24.844166666666663,30.603643,23.200377,48.32565
ElecFMV6,2025-08-22 00:00:00+00:00,LZ_RAYBN,2025-08-22 18:00:00+00:00,26.46,30.62613,21.513966,52.66064
ElecFMV6,2025-08-22 00:00:00+00:00,LZ_RAYBN,2025-08-22 19:00:00+00:00,29.58666666666667,31.036541,18.332485,55.315224
ElecFMV6,2025-08-22 00:00:00+00:00,LZ_RAYBN,2025-08-22 20:00:00+00:00,26.425833333333333,32.41613,19.621323,59.298317
ElecFMV6,2025-08-22 00:00:00+00:00,LZ_RAYBN,2025-08-22 21:00:00+00:00,36.16916666666666,36.239532,21.649332,63.849228
ElecFMV6,2025-08-22 00:00:00+00:00,LZ_RAYBN,2025-08-22 22:00:00+00:00,36.7225,39.218266,23.123264,69.1736
ElecFMV6,2025-08-22 00:00:00+00:00,LZ_RAYBN,2025-08-22 23:00:00+00:00,44.84333333333333,51.226894,33.3856,85.518166
ElecFMV6,2025-08-23 00:00:00+00:00,LZ_LCRA,2025-08-23 00:00:00+00:00,77.77,56.506596,38.927013,83.854385
ElecFMV6,2025-08-23 00:00:00+00:00,LZ_LCRA,2025-08-23 01:00:00+00:00,68.50833333333334,61.555107,39.610455,94.97025
ElecFMV6,2025-08-23 00:00:00+00:00,LZ_LCRA,2025-08-23 02:00:00+00:00,38.19833333333333,58.337643,36.19043,93.89789
ElecFMV6,2025-08-23 00:00:00+00:00,LZ_LCRA,2025-08-23 03:00:00+00:00,31.9575,52.132423,32.25456,87.072716
ElecFMV6,2025-08-23 00:00:00+00:00,LZ_LCRA,2025-08-23 04:00:00+00:00,27.72583333333333,42.14563,24.813816,71.30375
ElecFMV6,2025-08-23 00:00:00+00:00,LZ_LCRA,2025-08-23 05:00:00+00:00,26.124166666666667,35.30659,20.176601,61.47539
ElecFMV6,2025-08-23 00:00:00+00:00,LZ_LCRA,2025-08-23 06:00:00+00:00,24.684166666666663,33.402946,21.647364,58.44407
ElecFMV6,2025-08-23 00:00:00+00:00,LZ_LCRA,2025-08-23 07:00:00+00:00,24.124166666666667,26.987165,15.674858,51.52113
ElecFMV6,2025-08-23 00:00:00+00:00,LZ_LCRA,2025-08-23 08:00:00+00:00,24.441666666666663,25.968315,14.900089,47.979053
ElecFMV6,2025-08-23 00:00:00+00:00,LZ_LCRA,2025-08-23 09:00:00+00:00,24.771666666666665,26.379135,15.75288,47.365856
ElecFMV6,2025-08-23 00:00:00+00:00,LZ_LCRA,2025-08-23 10:00:00+00:00,25.31083333333333,31.189281,21.412367,50.71027
ElecFMV6,2025-08-23 00:00:00+00:00,LZ_LCRA,2025-08-23 11:00:00+00:00,27.13583333333333,34.28924,24.90177,53.68906
ElecFMV6,2025-08-23 00:00:00+00:00,LZ_LCRA,2025-08-23 12:00:00+00:00,25.389166666666668,31.134846,22.291851,51.50503
ElecFMV6,2025-08-23 00:00:00+00:00,LZ_LCRA,2025-08-23 13:00:00+00:00,19.68,26.532913,16.960505,48.709755
ElecFMV6,2025-08-23 00:00:00+00:00,LZ_LCRA,2025-08-23 14:00:00+00:00,17.66,24.558472,15.810181,47.25005
ElecFMV6,2025-08-23 00:00:00+00:00,LZ_LCRA,2025-08-23 15:00:00+00:00,18.03833333333333,25.457445,16.453762,48.351738
ElecFMV6,2025-08-23 00:00:00+00:00,LZ_LCRA,2025-08-23 16:00:00+00:00,21.015833333333333,27.139866,18.125807,49.80976
ElecFMV6,2025-08-23 00:00:00+00:00,LZ_LCRA,2025-08-23 17:00:00+00:00,22.430833333333336,33.37995,24.677597,57.00952
ElecFMV6,2025-08-23 00:00:00+00:00,LZ_LCRA,2025-08-23 18:00:00+00:00,24.8275,37.816433,27.766687,61.923477
ElecFMV6,2025-08-23 00:00:00+00:00,LZ_LCRA,2025-08-23 19:00:00+00:00,26.229166666666668,42.170784,29.961597,67.52246
ElecFMV6,2025-08-23 00:00:00+00:00,LZ_LCRA,2025-08-23 20:00:00+00:00,35.48416666666667,46.39414,34.73968,73.20352
ElecFMV6,2025-08-23 00:00:00+00:00,LZ_LCRA,2025-08-23 21:00:00+00:00,27.526666666666667,50.744453,36.87986,79.18416
ElecFMV6,2025-08-23 00:00:00+00:00,LZ_LCRA,2025-08-23 22:00:00+00:00,25.10833333333333,47.30998,32.642128,78.68795
ElecFMV6,2025-08-23 00:00:00+00:00,LZ_LCRA,2025-08-23 23:00:00+00:00,46.395,50.836628,34.860977,85.940384
ElecFMV6,2025-08-23 00:00:00+00:00,LZ_WEST,2025-08-23 00:00:00+00:00,77.82083333333334,48.05742,37.365364,68.537674
ElecFMV6,2025-08-23 00:00:00+00:00,LZ_WEST,2025-08-23 01:00:00+00:00,76.01166666666667,54.19351,39.977955,80.056404
ElecFMV6,2025-08-23 00:00:00+00:00,LZ_WEST,2025-08-23 02:00:00+00:00,60.7525,60.30513,43.477837,89.69791
ElecFMV6,2025-08-23 00:00:00+00:00,LZ_WEST,2025-08-23 03:00:00+00:00,50.656666666666666,56.96162,38.320045,88.55948
ElecFMV6,2025-08-23 00:00:00+00:00,LZ_WEST,2025-08-23 04:00:00+00:00,53.7375,57.855103,37.62408,89.889915
ElecFMV6,2025-08-23 00:00:00+00:00,LZ_WEST,2025-08-23 05:00:00+00:00,64.61,59.323013,36.05282,92.56665
ElecFMV6,2025-08-23 00:00:00+00:00,LZ_WEST,2025-08-23 06:00:00+00:00,66.68666666666667,59.961376,37.51826,95.79782
ElecFMV6,2025-08-23 00:00:00+00:00,LZ_WEST,2025-08-23 07:00:00+00:00,66.95083333333334,58.58761,35.146378,96.08802
ElecFMV6,2025-08-23 00:00:00+00:00,LZ_WEST,2025-08-23 08:00:00+00:00,76.385,58.134937,33.25026,93.26268
ElecFMV6,2025-08-23 00:00:00+00:00,LZ_WEST,2025-08-23 09:00:00+00:00,79.50750000000001,56.845463,32.75412,91.72978
ElecFMV6,2025-08-23 00:00:00+00:00,LZ_WEST,2025-08-23 10:00:00+00:00,80.29833333333333,56.62779,33.80239,89.690384
ElecFMV6,2025-08-23 00:00:00+00:00,LZ_WEST,2025-08-23 11:00:00+00:00,80.62833333333333,56.965183,36.488518,89.48771
ElecFMV6,2025-08-23 00:00:00+00:00,LZ_WEST,2025-08-23 12:00:00+00:00,61.40583333333333,49.03501,30.831656,77.6216
ElecFMV6,2025-08-23 00:00:00+00:00,LZ_WEST,2025-08-23 13:00:00+00:00,20.486666666666668,36.50564,19.867062,63.49346
ElecFMV6,2025-08-23 00:00:00+00:00,LZ_WEST,2025-08-23 14:00:00+00:00,17.6775,30.112488,15.274338,56.654068
ElecFMV6,2025-08-23 00:00:00+00:00,LZ_WEST,2025-08-23 15:00:00+00:00,18.044166666666666,25.273438,10.382988,50.087906
ElecFMV6,2025-08-23 00:00:00+00:00,LZ_WEST,2025-08-23 16:00:00+00:00,21.009166666666665,26.865799,11.760334,49.702362
ElecFMV6,2025-08-23 00:00:00+00:00,LZ_WEST,2025-08-23 17:00:00+00:00,22.42,31.445093,18.26445,53.050777
ElecFMV6,2025-08-23 00:00:00+00:00,LZ_WEST,2025-08-23 18:00:00+00:00,24.87833333333333,32.792244,20.32006,54.646664
ElecFMV6,2025-08-23 00:00:00+00:00,LZ_WEST,2025-08-23 19:00:00+00:00,23.30333333333333,32.32911,20.090076,54.123405
ElecFMV6,2025-08-23 00:00:00+00:00,LZ_WEST,2025-08-23 20:00:00+00:00,32.16916666666666,35.905968,22.663635,58.463177
ElecFMV6,2025-08-23 00:00:00+00:00,LZ_WEST,2025-08-23 21:00:00+00:00,25.6675,44.741108,29.302006,70.68871
ElecFMV6,2025-08-23 00:00:00+00:00,LZ_WEST,2025-08-23 22:00:00+00:00,23.824166666666667,46.759995,29.980639,75.97493
ElecFMV6,2025-08-23 00:00:00+00:00,LZ_WEST,2025-08-23 23:00:00+00:00,46.37833333333333,59.508312,40.79393,91.97832
ElecFMV6,2025-08-23 00:00:00+00:00,LZ_RAYBN,2025-08-23 00:00:00+00:00,77.82083333333334,51.89044,42.239555,72.35181
ElecFMV6,2025-08-23 00:00:00+00:00,LZ_RAYBN,2025-08-23 01:00:00+00:00,68.94166666666666,53.532627,40.755028,78.854
ElecFMV6,2025-08-23 00:00:00+00:00,LZ_RAYBN,2025-08-23 02:00:00+00:00,38.910833333333336,51.65925,38.751343,79.15479
ElecFMV6,2025-08-23 00:00:00+00:00,LZ_RAYBN,2025-08-23 03:00:00+00:00,32.876666666666665,44.49173,32.181984,71.953255
ElecFMV6,2025-08-23 00:00:00+00:00,LZ_RAYBN,2025-08-23 04:00:00+00:00,28.965,37.328724,26.2306,62.169266
ElecFMV6,2025-08-23 00:00:00+00:00,LZ_RAYBN,2025-08-23 05:00:00+00:00,27.9175,34.345337,23.798414,58.11477
ElecFMV6,2025-08-23 00:00:00+00:00,LZ_RAYBN,2025-08-23 06:00:00+00:00,26.61083333333333,33.22596,24.596016,55.794464
ElecFMV6,2025-08-23 00:00:00+00:00,LZ_RAYBN,2025-08-23 07:00:00+00:00,26.04583333333333,29.773531,21.224867,52.560112
ElecFMV6,2025-08-23 00:00:00+00:00,LZ_RAYBN,2025-08-23 08:00:00+00:00,26.738333333333333,28.696726,20.58254,49.634144
ElecFMV6,2025-08-23 00:00:00+00:00,LZ_RAYBN,2025-08-23 09:00:00+00:00,27.19083333333333,28.131756,19.634348,48.94737
ElecFMV6,2025-08-23 00:00:00+00:00,LZ_RAYBN,2025-08-23 10:00:00+00:00,27.3775,27.533047,19.574913,48.69802
ElecFMV6,2025-08-23 00:00:00+00:00,LZ_RAYBN,2025-08-23 11:00:00+00:00,27.38416666666667,28.457592,20.560848,49.76328
ElecFMV6,2025-08-23 00:00:00+00:00,LZ_RAYBN,2025-08-23 12:00:00+00:00,23.863333333333333,26.673038,19.263206,49.079662
ElecFMV6,2025-08-23 00:00:00+00:00,LZ_RAYBN,2025-08-23 13:00:00+00:00,19.7175,22.925016,15.368795,44.85394
ElecFMV6,2025-08-23 00:00:00+00:00,LZ_RAYBN,2025-08-23 14:00:00+00:00,17.66,22.3786,15.682524,43.992874
ElecFMV6,2025-08-23 00:00:00+00:00,LZ_RAYBN,2025-08-23 15:00:00+00:00,18.03833333333333,22.083242,15.064217,43.00602
ElecFMV6,2025-08-23 00:00:00+00:00,LZ_RAYBN,2025-08-23 16:00:00+00:00,21.009166666666665,22.651857,15.99139,42.394375
ElecFMV6,2025-08-23 00:00:00+00:00,LZ_RAYBN,2025-08-23 17:00:00+00:00,22.42,27.08149,19.875341,46.827427
ElecFMV6,2025-08-23 00:00:00+00:00,LZ_RAYBN,2025-08-23 18:00:00+00:00,24.930000000000003,29.832996,21.986713,50.506897
ElecFMV6,2025-08-23 00:00:00+00:00,LZ_RAYBN,2025-08-23 19:00:00+00:00,22.88,31.007149,21.565702,53.495712
ElecFMV6,2025-08-23 00:00:00+00:00,LZ_RAYBN,2025-08-23 20:00:00+00:00,31.684166666666663,32.607113,23.243273,57.000854
ElecFMV6,2025-08-23 00:00:00+00:00,LZ_RAYBN,2025-08-23 21:00:00+00:00,25.39,36.242954,24.574919,63.549904
ElecFMV6,2025-08-23 00:00:00+00:00,LZ_RAYBN,2025-08-23 22:00:00+00:00,23.6325,37.70411,23.814304,68.65986
ElecFMV6,2025-08-23 00:00:00+00:00,LZ_RAYBN,2025-08-23 23:00:00+00:00,46.32333333333333,47.72625,31.633877,83.01282
ElecFMV6,2025-08-24 00:00:00+00:00,LZ_LCRA,2025-08-24 00:00:00+00:00,100.73833333333334,60.16442,43.105183,86.58025
ElecFMV6,2025-08-24 00:00:00+00:00,LZ_LCRA,2025-08-24 01:00:00+00:00,102.61666666666667,59.77576,41.351444,88.171646
ElecFMV6,2025-08-24 00:00:00+00:00,LZ_LCRA,2025-08-24 02:00:00+00:00,90.04333333333334,53.22424,36.62101,82.377426
ElecFMV6,2025-08-24 00:00:00+00:00,LZ_LCRA,2025-08-24 03:00:00+00:00,52.85083333333333,45.051533,30.605536,74.21142
ElecFMV6,2025-08-24 00:00:00+00:00,LZ_LCRA,2025-08-24 04:00:00+00:00,32.876666666666665,37.914734,26.124668,62.89125
ElecFMV6,2025-08-24 00:00:00+00:00,LZ_LCRA,2025-08-24 05:00:00+00:00,37.91416666666667,33.970535,23.301237,57.00801
ElecFMV6,2025-08-24 00:00:00+00:00,LZ_LCRA,2025-08-24 06:00:00+00:00,27.8725,33.28489,24.082712,57.036285
ElecFMV6,2025-08-24 00:00:00+00:00,LZ_LCRA,2025-08-24 07:00:00+00:00,25.645,23.85946,15.178587,47.806328
ElecFMV6,2025-08-24 00:00:00+00:00,LZ_LCRA,2025-08-24 08:00:00+00:00,25.6725,22.595606,14.242195,42.33695
ElecFMV6,2025-08-24 00:00:00+00:00,LZ_LCRA,2025-08-24 09:00:00+00:00,25.58,23.022884,15.142815,42.182747
ElecFMV6,2025-08-24 00:00:00+00:00,LZ_LCRA,2025-08-24 10:00:00+00:00,24.395,27.386839,20.534977,44.836597
ElecFMV6,2025-08-24 00:00:00+00:00,LZ_LCRA,2025-08-24 11:00:00+00:00,24.709166666666665,29.905943,22.885542,47.986538
ElecFMV6,2025-08-24 00:00:00+00:00,LZ_LCRA,2025-08-24 12:00:00+00:00,20.8675,25.18642,19.29595,40.437057
ElecFMV6,2025-08-24 00:00:00+00:00,LZ_LCRA,2025-08-24 13:00:00+00:00,19.2275,21.969332,16.230846,38.64593
ElecFMV6,2025-08-24 00:00:00+00:00,LZ_LCRA,2025-08-24 14:00:00+00:00,16.974999999999998,19.383305,13.445496,36.840176
ElecFMV6,2025-08-24 00:00:00+00:00,LZ_LCRA,2025-08-24 15:00:00+00:00,17.379166666666666,19.628643,14.021526,37.489227
ElecFMV6,2025-08-24 00:00:00+00:00,LZ_LCRA,2025-08-24 16:00:00+00:00,19.075,20.647003,13.872276,39.14285
ElecFMV6,2025-08-24 00:00:00+00:00,LZ_LCRA,2025-08-24 17:00:00+00:00,28.7225,29.958874,21.835995,50.156094
ElecFMV6,2025-08-24 00:00:00+00:00,LZ_LCRA,2025-08-24 18:00:00+00:00,42.08916666666666,36.498043,26.017029,59.09988
ElecFMV6,2025-08-24 00:00:00+00:00,LZ_LCRA,2025-08-24 19:00:00+00:00,49.23500000000001,38.486534,25.355722,64.00142
ElecFMV6,2025-08-24 00:00:00+00:00,LZ_LCRA,2025-08-24 20:00:00+00:00,57.1075,42.9741,28.055935,72.2932
ElecFMV6,2025-08-24 00:00:00+00:00,LZ_LCRA,2025-08-24 21:00:00+00:00,77.84833333333333,46.815926,27.754633,80.03744
ElecFMV6,2025-08-24 00:00:00+00:00,LZ_LCRA,2025-08-24 22:00:00+00:00,89.26833333333333,50.869884,30.074862,87.0788
ElecFMV6,2025-08-24 00:00:00+00:00,LZ_LCRA,2025-08-24 23:00:00+00:00,104.92583333333334,60.759148,38.314796,99.409134
ElecFMV6,2025-08-24 00:00:00+00:00,LZ_WEST,2025-08-24 00:00:00+00:00,100.82166666666669,62.081818,47.45585,85.3268
ElecFMV6,2025-08-24 00:00:00+00:00,LZ_WEST,2025-08-24 01:00:00+00:00,102.70083333333334,63.585953,46.732124,89.1913
ElecFMV6,2025-08-24 00:00:00+00:00,LZ_WEST,2025-08-24 02:00:00+00:00,90.1125,66.85249,49.214054,94.42367
ElecFMV6,2025-08-24 00:00:00+00:00,LZ_WEST,2025-08-24 03:00:00+00:00,68.70083333333334,63.5722,45.4648,91.440704
ElecFMV6,2025-08-24 00:00:00+00:00,LZ_WEST,2025-08-24 04:00:00+00:00,67.35916666666667,65.75541,46.653557,92.335625
ElecFMV6,2025-08-24 00:00:00+00:00,LZ_WEST,2025-08-24 05:00:00+00:00,68.66166666666666,70.682556,50.880795,97.94086
ElecFMV6,2025-08-24 00:00:00+00:00,LZ_WEST,2025-08-24 06:00:00+00:00,57.810833333333335,70.66456,51.22724,99.45041
ElecFMV6,2025-08-24 00:00:00+00:00,LZ_WEST,2025-08-24 07:00:00+00:00,67.38916666666667,65.66084,45.90668,95.60719
ElecFMV6,2025-08-24 00:00:00+00:00,LZ_WEST,2025-08-24 08:00:00+00:00,74.50416666666666,65.21643,44.150894,93.032616
ElecFMV6,2025-08-24 00:00:00+00:00,LZ_WEST,2025-08-24 09:00:00+00:00,81.62416666666667,64.23863,43.775597,91.24931
ElecFMV6,2025-08-24 00:00:00+00:00,LZ_WEST,2025-08-24 10:00:00+00:00,90.18,64.700485,45.192078,89.63759
ElecFMV6,2025-08-24 00:00:00+00:00,LZ_WEST,2025-08-24 11:00:00+00:00,93.02833333333332,57.26002,39.58345,81.85579
ElecFMV6,2025-08-24 00:00:00+00:00,LZ_WEST,2025-08-24 12:00:00+00:00,97.83833333333332,46.809658,30.662437,66.82928
ElecFMV6,2025-08-24 00:00:00+00:00,LZ_WEST,2025-08-24 13:00:00+00:00,19.7425,36.633167,21.897232,55.048378
ElecFMV6,2025-08-24 00:00:00+00:00,LZ_WEST,2025-08-24 14:00:00+00:00,17.0025,28.312586,14.905422,45.799717
ElecFMV6,2025-08-24 00:00:00+00:00,LZ_WEST,2025-08-24 15:00:00+00:00,17.405833333333334,22.078472,9.8214,38.64394
ElecFMV6,2025-08-24 00:00:00+00:00,LZ_WEST,2025-08-24 16:00:00+00:00,19.299166666666668,24.769674,12.470589,41.146095
ElecFMV6,2025-08-24 00:00:00+00:00,LZ_WEST,2025-08-24 17:00:00+00:00,28.79833333333333,27.017187,15.772934,43.812187
ElecFMV6,2025-08-24 00:00:00+00:00,LZ_WEST,2025-08-24 18:00:00+00:00,34.4575,29.178556,16.697086,46.9031
ElecFMV6,2025-08-24 00:00:00+00:00,LZ_WEST,2025-08-24 19:00:00+00:00,41.01083333333333,29.608847,16.994907,48.663662
ElecFMV6,2025-08-24 00:00:00+00:00,LZ_WEST,2025-08-24 20:00:00+00:00,41.6075,29.656979,15.869179,50.519726
ElecFMV6,2025-08-24 00:00:00+00:00,LZ_WEST,2025-08-24 21:00:00+00:00,49.69166666666666,37.46971,21.679436,61.22718
ElecFMV6,2025-08-24 00:00:00+00:00,LZ_WEST,2025-08-24 22:00:00+00:00,42.94833333333333,44.491318,27.212742,71.758194
ElecFMV6,2025-08-24 00:00:00+00:00,LZ_WEST,2025-08-24 23:00:00+00:00,106.00583333333331,58.858803,39.081726,88.31942
ElecFMV6,2025-08-24 00:00:00+00:00,LZ_RAYBN,2025-08-24 00:00:00+00:00,100.83083333333332,62.178444,47.37812,87.079834
ElecFMV6,2025-08-24 00:00:00+00:00,LZ_RAYBN,2025-08-24 01:00:00+00:00,102.71083333333333,55.57978,40.421005,81.34155
ElecFMV6,2025-08-24 00:00:00+00:00,LZ_RAYBN,2025-08-24 02:00:00+00:00,90.1225,49.64289,37.114872,74.631165
ElecFMV6,2025-08-24 00:00:00+00:00,LZ_RAYBN,2025-08-24 03:00:00+00:00,53.6575,41.05264,31.52118,65.296394
ElecFMV6,2025-08-24 00:00:00+00:00,LZ_RAYBN,2025-08-24 04:00:00+00:00,34.54333333333333,35.181545,28.510708,55.46653
ElecFMV6,2025-08-24 00:00:00+00:00,LZ_RAYBN,2025-08-24 05:00:00+00:00,39.376666666666665,32.879417,26.478634,51.231464
ElecFMV6,2025-08-24 00:00:00+00:00,LZ_RAYBN,2025-08-24 06:00:00+00:00,29.834166666666665,31.250416,27.176334,50.417503
ElecFMV6,2025-08-24 00:00:00+00:00,LZ_RAYBN,2025-08-24 07:00:00+00:00,28.36583333333333,25.21754,21.363657,45.277847
ElecFMV6,2025-08-24 00:00:00+00:00,LZ_RAYBN,2025-08-24 08:00:00+00:00,28.15,23.497793,19.332928,38.78157
ElecFMV6,2025-08-24 00:00:00+00:00,LZ_RAYBN,2025-08-24 09:00:00+00:00,28.155,23.340591,19.664892,38.735207
ElecFMV6,2025-08-24 00:00:00+00:00,LZ_RAYBN,2025-08-24 10:00:00+00:00,27.39333333333333,27.983873,23.96276,42.40623
ElecFMV6,2025-08-24 00:00:00+00:00,LZ_RAYBN,2025-08-24 11:00:00+00:00,27.83,30.705046,25.711319,47.2767
ElecFMV6,2025-08-24 00:00:00+00:00,LZ_RAYBN,2025-08-24 12:00:00+00:00,24.40833333333333,26.07368,21.291426,40.056427
ElecFMV6,2025-08-24 00:00:00+00:00,LZ_RAYBN,2025-08-24 13:00:00+00:00,19.24833333333333,24.818523,20.204811,40.321968
ElecFMV6,2025-08-24 00:00:00+00:00,LZ_RAYBN,2025-08-24 14:00:00+00:00,16.97583333333333,18.846432,14.89739,34.15554
ElecFMV6,2025-08-24 00:00:00+00:00,LZ_RAYBN,2025-08-24 15:00:00+00:00,17.38416666666667,19.318106,16.597668,34.188522
ElecFMV6,2025-08-24 00:00:00+00:00,LZ_RAYBN,2025-08-24 16:00:00+00:00,19.41333333333333,21.764456,17.823196,36.90258
ElecFMV6,2025-08-24 00:00:00+00:00,LZ_RAYBN,2025-08-24 17:00:00+00:00,28.8725,27.723366,23.209084,43.973537
ElecFMV6,2025-08-24 00:00:00+00:00,LZ_RAYBN,2025-08-24 18:00:00+00:00,33.29833333333333,31.029675,24.49977,49.31376
ElecFMV6,2025-08-24 00:00:00+00:00,LZ_RAYBN,2025-08-24 19:00:00+00:00,39.77333333333333,32.14204,24.823315,52.15933
ElecFMV6,2025-08-24 00:00:00+00:00,LZ_RAYBN,2025-08-24 20:00:00+00:00,39.28666666666667,30.786186,22.197586,51.869946
ElecFMV6,2025-08-24 00:00:00+00:00,LZ_RAYBN,2025-08-24 21:00:00+00:00,45.193333333333335,32.068207,21.321138,55.684692
ElecFMV6,2025-08-24 00:00:00+00:00,LZ_RAYBN,2025-08-24 22:00:00+00:00,35.892500000000005,36.33235,23.668861,63.41262
ElecFMV6,2025-08-24 00:00:00+00:00,LZ_RAYBN,2025-08-24 23:00:00+00:00,99.79333333333334,46.884407,31.866589,76.95201
ElecFMV6,2025-08-25 00:00:00+00:00,LZ_LCRA,2025-08-25 00:00:00+00:00,125.63,110.876205,85.70662,146.4769
ElecFMV6,2025-08-25 00:00:00+00:00,LZ_LCRA,2025-08-25 01:00:00+00:00,110.80333333333334,104.4035,77.37427,144.40924
ElecFMV6,2025-08-25 00:00:00+00:00,LZ_LCRA,2025-08-25 02:00:00+00:00,107.035,89.03377,63.8422,130.15085
ElecFMV6,2025-08-25 00:00:00+00:00,LZ_LCRA,2025-08-25 03:00:00+00:00,41.399166666666666,70.42102,47.679268,110.997894
ElecFMV6,2025-08-25 00:00:00+00:00,LZ_LCRA,2025-08-25 04:00:00+00:00,32.82666666666667,57.091816,38.454124,94.49272
ElecFMV6,2025-08-25 00:00:00+00:00,LZ_LCRA,2025-08-25 05:00:00+00:00,24.906666666666663,50.539482,33.308014,85.45158
ElecFMV6,2025-08-25 00:00:00+00:00,LZ_LCRA,2025-08-25 06:00:00+00:00,22.135,41.98492,27.386166,75.841125
ElecFMV6,2025-08-25 00:00:00+00:00,LZ_LCRA,2025-08-25 07:00:00+00:00,22.081666666666667,35.382793,23.113836,69.723564
ElecFMV6,2025-08-25 00:00:00+00:00,LZ_LCRA,2025-08-25 08:00:00+00:00,22.195833333333336,31.869686,19.398882,62.985992
ElecFMV6,2025-08-25 00:00:00+00:00,LZ_LCRA,2025-08-25 09:00:00+00:00,21.896666666666665,26.49394,13.83485,58.159676
ElecFMV6,2025-08-25 00:00:00+00:00,LZ_LCRA,2025-08-25 10:00:00+00:00,23.126666666666665,27.943922,13.74374,58.908073
ElecFMV6,2025-08-25 00:00:00+00:00,LZ_LCRA,2025-08-25 11:00:00+00:00,24.945833333333336,33.177193,19.342102,65.27487
ElecFMV6,2025-08-25 00:00:00+00:00,LZ_LCRA,2025-08-25 12:00:00+00:00,23.8875,28.288166,16.333033,57.954834
ElecFMV6,2025-08-25 00:00:00+00:00,LZ_LCRA,2025-08-25 13:00:00+00:00,20.444166666666668,24.586618,14.726555,52.82752
ElecFMV6,2025-08-25 00:00:00+00:00,LZ_LCRA,2025-08-25 14:00:00+00:00,19.593333333333337,22.137802,13.179218,48.916363
ElecFMV6,2025-08-25 00:00:00+00:00,LZ_LCRA,2025-08-25 15:00:00+00:00,18.63583333333333,22.48096,15.07132,48.366768
ElecFMV6,2025-08-25 00:00:00+00:00,LZ_LCRA,2025-08-25 16:00:00+00:00,24.227500000000003,22.63821,14.375999,48.91965
ElecFMV6,2025-08-25 00:00:00+00:00,LZ_LCRA,2025-08-25 17:00:00+00:00,24.843333333333337,27.10252,17.956394,54.372112
ElecFMV6,2025-08-25 00:00:00+00:00,LZ_LCRA,2025-08-25 18:00:00+00:00,51.24916666666667,33.17967,22.133133,62.58244
ElecFMV6,2025-08-25 00:00:00+00:00,LZ_LCRA,2025-08-25 19:00:00+00:00,38.175,40.083668,26.165426,70.74663
ElecFMV6,2025-08-25 00:00:00+00:00,LZ_LCRA,2025-08-25 20:00:00+00:00,28.2675,43.57002,27.461046,77.06691
ElecFMV6,2025-08-25 00:00:00+00:00,LZ_LCRA,2025-08-25 21:00:00+00:00,41.3725,51.64102,31.520163,87.631096
ElecFMV6,2025-08-25 00:00:00+00:00,LZ_LCRA,2025-08-25 22:00:00+00:00,64.01416666666667,59.896107,36.462276,98.571655
ElecFMV6,2025-08-25 00:00:00+00:00,LZ_LCRA,2025-08-25 23:00:00+00:00,62.415,71.25741,45.24775,113.14257
ElecFMV6,2025-08-25 00:00:00+00:00,LZ_WEST,2025-08-25 00:00:00+00:00,127.8725,108.18519,83.38101,139.24796
ElecFMV6,2025-08-25 00:00:00+00:00,LZ_WEST,2025-08-25 01:00:00+00:00,112.95833333333331,97.725204,71.13919,130.29373
ElecFMV6,2025-08-25 00:00:00+00:00,LZ_WEST,2025-08-25 02:00:00+00:00,111.91166666666668,85.23916,59.656693,118.94049
ElecFMV6,2025-08-25 00:00:00+00:00,LZ_WEST,2025-08-25 03:00:00+00:00,62.34583333333333,71.3087,48.16119,104.06528
ElecFMV6,2025-08-25 00:00:00+00:00,LZ_WEST,2025-08-25 04:00:00+00:00,78.335,70.32253,48.47601,101.20935
ElecFMV6,2025-08-25 00:00:00+00:00,LZ_WEST,2025-08-25 05:00:00+00:00,69.06583333333333,73.25736,53.6597,103.824326
ElecFMV6,2025-08-25 00:00:00+00:00,LZ_WEST,2025-08-25 06:00:00+00:00,60.59166666666667,70.218796,49.43763,101.78601
ElecFMV6,2025-08-25 00:00:00+00:00,LZ_WEST,2025-08-25 07:00:00+00:00,54.16333333333333,69.318985,48.799126,102.022156
ElecFMV6,2025-08-25 00:00:00+00:00,LZ_WEST,2025-08-25 08:00:00+00:00,62.55833333333333,70.624245,48.922398,102.43417
ElecFMV6,2025-08-25 00:00:00+00:00,LZ_WEST,2025-08-25 09:00:00+00:00,61.3575,72.01001,49.67391,104.13642
ElecFMV6,2025-08-25 00:00:00+00:00,LZ_WEST,2025-08-25 10:00:00+00:00,55.15583333333333,71.22087,49.619286,102.493614
ElecFMV6,2025-08-25 00:00:00+00:00,LZ_WEST,2025-08-25 11:00:00+00:00,35.865,70.092575,49.59176,100.49496
ElecFMV6,2025-08-25 00:00:00+00:00,LZ_WEST,2025-08-25 12:00:00+00:00,28.90833333333333,60.105553,41.140694,85.915855
ElecFMV6,2025-08-25 00:00:00+00:00,LZ_WEST,2025-08-25 13:00:00+00:00,20.929166666666667,36.928047,19.678616,60.366047
ElecFMV6,2025-08-25 00:00:00+00:00,LZ_WEST,2025-08-25 14:00:00+00:00,19.524166666666662,25.061062,10.442886,46.263336
ElecFMV6,2025-08-25 00:00:00+00:00,LZ_WEST,2025-08-25 15:00:00+00:00,15.434166666666668,21.534561,8.580376,41.251358
ElecFMV6,2025-08-25 00:00:00+00:00,LZ_WEST,2025-08-25 16:00:00+00:00,16.058333333333334,21.136974,8.735714,39.43544
ElecFMV6,2025-08-25 00:00:00+00:00,LZ_WEST,2025-08-25 17:00:00+00:00,20.789166666666667,19.879028,7.3574753,38.59881
ElecFMV6,2025-08-25 00:00:00+00:00,LZ_WEST,2025-08-25 18:00:00+00:00,34.03666666666667,25.276089,11.052593,45.461445
ElecFMV6,2025-08-25 00:00:00+00:00,LZ_WEST,2025-08-25 19:00:00+00:00,34.03333333333334,29.718184,14.392864,51.236042
ElecFMV6,2025-08-25 00:00:00+00:00,LZ_WEST,2025-08-25 20:00:00+00:00,28.85083333333333,29.40017,11.4394,52.165207
ElecFMV6,2025-08-25 00:00:00+00:00,LZ_WEST,2025-08-25 21:00:00+00:00,28.846666666666668,38.552864,19.463413,63.47512
ElecFMV6,2025-08-25 00:00:00+00:00,LZ_WEST,2025-08-25 22:00:00+00:00,42.65333333333333,51.28643,31.197197,78.50812
ElecFMV6,2025-08-25 00:00:00+00:00,LZ_WEST,2025-08-25 23:00:00+00:00,61.37583333333333,66.540474,43.91,95.99719
ElecFMV6,2025-08-25 00:00:00+00:00,LZ_RAYBN,2025-08-25 00:00:00+00:00,120.99416666666669,109.38616,79.89272,155.4949
ElecFMV6,2025-08-25 00:00:00+00:00,LZ_RAYBN,2025-08-25 01:00:00+00:00,109.9725,100.21698,67.80843,152.52783
ElecFMV6,2025-08-25 00:00:00+00:00,LZ_RAYBN,2025-08-25 02:00:00+00:00,105.72833333333334,80.08052,50.8802,134.7057
ElecFMV6,2025-08-25 00:00:00+00:00,LZ_RAYBN,2025-08-25 03:00:00+00:00,37.469166666666666,62.7807,37.554424,116.491356
ElecFMV6,2025-08-25 00:00:00+00:00,LZ_RAYBN,2025-08-25 04:00:00+00:00,27.75916666666667,52.11645,31.984661,100.71832
ElecFMV6,2025-08-25 00:00:00+00:00,LZ_RAYBN,2025-08-25 05:00:00+00:00,24.126666666666665,46.72833,30.224964,91.22877
ElecFMV6,2025-08-25 00:00:00+00:00,LZ_RAYBN,2025-08-25 06:00:00+00:00,23.76,39.299103,26.157587,81.37541
ElecFMV6,2025-08-25 00:00:00+00:00,LZ_RAYBN,2025-08-25 07:00:00+00:00,23.410833333333333,31.198135,20.483044,72.252426
ElecFMV6,2025-08-25 00:00:00+00:00,LZ_RAYBN,2025-08-25 08:00:00+00:00,23.58583333333333,27.057394,17.657831,64.95808
ElecFMV6,2025-08-25 00:00:00+00:00,LZ_RAYBN,2025-08-25 09:00:00+00:00,23.4625,24.570877,14.876904,62.29925
ElecFMV6,2025-08-25 00:00:00+00:00,LZ_RAYBN,2025-08-25 10:00:00+00:00,24.405,25.620504,15.160065,62.442657
ElecFMV6,2025-08-25 00:00:00+00:00,LZ_RAYBN,2025-08-25 11:00:00+00:00,25.39333333333333,30.971731,19.706144,68.54369
ElecFMV6,2025-08-25 00:00:00+00:00,LZ_RAYBN,2025-08-25 12:00:00+00:00,24.09583333333333,25.646059,15.495058,62.3793
ElecFMV6,2025-08-25 00:00:00+00:00,LZ_RAYBN,2025-08-25 13:00:00+00:00,20.464166666666667,23.066347,13.376179,58.774075
ElecFMV6,2025-08-25 00:00:00+00:00,LZ_RAYBN,2025-08-25 14:00:00+00:00,19.550833333333333,19.858377,11.19902,54.647793
ElecFMV6,2025-08-25 00:00:00+00:00,LZ_RAYBN,2025-08-25 15:00:00+00:00,18.925833333333333,20.120384,12.69479,53.970844
ElecFMV6,2025-08-25 00:00:00+00:00,LZ_RAYBN,2025-08-25 16:00:00+00:00,17.54,19.735725,11.707504,52.894382
ElecFMV6,2025-08-25 00:00:00+00:00,LZ_RAYBN,2025-08-25 17:00:00+00:00,25.434166666666663,26.6113,17.465366,58.87394
ElecFMV6,2025-08-25 00:00:00+00:00,LZ_RAYBN,2025-08-25 18:00:00+00:00,33.810833333333335,32.516876,21.537546,65.382866
ElecFMV6,2025-08-25 00:00:00+00:00,LZ_RAYBN,2025-08-25 19:00:00+00:00,33.95333333333333,31.52449,19.01661,66.43164
ElecFMV6,2025-08-25 00:00:00+00:00,LZ_RAYBN,2025-08-25 20:00:00+00:00,29.1225,34.162933,19.74018,71.31825
ElecFMV6,2025-08-25 00:00:00+00:00,LZ_RAYBN,2025-08-25 21:00:00+00:00,26.5875,35.2079,17.309484,75.956055
ElecFMV6,2025-08-25 00:00:00+00:00,LZ_RAYBN,2025-08-25 22:00:00+00:00,38.18083333333333,43.317135,22.43179,87.93207
ElecFMV6,2025-08-25 00:00:00+00:00,LZ_RAYBN,2025-08-25 23:00:00+00:00,58.7875,55.71843,31.297852,103.29438
ElecFMV6,2025-08-26 00:00:00+00:00,LZ_LCRA,2025-08-26 00:00:00+00:00,68.79583333333333,73.82007,55.51402,99.10411
ElecFMV6,2025-08-26 00:00:00+00:00,LZ_LCRA,2025-08-26 01:00:00+00:00,53.57666666666666,73.28673,54.0044,102.03898
ElecFMV6,2025-08-26 00:00:00+00:00,LZ_LCRA,2025-08-26 02:00:00+00:00,33.225833333333334,62.081764,44.588333,91.79546
ElecFMV6,2025-08-26 00:00:00+00:00,LZ_LCRA,2025-08-26 03:00:00+00:00,31.0375,43.576218,28.6268,71.95609
ElecFMV6,2025-08-26 00:00:00+00:00,LZ_LCRA,2025-08-26 04:00:00+00:00,25.355,32.50428,21.421652,56.937798
ElecFMV6,2025-08-26 00:00:00+00:00,LZ_LCRA,2025-08-26 05:00:00+00:00,23.479166666666668,31.567284,21.217157,53.58087
ElecFMV6,2025-08-26 00:00:00+00:00,LZ_LCRA,2025-08-26 06:00:00+00:00,23.491666666666664,32.144012,24.844053,53.4934
ElecFMV6,2025-08-26 00:00:00+00:00,LZ_LCRA,2025-08-26 07:00:00+00:00,24.22666666666667,24.625381,19.394085,45.07444
ElecFMV6,2025-08-26 00:00:00+00:00,LZ_LCRA,2025-08-26 08:00:00+00:00,24.159166666666664,20.39557,16.151056,36.18004
ElecFMV6,2025-08-26 00:00:00+00:00,LZ_LCRA,2025-08-26 09:00:00+00:00,25.363333333333333,23.268822,19.752691,37.25363
ElecFMV6,2025-08-26 00:00:00+00:00,LZ_LCRA,2025-08-26 10:00:00+00:00,28.5875,28.275673,24.267424,41.717407
ElecFMV6,2025-08-26 00:00:00+00:00,LZ_LCRA,2025-08-26 11:00:00+00:00,41.39833333333333,29.285141,24.598085,44.68258
ElecFMV6,2025-08-26 00:00:00+00:00,LZ_LCRA,2025-08-26 12:00:00+00:00,46.465833333333336,26.98473,21.15276,43.11775
ElecFMV6,2025-08-26 00:00:00+00:00,LZ_LCRA,2025-08-26 13:00:00+00:00,26.133333333333336,24.085953,17.051767,40.865845
ElecFMV6,2025-08-26 00:00:00+00:00,LZ_LCRA,2025-08-26 14:00:00+00:00,23.75583333333333,23.202621,15.465605,41.595634
ElecFMV6,2025-08-26 00:00:00+00:00,LZ_LCRA,2025-08-26 15:00:00+00:00,23.42083333333333,26.81289,19.751076,43.835335
ElecFMV6,2025-08-26 00:00:00+00:00,LZ_LCRA,2025-08-26 16:00:00+00:00,24.3275,29.187452,22.163292,46.2112
ElecFMV6,2025-08-26 00:00:00+00:00,LZ_LCRA,2025-08-26 17:00:00+00:00,36.715833333333336,32.990017,26.447601,50.771503
ElecFMV6,2025-08-26 00:00:00+00:00,LZ_LCRA,2025-08-26 18:00:00+00:00,47.524166666666666,37.561073,29.52538,58.255867
ElecFMV6,2025-08-26 00:00:00+00:00,LZ_LCRA,2025-08-26 19:00:00+00:00,48.76333333333333,40.753735,30.286728,63.094757
ElecFMV6,2025-08-26 00:00:00+00:00,LZ_LCRA,2025-08-26 20:00:00+00:00,57.34833333333333,43.370617,30.419178,69.203445
ElecFMV6,2025-08-26 00:00:00+00:00,LZ_LCRA,2025-08-26 21:00:00+00:00,56.81916666666667,49.939972,33.275124,77.8725
ElecFMV6,2025-08-26 00:00:00+00:00,LZ_LCRA,2025-08-26 22:00:00+00:00,56.98583333333334,53.66738,33.54113,84.67189
ElecFMV6,2025-08-26 00:00:00+00:00,LZ_LCRA,2025-08-26 23:00:00+00:00,55.75416666666666,57.9075,36.176838,91.63379
ElecFMV6,2025-08-26 00:00:00+00:00,LZ_WEST,2025-08-26 00:00:00+00:00,79.14583333333333,80.41333,63.963154,100.629715
ElecFMV6,2025-08-26 00:00:00+00:00,LZ_WEST,2025-08-26 01:00:00+00:00,65.3425,83.51179,66.76527,103.56596
ElecFMV6,2025-08-26 00:00:00+00:00,LZ_WEST,2025-08-26 02:00:00+00:00,52.0025,81.2872,65.889656,101.63341
ElecFMV6,2025-08-26 00:00:00+00:00,LZ_WEST,2025-08-26 03:00:00+00:00,48.70666666666667,66.34105,51.65644,85.51839
ElecFMV6,2025-08-26 00:00:00+00:00,LZ_WEST,2025-08-26 04:00:00+00:00,40.8675,61.29254,48.457764,79.32626
ElecFMV6,2025-08-26 00:00:00+00:00,LZ_WEST,2025-08-26 05:00:00+00:00,33.559999999999995,61.070354,48.662766,78.28734
ElecFMV6,2025-08-26 00:00:00+00:00,LZ_WEST,2025-08-26 06:00:00+00:00,27.516666666666666,60.953403,49.23178,80.771454
ElecFMV6,2025-08-26 00:00:00+00:00,LZ_WEST,2025-08-26 07:00:00+00:00,28.415000000000003,57.866722,45.13628,79.26813
ElecFMV6,2025-08-26 00:00:00+00:00,LZ_WEST,2025-08-26 08:00:00+00:00,27.249166666666667,57.026047,42.81171,77.62986
ElecFMV6,2025-08-26 00:00:00+00:00,LZ_WEST,2025-08-26 09:00:00+00:00,25.389166666666668,61.05472,46.231655,82.334564
ElecFMV6,2025-08-26 00:00:00+00:00,LZ_WEST,2025-08-26 10:00:00+00:00,28.5875,55.80751,41.31922,77.209854
ElecFMV6,2025-08-26 00:00:00+00:00,LZ_WEST,2025-08-26 11:00:00+00:00,41.39833333333333,50.74441,36.432945,73.11456
ElecFMV6,2025-08-26 00:00:00+00:00,LZ_WEST,2025-08-26 12:00:00+00:00,46.465833333333336,46.33898,32.806232,66.49254
ElecFMV6,2025-08-26 00:00:00+00:00,LZ_WEST,2025-08-26 13:00:00+00:00,26.613333333333333,27.44905,13.738251,45.878838
ElecFMV6,2025-08-26 00:00:00+00:00,LZ_WEST,2025-08-26 14:00:00+00:00,23.75583333333333,19.55579,8.53265,38.002182
ElecFMV6,2025-08-26 00:00:00+00:00,LZ_WEST,2025-08-26 15:00:00+00:00,23.43166666666667,21.145565,10.621796,37.676773
ElecFMV6,2025-08-26 00:00:00+00:00,LZ_WEST,2025-08-26 16:00:00+00:00,24.33666666666667,23.515453,12.858429,39.19181
ElecFMV6,2025-08-26 00:00:00+00:00,LZ_WEST,2025-08-26 17:00:00+00:00,36.715833333333336,26.260017,16.358078,43.605354
ElecFMV6,2025-08-26 00:00:00+00:00,LZ_WEST,2025-08-26 18:00:00+00:00,47.49583333333334,36.724316,25.14677,56.148605
ElecFMV6,2025-08-26 00:00:00+00:00,LZ_WEST,2025-08-26 19:00:00+00:00,48.74666666666667,34.285294,22.361588,55.522594
ElecFMV6,2025-08-26 00:00:00+00:00,LZ_WEST,2025-08-26 20:00:00+00:00,57.39833333333333,33.277046,18.431576,55.39824
ElecFMV6,2025-08-26 00:00:00+00:00,LZ_WEST,2025-08-26 21:00:00+00:00,53.615,41.989258,25.931087,65.65091
ElecFMV6,2025-08-26 00:00:00+00:00,LZ_WEST,2025-08-26 22:00:00+00:00,50.65583333333333,44.49802,27.694954,69.49351
ElecFMV6,2025-08-26 00:00:00+00:00,LZ_WEST,2025-08-26 23:00:00+00:00,56.35833333333333,56.273315,36.083397,81.36078
ElecFMV6,2025-08-26 00:00:00+00:00,LZ_RAYBN,2025-08-26 00:00:00+00:00,63.520833333333336,77.568695,64.418365,99.5315
ElecFMV6,2025-08-26 00:00:00+00:00,LZ_RAYBN,2025-08-26 01:00:00+00:00,52.9725,75.85953,62.141212,100.23218
ElecFMV6,2025-08-26 00:00:00+00:00,LZ_RAYBN,2025-08-26 02:00:00+00:00,29.7725,65.86534,53.33447,92.16887
ElecFMV6,2025-08-26 00:00:00+00:00,LZ_RAYBN,2025-08-26 03:00:00+00:00,28.184166666666663,48.706654,37.04821,75.66425
ElecFMV6,2025-08-26 00:00:00+00:00,LZ_RAYBN,2025-08-26 04:00:00+00:00,25.53,38.032192,28.652119,61.56008
ElecFMV6,2025-08-26 00:00:00+00:00,LZ_RAYBN,2025-08-26 05:00:00+00:00,23.992500000000003,38.08392,28.564793,60.44291
ElecFMV6,2025-08-26 00:00:00+00:00,LZ_RAYBN,2025-08-26 06:00:00+00:00,23.69083333333333,38.394634,31.111698,62.029648
ElecFMV6,2025-08-26 00:00:00+00:00,LZ_RAYBN,2025-08-26 07:00:00+00:00,24.430833333333336,30.467281,24.55673,52.84064
ElecFMV6,2025-08-26 00:00:00+00:00,LZ_RAYBN,2025-08-26 08:00:00+00:00,24.3075,23.912563,18.914524,41.215565
ElecFMV6,2025-08-26 00:00:00+00:00,LZ_RAYBN,2025-08-26 09:00:00+00:00,25.364166666666662,24.369442,20.463842,39.332268
ElecFMV6,2025-08-26 00:00:00+00:00,LZ_RAYBN,2025-08-26 10:00:00+00:00,28.5875,25.65396,21.938889,39.28055
ElecFMV6,2025-08-26 00:00:00+00:00,LZ_RAYBN,2025-08-26 11:00:00+00:00,41.39833333333333,27.47932,24.085054,43.12801
ElecFMV6,2025-08-26 00:00:00+00:00,LZ_RAYBN,2025-08-26 12:00:00+00:00,46.465833333333336,25.831959,22.234833,40.178593
ElecFMV6,2025-08-26 00:00:00+00:00,LZ_RAYBN,2025-08-26 13:00:00+00:00,26.148333333333337,25.768375,20.72674,40.605354
ElecFMV6,2025-08-26 00:00:00+00:00,LZ_RAYBN,2025-08-26 14:00:00+00:00,23.75583333333333,21.593794,16.142382,37.98202
ElecFMV6,2025-08-26 00:00:00+00:00,LZ_RAYBN,2025-08-26 15:00:00+00:00,23.4225,18.11183,14.187334,32.790848
ElecFMV6,2025-08-26 00:00:00+00:00,LZ_RAYBN,2025-08-26 16:00:00+00:00,24.329166666666666,22.052792,17.439379,35.802048
ElecFMV6,2025-08-26 00:00:00+00:00,LZ_RAYBN,2025-08-26 17:00:00+00:00,36.715833333333336,28.817116,24.889763,43.627922
ElecFMV6,2025-08-26 00:00:00+00:00,LZ_RAYBN,2025-08-26 18:00:00+00:00,47.49166666666667,32.26288,25.874107,50.7998
ElecFMV6,2025-08-26 00:00:00+00:00,LZ_RAYBN,2025-08-26 19:00:00+00:00,48.74583333333334,35.237003,26.77806,56.461895
ElecFMV6,2025-08-26 00:00:00+00:00,LZ_RAYBN,2025-08-26 20:00:00+00:00,57.057500000000005,36.405907,25.153055,61.864113
ElecFMV6,2025-08-26 00:00:00+00:00,LZ_RAYBN,2025-08-26 21:00:00+00:00,52.26,36.603596,22.025707,65.10237
ElecFMV6,2025-08-26 00:00:00+00:00,LZ_RAYBN,2025-08-26 22:00:00+00:00,48.8525,42.174904,24.799162,73.71418
ElecFMV6,2025-08-26 00:00:00+00:00,LZ_RAYBN,2025-08-26 23:00:00+00:00,55.415,53.78816,34.58317,87.49835
ElecFMV6,2025-08-27 00:00:00+00:00,LZ_LCRA,2025-08-27 00:00:00+00:00,49.76833333333334,69.16315,50.439964,93.743576
ElecFMV6,2025-08-27 00:00:00+00:00,LZ_LCRA,2025-08-27 01:00:00+00:00,69.985,67.08536,46.8266,95.33659
ElecFMV6,2025-08-27 00:00:00+00:00,LZ_LCRA,2025-08-27 02:00:00+00:00,56.955000000000005,59.592613,40.468807,88.60187
ElecFMV6,2025-08-27 00:00:00+00:00,LZ_LCRA,2025-08-27 03:00:00+00:00,34.9775,49.53541,32.084213,77.8813
ElecFMV6,2025-08-27 00:00:00+00:00,LZ_LCRA,2025-08-27 04:00:00+00:00,29.486666666666668,41.95416,27.015665,67.07119
ElecFMV6,2025-08-27 00:00:00+00:00,LZ_LCRA,2025-08-27 05:00:00+00:00,24.755,38.099846,23.920427,61.27016
ElecFMV6,2025-08-27 00:00:00+00:00,LZ_LCRA,2025-08-27 06:00:00+00:00,23.824166666666667,33.39693,21.392574,56.631435
ElecFMV6,2025-08-27 00:00:00+00:00,LZ_LCRA,2025-08-27 07:00:00+00:00,23.6575,28.780123,18.467592,50.530464
ElecFMV6,2025-08-27 00:00:00+00:00,LZ_LCRA,2025-08-27 08:00:00+00:00,26.2325,26.71865,17.662237,44.4371
ElecFMV6,2025-08-27 00:00:00+00:00,LZ_LCRA,2025-08-27 09:00:00+00:00,28.14833333333333,25.859257,18.315464,41.356697
ElecFMV6,2025-08-27 00:00:00+00:00,LZ_LCRA,2025-08-27 10:00:00+00:00,33.229166666666664,27.574577,20.321463,42.56342
ElecFMV6,2025-08-27 00:00:00+00:00,LZ_LCRA,2025-08-27 11:00:00+00:00,46.6375,31.250725,23.498537,47.392982
ElecFMV6,2025-08-27 00:00:00+00:00,LZ_LCRA,2025-08-27 12:00:00+00:00,65.49333333333333,29.934624,21.585358,47.071796
ElecFMV6,2025-08-27 00:00:00+00:00,LZ_LCRA,2025-08-27 13:00:00+00:00,27.365,30.64451,20.751032,47.80792
ElecFMV6,2025-08-27 00:00:00+00:00,LZ_LCRA,2025-08-27 14:00:00+00:00,23.19083333333333,30.947643,22.221996,49.06082
ElecFMV6,2025-08-27 00:00:00+00:00,LZ_LCRA,2025-08-27 15:00:00+00:00,22.63583333333333,28.447662,20.970373,45.5477
ElecFMV6,2025-08-27 00:00:00+00:00,LZ_LCRA,2025-08-27 16:00:00+00:00,23.456666666666667,27.01101,19.814882,43.81741
ElecFMV6,2025-08-27 00:00:00+00:00,LZ_LCRA,2025-08-27 17:00:00+00:00,24.94666666666667,33.202984,25.84486,51.378716
ElecFMV6,2025-08-27 00:00:00+00:00,LZ_LCRA,2025-08-27 18:00:00+00:00,29.423333333333336,38.8647,28.783392,60.10099
ElecFMV6,2025-08-27 00:00:00+00:00,LZ_LCRA,2025-08-27 19:00:00+00:00,42.40833333333333,40.327854,27.687046,63.638832
ElecFMV6,2025-08-27 00:00:00+00:00,LZ_LCRA,2025-08-27 20:00:00+00:00,58.92083333333333,42.785545,28.57822,68.31845
ElecFMV6,2025-08-27 00:00:00+00:00,LZ_LCRA,2025-08-27 21:00:00+00:00,63.58833333333333,50.338783,33.690918,76.668655
ElecFMV6,2025-08-27 00:00:00+00:00,LZ_LCRA,2025-08-27 22:00:00+00:00,40.85083333333333,56.07714,37.683777,85.06843
ElecFMV6,2025-08-27 00:00:00+00:00,LZ_LCRA,2025-08-27 23:00:00+00:00,56.55,60.08018,40.466938,91.32349
ElecFMV6,2025-08-27 00:00:00+00:00,LZ_WEST,2025-08-27 00:00:00+00:00,50.50666666666667,79.72017,60.849693,104.401566
ElecFMV6,2025-08-27 00:00:00+00:00,LZ_WEST,2025-08-27 01:00:00+00:00,70.75333333333333,72.26029,52.55191,99.343155
ElecFMV6,2025-08-27 00:00:00+00:00,LZ_WEST,2025-08-27 02:00:00+00:00,58.6925,64.272644,45.271904,91.82449
ElecFMV6,2025-08-27 00:00:00+00:00,LZ_WEST,2025-08-27 03:00:00+00:00,47.1525,58.989883,41.094864,85.99835
ElecFMV6,2025-08-27 00:00:00+00:00,LZ_WEST,2025-08-27 04:00:00+00:00,48.36333333333334,52.822536,35.972435,76.70942
ElecFMV6,2025-08-27 00:00:00+00:00,LZ_WEST,2025-08-27 05:00:00+00:00,57.51333333333333,50.983643,33.263046,75.07046
ElecFMV6,2025-08-27 00:00:00+00:00,LZ_WEST,2025-08-27 06:00:00+00:00,65.23,49.206306,32.23137,75.76236
ElecFMV6,2025-08-27 00:00:00+00:00,LZ_WEST,2025-08-27 07:00:00+00:00,64.34916666666668,43.131508,25.232412,71.719124
ElecFMV6,2025-08-27 00:00:00+00:00,LZ_WEST,2025-08-27 08:00:00+00:00,50.2775,47.594353,28.929192,73.830284
ElecFMV6,2025-08-27 00:00:00+00:00,LZ_WEST,2025-08-27 09:00:00+00:00,61.45666666666667,48.94681,29.807877,74.9848
ElecFMV6,2025-08-27 00:00:00+00:00,LZ_WEST,2025-08-27 10:00:00+00:00,57.03916666666667,47.40065,28.587421,72.50185
ElecFMV6,2025-08-27 00:00:00+00:00,LZ_WEST,2025-08-27 11:00:00+00:00,69.24166666666666,44.05147,25.821245,69.1189
ElecFMV6,2025-08-27 00:00:00+00:00,LZ_WEST,2025-08-27 12:00:00+00:00,81.02416666666666,40.74282,23.707626,61.138054
ElecFMV6,2025-08-27 00:00:00+00:00,LZ_WEST,2025-08-27 13:00:00+00:00,27.820000000000004,30.894218,14.278458,48.810944
ElecFMV6,2025-08-27 00:00:00+00:00,LZ_WEST,2025-08-27 14:00:00+00:00,23.366666666666664,24.484087,10.758038,41.184265
ElecFMV6,2025-08-27 00:00:00+00:00,LZ_WEST,2025-08-27 15:00:00+00:00,22.701666666666668,21.958054,9.646896,36.813034
ElecFMV6,2025-08-27 00:00:00+00:00,LZ_WEST,2025-08-27 16:00:00+00:00,23.45833333333333,21.389309,8.403347,34.243008
ElecFMV6,2025-08-27 00:00:00+00:00,LZ_WEST,2025-08-27 17:00:00+00:00,24.96333333333333,29.049026,16.729294,43.16166
ElecFMV6,2025-08-27 00:00:00+00:00,LZ_WEST,2025-08-27 18:00:00+00:00,29.430833333333336,37.062683,23.722904,52.90349
ElecFMV6,2025-08-27 00:00:00+00:00,LZ_WEST,2025-08-27 19:00:00+00:00,42.67166666666666,36.751625,22.531082,54.170883
ElecFMV6,2025-08-27 00:00:00+00:00,LZ_WEST,2025-08-27 20:00:00+00:00,59.1575,34.76281,19.430698,53.439102
ElecFMV6,2025-08-27 00:00:00+00:00,LZ_WEST,2025-08-27 21:00:00+00:00,64.60916666666667,39.230732,22.466743,60.74024
ElecFMV6,2025-08-27 00:00:00+00:00,LZ_WEST,2025-08-27 22:00:00+00:00,40.91666666666666,40.141956,21.433582,63.72964
ElecFMV6,2025-08-27 00:00:00+00:00,LZ_WEST,2025-08-27 23:00:00+00:00,56.43833333333333,55.09258,34.6736,81.20314
ElecFMV6,2025-08-27 00:00:00+00:00,LZ_RAYBN,2025-08-27 00:00:00+00:00,49.52166666666667,69.44066,56.531708,88.98346
ElecFMV6,2025-08-27 00:00:00+00:00,LZ_RAYBN,2025-08-27 01:00:00+00:00,69.74,64.87321,50.284866,87.729996
ElecFMV6,2025-08-27 00:00:00+00:00,LZ_RAYBN,2025-08-27 02:00:00+00:00,56.81583333333333,54.19214,40.153713,78.30597
ElecFMV6,2025-08-27 00:00:00+00:00,LZ_RAYBN,2025-08-27 03:00:00+00:00,35.115833333333335,46.85053,32.951706,71.130516
ElecFMV6,2025-08-27 00:00:00+00:00,LZ_RAYBN,2025-08-27 04:00:00+00:00,30.22083333333333,39.859303,26.508064,62.732414
ElecFMV6,2025-08-27 00:00:00+00:00,LZ_RAYBN,2025-08-27 05:00:00+00:00,26.365,38.837994,25.101835,61.62617
ElecFMV6,2025-08-27 00:00:00+00:00,LZ_RAYBN,2025-08-27 06:00:00+00:00,25.89583333333333,35.989662,23.381216,59.58413
ElecFMV6,2025-08-27 00:00:00+00:00,LZ_RAYBN,2025-08-27 07:00:00+00:00,25.66416666666667,27.185501,15.54838,49.629204
ElecFMV6,2025-08-27 00:00:00+00:00,LZ_RAYBN,2025-08-27 08:00:00+00:00,27.409166666666668,26.958652,16.162506,46.80006
ElecFMV6,2025-08-27 00:00:00+00:00,LZ_RAYBN,2025-08-27 09:00:00+00:00,29.88083333333333,29.04845,18.95341,47.59607
ElecFMV6,2025-08-27 00:00:00+00:00,LZ_RAYBN,2025-08-27 10:00:00+00:00,34.4425,29.781658,19.90508,48.48801
ElecFMV6,2025-08-27 00:00:00+00:00,LZ_RAYBN,2025-08-27 11:00:00+00:00,48.126666666666665,31.996794,21.617199,51.826565
ElecFMV6,2025-08-27 00:00:00+00:00,LZ_RAYBN,2025-08-27 12:00:00+00:00,66.55833333333334,29.953331,19.051645,50.03823
ElecFMV6,2025-08-27 00:00:00+00:00,LZ_RAYBN,2025-08-27 13:00:00+00:00,27.465,28.673847,16.967447,48.3821
ElecFMV6,2025-08-27 00:00:00+00:00,LZ_RAYBN,2025-08-27 14:00:00+00:00,23.225,26.784952,16.290361,47.26364
ElecFMV6,2025-08-27 00:00:00+00:00,LZ_RAYBN,2025-08-27 15:00:00+00:00,22.621666666666663,25.502853,15.9780445,45.123196
ElecFMV6,2025-08-27 00:00:00+00:00,LZ_RAYBN,2025-08-27 16:00:00+00:00,23.469166666666663,27.474289,17.508242,46.66246
ElecFMV6,2025-08-27 00:00:00+00:00,LZ_RAYBN,2025-08-27 17:00:00+00:00,25.370833333333337,28.61721,18.335426,48.884552
ElecFMV6,2025-08-27 00:00:00+00:00,LZ_RAYBN,2025-08-27 18:00:00+00:00,29.564166666666665,32.473217,20.99587,54.50518
ElecFMV6,2025-08-27 00:00:00+00:00,LZ_RAYBN,2025-08-27 19:00:00+00:00,42.24,34.820717,23.124317,57.676872
ElecFMV6,2025-08-27 00:00:00+00:00,LZ_RAYBN,2025-08-27 20:00:00+00:00,59.065,34.59247,22.249788,58.78141
ElecFMV6,2025-08-27 00:00:00+00:00,LZ_RAYBN,2025-08-27 21:00:00+00:00,64.23333333333333,37.87505,23.349669,63.3014
ElecFMV6,2025-08-27 00:00:00+00:00,LZ_RAYBN,2025-08-27 22:00:00+00:00,39.9075,44.28552,27.381615,72.455605
ElecFMV6,2025-08-27 00:00:00+00:00,LZ_RAYBN,2025-08-27 23:00:00+00:00,55.10083333333333,52.894974,33.690697,83.46971
ElecFMV6,2025-08-28 00:00:00+00:00,LZ_LCRA,2025-08-28 00:00:00+00:00,66.5425,73.11099,57.23954,96.44708
ElecFMV6,2025-08-28 00:00:00+00:00,LZ_LCRA,2025-08-28 01:00:00+00:00,68.09916666666668,74.35716,56.18347,101.27147
ElecFMV6,2025-08-28 00:00:00+00:00,LZ_LCRA,2025-08-28 02:00:00+00:00,52.72416666666667,57.09229,39.875687,85.63944
ElecFMV6,2025-08-28 00:00:00+00:00,LZ_LCRA,2025-08-28 03:00:00+00:00,33.5525,43.481483,27.50553,71.0753
ElecFMV6,2025-08-28 00:00:00+00:00,LZ_LCRA,2025-08-28 04:00:00+00:00,26.81,40.95721,27.59811,66.28439
ElecFMV6,2025-08-28 00:00:00+00:00,LZ_LCRA,2025-08-28 05:00:00+00:00,24.444166666666664,40.48374,28.157295,63.869984
ElecFMV6,2025-08-28 00:00:00+00:00,LZ_LCRA,2025-08-28 06:00:00+00:00,21.546666666666667,36.105434,26.207785,58.898453
ElecFMV6,2025-08-28 00:00:00+00:00,LZ_LCRA,2025-08-28 07:00:00+00:00,18.5775,28.56872,20.06578,50.597557
ElecFMV6,2025-08-28 00:00:00+00:00,LZ_LCRA,2025-08-28 08:00:00+00:00,17.435,22.78278,14.444473,42.095814
ElecFMV6,2025-08-28 00:00:00+00:00,LZ_LCRA,2025-08-28 09:00:00+00:00,17.416666666666668,25.105627,17.110815,43.927933
ElecFMV6,2025-08-28 00:00:00+00:00,LZ_LCRA,2025-08-28 10:00:00+00:00,18.979166666666668,31.649841,22.586102,50.411285
ElecFMV6,2025-08-28 00:00:00+00:00,LZ_LCRA,2025-08-28 11:00:00+00:00,19.986666666666668,37.102924,27.811298,56.49607
ElecFMV6,2025-08-28 00:00:00+00:00,LZ_LCRA,2025-08-28 12:00:00+00:00,19.234166666666667,38.520912,29.519012,57.048935
ElecFMV6,2025-08-28 00:00:00+00:00,LZ_LCRA,2025-08-28 13:00:00+00:00,14.229166666666666,32.17379,23.620613,49.824127
ElecFMV6,2025-08-28 00:00:00+00:00,LZ_LCRA,2025-08-28 14:00:00+00:00,11.505,27.4113,19.695162,44.06976
ElecFMV6,2025-08-28 00:00:00+00:00,LZ_LCRA,2025-08-28 15:00:00+00:00,12.1,23.24435,16.164135,39.09163
ElecFMV6,2025-08-28 00:00:00+00:00,LZ_LCRA,2025-08-28 16:00:00+00:00,18.750833333333333,25.42609,18.707905,40.830406
ElecFMV6,2025-08-28 00:00:00+00:00,LZ_LCRA,2025-08-28 17:00:00+00:00,27.804166666666664,32.96255,25.474312,49.87713
ElecFMV6,2025-08-28 00:00:00+00:00,LZ_LCRA,2025-08-28 18:00:00+00:00,45.719166666666666,36.882816,28.468906,55.45779
ElecFMV6,2025-08-28 00:00:00+00:00,LZ_LCRA,2025-08-28 19:00:00+00:00,59.08083333333334,41.707466,31.405499,60.683662
ElecFMV6,2025-08-28 00:00:00+00:00,LZ_LCRA,2025-08-28 20:00:00+00:00,65.25166666666667,45.156853,33.63426,65.16568
ElecFMV6,2025-08-28 00:00:00+00:00,LZ_LCRA,2025-08-28 21:00:00+00:00,61.0925,47.541183,34.593903,67.94522
ElecFMV6,2025-08-28 00:00:00+00:00,LZ_LCRA,2025-08-28 22:00:00+00:00,83.5925,53.472878,39.536457,75.5991
ElecFMV6,2025-08-28 00:00:00+00:00,LZ_LCRA,2025-08-28 23:00:00+00:00,83.35833333333333,63.53637,47.762676,87.98513
ElecFMV6,2025-08-28 00:00:00+00:00,LZ_WEST,2025-08-28 00:00:00+00:00,66.60083333333334,69.958824,50.287334,93.16435
ElecFMV6,2025-08-28 00:00:00+00:00,LZ_WEST,2025-08-28 01:00:00+00:00,68.17916666666666,69.699524,48.685383,94.66246
ElecFMV6,2025-08-28 00:00:00+00:00,LZ_WEST,2025-08-28 02:00:00+00:00,59.053333333333335,62.155212,41.5345,89.26992
ElecFMV6,2025-08-28 00:00:00+00:00,LZ_WEST,2025-08-28 03:00:00+00:00,48.465833333333336,60.820236,40.292572,88.52418
ElecFMV6,2025-08-28 00:00:00+00:00,LZ_WEST,2025-08-28 04:00:00+00:00,40.29583333333333,60.28328,39.4819,87.979706
ElecFMV6,2025-08-28 00:00:00+00:00,LZ_WEST,2025-08-28 05:00:00+00:00,37.10416666666666,60.5798,38.282234,87.90149
ElecFMV6,2025-08-28 00:00:00+00:00,LZ_WEST,2025-08-28 06:00:00+00:00,33.1825,63.24356,41.729454,92.017975
ElecFMV6,2025-08-28 00:00:00+00:00,LZ_WEST,2025-08-28 07:00:00+00:00,26.911666666666665,55.094563,34.1623,83.27182
ElecFMV6,2025-08-28 00:00:00+00:00,LZ_WEST,2025-08-28 08:00:00+00:00,25.046666666666667,54.592216,33.968174,80.79821
ElecFMV6,2025-08-28 00:00:00+00:00,LZ_WEST,2025-08-28 09:00:00+00:00,21.986666666666665,56.81043,35.84193,82.82782
ElecFMV6,2025-08-28 00:00:00+00:00,LZ_WEST,2025-08-28 10:00:00+00:00,18.979166666666668,56.90783,34.98374,83.6028
ElecFMV6,2025-08-28 00:00:00+00:00,LZ_WEST,2025-08-28 11:00:00+00:00,20.102500000000003,62.402084,39.06216,89.232544
ElecFMV6,2025-08-28 00:00:00+00:00,LZ_WEST,2025-08-28 12:00:00+00:00,19.88833333333333,55.86297,32.76525,79.979645
ElecFMV6,2025-08-28 00:00:00+00:00,LZ_WEST,2025-08-28 13:00:00+00:00,13.498333333333337,36.649082,15.12146,59.099567
ElecFMV6,2025-08-28 00:00:00+00:00,LZ_WEST,2025-08-28 14:00:00+00:00,4.486666666666667,32.981945,14.448196,54.39516
ElecFMV6,2025-08-28 00:00:00+00:00,LZ_WEST,2025-08-28 15:00:00+00:00,2.8441666666666667,26.700638,10.234867,46.4381
ElecFMV6,2025-08-28 00:00:00+00:00,LZ_WEST,2025-08-28 16:00:00+00:00,7.5075,27.29093,11.148685,46.39907
ElecFMV6,2025-08-28 00:00:00+00:00,LZ_WEST,2025-08-28 17:00:00+00:00,17.03,34.74849,17.587307,54.228996
ElecFMV6,2025-08-28 00:00:00+00:00,LZ_WEST,2025-08-28 18:00:00+00:00,38.60833333333333,34.817894,16.016418,56.81069
ElecFMV6,2025-08-28 00:00:00+00:00,LZ_WEST,2025-08-28 19:00:00+00:00,73.19833333333334,43.38167,23.859789,65.19287
ElecFMV6,2025-08-28 00:00:00+00:00,LZ_WEST,2025-08-28 20:00:00+00:00,79.16833333333334,37.908955,16.370953,60.76938
ElecFMV6,2025-08-28 00:00:00+00:00,LZ_WEST,2025-08-28 21:00:00+00:00,80.85166666666667,43.98306,19.029434,67.96573
ElecFMV6,2025-08-28 00:00:00+00:00,LZ_WEST,2025-08-28 22:00:00+00:00,49.43333333333334,43.128357,18.011234,68.36496
ElecFMV6,2025-08-28 00:00:00+00:00,LZ_WEST,2025-08-28 23:00:00+00:00,87.51916666666666,58.574024,31.082699,84.64258
ElecFMV6,2025-08-28 00:00:00+00:00,LZ_RAYBN,2025-08-28 00:00:00+00:00,64.82583333333334,68.3645,54.194756,93.19548
ElecFMV6,2025-08-28 00:00:00+00:00,LZ_RAYBN,2025-08-28 01:00:00+00:00,66.31833333333334,69.4223,53.86924,97.213974
ElecFMV6,2025-08-28 00:00:00+00:00,LZ_RAYBN,2025-08-28 02:00:00+00:00,50.759166666666665,52.866085,38.43467,80.96715
ElecFMV6,2025-08-28 00:00:00+00:00,LZ_RAYBN,2025-08-28 03:00:00+00:00,30.81583333333333,42.049694,28.810907,67.809494
ElecFMV6,2025-08-28 00:00:00+00:00,LZ_RAYBN,2025-08-28 04:00:00+00:00,24.3725,40.81677,30.395477,63.341843
ElecFMV6,2025-08-28 00:00:00+00:00,LZ_RAYBN,2025-08-28 05:00:00+00:00,22.204166666666666,40.24689,30.144285,60.45304
ElecFMV6,2025-08-28 00:00:00+00:00,LZ_RAYBN,2025-08-28 06:00:00+00:00,20.35083333333333,38.815212,31.676943,58.853214
ElecFMV6,2025-08-28 00:00:00+00:00,LZ_RAYBN,2025-08-28 07:00:00+00:00,18.674166666666668,26.75085,20.271599,46.43509
ElecFMV6,2025-08-28 00:00:00+00:00,LZ_RAYBN,2025-08-28 08:00:00+00:00,17.631666666666664,27.027992,21.405584,43.84836
ElecFMV6,2025-08-28 00:00:00+00:00,LZ_RAYBN,2025-08-28 09:00:00+00:00,17.465833333333332,28.023756,21.739931,43.824543
ElecFMV6,2025-08-28 00:00:00+00:00,LZ_RAYBN,2025-08-28 10:00:00+00:00,18.979166666666668,30.019112,23.392921,45.880768
ElecFMV6,2025-08-28 00:00:00+00:00,LZ_RAYBN,2025-08-28 11:00:00+00:00,19.966666666666665,35.550804,28.159542,52.36655
ElecFMV6,2025-08-28 00:00:00+00:00,LZ_RAYBN,2025-08-28 12:00:00+00:00,19.245,35.30486,27.630302,51.59358
ElecFMV6,2025-08-28 00:00:00+00:00,LZ_RAYBN,2025-08-28 13:00:00+00:00,14.104166666666666,29.69294,22.523882,45.96569
ElecFMV6,2025-08-28 00:00:00+00:00,LZ_RAYBN,2025-08-28 14:00:00+00:00,12.121666666666668,25.92976,19.292849,41.805473
ElecFMV6,2025-08-28 00:00:00+00:00,LZ_RAYBN,2025-08-28 15:00:00+00:00,13.000833333333333,20.927385,15.143629,36.21732
ElecFMV6,2025-08-28 00:00:00+00:00,LZ_RAYBN,2025-08-28 16:00:00+00:00,15.115,22.312553,17.220575,37.420597
ElecFMV6,2025-08-28 00:00:00+00:00,LZ_RAYBN,2025-08-28 17:00:00+00:00,17.808333333333334,30.546173,25.115627,46.82116
ElecFMV6,2025-08-28 00:00:00+00:00,LZ_RAYBN,2025-08-28 18:00:00+00:00,42.49583333333333,30.453598,24.873425,48.17142
ElecFMV6,2025-08-28 00:00:00+00:00,LZ_RAYBN,2025-08-28 19:00:00+00:00,88.18083333333334,36.597828,28.758718,55.041275
ElecFMV6,2025-08-28 00:00:00+00:00,LZ_RAYBN,2025-08-28 20:00:00+00:00,94.68916666666668,37.22911,28.48292,57.571938
ElecFMV6,2025-08-28 00:00:00+00:00,LZ_RAYBN,2025-08-28 21:00:00+00:00,94.4375,36.59841,26.10342,59.661446
ElecFMV6,2025-08-28 00:00:00+00:00,LZ_RAYBN,2025-08-28 22:00:00+00:00,42.04083333333333,42.609245,29.97663,68.11819
ElecFMV6,2025-08-28 00:00:00+00:00,LZ_RAYBN,2025-08-28 23:00:00+00:00,43.946666666666665,59.4237,43.822372,88.70122
ElecFMV6,2025-08-29 00:00:00+00:00,LZ_LCRA,2025-08-29 00:00:00+00:00,76.785,89.090775,68.45898,114.70772
ElecFMV6,2025-08-29 00:00:00+00:00,LZ_LCRA,2025-08-29 01:00:00+00:00,62.31833333333333,80.31912,60.41793,106.582146
ElecFMV6,2025-08-29 00:00:00+00:00,LZ_LCRA,2025-08-29 02:00:00+00:00,40.3275,58.907005,42.20547,83.586525
ElecFMV6,2025-08-29 00:00:00+00:00,LZ_LCRA,2025-08-29 03:00:00+00:00,30.699166666666667,42.361137,28.998405,63.996033
ElecFMV6,2025-08-29 00:00:00+00:00,LZ_LCRA,2025-08-29 04:00:00+00:00,28.8275,33.07468,23.121567,50.846275
ElecFMV6,2025-08-29 00:00:00+00:00,LZ_LCRA,2025-08-29 05:00:00+00:00,29.09,30.098845,21.593792,46.051308
ElecFMV6,2025-08-29 00:00:00+00:00,LZ_LCRA,2025-08-29 06:00:00+00:00,31.02,28.133347,20.740364,43.658714
ElecFMV6,2025-08-29 00:00:00+00:00,LZ_LCRA,2025-08-29 07:00:00+00:00,31.750833333333333,23.490425,17.024033,38.447884
ElecFMV6,2025-08-29 00:00:00+00:00,LZ_LCRA,2025-08-29 08:00:00+00:00,29.855833333333333,20.835588,14.56937,34.333927
ElecFMV6,2025-08-29 00:00:00+00:00,LZ_LCRA,2025-08-29 09:00:00+00:00,32.598333333333336,20.950289,14.344894,34.704266
ElecFMV6,2025-08-29 00:00:00+00:00,LZ_LCRA,2025-08-29 10:00:00+00:00,42.685833333333335,23.582787,16.40042,37.827084
ElecFMV6,2025-08-29 00:00:00+00:00,LZ_LCRA,2025-08-29 11:00:00+00:00,35.347500000000004,30.966166,22.879145,47.05326
ElecFMV6,2025-08-29 00:00:00+00:00,LZ_LCRA,2025-08-29 12:00:00+00:00,36.189166666666665,33.733677,24.987495,49.291664
ElecFMV6,2025-08-29 00:00:00+00:00,LZ_LCRA,2025-08-29 13:00:00+00:00,26.852500000000003,26.149632,17.519485,40.6255
ElecFMV6,2025-08-29 00:00:00+00:00,LZ_LCRA,2025-08-29 14:00:00+00:00,26.9025,20.661938,13.709637,33.802105
ElecFMV6,2025-08-29 00:00:00+00:00,LZ_LCRA,2025-08-29 15:00:00+00:00,26.625833333333333,21.91174,17.186037,32.917294
ElecFMV6,2025-08-29 00:00:00+00:00,LZ_LCRA,2025-08-29 16:00:00+00:00,26.72083333333333,23.087154,19.324839,33.626923
ElecFMV6,2025-08-29 00:00:00+00:00,LZ_LCRA,2025-08-29 17:00:00+00:00,33.74666666666666,27.724388,23.17266,39.415756
ElecFMV6,2025-08-29 00:00:00+00:00,LZ_LCRA,2025-08-29 18:00:00+00:00,55.23500000000001,33.963024,27.72031,48.312305
ElecFMV6,2025-08-29 00:00:00+00:00,LZ_LCRA,2025-08-29 19:00:00+00:00,89.65833333333335,39.300808,30.80348,55.99592
ElecFMV6,2025-08-29 00:00:00+00:00,LZ_LCRA,2025-08-29 20:00:00+00:00,106.91,41.79559,30.202164,60.967552
ElecFMV6,2025-08-29 00:00:00+00:00,LZ_LCRA,2025-08-29 21:00:00+00:00,95.65666666666668,46.224487,32.955353,67.2212
ElecFMV6,2025-08-29 00:00:00+00:00,LZ_LCRA,2025-08-29 22:00:00+00:00,67.10916666666667,51.511562,36.741146,74.4586
ElecFMV6,2025-08-29 00:00:00+00:00,LZ_LCRA,2025-08-29 23:00:00+00:00,48.095,55.580063,39.728218,80.41722
ElecFMV6,2025-08-29 00:00:00+00:00,LZ_WEST,2025-08-29 00:00:00+00:00,98.265,83.77579,60.560616,110.78467
ElecFMV6,2025-08-29 00:00:00+00:00,LZ_WEST,2025-08-29 01:00:00+00:00,85.85666666666667,71.382355,48.45132,97.81616
ElecFMV6,2025-08-29 00:00:00+00:00,LZ_WEST,2025-08-29 02:00:00+00:00,92.40083333333332,68.07123,46.557343,94.45411
ElecFMV6,2025-08-29 00:00:00+00:00,LZ_WEST,2025-08-29 03:00:00+00:00,68.17083333333333,59.811916,40.907883,85.18808
ElecFMV6,2025-08-29 00:00:00+00:00,LZ_WEST,2025-08-29 04:00:00+00:00,48.59,58.168495,41.44949,81.631836
ElecFMV6,2025-08-29 00:00:00+00:00,LZ_WEST,2025-08-29 05:00:00+00:00,60.29749999999999,49.23219,32.9588,71.41922
ElecFMV6,2025-08-29 00:00:00+00:00,LZ_WEST,2025-08-29 06:00:00+00:00,54.8825,48.227665,32.128986,73.12836
ElecFMV6,2025-08-29 00:00:00+00:00,LZ_WEST,2025-08-29 07:00:00+00:00,43.8375,51.334473,34.80598,76.08393
ElecFMV6,2025-08-29 00:00:00+00:00,LZ_WEST,2025-08-29 08:00:00+00:00,51.310833333333335,50.338196,32.657867,73.97395
ElecFMV6,2025-08-29 00:00:00+00:00,LZ_WEST,2025-08-29 09:00:00+00:00,62.270833333333336,48.601036,31.092966,71.69729
ElecFMV6,2025-08-29 00:00:00+00:00,LZ_WEST,2025-08-29 10:00:00+00:00,64.62416666666667,42.975327,27.035212,65.825935
ElecFMV6,2025-08-29 00:00:00+00:00,LZ_WEST,2025-08-29 11:00:00+00:00,68.50666666666666,47.0484,32.2804,68.659874
ElecFMV6,2025-08-29 00:00:00+00:00,LZ_WEST,2025-08-29 12:00:00+00:00,48.21833333333333,48.05206,34.287884,66.989204
ElecFMV6,2025-08-29 00:00:00+00:00,LZ_WEST,2025-08-29 13:00:00+00:00,27.250833333333333,34.580273,21.199492,51.13903
ElecFMV6,2025-08-29 00:00:00+00:00,LZ_WEST,2025-08-29 14:00:00+00:00,27.793333333333333,23.728796,13.437935,39.443764
ElecFMV6,2025-08-29 00:00:00+00:00,LZ_WEST,2025-08-29 15:00:00+00:00,27.095,24.552723,15.451645,37.37922
ElecFMV6,2025-08-29 00:00:00+00:00,LZ_WEST,2025-08-29 16:00:00+00:00,26.8725,33.64074,23.620975,44.978004
ElecFMV6,2025-08-29 00:00:00+00:00,LZ_WEST,2025-08-29 17:00:00+00:00,32.47833333333333,40.33268,30.50867,52.22912
ElecFMV6,2025-08-29 00:00:00+00:00,LZ_WEST,2025-08-29 18:00:00+00:00,34.52333333333333,47.069817,33.996323,61.052444
ElecFMV6,2025-08-29 00:00:00+00:00,LZ_WEST,2025-08-29 19:00:00+00:00,40.72,48.819096,36.21497,63.605663
ElecFMV6,2025-08-29 00:00:00+00:00,LZ_WEST,2025-08-29 20:00:00+00:00,38.42333333333333,52.14453,36.48138,66.920105
ElecFMV6,2025-08-29 00:00:00+00:00,LZ_WEST,2025-08-29 21:00:00+00:00,35.590833333333336,53.14635,38.44916,67.90419
ElecFMV6,2025-08-29 00:00:00+00:00,LZ_WEST,2025-08-29 22:00:00+00:00,39.310833333333335,49.775074,34.93175,67.070786
ElecFMV6,2025-08-29 00:00:00+00:00,LZ_WEST,2025-08-29 23:00:00+00:00,51.68,64.36484,46.456966,81.64508
ElecFMV6,2025-08-29 00:00:00+00:00,LZ_RAYBN,2025-08-29 00:00:00+00:00,61.34,52.975395,37.843,75.2605
ElecFMV6,2025-08-29 00:00:00+00:00,LZ_RAYBN,2025-08-29 01:00:00+00:00,49.61000000000001,55.78457,41.001575,78.21097
ElecFMV6,2025-08-29 00:00:00+00:00,LZ_RAYBN,2025-08-29 02:00:00+00:00,28.27333333333333,44.7577,32.44287,66.01633
ElecFMV6,2025-08-29 00:00:00+00:00,LZ_RAYBN,2025-08-29 03:00:00+00:00,23.50333333333333,35.075428,25.482674,53.72614
ElecFMV6,2025-08-29 00:00:00+00:00,LZ_RAYBN,2025-08-29 04:00:00+00:00,26.126666666666665,28.565224,21.56171,44.05324
ElecFMV6,2025-08-29 00:00:00+00:00,LZ_RAYBN,2025-08-29 05:00:00+00:00,26.49833333333333,26.946354,20.740562,40.829376
ElecFMV6,2025-08-29 00:00:00+00:00,LZ_RAYBN,2025-08-29 06:00:00+00:00,29.304166666666664,27.558907,22.584347,41.581444
ElecFMV6,2025-08-29 00:00:00+00:00,LZ_RAYBN,2025-08-29 07:00:00+00:00,32.07833333333333,21.529701,17.186056,35.05953
ElecFMV6,2025-08-29 00:00:00+00:00,LZ_RAYBN,2025-08-29 08:00:00+00:00,30.7725,19.699316,15.563673,31.50295
ElecFMV6,2025-08-29 00:00:00+00:00,LZ_RAYBN,2025-08-29 09:00:00+00:00,33.98833333333334,18.647326,14.855059,30.09571
ElecFMV6,2025-08-29 00:00:00+00:00,LZ_RAYBN,2025-08-29 10:00:00+00:00,43.66083333333333,19.99055,16.174238,31.972834
ElecFMV6,2025-08-29 00:00:00+00:00,LZ_RAYBN,2025-08-29 11:00:00+00:00,36.955,27.905956,23.23524,41.65436
ElecFMV6,2025-08-29 00:00:00+00:00,LZ_RAYBN,2025-08-29 12:00:00+00:00,36.755833333333335,29.622189,23.681606,44.162937
ElecFMV6,2025-08-29 00:00:00+00:00,LZ_RAYBN,2025-08-29 13:00:00+00:00,26.89916666666667,27.06438,20.356226,41.607334
ElecFMV6,2025-08-29 00:00:00+00:00,LZ_RAYBN,2025-08-29 14:00:00+00:00,26.80333333333333,23.824654,17.923157,37.842556
ElecFMV6,2025-08-29 00:00:00+00:00,LZ_RAYBN,2025-08-29 15:00:00+00:00,26.521666666666665,22.191095,18.107199,34.56896
ElecFMV6,2025-08-29 00:00:00+00:00,LZ_RAYBN,2025-08-29 16:00:00+00:00,26.61916666666667,23.265709,19.789864,34.78497
ElecFMV6,2025-08-29 00:00:00+00:00,LZ_RAYBN,2025-08-29 17:00:00+00:00,33.12083333333333,25.947672,22.234108,38.13786
ElecFMV6,2025-08-29 00:00:00+00:00,LZ_RAYBN,2025-08-29 18:00:00+00:00,31.31583333333333,29.30441,24.069006,43.822075
ElecFMV6,2025-08-29 00:00:00+00:00,LZ_RAYBN,2025-08-29 19:00:00+00:00,32.59916666666667,35.750183,28.525528,51.776382
ElecFMV6,2025-08-29 00:00:00+00:00,LZ_RAYBN,2025-08-29 20:00:00+00:00,26.590833333333336,37.283707,28.181416,55.428577
ElecFMV6,2025-08-29 00:00:00+00:00,LZ_RAYBN,2025-08-29 21:00:00+00:00,24.77416666666667,37.020283,27.368868,56.322968
ElecFMV6,2025-08-29 00:00:00+00:00,LZ_RAYBN,2025-08-29 22:00:00+00:00,27.85333333333333,38.851814,28.227081,59.8414
ElecFMV6,2025-08-29 00:00:00+00:00,LZ_RAYBN,2025-08-29 23:00:00+00:00,45.03833333333333,43.63295,32.18198,65.87648
ElecFMV6,2025-08-30 00:00:00+00:00,LZ_LCRA,2025-08-30 00:00:00+00:00,37.7375,48.6508,39.43743,64.67934
ElecFMV6,2025-08-30 00:00:00+00:00,LZ_LCRA,2025-08-30 01:00:00+00:00,35.88666666666666,45.105648,35.37393,63.220623
ElecFMV6,2025-08-30 00:00:00+00:00,LZ_LCRA,2025-08-30 02:00:00+00:00,37.61666666666667,36.839317,27.876648,55.060265
ElecFMV6,2025-08-30 00:00:00+00:00,LZ_LCRA,2025-08-30 03:00:00+00:00,34.3575,30.12903,22.151945,47.897217
ElecFMV6,2025-08-30 00:00:00+00:00,LZ_LCRA,2025-08-30 04:00:00+00:00,32.7675,25.955177,18.945597,42.527267
ElecFMV6,2025-08-30 00:00:00+00:00,LZ_LCRA,2025-08-30 05:00:00+00:00,32.58166666666667,26.794254,19.101274,43.374847
ElecFMV6,2025-08-30 00:00:00+00:00,LZ_LCRA,2025-08-30 06:00:00+00:00,26.883333333333336,25.723991,18.136173,43.43905
ElecFMV6,2025-08-30 00:00:00+00:00,LZ_LCRA,2025-08-30 07:00:00+00:00,24.290000000000003,23.161242,15.249561,40.945496
ElecFMV6,2025-08-30 00:00:00+00:00,LZ_LCRA,2025-08-30 08:00:00+00:00,23.69083333333333,23.255203,15.765106,40.178917
ElecFMV6,2025-08-30 00:00:00+00:00,LZ_LCRA,2025-08-30 09:00:00+00:00,24.6375,24.58208,16.954882,41.255314
ElecFMV6,2025-08-30 00:00:00+00:00,LZ_LCRA,2025-08-30 10:00:00+00:00,24.933333333333337,27.511868,19.601416,44.700485
ElecFMV6,2025-08-30 00:00:00+00:00,LZ_LCRA,2025-08-30 11:00:00+00:00,23.5175,29.76735,20.996855,48.698677
ElecFMV6,2025-08-30 00:00:00+00:00,LZ_LCRA,2025-08-30 12:00:00+00:00,22.241666666666664,30.317287,21.052805,49.808243
ElecFMV6,2025-08-30 00:00:00+00:00,LZ_LCRA,2025-08-30 13:00:00+00:00,21.24,28.524498,18.357025,47.979774
ElecFMV6,2025-08-30 00:00:00+00:00,LZ_LCRA,2025-08-30 14:00:00+00:00,21.367500000000003,26.499603,17.260496,45.111977
ElecFMV6,2025-08-30 00:00:00+00:00,LZ_LCRA,2025-08-30 15:00:00+00:00,22.635,27.698288,19.6035,45.101925
ElecFMV6,2025-08-30 00:00:00+00:00,LZ_LCRA,2025-08-30 16:00:00+00:00,24.729166666666668,26.210129,18.94868,42.98188
ElecFMV6,2025-08-30 00:00:00+00:00,LZ_LCRA,2025-08-30 17:00:00+00:00,24.594166666666663,28.1739,20.710644,45.668217
ElecFMV6,2025-08-30 00:00:00+00:00,LZ_LCRA,2025-08-30 18:00:00+00:00,27.73583333333333,34.435516,24.892597,53.995377
ElecFMV6,2025-08-30 00:00:00+00:00,LZ_LCRA,2025-08-30 19:00:00+00:00,37.23916666666667,40.8997,29.293188,62.113327
ElecFMV6,2025-08-30 00:00:00+00:00,LZ_LCRA,2025-08-30 20:00:00+00:00,37.14333333333334,44.58531,31.494877,67.67198
ElecFMV6,2025-08-30 00:00:00+00:00,LZ_LCRA,2025-08-30 21:00:00+00:00,52.7575,47.385815,33.516342,70.73598
ElecFMV6,2025-08-30 00:00:00+00:00,LZ_LCRA,2025-08-30 22:00:00+00:00,41.345,49.720486,35.536335,73.85927
ElecFMV6,2025-08-30 00:00:00+00:00,LZ_LCRA,2025-08-30 23:00:00+00:00,42.39083333333333,50.065914,35.76726,74.60379
ElecFMV6,2025-08-30 00:00:00+00:00,LZ_WEST,2025-08-30 00:00:00+00:00,49.40583333333333,70.164604,51.607235,95.01619
ElecFMV6,2025-08-30 00:00:00+00:00,LZ_WEST,2025-08-30 01:00:00+00:00,48.405,67.391624,46.92997,94.89696
ElecFMV6,2025-08-30 00:00:00+00:00,LZ_WEST,2025-08-30 02:00:00+00:00,58.11416666666667,64.474106,43.359848,93.219666
ElecFMV6,2025-08-30 00:00:00+00:00,LZ_WEST,2025-08-30 03:00:00+00:00,51.080000000000005,53.749226,33.19219,83.40681
ElecFMV6,2025-08-30 00:00:00+00:00,LZ_WEST,2025-08-30 04:00:00+00:00,51.07666666666666,56.706684,36.542816,84.82537
ElecFMV6,2025-08-30 00:00:00+00:00,LZ_WEST,2025-08-30 05:00:00+00:00,49.16916666666666,57.197735,36.079987,84.398285
ElecFMV6,2025-08-30 00:00:00+00:00,LZ_WEST,2025-08-30 06:00:00+00:00,45.29333333333333,54.21052,32.924995,83.55524
ElecFMV6,2025-08-30 00:00:00+00:00,LZ_WEST,2025-08-30 07:00:00+00:00,38.82666666666667,54.929134,33.437664,84.95075
ElecFMV6,2025-08-30 00:00:00+00:00,LZ_WEST,2025-08-30 08:00:00+00:00,37.94583333333333,54.761566,32.309204,81.11956
ElecFMV6,2025-08-30 00:00:00+00:00,LZ_WEST,2025-08-30 09:00:00+00:00,37.50666666666667,51.88751,30.103638,76.713135
ElecFMV6,2025-08-30 00:00:00+00:00,LZ_WEST,2025-08-30 10:00:00+00:00,26.6275,50.13882,29.245878,73.72391
ElecFMV6,2025-08-30 00:00:00+00:00,LZ_WEST,2025-08-30 11:00:00+00:00,24.4225,48.81361,29.282984,72.42276
ElecFMV6,2025-08-30 00:00:00+00:00,LZ_WEST,2025-08-30 12:00:00+00:00,26.741666666666664,41.297897,22.786053,59.31835
ElecFMV6,2025-08-30 00:00:00+00:00,LZ_WEST,2025-08-30 13:00:00+00:00,21.8225,27.018845,10.728153,44.155975
ElecFMV6,2025-08-30 00:00:00+00:00,LZ_WEST,2025-08-30 14:00:00+00:00,23.084166666666665,19.859575,5.82473,34.645985
ElecFMV6,2025-08-30 00:00:00+00:00,LZ_WEST,2025-08-30 15:00:00+00:00,23.295,16.781433,5.482918,29.158993
ElecFMV6,2025-08-30 00:00:00+00:00,LZ_WEST,2025-08-30 16:00:00+00:00,24.829166666666666,19.718327,7.3100014,30.401556
ElecFMV6,2025-08-30 00:00:00+00:00,LZ_WEST,2025-08-30 17:00:00+00:00,24.594166666666663,22.859785,10.943874,34.801407
ElecFMV6,2025-08-30 00:00:00+00:00,LZ_WEST,2025-08-30 18:00:00+00:00,24.51,29.873837,15.985542,43.320225
ElecFMV6,2025-08-30 00:00:00+00:00,LZ_WEST,2025-08-30 19:00:00+00:00,26.191666666666663,32.922592,18.498606,46.500355
ElecFMV6,2025-08-30 00:00:00+00:00,LZ_WEST,2025-08-30 20:00:00+00:00,27.70083333333333,33.626083,17.792204,47.075424
ElecFMV6,2025-08-30 00:00:00+00:00,LZ_WEST,2025-08-30 21:00:00+00:00,31.195,39.53376,22.437246,53.937992
ElecFMV6,2025-08-30 00:00:00+00:00,LZ_WEST,2025-08-30 22:00:00+00:00,30.02833333333333,34.50023,17.048443,51.7319
ElecFMV6,2025-08-30 00:00:00+00:00,LZ_WEST,2025-08-30 23:00:00+00:00,47.98666666666667,57.073196,36.59866,76.91285
ElecFMV6,2025-08-30 00:00:00+00:00,LZ_RAYBN,2025-08-30 00:00:00+00:00,35.2475,52.354008,41.515114,69.68359
ElecFMV6,2025-08-30 00:00:00+00:00,LZ_RAYBN,2025-08-30 01:00:00+00:00,34.4475,49.787586,38.39269,69.63704
ElecFMV6,2025-08-30 00:00:00+00:00,LZ_RAYBN,2025-08-30 02:00:00+00:00,35.803333333333335,38.35246,27.857464,57.96764
ElecFMV6,2025-08-30 00:00:00+00:00,LZ_RAYBN,2025-08-30 03:00:00+00:00,33.4225,28.647573,19.392965,47.007103
ElecFMV6,2025-08-30 00:00:00+00:00,LZ_RAYBN,2025-08-30 04:00:00+00:00,30.78,25.136135,18.139097,41.713406
ElecFMV6,2025-08-30 00:00:00+00:00,LZ_RAYBN,2025-08-30 05:00:00+00:00,33.15,27.080776,19.836546,43.033348
ElecFMV6,2025-08-30 00:00:00+00:00,LZ_RAYBN,2025-08-30 06:00:00+00:00,27.550833333333333,28.509333,22.243921,44.163963
ElecFMV6,2025-08-30 00:00:00+00:00,LZ_RAYBN,2025-08-30 07:00:00+00:00,24.90416666666667,26.424892,20.733517,41.143173
ElecFMV6,2025-08-30 00:00:00+00:00,LZ_RAYBN,2025-08-30 08:00:00+00:00,24.308333333333337,25.782974,20.500835,39.03538
ElecFMV6,2025-08-30 00:00:00+00:00,LZ_RAYBN,2025-08-30 09:00:00+00:00,25.08,26.09988,20.594711,38.762177
ElecFMV6,2025-08-30 00:00:00+00:00,LZ_RAYBN,2025-08-30 10:00:00+00:00,24.8575,29.365982,23.085579,42.657032
ElecFMV6,2025-08-30 00:00:00+00:00,LZ_RAYBN,2025-08-30 11:00:00+00:00,23.549166666666668,31.84566,24.684593,47.616802
ElecFMV6,2025-08-30 00:00:00+00:00,LZ_RAYBN,2025-08-30 12:00:00+00:00,23.136666666666667,32.696526,24.651731,49.346058
ElecFMV6,2025-08-30 00:00:00+00:00,LZ_RAYBN,2025-08-30 13:00:00+00:00,21.26833333333333,28.992352,20.42442,45.308144
ElecFMV6,2025-08-30 00:00:00+00:00,LZ_RAYBN,2025-08-30 14:00:00+00:00,21.9975,25.199081,17.443165,40.21441
ElecFMV6,2025-08-30 00:00:00+00:00,LZ_RAYBN,2025-08-30 15:00:00+00:00,22.879166666666663,23.409729,17.35614,37.214005
ElecFMV6,2025-08-30 00:00:00+00:00,LZ_RAYBN,2025-08-30 16:00:00+00:00,24.769166666666667,24.077103,17.629921,37.268887
ElecFMV6,2025-08-30 00:00:00+00:00,LZ_RAYBN,2025-08-30 17:00:00+00:00,24.594166666666663,27.226068,20.072094,41.688194
ElecFMV6,2025-08-30 00:00:00+00:00,LZ_RAYBN,2025-08-30 18:00:00+00:00,24.015833333333333,32.548737,23.633821,49.471455
ElecFMV6,2025-08-30 00:00:00+00:00,LZ_RAYBN,2025-08-30 19:00:00+00:00,24.5,35.31508,23.752518,53.119827
ElecFMV6,2025-08-30 00:00:00+00:00,LZ_RAYBN,2025-08-30 20:00:00+00:00,26.245,34.93378,22.586708,53.666687
ElecFMV6,2025-08-30 00:00:00+00:00,LZ_RAYBN,2025-08-30 21:00:00+00:00,27.166666666666668,34.165417,21.464266,53.74196
ElecFMV6,2025-08-30 00:00:00+00:00,LZ_RAYBN,2025-08-30 22:00:00+00:00,27.719166666666663,34.519005,20.484135,55.96261
ElecFMV6,2025-08-30 00:00:00+00:00,LZ_RAYBN,2025-08-30 23:00:00+00:00,40.098333333333336,42.59329,27.32827,65.973694
