{
  "LZ_LCRA": 93.77249999999995,
  "LZ_RAYBN": 79.47249999999995,
  "LZ_WEST": 95.13249999999995
}