model,origin,node,ts,actual,mean,q10,q90
ElecFMV6,2026-01-01 00:00:00+00:00,LZ_LCRA,2026-01-01 00:00:00+00:00,48.555,46.876816,39.47455,56.470688
ElecFMV6,2026-01-01 00:00:00+00:00,LZ_LCRA,2026-01-01 01:00:00+00:00,55.86083333333334,38.950954,29.98857,50.80886
ElecFMV6,2026-01-01 00:00:00+00:00,LZ_LCRA,2026-01-01 02:00:00+00:00,31.01,34.923546,25.28266,47.56375
ElecFMV6,2026-01-01 00:00:00+00:00,LZ_LCRA,2026-01-01 03:00:00+00:00,24.070833333333336,32.246796,22.926262,44.52475
ElecFMV6,2026-01-01 00:00:00+00:00,LZ_LCRA,2026-01-01 04:00:00+00:00,20.25333333333333,28.523956,20.032482,41.03534
ElecFMV6,2026-01-01 00:00:00+00:00,LZ_LCRA,2026-01-01 05:00:00+00:00,18.59,26.179844,17.228008,37.71531
ElecFMV6,2026-01-01 00:00:00+00:00,LZ_LCRA,2026-01-01 06:00:00+00:00,17.736666666666668,24.418953,15.411503,36.59173
ElecFMV6,2026-01-01 00:00:00+00:00,LZ_LCRA,2026-01-01 07:00:00+00:00,19.2725,23.598555,14.622908,36.161034
ElecFMV6,2026-01-01 00:00:00+00:00,LZ_LCRA,2026-01-01 08:00:00+00:00,20.5075,23.446888,13.224735,37.13312
ElecFMV6,2026-01-01 00:00:00+00:00,LZ_LCRA,2026-01-01 09:00:00+00:00,21.668333333333333,25.998196,15.053785,39.76654
ElecFMV6,2026-01-01 00:00:00+00:00,LZ_LCRA,2026-01-01 10:00:00+00:00,22.441666666666663,28.11611,16.207115,42.76034
ElecFMV6,2026-01-01 00:00:00+00:00,LZ_LCRA,2026-01-01 11:00:00+00:00,23.224166666666665,29.14035,17.54411,44.421227
ElecFMV6,2026-01-01 00:00:00+00:00,LZ_LCRA,2026-01-01 12:00:00+00:00,23.2725,28.133163,15.713627,43.74446
ElecFMV6,2026-01-01 00:00:00+00:00,LZ_LCRA,2026-01-01 13:00:00+00:00,23.22833333333333,29.435865,17.260084,45.844482
ElecFMV6,2026-01-01 00:00:00+00:00,LZ_LCRA,2026-01-01 14:00:00+00:00,17.781666666666666,28.59483,15.315777,45.03171
ElecFMV6,2026-01-01 00:00:00+00:00,LZ_LCRA,2026-01-01 15:00:00+00:00,14.43,24.11092,11.921904,40.55026
ElecFMV6,2026-01-01 00:00:00+00:00,LZ_LCRA,2026-01-01 16:00:00+00:00,13.5625,22.179256,9.057354,38.382927
ElecFMV6,2026-01-01 00:00:00+00:00,LZ_LCRA,2026-01-01 17:00:00+00:00,12.053333333333333,20.771746,9.096617,36.679222
ElecFMV6,2026-01-01 00:00:00+00:00,LZ_LCRA,2026-01-01 18:00:00+00:00,13.9325,19.33128,7.9279737,35.611076
ElecFMV6,2026-01-01 00:00:00+00:00,LZ_LCRA,2026-01-01 19:00:00+00:00,11.571666666666664,19.350864,7.1862373,33.651344
ElecFMV6,2026-01-01 00:00:00+00:00,LZ_LCRA,2026-01-01 20:00:00+00:00,14.8275,18.66235,7.310294,33.68
ElecFMV6,2026-01-01 00:00:00+00:00,LZ_LCRA,2026-01-01 21:00:00+00:00,15.021666666666668,20.842113,9.096034,35.886482
ElecFMV6,2026-01-01 00:00:00+00:00,LZ_LCRA,2026-01-01 22:00:00+00:00,18.8225,27.386297,14.318544,43.50997
ElecFMV6,2026-01-01 00:00:00+00:00,LZ_LCRA,2026-01-01 23:00:00+00:00,22.08083333333333,32.052303,18.052128,49.18226
ElecFMV6,2026-01-01 00:00:00+00:00,LZ_WEST,2026-01-01 00:00:00+00:00,48.89333333333334,47.55224,37.3121,61.81599
ElecFMV6,2026-01-01 00:00:00+00:00,LZ_WEST,2026-01-01 01:00:00+00:00,55.86083333333334,39.239014,27.580969,56.803627
ElecFMV6,2026-01-01 00:00:00+00:00,LZ_WEST,2026-01-01 02:00:00+00:00,31.01,36.46393,23.644836,56.126114
ElecFMV6,2026-01-01 00:00:00+00:00,LZ_WEST,2026-01-01 03:00:00+00:00,25.1875,34.47943,21.335384,55.0549
ElecFMV6,2026-01-01 00:00:00+00:00,LZ_WEST,2026-01-01 04:00:00+00:00,20.25333333333333,34.28573,20.128845,56.922195
ElecFMV6,2026-01-01 00:00:00+00:00,LZ_WEST,2026-01-01 05:00:00+00:00,18.59,32.5194,15.110362,57.106747
ElecFMV6,2026-01-01 00:00:00+00:00,LZ_WEST,2026-01-01 06:00:00+00:00,28.82166666666667,29.510433,12.00182,56.9785
ElecFMV6,2026-01-01 00:00:00+00:00,LZ_WEST,2026-01-01 07:00:00+00:00,33.5325,30.21739,12.003967,60.78475
ElecFMV6,2026-01-01 00:00:00+00:00,LZ_WEST,2026-01-01 08:00:00+00:00,35.20166666666667,29.846968,9.969978,60.19716
ElecFMV6,2026-01-01 00:00:00+00:00,LZ_WEST,2026-01-01 09:00:00+00:00,38.28916666666667,32.5264,12.057259,62.70563
ElecFMV6,2026-01-01 00:00:00+00:00,LZ_WEST,2026-01-01 10:00:00+00:00,36.50833333333333,34.15483,12.459951,64.71264
ElecFMV6,2026-01-01 00:00:00+00:00,LZ_WEST,2026-01-01 11:00:00+00:00,33.91416666666667,36.83306,16.276924,68.35617
ElecFMV6,2026-01-01 00:00:00+00:00,LZ_WEST,2026-01-01 12:00:00+00:00,29.2475,35.52825,14.745806,65.252426
ElecFMV6,2026-01-01 00:00:00+00:00,LZ_WEST,2026-01-01 13:00:00+00:00,26.56,32.82996,14.12302,62.445908
ElecFMV6,2026-01-01 00:00:00+00:00,LZ_WEST,2026-01-01 14:00:00+00:00,18.82333333333333,31.577072,11.734743,59.975784
ElecFMV6,2026-01-01 00:00:00+00:00,LZ_WEST,2026-01-01 15:00:00+00:00,16.034166666666668,27.7447,10.080757,55.044456
ElecFMV6,2026-01-01 00:00:00+00:00,LZ_WEST,2026-01-01 16:00:00+00:00,18.84083333333333,28.748194,10.572742,55.041878
ElecFMV6,2026-01-01 00:00:00+00:00,LZ_WEST,2026-01-01 17:00:00+00:00,18.055833333333336,24.883816,8.457899,49.799114
ElecFMV6,2026-01-01 00:00:00+00:00,LZ_WEST,2026-01-01 18:00:00+00:00,15.964166666666666,22.265377,7.211563,47.628036
ElecFMV6,2026-01-01 00:00:00+00:00,LZ_WEST,2026-01-01 19:00:00+00:00,13.563333333333333,21.017658,4.95747,44.693115
ElecFMV6,2026-01-01 00:00:00+00:00,LZ_WEST,2026-01-01 20:00:00+00:00,14.923333333333332,19.977314,5.722481,44.91427
ElecFMV6,2026-01-01 00:00:00+00:00,LZ_WEST,2026-01-01 21:00:00+00:00,14.988333333333337,20.615318,5.363323,45.700455
ElecFMV6,2026-01-01 00:00:00+00:00,LZ_WEST,2026-01-01 22:00:00+00:00,18.8225,27.785769,11.328926,54.603962
ElecFMV6,2026-01-01 00:00:00+00:00,LZ_WEST,2026-01-01 23:00:00+00:00,22.08083333333333,32.964657,16.205944,61.068672
ElecFMV6,2026-01-01 00:00:00+00:00,LZ_RAYBN,2026-01-01 00:00:00+00:00,48.75833333333333,44.420284,35.593235,54.49566
ElecFMV6,2026-01-01 00:00:00+00:00,LZ_RAYBN,2026-01-01 01:00:00+00:00,55.86083333333334,38.433147,28.10468,50.77546
ElecFMV6,2026-01-01 00:00:00+00:00,LZ_RAYBN,2026-01-01 02:00:00+00:00,31.01,36.347176,25.138834,50.258133
ElecFMV6,2026-01-01 00:00:00+00:00,LZ_RAYBN,2026-01-01 03:00:00+00:00,24.175833333333333,36.98324,25.745794,51.404396
ElecFMV6,2026-01-01 00:00:00+00:00,LZ_RAYBN,2026-01-01 04:00:00+00:00,20.25333333333333,36.198517,24.917448,51.374786
ElecFMV6,2026-01-01 00:00:00+00:00,LZ_RAYBN,2026-01-01 05:00:00+00:00,18.59,33.397522,21.043821,48.39166
ElecFMV6,2026-01-01 00:00:00+00:00,LZ_RAYBN,2026-01-01 06:00:00+00:00,17.905,31.56967,19.56194,47.367844
ElecFMV6,2026-01-01 00:00:00+00:00,LZ_RAYBN,2026-01-01 07:00:00+00:00,19.49083333333333,28.903267,17.499424,45.90013
ElecFMV6,2026-01-01 00:00:00+00:00,LZ_RAYBN,2026-01-01 08:00:00+00:00,20.735,27.294037,15.153974,44.02169
ElecFMV6,2026-01-01 00:00:00+00:00,LZ_RAYBN,2026-01-01 09:00:00+00:00,22.000833333333333,27.803234,16.110826,44.28154
ElecFMV6,2026-01-01 00:00:00+00:00,LZ_RAYBN,2026-01-01 10:00:00+00:00,22.88083333333333,30.137108,18.145031,47.109802
ElecFMV6,2026-01-01 00:00:00+00:00,LZ_RAYBN,2026-01-01 11:00:00+00:00,23.67083333333333,33.42372,22.175144,50.558224
ElecFMV6,2026-01-01 00:00:00+00:00,LZ_RAYBN,2026-01-01 12:00:00+00:00,23.53333333333333,31.890217,20.317842,48.590935
ElecFMV6,2026-01-01 00:00:00+00:00,LZ_RAYBN,2026-01-01 13:00:00+00:00,23.34,30.99718,20.110664,47.551445
ElecFMV6,2026-01-01 00:00:00+00:00,LZ_RAYBN,2026-01-01 14:00:00+00:00,17.805,29.678967,18.401024,46.45147
ElecFMV6,2026-01-01 00:00:00+00:00,LZ_RAYBN,2026-01-01 15:00:00+00:00,16.3475,26.678583,15.786307,42.95671
ElecFMV6,2026-01-01 00:00:00+00:00,LZ_RAYBN,2026-01-01 16:00:00+00:00,23.96666666666667,26.077585,15.07056,42.309227
ElecFMV6,2026-01-01 00:00:00+00:00,LZ_RAYBN,2026-01-01 17:00:00+00:00,23.86583333333333,23.905716,14.1398,39.30856
ElecFMV6,2026-01-01 00:00:00+00:00,LZ_RAYBN,2026-01-01 18:00:00+00:00,17.596666666666668,20.74647,11.655038,36.316826
ElecFMV6,2026-01-01 00:00:00+00:00,LZ_RAYBN,2026-01-01 19:00:00+00:00,15.5225,20.631245,12.049442,34.571484
ElecFMV6,2026-01-01 00:00:00+00:00,LZ_RAYBN,2026-01-01 20:00:00+00:00,15.019166666666663,20.080688,12.322378,33.971107
ElecFMV6,2026-01-01 00:00:00+00:00,LZ_RAYBN,2026-01-01 21:00:00+00:00,15.021666666666668,21.719902,13.310659,34.311947
ElecFMV6,2026-01-01 00:00:00+00:00,LZ_RAYBN,2026-01-01 22:00:00+00:00,18.8225,25.844645,16.331203,39.211857
ElecFMV6,2026-01-01 00:00:00+00:00,LZ_RAYBN,2026-01-01 23:00:00+00:00,22.08083333333333,28.809628,18.640541,42.559906
ElecFMV6,2026-01-02 00:00:00+00:00,LZ_LCRA,2026-01-02 00:00:00+00:00,19.99,23.533226,18.112438,29.421112
ElecFMV6,2026-01-02 00:00:00+00:00,LZ_LCRA,2026-01-02 01:00:00+00:00,17.375833333333333,24.195572,18.47826,31.24302
ElecFMV6,2026-01-02 00:00:00+00:00,LZ_LCRA,2026-01-02 02:00:00+00:00,13.600833333333334,20.782217,15.522591,28.23882
ElecFMV6,2026-01-02 00:00:00+00:00,LZ_LCRA,2026-01-02 03:00:00+00:00,11.178333333333333,19.51658,14.9331,26.830976
ElecFMV6,2026-01-02 00:00:00+00:00,LZ_LCRA,2026-01-02 04:00:00+00:00,12.0475,16.47303,11.824578,23.918186
ElecFMV6,2026-01-02 00:00:00+00:00,LZ_LCRA,2026-01-02 05:00:00+00:00,11.54,16.498026,11.423069,24.222904
ElecFMV6,2026-01-02 00:00:00+00:00,LZ_LCRA,2026-01-02 06:00:00+00:00,11.835833333333332,14.595175,9.608882,22.803307
ElecFMV6,2026-01-02 00:00:00+00:00,LZ_LCRA,2026-01-02 07:00:00+00:00,10.531666666666666,13.122358,8.163306,21.6453
ElecFMV6,2026-01-02 00:00:00+00:00,LZ_LCRA,2026-01-02 08:00:00+00:00,9.880833333333332,14.006002,8.994788,22.144285
ElecFMV6,2026-01-02 00:00:00+00:00,LZ_LCRA,2026-01-02 09:00:00+00:00,7.447500000000001,14.722047,9.00131,22.800035
ElecFMV6,2026-01-02 00:00:00+00:00,LZ_LCRA,2026-01-02 10:00:00+00:00,8.702499999999999,16.33755,9.836513,25.840635
ElecFMV6,2026-01-02 00:00:00+00:00,LZ_LCRA,2026-01-02 11:00:00+00:00,11.36,17.311289,9.687726,28.257967
ElecFMV6,2026-01-02 00:00:00+00:00,LZ_LCRA,2026-01-02 12:00:00+00:00,14.483333333333333,19.329195,10.80802,30.938238
ElecFMV6,2026-01-02 00:00:00+00:00,LZ_LCRA,2026-01-02 13:00:00+00:00,14.125833333333333,20.11726,11.420919,31.77565
ElecFMV6,2026-01-02 00:00:00+00:00,LZ_LCRA,2026-01-02 14:00:00+00:00,2.2216666666666667,19.174894,10.919368,30.05989
ElecFMV6,2026-01-02 00:00:00+00:00,LZ_LCRA,2026-01-02 15:00:00+00:00,-2.526666666666667,17.175556,9.927422,27.166105
ElecFMV6,2026-01-02 00:00:00+00:00,LZ_LCRA,2026-01-02 16:00:00+00:00,-2.0625,16.581903,9.460466,25.897146
ElecFMV6,2026-01-02 00:00:00+00:00,LZ_LCRA,2026-01-02 17:00:00+00:00,-2.0216666666666665,15.922546,9.042488,24.997896
ElecFMV6,2026-01-02 00:00:00+00:00,LZ_LCRA,2026-01-02 18:00:00+00:00,-1.1775,14.850899,7.437971,23.962656
ElecFMV6,2026-01-02 00:00:00+00:00,LZ_LCRA,2026-01-02 19:00:00+00:00,-0.4558333333333333,15.010319,7.366145,23.373732
ElecFMV6,2026-01-02 00:00:00+00:00,LZ_LCRA,2026-01-02 20:00:00+00:00,-1.1516666666666666,15.430057,7.854745,23.469093
ElecFMV6,2026-01-02 00:00:00+00:00,LZ_LCRA,2026-01-02 21:00:00+00:00,-1.5725,16.449038,8.477994,24.776413
ElecFMV6,2026-01-02 00:00:00+00:00,LZ_LCRA,2026-01-02 22:00:00+00:00,13.915,21.004986,11.773848,30.733795
ElecFMV6,2026-01-02 00:00:00+00:00,LZ_LCRA,2026-01-02 23:00:00+00:00,23.521666666666665,24.781378,13.894484,36.412193
ElecFMV6,2026-01-02 00:00:00+00:00,LZ_WEST,2026-01-02 00:00:00+00:00,20.765833333333333,22.530708,16.690866,32.333477
ElecFMV6,2026-01-02 00:00:00+00:00,LZ_WEST,2026-01-02 01:00:00+00:00,23.17083333333333,22.279533,15.705799,34.171494
ElecFMV6,2026-01-02 00:00:00+00:00,LZ_WEST,2026-01-02 02:00:00+00:00,29.11916666666667,18.033236,10.8026905,32.1008
ElecFMV6,2026-01-02 00:00:00+00:00,LZ_WEST,2026-01-02 03:00:00+00:00,21.161666666666665,16.408504,8.369175,31.801409
ElecFMV6,2026-01-02 00:00:00+00:00,LZ_WEST,2026-01-02 04:00:00+00:00,17.30666666666667,16.309566,6.944622,33.396793
ElecFMV6,2026-01-02 00:00:00+00:00,LZ_WEST,2026-01-02 05:00:00+00:00,10.393333333333333,16.608105,4.924095,36.114044
ElecFMV6,2026-01-02 00:00:00+00:00,LZ_WEST,2026-01-02 06:00:00+00:00,9.196666666666667,17.731792,5.2737503,39.988304
ElecFMV6,2026-01-02 00:00:00+00:00,LZ_WEST,2026-01-02 07:00:00+00:00,5.802499999999999,18.808064,4.854624,42.67154
ElecFMV6,2026-01-02 00:00:00+00:00,LZ_WEST,2026-01-02 08:00:00+00:00,3.518333333333333,20.432669,5.2550354,43.797626
ElecFMV6,2026-01-02 00:00:00+00:00,LZ_WEST,2026-01-02 09:00:00+00:00,1.5216666666666665,22.021244,5.709831,45.963547
ElecFMV6,2026-01-02 00:00:00+00:00,LZ_WEST,2026-01-02 10:00:00+00:00,2.5225,23.989159,6.210394,48.691742
ElecFMV6,2026-01-02 00:00:00+00:00,LZ_WEST,2026-01-02 11:00:00+00:00,3.4725,24.183594,6.568014,50.50753
ElecFMV6,2026-01-02 00:00:00+00:00,LZ_WEST,2026-01-02 12:00:00+00:00,7.551666666666667,25.256279,7.542078,50.44906
ElecFMV6,2026-01-02 00:00:00+00:00,LZ_WEST,2026-01-02 13:00:00+00:00,6.638333333333333,25.684849,8.555738,50.054974
ElecFMV6,2026-01-02 00:00:00+00:00,LZ_WEST,2026-01-02 14:00:00+00:00,0.2275,22.196087,6.547861,45.303616
ElecFMV6,2026-01-02 00:00:00+00:00,LZ_WEST,2026-01-02 15:00:00+00:00,-2.526666666666667,19.776638,4.938492,41.644997
ElecFMV6,2026-01-02 00:00:00+00:00,LZ_WEST,2026-01-02 16:00:00+00:00,-2.0625,20.575943,5.482895,41.5579
ElecFMV6,2026-01-02 00:00:00+00:00,LZ_WEST,2026-01-02 17:00:00+00:00,-2.0216666666666665,19.99836,4.4235115,41.365585
ElecFMV6,2026-01-02 00:00:00+00:00,LZ_WEST,2026-01-02 18:00:00+00:00,-1.1825,19.261625,3.2357273,41.58395
ElecFMV6,2026-01-02 00:00:00+00:00,LZ_WEST,2026-01-02 19:00:00+00:00,-0.8224999999999999,17.12397,0.35035133,38.71777
ElecFMV6,2026-01-02 00:00:00+00:00,LZ_WEST,2026-01-02 20:00:00+00:00,-1.64,16.83881,0.81285286,37.649437
ElecFMV6,2026-01-02 00:00:00+00:00,LZ_WEST,2026-01-02 21:00:00+00:00,-1.913333333333333,18.092499,1.1494617,38.650078
ElecFMV6,2026-01-02 00:00:00+00:00,LZ_WEST,2026-01-02 22:00:00+00:00,8.185833333333333,23.11339,5.4227085,45.33634
ElecFMV6,2026-01-02 00:00:00+00:00,LZ_WEST,2026-01-02 23:00:00+00:00,23.125,28.401815,8.240339,52.310722
ElecFMV6,2026-01-02 00:00:00+00:00,LZ_RAYBN,2026-01-02 00:00:00+00:00,20.0025,24.553347,19.574064,31.773897
ElecFMV6,2026-01-02 00:00:00+00:00,LZ_RAYBN,2026-01-02 01:00:00+00:00,17.6125,24.727802,18.960947,32.93946
ElecFMV6,2026-01-02 00:00:00+00:00,LZ_RAYBN,2026-01-02 02:00:00+00:00,16.05666666666667,21.341318,15.492689,29.922525
ElecFMV6,2026-01-02 00:00:00+00:00,LZ_RAYBN,2026-01-02 03:00:00+00:00,17.319166666666668,21.150167,15.695757,30.26222
ElecFMV6,2026-01-02 00:00:00+00:00,LZ_RAYBN,2026-01-02 04:00:00+00:00,21.50916666666667,19.460625,14.086862,28.628088
ElecFMV6,2026-01-02 00:00:00+00:00,LZ_RAYBN,2026-01-02 05:00:00+00:00,21.7925,18.388369,12.591745,28.356186
ElecFMV6,2026-01-02 00:00:00+00:00,LZ_RAYBN,2026-01-02 06:00:00+00:00,22.640833333333333,17.494888,12.080293,28.242645
ElecFMV6,2026-01-02 00:00:00+00:00,LZ_RAYBN,2026-01-02 07:00:00+00:00,19.7375,14.830477,8.873436,25.997824
ElecFMV6,2026-01-02 00:00:00+00:00,LZ_RAYBN,2026-01-02 08:00:00+00:00,18.045,15.181586,9.316685,25.808268
ElecFMV6,2026-01-02 00:00:00+00:00,LZ_RAYBN,2026-01-02 09:00:00+00:00,13.6425,16.090767,10.018799,26.969625
ElecFMV6,2026-01-02 00:00:00+00:00,LZ_RAYBN,2026-01-02 10:00:00+00:00,15.159999999999998,17.68077,11.3016205,29.595102
ElecFMV6,2026-01-02 00:00:00+00:00,LZ_RAYBN,2026-01-02 11:00:00+00:00,19.468333333333337,19.526735,12.716684,32.06449
ElecFMV6,2026-01-02 00:00:00+00:00,LZ_RAYBN,2026-01-02 12:00:00+00:00,21.56,20.0662,12.980421,31.868145
ElecFMV6,2026-01-02 00:00:00+00:00,LZ_RAYBN,2026-01-02 13:00:00+00:00,21.6775,20.352348,13.272235,32.475605
ElecFMV6,2026-01-02 00:00:00+00:00,LZ_RAYBN,2026-01-02 14:00:00+00:00,4.246666666666667,18.02361,11.506191,29.858639
ElecFMV6,2026-01-02 00:00:00+00:00,LZ_RAYBN,2026-01-02 15:00:00+00:00,-2.526666666666667,16.842928,10.811684,28.451889
ElecFMV6,2026-01-02 00:00:00+00:00,LZ_RAYBN,2026-01-02 16:00:00+00:00,-2.0625,18.40383,11.754544,29.840042
ElecFMV6,2026-01-02 00:00:00+00:00,LZ_RAYBN,2026-01-02 17:00:00+00:00,-2.0216666666666665,18.426247,11.521978,30.237448
ElecFMV6,2026-01-02 00:00:00+00:00,LZ_RAYBN,2026-01-02 18:00:00+00:00,-1.18,16.69989,9.350026,28.686377
ElecFMV6,2026-01-02 00:00:00+00:00,LZ_RAYBN,2026-01-02 19:00:00+00:00,-0.5433333333333333,16.137573,8.498337,27.877316
ElecFMV6,2026-01-02 00:00:00+00:00,LZ_RAYBN,2026-01-02 20:00:00+00:00,-1.215,14.553174,6.7635555,25.511835
ElecFMV6,2026-01-02 00:00:00+00:00,LZ_RAYBN,2026-01-02 21:00:00+00:00,-1.586666666666667,17.313087,8.715662,28.79982
ElecFMV6,2026-01-02 00:00:00+00:00,LZ_RAYBN,2026-01-02 22:00:00+00:00,12.296666666666669,22.281006,12.513782,34.94001
ElecFMV6,2026-01-02 00:00:00+00:00,LZ_RAYBN,2026-01-02 23:00:00+00:00,23.434166666666663,25.980991,14.699356,40.700325
ElecFMV6,2026-01-03 00:00:00+00:00,LZ_LCRA,2026-01-03 00:00:00+00:00,21.51,22.722118,16.33198,30.074684
ElecFMV6,2026-01-03 00:00:00+00:00,LZ_LCRA,2026-01-03 01:00:00+00:00,17.977500000000003,20.787783,13.025612,29.02895
ElecFMV6,2026-01-03 00:00:00+00:00,LZ_LCRA,2026-01-03 02:00:00+00:00,16.2475,16.065248,8.1186075,25.946726
ElecFMV6,2026-01-03 00:00:00+00:00,LZ_LCRA,2026-01-03 03:00:00+00:00,15.886666666666663,14.175676,6.079754,24.61491
ElecFMV6,2026-01-03 00:00:00+00:00,LZ_LCRA,2026-01-03 04:00:00+00:00,15.871666666666668,12.0949,4.041339,23.148613
ElecFMV6,2026-01-03 00:00:00+00:00,LZ_LCRA,2026-01-03 05:00:00+00:00,14.464166666666666,12.833393,4.330141,24.002052
ElecFMV6,2026-01-03 00:00:00+00:00,LZ_LCRA,2026-01-03 06:00:00+00:00,16.359166666666667,12.252104,3.3264904,23.822056
ElecFMV6,2026-01-03 00:00:00+00:00,LZ_LCRA,2026-01-03 07:00:00+00:00,15.215833333333334,10.288307,1.2632389,21.759232
ElecFMV6,2026-01-03 00:00:00+00:00,LZ_LCRA,2026-01-03 08:00:00+00:00,15.989166666666668,9.984077,0.40811157,21.289055
ElecFMV6,2026-01-03 00:00:00+00:00,LZ_LCRA,2026-01-03 09:00:00+00:00,14.1675,11.494915,1.432539,22.383383
ElecFMV6,2026-01-03 00:00:00+00:00,LZ_LCRA,2026-01-03 10:00:00+00:00,13.968333333333334,15.572558,4.6647434,27.49606
ElecFMV6,2026-01-03 00:00:00+00:00,LZ_LCRA,2026-01-03 11:00:00+00:00,14.408333333333331,18.32241,7.262372,30.706661
ElecFMV6,2026-01-03 00:00:00+00:00,LZ_LCRA,2026-01-03 12:00:00+00:00,17.164166666666667,17.585646,6.177268,30.596592
ElecFMV6,2026-01-03 00:00:00+00:00,LZ_LCRA,2026-01-03 13:00:00+00:00,17.88,17.838709,6.800394,31.290531
ElecFMV6,2026-01-03 00:00:00+00:00,LZ_LCRA,2026-01-03 14:00:00+00:00,13.4925,13.54697,2.3385983,27.017876
ElecFMV6,2026-01-03 00:00:00+00:00,LZ_LCRA,2026-01-03 15:00:00+00:00,2.4,9.986958,-0.8622513,23.51411
ElecFMV6,2026-01-03 00:00:00+00:00,LZ_LCRA,2026-01-03 16:00:00+00:00,4.823333333333333,11.755871,0.6114712,25.202988
ElecFMV6,2026-01-03 00:00:00+00:00,LZ_LCRA,2026-01-03 17:00:00+00:00,9.218333333333334,11.067426,0.4618206,24.414047
ElecFMV6,2026-01-03 00:00:00+00:00,LZ_LCRA,2026-01-03 18:00:00+00:00,12.841666666666669,10.574736,0.021511078,25.129196
ElecFMV6,2026-01-03 00:00:00+00:00,LZ_LCRA,2026-01-03 19:00:00+00:00,13.955,10.196662,-0.40922546,23.535353
ElecFMV6,2026-01-03 00:00:00+00:00,LZ_LCRA,2026-01-03 20:00:00+00:00,11.1675,9.778953,-0.91080666,22.65213
ElecFMV6,2026-01-03 00:00:00+00:00,LZ_LCRA,2026-01-03 21:00:00+00:00,1.9741666666666668,12.034689,0.93660164,24.641443
ElecFMV6,2026-01-03 00:00:00+00:00,LZ_LCRA,2026-01-03 22:00:00+00:00,25.7025,16.934193,5.1551666,31.027252
ElecFMV6,2026-01-03 00:00:00+00:00,LZ_LCRA,2026-01-03 23:00:00+00:00,29.339166666666667,22.01413,9.359808,36.10018
ElecFMV6,2026-01-03 00:00:00+00:00,LZ_WEST,2026-01-03 00:00:00+00:00,21.505,23.195675,16.098593,35.148197
ElecFMV6,2026-01-03 00:00:00+00:00,LZ_WEST,2026-01-03 01:00:00+00:00,17.965,24.888433,15.704248,38.154305
ElecFMV6,2026-01-03 00:00:00+00:00,LZ_WEST,2026-01-03 02:00:00+00:00,16.2475,23.524006,13.2365,38.37179
ElecFMV6,2026-01-03 00:00:00+00:00,LZ_WEST,2026-01-03 03:00:00+00:00,16.875833333333333,21.49207,11.271545,36.729027
ElecFMV6,2026-01-03 00:00:00+00:00,LZ_WEST,2026-01-03 04:00:00+00:00,17.7725,21.12121,10.342539,37.96421
ElecFMV6,2026-01-03 00:00:00+00:00,LZ_WEST,2026-01-03 05:00:00+00:00,15.078333333333331,20.786615,7.756901,38.89362
ElecFMV6,2026-01-03 00:00:00+00:00,LZ_WEST,2026-01-03 06:00:00+00:00,17.75,20.342823,6.6561604,40.46453
ElecFMV6,2026-01-03 00:00:00+00:00,LZ_WEST,2026-01-03 07:00:00+00:00,15.7475,18.745987,4.4230556,40.300312
ElecFMV6,2026-01-03 00:00:00+00:00,LZ_WEST,2026-01-03 08:00:00+00:00,15.989166666666668,18.289352,2.6438255,40.06867
ElecFMV6,2026-01-03 00:00:00+00:00,LZ_WEST,2026-01-03 09:00:00+00:00,15.298333333333334,19.00636,3.7775555,40.83352
ElecFMV6,2026-01-03 00:00:00+00:00,LZ_WEST,2026-01-03 10:00:00+00:00,13.976666666666668,22.604355,6.136877,44.69204
ElecFMV6,2026-01-03 00:00:00+00:00,LZ_WEST,2026-01-03 11:00:00+00:00,19.796666666666667,24.29048,7.8388786,47.16629
ElecFMV6,2026-01-03 00:00:00+00:00,LZ_WEST,2026-01-03 12:00:00+00:00,22.125833333333333,22.755615,6.6582947,45.81113
ElecFMV6,2026-01-03 00:00:00+00:00,LZ_WEST,2026-01-03 13:00:00+00:00,17.923333333333336,21.498991,5.581522,43.88846
ElecFMV6,2026-01-03 00:00:00+00:00,LZ_WEST,2026-01-03 14:00:00+00:00,13.669166666666667,17.82026,2.0035458,40.152885
ElecFMV6,2026-01-03 00:00:00+00:00,LZ_WEST,2026-01-03 15:00:00+00:00,8.765,16.680958,0.6527176,38.6407
ElecFMV6,2026-01-03 00:00:00+00:00,LZ_WEST,2026-01-03 16:00:00+00:00,13.709166666666668,17.21785,0.8971844,39.800087
ElecFMV6,2026-01-03 00:00:00+00:00,LZ_WEST,2026-01-03 17:00:00+00:00,16.749166666666667,16.391006,0.101688385,39.61016
ElecFMV6,2026-01-03 00:00:00+00:00,LZ_WEST,2026-01-03 18:00:00+00:00,13.6475,16.109875,-0.3941326,41.379623
ElecFMV6,2026-01-03 00:00:00+00:00,LZ_WEST,2026-01-03 19:00:00+00:00,13.955,14.506358,-2.8575459,38.674744
ElecFMV6,2026-01-03 00:00:00+00:00,LZ_WEST,2026-01-03 20:00:00+00:00,11.1675,13.153289,-2.9810886,37.197884
ElecFMV6,2026-01-03 00:00:00+00:00,LZ_WEST,2026-01-03 21:00:00+00:00,1.9741666666666668,15.087825,-1.7758064,38.49681
ElecFMV6,2026-01-03 00:00:00+00:00,LZ_WEST,2026-01-03 22:00:00+00:00,25.7025,19.81788,3.271841,45.145004
ElecFMV6,2026-01-03 00:00:00+00:00,LZ_WEST,2026-01-03 23:00:00+00:00,53.97166666666666,26.053135,8.575275,51.749084
ElecFMV6,2026-01-03 00:00:00+00:00,LZ_RAYBN,2026-01-03 00:00:00+00:00,21.51,24.002869,15.42973,34.791492
ElecFMV6,2026-01-03 00:00:00+00:00,LZ_RAYBN,2026-01-03 01:00:00+00:00,17.977500000000003,23.097172,12.874488,35.859776
ElecFMV6,2026-01-03 00:00:00+00:00,LZ_RAYBN,2026-01-03 02:00:00+00:00,16.2475,21.441826,9.472031,35.55056
ElecFMV6,2026-01-03 00:00:00+00:00,LZ_RAYBN,2026-01-03 03:00:00+00:00,15.908333333333331,21.172396,9.16712,36.468998
ElecFMV6,2026-01-03 00:00:00+00:00,LZ_RAYBN,2026-01-03 04:00:00+00:00,15.92,22.895966,9.965081,38.669724
ElecFMV6,2026-01-03 00:00:00+00:00,LZ_RAYBN,2026-01-03 05:00:00+00:00,14.5075,21.974026,8.493338,38.308716
ElecFMV6,2026-01-03 00:00:00+00:00,LZ_RAYBN,2026-01-03 06:00:00+00:00,16.396666666666665,19.562412,5.6972504,37.14382
ElecFMV6,2026-01-03 00:00:00+00:00,LZ_RAYBN,2026-01-03 07:00:00+00:00,15.224166666666669,19.612104,4.6082115,38.10627
ElecFMV6,2026-01-03 00:00:00+00:00,LZ_RAYBN,2026-01-03 08:00:00+00:00,15.989166666666668,18.049297,2.5400963,36.86887
ElecFMV6,2026-01-03 00:00:00+00:00,LZ_RAYBN,2026-01-03 09:00:00+00:00,14.444166666666666,19.02718,3.3942928,37.831257
ElecFMV6,2026-01-03 00:00:00+00:00,LZ_RAYBN,2026-01-03 10:00:00+00:00,13.97,21.937685,5.255064,40.243946
ElecFMV6,2026-01-03 00:00:00+00:00,LZ_RAYBN,2026-01-03 11:00:00+00:00,15.760833333333332,24.864626,8.694601,42.55753
ElecFMV6,2026-01-03 00:00:00+00:00,LZ_RAYBN,2026-01-03 12:00:00+00:00,18.391666666666666,24.591633,8.8566885,42.032516
ElecFMV6,2026-01-03 00:00:00+00:00,LZ_RAYBN,2026-01-03 13:00:00+00:00,17.907500000000002,24.797924,9.587366,42.29564
ElecFMV6,2026-01-03 00:00:00+00:00,LZ_RAYBN,2026-01-03 14:00:00+00:00,13.558333333333332,21.231373,5.8187637,38.860683
ElecFMV6,2026-01-03 00:00:00+00:00,LZ_RAYBN,2026-01-03 15:00:00+00:00,14.945833333333333,19.451466,3.3042202,37.165844
ElecFMV6,2026-01-03 00:00:00+00:00,LZ_RAYBN,2026-01-03 16:00:00+00:00,22.418333333333333,21.489294,4.7218704,40.379032
ElecFMV6,2026-01-03 00:00:00+00:00,LZ_RAYBN,2026-01-03 17:00:00+00:00,24.129166666666663,19.684738,3.190033,38.933174
ElecFMV6,2026-01-03 00:00:00+00:00,LZ_RAYBN,2026-01-03 18:00:00+00:00,14.4375,17.758558,1.0682983,38.345684
ElecFMV6,2026-01-03 00:00:00+00:00,LZ_RAYBN,2026-01-03 19:00:00+00:00,13.955,14.760009,-2.0224419,35.029976
ElecFMV6,2026-01-03 00:00:00+00:00,LZ_RAYBN,2026-01-03 20:00:00+00:00,11.1675,15.501903,0.36841202,35.297768
ElecFMV6,2026-01-03 00:00:00+00:00,LZ_RAYBN,2026-01-03 21:00:00+00:00,1.9741666666666668,18.399204,3.204012,38.010567
ElecFMV6,2026-01-03 00:00:00+00:00,LZ_RAYBN,2026-01-03 22:00:00+00:00,25.7025,25.345287,10.333285,45.204613
ElecFMV6,2026-01-03 00:00:00+00:00,LZ_RAYBN,2026-01-03 23:00:00+00:00,44.37083333333334,32.2426,16.216143,52.18361
ElecFMV6,2026-01-04 00:00:00+00:00,LZ_LCRA,2026-01-04 00:00:00+00:00,21.133333333333333,28.67022,21.318443,36.460938
ElecFMV6,2026-01-04 00:00:00+00:00,LZ_LCRA,2026-01-04 01:00:00+00:00,16.925,24.93383,16.353981,34.022846
ElecFMV6,2026-01-04 00:00:00+00:00,LZ_LCRA,2026-01-04 02:00:00+00:00,15.854166666666666,20.99854,11.276511,31.261223
ElecFMV6,2026-01-04 00:00:00+00:00,LZ_LCRA,2026-01-04 03:00:00+00:00,16.49083333333333,21.384537,11.321233,32.19375
ElecFMV6,2026-01-04 00:00:00+00:00,LZ_LCRA,2026-01-04 04:00:00+00:00,19.79083333333333,19.985022,8.7142935,31.413864
ElecFMV6,2026-01-04 00:00:00+00:00,LZ_LCRA,2026-01-04 05:00:00+00:00,19.31,19.36991,7.5404367,30.988699
ElecFMV6,2026-01-04 00:00:00+00:00,LZ_LCRA,2026-01-04 06:00:00+00:00,19.738333333333333,19.565653,7.7132835,32.356865
ElecFMV6,2026-01-04 00:00:00+00:00,LZ_LCRA,2026-01-04 07:00:00+00:00,20.029166666666665,17.181467,4.9274826,30.644836
ElecFMV6,2026-01-04 00:00:00+00:00,LZ_LCRA,2026-01-04 08:00:00+00:00,19.364166666666662,17.881613,4.678422,31.021456
ElecFMV6,2026-01-04 00:00:00+00:00,LZ_LCRA,2026-01-04 09:00:00+00:00,22.131666666666664,18.23489,4.351165,31.02747
ElecFMV6,2026-01-04 00:00:00+00:00,LZ_LCRA,2026-01-04 10:00:00+00:00,19.329166666666666,20.501465,5.772043,33.98318
ElecFMV6,2026-01-04 00:00:00+00:00,LZ_LCRA,2026-01-04 11:00:00+00:00,18.7325,23.752346,9.028463,36.680923
ElecFMV6,2026-01-04 00:00:00+00:00,LZ_LCRA,2026-01-04 12:00:00+00:00,17.814166666666665,21.919819,6.8496513,34.56741
ElecFMV6,2026-01-04 00:00:00+00:00,LZ_LCRA,2026-01-04 13:00:00+00:00,15.616666666666667,22.076195,7.7070675,35.424053
ElecFMV6,2026-01-04 00:00:00+00:00,LZ_LCRA,2026-01-04 14:00:00+00:00,12.216666666666669,18.323145,3.5022087,32.1445
ElecFMV6,2026-01-04 00:00:00+00:00,LZ_LCRA,2026-01-04 15:00:00+00:00,7.975,15.021006,0.47009468,29.084206
ElecFMV6,2026-01-04 00:00:00+00:00,LZ_LCRA,2026-01-04 16:00:00+00:00,2.795833333333333,14.712297,-0.13223076,29.08922
ElecFMV6,2026-01-04 00:00:00+00:00,LZ_LCRA,2026-01-04 17:00:00+00:00,0.52,14.288819,0.67115784,28.58612
ElecFMV6,2026-01-04 00:00:00+00:00,LZ_LCRA,2026-01-04 18:00:00+00:00,0.3258333333333333,15.084848,1.1798706,30.783724
ElecFMV6,2026-01-04 00:00:00+00:00,LZ_LCRA,2026-01-04 19:00:00+00:00,0.3283333333333333,15.319527,1.7070103,30.186108
ElecFMV6,2026-01-04 00:00:00+00:00,LZ_LCRA,2026-01-04 20:00:00+00:00,11.650833333333331,14.507147,0.7696514,29.65783
ElecFMV6,2026-01-04 00:00:00+00:00,LZ_LCRA,2026-01-04 21:00:00+00:00,20.3175,15.091211,0.86322784,30.001509
ElecFMV6,2026-01-04 00:00:00+00:00,LZ_LCRA,2026-01-04 22:00:00+00:00,31.959166666666665,21.747368,6.857913,37.950226
ElecFMV6,2026-01-04 00:00:00+00:00,LZ_LCRA,2026-01-04 23:00:00+00:00,31.756666666666664,25.589012,10.502956,41.388527
ElecFMV6,2026-01-04 00:00:00+00:00,LZ_WEST,2026-01-04 00:00:00+00:00,49.51333333333333,51.132828,37.519928,67.94762
ElecFMV6,2026-01-04 00:00:00+00:00,LZ_WEST,2026-01-04 01:00:00+00:00,79.33666666666666,49.115124,31.989948,69.16471
ElecFMV6,2026-01-04 00:00:00+00:00,LZ_WEST,2026-01-04 02:00:00+00:00,83.98916666666666,46.64637,28.745995,69.32047
ElecFMV6,2026-01-04 00:00:00+00:00,LZ_WEST,2026-01-04 03:00:00+00:00,42.58,43.724457,24.702496,67.189545
ElecFMV6,2026-01-04 00:00:00+00:00,LZ_WEST,2026-01-04 04:00:00+00:00,26.794166666666666,41.825127,22.794516,66.18333
ElecFMV6,2026-01-04 00:00:00+00:00,LZ_WEST,2026-01-04 05:00:00+00:00,19.925833333333333,41.442772,20.74189,66.14162
ElecFMV6,2026-01-04 00:00:00+00:00,LZ_WEST,2026-01-04 06:00:00+00:00,20.155833333333337,40.61058,18.900843,66.24193
ElecFMV6,2026-01-04 00:00:00+00:00,LZ_WEST,2026-01-04 07:00:00+00:00,20.465,37.54743,15.631098,65.14528
ElecFMV6,2026-01-04 00:00:00+00:00,LZ_WEST,2026-01-04 08:00:00+00:00,19.605,35.038578,14.21997,61.644917
ElecFMV6,2026-01-04 00:00:00+00:00,LZ_WEST,2026-01-04 09:00:00+00:00,22.055833333333336,33.907898,13.1011915,60.836143
ElecFMV6,2026-01-04 00:00:00+00:00,LZ_WEST,2026-01-04 10:00:00+00:00,19.300833333333333,36.16636,14.923479,63.002167
ElecFMV6,2026-01-04 00:00:00+00:00,LZ_WEST,2026-01-04 11:00:00+00:00,18.714166666666667,42.230442,19.726482,69.06961
ElecFMV6,2026-01-04 00:00:00+00:00,LZ_WEST,2026-01-04 12:00:00+00:00,17.745,41.665615,19.431856,69.7107
ElecFMV6,2026-01-04 00:00:00+00:00,LZ_WEST,2026-01-04 13:00:00+00:00,15.605833333333337,40.30828,18.945091,68.04649
ElecFMV6,2026-01-04 00:00:00+00:00,LZ_WEST,2026-01-04 14:00:00+00:00,12.116666666666667,36.450977,15.2460985,63.303303
ElecFMV6,2026-01-04 00:00:00+00:00,LZ_WEST,2026-01-04 15:00:00+00:00,6.260000000000001,33.44922,12.6424465,59.722572
ElecFMV6,2026-01-04 00:00:00+00:00,LZ_WEST,2026-01-04 16:00:00+00:00,2.678333333333333,34.381462,14.725544,60.21306
ElecFMV6,2026-01-04 00:00:00+00:00,LZ_WEST,2026-01-04 17:00:00+00:00,0.2766666666666666,34.82533,15.217383,59.837097
ElecFMV6,2026-01-04 00:00:00+00:00,LZ_WEST,2026-01-04 18:00:00+00:00,0.1683333333333333,35.99576,16.015701,62.49798
ElecFMV6,2026-01-04 00:00:00+00:00,LZ_WEST,2026-01-04 19:00:00+00:00,0.1883333333333333,36.600964,16.757103,62.26512
ElecFMV6,2026-01-04 00:00:00+00:00,LZ_WEST,2026-01-04 20:00:00+00:00,11.5225,36.740025,16.299492,61.127586
ElecFMV6,2026-01-04 00:00:00+00:00,LZ_WEST,2026-01-04 21:00:00+00:00,22.47666666666667,36.845562,14.552784,61.347775
ElecFMV6,2026-01-04 00:00:00+00:00,LZ_WEST,2026-01-04 22:00:00+00:00,32.23833333333334,40.28988,17.871914,65.69453
ElecFMV6,2026-01-04 00:00:00+00:00,LZ_WEST,2026-01-04 23:00:00+00:00,31.644166666666667,46.103317,23.313673,72.39594
ElecFMV6,2026-01-04 00:00:00+00:00,LZ_RAYBN,2026-01-04 00:00:00+00:00,38.3425,39.862328,31.252636,50.33653
ElecFMV6,2026-01-04 00:00:00+00:00,LZ_RAYBN,2026-01-04 01:00:00+00:00,51.37916666666666,33.648582,23.352026,46.133644
ElecFMV6,2026-01-04 00:00:00+00:00,LZ_RAYBN,2026-01-04 02:00:00+00:00,55.880833333333335,29.400646,18.537937,42.523754
ElecFMV6,2026-01-04 00:00:00+00:00,LZ_RAYBN,2026-01-04 03:00:00+00:00,32.365833333333335,29.052475,18.552618,41.667507
ElecFMV6,2026-01-04 00:00:00+00:00,LZ_RAYBN,2026-01-04 04:00:00+00:00,24.054166666666664,29.759089,19.127794,43.51815
ElecFMV6,2026-01-04 00:00:00+00:00,LZ_RAYBN,2026-01-04 05:00:00+00:00,19.620833333333337,29.54157,18.297514,43.278896
ElecFMV6,2026-01-04 00:00:00+00:00,LZ_RAYBN,2026-01-04 06:00:00+00:00,19.859166666666667,26.920485,15.190265,41.26481
ElecFMV6,2026-01-04 00:00:00+00:00,LZ_RAYBN,2026-01-04 07:00:00+00:00,20.13583333333333,25.883915,13.544888,41.52791
ElecFMV6,2026-01-04 00:00:00+00:00,LZ_RAYBN,2026-01-04 08:00:00+00:00,19.426666666666662,25.183117,12.2509365,40.988995
ElecFMV6,2026-01-04 00:00:00+00:00,LZ_RAYBN,2026-01-04 09:00:00+00:00,22.14583333333333,25.004265,11.952236,40.887943
ElecFMV6,2026-01-04 00:00:00+00:00,LZ_RAYBN,2026-01-04 10:00:00+00:00,19.329166666666666,27.869389,13.816728,43.862396
ElecFMV6,2026-01-04 00:00:00+00:00,LZ_RAYBN,2026-01-04 11:00:00+00:00,18.7325,32.86072,18.06599,49.07512
ElecFMV6,2026-01-04 00:00:00+00:00,LZ_RAYBN,2026-01-04 12:00:00+00:00,17.814166666666665,30.669132,15.985992,46.773224
ElecFMV6,2026-01-04 00:00:00+00:00,LZ_RAYBN,2026-01-04 13:00:00+00:00,15.616666666666667,30.342655,15.822344,46.226925
ElecFMV6,2026-01-04 00:00:00+00:00,LZ_RAYBN,2026-01-04 14:00:00+00:00,12.315,25.295902,10.847,41.184322
ElecFMV6,2026-01-04 00:00:00+00:00,LZ_RAYBN,2026-01-04 15:00:00+00:00,10.616666666666664,25.060877,10.853842,40.432274
ElecFMV6,2026-01-04 00:00:00+00:00,LZ_RAYBN,2026-01-04 16:00:00+00:00,5.54,25.769016,11.428268,41.566452
ElecFMV6,2026-01-04 00:00:00+00:00,LZ_RAYBN,2026-01-04 17:00:00+00:00,0.5575,25.715008,12.156157,42.04458
ElecFMV6,2026-01-04 00:00:00+00:00,LZ_RAYBN,2026-01-04 18:00:00+00:00,0.365,25.38197,11.491912,42.795547
ElecFMV6,2026-01-04 00:00:00+00:00,LZ_RAYBN,2026-01-04 19:00:00+00:00,0.3508333333333333,23.726059,9.504892,40.2805
ElecFMV6,2026-01-04 00:00:00+00:00,LZ_RAYBN,2026-01-04 20:00:00+00:00,11.651666666666666,22.704481,8.269632,38.57792
ElecFMV6,2026-01-04 00:00:00+00:00,LZ_RAYBN,2026-01-04 21:00:00+00:00,24.168333333333333,23.14446,8.217966,38.258533
ElecFMV6,2026-01-04 00:00:00+00:00,LZ_RAYBN,2026-01-04 22:00:00+00:00,32.225833333333334,28.352142,13.340672,44.676567
ElecFMV6,2026-01-04 00:00:00+00:00,LZ_RAYBN,2026-01-04 23:00:00+00:00,31.756666666666664,32.50589,17.18292,49.681
ElecFMV6,2026-01-05 00:00:00+00:00,LZ_LCRA,2026-01-05 00:00:00+00:00,28.19333333333333,29.9181,21.82941,39.205414
ElecFMV6,2026-01-05 00:00:00+00:00,LZ_LCRA,2026-01-05 01:00:00+00:00,22.530833333333337,25.913502,16.719799,36.4486
ElecFMV6,2026-01-05 00:00:00+00:00,LZ_LCRA,2026-01-05 02:00:00+00:00,18.93916666666667,24.127766,14.449632,35.782112
ElecFMV6,2026-01-05 00:00:00+00:00,LZ_LCRA,2026-01-05 03:00:00+00:00,15.03,23.393724,13.204334,35.60827
ElecFMV6,2026-01-05 00:00:00+00:00,LZ_LCRA,2026-01-05 04:00:00+00:00,12.128333333333332,21.6726,11.148207,34.39719
ElecFMV6,2026-01-05 00:00:00+00:00,LZ_LCRA,2026-01-05 05:00:00+00:00,9.923333333333334,21.037094,10.3926,33.96604
ElecFMV6,2026-01-05 00:00:00+00:00,LZ_LCRA,2026-01-05 06:00:00+00:00,9.988333333333332,21.3686,10.766255,34.628754
ElecFMV6,2026-01-05 00:00:00+00:00,LZ_LCRA,2026-01-05 07:00:00+00:00,11.0475,19.772139,8.757559,33.359413
ElecFMV6,2026-01-05 00:00:00+00:00,LZ_LCRA,2026-01-05 08:00:00+00:00,11.605833333333337,19.964752,8.490099,33.02081
ElecFMV6,2026-01-05 00:00:00+00:00,LZ_LCRA,2026-01-05 09:00:00+00:00,11.7725,18.51066,6.11001,32.177654
ElecFMV6,2026-01-05 00:00:00+00:00,LZ_LCRA,2026-01-05 10:00:00+00:00,12.063333333333333,20.302166,7.520549,34.31996
ElecFMV6,2026-01-05 00:00:00+00:00,LZ_LCRA,2026-01-05 11:00:00+00:00,14.065,21.649961,8.502407,35.882217
ElecFMV6,2026-01-05 00:00:00+00:00,LZ_LCRA,2026-01-05 12:00:00+00:00,16.56833333333333,20.099201,7.3707733,33.66619
ElecFMV6,2026-01-05 00:00:00+00:00,LZ_LCRA,2026-01-05 13:00:00+00:00,20.065,19.381609,7.2043486,32.80327
ElecFMV6,2026-01-05 00:00:00+00:00,LZ_LCRA,2026-01-05 14:00:00+00:00,15.563333333333333,16.569118,4.9463997,29.781536
ElecFMV6,2026-01-05 00:00:00+00:00,LZ_LCRA,2026-01-05 15:00:00+00:00,15.565833333333332,13.563498,1.8601665,26.382956
ElecFMV6,2026-01-05 00:00:00+00:00,LZ_LCRA,2026-01-05 16:00:00+00:00,14.03,12.161957,0.5603447,24.778748
ElecFMV6,2026-01-05 00:00:00+00:00,LZ_LCRA,2026-01-05 17:00:00+00:00,11.645,11.386046,0.32110786,23.798183
ElecFMV6,2026-01-05 00:00:00+00:00,LZ_LCRA,2026-01-05 18:00:00+00:00,12.894166666666663,12.726322,1.5025959,25.781384
ElecFMV6,2026-01-05 00:00:00+00:00,LZ_LCRA,2026-01-05 19:00:00+00:00,9.414166666666668,14.015021,2.8839836,26.663376
ElecFMV6,2026-01-05 00:00:00+00:00,LZ_LCRA,2026-01-05 20:00:00+00:00,11.073333333333332,14.29777,2.8733292,27.091972
ElecFMV6,2026-01-05 00:00:00+00:00,LZ_LCRA,2026-01-05 21:00:00+00:00,14.248333333333331,16.888079,4.48112,30.02069
ElecFMV6,2026-01-05 00:00:00+00:00,LZ_LCRA,2026-01-05 22:00:00+00:00,27.2525,21.409706,8.289951,35.73002
ElecFMV6,2026-01-05 00:00:00+00:00,LZ_LCRA,2026-01-05 23:00:00+00:00,33.255833333333335,24.410667,10.737658,39.33327
ElecFMV6,2026-01-05 00:00:00+00:00,LZ_WEST,2026-01-05 00:00:00+00:00,28.121666666666663,26.460363,18.542953,38.21779
ElecFMV6,2026-01-05 00:00:00+00:00,LZ_WEST,2026-01-05 01:00:00+00:00,20.59,27.12597,17.138332,40.717552
ElecFMV6,2026-01-05 00:00:00+00:00,LZ_WEST,2026-01-05 02:00:00+00:00,16.805,28.112545,17.367907,42.603447
ElecFMV6,2026-01-05 00:00:00+00:00,LZ_WEST,2026-01-05 03:00:00+00:00,10.2225,28.469006,16.765625,43.548294
ElecFMV6,2026-01-05 00:00:00+00:00,LZ_WEST,2026-01-05 04:00:00+00:00,5.931666666666668,26.902042,14.867943,40.938896
ElecFMV6,2026-01-05 00:00:00+00:00,LZ_WEST,2026-01-05 05:00:00+00:00,13.179166666666667,28.114305,14.750104,42.396206
ElecFMV6,2026-01-05 00:00:00+00:00,LZ_WEST,2026-01-05 06:00:00+00:00,13.86,26.974276,14.151442,43.9411
ElecFMV6,2026-01-05 00:00:00+00:00,LZ_WEST,2026-01-05 07:00:00+00:00,16.9275,27.788967,13.672821,46.57286
ElecFMV6,2026-01-05 00:00:00+00:00,LZ_WEST,2026-01-05 08:00:00+00:00,14.724166666666669,26.548073,11.288921,43.513805
ElecFMV6,2026-01-05 00:00:00+00:00,LZ_WEST,2026-01-05 09:00:00+00:00,20.39,25.954077,9.698486,43.2696
ElecFMV6,2026-01-05 00:00:00+00:00,LZ_WEST,2026-01-05 10:00:00+00:00,21.605,29.581419,12.533058,47.18945
ElecFMV6,2026-01-05 00:00:00+00:00,LZ_WEST,2026-01-05 11:00:00+00:00,24.78333333333333,30.645264,12.488153,51.090645
ElecFMV6,2026-01-05 00:00:00+00:00,LZ_WEST,2026-01-05 12:00:00+00:00,21.4425,30.716671,13.2098675,50.53779
ElecFMV6,2026-01-05 00:00:00+00:00,LZ_WEST,2026-01-05 13:00:00+00:00,19.475,32.962566,14.8899555,54.344296
ElecFMV6,2026-01-05 00:00:00+00:00,LZ_WEST,2026-01-05 14:00:00+00:00,8.686666666666666,33.968388,15.114799,54.535614
ElecFMV6,2026-01-05 00:00:00+00:00,LZ_WEST,2026-01-05 15:00:00+00:00,1.725833333333333,33.576157,14.841934,54.873238
ElecFMV6,2026-01-05 00:00:00+00:00,LZ_WEST,2026-01-05 16:00:00+00:00,3.6041666666666665,33.83631,15.318903,56.48452
ElecFMV6,2026-01-05 00:00:00+00:00,LZ_WEST,2026-01-05 17:00:00+00:00,7.055833333333333,33.365723,15.387328,55.407894
ElecFMV6,2026-01-05 00:00:00+00:00,LZ_WEST,2026-01-05 18:00:00+00:00,8.048333333333334,34.23957,16.17526,56.179203
ElecFMV6,2026-01-05 00:00:00+00:00,LZ_WEST,2026-01-05 19:00:00+00:00,4.135833333333333,32.12574,14.305497,52.233303
ElecFMV6,2026-01-05 00:00:00+00:00,LZ_WEST,2026-01-05 20:00:00+00:00,1.909166666666667,29.64765,14.00849,49.836857
ElecFMV6,2026-01-05 00:00:00+00:00,LZ_WEST,2026-01-05 21:00:00+00:00,6.953333333333333,30.855715,13.757492,50.70263
ElecFMV6,2026-01-05 00:00:00+00:00,LZ_WEST,2026-01-05 22:00:00+00:00,28.2925,35.024002,17.47665,56.31297
ElecFMV6,2026-01-05 00:00:00+00:00,LZ_WEST,2026-01-05 23:00:00+00:00,44.656666666666666,37.47884,20.093449,59.751038
ElecFMV6,2026-01-05 00:00:00+00:00,LZ_RAYBN,2026-01-05 00:00:00+00:00,28.19333333333333,25.29973,15.6151905,37.429222
ElecFMV6,2026-01-05 00:00:00+00:00,LZ_RAYBN,2026-01-05 01:00:00+00:00,24.585,25.385342,14.391769,39.940525
ElecFMV6,2026-01-05 00:00:00+00:00,LZ_RAYBN,2026-01-05 02:00:00+00:00,24.52416666666667,24.401737,12.771315,40.524494
ElecFMV6,2026-01-05 00:00:00+00:00,LZ_RAYBN,2026-01-05 03:00:00+00:00,22.535,23.679531,11.676882,40.924477
ElecFMV6,2026-01-05 00:00:00+00:00,LZ_RAYBN,2026-01-05 04:00:00+00:00,19.664166666666667,22.23524,10.190579,40.737755
ElecFMV6,2026-01-05 00:00:00+00:00,LZ_RAYBN,2026-01-05 05:00:00+00:00,16.970833333333335,22.760735,9.978625,40.80072
ElecFMV6,2026-01-05 00:00:00+00:00,LZ_RAYBN,2026-01-05 06:00:00+00:00,17.951666666666668,21.503849,9.084135,40.64579
ElecFMV6,2026-01-05 00:00:00+00:00,LZ_RAYBN,2026-01-05 07:00:00+00:00,19.4825,19.198166,6.7252197,38.93318
ElecFMV6,2026-01-05 00:00:00+00:00,LZ_RAYBN,2026-01-05 08:00:00+00:00,18.976666666666667,17.890293,4.7695923,36.251717
ElecFMV6,2026-01-05 00:00:00+00:00,LZ_RAYBN,2026-01-05 09:00:00+00:00,18.45833333333333,17.295202,3.1537914,36.282646
ElecFMV6,2026-01-05 00:00:00+00:00,LZ_RAYBN,2026-01-05 10:00:00+00:00,19.4975,20.902622,6.425379,40.371346
ElecFMV6,2026-01-05 00:00:00+00:00,LZ_RAYBN,2026-01-05 11:00:00+00:00,21.359166666666667,22.990599,7.7463837,43.70805
ElecFMV6,2026-01-05 00:00:00+00:00,LZ_RAYBN,2026-01-05 12:00:00+00:00,23.988333333333333,22.33892,7.6502304,41.95143
ElecFMV6,2026-01-05 00:00:00+00:00,LZ_RAYBN,2026-01-05 13:00:00+00:00,25.804166666666664,21.324165,7.1694126,40.61145
ElecFMV6,2026-01-05 00:00:00+00:00,LZ_RAYBN,2026-01-05 14:00:00+00:00,22.934166666666663,19.121227,4.8215885,37.7785
ElecFMV6,2026-01-05 00:00:00+00:00,LZ_RAYBN,2026-01-05 15:00:00+00:00,30.12833333333333,18.198545,4.0835056,36.701683
ElecFMV6,2026-01-05 00:00:00+00:00,LZ_RAYBN,2026-01-05 16:00:00+00:00,24.89833333333333,17.143265,2.4124374,36.780872
ElecFMV6,2026-01-05 00:00:00+00:00,LZ_RAYBN,2026-01-05 17:00:00+00:00,26.67,18.14072,4.198267,37.503685
ElecFMV6,2026-01-05 00:00:00+00:00,LZ_RAYBN,2026-01-05 18:00:00+00:00,24.561666666666667,18.311768,4.4479294,38.046936
ElecFMV6,2026-01-05 00:00:00+00:00,LZ_RAYBN,2026-01-05 19:00:00+00:00,23.60833333333333,17.887655,4.476988,35.538597
ElecFMV6,2026-01-05 00:00:00+00:00,LZ_RAYBN,2026-01-05 20:00:00+00:00,21.659166666666664,17.130688,4.211941,34.764244
ElecFMV6,2026-01-05 00:00:00+00:00,LZ_RAYBN,2026-01-05 21:00:00+00:00,21.3025,19.30017,5.4133186,37.191566
ElecFMV6,2026-01-05 00:00:00+00:00,LZ_RAYBN,2026-01-05 22:00:00+00:00,26.875833333333333,24.041145,9.140518,43.420334
ElecFMV6,2026-01-05 00:00:00+00:00,LZ_RAYBN,2026-01-05 23:00:00+00:00,28.9075,26.999035,11.274062,47.803185
ElecFMV6,2026-01-06 00:00:00+00:00,LZ_LCRA,2026-01-06 00:00:00+00:00,35.12166666666666,31.976154,26.548227,38.958397
ElecFMV6,2026-01-06 00:00:00+00:00,LZ_LCRA,2026-01-06 01:00:00+00:00,41.49333333333333,29.045624,22.268934,37.460854
ElecFMV6,2026-01-06 00:00:00+00:00,LZ_LCRA,2026-01-06 02:00:00+00:00,26.99833333333333,25.121391,17.679842,34.55885
ElecFMV6,2026-01-06 00:00:00+00:00,LZ_LCRA,2026-01-06 03:00:00+00:00,22.030833333333337,22.42309,14.738556,32.048607
ElecFMV6,2026-01-06 00:00:00+00:00,LZ_LCRA,2026-01-06 04:00:00+00:00,19.425,19.837204,12.1384325,29.666634
ElecFMV6,2026-01-06 00:00:00+00:00,LZ_LCRA,2026-01-06 05:00:00+00:00,15.611666666666666,20.69409,12.677397,30.243443
ElecFMV6,2026-01-06 00:00:00+00:00,LZ_LCRA,2026-01-06 06:00:00+00:00,14.690833333333332,20.22183,12.4333935,30.585478
ElecFMV6,2026-01-06 00:00:00+00:00,LZ_LCRA,2026-01-06 07:00:00+00:00,14.564166666666669,17.085945,9.198901,27.59618
ElecFMV6,2026-01-06 00:00:00+00:00,LZ_LCRA,2026-01-06 08:00:00+00:00,14.630833333333332,16.423386,8.1717615,26.130793
ElecFMV6,2026-01-06 00:00:00+00:00,LZ_LCRA,2026-01-06 09:00:00+00:00,15.875833333333333,15.39251,6.788821,24.944235
ElecFMV6,2026-01-06 00:00:00+00:00,LZ_LCRA,2026-01-06 10:00:00+00:00,15.900833333333331,17.466799,8.284175,27.489136
ElecFMV6,2026-01-06 00:00:00+00:00,LZ_LCRA,2026-01-06 11:00:00+00:00,15.108333333333334,18.210234,8.975554,29.000462
ElecFMV6,2026-01-06 00:00:00+00:00,LZ_LCRA,2026-01-06 12:00:00+00:00,19.99833333333333,17.07785,7.9204283,28.070831
ElecFMV6,2026-01-06 00:00:00+00:00,LZ_LCRA,2026-01-06 13:00:00+00:00,25.32166666666667,17.65414,9.219731,29.213715
ElecFMV6,2026-01-06 00:00:00+00:00,LZ_LCRA,2026-01-06 14:00:00+00:00,21.99083333333333,14.991653,6.1809225,26.252262
ElecFMV6,2026-01-06 00:00:00+00:00,LZ_LCRA,2026-01-06 15:00:00+00:00,13.3225,11.99411,3.4003162,22.85373
ElecFMV6,2026-01-06 00:00:00+00:00,LZ_LCRA,2026-01-06 16:00:00+00:00,12.805833333333332,11.30721,2.7272072,22.72365
ElecFMV6,2026-01-06 00:00:00+00:00,LZ_LCRA,2026-01-06 17:00:00+00:00,13.0475,10.28331,1.954628,21.301643
ElecFMV6,2026-01-06 00:00:00+00:00,LZ_LCRA,2026-01-06 18:00:00+00:00,14.336666666666666,10.139026,1.270256,21.875889
ElecFMV6,2026-01-06 00:00:00+00:00,LZ_LCRA,2026-01-06 19:00:00+00:00,14.764166666666668,10.347611,0.8519001,21.199242
ElecFMV6,2026-01-06 00:00:00+00:00,LZ_LCRA,2026-01-06 20:00:00+00:00,14.1725,10.684425,1.3456459,21.821255
ElecFMV6,2026-01-06 00:00:00+00:00,LZ_LCRA,2026-01-06 21:00:00+00:00,12.775833333333331,12.956463,3.102335,24.09424
ElecFMV6,2026-01-06 00:00:00+00:00,LZ_LCRA,2026-01-06 22:00:00+00:00,32.913333333333334,19.863487,9.565919,31.892895
ElecFMV6,2026-01-06 00:00:00+00:00,LZ_LCRA,2026-01-06 23:00:00+00:00,37.87083333333333,22.869633,12.436209,35.215355
ElecFMV6,2026-01-06 00:00:00+00:00,LZ_WEST,2026-01-06 00:00:00+00:00,43.39333333333334,45.37377,34.218353,59.41443
ElecFMV6,2026-01-06 00:00:00+00:00,LZ_WEST,2026-01-06 01:00:00+00:00,52.45166666666666,45.58301,32.28805,61.849342
ElecFMV6,2026-01-06 00:00:00+00:00,LZ_WEST,2026-01-06 02:00:00+00:00,50.65833333333333,41.083267,27.071236,60.002968
ElecFMV6,2026-01-06 00:00:00+00:00,LZ_WEST,2026-01-06 03:00:00+00:00,50.086666666666666,34.302917,19.346962,55.572987
ElecFMV6,2026-01-06 00:00:00+00:00,LZ_WEST,2026-01-06 04:00:00+00:00,49.8125,32.514606,16.135921,54.107445
ElecFMV6,2026-01-06 00:00:00+00:00,LZ_WEST,2026-01-06 05:00:00+00:00,40.45,32.5911,16.185867,55.376247
ElecFMV6,2026-01-06 00:00:00+00:00,LZ_WEST,2026-01-06 06:00:00+00:00,33.36416666666667,32.512756,15.540684,56.671585
ElecFMV6,2026-01-06 00:00:00+00:00,LZ_WEST,2026-01-06 07:00:00+00:00,38.236666666666665,31.008673,13.835073,54.79831
ElecFMV6,2026-01-06 00:00:00+00:00,LZ_WEST,2026-01-06 08:00:00+00:00,38.88666666666666,28.838148,11.74021,51.85874
ElecFMV6,2026-01-06 00:00:00+00:00,LZ_WEST,2026-01-06 09:00:00+00:00,49.65166666666666,29.522903,12.095573,52.591644
ElecFMV6,2026-01-06 00:00:00+00:00,LZ_WEST,2026-01-06 10:00:00+00:00,41.255833333333335,33.355503,15.095627,56.614677
ElecFMV6,2026-01-06 00:00:00+00:00,LZ_WEST,2026-01-06 11:00:00+00:00,41.82083333333333,36.4758,18.085968,61.144493
ElecFMV6,2026-01-06 00:00:00+00:00,LZ_WEST,2026-01-06 12:00:00+00:00,37.67166666666667,35.34622,17.011343,59.662613
ElecFMV6,2026-01-06 00:00:00+00:00,LZ_WEST,2026-01-06 13:00:00+00:00,30.15416666666667,35.757828,17.094166,60.281624
ElecFMV6,2026-01-06 00:00:00+00:00,LZ_WEST,2026-01-06 14:00:00+00:00,23.9175,33.605164,14.167623,58.44745
ElecFMV6,2026-01-06 00:00:00+00:00,LZ_WEST,2026-01-06 15:00:00+00:00,13.315,28.870775,9.768427,53.87098
ElecFMV6,2026-01-06 00:00:00+00:00,LZ_WEST,2026-01-06 16:00:00+00:00,12.805,26.843706,6.81822,51.106125
ElecFMV6,2026-01-06 00:00:00+00:00,LZ_WEST,2026-01-06 17:00:00+00:00,13.0475,26.563663,7.3222713,50.47809
ElecFMV6,2026-01-06 00:00:00+00:00,LZ_WEST,2026-01-06 18:00:00+00:00,14.336666666666666,26.523268,7.1475315,50.62632
ElecFMV6,2026-01-06 00:00:00+00:00,LZ_WEST,2026-01-06 19:00:00+00:00,14.764166666666668,23.551752,5.0586605,47.676506
ElecFMV6,2026-01-06 00:00:00+00:00,LZ_WEST,2026-01-06 20:00:00+00:00,14.206666666666663,24.721823,7.43589,48.295258
ElecFMV6,2026-01-06 00:00:00+00:00,LZ_WEST,2026-01-06 21:00:00+00:00,12.799166666666666,28.644785,9.110022,52.017914
ElecFMV6,2026-01-06 00:00:00+00:00,LZ_WEST,2026-01-06 22:00:00+00:00,32.91833333333333,35.306313,15.056118,59.185944
ElecFMV6,2026-01-06 00:00:00+00:00,LZ_WEST,2026-01-06 23:00:00+00:00,73.2925,41.746902,21.090038,65.64
ElecFMV6,2026-01-06 00:00:00+00:00,LZ_RAYBN,2026-01-06 00:00:00+00:00,31.02583333333333,31.48833,26.546429,39.15171
ElecFMV6,2026-01-06 00:00:00+00:00,LZ_RAYBN,2026-01-06 01:00:00+00:00,36.8975,32.44657,25.573124,41.90677
ElecFMV6,2026-01-06 00:00:00+00:00,LZ_RAYBN,2026-01-06 02:00:00+00:00,25.57166666666667,30.690372,22.639746,41.62939
ElecFMV6,2026-01-06 00:00:00+00:00,LZ_RAYBN,2026-01-06 03:00:00+00:00,23.64583333333333,27.15263,17.85527,39.284218
ElecFMV6,2026-01-06 00:00:00+00:00,LZ_RAYBN,2026-01-06 04:00:00+00:00,20.3225,26.804766,16.758774,39.076912
ElecFMV6,2026-01-06 00:00:00+00:00,LZ_RAYBN,2026-01-06 05:00:00+00:00,16.500833333333333,26.832697,15.532102,39.493458
ElecFMV6,2026-01-06 00:00:00+00:00,LZ_RAYBN,2026-01-06 06:00:00+00:00,15.573333333333332,26.820608,15.5865755,41.291748
ElecFMV6,2026-01-06 00:00:00+00:00,LZ_RAYBN,2026-01-06 07:00:00+00:00,16.048333333333336,26.265259,14.1653595,41.68493
ElecFMV6,2026-01-06 00:00:00+00:00,LZ_RAYBN,2026-01-06 08:00:00+00:00,15.633333333333333,24.413265,11.781342,37.983772
ElecFMV6,2026-01-06 00:00:00+00:00,LZ_RAYBN,2026-01-06 09:00:00+00:00,16.3025,24.22745,10.761632,37.51766
ElecFMV6,2026-01-06 00:00:00+00:00,LZ_RAYBN,2026-01-06 10:00:00+00:00,15.355,25.356281,11.846,38.356285
ElecFMV6,2026-01-06 00:00:00+00:00,LZ_RAYBN,2026-01-06 11:00:00+00:00,14.718333333333334,25.387238,11.856711,40.35219
ElecFMV6,2026-01-06 00:00:00+00:00,LZ_RAYBN,2026-01-06 12:00:00+00:00,21.171666666666667,26.011732,12.640988,40.08945
ElecFMV6,2026-01-06 00:00:00+00:00,LZ_RAYBN,2026-01-06 13:00:00+00:00,25.64916666666667,25.967827,12.907256,41.369186
ElecFMV6,2026-01-06 00:00:00+00:00,LZ_RAYBN,2026-01-06 14:00:00+00:00,22.28333333333333,25.737516,11.392488,41.578552
ElecFMV6,2026-01-06 00:00:00+00:00,LZ_RAYBN,2026-01-06 15:00:00+00:00,13.304166666666667,24.670298,10.764037,41.02894
ElecFMV6,2026-01-06 00:00:00+00:00,LZ_RAYBN,2026-01-06 16:00:00+00:00,12.805833333333332,24.645367,9.650721,41.75852
ElecFMV6,2026-01-06 00:00:00+00:00,LZ_RAYBN,2026-01-06 17:00:00+00:00,13.0475,23.4816,8.782918,39.933243
ElecFMV6,2026-01-06 00:00:00+00:00,LZ_RAYBN,2026-01-06 18:00:00+00:00,14.336666666666666,22.995152,7.955225,39.595997
ElecFMV6,2026-01-06 00:00:00+00:00,LZ_RAYBN,2026-01-06 19:00:00+00:00,14.764166666666668,23.165508,8.465127,38.867752
ElecFMV6,2026-01-06 00:00:00+00:00,LZ_RAYBN,2026-01-06 20:00:00+00:00,14.190833333333332,23.043947,8.890907,38.22923
ElecFMV6,2026-01-06 00:00:00+00:00,LZ_RAYBN,2026-01-06 21:00:00+00:00,12.785833333333334,24.124477,9.254519,39.041763
ElecFMV6,2026-01-06 00:00:00+00:00,LZ_RAYBN,2026-01-06 22:00:00+00:00,32.909166666666664,28.74289,13.975696,44.176876
ElecFMV6,2026-01-06 00:00:00+00:00,LZ_RAYBN,2026-01-06 23:00:00+00:00,49.64416666666667,31.567175,16.851412,47.360252
ElecFMV6,2026-01-07 00:00:00+00:00,LZ_LCRA,2026-01-07 00:00:00+00:00,37.49916666666667,38.631336,30.697834,48.386585
ElecFMV6,2026-01-07 00:00:00+00:00,LZ_LCRA,2026-01-07 01:00:00+00:00,33.35166666666667,34.107872,25.625233,44.56898
ElecFMV6,2026-01-07 00:00:00+00:00,LZ_LCRA,2026-01-07 02:00:00+00:00,25.286666666666665,29.03015,20.921381,39.654564
ElecFMV6,2026-01-07 00:00:00+00:00,LZ_LCRA,2026-01-07 03:00:00+00:00,17.929166666666667,27.037556,19.33849,37.428757
ElecFMV6,2026-01-07 00:00:00+00:00,LZ_LCRA,2026-01-07 04:00:00+00:00,20.096666666666668,23.163933,16.079828,32.937645
ElecFMV6,2026-01-07 00:00:00+00:00,LZ_LCRA,2026-01-07 05:00:00+00:00,20.464166666666667,22.292135,15.769663,31.562143
ElecFMV6,2026-01-07 00:00:00+00:00,LZ_LCRA,2026-01-07 06:00:00+00:00,18.1375,22.15753,15.908295,31.564465
ElecFMV6,2026-01-07 00:00:00+00:00,LZ_LCRA,2026-01-07 07:00:00+00:00,17.545833333333334,18.920341,13.171869,28.0098
ElecFMV6,2026-01-07 00:00:00+00:00,LZ_LCRA,2026-01-07 08:00:00+00:00,15.675833333333337,16.873653,10.690735,25.75131
ElecFMV6,2026-01-07 00:00:00+00:00,LZ_LCRA,2026-01-07 09:00:00+00:00,14.505833333333332,17.176758,10.646248,26.2129
ElecFMV6,2026-01-07 00:00:00+00:00,LZ_LCRA,2026-01-07 10:00:00+00:00,15.186666666666667,19.591127,12.344813,29.018135
ElecFMV6,2026-01-07 00:00:00+00:00,LZ_LCRA,2026-01-07 11:00:00+00:00,22.000833333333333,21.035027,13.726292,30.912937
ElecFMV6,2026-01-07 00:00:00+00:00,LZ_LCRA,2026-01-07 12:00:00+00:00,25.42833333333333,21.736198,14.471148,31.879704
ElecFMV6,2026-01-07 00:00:00+00:00,LZ_LCRA,2026-01-07 13:00:00+00:00,25.809166666666663,23.341167,16.146755,33.333096
ElecFMV6,2026-01-07 00:00:00+00:00,LZ_LCRA,2026-01-07 14:00:00+00:00,17.18166666666667,20.174204,12.182459,29.845818
ElecFMV6,2026-01-07 00:00:00+00:00,LZ_LCRA,2026-01-07 15:00:00+00:00,12.581666666666663,17.336136,9.466066,27.024803
ElecFMV6,2026-01-07 00:00:00+00:00,LZ_LCRA,2026-01-07 16:00:00+00:00,13.4,16.225424,8.168453,26.037336
ElecFMV6,2026-01-07 00:00:00+00:00,LZ_LCRA,2026-01-07 17:00:00+00:00,11.446666666666667,15.6483555,7.960327,25.374146
ElecFMV6,2026-01-07 00:00:00+00:00,LZ_LCRA,2026-01-07 18:00:00+00:00,10.043333333333331,16.504852,8.554908,26.611061
ElecFMV6,2026-01-07 00:00:00+00:00,LZ_LCRA,2026-01-07 19:00:00+00:00,13.514166666666668,15.71776,7.742283,25.668013
ElecFMV6,2026-01-07 00:00:00+00:00,LZ_LCRA,2026-01-07 20:00:00+00:00,17.75583333333333,16.004807,7.789469,26.72636
ElecFMV6,2026-01-07 00:00:00+00:00,LZ_LCRA,2026-01-07 21:00:00+00:00,28.4625,17.11687,8.408324,28.032177
ElecFMV6,2026-01-07 00:00:00+00:00,LZ_LCRA,2026-01-07 22:00:00+00:00,35.95916666666667,22.332874,13.057859,33.97859
ElecFMV6,2026-01-07 00:00:00+00:00,LZ_LCRA,2026-01-07 23:00:00+00:00,32.597500000000004,25.481094,16.036856,37.53991
ElecFMV6,2026-01-07 00:00:00+00:00,LZ_WEST,2026-01-07 00:00:00+00:00,87.70166666666667,61.24518,46.18485,78.62361
ElecFMV6,2026-01-07 00:00:00+00:00,LZ_WEST,2026-01-07 01:00:00+00:00,91.42916666666667,54.732132,37.1445,74.53122
ElecFMV6,2026-01-07 00:00:00+00:00,LZ_WEST,2026-01-07 02:00:00+00:00,91.33,49.397038,30.898012,70.35244
ElecFMV6,2026-01-07 00:00:00+00:00,LZ_WEST,2026-01-07 03:00:00+00:00,69.00333333333333,44.536236,25.71517,65.839424
ElecFMV6,2026-01-07 00:00:00+00:00,LZ_WEST,2026-01-07 04:00:00+00:00,42.44416666666667,39.78312,20.78312,60.77063
ElecFMV6,2026-01-07 00:00:00+00:00,LZ_WEST,2026-01-07 05:00:00+00:00,39.99333333333333,38.0007,19.382666,58.814476
ElecFMV6,2026-01-07 00:00:00+00:00,LZ_WEST,2026-01-07 06:00:00+00:00,33.79416666666666,35.48558,16.987324,56.829926
ElecFMV6,2026-01-07 00:00:00+00:00,LZ_WEST,2026-01-07 07:00:00+00:00,31.1,35.303288,17.506784,57.46765
ElecFMV6,2026-01-07 00:00:00+00:00,LZ_WEST,2026-01-07 08:00:00+00:00,29.8025,35.7157,17.432156,57.12549
ElecFMV6,2026-01-07 00:00:00+00:00,LZ_WEST,2026-01-07 09:00:00+00:00,31.88583333333333,36.84512,18.74966,57.790443
ElecFMV6,2026-01-07 00:00:00+00:00,LZ_WEST,2026-01-07 10:00:00+00:00,32.788333333333334,38.792732,20.408411,59.92556
ElecFMV6,2026-01-07 00:00:00+00:00,LZ_WEST,2026-01-07 11:00:00+00:00,48.415,38.1509,20.148415,60.23449
ElecFMV6,2026-01-07 00:00:00+00:00,LZ_WEST,2026-01-07 12:00:00+00:00,46.97416666666667,35.02619,17.38178,56.72516
ElecFMV6,2026-01-07 00:00:00+00:00,LZ_WEST,2026-01-07 13:00:00+00:00,39.115833333333335,32.763596,15.86993,55.268387
ElecFMV6,2026-01-07 00:00:00+00:00,LZ_WEST,2026-01-07 14:00:00+00:00,22.1125,27.995972,10.224127,50.751534
ElecFMV6,2026-01-07 00:00:00+00:00,LZ_WEST,2026-01-07 15:00:00+00:00,12.491666666666667,22.50316,5.526531,44.86582
ElecFMV6,2026-01-07 00:00:00+00:00,LZ_WEST,2026-01-07 16:00:00+00:00,13.323333333333332,21.205399,4.5946293,43.67832
ElecFMV6,2026-01-07 00:00:00+00:00,LZ_WEST,2026-01-07 17:00:00+00:00,11.6875,21.261265,6.296402,43.2557
ElecFMV6,2026-01-07 00:00:00+00:00,LZ_WEST,2026-01-07 18:00:00+00:00,10.161666666666669,21.295055,6.604601,42.955032
ElecFMV6,2026-01-07 00:00:00+00:00,LZ_WEST,2026-01-07 19:00:00+00:00,15.524166666666666,21.357641,6.8810616,42.305836
ElecFMV6,2026-01-07 00:00:00+00:00,LZ_WEST,2026-01-07 20:00:00+00:00,48.34333333333333,21.136038,6.793516,43.4568
ElecFMV6,2026-01-07 00:00:00+00:00,LZ_WEST,2026-01-07 21:00:00+00:00,67.03583333333334,23.553999,7.113674,46.095913
ElecFMV6,2026-01-07 00:00:00+00:00,LZ_WEST,2026-01-07 22:00:00+00:00,86.15666666666668,32.620174,14.430644,56.719933
ElecFMV6,2026-01-07 00:00:00+00:00,LZ_WEST,2026-01-07 23:00:00+00:00,67.38666666666667,40.718517,21.62854,65.75934
ElecFMV6,2026-01-07 00:00:00+00:00,LZ_RAYBN,2026-01-07 00:00:00+00:00,55.29666666666666,44.02967,34.08719,56.206703
ElecFMV6,2026-01-07 00:00:00+00:00,LZ_RAYBN,2026-01-07 01:00:00+00:00,56.89416666666667,36.946312,26.532612,50.499268
ElecFMV6,2026-01-07 00:00:00+00:00,LZ_RAYBN,2026-01-07 02:00:00+00:00,53.66166666666666,29.48326,19.634985,43.1543
ElecFMV6,2026-01-07 00:00:00+00:00,LZ_RAYBN,2026-01-07 03:00:00+00:00,37.32666666666667,28.39825,19.047493,41.523697
ElecFMV6,2026-01-07 00:00:00+00:00,LZ_RAYBN,2026-01-07 04:00:00+00:00,24.175833333333333,26.758423,17.935165,39.39216
ElecFMV6,2026-01-07 00:00:00+00:00,LZ_RAYBN,2026-01-07 05:00:00+00:00,21.346666666666664,26.817564,18.466072,38.619865
ElecFMV6,2026-01-07 00:00:00+00:00,LZ_RAYBN,2026-01-07 06:00:00+00:00,20.5325,25.490326,17.08274,36.80461
ElecFMV6,2026-01-07 00:00:00+00:00,LZ_RAYBN,2026-01-07 07:00:00+00:00,19.460833333333333,24.057957,15.971638,34.709507
ElecFMV6,2026-01-07 00:00:00+00:00,LZ_RAYBN,2026-01-07 08:00:00+00:00,17.184166666666666,22.636822,14.250698,33.145287
ElecFMV6,2026-01-07 00:00:00+00:00,LZ_RAYBN,2026-01-07 09:00:00+00:00,15.895,21.461452,12.721481,31.735212
ElecFMV6,2026-01-07 00:00:00+00:00,LZ_RAYBN,2026-01-07 10:00:00+00:00,16.385,22.858166,13.609324,33.04057
ElecFMV6,2026-01-07 00:00:00+00:00,LZ_RAYBN,2026-01-07 11:00:00+00:00,19.075,24.204147,14.673328,34.73286
ElecFMV6,2026-01-07 00:00:00+00:00,LZ_RAYBN,2026-01-07 12:00:00+00:00,23.064166666666665,24.431787,14.949111,36.29974
ElecFMV6,2026-01-07 00:00:00+00:00,LZ_RAYBN,2026-01-07 13:00:00+00:00,21.304166666666667,25.587614,16.069492,37.33242
ElecFMV6,2026-01-07 00:00:00+00:00,LZ_RAYBN,2026-01-07 14:00:00+00:00,15.061666666666667,22.743507,12.355663,35.079224
ElecFMV6,2026-01-07 00:00:00+00:00,LZ_RAYBN,2026-01-07 15:00:00+00:00,12.585,20.922522,10.469657,33.21991
ElecFMV6,2026-01-07 00:00:00+00:00,LZ_RAYBN,2026-01-07 16:00:00+00:00,13.455,20.191973,9.817304,33.259247
ElecFMV6,2026-01-07 00:00:00+00:00,LZ_RAYBN,2026-01-07 17:00:00+00:00,11.976666666666668,20.941769,11.141798,34.00245
ElecFMV6,2026-01-07 00:00:00+00:00,LZ_RAYBN,2026-01-07 18:00:00+00:00,10.396666666666668,20.31262,10.370084,33.56176
ElecFMV6,2026-01-07 00:00:00+00:00,LZ_RAYBN,2026-01-07 19:00:00+00:00,14.224166666666669,19.720871,10.365591,32.373455
ElecFMV6,2026-01-07 00:00:00+00:00,LZ_RAYBN,2026-01-07 20:00:00+00:00,18.171666666666667,20.340935,11.242253,33.473797
ElecFMV6,2026-01-07 00:00:00+00:00,LZ_RAYBN,2026-01-07 21:00:00+00:00,27.124166666666667,20.14628,10.691655,33.170734
ElecFMV6,2026-01-07 00:00:00+00:00,LZ_RAYBN,2026-01-07 22:00:00+00:00,32.0325,23.786905,13.246123,37.373882
ElecFMV6,2026-01-07 00:00:00+00:00,LZ_RAYBN,2026-01-07 23:00:00+00:00,30.63583333333333,26.83503,15.615477,41.57515
ElecFMV6,2026-01-08 00:00:00+00:00,LZ_LCRA,2026-01-08 00:00:00+00:00,23.079166666666666,31.893982,27.008423,38.496727
ElecFMV6,2026-01-08 00:00:00+00:00,LZ_LCRA,2026-01-08 01:00:00+00:00,17.884166666666665,30.084171,24.791464,37.525505
ElecFMV6,2026-01-08 00:00:00+00:00,LZ_LCRA,2026-01-08 02:00:00+00:00,13.951666666666666,25.228058,19.731607,33.178745
ElecFMV6,2026-01-08 00:00:00+00:00,LZ_LCRA,2026-01-08 03:00:00+00:00,12.840000000000002,23.458956,17.977743,31.563988
ElecFMV6,2026-01-08 00:00:00+00:00,LZ_LCRA,2026-01-08 04:00:00+00:00,10.869166666666668,22.11661,16.682825,30.075954
ElecFMV6,2026-01-08 00:00:00+00:00,LZ_LCRA,2026-01-08 05:00:00+00:00,9.384166666666667,22.051266,16.396107,29.697742
ElecFMV6,2026-01-08 00:00:00+00:00,LZ_LCRA,2026-01-08 06:00:00+00:00,6.5125,20.722805,14.9894705,29.072945
ElecFMV6,2026-01-08 00:00:00+00:00,LZ_LCRA,2026-01-08 07:00:00+00:00,6.915833333333333,17.696142,11.909327,26.460384
ElecFMV6,2026-01-08 00:00:00+00:00,LZ_LCRA,2026-01-08 08:00:00+00:00,7.755,17.918907,11.676861,26.332493
ElecFMV6,2026-01-08 00:00:00+00:00,LZ_LCRA,2026-01-08 09:00:00+00:00,7.9075,18.679123,11.764076,26.796549
ElecFMV6,2026-01-08 00:00:00+00:00,LZ_LCRA,2026-01-08 10:00:00+00:00,5.5808333333333335,19.710958,12.602646,28.450956
ElecFMV6,2026-01-08 00:00:00+00:00,LZ_LCRA,2026-01-08 11:00:00+00:00,9.1125,21.38209,14.116435,30.284771
ElecFMV6,2026-01-08 00:00:00+00:00,LZ_LCRA,2026-01-08 12:00:00+00:00,12.908333333333331,21.142265,13.953832,29.988304
ElecFMV6,2026-01-08 00:00:00+00:00,LZ_LCRA,2026-01-08 13:00:00+00:00,12.8125,23.086967,16.060825,32.152946
ElecFMV6,2026-01-08 00:00:00+00:00,LZ_LCRA,2026-01-08 14:00:00+00:00,10.513333333333334,20.872665,13.589995,30.083302
ElecFMV6,2026-01-08 00:00:00+00:00,LZ_LCRA,2026-01-08 15:00:00+00:00,6.486666666666667,17.62911,10.414236,26.761112
ElecFMV6,2026-01-08 00:00:00+00:00,LZ_LCRA,2026-01-08 16:00:00+00:00,3.015833333333333,16.90471,9.461601,26.197788
ElecFMV6,2026-01-08 00:00:00+00:00,LZ_LCRA,2026-01-08 17:00:00+00:00,5.1258333333333335,16.269176,9.066086,25.521744
ElecFMV6,2026-01-08 00:00:00+00:00,LZ_LCRA,2026-01-08 18:00:00+00:00,4.740833333333334,16.063526,8.423908,25.717108
ElecFMV6,2026-01-08 00:00:00+00:00,LZ_LCRA,2026-01-08 19:00:00+00:00,6.2425,17.158997,9.385344,26.192833
ElecFMV6,2026-01-08 00:00:00+00:00,LZ_LCRA,2026-01-08 20:00:00+00:00,9.53,17.614042,9.361621,26.776447
ElecFMV6,2026-01-08 00:00:00+00:00,LZ_LCRA,2026-01-08 21:00:00+00:00,12.756666666666666,20.063576,11.227896,29.315369
ElecFMV6,2026-01-08 00:00:00+00:00,LZ_LCRA,2026-01-08 22:00:00+00:00,16.503333333333334,25.87593,16.152975,36.019295
ElecFMV6,2026-01-08 00:00:00+00:00,LZ_LCRA,2026-01-08 23:00:00+00:00,22.0725,28.129917,17.887268,38.903664
ElecFMV6,2026-01-08 00:00:00+00:00,LZ_WEST,2026-01-08 00:00:00+00:00,42.08583333333333,55.208942,37.110977,82.25338
ElecFMV6,2026-01-08 00:00:00+00:00,LZ_WEST,2026-01-08 01:00:00+00:00,40.855,56.98978,36.13855,88.59529
ElecFMV6,2026-01-08 00:00:00+00:00,LZ_WEST,2026-01-08 02:00:00+00:00,37.568333333333335,53.657703,33.036472,88.011795
ElecFMV6,2026-01-08 00:00:00+00:00,LZ_WEST,2026-01-08 03:00:00+00:00,38.1025,49.028976,28.530611,85.145874
ElecFMV6,2026-01-08 00:00:00+00:00,LZ_WEST,2026-01-08 04:00:00+00:00,39.8725,43.151375,23.343435,78.99759
ElecFMV6,2026-01-08 00:00:00+00:00,LZ_WEST,2026-01-08 05:00:00+00:00,39.74,39.399395,18.638128,75.76373
ElecFMV6,2026-01-08 00:00:00+00:00,LZ_WEST,2026-01-08 06:00:00+00:00,42.75333333333333,38.257336,18.15749,76.18814
ElecFMV6,2026-01-08 00:00:00+00:00,LZ_WEST,2026-01-08 07:00:00+00:00,54.73500000000001,36.104225,16.469442,76.90843
ElecFMV6,2026-01-08 00:00:00+00:00,LZ_WEST,2026-01-08 08:00:00+00:00,43.36666666666667,33.61537,12.649088,72.515274
ElecFMV6,2026-01-08 00:00:00+00:00,LZ_WEST,2026-01-08 09:00:00+00:00,20.4575,33.957706,12.646783,72.49626
ElecFMV6,2026-01-08 00:00:00+00:00,LZ_WEST,2026-01-08 10:00:00+00:00,22.566666666666663,35.27961,12.968331,73.556625
ElecFMV6,2026-01-08 00:00:00+00:00,LZ_WEST,2026-01-08 11:00:00+00:00,21.33666666666667,35.44591,13.169392,76.16515
ElecFMV6,2026-01-08 00:00:00+00:00,LZ_WEST,2026-01-08 12:00:00+00:00,26.566666666666663,32.75853,11.491966,71.29651
ElecFMV6,2026-01-08 00:00:00+00:00,LZ_WEST,2026-01-08 13:00:00+00:00,19.33333333333333,29.168793,10.061786,68.59776
ElecFMV6,2026-01-08 00:00:00+00:00,LZ_WEST,2026-01-08 14:00:00+00:00,6.438333333333333,26.496521,6.8601227,63.41811
ElecFMV6,2026-01-08 00:00:00+00:00,LZ_WEST,2026-01-08 15:00:00+00:00,-6.3325,23.747265,6.2897797,61.22707
ElecFMV6,2026-01-08 00:00:00+00:00,LZ_WEST,2026-01-08 16:00:00+00:00,-8.154166666666667,21.861017,4.1324406,58.908787
ElecFMV6,2026-01-08 00:00:00+00:00,LZ_WEST,2026-01-08 17:00:00+00:00,-6.889166666666667,21.947523,4.853714,59.40615
ElecFMV6,2026-01-08 00:00:00+00:00,LZ_WEST,2026-01-08 18:00:00+00:00,-6.673333333333333,21.475332,4.517071,58.73517
ElecFMV6,2026-01-08 00:00:00+00:00,LZ_WEST,2026-01-08 19:00:00+00:00,-6.071666666666666,23.045923,4.5248985,60.227695
ElecFMV6,2026-01-08 00:00:00+00:00,LZ_WEST,2026-01-08 20:00:00+00:00,-6.080000000000001,23.133213,5.6629887,61.538998
ElecFMV6,2026-01-08 00:00:00+00:00,LZ_WEST,2026-01-08 21:00:00+00:00,-7.265000000000001,26.579721,7.3521996,66.68964
ElecFMV6,2026-01-08 00:00:00+00:00,LZ_WEST,2026-01-08 22:00:00+00:00,-3.2358333333333333,33.28692,12.051491,75.85923
ElecFMV6,2026-01-08 00:00:00+00:00,LZ_WEST,2026-01-08 23:00:00+00:00,32.34916666666667,39.67255,17.107286,84.15529
ElecFMV6,2026-01-08 00:00:00+00:00,LZ_RAYBN,2026-01-08 00:00:00+00:00,23.684166666666663,30.829847,26.400612,35.988808
ElecFMV6,2026-01-08 00:00:00+00:00,LZ_RAYBN,2026-01-08 01:00:00+00:00,25.68166666666667,31.766226,26.246864,38.30297
ElecFMV6,2026-01-08 00:00:00+00:00,LZ_RAYBN,2026-01-08 02:00:00+00:00,24.7025,29.204285,23.068254,36.649986
ElecFMV6,2026-01-08 00:00:00+00:00,LZ_RAYBN,2026-01-08 03:00:00+00:00,25.433333333333337,25.62356,18.93824,33.452003
ElecFMV6,2026-01-08 00:00:00+00:00,LZ_RAYBN,2026-01-08 04:00:00+00:00,21.715,22.8021,15.939905,31.170383
ElecFMV6,2026-01-08 00:00:00+00:00,LZ_RAYBN,2026-01-08 05:00:00+00:00,19.675833333333333,21.215965,13.721111,29.633781
ElecFMV6,2026-01-08 00:00:00+00:00,LZ_RAYBN,2026-01-08 06:00:00+00:00,14.705,19.99707,12.175599,28.903706
ElecFMV6,2026-01-08 00:00:00+00:00,LZ_RAYBN,2026-01-08 07:00:00+00:00,14.445,18.581778,10.571583,28.096375
ElecFMV6,2026-01-08 00:00:00+00:00,LZ_RAYBN,2026-01-08 08:00:00+00:00,14.03,18.147797,9.669397,27.641842
ElecFMV6,2026-01-08 00:00:00+00:00,LZ_RAYBN,2026-01-08 09:00:00+00:00,14.7175,17.51544,8.550396,26.96223
ElecFMV6,2026-01-08 00:00:00+00:00,LZ_RAYBN,2026-01-08 10:00:00+00:00,14.402499999999998,19.50281,10.545844,29.26569
ElecFMV6,2026-01-08 00:00:00+00:00,LZ_RAYBN,2026-01-08 11:00:00+00:00,19.203333333333333,20.768633,11.528179,30.83371
ElecFMV6,2026-01-08 00:00:00+00:00,LZ_RAYBN,2026-01-08 12:00:00+00:00,24.691666666666663,20.6424,11.4265585,31.009815
ElecFMV6,2026-01-08 00:00:00+00:00,LZ_RAYBN,2026-01-08 13:00:00+00:00,27.8925,21.308788,12.13264,32.118134
ElecFMV6,2026-01-08 00:00:00+00:00,LZ_RAYBN,2026-01-08 14:00:00+00:00,25.506666666666664,19.022738,9.382572,29.985498
ElecFMV6,2026-01-08 00:00:00+00:00,LZ_RAYBN,2026-01-08 15:00:00+00:00,26.02583333333333,17.57457,7.8747673,29.024218
ElecFMV6,2026-01-08 00:00:00+00:00,LZ_RAYBN,2026-01-08 16:00:00+00:00,27.25,16.48963,6.350192,29.097073
ElecFMV6,2026-01-08 00:00:00+00:00,LZ_RAYBN,2026-01-08 17:00:00+00:00,30.224166666666665,16.70448,6.3695364,29.680239
ElecFMV6,2026-01-08 00:00:00+00:00,LZ_RAYBN,2026-01-08 18:00:00+00:00,27.576666666666668,16.507814,5.2612944,30.209717
ElecFMV6,2026-01-08 00:00:00+00:00,LZ_RAYBN,2026-01-08 19:00:00+00:00,26.352500000000003,17.991959,6.0164213,31.418217
ElecFMV6,2026-01-08 00:00:00+00:00,LZ_RAYBN,2026-01-08 20:00:00+00:00,31.21333333333333,19.102951,6.8887815,32.87066
ElecFMV6,2026-01-08 00:00:00+00:00,LZ_RAYBN,2026-01-08 21:00:00+00:00,40.443333333333335,19.933971,7.395504,33.509777
ElecFMV6,2026-01-08 00:00:00+00:00,LZ_RAYBN,2026-01-08 22:00:00+00:00,37.30833333333333,24.604872,12.067636,38.487778
ElecFMV6,2026-01-08 00:00:00+00:00,LZ_RAYBN,2026-01-08 23:00:00+00:00,27.52583333333333,27.380672,14.948465,41.625687
ElecFMV6,2026-01-09 00:00:00+00:00,LZ_LCRA,2026-01-09 00:00:00+00:00,31.36,22.14979,19.065762,25.93649
ElecFMV6,2026-01-09 00:00:00+00:00,LZ_LCRA,2026-01-09 01:00:00+00:00,36.97416666666667,18.076824,14.402534,22.833845
ElecFMV6,2026-01-09 00:00:00+00:00,LZ_LCRA,2026-01-09 02:00:00+00:00,41.83416666666667,14.664277,10.603232,20.061476
ElecFMV6,2026-01-09 00:00:00+00:00,LZ_LCRA,2026-01-09 03:00:00+00:00,49.270833333333336,13.329399,9.049612,18.905628
ElecFMV6,2026-01-09 00:00:00+00:00,LZ_LCRA,2026-01-09 04:00:00+00:00,44.60583333333333,11.264933,6.570842,16.705032
ElecFMV6,2026-01-09 00:00:00+00:00,LZ_LCRA,2026-01-09 05:00:00+00:00,39.36,12.323786,7.159113,17.752626
ElecFMV6,2026-01-09 00:00:00+00:00,LZ_LCRA,2026-01-09 06:00:00+00:00,47.119166666666665,11.00049,5.9512177,17.56912
ElecFMV6,2026-01-09 00:00:00+00:00,LZ_LCRA,2026-01-09 07:00:00+00:00,44.50083333333333,9.369957,3.771,15.857056
ElecFMV6,2026-01-09 00:00:00+00:00,LZ_LCRA,2026-01-09 08:00:00+00:00,37.06666666666667,10.305651,4.071145,16.582201
ElecFMV6,2026-01-09 00:00:00+00:00,LZ_LCRA,2026-01-09 09:00:00+00:00,31.84083333333333,10.477728,3.7356977,16.282465
ElecFMV6,2026-01-09 00:00:00+00:00,LZ_LCRA,2026-01-09 10:00:00+00:00,28.05333333333333,9.541613,2.7480593,15.584873
ElecFMV6,2026-01-09 00:00:00+00:00,LZ_LCRA,2026-01-09 11:00:00+00:00,33.219166666666666,11.705017,5.04601,18.032995
ElecFMV6,2026-01-09 00:00:00+00:00,LZ_LCRA,2026-01-09 12:00:00+00:00,38.35583333333333,12.7721195,5.821066,18.761353
ElecFMV6,2026-01-09 00:00:00+00:00,LZ_LCRA,2026-01-09 13:00:00+00:00,49.03833333333333,14.664852,7.693048,20.90691
ElecFMV6,2026-01-09 00:00:00+00:00,LZ_LCRA,2026-01-09 14:00:00+00:00,56.156666666666666,9.881367,2.8852587,16.438374
ElecFMV6,2026-01-09 00:00:00+00:00,LZ_LCRA,2026-01-09 15:00:00+00:00,27.05,6.4330025,-0.14094734,12.567097
ElecFMV6,2026-01-09 00:00:00+00:00,LZ_LCRA,2026-01-09 16:00:00+00:00,23.785,5.1424713,-1.8941793,11.083765
ElecFMV6,2026-01-09 00:00:00+00:00,LZ_LCRA,2026-01-09 17:00:00+00:00,21.225,5.3625154,-1.517808,11.051512
ElecFMV6,2026-01-09 00:00:00+00:00,LZ_LCRA,2026-01-09 18:00:00+00:00,20.0225,4.166877,-2.9906168,10.123762
ElecFMV6,2026-01-09 00:00:00+00:00,LZ_LCRA,2026-01-09 19:00:00+00:00,19.44083333333333,5.459462,-1.3426962,11.240177
ElecFMV6,2026-01-09 00:00:00+00:00,LZ_LCRA,2026-01-09 20:00:00+00:00,20.55583333333333,5.744631,-1.2515497,11.679648
ElecFMV6,2026-01-09 00:00:00+00:00,LZ_LCRA,2026-01-09 21:00:00+00:00,21.84166666666667,7.986508,0.63281536,14.161742
ElecFMV6,2026-01-09 00:00:00+00:00,LZ_LCRA,2026-01-09 22:00:00+00:00,24.44833333333333,15.988121,8.158414,22.841532
ElecFMV6,2026-01-09 00:00:00+00:00,LZ_LCRA,2026-01-09 23:00:00+00:00,27.53,17.81232,9.576832,25.281872
ElecFMV6,2026-01-09 00:00:00+00:00,LZ_WEST,2026-01-09 00:00:00+00:00,44.432500000000005,35.486362,20.496115,55.915253
ElecFMV6,2026-01-09 00:00:00+00:00,LZ_WEST,2026-01-09 01:00:00+00:00,58.10916666666666,34.145683,15.96485,59.46779
ElecFMV6,2026-01-09 00:00:00+00:00,LZ_WEST,2026-01-09 02:00:00+00:00,59.405,33.06745,13.33527,62.184353
ElecFMV6,2026-01-09 00:00:00+00:00,LZ_WEST,2026-01-09 03:00:00+00:00,63.85583333333333,32.275085,11.501461,63.979
ElecFMV6,2026-01-09 00:00:00+00:00,LZ_WEST,2026-01-09 04:00:00+00:00,74.585,29.849623,8.524526,61.731445
ElecFMV6,2026-01-09 00:00:00+00:00,LZ_WEST,2026-01-09 05:00:00+00:00,100.70416666666668,29.846855,7.425748,61.830826
ElecFMV6,2026-01-09 00:00:00+00:00,LZ_WEST,2026-01-09 06:00:00+00:00,95.03,26.999352,5.6786556,59.65462
ElecFMV6,2026-01-09 00:00:00+00:00,LZ_WEST,2026-01-09 07:00:00+00:00,66.12333333333333,22.565449,2.4988308,54.00685
ElecFMV6,2026-01-09 00:00:00+00:00,LZ_WEST,2026-01-09 08:00:00+00:00,63.32916666666667,19.866184,0.9782238,49.09149
ElecFMV6,2026-01-09 00:00:00+00:00,LZ_WEST,2026-01-09 09:00:00+00:00,53.57416666666666,19.389482,1.9802837,47.07627
ElecFMV6,2026-01-09 00:00:00+00:00,LZ_WEST,2026-01-09 10:00:00+00:00,52.41583333333333,19.492992,2.8755627,47.346706
ElecFMV6,2026-01-09 00:00:00+00:00,LZ_WEST,2026-01-09 11:00:00+00:00,57.94416666666667,20.690271,4.588896,49.2623
ElecFMV6,2026-01-09 00:00:00+00:00,LZ_WEST,2026-01-09 12:00:00+00:00,48.03416666666666,20.724283,4.786215,48.643578
ElecFMV6,2026-01-09 00:00:00+00:00,LZ_WEST,2026-01-09 13:00:00+00:00,50.3575,19.054886,4.0176964,46.10785
ElecFMV6,2026-01-09 00:00:00+00:00,LZ_WEST,2026-01-09 14:00:00+00:00,56.156666666666666,14.944682,-0.036958694,41.501205
ElecFMV6,2026-01-09 00:00:00+00:00,LZ_WEST,2026-01-09 15:00:00+00:00,24.974166666666665,11.212515,-2.432066,35.905933
ElecFMV6,2026-01-09 00:00:00+00:00,LZ_WEST,2026-01-09 16:00:00+00:00,20.30333333333333,10.343324,-3.6843967,34.769726
ElecFMV6,2026-01-09 00:00:00+00:00,LZ_WEST,2026-01-09 17:00:00+00:00,18.286666666666665,10.601083,-2.4560452,34.665916
ElecFMV6,2026-01-09 00:00:00+00:00,LZ_WEST,2026-01-09 18:00:00+00:00,12.959166666666668,11.20208,-2.786644,36.811424
ElecFMV6,2026-01-09 00:00:00+00:00,LZ_WEST,2026-01-09 19:00:00+00:00,11.985833333333334,10.620965,-3.9753075,36.49733
ElecFMV6,2026-01-09 00:00:00+00:00,LZ_WEST,2026-01-09 20:00:00+00:00,12.235,12.221507,-2.5146465,38.75868
ElecFMV6,2026-01-09 00:00:00+00:00,LZ_WEST,2026-01-09 21:00:00+00:00,4.430833333333333,15.533583,-0.11725807,42.525078
ElecFMV6,2026-01-09 00:00:00+00:00,LZ_WEST,2026-01-09 22:00:00+00:00,11.551666666666668,20.531492,3.020279,49.057724
ElecFMV6,2026-01-09 00:00:00+00:00,LZ_WEST,2026-01-09 23:00:00+00:00,27.51833333333333,26.717066,8.113778,56.554573
ElecFMV6,2026-01-09 00:00:00+00:00,LZ_RAYBN,2026-01-09 00:00:00+00:00,31.08833333333333,25.07389,18.918192,33.550644
ElecFMV6,2026-01-09 00:00:00+00:00,LZ_RAYBN,2026-01-09 01:00:00+00:00,35.4775,26.50085,18.985023,36.88305
ElecFMV6,2026-01-09 00:00:00+00:00,LZ_RAYBN,2026-01-09 02:00:00+00:00,40.5925,26.117418,17.582481,37.556923
ElecFMV6,2026-01-09 00:00:00+00:00,LZ_RAYBN,2026-01-09 03:00:00+00:00,47.59833333333333,24.481377,15.089111,36.570347
ElecFMV6,2026-01-09 00:00:00+00:00,LZ_RAYBN,2026-01-09 04:00:00+00:00,39.75083333333333,22.839401,13.080492,35.358276
ElecFMV6,2026-01-09 00:00:00+00:00,LZ_RAYBN,2026-01-09 05:00:00+00:00,29.47833333333333,22.101809,11.731781,34.95636
ElecFMV6,2026-01-09 00:00:00+00:00,LZ_RAYBN,2026-01-09 06:00:00+00:00,39.44916666666666,21.224257,10.696203,34.66889
ElecFMV6,2026-01-09 00:00:00+00:00,LZ_RAYBN,2026-01-09 07:00:00+00:00,41.031666666666666,20.029346,9.515705,33.72583
ElecFMV6,2026-01-09 00:00:00+00:00,LZ_RAYBN,2026-01-09 08:00:00+00:00,32.854166666666664,19.56263,8.504066,33.112717
ElecFMV6,2026-01-09 00:00:00+00:00,LZ_RAYBN,2026-01-09 09:00:00+00:00,29.846666666666668,19.25352,7.914253,32.61747
ElecFMV6,2026-01-09 00:00:00+00:00,LZ_RAYBN,2026-01-09 10:00:00+00:00,29.364166666666662,19.607756,8.019014,33.091278
ElecFMV6,2026-01-09 00:00:00+00:00,LZ_RAYBN,2026-01-09 11:00:00+00:00,29.24416666666667,20.760727,8.937623,34.52054
ElecFMV6,2026-01-09 00:00:00+00:00,LZ_RAYBN,2026-01-09 12:00:00+00:00,37.04,20.907824,9.210326,35.05728
ElecFMV6,2026-01-09 00:00:00+00:00,LZ_RAYBN,2026-01-09 13:00:00+00:00,48.95166666666666,21.07308,9.468511,35.379143
ElecFMV6,2026-01-09 00:00:00+00:00,LZ_RAYBN,2026-01-09 14:00:00+00:00,56.156666666666666,19.916136,7.8568764,34.651596
ElecFMV6,2026-01-09 00:00:00+00:00,LZ_RAYBN,2026-01-09 15:00:00+00:00,26.636666666666667,18.945477,6.7418737,33.671535
ElecFMV6,2026-01-09 00:00:00+00:00,LZ_RAYBN,2026-01-09 16:00:00+00:00,23.1,17.558432,5.4335785,32.770462
ElecFMV6,2026-01-09 00:00:00+00:00,LZ_RAYBN,2026-01-09 17:00:00+00:00,20.645,17.34682,5.4347334,32.688297
ElecFMV6,2026-01-09 00:00:00+00:00,LZ_RAYBN,2026-01-09 18:00:00+00:00,18.64333333333333,17.952051,5.3803835,34.074944
ElecFMV6,2026-01-09 00:00:00+00:00,LZ_RAYBN,2026-01-09 19:00:00+00:00,17.923333333333332,18.372463,5.498048,33.845913
ElecFMV6,2026-01-09 00:00:00+00:00,LZ_RAYBN,2026-01-09 20:00:00+00:00,19.14583333333333,18.593885,5.781293,34.1261
ElecFMV6,2026-01-09 00:00:00+00:00,LZ_RAYBN,2026-01-09 21:00:00+00:00,19.67,18.742918,5.829747,33.978157
ElecFMV6,2026-01-09 00:00:00+00:00,LZ_RAYBN,2026-01-09 22:00:00+00:00,24.58583333333333,19.743809,6.910447,35.231483
ElecFMV6,2026-01-09 00:00:00+00:00,LZ_RAYBN,2026-01-09 23:00:00+00:00,27.53,20.571987,8.121619,36.616676
ElecFMV6,2026-01-10 00:00:00+00:00,LZ_LCRA,2026-01-10 00:00:00+00:00,28.174166666666665,29.50116,25.360073,35.416275
ElecFMV6,2026-01-10 00:00:00+00:00,LZ_LCRA,2026-01-10 01:00:00+00:00,31.256666666666664,29.809746,24.13229,37.769737
ElecFMV6,2026-01-10 00:00:00+00:00,LZ_LCRA,2026-01-10 02:00:00+00:00,21.83083333333333,29.819168,22.683819,39.320854
ElecFMV6,2026-01-10 00:00:00+00:00,LZ_LCRA,2026-01-10 03:00:00+00:00,15.506666666666666,28.107357,20.332502,38.39798
ElecFMV6,2026-01-10 00:00:00+00:00,LZ_LCRA,2026-01-10 04:00:00+00:00,15.31,27.572338,19.40966,38.131493
ElecFMV6,2026-01-10 00:00:00+00:00,LZ_LCRA,2026-01-10 05:00:00+00:00,14.084166666666668,27.210537,17.848747,37.371742
ElecFMV6,2026-01-10 00:00:00+00:00,LZ_LCRA,2026-01-10 06:00:00+00:00,11.329166666666666,25.165688,15.60375,37.11038
ElecFMV6,2026-01-10 00:00:00+00:00,LZ_LCRA,2026-01-10 07:00:00+00:00,8.310833333333333,22.425697,12.610523,34.981056
ElecFMV6,2026-01-10 00:00:00+00:00,LZ_LCRA,2026-01-10 08:00:00+00:00,6.241666666666667,20.547297,9.141731,33.06397
ElecFMV6,2026-01-10 00:00:00+00:00,LZ_LCRA,2026-01-10 09:00:00+00:00,5.63,20.799198,9.095055,32.706055
ElecFMV6,2026-01-10 00:00:00+00:00,LZ_LCRA,2026-01-10 10:00:00+00:00,5.200833333333334,22.197731,9.683111,35.09832
ElecFMV6,2026-01-10 00:00:00+00:00,LZ_LCRA,2026-01-10 11:00:00+00:00,4.774166666666667,23.10841,10.452955,36.55442
ElecFMV6,2026-01-10 00:00:00+00:00,LZ_LCRA,2026-01-10 12:00:00+00:00,5.991666666666667,23.451544,11.060413,36.70923
ElecFMV6,2026-01-10 00:00:00+00:00,LZ_LCRA,2026-01-10 13:00:00+00:00,8.772499999999999,25.72961,13.770384,39.2067
ElecFMV6,2026-01-10 00:00:00+00:00,LZ_LCRA,2026-01-10 14:00:00+00:00,3.090833333333333,22.752794,10.52205,36.44905
ElecFMV6,2026-01-10 00:00:00+00:00,LZ_LCRA,2026-01-10 15:00:00+00:00,-2.518333333333333,18.293474,6.8642893,31.26031
ElecFMV6,2026-01-10 00:00:00+00:00,LZ_LCRA,2026-01-10 16:00:00+00:00,-1.9766666666666663,15.066797,3.4126368,28.45008
ElecFMV6,2026-01-10 00:00:00+00:00,LZ_LCRA,2026-01-10 17:00:00+00:00,-3.6491666666666656,15.49101,5.0613356,29.075794
ElecFMV6,2026-01-10 00:00:00+00:00,LZ_LCRA,2026-01-10 18:00:00+00:00,-6.989999999999999,15.185713,4.2934647,30.250526
ElecFMV6,2026-01-10 00:00:00+00:00,LZ_LCRA,2026-01-10 19:00:00+00:00,-10.1025,15.852838,5.146491,30.02029
ElecFMV6,2026-01-10 00:00:00+00:00,LZ_LCRA,2026-01-10 20:00:00+00:00,-10.073333333333332,14.626984,4.1682034,29.134754
ElecFMV6,2026-01-10 00:00:00+00:00,LZ_LCRA,2026-01-10 21:00:00+00:00,-7.991666666666667,16.923729,6.495654,30.831585
ElecFMV6,2026-01-10 00:00:00+00:00,LZ_LCRA,2026-01-10 22:00:00+00:00,-0.4391666666666666,22.747993,12.149355,37.08792
ElecFMV6,2026-01-10 00:00:00+00:00,LZ_LCRA,2026-01-10 23:00:00+00:00,30.866666666666664,23.919874,13.2274475,38.845673
ElecFMV6,2026-01-10 00:00:00+00:00,LZ_WEST,2026-01-10 00:00:00+00:00,28.161666666666665,33.9725,24.161457,50.73242
ElecFMV6,2026-01-10 00:00:00+00:00,LZ_WEST,2026-01-10 01:00:00+00:00,31.23583333333333,35.8875,23.532564,58.128876
ElecFMV6,2026-01-10 00:00:00+00:00,LZ_WEST,2026-01-10 02:00:00+00:00,16.375,34.80293,21.065075,60.458122
ElecFMV6,2026-01-10 00:00:00+00:00,LZ_WEST,2026-01-10 03:00:00+00:00,6.369166666666668,35.443798,20.513103,63.00625
ElecFMV6,2026-01-10 00:00:00+00:00,LZ_WEST,2026-01-10 04:00:00+00:00,8.219166666666668,36.344894,20.278622,65.41837
ElecFMV6,2026-01-10 00:00:00+00:00,LZ_WEST,2026-01-10 05:00:00+00:00,1.115,34.49664,16.656734,63.651436
ElecFMV6,2026-01-10 00:00:00+00:00,LZ_WEST,2026-01-10 06:00:00+00:00,1.31,31.272621,14.135587,60.800903
ElecFMV6,2026-01-10 00:00:00+00:00,LZ_WEST,2026-01-10 07:00:00+00:00,1.5316666666666665,26.696918,9.764114,56.438736
ElecFMV6,2026-01-10 00:00:00+00:00,LZ_WEST,2026-01-10 08:00:00+00:00,0.5958333333333333,22.87917,5.19713,51.79433
ElecFMV6,2026-01-10 00:00:00+00:00,LZ_WEST,2026-01-10 09:00:00+00:00,0.2216666666666666,22.146172,4.6539974,50.78673
ElecFMV6,2026-01-10 00:00:00+00:00,LZ_WEST,2026-01-10 10:00:00+00:00,0.0633333333333333,23.397268,5.658621,51.95712
ElecFMV6,2026-01-10 00:00:00+00:00,LZ_WEST,2026-01-10 11:00:00+00:00,0.3083333333333333,25.135466,7.6960354,54.289665
ElecFMV6,2026-01-10 00:00:00+00:00,LZ_WEST,2026-01-10 12:00:00+00:00,1.5333333333333332,25.742783,8.807217,53.585712
ElecFMV6,2026-01-10 00:00:00+00:00,LZ_WEST,2026-01-10 13:00:00+00:00,6.13,26.182676,10.485111,53.262306
ElecFMV6,2026-01-10 00:00:00+00:00,LZ_WEST,2026-01-10 14:00:00+00:00,1.419166666666667,23.360043,7.549505,49.089348
ElecFMV6,2026-01-10 00:00:00+00:00,LZ_WEST,2026-01-10 15:00:00+00:00,-1.7916666666666667,17.998934,2.5548515,42.44739
ElecFMV6,2026-01-10 00:00:00+00:00,LZ_WEST,2026-01-10 16:00:00+00:00,-1.3133333333333332,14.618588,-0.86771584,38.838924
ElecFMV6,2026-01-10 00:00:00+00:00,LZ_WEST,2026-01-10 17:00:00+00:00,-2.526666666666667,14.443536,-0.08979225,38.99623
ElecFMV6,2026-01-10 00:00:00+00:00,LZ_WEST,2026-01-10 18:00:00+00:00,-4.494166666666667,14.747165,-0.27059174,40.151566
ElecFMV6,2026-01-10 00:00:00+00:00,LZ_WEST,2026-01-10 19:00:00+00:00,-5.864166666666667,15.335494,-0.5217991,40.19599
ElecFMV6,2026-01-10 00:00:00+00:00,LZ_WEST,2026-01-10 20:00:00+00:00,-6.280833333333334,15.764359,-0.017971039,41.07727
ElecFMV6,2026-01-10 00:00:00+00:00,LZ_WEST,2026-01-10 21:00:00+00:00,-6.389166666666667,18.035355,1.3212776,43.650784
ElecFMV6,2026-01-10 00:00:00+00:00,LZ_WEST,2026-01-10 22:00:00+00:00,-0.1858333333333333,22.783283,5.23238,49.05967
ElecFMV6,2026-01-10 00:00:00+00:00,LZ_WEST,2026-01-10 23:00:00+00:00,33.983333333333334,26.393211,8.772688,54.09588
ElecFMV6,2026-01-10 00:00:00+00:00,LZ_RAYBN,2026-01-10 00:00:00+00:00,28.174166666666665,27.548372,24.231098,32.160507
ElecFMV6,2026-01-10 00:00:00+00:00,LZ_RAYBN,2026-01-10 01:00:00+00:00,31.256666666666664,29.315708,24.079462,36.24754
ElecFMV6,2026-01-10 00:00:00+00:00,LZ_RAYBN,2026-01-10 02:00:00+00:00,28.339166666666667,29.710642,22.986052,38.514656
ElecFMV6,2026-01-10 00:00:00+00:00,LZ_RAYBN,2026-01-10 03:00:00+00:00,26.868333333333336,28.944965,21.31092,38.995285
ElecFMV6,2026-01-10 00:00:00+00:00,LZ_RAYBN,2026-01-10 04:00:00+00:00,24.015833333333333,25.770088,17.763851,36.696865
ElecFMV6,2026-01-10 00:00:00+00:00,LZ_RAYBN,2026-01-10 05:00:00+00:00,22.08833333333333,23.440552,14.676424,34.622192
ElecFMV6,2026-01-10 00:00:00+00:00,LZ_RAYBN,2026-01-10 06:00:00+00:00,19.1275,22.849699,13.581584,34.83655
ElecFMV6,2026-01-10 00:00:00+00:00,LZ_RAYBN,2026-01-10 07:00:00+00:00,15.066666666666668,21.54489,12.109683,33.981007
ElecFMV6,2026-01-10 00:00:00+00:00,LZ_RAYBN,2026-01-10 08:00:00+00:00,12.118333333333332,20.167274,10.019038,32.79696
ElecFMV6,2026-01-10 00:00:00+00:00,LZ_RAYBN,2026-01-10 09:00:00+00:00,11.2075,20.298145,9.784626,32.693535
ElecFMV6,2026-01-10 00:00:00+00:00,LZ_RAYBN,2026-01-10 10:00:00+00:00,10.588333333333331,21.962128,11.377472,34.49335
ElecFMV6,2026-01-10 00:00:00+00:00,LZ_RAYBN,2026-01-10 11:00:00+00:00,9.6775,22.976334,12.318943,35.031986
ElecFMV6,2026-01-10 00:00:00+00:00,LZ_RAYBN,2026-01-10 12:00:00+00:00,10.94,22.997398,12.708568,35.18729
ElecFMV6,2026-01-10 00:00:00+00:00,LZ_RAYBN,2026-01-10 13:00:00+00:00,11.838333333333331,25.018282,14.812655,37.126255
ElecFMV6,2026-01-10 00:00:00+00:00,LZ_RAYBN,2026-01-10 14:00:00+00:00,4.9675,23.657495,13.254543,35.81826
ElecFMV6,2026-01-10 00:00:00+00:00,LZ_RAYBN,2026-01-10 15:00:00+00:00,12.6975,21.56706,11.254691,33.25275
ElecFMV6,2026-01-10 00:00:00+00:00,LZ_RAYBN,2026-01-10 16:00:00+00:00,9.148333333333332,20.117664,10.130705,31.720778
ElecFMV6,2026-01-10 00:00:00+00:00,LZ_RAYBN,2026-01-10 17:00:00+00:00,1.024166666666667,20.103992,10.812886,31.762234
ElecFMV6,2026-01-10 00:00:00+00:00,LZ_RAYBN,2026-01-10 18:00:00+00:00,-5.275,19.844564,10.254478,32.308346
ElecFMV6,2026-01-10 00:00:00+00:00,LZ_RAYBN,2026-01-10 19:00:00+00:00,-9.125833333333334,20.426783,10.901105,32.505928
ElecFMV6,2026-01-10 00:00:00+00:00,LZ_RAYBN,2026-01-10 20:00:00+00:00,-9.159166666666666,20.717487,11.320609,33.16365
ElecFMV6,2026-01-10 00:00:00+00:00,LZ_RAYBN,2026-01-10 21:00:00+00:00,-7.341666666666666,21.836271,12.27586,33.924126
ElecFMV6,2026-01-10 00:00:00+00:00,LZ_RAYBN,2026-01-10 22:00:00+00:00,-0.4775,24.974789,15.299077,36.99804
ElecFMV6,2026-01-10 00:00:00+00:00,LZ_RAYBN,2026-01-10 23:00:00+00:00,31.38,26.323133,16.568146,38.692406
ElecFMV6,2026-01-11 00:00:00+00:00,LZ_LCRA,2026-01-11 00:00:00+00:00,26.01833333333333,27.614931,17.513565,37.888954
ElecFMV6,2026-01-11 00:00:00+00:00,LZ_LCRA,2026-01-11 01:00:00+00:00,22.313333333333333,24.078623,11.603844,37.31064
ElecFMV6,2026-01-11 00:00:00+00:00,LZ_LCRA,2026-01-11 02:00:00+00:00,21.08333333333333,20.534153,6.4480295,36.31659
ElecFMV6,2026-01-11 00:00:00+00:00,LZ_LCRA,2026-01-11 03:00:00+00:00,21.17833333333333,17.305681,2.2595043,34.86958
ElecFMV6,2026-01-11 00:00:00+00:00,LZ_LCRA,2026-01-11 04:00:00+00:00,19.76833333333333,15.967907,0.73906326,34.994713
ElecFMV6,2026-01-11 00:00:00+00:00,LZ_LCRA,2026-01-11 05:00:00+00:00,18.969166666666663,14.626919,-0.8040714,34.698193
ElecFMV6,2026-01-11 00:00:00+00:00,LZ_LCRA,2026-01-11 06:00:00+00:00,19.856666666666666,13.933664,-1.7892876,35.79325
ElecFMV6,2026-01-11 00:00:00+00:00,LZ_LCRA,2026-01-11 07:00:00+00:00,20.0225,14.476121,-2.208664,36.97616
ElecFMV6,2026-01-11 00:00:00+00:00,LZ_LCRA,2026-01-11 08:00:00+00:00,21.535,14.117141,-3.225912,37.542297
ElecFMV6,2026-01-11 00:00:00+00:00,LZ_LCRA,2026-01-11 09:00:00+00:00,17.521666666666665,15.4384165,-2.396593,39.597786
ElecFMV6,2026-01-11 00:00:00+00:00,LZ_LCRA,2026-01-11 10:00:00+00:00,17.7975,16.91861,-1.0667,42.25528
ElecFMV6,2026-01-11 00:00:00+00:00,LZ_LCRA,2026-01-11 11:00:00+00:00,19.645,18.75981,1.1849403,43.359245
ElecFMV6,2026-01-11 00:00:00+00:00,LZ_LCRA,2026-01-11 12:00:00+00:00,21.88416666666667,19.671879,2.1346655,43.70807
ElecFMV6,2026-01-11 00:00:00+00:00,LZ_LCRA,2026-01-11 13:00:00+00:00,24.624166666666667,20.195107,2.8690958,44.43242
ElecFMV6,2026-01-11 00:00:00+00:00,LZ_LCRA,2026-01-11 14:00:00+00:00,20.444166666666664,16.634657,-0.70565414,40.80486
ElecFMV6,2026-01-11 00:00:00+00:00,LZ_LCRA,2026-01-11 15:00:00+00:00,13.393333333333333,12.833879,-3.8681126,36.791054
ElecFMV6,2026-01-11 00:00:00+00:00,LZ_LCRA,2026-01-11 16:00:00+00:00,11.978333333333332,11.750616,-5.6426315,34.802757
ElecFMV6,2026-01-11 00:00:00+00:00,LZ_LCRA,2026-01-11 17:00:00+00:00,12.4625,11.38681,-5.0137863,33.608814
ElecFMV6,2026-01-11 00:00:00+00:00,LZ_LCRA,2026-01-11 18:00:00+00:00,13.77,11.842897,-5.503311,34.44242
ElecFMV6,2026-01-11 00:00:00+00:00,LZ_LCRA,2026-01-11 19:00:00+00:00,13.261666666666663,13.513548,-4.196594,35.68134
ElecFMV6,2026-01-11 00:00:00+00:00,LZ_LCRA,2026-01-11 20:00:00+00:00,14.201666666666666,14.287235,-4.2555943,36.359917
ElecFMV6,2026-01-11 00:00:00+00:00,LZ_LCRA,2026-01-11 21:00:00+00:00,14.304166666666667,17.12525,-1.802866,39.10151
ElecFMV6,2026-01-11 00:00:00+00:00,LZ_LCRA,2026-01-11 22:00:00+00:00,24.2875,19.484428,-0.116659164,41.896645
ElecFMV6,2026-01-11 00:00:00+00:00,LZ_LCRA,2026-01-11 23:00:00+00:00,28.576666666666668,23.411633,3.695548,45.2135
ElecFMV6,2026-01-11 00:00:00+00:00,LZ_WEST,2026-01-11 00:00:00+00:00,53.32,34.625164,13.217798,63.720436
ElecFMV6,2026-01-11 00:00:00+00:00,LZ_WEST,2026-01-11 01:00:00+00:00,56.39416666666667,31.789719,7.7296314,65.58569
ElecFMV6,2026-01-11 00:00:00+00:00,LZ_WEST,2026-01-11 02:00:00+00:00,54.10083333333333,30.877298,6.9889107,67.4468
ElecFMV6,2026-01-11 00:00:00+00:00,LZ_WEST,2026-01-11 03:00:00+00:00,48.42666666666667,29.40738,5.1603107,66.580475
ElecFMV6,2026-01-11 00:00:00+00:00,LZ_WEST,2026-01-11 04:00:00+00:00,53.115833333333335,29.178497,4.629627,66.49367
ElecFMV6,2026-01-11 00:00:00+00:00,LZ_WEST,2026-01-11 05:00:00+00:00,55.305,29.238228,3.6898823,67.27201
ElecFMV6,2026-01-11 00:00:00+00:00,LZ_WEST,2026-01-11 06:00:00+00:00,61.895,25.302263,0.32416344,63.995472
ElecFMV6,2026-01-11 00:00:00+00:00,LZ_WEST,2026-01-11 07:00:00+00:00,61.63,22.151554,-2.6542854,61.930492
ElecFMV6,2026-01-11 00:00:00+00:00,LZ_WEST,2026-01-11 08:00:00+00:00,65.35583333333334,19.473564,-4.176033,58.013885
ElecFMV6,2026-01-11 00:00:00+00:00,LZ_WEST,2026-01-11 09:00:00+00:00,66.8425,19.523113,-3.8592014,57.325844
ElecFMV6,2026-01-11 00:00:00+00:00,LZ_WEST,2026-01-11 10:00:00+00:00,59.91416666666667,19.50447,-3.405264,57.60514
ElecFMV6,2026-01-11 00:00:00+00:00,LZ_WEST,2026-01-11 11:00:00+00:00,58.22166666666666,21.984848,-1.0360565,60.039948
ElecFMV6,2026-01-11 00:00:00+00:00,LZ_WEST,2026-01-11 12:00:00+00:00,52.36083333333334,20.592289,-0.7804165,57.993637
ElecFMV6,2026-01-11 00:00:00+00:00,LZ_WEST,2026-01-11 13:00:00+00:00,52.86000000000001,17.085842,-2.7818832,52.41058
ElecFMV6,2026-01-11 00:00:00+00:00,LZ_WEST,2026-01-11 14:00:00+00:00,34.73,13.38677,-4.609579,46.885128
ElecFMV6,2026-01-11 00:00:00+00:00,LZ_WEST,2026-01-11 15:00:00+00:00,14.985,7.431036,-9.373333,38.474823
ElecFMV6,2026-01-11 00:00:00+00:00,LZ_WEST,2026-01-11 16:00:00+00:00,11.98,6.6913013,-9.003029,36.1476
ElecFMV6,2026-01-11 00:00:00+00:00,LZ_WEST,2026-01-11 17:00:00+00:00,12.4625,7.382519,-7.509102,35.104652
ElecFMV6,2026-01-11 00:00:00+00:00,LZ_WEST,2026-01-11 18:00:00+00:00,13.77,6.71402,-7.3916016,34.883152
ElecFMV6,2026-01-11 00:00:00+00:00,LZ_WEST,2026-01-11 19:00:00+00:00,13.261666666666663,6.058796,-7.160965,34.46823
ElecFMV6,2026-01-11 00:00:00+00:00,LZ_WEST,2026-01-11 20:00:00+00:00,14.201666666666666,8.14566,-4.950754,36.647507
ElecFMV6,2026-01-11 00:00:00+00:00,LZ_WEST,2026-01-11 21:00:00+00:00,14.304166666666667,11.649899,-3.0927982,42.532646
ElecFMV6,2026-01-11 00:00:00+00:00,LZ_WEST,2026-01-11 22:00:00+00:00,27.477500000000003,18.516075,1.7619667,52.498783
ElecFMV6,2026-01-11 00:00:00+00:00,LZ_WEST,2026-01-11 23:00:00+00:00,72.42416666666666,25.394361,6.306526,61.49361
ElecFMV6,2026-01-11 00:00:00+00:00,LZ_RAYBN,2026-01-11 00:00:00+00:00,34.134166666666665,29.509796,17.812418,41.979286
ElecFMV6,2026-01-11 00:00:00+00:00,LZ_RAYBN,2026-01-11 01:00:00+00:00,28.4525,29.277336,14.7519245,44.311234
ElecFMV6,2026-01-11 00:00:00+00:00,LZ_RAYBN,2026-01-11 02:00:00+00:00,25.971666666666668,26.722107,10.577386,43.967068
ElecFMV6,2026-01-11 00:00:00+00:00,LZ_RAYBN,2026-01-11 03:00:00+00:00,26.409166666666664,25.168299,8.092098,43.93141
ElecFMV6,2026-01-11 00:00:00+00:00,LZ_RAYBN,2026-01-11 04:00:00+00:00,26.331666666666667,22.438702,4.4675903,42.083397
ElecFMV6,2026-01-11 00:00:00+00:00,LZ_RAYBN,2026-01-11 05:00:00+00:00,23.95,19.870556,1.1620541,40.285706
ElecFMV6,2026-01-11 00:00:00+00:00,LZ_RAYBN,2026-01-11 06:00:00+00:00,24.578333333333333,17.896282,-0.84244156,39.541515
ElecFMV6,2026-01-11 00:00:00+00:00,LZ_RAYBN,2026-01-11 07:00:00+00:00,24.40083333333333,15.486584,-3.7703953,37.874268
ElecFMV6,2026-01-11 00:00:00+00:00,LZ_RAYBN,2026-01-11 08:00:00+00:00,23.38416666666667,14.00841,-5.591444,36.62194
ElecFMV6,2026-01-11 00:00:00+00:00,LZ_RAYBN,2026-01-11 09:00:00+00:00,19.086666666666662,13.843013,-6.1969967,36.662342
ElecFMV6,2026-01-11 00:00:00+00:00,LZ_RAYBN,2026-01-11 10:00:00+00:00,18.899166666666662,13.317755,-6.747404,36.957943
ElecFMV6,2026-01-11 00:00:00+00:00,LZ_RAYBN,2026-01-11 11:00:00+00:00,20.47,14.673317,-5.5026474,38.078915
ElecFMV6,2026-01-11 00:00:00+00:00,LZ_RAYBN,2026-01-11 12:00:00+00:00,20.9875,15.038799,-4.88698,38.21778
ElecFMV6,2026-01-11 00:00:00+00:00,LZ_RAYBN,2026-01-11 13:00:00+00:00,21.5625,15.396782,-4.566122,38.965374
ElecFMV6,2026-01-11 00:00:00+00:00,LZ_RAYBN,2026-01-11 14:00:00+00:00,17.415833333333335,14.768572,-5.646372,37.685684
ElecFMV6,2026-01-11 00:00:00+00:00,LZ_RAYBN,2026-01-11 15:00:00+00:00,12.605,14.050695,-5.650543,37.11663
ElecFMV6,2026-01-11 00:00:00+00:00,LZ_RAYBN,2026-01-11 16:00:00+00:00,11.978333333333332,13.260689,-6.32263,35.933994
ElecFMV6,2026-01-11 00:00:00+00:00,LZ_RAYBN,2026-01-11 17:00:00+00:00,12.4625,12.162413,-6.8178253,34.569096
ElecFMV6,2026-01-11 00:00:00+00:00,LZ_RAYBN,2026-01-11 18:00:00+00:00,13.77,11.936535,-7.016815,34.21338
ElecFMV6,2026-01-11 00:00:00+00:00,LZ_RAYBN,2026-01-11 19:00:00+00:00,13.261666666666663,11.99321,-6.974741,34.104668
ElecFMV6,2026-01-11 00:00:00+00:00,LZ_RAYBN,2026-01-11 20:00:00+00:00,14.201666666666666,13.00204,-5.488819,34.333397
ElecFMV6,2026-01-11 00:00:00+00:00,LZ_RAYBN,2026-01-11 21:00:00+00:00,14.304166666666667,15.438397,-3.3685608,35.843662
ElecFMV6,2026-01-11 00:00:00+00:00,LZ_RAYBN,2026-01-11 22:00:00+00:00,26.26083333333333,17.588007,-1.2269688,38.161667
ElecFMV6,2026-01-11 00:00:00+00:00,LZ_RAYBN,2026-01-11 23:00:00+00:00,50.564166666666665,20.776928,1.90205,40.824074
ElecFMV6,2026-01-12 00:00:00+00:00,LZ_LCRA,2026-01-12 00:00:00+00:00,26.639166666666668,28.100912,23.64341,33.734516
ElecFMV6,2026-01-12 00:00:00+00:00,LZ_LCRA,2026-01-12 01:00:00+00:00,24.85,26.330925,20.40491,33.546185
ElecFMV6,2026-01-12 00:00:00+00:00,LZ_LCRA,2026-01-12 02:00:00+00:00,25.60833333333333,24.76007,17.527122,33.20551
ElecFMV6,2026-01-12 00:00:00+00:00,LZ_LCRA,2026-01-12 03:00:00+00:00,24.74416666666667,23.91743,16.092594,32.878822
ElecFMV6,2026-01-12 00:00:00+00:00,LZ_LCRA,2026-01-12 04:00:00+00:00,22.25916666666667,22.018255,13.940813,31.662306
ElecFMV6,2026-01-12 00:00:00+00:00,LZ_LCRA,2026-01-12 05:00:00+00:00,22.845,20.801315,11.964342,30.842735
ElecFMV6,2026-01-12 00:00:00+00:00,LZ_LCRA,2026-01-12 06:00:00+00:00,20.684166666666663,19.333883,10.357933,30.305607
ElecFMV6,2026-01-12 00:00:00+00:00,LZ_LCRA,2026-01-12 07:00:00+00:00,21.0925,17.371096,7.836361,28.81805
ElecFMV6,2026-01-12 00:00:00+00:00,LZ_LCRA,2026-01-12 08:00:00+00:00,19.915000000000003,16.210396,5.9690228,27.326096
ElecFMV6,2026-01-12 00:00:00+00:00,LZ_LCRA,2026-01-12 09:00:00+00:00,21.73583333333333,14.856311,4.2737875,26.157463
ElecFMV6,2026-01-12 00:00:00+00:00,LZ_LCRA,2026-01-12 10:00:00+00:00,21.485,15.451421,4.8195505,27.529907
ElecFMV6,2026-01-12 00:00:00+00:00,LZ_LCRA,2026-01-12 11:00:00+00:00,28.816666666666663,17.039433,6.1064672,28.82531
ElecFMV6,2026-01-12 00:00:00+00:00,LZ_LCRA,2026-01-12 12:00:00+00:00,21.2175,18.594511,6.9825535,29.959204
ElecFMV6,2026-01-12 00:00:00+00:00,LZ_LCRA,2026-01-12 13:00:00+00:00,23.366666666666664,19.399105,7.69963,31.022255
ElecFMV6,2026-01-12 00:00:00+00:00,LZ_LCRA,2026-01-12 14:00:00+00:00,26.99,16.834862,5.264901,29.167583
ElecFMV6,2026-01-12 00:00:00+00:00,LZ_LCRA,2026-01-12 15:00:00+00:00,22.035,14.550258,2.8649454,26.514284
ElecFMV6,2026-01-12 00:00:00+00:00,LZ_LCRA,2026-01-12 16:00:00+00:00,23.871666666666663,13.811159,1.9448891,26.171494
ElecFMV6,2026-01-12 00:00:00+00:00,LZ_LCRA,2026-01-12 17:00:00+00:00,20.91333333333333,13.728755,2.1757412,25.911566
ElecFMV6,2026-01-12 00:00:00+00:00,LZ_LCRA,2026-01-12 18:00:00+00:00,17.808333333333334,13.842264,1.905426,27.052612
ElecFMV6,2026-01-12 00:00:00+00:00,LZ_LCRA,2026-01-12 19:00:00+00:00,16.799166666666668,13.4044485,1.3825436,26.431408
ElecFMV6,2026-01-12 00:00:00+00:00,LZ_LCRA,2026-01-12 20:00:00+00:00,16.43,13.760219,1.3026714,26.898895
ElecFMV6,2026-01-12 00:00:00+00:00,LZ_LCRA,2026-01-12 21:00:00+00:00,14.516666666666666,15.449695,2.430358,28.364069
ElecFMV6,2026-01-12 00:00:00+00:00,LZ_LCRA,2026-01-12 22:00:00+00:00,24.00333333333333,18.895908,4.9933605,32.558334
ElecFMV6,2026-01-12 00:00:00+00:00,LZ_LCRA,2026-01-12 23:00:00+00:00,29.655833333333337,22.659988,8.026211,36.686012
ElecFMV6,2026-01-12 00:00:00+00:00,LZ_WEST,2026-01-12 00:00:00+00:00,83.65166666666667,70.47043,52.595257,95.0655
ElecFMV6,2026-01-12 00:00:00+00:00,LZ_WEST,2026-01-12 01:00:00+00:00,61.53916666666667,65.45771,43.360588,95.115654
ElecFMV6,2026-01-12 00:00:00+00:00,LZ_WEST,2026-01-12 02:00:00+00:00,61.72583333333333,60.083023,36.627956,91.555695
ElecFMV6,2026-01-12 00:00:00+00:00,LZ_WEST,2026-01-12 03:00:00+00:00,64.44666666666667,52.79495,28.844807,85.37358
ElecFMV6,2026-01-12 00:00:00+00:00,LZ_WEST,2026-01-12 04:00:00+00:00,69.57583333333334,49.833916,25.652693,82.06583
ElecFMV6,2026-01-12 00:00:00+00:00,LZ_WEST,2026-01-12 05:00:00+00:00,64.9025,49.248077,23.05015,82.353165
ElecFMV6,2026-01-12 00:00:00+00:00,LZ_WEST,2026-01-12 06:00:00+00:00,62.755,46.08248,19.55663,81.75908
ElecFMV6,2026-01-12 00:00:00+00:00,LZ_WEST,2026-01-12 07:00:00+00:00,60.86083333333334,41.827137,15.354836,79.938705
ElecFMV6,2026-01-12 00:00:00+00:00,LZ_WEST,2026-01-12 08:00:00+00:00,58.6075,39.27926,12.331993,76.75462
ElecFMV6,2026-01-12 00:00:00+00:00,LZ_WEST,2026-01-12 09:00:00+00:00,60.74916666666667,36.097607,9.4765415,72.72863
ElecFMV6,2026-01-12 00:00:00+00:00,LZ_WEST,2026-01-12 10:00:00+00:00,67.03166666666667,35.3552,9.092899,70.93764
ElecFMV6,2026-01-12 00:00:00+00:00,LZ_WEST,2026-01-12 11:00:00+00:00,72.11749999999999,38.196392,12.915352,74.20566
ElecFMV6,2026-01-12 00:00:00+00:00,LZ_WEST,2026-01-12 12:00:00+00:00,71.94916666666667,35.5434,10.945217,68.99756
ElecFMV6,2026-01-12 00:00:00+00:00,LZ_WEST,2026-01-12 13:00:00+00:00,82.62,33.602676,9.2985935,66.744835
ElecFMV6,2026-01-12 00:00:00+00:00,LZ_WEST,2026-01-12 14:00:00+00:00,48.58833333333333,27.146221,3.662344,58.905563
ElecFMV6,2026-01-12 00:00:00+00:00,LZ_WEST,2026-01-12 15:00:00+00:00,31.49,20.212769,-1.3687706,51.407272
ElecFMV6,2026-01-12 00:00:00+00:00,LZ_WEST,2026-01-12 16:00:00+00:00,36.6075,19.851086,-1.7985687,49.390274
ElecFMV6,2026-01-12 00:00:00+00:00,LZ_WEST,2026-01-12 17:00:00+00:00,28.3375,17.269575,-2.4024715,46.932762
ElecFMV6,2026-01-12 00:00:00+00:00,LZ_WEST,2026-01-12 18:00:00+00:00,27.04833333333333,17.13208,-3.1030083,48.286118
ElecFMV6,2026-01-12 00:00:00+00:00,LZ_WEST,2026-01-12 19:00:00+00:00,27.043333333333333,16.993057,-3.2555351,47.96929
ElecFMV6,2026-01-12 00:00:00+00:00,LZ_WEST,2026-01-12 20:00:00+00:00,25.85083333333333,19.284008,-1.5355549,49.86198
ElecFMV6,2026-01-12 00:00:00+00:00,LZ_WEST,2026-01-12 21:00:00+00:00,21.29083333333333,20.180595,-1.4905434,51.752075
ElecFMV6,2026-01-12 00:00:00+00:00,LZ_WEST,2026-01-12 22:00:00+00:00,34.12833333333334,25.695332,2.6006165,59.10845
ElecFMV6,2026-01-12 00:00:00+00:00,LZ_WEST,2026-01-12 23:00:00+00:00,64.72416666666668,33.171173,8.163752,67.59532
ElecFMV6,2026-01-12 00:00:00+00:00,LZ_RAYBN,2026-01-12 00:00:00+00:00,44.83916666666666,42.733635,33.207634,54.100002
ElecFMV6,2026-01-12 00:00:00+00:00,LZ_RAYBN,2026-01-12 01:00:00+00:00,38.469166666666666,40.258224,29.363129,53.611023
ElecFMV6,2026-01-12 00:00:00+00:00,LZ_RAYBN,2026-01-12 02:00:00+00:00,37.3675,37.965897,26.509132,52.764526
ElecFMV6,2026-01-12 00:00:00+00:00,LZ_RAYBN,2026-01-12 03:00:00+00:00,32.345,36.793945,25.383902,52.02388
ElecFMV6,2026-01-12 00:00:00+00:00,LZ_RAYBN,2026-01-12 04:00:00+00:00,25.10083333333333,34.134296,22.537928,49.58347
ElecFMV6,2026-01-12 00:00:00+00:00,LZ_RAYBN,2026-01-12 05:00:00+00:00,21.4025,31.303793,19.46005,46.66255
ElecFMV6,2026-01-12 00:00:00+00:00,LZ_RAYBN,2026-01-12 06:00:00+00:00,19.3625,29.155191,17.76072,45.33178
ElecFMV6,2026-01-12 00:00:00+00:00,LZ_RAYBN,2026-01-12 07:00:00+00:00,18.0775,25.795025,14.192933,42.197357
ElecFMV6,2026-01-12 00:00:00+00:00,LZ_RAYBN,2026-01-12 08:00:00+00:00,18.718333333333337,24.929232,13.24381,40.867725
ElecFMV6,2026-01-12 00:00:00+00:00,LZ_RAYBN,2026-01-12 09:00:00+00:00,19.535,23.213518,11.145803,38.804184
ElecFMV6,2026-01-12 00:00:00+00:00,LZ_RAYBN,2026-01-12 10:00:00+00:00,22.6075,23.8259,11.8493395,39.634182
ElecFMV6,2026-01-12 00:00:00+00:00,LZ_RAYBN,2026-01-12 11:00:00+00:00,36.29666666666667,25.039948,12.741115,40.797333
ElecFMV6,2026-01-12 00:00:00+00:00,LZ_RAYBN,2026-01-12 12:00:00+00:00,39.60083333333333,26.05803,13.64617,41.43457
ElecFMV6,2026-01-12 00:00:00+00:00,LZ_RAYBN,2026-01-12 13:00:00+00:00,47.50833333333333,26.215073,13.998535,41.71343
ElecFMV6,2026-01-12 00:00:00+00:00,LZ_RAYBN,2026-01-12 14:00:00+00:00,29.034166666666668,23.276691,10.932774,38.673
ElecFMV6,2026-01-12 00:00:00+00:00,LZ_RAYBN,2026-01-12 15:00:00+00:00,18.1775,22.203089,10.373067,37.49007
ElecFMV6,2026-01-12 00:00:00+00:00,LZ_RAYBN,2026-01-12 16:00:00+00:00,21.10333333333333,20.171831,8.236164,35.951546
ElecFMV6,2026-01-12 00:00:00+00:00,LZ_RAYBN,2026-01-12 17:00:00+00:00,18.500833333333333,18.31819,7.1707544,34.14852
ElecFMV6,2026-01-12 00:00:00+00:00,LZ_RAYBN,2026-01-12 18:00:00+00:00,14.735833333333334,18.741018,7.053463,35.132553
ElecFMV6,2026-01-12 00:00:00+00:00,LZ_RAYBN,2026-01-12 19:00:00+00:00,13.524166666666666,17.906746,6.1057587,34.32549
ElecFMV6,2026-01-12 00:00:00+00:00,LZ_RAYBN,2026-01-12 20:00:00+00:00,13.301666666666668,18.121998,6.37253,34.19124
ElecFMV6,2026-01-12 00:00:00+00:00,LZ_RAYBN,2026-01-12 21:00:00+00:00,12.33,20.058193,7.822281,36.32057
ElecFMV6,2026-01-12 00:00:00+00:00,LZ_RAYBN,2026-01-12 22:00:00+00:00,20.77583333333333,23.512249,10.852939,39.95208
ElecFMV6,2026-01-12 00:00:00+00:00,LZ_RAYBN,2026-01-12 23:00:00+00:00,25.715833333333336,26.507755,13.785097,42.885994
ElecFMV6,2026-01-13 00:00:00+00:00,LZ_LCRA,2026-01-13 00:00:00+00:00,27.12333333333333,29.268927,23.918922,34.969948
ElecFMV6,2026-01-13 00:00:00+00:00,LZ_LCRA,2026-01-13 01:00:00+00:00,26.854166666666668,30.808807,24.1023,38.092876
ElecFMV6,2026-01-13 00:00:00+00:00,LZ_LCRA,2026-01-13 02:00:00+00:00,27.035,27.245316,19.047873,35.465145
ElecFMV6,2026-01-13 00:00:00+00:00,LZ_LCRA,2026-01-13 03:00:00+00:00,27.18583333333333,26.210274,16.650633,34.9891
ElecFMV6,2026-01-13 00:00:00+00:00,LZ_LCRA,2026-01-13 04:00:00+00:00,23.5625,24.017042,13.769096,34.13118
ElecFMV6,2026-01-13 00:00:00+00:00,LZ_LCRA,2026-01-13 05:00:00+00:00,22.844166666666663,22.289581,10.944026,33.3407
ElecFMV6,2026-01-13 00:00:00+00:00,LZ_LCRA,2026-01-13 06:00:00+00:00,21.279166666666665,21.048063,9.236981,33.166294
ElecFMV6,2026-01-13 00:00:00+00:00,LZ_LCRA,2026-01-13 07:00:00+00:00,21.7,19.683102,6.931431,32.6724
ElecFMV6,2026-01-13 00:00:00+00:00,LZ_LCRA,2026-01-13 08:00:00+00:00,20.529166666666665,16.504406,3.3220778,29.819958
ElecFMV6,2026-01-13 00:00:00+00:00,LZ_LCRA,2026-01-13 09:00:00+00:00,18.113333333333333,14.0835,0.21275139,27.676056
ElecFMV6,2026-01-13 00:00:00+00:00,LZ_LCRA,2026-01-13 10:00:00+00:00,16.6275,15.041199,1.0425205,28.880463
ElecFMV6,2026-01-13 00:00:00+00:00,LZ_LCRA,2026-01-13 11:00:00+00:00,17.9925,17.053835,3.2187443,30.658606
ElecFMV6,2026-01-13 00:00:00+00:00,LZ_LCRA,2026-01-13 12:00:00+00:00,26.2225,17.65533,3.4595184,31.245285
ElecFMV6,2026-01-13 00:00:00+00:00,LZ_LCRA,2026-01-13 13:00:00+00:00,29.71333333333333,19.264751,4.945059,32.64295
ElecFMV6,2026-01-13 00:00:00+00:00,LZ_LCRA,2026-01-13 14:00:00+00:00,33.27166666666667,17.58727,3.234272,31.373272
ElecFMV6,2026-01-13 00:00:00+00:00,LZ_LCRA,2026-01-13 15:00:00+00:00,28.0,12.130795,-2.3636112,25.550991
ElecFMV6,2026-01-13 00:00:00+00:00,LZ_LCRA,2026-01-13 16:00:00+00:00,25.679166666666664,10.444096,-4.212967,24.295372
ElecFMV6,2026-01-13 00:00:00+00:00,LZ_LCRA,2026-01-13 17:00:00+00:00,22.125,9.920139,-4.5495205,23.596191
ElecFMV6,2026-01-13 00:00:00+00:00,LZ_LCRA,2026-01-13 18:00:00+00:00,20.52083333333333,9.791582,-5.2675323,24.338165
ElecFMV6,2026-01-13 00:00:00+00:00,LZ_LCRA,2026-01-13 19:00:00+00:00,18.455,11.171571,-4.657875,25.266085
ElecFMV6,2026-01-13 00:00:00+00:00,LZ_LCRA,2026-01-13 20:00:00+00:00,15.956666666666663,10.590273,-5.399309,24.601679
ElecFMV6,2026-01-13 00:00:00+00:00,LZ_LCRA,2026-01-13 21:00:00+00:00,13.8775,12.90534,-3.382187,26.624557
ElecFMV6,2026-01-13 00:00:00+00:00,LZ_LCRA,2026-01-13 22:00:00+00:00,19.56,17.43169,1.3613701,31.018967
ElecFMV6,2026-01-13 00:00:00+00:00,LZ_LCRA,2026-01-13 23:00:00+00:00,27.755,22.062794,6.2310944,35.430634
ElecFMV6,2026-01-13 00:00:00+00:00,LZ_WEST,2026-01-13 00:00:00+00:00,57.98916666666667,67.37807,53.463455,86.55536
ElecFMV6,2026-01-13 00:00:00+00:00,LZ_WEST,2026-01-13 01:00:00+00:00,50.945,66.35278,48.326385,89.766716
ElecFMV6,2026-01-13 00:00:00+00:00,LZ_WEST,2026-01-13 02:00:00+00:00,56.38333333333333,65.42331,44.036278,92.35492
ElecFMV6,2026-01-13 00:00:00+00:00,LZ_WEST,2026-01-13 03:00:00+00:00,55.8475,64.143845,39.950573,93.77196
ElecFMV6,2026-01-13 00:00:00+00:00,LZ_WEST,2026-01-13 04:00:00+00:00,52.994166666666665,61.226215,34.527065,92.75067
ElecFMV6,2026-01-13 00:00:00+00:00,LZ_WEST,2026-01-13 05:00:00+00:00,55.79333333333333,59.653893,30.014515,93.80446
ElecFMV6,2026-01-13 00:00:00+00:00,LZ_WEST,2026-01-13 06:00:00+00:00,50.00666666666667,59.156937,28.464632,95.89114
ElecFMV6,2026-01-13 00:00:00+00:00,LZ_WEST,2026-01-13 07:00:00+00:00,51.25,58.268295,27.23785,96.04999
ElecFMV6,2026-01-13 00:00:00+00:00,LZ_WEST,2026-01-13 08:00:00+00:00,46.642500000000005,56.864582,24.774998,93.55785
ElecFMV6,2026-01-13 00:00:00+00:00,LZ_WEST,2026-01-13 09:00:00+00:00,43.711666666666666,55.43637,24.489471,91.37821
ElecFMV6,2026-01-13 00:00:00+00:00,LZ_WEST,2026-01-13 10:00:00+00:00,37.446666666666665,55.815735,25.114178,90.73781
ElecFMV6,2026-01-13 00:00:00+00:00,LZ_WEST,2026-01-13 11:00:00+00:00,44.48833333333334,54.591885,26.01213,90.44696
ElecFMV6,2026-01-13 00:00:00+00:00,LZ_WEST,2026-01-13 12:00:00+00:00,51.38166666666667,52.36949,25.075546,86.04665
ElecFMV6,2026-01-13 00:00:00+00:00,LZ_WEST,2026-01-13 13:00:00+00:00,68.62333333333333,47.214443,21.536827,80.23196
ElecFMV6,2026-01-13 00:00:00+00:00,LZ_WEST,2026-01-13 14:00:00+00:00,88.82,38.789364,13.709677,69.901245
ElecFMV6,2026-01-13 00:00:00+00:00,LZ_WEST,2026-01-13 15:00:00+00:00,42.38166666666667,28.885239,6.619198,58.990112
ElecFMV6,2026-01-13 00:00:00+00:00,LZ_WEST,2026-01-13 16:00:00+00:00,42.94166666666666,26.007103,4.613571,54.407494
ElecFMV6,2026-01-13 00:00:00+00:00,LZ_WEST,2026-01-13 17:00:00+00:00,32.766666666666666,23.426687,4.5149345,50.82932
ElecFMV6,2026-01-13 00:00:00+00:00,LZ_WEST,2026-01-13 18:00:00+00:00,29.19833333333333,22.521984,3.9170303,50.80012
ElecFMV6,2026-01-13 00:00:00+00:00,LZ_WEST,2026-01-13 19:00:00+00:00,19.54,20.703579,0.5756874,48.138397
ElecFMV6,2026-01-13 00:00:00+00:00,LZ_WEST,2026-01-13 20:00:00+00:00,15.974166666666669,21.953062,1.5698204,49.7504
ElecFMV6,2026-01-13 00:00:00+00:00,LZ_WEST,2026-01-13 21:00:00+00:00,13.8775,24.32077,1.9541092,52.07657
ElecFMV6,2026-01-13 00:00:00+00:00,LZ_WEST,2026-01-13 22:00:00+00:00,19.56,30.549248,7.4997997,59.3208
ElecFMV6,2026-01-13 00:00:00+00:00,LZ_WEST,2026-01-13 23:00:00+00:00,36.63166666666667,38.206818,15.614382,67.79527
ElecFMV6,2026-01-13 00:00:00+00:00,LZ_RAYBN,2026-01-13 00:00:00+00:00,23.6925,27.638088,21.953402,35.08825
ElecFMV6,2026-01-13 00:00:00+00:00,LZ_RAYBN,2026-01-13 01:00:00+00:00,23.16416666666667,29.325813,22.495226,38.612602
ElecFMV6,2026-01-13 00:00:00+00:00,LZ_RAYBN,2026-01-13 02:00:00+00:00,21.144166666666667,27.841358,20.22143,38.091957
ElecFMV6,2026-01-13 00:00:00+00:00,LZ_RAYBN,2026-01-13 03:00:00+00:00,18.254166666666663,25.65761,17.677544,35.932755
ElecFMV6,2026-01-13 00:00:00+00:00,LZ_RAYBN,2026-01-13 04:00:00+00:00,14.540833333333332,23.226074,14.687582,34.101116
ElecFMV6,2026-01-13 00:00:00+00:00,LZ_RAYBN,2026-01-13 05:00:00+00:00,13.234166666666669,21.157253,11.698794,32.226013
ElecFMV6,2026-01-13 00:00:00+00:00,LZ_RAYBN,2026-01-13 06:00:00+00:00,12.9375,19.725958,10.417125,31.636631
ElecFMV6,2026-01-13 00:00:00+00:00,LZ_RAYBN,2026-01-13 07:00:00+00:00,14.75,19.07971,9.312153,31.46249
ElecFMV6,2026-01-13 00:00:00+00:00,LZ_RAYBN,2026-01-13 08:00:00+00:00,15.333333333333334,18.178991,8.126798,30.971336
ElecFMV6,2026-01-13 00:00:00+00:00,LZ_RAYBN,2026-01-13 09:00:00+00:00,14.913333333333334,18.31808,7.9749813,31.148129
ElecFMV6,2026-01-13 00:00:00+00:00,LZ_RAYBN,2026-01-13 10:00:00+00:00,16.260833333333334,19.981781,9.633954,33.11973
ElecFMV6,2026-01-13 00:00:00+00:00,LZ_RAYBN,2026-01-13 11:00:00+00:00,18.341666666666665,22.469473,11.894621,35.702988
ElecFMV6,2026-01-13 00:00:00+00:00,LZ_RAYBN,2026-01-13 12:00:00+00:00,22.116666666666664,24.926615,13.664099,38.342075
ElecFMV6,2026-01-13 00:00:00+00:00,LZ_RAYBN,2026-01-13 13:00:00+00:00,20.511666666666667,27.04308,15.940084,40.338387
ElecFMV6,2026-01-13 00:00:00+00:00,LZ_RAYBN,2026-01-13 14:00:00+00:00,19.605,24.300573,13.090806,37.412815
ElecFMV6,2026-01-13 00:00:00+00:00,LZ_RAYBN,2026-01-13 15:00:00+00:00,23.5925,20.775507,10.09477,33.13848
ElecFMV6,2026-01-13 00:00:00+00:00,LZ_RAYBN,2026-01-13 16:00:00+00:00,20.43166666666667,17.727339,7.685807,30.022058
ElecFMV6,2026-01-13 00:00:00+00:00,LZ_RAYBN,2026-01-13 17:00:00+00:00,18.921666666666667,16.898363,7.705388,28.710484
ElecFMV6,2026-01-13 00:00:00+00:00,LZ_RAYBN,2026-01-13 18:00:00+00:00,17.9275,15.902037,6.927704,28.43988
ElecFMV6,2026-01-13 00:00:00+00:00,LZ_RAYBN,2026-01-13 19:00:00+00:00,18.148333333333333,16.048912,6.739805,28.016548
ElecFMV6,2026-01-13 00:00:00+00:00,LZ_RAYBN,2026-01-13 20:00:00+00:00,15.956666666666663,15.652393,6.2051086,27.667042
ElecFMV6,2026-01-13 00:00:00+00:00,LZ_RAYBN,2026-01-13 21:00:00+00:00,13.8775,16.824297,6.6920567,28.549675
ElecFMV6,2026-01-13 00:00:00+00:00,LZ_RAYBN,2026-01-13 22:00:00+00:00,19.56,21.109665,10.43515,33.06992
ElecFMV6,2026-01-13 00:00:00+00:00,LZ_RAYBN,2026-01-13 23:00:00+00:00,25.9125,26.181074,15.269493,38.81145
ElecFMV6,2026-01-14 00:00:00+00:00,LZ_LCRA,2026-01-14 00:00:00+00:00,26.755,28.81028,25.378807,34.011658
ElecFMV6,2026-01-14 00:00:00+00:00,LZ_LCRA,2026-01-14 01:00:00+00:00,25.81,28.321997,23.85486,34.881653
ElecFMV6,2026-01-14 00:00:00+00:00,LZ_LCRA,2026-01-14 02:00:00+00:00,24.741666666666664,28.412996,22.638416,36.13003
ElecFMV6,2026-01-14 00:00:00+00:00,LZ_LCRA,2026-01-14 03:00:00+00:00,21.436666666666667,26.275972,19.684708,34.826324
ElecFMV6,2026-01-14 00:00:00+00:00,LZ_LCRA,2026-01-14 04:00:00+00:00,19.66583333333333,25.595182,18.568584,35.056347
ElecFMV6,2026-01-14 00:00:00+00:00,LZ_LCRA,2026-01-14 05:00:00+00:00,16.969166666666666,25.249943,17.437996,35.675648
ElecFMV6,2026-01-14 00:00:00+00:00,LZ_LCRA,2026-01-14 06:00:00+00:00,20.175,24.402153,16.061722,36.091816
ElecFMV6,2026-01-14 00:00:00+00:00,LZ_LCRA,2026-01-14 07:00:00+00:00,17.131666666666668,22.999239,14.512961,35.421425
ElecFMV6,2026-01-14 00:00:00+00:00,LZ_LCRA,2026-01-14 08:00:00+00:00,17.350833333333334,23.514286,13.952406,35.863777
ElecFMV6,2026-01-14 00:00:00+00:00,LZ_LCRA,2026-01-14 09:00:00+00:00,14.168333333333337,22.864002,13.227171,35.546734
ElecFMV6,2026-01-14 00:00:00+00:00,LZ_LCRA,2026-01-14 10:00:00+00:00,13.8975,24.676992,14.670126,37.43146
ElecFMV6,2026-01-14 00:00:00+00:00,LZ_LCRA,2026-01-14 11:00:00+00:00,15.216666666666669,24.702168,14.979176,37.877365
ElecFMV6,2026-01-14 00:00:00+00:00,LZ_LCRA,2026-01-14 12:00:00+00:00,17.419999999999998,25.06029,15.058023,37.947052
ElecFMV6,2026-01-14 00:00:00+00:00,LZ_LCRA,2026-01-14 13:00:00+00:00,18.008333333333333,25.225185,15.104357,38.19037
ElecFMV6,2026-01-14 00:00:00+00:00,LZ_LCRA,2026-01-14 14:00:00+00:00,7.415,23.900213,13.585907,37.0973
ElecFMV6,2026-01-14 00:00:00+00:00,LZ_LCRA,2026-01-14 15:00:00+00:00,-0.4399999999999999,22.848692,12.92,35.960068
ElecFMV6,2026-01-14 00:00:00+00:00,LZ_LCRA,2026-01-14 16:00:00+00:00,-3.895,20.793663,10.810888,34.190815
ElecFMV6,2026-01-14 00:00:00+00:00,LZ_LCRA,2026-01-14 17:00:00+00:00,-5.225833333333333,19.907751,10.451027,33.273075
ElecFMV6,2026-01-14 00:00:00+00:00,LZ_LCRA,2026-01-14 18:00:00+00:00,-6.849166666666666,18.873884,8.915063,33.380535
ElecFMV6,2026-01-14 00:00:00+00:00,LZ_LCRA,2026-01-14 19:00:00+00:00,-9.4125,19.205172,8.9394655,33.323425
ElecFMV6,2026-01-14 00:00:00+00:00,LZ_LCRA,2026-01-14 20:00:00+00:00,-12.2475,18.33023,7.516097,32.569298
ElecFMV6,2026-01-14 00:00:00+00:00,LZ_LCRA,2026-01-14 21:00:00+00:00,-12.514166666666668,18.839476,7.7829657,32.688324
ElecFMV6,2026-01-14 00:00:00+00:00,LZ_LCRA,2026-01-14 22:00:00+00:00,-2.3008333333333333,20.849035,9.655802,35.337067
ElecFMV6,2026-01-14 00:00:00+00:00,LZ_LCRA,2026-01-14 23:00:00+00:00,15.604166666666666,24.199575,12.912699,39.113136
ElecFMV6,2026-01-14 00:00:00+00:00,LZ_WEST,2026-01-14 00:00:00+00:00,43.7875,38.893085,30.762196,53.32905
ElecFMV6,2026-01-14 00:00:00+00:00,LZ_WEST,2026-01-14 01:00:00+00:00,37.81166666666667,38.16438,26.19779,56.71298
ElecFMV6,2026-01-14 00:00:00+00:00,LZ_WEST,2026-01-14 02:00:00+00:00,35.95916666666667,40.006676,25.843857,62.317047
ElecFMV6,2026-01-14 00:00:00+00:00,LZ_WEST,2026-01-14 03:00:00+00:00,40.41416666666667,41.4184,25.000826,66.20757
ElecFMV6,2026-01-14 00:00:00+00:00,LZ_WEST,2026-01-14 04:00:00+00:00,45.81583333333333,43.6852,26.228062,70.11967
ElecFMV6,2026-01-14 00:00:00+00:00,LZ_WEST,2026-01-14 05:00:00+00:00,44.42333333333334,46.613785,26.451675,74.644165
ElecFMV6,2026-01-14 00:00:00+00:00,LZ_WEST,2026-01-14 06:00:00+00:00,43.678333333333335,45.384056,24.427866,75.31683
ElecFMV6,2026-01-14 00:00:00+00:00,LZ_WEST,2026-01-14 07:00:00+00:00,42.87083333333334,42.6475,21.24084,72.52652
ElecFMV6,2026-01-14 00:00:00+00:00,LZ_WEST,2026-01-14 08:00:00+00:00,38.33916666666666,42.69205,19.849699,71.37387
ElecFMV6,2026-01-14 00:00:00+00:00,LZ_WEST,2026-01-14 09:00:00+00:00,46.840833333333336,43.566986,20.597858,72.11583
ElecFMV6,2026-01-14 00:00:00+00:00,LZ_WEST,2026-01-14 10:00:00+00:00,27.334166666666665,46.030907,22.546959,73.96986
ElecFMV6,2026-01-14 00:00:00+00:00,LZ_WEST,2026-01-14 11:00:00+00:00,33.16833333333333,41.830685,19.129824,70.48085
ElecFMV6,2026-01-14 00:00:00+00:00,LZ_WEST,2026-01-14 12:00:00+00:00,34.50416666666667,40.372646,17.782139,68.94901
ElecFMV6,2026-01-14 00:00:00+00:00,LZ_WEST,2026-01-14 13:00:00+00:00,31.505,36.823315,14.154692,65.75461
ElecFMV6,2026-01-14 00:00:00+00:00,LZ_WEST,2026-01-14 14:00:00+00:00,10.733333333333334,33.916252,10.832014,63.300453
ElecFMV6,2026-01-14 00:00:00+00:00,LZ_WEST,2026-01-14 15:00:00+00:00,-4.8308333333333335,29.581936,7.9665947,58.470413
ElecFMV6,2026-01-14 00:00:00+00:00,LZ_WEST,2026-01-14 16:00:00+00:00,-7.482500000000001,26.237503,5.2392597,54.509064
ElecFMV6,2026-01-14 00:00:00+00:00,LZ_WEST,2026-01-14 17:00:00+00:00,-9.805833333333334,25.410912,6.960125,53.740772
ElecFMV6,2026-01-14 00:00:00+00:00,LZ_WEST,2026-01-14 18:00:00+00:00,-10.101666666666668,23.988668,6.1716385,53.76947
ElecFMV6,2026-01-14 00:00:00+00:00,LZ_WEST,2026-01-14 19:00:00+00:00,-10.600833333333332,23.631716,5.2968807,52.59423
ElecFMV6,2026-01-14 00:00:00+00:00,LZ_WEST,2026-01-14 20:00:00+00:00,-11.660833333333334,23.166374,3.7488365,53.172104
ElecFMV6,2026-01-14 00:00:00+00:00,LZ_WEST,2026-01-14 21:00:00+00:00,-11.783333333333331,25.476501,2.941639,56.161392
ElecFMV6,2026-01-14 00:00:00+00:00,LZ_WEST,2026-01-14 22:00:00+00:00,-10.875,30.929909,5.5559864,64.14341
ElecFMV6,2026-01-14 00:00:00+00:00,LZ_WEST,2026-01-14 23:00:00+00:00,20.77333333333333,40.898003,13.596111,75.55327
ElecFMV6,2026-01-14 00:00:00+00:00,LZ_RAYBN,2026-01-14 00:00:00+00:00,23.60833333333333,29.141354,25.555714,34.24684
ElecFMV6,2026-01-14 00:00:00+00:00,LZ_RAYBN,2026-01-14 01:00:00+00:00,23.811666666666667,28.899548,24.427671,35.77144
ElecFMV6,2026-01-14 00:00:00+00:00,LZ_RAYBN,2026-01-14 02:00:00+00:00,23.1425,28.140783,22.850033,36.19848
ElecFMV6,2026-01-14 00:00:00+00:00,LZ_RAYBN,2026-01-14 03:00:00+00:00,17.073333333333334,26.873568,20.229061,35.363747
ElecFMV6,2026-01-14 00:00:00+00:00,LZ_RAYBN,2026-01-14 04:00:00+00:00,17.9475,25.34476,18.052504,35.014233
ElecFMV6,2026-01-14 00:00:00+00:00,LZ_RAYBN,2026-01-14 05:00:00+00:00,17.348333333333333,24.483168,15.8729725,34.601925
ElecFMV6,2026-01-14 00:00:00+00:00,LZ_RAYBN,2026-01-14 06:00:00+00:00,20.511666666666667,23.06339,14.115689,34.47776
ElecFMV6,2026-01-14 00:00:00+00:00,LZ_RAYBN,2026-01-14 07:00:00+00:00,17.9325,20.704943,11.450105,32.546967
ElecFMV6,2026-01-14 00:00:00+00:00,LZ_RAYBN,2026-01-14 08:00:00+00:00,23.633333333333336,20.588648,10.879989,32.678925
ElecFMV6,2026-01-14 00:00:00+00:00,LZ_RAYBN,2026-01-14 09:00:00+00:00,23.595,20.718302,10.55413,32.710247
ElecFMV6,2026-01-14 00:00:00+00:00,LZ_RAYBN,2026-01-14 10:00:00+00:00,24.2325,22.562016,11.812325,34.858986
ElecFMV6,2026-01-14 00:00:00+00:00,LZ_RAYBN,2026-01-14 11:00:00+00:00,25.28333333333333,25.727028,14.913403,38.764275
ElecFMV6,2026-01-14 00:00:00+00:00,LZ_RAYBN,2026-01-14 12:00:00+00:00,26.4425,25.496544,14.492913,39.110245
ElecFMV6,2026-01-14 00:00:00+00:00,LZ_RAYBN,2026-01-14 13:00:00+00:00,26.85333333333333,26.857685,16.044645,40.0882
ElecFMV6,2026-01-14 00:00:00+00:00,LZ_RAYBN,2026-01-14 14:00:00+00:00,14.498333333333331,26.146051,14.739849,39.314632
ElecFMV6,2026-01-14 00:00:00+00:00,LZ_RAYBN,2026-01-14 15:00:00+00:00,8.558333333333334,24.654709,13.55012,37.574814
ElecFMV6,2026-01-14 00:00:00+00:00,LZ_RAYBN,2026-01-14 16:00:00+00:00,6.305833333333333,22.920517,11.712611,36.875843
ElecFMV6,2026-01-14 00:00:00+00:00,LZ_RAYBN,2026-01-14 17:00:00+00:00,11.185833333333331,22.06685,11.127751,36.027927
ElecFMV6,2026-01-14 00:00:00+00:00,LZ_RAYBN,2026-01-14 18:00:00+00:00,9.945,20.563442,9.327022,35.530975
ElecFMV6,2026-01-14 00:00:00+00:00,LZ_RAYBN,2026-01-14 19:00:00+00:00,8.345,18.736496,6.9050684,32.942673
ElecFMV6,2026-01-14 00:00:00+00:00,LZ_RAYBN,2026-01-14 20:00:00+00:00,13.381666666666668,17.528034,5.6595764,31.898567
ElecFMV6,2026-01-14 00:00:00+00:00,LZ_RAYBN,2026-01-14 21:00:00+00:00,25.075,18.996435,6.595852,33.02643
ElecFMV6,2026-01-14 00:00:00+00:00,LZ_RAYBN,2026-01-14 22:00:00+00:00,19.7425,22.83295,9.845849,37.702232
ElecFMV6,2026-01-14 00:00:00+00:00,LZ_RAYBN,2026-01-14 23:00:00+00:00,22.775,27.20269,14.192018,43.088066
ElecFMV6,2026-01-15 00:00:00+00:00,LZ_LCRA,2026-01-15 00:00:00+00:00,28.456666666666667,18.051214,10.888147,25.503965
ElecFMV6,2026-01-15 00:00:00+00:00,LZ_LCRA,2026-01-15 01:00:00+00:00,28.700000000000003,18.296595,8.8652525,27.365988
ElecFMV6,2026-01-15 00:00:00+00:00,LZ_LCRA,2026-01-15 02:00:00+00:00,27.83333333333333,18.902819,7.725857,29.98898
ElecFMV6,2026-01-15 00:00:00+00:00,LZ_LCRA,2026-01-15 03:00:00+00:00,30.74,19.227205,6.3624325,31.951061
ElecFMV6,2026-01-15 00:00:00+00:00,LZ_LCRA,2026-01-15 04:00:00+00:00,32.35583333333333,18.631676,4.6137724,32.3056
ElecFMV6,2026-01-15 00:00:00+00:00,LZ_LCRA,2026-01-15 05:00:00+00:00,30.868333333333336,19.359272,4.2267056,33.619404
ElecFMV6,2026-01-15 00:00:00+00:00,LZ_LCRA,2026-01-15 06:00:00+00:00,34.4325,16.933088,1.476448,32.394928
ElecFMV6,2026-01-15 00:00:00+00:00,LZ_LCRA,2026-01-15 07:00:00+00:00,34.2025,16.299437,0.5330486,31.615246
ElecFMV6,2026-01-15 00:00:00+00:00,LZ_LCRA,2026-01-15 08:00:00+00:00,26.185,14.134927,-1.986866,29.401085
ElecFMV6,2026-01-15 00:00:00+00:00,LZ_LCRA,2026-01-15 09:00:00+00:00,22.44083333333333,11.678269,-4.651573,26.988617
ElecFMV6,2026-01-15 00:00:00+00:00,LZ_LCRA,2026-01-15 10:00:00+00:00,27.834166666666665,12.000745,-4.0173855,27.594564
ElecFMV6,2026-01-15 00:00:00+00:00,LZ_LCRA,2026-01-15 11:00:00+00:00,28.3125,13.683667,-2.022911,29.275066
ElecFMV6,2026-01-15 00:00:00+00:00,LZ_LCRA,2026-01-15 12:00:00+00:00,27.0225,13.976288,-2.356804,29.767525
ElecFMV6,2026-01-15 00:00:00+00:00,LZ_LCRA,2026-01-15 13:00:00+00:00,27.594166666666663,15.650812,-1.0337982,31.481937
ElecFMV6,2026-01-15 00:00:00+00:00,LZ_LCRA,2026-01-15 14:00:00+00:00,12.0325,13.663347,-3.092949,29.83878
ElecFMV6,2026-01-15 00:00:00+00:00,LZ_LCRA,2026-01-15 15:00:00+00:00,4.278333333333333,10.383042,-6.1520443,26.416153
ElecFMV6,2026-01-15 00:00:00+00:00,LZ_LCRA,2026-01-15 16:00:00+00:00,3.4975,8.210298,-8.788969,24.235615
ElecFMV6,2026-01-15 00:00:00+00:00,LZ_LCRA,2026-01-15 17:00:00+00:00,1.3016666666666663,6.5824842,-9.502148,22.331642
ElecFMV6,2026-01-15 00:00:00+00:00,LZ_LCRA,2026-01-15 18:00:00+00:00,0.745,6.923359,-9.884754,23.527962
ElecFMV6,2026-01-15 00:00:00+00:00,LZ_LCRA,2026-01-15 19:00:00+00:00,0.0391666666666666,6.1159506,-10.498739,22.015436
ElecFMV6,2026-01-15 00:00:00+00:00,LZ_LCRA,2026-01-15 20:00:00+00:00,-2.4766666666666666,5.6292505,-10.445951,20.827383
ElecFMV6,2026-01-15 00:00:00+00:00,LZ_LCRA,2026-01-15 21:00:00+00:00,-3.7908333333333335,6.4391775,-9.016285,20.187235
ElecFMV6,2026-01-15 00:00:00+00:00,LZ_LCRA,2026-01-15 22:00:00+00:00,10.4325,10.265177,-4.6726036,23.411514
ElecFMV6,2026-01-15 00:00:00+00:00,LZ_LCRA,2026-01-15 23:00:00+00:00,24.09583333333333,14.946771,0.8892555,27.452927
ElecFMV6,2026-01-15 00:00:00+00:00,LZ_WEST,2026-01-15 00:00:00+00:00,58.69916666666666,32.03879,23.560406,44.84236
ElecFMV6,2026-01-15 00:00:00+00:00,LZ_WEST,2026-01-15 01:00:00+00:00,53.29083333333333,30.228128,19.176245,45.035492
ElecFMV6,2026-01-15 00:00:00+00:00,LZ_WEST,2026-01-15 02:00:00+00:00,43.73166666666666,32.854008,19.370155,49.292145
ElecFMV6,2026-01-15 00:00:00+00:00,LZ_WEST,2026-01-15 03:00:00+00:00,55.259166666666665,37.37527,23.002653,54.833344
ElecFMV6,2026-01-15 00:00:00+00:00,LZ_WEST,2026-01-15 04:00:00+00:00,70.19500000000001,40.142387,24.106075,58.29438
ElecFMV6,2026-01-15 00:00:00+00:00,LZ_WEST,2026-01-15 05:00:00+00:00,74.50750000000001,43.644474,25.033545,62.513474
ElecFMV6,2026-01-15 00:00:00+00:00,LZ_WEST,2026-01-15 06:00:00+00:00,88.13583333333334,41.22606,21.886274,63.30506
ElecFMV6,2026-01-15 00:00:00+00:00,LZ_WEST,2026-01-15 07:00:00+00:00,79.06833333333334,36.784527,17.135967,59.566998
ElecFMV6,2026-01-15 00:00:00+00:00,LZ_WEST,2026-01-15 08:00:00+00:00,78.57083333333334,33.006245,10.892338,56.601143
ElecFMV6,2026-01-15 00:00:00+00:00,LZ_WEST,2026-01-15 09:00:00+00:00,69.8275,27.93913,5.698326,50.161762
ElecFMV6,2026-01-15 00:00:00+00:00,LZ_WEST,2026-01-15 10:00:00+00:00,51.520833333333336,23.713337,0.84620667,45.975864
ElecFMV6,2026-01-15 00:00:00+00:00,LZ_WEST,2026-01-15 11:00:00+00:00,34.5675,26.307165,4.5869007,48.506912
ElecFMV6,2026-01-15 00:00:00+00:00,LZ_WEST,2026-01-15 12:00:00+00:00,27.43583333333333,25.60614,2.945177,47.32743
ElecFMV6,2026-01-15 00:00:00+00:00,LZ_WEST,2026-01-15 13:00:00+00:00,27.95583333333333,28.21346,5.233494,50.841537
ElecFMV6,2026-01-15 00:00:00+00:00,LZ_WEST,2026-01-15 14:00:00+00:00,12.165,23.981289,-0.21574402,48.102722
ElecFMV6,2026-01-15 00:00:00+00:00,LZ_WEST,2026-01-15 15:00:00+00:00,-0.3191666666666666,8.2656975,-14.898308,32.759144
ElecFMV6,2026-01-15 00:00:00+00:00,LZ_WEST,2026-01-15 16:00:00+00:00,-0.4041666666666666,4.74625,-18.891682,29.149836
ElecFMV6,2026-01-15 00:00:00+00:00,LZ_WEST,2026-01-15 17:00:00+00:00,-1.5858333333333334,3.733097,-17.722412,27.082405
ElecFMV6,2026-01-15 00:00:00+00:00,LZ_WEST,2026-01-15 18:00:00+00:00,-3.185833333333333,3.6317463,-17.554893,28.854288
ElecFMV6,2026-01-15 00:00:00+00:00,LZ_WEST,2026-01-15 19:00:00+00:00,-4.911666666666666,0.1706543,-20.568882,22.72474
ElecFMV6,2026-01-15 00:00:00+00:00,LZ_WEST,2026-01-15 20:00:00+00:00,-6.06,-0.9654846,-20.730019,21.064901
ElecFMV6,2026-01-15 00:00:00+00:00,LZ_WEST,2026-01-15 21:00:00+00:00,-5.854166666666667,-3.126545,-22.954273,16.257957
ElecFMV6,2026-01-15 00:00:00+00:00,LZ_WEST,2026-01-15 22:00:00+00:00,-2.7416666666666667,3.8788605,-15.241489,24.452423
ElecFMV6,2026-01-15 00:00:00+00:00,LZ_WEST,2026-01-15 23:00:00+00:00,21.29583333333333,22.705345,4.7263317,42.395203
ElecFMV6,2026-01-15 00:00:00+00:00,LZ_RAYBN,2026-01-15 00:00:00+00:00,29.506666666666664,24.12426,19.015131,31.047253
ElecFMV6,2026-01-15 00:00:00+00:00,LZ_RAYBN,2026-01-15 01:00:00+00:00,30.1625,23.281618,17.01594,31.803375
ElecFMV6,2026-01-15 00:00:00+00:00,LZ_RAYBN,2026-01-15 02:00:00+00:00,29.126666666666665,21.882238,14.475954,31.375202
ElecFMV6,2026-01-15 00:00:00+00:00,LZ_RAYBN,2026-01-15 03:00:00+00:00,33.424166666666665,21.21738,12.739027,31.493845
ElecFMV6,2026-01-15 00:00:00+00:00,LZ_RAYBN,2026-01-15 04:00:00+00:00,38.11666666666667,20.192356,10.810123,30.599777
ElecFMV6,2026-01-15 00:00:00+00:00,LZ_RAYBN,2026-01-15 05:00:00+00:00,36.40416666666667,19.80361,9.733522,30.514067
ElecFMV6,2026-01-15 00:00:00+00:00,LZ_RAYBN,2026-01-15 06:00:00+00:00,40.03333333333334,18.9745,8.539264,30.200619
ElecFMV6,2026-01-15 00:00:00+00:00,LZ_RAYBN,2026-01-15 07:00:00+00:00,45.46083333333333,17.990711,7.223132,29.837835
ElecFMV6,2026-01-15 00:00:00+00:00,LZ_RAYBN,2026-01-15 08:00:00+00:00,41.07083333333333,17.557194,6.684722,28.867096
ElecFMV6,2026-01-15 00:00:00+00:00,LZ_RAYBN,2026-01-15 09:00:00+00:00,41.410833333333336,16.901613,4.946459,28.023632
ElecFMV6,2026-01-15 00:00:00+00:00,LZ_RAYBN,2026-01-15 10:00:00+00:00,37.23916666666667,16.958527,5.076273,28.02042
ElecFMV6,2026-01-15 00:00:00+00:00,LZ_RAYBN,2026-01-15 11:00:00+00:00,31.1375,17.930979,5.8509064,29.55045
ElecFMV6,2026-01-15 00:00:00+00:00,LZ_RAYBN,2026-01-15 12:00:00+00:00,27.5625,17.028086,5.212141,28.602589
ElecFMV6,2026-01-15 00:00:00+00:00,LZ_RAYBN,2026-01-15 13:00:00+00:00,28.44416666666667,17.407448,5.735203,29.29728
ElecFMV6,2026-01-15 00:00:00+00:00,LZ_RAYBN,2026-01-15 14:00:00+00:00,12.2875,15.976435,3.708664,28.042934
ElecFMV6,2026-01-15 00:00:00+00:00,LZ_RAYBN,2026-01-15 15:00:00+00:00,9.466666666666669,13.886665,1.1040974,26.098242
ElecFMV6,2026-01-15 00:00:00+00:00,LZ_RAYBN,2026-01-15 16:00:00+00:00,3.768333333333333,12.497783,-0.41641045,25.659546
ElecFMV6,2026-01-15 00:00:00+00:00,LZ_RAYBN,2026-01-15 17:00:00+00:00,2.603333333333333,13.613189,0.812418,26.269804
ElecFMV6,2026-01-15 00:00:00+00:00,LZ_RAYBN,2026-01-15 18:00:00+00:00,4.008333333333334,13.176361,0.3995552,26.38
ElecFMV6,2026-01-15 00:00:00+00:00,LZ_RAYBN,2026-01-15 19:00:00+00:00,6.555833333333333,13.6501,0.95508385,26.203543
ElecFMV6,2026-01-15 00:00:00+00:00,LZ_RAYBN,2026-01-15 20:00:00+00:00,4.085,14.530746,2.0821323,26.375208
ElecFMV6,2026-01-15 00:00:00+00:00,LZ_RAYBN,2026-01-15 21:00:00+00:00,-0.0974999999999999,15.876316,3.045374,27.629345
ElecFMV6,2026-01-15 00:00:00+00:00,LZ_RAYBN,2026-01-15 22:00:00+00:00,23.80333333333333,18.613564,5.797283,30.67964
ElecFMV6,2026-01-15 00:00:00+00:00,LZ_RAYBN,2026-01-15 23:00:00+00:00,27.30333333333333,20.607851,8.312587,33.061703
ElecFMV6,2026-01-16 00:00:00+00:00,LZ_LCRA,2026-01-16 00:00:00+00:00,22.915000000000003,25.976141,20.69943,31.52555
ElecFMV6,2026-01-16 00:00:00+00:00,LZ_LCRA,2026-01-16 01:00:00+00:00,17.5025,26.393702,20.568836,32.337936
ElecFMV6,2026-01-16 00:00:00+00:00,LZ_LCRA,2026-01-16 02:00:00+00:00,17.475833333333334,25.897335,19.490934,32.70935
ElecFMV6,2026-01-16 00:00:00+00:00,LZ_LCRA,2026-01-16 03:00:00+00:00,17.561666666666667,28.617767,21.213562,36.351196
ElecFMV6,2026-01-16 00:00:00+00:00,LZ_LCRA,2026-01-16 04:00:00+00:00,14.053333333333336,27.25251,18.498772,35.01604
ElecFMV6,2026-01-16 00:00:00+00:00,LZ_LCRA,2026-01-16 05:00:00+00:00,13.864166666666668,28.372578,18.429169,36.39883
ElecFMV6,2026-01-16 00:00:00+00:00,LZ_LCRA,2026-01-16 06:00:00+00:00,14.745,27.036808,17.778446,35.34082
ElecFMV6,2026-01-16 00:00:00+00:00,LZ_LCRA,2026-01-16 07:00:00+00:00,14.778333333333334,25.656536,16.95556,34.282227
ElecFMV6,2026-01-16 00:00:00+00:00,LZ_LCRA,2026-01-16 08:00:00+00:00,14.125833333333333,23.433908,13.646975,32.092995
ElecFMV6,2026-01-16 00:00:00+00:00,LZ_LCRA,2026-01-16 09:00:00+00:00,13.7475,21.351322,11.251389,29.593018
ElecFMV6,2026-01-16 00:00:00+00:00,LZ_LCRA,2026-01-16 10:00:00+00:00,14.888333333333334,22.779064,12.230696,31.071545
ElecFMV6,2026-01-16 00:00:00+00:00,LZ_LCRA,2026-01-16 11:00:00+00:00,18.999166666666667,25.340525,15.477225,33.831123
ElecFMV6,2026-01-16 00:00:00+00:00,LZ_LCRA,2026-01-16 12:00:00+00:00,18.65083333333333,26.386368,16.31206,34.259705
ElecFMV6,2026-01-16 00:00:00+00:00,LZ_LCRA,2026-01-16 13:00:00+00:00,19.3475,28.837147,18.230057,37.58602
ElecFMV6,2026-01-16 00:00:00+00:00,LZ_LCRA,2026-01-16 14:00:00+00:00,2.66,23.804941,12.059519,32.4178
ElecFMV6,2026-01-16 00:00:00+00:00,LZ_LCRA,2026-01-16 15:00:00+00:00,-3.5558333333333336,17.667015,6.1818075,28.15736
ElecFMV6,2026-01-16 00:00:00+00:00,LZ_LCRA,2026-01-16 16:00:00+00:00,-4.903333333333333,14.970597,3.003851,25.161678
ElecFMV6,2026-01-16 00:00:00+00:00,LZ_LCRA,2026-01-16 17:00:00+00:00,-7.491666666666667,12.257849,1.7800674,22.661144
ElecFMV6,2026-01-16 00:00:00+00:00,LZ_LCRA,2026-01-16 18:00:00+00:00,-7.946666666666666,11.161612,0.86723137,22.299057
ElecFMV6,2026-01-16 00:00:00+00:00,LZ_LCRA,2026-01-16 19:00:00+00:00,-6.053333333333334,7.9587727,-3.191433,18.195307
ElecFMV6,2026-01-16 00:00:00+00:00,LZ_LCRA,2026-01-16 20:00:00+00:00,-5.2700000000000005,5.9678745,-4.386101,16.344383
ElecFMV6,2026-01-16 00:00:00+00:00,LZ_LCRA,2026-01-16 21:00:00+00:00,-4.2525,6.586692,-4.8043365,15.4270315
ElecFMV6,2026-01-16 00:00:00+00:00,LZ_LCRA,2026-01-16 22:00:00+00:00,7.895,11.600615,-0.47510338,20.174109
ElecFMV6,2026-01-16 00:00:00+00:00,LZ_LCRA,2026-01-16 23:00:00+00:00,34.39333333333334,20.415844,9.151692,26.78717
ElecFMV6,2026-01-16 00:00:00+00:00,LZ_WEST,2026-01-16 00:00:00+00:00,18.36583333333333,30.727705,20.032131,47.627823
ElecFMV6,2026-01-16 00:00:00+00:00,LZ_WEST,2026-01-16 01:00:00+00:00,4.814166666666667,29.9283,16.751564,50.4453
ElecFMV6,2026-01-16 00:00:00+00:00,LZ_WEST,2026-01-16 02:00:00+00:00,3.265833333333333,32.39451,16.596252,55.258747
ElecFMV6,2026-01-16 00:00:00+00:00,LZ_WEST,2026-01-16 03:00:00+00:00,6.474166666666666,34.942825,17.358885,60.42302
ElecFMV6,2026-01-16 00:00:00+00:00,LZ_WEST,2026-01-16 04:00:00+00:00,5.121666666666667,39.466923,19.665714,66.70809
ElecFMV6,2026-01-16 00:00:00+00:00,LZ_WEST,2026-01-16 05:00:00+00:00,8.025833333333333,48.491215,25.756641,77.03595
ElecFMV6,2026-01-16 00:00:00+00:00,LZ_WEST,2026-01-16 06:00:00+00:00,6.07,46.846855,24.372429,78.244095
ElecFMV6,2026-01-16 00:00:00+00:00,LZ_WEST,2026-01-16 07:00:00+00:00,7.4875,44.876274,22.042366,76.81943
ElecFMV6,2026-01-16 00:00:00+00:00,LZ_WEST,2026-01-16 08:00:00+00:00,5.444166666666667,41.933582,16.510746,74.12721
ElecFMV6,2026-01-16 00:00:00+00:00,LZ_WEST,2026-01-16 09:00:00+00:00,3.225,41.428223,14.19632,72.813965
ElecFMV6,2026-01-16 00:00:00+00:00,LZ_WEST,2026-01-16 10:00:00+00:00,3.8075,38.764412,10.008774,70.55835
ElecFMV6,2026-01-16 00:00:00+00:00,LZ_WEST,2026-01-16 11:00:00+00:00,4.585,43.245464,14.978102,77.063416
ElecFMV6,2026-01-16 00:00:00+00:00,LZ_WEST,2026-01-16 12:00:00+00:00,4.345,44.366966,17.681345,75.96565
ElecFMV6,2026-01-16 00:00:00+00:00,LZ_WEST,2026-01-16 13:00:00+00:00,1.0841666666666667,51.742264,25.572304,81.98534
ElecFMV6,2026-01-16 00:00:00+00:00,LZ_WEST,2026-01-16 14:00:00+00:00,-4.504166666666666,48.4169,22.617645,77.66699
ElecFMV6,2026-01-16 00:00:00+00:00,LZ_WEST,2026-01-16 15:00:00+00:00,-9.991666666666667,26.893314,3.9109383,55.069077
ElecFMV6,2026-01-16 00:00:00+00:00,LZ_WEST,2026-01-16 16:00:00+00:00,-12.059166666666668,25.10238,1.5423813,50.98823
ElecFMV6,2026-01-16 00:00:00+00:00,LZ_WEST,2026-01-16 17:00:00+00:00,-12.874166666666667,21.38171,0.9070816,45.613243
ElecFMV6,2026-01-16 00:00:00+00:00,LZ_WEST,2026-01-16 18:00:00+00:00,-13.170833333333334,20.142899,1.8158684,45.361374
ElecFMV6,2026-01-16 00:00:00+00:00,LZ_WEST,2026-01-16 19:00:00+00:00,-11.530833333333334,10.41605,-5.547203,32.450294
ElecFMV6,2026-01-16 00:00:00+00:00,LZ_WEST,2026-01-16 20:00:00+00:00,-8.706666666666667,6.286442,-9.941345,26.988863
ElecFMV6,2026-01-16 00:00:00+00:00,LZ_WEST,2026-01-16 21:00:00+00:00,-5.1875,5.4515285,-11.025585,25.813791
ElecFMV6,2026-01-16 00:00:00+00:00,LZ_WEST,2026-01-16 22:00:00+00:00,0.8708333333333335,6.298668,-12.190121,29.696354
ElecFMV6,2026-01-16 00:00:00+00:00,LZ_WEST,2026-01-16 23:00:00+00:00,37.815,22.343895,1.5762634,46.600964
ElecFMV6,2026-01-16 00:00:00+00:00,LZ_RAYBN,2026-01-16 00:00:00+00:00,26.895,28.285725,21.699478,36.896023
ElecFMV6,2026-01-16 00:00:00+00:00,LZ_RAYBN,2026-01-16 01:00:00+00:00,29.126666666666665,28.890429,20.653381,38.557976
ElecFMV6,2026-01-16 00:00:00+00:00,LZ_RAYBN,2026-01-16 02:00:00+00:00,32.208333333333336,29.710608,19.875586,40.641716
ElecFMV6,2026-01-16 00:00:00+00:00,LZ_RAYBN,2026-01-16 03:00:00+00:00,32.64083333333333,30.691376,19.84249,42.72082
ElecFMV6,2026-01-16 00:00:00+00:00,LZ_RAYBN,2026-01-16 04:00:00+00:00,24.25333333333333,30.754297,18.875225,42.45436
ElecFMV6,2026-01-16 00:00:00+00:00,LZ_RAYBN,2026-01-16 05:00:00+00:00,24.155833333333337,30.62443,18.063322,42.360733
ElecFMV6,2026-01-16 00:00:00+00:00,LZ_RAYBN,2026-01-16 06:00:00+00:00,23.4925,30.368942,17.704727,43.40351
ElecFMV6,2026-01-16 00:00:00+00:00,LZ_RAYBN,2026-01-16 07:00:00+00:00,22.15416666666667,31.365683,18.491861,44.52517
ElecFMV6,2026-01-16 00:00:00+00:00,LZ_RAYBN,2026-01-16 08:00:00+00:00,23.53833333333333,30.436787,16.410631,43.26555
ElecFMV6,2026-01-16 00:00:00+00:00,LZ_RAYBN,2026-01-16 09:00:00+00:00,24.37,27.451168,13.149833,40.321083
ElecFMV6,2026-01-16 00:00:00+00:00,LZ_RAYBN,2026-01-16 10:00:00+00:00,25.596666666666668,27.65775,13.151914,40.762695
ElecFMV6,2026-01-16 00:00:00+00:00,LZ_RAYBN,2026-01-16 11:00:00+00:00,32.6425,28.34623,14.402138,42.197693
ElecFMV6,2026-01-16 00:00:00+00:00,LZ_RAYBN,2026-01-16 12:00:00+00:00,32.483333333333334,27.556652,14.048803,41.053383
ElecFMV6,2026-01-16 00:00:00+00:00,LZ_RAYBN,2026-01-16 13:00:00+00:00,36.255833333333335,26.16888,13.110684,40.261948
ElecFMV6,2026-01-16 00:00:00+00:00,LZ_RAYBN,2026-01-16 14:00:00+00:00,13.876666666666669,22.362343,9.224418,36.954433
ElecFMV6,2026-01-16 00:00:00+00:00,LZ_RAYBN,2026-01-16 15:00:00+00:00,11.035000000000002,17.777435,4.9564,32.538223
ElecFMV6,2026-01-16 00:00:00+00:00,LZ_RAYBN,2026-01-16 16:00:00+00:00,12.451666666666666,17.337961,4.2735996,32.309364
ElecFMV6,2026-01-16 00:00:00+00:00,LZ_RAYBN,2026-01-16 17:00:00+00:00,9.054166666666667,17.159742,5.0876083,31.679193
ElecFMV6,2026-01-16 00:00:00+00:00,LZ_RAYBN,2026-01-16 18:00:00+00:00,8.428333333333333,18.796011,6.582715,34.06135
ElecFMV6,2026-01-16 00:00:00+00:00,LZ_RAYBN,2026-01-16 19:00:00+00:00,8.715833333333334,17.869598,5.8406725,32.70527
ElecFMV6,2026-01-16 00:00:00+00:00,LZ_RAYBN,2026-01-16 20:00:00+00:00,6.416666666666667,17.706146,5.5042076,32.74502
ElecFMV6,2026-01-16 00:00:00+00:00,LZ_RAYBN,2026-01-16 21:00:00+00:00,0.0291666666666666,21.324999,8.184601,36.059414
ElecFMV6,2026-01-16 00:00:00+00:00,LZ_RAYBN,2026-01-16 22:00:00+00:00,14.405833333333334,25.885166,11.77223,40.96825
ElecFMV6,2026-01-16 00:00:00+00:00,LZ_RAYBN,2026-01-16 23:00:00+00:00,34.37583333333333,28.865295,15.295015,43.435738
ElecFMV6,2026-01-17 00:00:00+00:00,LZ_LCRA,2026-01-17 00:00:00+00:00,29.680833333333336,29.593817,24.657326,35.523186
ElecFMV6,2026-01-17 00:00:00+00:00,LZ_LCRA,2026-01-17 01:00:00+00:00,26.5425,26.185833,20.205563,33.42411
ElecFMV6,2026-01-17 00:00:00+00:00,LZ_LCRA,2026-01-17 02:00:00+00:00,23.7975,22.219048,15.316567,30.458025
ElecFMV6,2026-01-17 00:00:00+00:00,LZ_LCRA,2026-01-17 03:00:00+00:00,21.06416666666667,25.132416,17.3829,34.060856
ElecFMV6,2026-01-17 00:00:00+00:00,LZ_LCRA,2026-01-17 04:00:00+00:00,18.01833333333333,21.822882,13.443827,31.085793
ElecFMV6,2026-01-17 00:00:00+00:00,LZ_LCRA,2026-01-17 05:00:00+00:00,14.971666666666666,25.762943,16.872456,34.721027
ElecFMV6,2026-01-17 00:00:00+00:00,LZ_LCRA,2026-01-17 06:00:00+00:00,14.2675,24.83871,15.339858,35.096813
ElecFMV6,2026-01-17 00:00:00+00:00,LZ_LCRA,2026-01-17 07:00:00+00:00,14.388333333333334,24.283787,13.716948,34.655144
ElecFMV6,2026-01-17 00:00:00+00:00,LZ_LCRA,2026-01-17 08:00:00+00:00,14.075833333333334,21.923439,10.627066,33.049473
ElecFMV6,2026-01-17 00:00:00+00:00,LZ_LCRA,2026-01-17 09:00:00+00:00,15.4475,19.703985,8.40933,31.226322
ElecFMV6,2026-01-17 00:00:00+00:00,LZ_LCRA,2026-01-17 10:00:00+00:00,16.91583333333333,22.022245,11.28706,33.40468
ElecFMV6,2026-01-17 00:00:00+00:00,LZ_LCRA,2026-01-17 11:00:00+00:00,19.66583333333333,24.38324,13.894207,34.775116
ElecFMV6,2026-01-17 00:00:00+00:00,LZ_LCRA,2026-01-17 12:00:00+00:00,21.35083333333333,21.91541,11.507818,32.600983
ElecFMV6,2026-01-17 00:00:00+00:00,LZ_LCRA,2026-01-17 13:00:00+00:00,23.52083333333333,22.115244,10.728256,33.982517
ElecFMV6,2026-01-17 00:00:00+00:00,LZ_LCRA,2026-01-17 14:00:00+00:00,19.6525,14.63212,2.5142822,26.965935
ElecFMV6,2026-01-17 00:00:00+00:00,LZ_LCRA,2026-01-17 15:00:00+00:00,5.79,10.549824,-2.4221697,24.017593
ElecFMV6,2026-01-17 00:00:00+00:00,LZ_LCRA,2026-01-17 16:00:00+00:00,-0.8341666666666666,5.734293,-7.893338,19.462969
ElecFMV6,2026-01-17 00:00:00+00:00,LZ_LCRA,2026-01-17 17:00:00+00:00,-3.005833333333334,3.2882605,-9.9219675,17.501575
ElecFMV6,2026-01-17 00:00:00+00:00,LZ_LCRA,2026-01-17 18:00:00+00:00,-2.8166666666666664,2.4686537,-11.871579,17.486958
ElecFMV6,2026-01-17 00:00:00+00:00,LZ_LCRA,2026-01-17 19:00:00+00:00,-3.4883333333333333,2.1945992,-12.805909,17.514242
ElecFMV6,2026-01-17 00:00:00+00:00,LZ_LCRA,2026-01-17 20:00:00+00:00,-1.820833333333333,-1.3670282,-16.200096,14.273477
ElecFMV6,2026-01-17 00:00:00+00:00,LZ_LCRA,2026-01-17 21:00:00+00:00,1.3016666666666667,-0.2153635,-16.227283,14.807072
ElecFMV6,2026-01-17 00:00:00+00:00,LZ_LCRA,2026-01-17 22:00:00+00:00,11.435833333333331,6.8974314,-7.8498354,20.813522
ElecFMV6,2026-01-17 00:00:00+00:00,LZ_LCRA,2026-01-17 23:00:00+00:00,35.223333333333336,18.87466,4.3018703,31.493933
ElecFMV6,2026-01-17 00:00:00+00:00,LZ_WEST,2026-01-17 00:00:00+00:00,54.20166666666666,37.640347,16.804953,66.412994
ElecFMV6,2026-01-17 00:00:00+00:00,LZ_WEST,2026-01-17 01:00:00+00:00,51.6625,27.754951,2.095522,60.938988
ElecFMV6,2026-01-17 00:00:00+00:00,LZ_WEST,2026-01-17 02:00:00+00:00,46.178333333333335,18.997108,-6.859934,53.584717
ElecFMV6,2026-01-17 00:00:00+00:00,LZ_WEST,2026-01-17 03:00:00+00:00,40.3475,20.93853,-5.523924,55.63807
ElecFMV6,2026-01-17 00:00:00+00:00,LZ_WEST,2026-01-17 04:00:00+00:00,29.7,17.87895,-10.042471,52.38816
ElecFMV6,2026-01-17 00:00:00+00:00,LZ_WEST,2026-01-17 05:00:00+00:00,22.489166666666662,24.092154,-4.7828655,59.013824
ElecFMV6,2026-01-17 00:00:00+00:00,LZ_WEST,2026-01-17 06:00:00+00:00,15.633333333333333,17.796824,-11.2945385,53.23471
ElecFMV6,2026-01-17 00:00:00+00:00,LZ_WEST,2026-01-17 07:00:00+00:00,20.601666666666667,15.327662,-13.85895,52.44403
ElecFMV6,2026-01-17 00:00:00+00:00,LZ_WEST,2026-01-17 08:00:00+00:00,17.4225,9.391483,-19.128614,43.368744
ElecFMV6,2026-01-17 00:00:00+00:00,LZ_WEST,2026-01-17 09:00:00+00:00,16.075,11.997843,-15.581263,44.72946
ElecFMV6,2026-01-17 00:00:00+00:00,LZ_WEST,2026-01-17 10:00:00+00:00,17.315,6.0654774,-20.094461,36.691483
ElecFMV6,2026-01-17 00:00:00+00:00,LZ_WEST,2026-01-17 11:00:00+00:00,19.985,4.415739,-21.744535,35.158623
ElecFMV6,2026-01-17 00:00:00+00:00,LZ_WEST,2026-01-17 12:00:00+00:00,21.613333333333333,5.933159,-19.81814,34.360966
ElecFMV6,2026-01-17 00:00:00+00:00,LZ_WEST,2026-01-17 13:00:00+00:00,23.6625,6.5186596,-19.278807,34.37696
ElecFMV6,2026-01-17 00:00:00+00:00,LZ_WEST,2026-01-17 14:00:00+00:00,19.758333333333333,-1.6034985,-23.81634,24.353683
ElecFMV6,2026-01-17 00:00:00+00:00,LZ_WEST,2026-01-17 15:00:00+00:00,9.0425,-7.53393,-29.32379,17.413052
ElecFMV6,2026-01-17 00:00:00+00:00,LZ_WEST,2026-01-17 16:00:00+00:00,0.3799999999999999,-8.093603,-27.74354,13.727166
ElecFMV6,2026-01-17 00:00:00+00:00,LZ_WEST,2026-01-17 17:00:00+00:00,1.1508333333333334,-6.8049335,-25.364424,14.577482
ElecFMV6,2026-01-17 00:00:00+00:00,LZ_WEST,2026-01-17 18:00:00+00:00,0.4641666666666666,-8.447321,-25.943735,11.625435
ElecFMV6,2026-01-17 00:00:00+00:00,LZ_WEST,2026-01-17 19:00:00+00:00,0.5266666666666667,-8.621916,-24.042719,12.749023
ElecFMV6,2026-01-17 00:00:00+00:00,LZ_WEST,2026-01-17 20:00:00+00:00,0.1208333333333333,-6.407789,-21.302702,13.687121
ElecFMV6,2026-01-17 00:00:00+00:00,LZ_WEST,2026-01-17 21:00:00+00:00,0.645,-11.72621,-28.075602,10.392103
ElecFMV6,2026-01-17 00:00:00+00:00,LZ_WEST,2026-01-17 22:00:00+00:00,10.095,-5.816374,-23.869986,20.244194
ElecFMV6,2026-01-17 00:00:00+00:00,LZ_WEST,2026-01-17 23:00:00+00:00,35.55916666666666,18.838497,-4.6651554,48.77173
ElecFMV6,2026-01-17 00:00:00+00:00,LZ_RAYBN,2026-01-17 00:00:00+00:00,29.62333333333333,33.743774,26.100254,42.173965
ElecFMV6,2026-01-17 00:00:00+00:00,LZ_RAYBN,2026-01-17 01:00:00+00:00,25.83,32.18849,23.043638,42.300644
ElecFMV6,2026-01-17 00:00:00+00:00,LZ_RAYBN,2026-01-17 02:00:00+00:00,23.390833333333333,32.140327,22.643383,43.371918
ElecFMV6,2026-01-17 00:00:00+00:00,LZ_RAYBN,2026-01-17 03:00:00+00:00,18.839166666666667,33.17527,23.621922,44.79458
ElecFMV6,2026-01-17 00:00:00+00:00,LZ_RAYBN,2026-01-17 04:00:00+00:00,16.235833333333336,30.807873,20.98169,41.856354
ElecFMV6,2026-01-17 00:00:00+00:00,LZ_RAYBN,2026-01-17 05:00:00+00:00,13.908333333333331,30.30259,19.329222,41.17238
ElecFMV6,2026-01-17 00:00:00+00:00,LZ_RAYBN,2026-01-17 06:00:00+00:00,14.355833333333337,27.597658,16.924833,39.92984
ElecFMV6,2026-01-17 00:00:00+00:00,LZ_RAYBN,2026-01-17 07:00:00+00:00,14.885833333333332,27.605259,17.114372,40.224144
ElecFMV6,2026-01-17 00:00:00+00:00,LZ_RAYBN,2026-01-17 08:00:00+00:00,14.249166666666667,25.809464,14.922295,37.843525
ElecFMV6,2026-01-17 00:00:00+00:00,LZ_RAYBN,2026-01-17 09:00:00+00:00,15.47,26.228134,14.985324,38.22811
ElecFMV6,2026-01-17 00:00:00+00:00,LZ_RAYBN,2026-01-17 10:00:00+00:00,16.945,27.321083,15.682531,39.493095
ElecFMV6,2026-01-17 00:00:00+00:00,LZ_RAYBN,2026-01-17 11:00:00+00:00,19.68583333333333,29.097095,17.317728,42.460056
ElecFMV6,2026-01-17 00:00:00+00:00,LZ_RAYBN,2026-01-17 12:00:00+00:00,21.36583333333333,30.37442,17.715973,43.44471
ElecFMV6,2026-01-17 00:00:00+00:00,LZ_RAYBN,2026-01-17 13:00:00+00:00,23.52916666666667,29.036522,16.534424,43.305634
ElecFMV6,2026-01-17 00:00:00+00:00,LZ_RAYBN,2026-01-17 14:00:00+00:00,19.660833333333333,23.125708,10.518397,36.958015
ElecFMV6,2026-01-17 00:00:00+00:00,LZ_RAYBN,2026-01-17 15:00:00+00:00,13.54,20.308277,9.14256,33.919357
ElecFMV6,2026-01-17 00:00:00+00:00,LZ_RAYBN,2026-01-17 16:00:00+00:00,9.420833333333333,18.56301,7.1094027,31.17724
ElecFMV6,2026-01-17 00:00:00+00:00,LZ_RAYBN,2026-01-17 17:00:00+00:00,14.160833333333334,13.582088,3.9547424,25.787113
ElecFMV6,2026-01-17 00:00:00+00:00,LZ_RAYBN,2026-01-17 18:00:00+00:00,8.223333333333334,12.194875,2.5764847,24.104315
ElecFMV6,2026-01-17 00:00:00+00:00,LZ_RAYBN,2026-01-17 19:00:00+00:00,6.383333333333333,9.054731,-0.7658386,19.495562
ElecFMV6,2026-01-17 00:00:00+00:00,LZ_RAYBN,2026-01-17 20:00:00+00:00,2.65,7.0040026,-2.4398327,17.351734
ElecFMV6,2026-01-17 00:00:00+00:00,LZ_RAYBN,2026-01-17 21:00:00+00:00,4.82,8.7239065,-1.9599075,19.269356
ElecFMV6,2026-01-17 00:00:00+00:00,LZ_RAYBN,2026-01-17 22:00:00+00:00,11.199166666666663,16.651857,5.093876,28.32051
ElecFMV6,2026-01-17 00:00:00+00:00,LZ_RAYBN,2026-01-17 23:00:00+00:00,35.344166666666666,26.250202,13.50493,38.158257
ElecFMV6,2026-01-18 00:00:00+00:00,LZ_LCRA,2026-01-18 00:00:00+00:00,47.90416666666667,32.94509,28.349949,38.493855
ElecFMV6,2026-01-18 00:00:00+00:00,LZ_LCRA,2026-01-18 01:00:00+00:00,47.0725,29.79744,24.900534,36.035324
ElecFMV6,2026-01-18 00:00:00+00:00,LZ_LCRA,2026-01-18 02:00:00+00:00,49.4875,26.417381,21.823317,33.341316
ElecFMV6,2026-01-18 00:00:00+00:00,LZ_LCRA,2026-01-18 03:00:00+00:00,51.61333333333334,23.644562,19.15448,31.023678
ElecFMV6,2026-01-18 00:00:00+00:00,LZ_LCRA,2026-01-18 04:00:00+00:00,37.641666666666666,20.187542,15.393995,27.266735
ElecFMV6,2026-01-18 00:00:00+00:00,LZ_LCRA,2026-01-18 05:00:00+00:00,32.35666666666667,19.088211,14.323735,25.629333
ElecFMV6,2026-01-18 00:00:00+00:00,LZ_LCRA,2026-01-18 06:00:00+00:00,35.55833333333333,16.613665,11.291312,24.137993
ElecFMV6,2026-01-18 00:00:00+00:00,LZ_LCRA,2026-01-18 07:00:00+00:00,35.028333333333336,15.885904,9.377575,23.140493
ElecFMV6,2026-01-18 00:00:00+00:00,LZ_LCRA,2026-01-18 08:00:00+00:00,33.875,13.999176,7.0635223,22.002876
ElecFMV6,2026-01-18 00:00:00+00:00,LZ_LCRA,2026-01-18 09:00:00+00:00,35.25833333333333,13.446455,5.655096,21.408905
ElecFMV6,2026-01-18 00:00:00+00:00,LZ_LCRA,2026-01-18 10:00:00+00:00,36.15083333333333,16.943123,9.821713,24.057688
ElecFMV6,2026-01-18 00:00:00+00:00,LZ_LCRA,2026-01-18 11:00:00+00:00,30.92083333333333,21.0056,14.282302,27.919006
ElecFMV6,2026-01-18 00:00:00+00:00,LZ_LCRA,2026-01-18 12:00:00+00:00,26.22,21.337208,14.287872,27.64147
ElecFMV6,2026-01-18 00:00:00+00:00,LZ_LCRA,2026-01-18 13:00:00+00:00,26.7525,23.374222,15.714278,31.04737
ElecFMV6,2026-01-18 00:00:00+00:00,LZ_LCRA,2026-01-18 14:00:00+00:00,16.97,18.991089,9.976138,27.288963
ElecFMV6,2026-01-18 00:00:00+00:00,LZ_LCRA,2026-01-18 15:00:00+00:00,3.910833333333333,11.886765,2.4809666,21.276934
ElecFMV6,2026-01-18 00:00:00+00:00,LZ_LCRA,2026-01-18 16:00:00+00:00,4.7725,8.104509,-2.381012,17.508854
ElecFMV6,2026-01-18 00:00:00+00:00,LZ_LCRA,2026-01-18 17:00:00+00:00,2.7533333333333334,4.7472286,-5.254677,14.690327
ElecFMV6,2026-01-18 00:00:00+00:00,LZ_LCRA,2026-01-18 18:00:00+00:00,1.585,3.303688,-8.028252,13.5567
ElecFMV6,2026-01-18 00:00:00+00:00,LZ_LCRA,2026-01-18 19:00:00+00:00,1.5891666666666666,2.0489855,-9.31888,12.375352
ElecFMV6,2026-01-18 00:00:00+00:00,LZ_LCRA,2026-01-18 20:00:00+00:00,2.1808333333333336,1.2426233,-10.285542,11.447517
ElecFMV6,2026-01-18 00:00:00+00:00,LZ_LCRA,2026-01-18 21:00:00+00:00,2.8325,2.0888968,-9.481659,12.002558
ElecFMV6,2026-01-18 00:00:00+00:00,LZ_LCRA,2026-01-18 22:00:00+00:00,17.6675,10.068164,-0.8587246,18.980722
ElecFMV6,2026-01-18 00:00:00+00:00,LZ_LCRA,2026-01-18 23:00:00+00:00,43.51916666666667,22.117006,11.213127,30.062172
ElecFMV6,2026-01-18 00:00:00+00:00,LZ_WEST,2026-01-18 00:00:00+00:00,56.5325,41.31026,30.315388,56.234142
ElecFMV6,2026-01-18 00:00:00+00:00,LZ_WEST,2026-01-18 01:00:00+00:00,72.97666666666667,40.69463,26.994167,58.54043
ElecFMV6,2026-01-18 00:00:00+00:00,LZ_WEST,2026-01-18 02:00:00+00:00,84.3975,42.699036,27.40125,64.18262
ElecFMV6,2026-01-18 00:00:00+00:00,LZ_WEST,2026-01-18 03:00:00+00:00,93.09083333333332,42.64561,25.841913,65.87448
ElecFMV6,2026-01-18 00:00:00+00:00,LZ_WEST,2026-01-18 04:00:00+00:00,73.05166666666666,41.81666,23.578579,65.28602
ElecFMV6,2026-01-18 00:00:00+00:00,LZ_WEST,2026-01-18 05:00:00+00:00,47.79583333333333,41.69225,21.79876,65.300446
ElecFMV6,2026-01-18 00:00:00+00:00,LZ_WEST,2026-01-18 06:00:00+00:00,38.67916666666667,36.930546,17.31128,63.308624
ElecFMV6,2026-01-18 00:00:00+00:00,LZ_WEST,2026-01-18 07:00:00+00:00,35.495,32.99127,12.649927,59.247406
ElecFMV6,2026-01-18 00:00:00+00:00,LZ_WEST,2026-01-18 08:00:00+00:00,34.18083333333333,25.84898,6.1095886,49.82769
ElecFMV6,2026-01-18 00:00:00+00:00,LZ_WEST,2026-01-18 09:00:00+00:00,35.46583333333333,24.77069,5.536043,47.251163
ElecFMV6,2026-01-18 00:00:00+00:00,LZ_WEST,2026-01-18 10:00:00+00:00,35.65916666666667,26.165514,8.759943,48.393326
ElecFMV6,2026-01-18 00:00:00+00:00,LZ_WEST,2026-01-18 11:00:00+00:00,30.815,31.853865,15.839218,52.64627
ElecFMV6,2026-01-18 00:00:00+00:00,LZ_WEST,2026-01-18 12:00:00+00:00,26.046666666666667,30.504713,13.21343,48.192894
ElecFMV6,2026-01-18 00:00:00+00:00,LZ_WEST,2026-01-18 13:00:00+00:00,32.740833333333335,26.85454,10.606155,44.24635
ElecFMV6,2026-01-18 00:00:00+00:00,LZ_WEST,2026-01-18 14:00:00+00:00,13.246666666666668,19.598774,3.4876213,38.502113
ElecFMV6,2026-01-18 00:00:00+00:00,LZ_WEST,2026-01-18 15:00:00+00:00,0.0891666666666666,5.647232,-10.058645,24.259583
ElecFMV6,2026-01-18 00:00:00+00:00,LZ_WEST,2026-01-18 16:00:00+00:00,1.3983333333333334,1.4417973,-14.633928,17.561665
ElecFMV6,2026-01-18 00:00:00+00:00,LZ_WEST,2026-01-18 17:00:00+00:00,0.1183333333333333,-1.0595188,-15.070631,14.60561
ElecFMV6,2026-01-18 00:00:00+00:00,LZ_WEST,2026-01-18 18:00:00+00:00,-0.1033333333333333,2.7928638,-11.700933,19.511517
ElecFMV6,2026-01-18 00:00:00+00:00,LZ_WEST,2026-01-18 19:00:00+00:00,0.0141666666666666,1.707407,-14.626543,16.586132
ElecFMV6,2026-01-18 00:00:00+00:00,LZ_WEST,2026-01-18 20:00:00+00:00,-0.01,2.4932747,-16.001432,17.548351
ElecFMV6,2026-01-18 00:00:00+00:00,LZ_WEST,2026-01-18 21:00:00+00:00,1.086666666666667,2.5589695,-18.15814,18.953806
ElecFMV6,2026-01-18 00:00:00+00:00,LZ_WEST,2026-01-18 22:00:00+00:00,17.695833333333333,11.889948,-10.539106,27.942493
ElecFMV6,2026-01-18 00:00:00+00:00,LZ_WEST,2026-01-18 23:00:00+00:00,43.67166666666666,39.161774,15.819248,54.88807
ElecFMV6,2026-01-18 00:00:00+00:00,LZ_RAYBN,2026-01-18 00:00:00+00:00,51.8575,31.40392,23.169605,41.637985
ElecFMV6,2026-01-18 00:00:00+00:00,LZ_RAYBN,2026-01-18 01:00:00+00:00,60.54749999999999,28.695087,19.706518,40.659332
ElecFMV6,2026-01-18 00:00:00+00:00,LZ_RAYBN,2026-01-18 02:00:00+00:00,68.44166666666666,26.226807,17.132406,38.92078
ElecFMV6,2026-01-18 00:00:00+00:00,LZ_RAYBN,2026-01-18 03:00:00+00:00,74.08333333333333,25.285782,16.933075,38.216385
ElecFMV6,2026-01-18 00:00:00+00:00,LZ_RAYBN,2026-01-18 04:00:00+00:00,56.98333333333333,21.760857,13.963463,34.1612
ElecFMV6,2026-01-18 00:00:00+00:00,LZ_RAYBN,2026-01-18 05:00:00+00:00,39.83583333333333,21.955334,13.770815,33.749275
ElecFMV6,2026-01-18 00:00:00+00:00,LZ_RAYBN,2026-01-18 06:00:00+00:00,36.15916666666666,19.778915,12.443165,32.469643
ElecFMV6,2026-01-18 00:00:00+00:00,LZ_RAYBN,2026-01-18 07:00:00+00:00,34.26166666666666,19.184635,11.55908,32.246185
ElecFMV6,2026-01-18 00:00:00+00:00,LZ_RAYBN,2026-01-18 08:00:00+00:00,33.82833333333333,18.137941,10.209203,30.190285
ElecFMV6,2026-01-18 00:00:00+00:00,LZ_RAYBN,2026-01-18 09:00:00+00:00,35.2075,17.487625,9.398829,28.833103
ElecFMV6,2026-01-18 00:00:00+00:00,LZ_RAYBN,2026-01-18 10:00:00+00:00,35.66416666666667,19.471684,10.99744,30.762686
ElecFMV6,2026-01-18 00:00:00+00:00,LZ_RAYBN,2026-01-18 11:00:00+00:00,30.727500000000003,22.904745,14.92099,34.608402
ElecFMV6,2026-01-18 00:00:00+00:00,LZ_RAYBN,2026-01-18 12:00:00+00:00,26.0575,22.723,13.92009,33.199753
ElecFMV6,2026-01-18 00:00:00+00:00,LZ_RAYBN,2026-01-18 13:00:00+00:00,26.4,24.826284,16.25297,36.264015
ElecFMV6,2026-01-18 00:00:00+00:00,LZ_RAYBN,2026-01-18 14:00:00+00:00,14.408333333333331,21.707977,12.944891,32.543316
ElecFMV6,2026-01-18 00:00:00+00:00,LZ_RAYBN,2026-01-18 15:00:00+00:00,3.64,18.45883,11.050847,28.36483
ElecFMV6,2026-01-18 00:00:00+00:00,LZ_RAYBN,2026-01-18 16:00:00+00:00,3.975,15.322665,7.436577,24.32464
ElecFMV6,2026-01-18 00:00:00+00:00,LZ_RAYBN,2026-01-18 17:00:00+00:00,2.6775,13.797117,7.9351788,22.797293
ElecFMV6,2026-01-18 00:00:00+00:00,LZ_RAYBN,2026-01-18 18:00:00+00:00,1.471666666666667,13.713224,7.759985,22.84584
ElecFMV6,2026-01-18 00:00:00+00:00,LZ_RAYBN,2026-01-18 19:00:00+00:00,1.3316666666666668,12.102656,5.5680637,20.265305
ElecFMV6,2026-01-18 00:00:00+00:00,LZ_RAYBN,2026-01-18 20:00:00+00:00,2.063333333333333,9.783285,4.0152874,18.082497
ElecFMV6,2026-01-18 00:00:00+00:00,LZ_RAYBN,2026-01-18 21:00:00+00:00,2.34,11.519883,5.0638943,19.703777
ElecFMV6,2026-01-18 00:00:00+00:00,LZ_RAYBN,2026-01-18 22:00:00+00:00,17.664166666666667,16.286068,9.532022,24.948677
ElecFMV6,2026-01-18 00:00:00+00:00,LZ_RAYBN,2026-01-18 23:00:00+00:00,43.575,24.373596,16.74477,34.0264
ElecFMV6,2026-01-19 00:00:00+00:00,LZ_LCRA,2026-01-19 00:00:00+00:00,41.42916666666667,44.126667,34.11111,54.295387
ElecFMV6,2026-01-19 00:00:00+00:00,LZ_LCRA,2026-01-19 01:00:00+00:00,39.64833333333333,46.159115,34.145912,57.99285
ElecFMV6,2026-01-19 00:00:00+00:00,LZ_LCRA,2026-01-19 02:00:00+00:00,45.21,46.02041,32.70594,59.31331
ElecFMV6,2026-01-19 00:00:00+00:00,LZ_LCRA,2026-01-19 03:00:00+00:00,29.23333333333333,43.147453,28.971941,57.347748
ElecFMV6,2026-01-19 00:00:00+00:00,LZ_LCRA,2026-01-19 04:00:00+00:00,25.465833333333336,37.36075,23.34526,51.81154
ElecFMV6,2026-01-19 00:00:00+00:00,LZ_LCRA,2026-01-19 05:00:00+00:00,23.71,34.2586,19.485573,48.367783
ElecFMV6,2026-01-19 00:00:00+00:00,LZ_LCRA,2026-01-19 06:00:00+00:00,20.4425,34.165466,19.59948,49.16366
ElecFMV6,2026-01-19 00:00:00+00:00,LZ_LCRA,2026-01-19 07:00:00+00:00,18.445,28.940231,14.323212,43.998604
ElecFMV6,2026-01-19 00:00:00+00:00,LZ_LCRA,2026-01-19 08:00:00+00:00,18.42,24.899946,10.095533,39.88919
ElecFMV6,2026-01-19 00:00:00+00:00,LZ_LCRA,2026-01-19 09:00:00+00:00,20.438333333333333,24.212854,9.053809,39.2993
ElecFMV6,2026-01-19 00:00:00+00:00,LZ_LCRA,2026-01-19 10:00:00+00:00,24.111666666666668,23.887356,9.058495,38.702644
ElecFMV6,2026-01-19 00:00:00+00:00,LZ_LCRA,2026-01-19 11:00:00+00:00,29.47083333333333,26.595303,12.057638,41.51229
ElecFMV6,2026-01-19 00:00:00+00:00,LZ_LCRA,2026-01-19 12:00:00+00:00,26.477500000000003,24.337383,10.21443,38.836063
ElecFMV6,2026-01-19 00:00:00+00:00,LZ_LCRA,2026-01-19 13:00:00+00:00,23.835,23.17921,9.037957,37.269566
ElecFMV6,2026-01-19 00:00:00+00:00,LZ_LCRA,2026-01-19 14:00:00+00:00,14.460833333333332,19.190952,4.377187,33.19971
ElecFMV6,2026-01-19 00:00:00+00:00,LZ_LCRA,2026-01-19 15:00:00+00:00,4.060833333333334,12.247632,-2.6236343,26.600624
ElecFMV6,2026-01-19 00:00:00+00:00,LZ_LCRA,2026-01-19 16:00:00+00:00,1.1858333333333333,7.130457,-8.147369,21.905563
ElecFMV6,2026-01-19 00:00:00+00:00,LZ_LCRA,2026-01-19 17:00:00+00:00,-1.0691666666666666,5.239643,-9.735996,20.30874
ElecFMV6,2026-01-19 00:00:00+00:00,LZ_LCRA,2026-01-19 18:00:00+00:00,-2.3725,4.1636696,-11.64279,19.78798
ElecFMV6,2026-01-19 00:00:00+00:00,LZ_LCRA,2026-01-19 19:00:00+00:00,-3.7908333333333335,5.172572,-11.10112,20.343603
ElecFMV6,2026-01-19 00:00:00+00:00,LZ_LCRA,2026-01-19 20:00:00+00:00,-4.6258333333333335,3.178173,-13.090715,18.369518
ElecFMV6,2026-01-19 00:00:00+00:00,LZ_LCRA,2026-01-19 21:00:00+00:00,-5.599166666666666,3.9112844,-12.132664,18.076345
ElecFMV6,2026-01-19 00:00:00+00:00,LZ_LCRA,2026-01-19 22:00:00+00:00,-3.564166666666667,13.219479,-2.260765,26.975815
ElecFMV6,2026-01-19 00:00:00+00:00,LZ_LCRA,2026-01-19 23:00:00+00:00,18.326666666666664,20.98058,6.1928606,34.619446
ElecFMV6,2026-01-19 00:00:00+00:00,LZ_WEST,2026-01-19 00:00:00+00:00,41.5075,52.84759,38.4057,71.28877
ElecFMV6,2026-01-19 00:00:00+00:00,LZ_WEST,2026-01-19 01:00:00+00:00,39.97583333333333,53.47795,35.650017,76.194855
ElecFMV6,2026-01-19 00:00:00+00:00,LZ_WEST,2026-01-19 02:00:00+00:00,45.78833333333333,57.590553,38.283344,82.54047
ElecFMV6,2026-01-19 00:00:00+00:00,LZ_WEST,2026-01-19 03:00:00+00:00,30.24083333333333,53.061684,32.659565,80.01659
ElecFMV6,2026-01-19 00:00:00+00:00,LZ_WEST,2026-01-19 04:00:00+00:00,26.320833333333336,49.144558,29.261662,77.30087
ElecFMV6,2026-01-19 00:00:00+00:00,LZ_WEST,2026-01-19 05:00:00+00:00,24.835,45.37192,22.949493,74.17331
ElecFMV6,2026-01-19 00:00:00+00:00,LZ_WEST,2026-01-19 06:00:00+00:00,20.88083333333333,42.545628,20.401957,72.85716
ElecFMV6,2026-01-19 00:00:00+00:00,LZ_WEST,2026-01-19 07:00:00+00:00,18.3725,37.583786,16.335644,69.09036
ElecFMV6,2026-01-19 00:00:00+00:00,LZ_WEST,2026-01-19 08:00:00+00:00,18.390833333333333,33.09292,11.71739,62.048485
ElecFMV6,2026-01-19 00:00:00+00:00,LZ_WEST,2026-01-19 09:00:00+00:00,20.861666666666668,28.66617,7.6171246,56.31083
ElecFMV6,2026-01-19 00:00:00+00:00,LZ_WEST,2026-01-19 10:00:00+00:00,26.48583333333333,25.475798,4.846134,52.181427
ElecFMV6,2026-01-19 00:00:00+00:00,LZ_WEST,2026-01-19 11:00:00+00:00,36.1725,27.820946,8.439514,56.138214
ElecFMV6,2026-01-19 00:00:00+00:00,LZ_WEST,2026-01-19 12:00:00+00:00,33.14083333333333,27.945545,8.734911,53.76651
ElecFMV6,2026-01-19 00:00:00+00:00,LZ_WEST,2026-01-19 13:00:00+00:00,24.20583333333333,24.978914,6.399494,50.916523
ElecFMV6,2026-01-19 00:00:00+00:00,LZ_WEST,2026-01-19 14:00:00+00:00,14.194166666666668,20.814064,2.3101196,44.62302
ElecFMV6,2026-01-19 00:00:00+00:00,LZ_WEST,2026-01-19 15:00:00+00:00,-0.3233333333333333,14.179228,-2.1418228,37.50346
ElecFMV6,2026-01-19 00:00:00+00:00,LZ_WEST,2026-01-19 16:00:00+00:00,-0.4775,10.237612,-6.6867256,31.974012
ElecFMV6,2026-01-19 00:00:00+00:00,LZ_WEST,2026-01-19 17:00:00+00:00,-1.4333333333333331,4.792633,-10.616341,28.051945
ElecFMV6,2026-01-19 00:00:00+00:00,LZ_WEST,2026-01-19 18:00:00+00:00,-2.2091666666666665,6.8436146,-9.399441,30.897799
ElecFMV6,2026-01-19 00:00:00+00:00,LZ_WEST,2026-01-19 19:00:00+00:00,-2.796666666666667,7.624565,-10.988071,31.319523
ElecFMV6,2026-01-19 00:00:00+00:00,LZ_WEST,2026-01-19 20:00:00+00:00,-3.178333333333333,5.400406,-12.983692,29.573124
ElecFMV6,2026-01-19 00:00:00+00:00,LZ_WEST,2026-01-19 21:00:00+00:00,-3.778333333333333,5.4365826,-14.685959,29.521389
ElecFMV6,2026-01-19 00:00:00+00:00,LZ_WEST,2026-01-19 22:00:00+00:00,-2.859166666666667,14.966139,-6.533478,39.4693
ElecFMV6,2026-01-19 00:00:00+00:00,LZ_WEST,2026-01-19 23:00:00+00:00,18.50583333333333,30.987118,7.031698,57.594315
ElecFMV6,2026-01-19 00:00:00+00:00,LZ_RAYBN,2026-01-19 00:00:00+00:00,41.45583333333334,47.044464,34.479496,63.525772
ElecFMV6,2026-01-19 00:00:00+00:00,LZ_RAYBN,2026-01-19 01:00:00+00:00,39.79833333333333,49.105865,34.1454,69.12845
ElecFMV6,2026-01-19 00:00:00+00:00,LZ_RAYBN,2026-01-19 02:00:00+00:00,45.37583333333333,48.163902,31.875004,70.616005
ElecFMV6,2026-01-19 00:00:00+00:00,LZ_RAYBN,2026-01-19 03:00:00+00:00,29.7575,46.22785,29.526352,70.72075
ElecFMV6,2026-01-19 00:00:00+00:00,LZ_RAYBN,2026-01-19 04:00:00+00:00,25.5575,42.966103,26.720404,67.55448
ElecFMV6,2026-01-19 00:00:00+00:00,LZ_RAYBN,2026-01-19 05:00:00+00:00,23.86583333333333,39.422493,22.647085,63.578323
ElecFMV6,2026-01-19 00:00:00+00:00,LZ_RAYBN,2026-01-19 06:00:00+00:00,20.563333333333333,36.478085,20.909302,61.104446
ElecFMV6,2026-01-19 00:00:00+00:00,LZ_RAYBN,2026-01-19 07:00:00+00:00,18.52083333333333,31.431526,16.42153,56.971333
ElecFMV6,2026-01-19 00:00:00+00:00,LZ_RAYBN,2026-01-19 08:00:00+00:00,18.42,28.648727,13.759183,52.299747
ElecFMV6,2026-01-19 00:00:00+00:00,LZ_RAYBN,2026-01-19 09:00:00+00:00,20.48333333333333,25.443726,10.595878,48.186043
ElecFMV6,2026-01-19 00:00:00+00:00,LZ_RAYBN,2026-01-19 10:00:00+00:00,23.13416666666667,25.110962,10.276665,47.725502
ElecFMV6,2026-01-19 00:00:00+00:00,LZ_RAYBN,2026-01-19 11:00:00+00:00,26.605,27.470741,13.253454,50.695965
ElecFMV6,2026-01-19 00:00:00+00:00,LZ_RAYBN,2026-01-19 12:00:00+00:00,23.631666666666664,29.026196,15.405893,50.156242
ElecFMV6,2026-01-19 00:00:00+00:00,LZ_RAYBN,2026-01-19 13:00:00+00:00,23.6525,30.235868,17.904297,51.151543
ElecFMV6,2026-01-19 00:00:00+00:00,LZ_RAYBN,2026-01-19 14:00:00+00:00,14.670833333333334,25.132256,12.896065,44.97457
ElecFMV6,2026-01-19 00:00:00+00:00,LZ_RAYBN,2026-01-19 15:00:00+00:00,5.758333333333333,21.591093,10.600239,41.429474
ElecFMV6,2026-01-19 00:00:00+00:00,LZ_RAYBN,2026-01-19 16:00:00+00:00,1.6575,18.812782,7.250991,38.70816
ElecFMV6,2026-01-19 00:00:00+00:00,LZ_RAYBN,2026-01-19 17:00:00+00:00,-0.7066666666666667,18.564957,8.275307,38.708694
ElecFMV6,2026-01-19 00:00:00+00:00,LZ_RAYBN,2026-01-19 18:00:00+00:00,-2.415,17.642746,7.13933,38.06369
ElecFMV6,2026-01-19 00:00:00+00:00,LZ_RAYBN,2026-01-19 19:00:00+00:00,-3.8858333333333337,15.68903,3.6137905,35.05244
ElecFMV6,2026-01-19 00:00:00+00:00,LZ_RAYBN,2026-01-19 20:00:00+00:00,-4.6525,14.226162,3.0360394,33.670807
ElecFMV6,2026-01-19 00:00:00+00:00,LZ_RAYBN,2026-01-19 21:00:00+00:00,-5.333333333333333,14.361038,2.555462,33.78141
ElecFMV6,2026-01-19 00:00:00+00:00,LZ_RAYBN,2026-01-19 22:00:00+00:00,-3.6341666666666663,20.342323,8.021738,39.897507
ElecFMV6,2026-01-19 00:00:00+00:00,LZ_RAYBN,2026-01-19 23:00:00+00:00,18.3575,27.277922,14.531643,48.180817
ElecFMV6,2026-01-20 00:00:00+00:00,LZ_LCRA,2026-01-20 00:00:00+00:00,22.89333333333333,19.287573,12.219292,26.109852
ElecFMV6,2026-01-20 00:00:00+00:00,LZ_LCRA,2026-01-20 01:00:00+00:00,23.886666666666667,17.570261,8.772491,26.330109
ElecFMV6,2026-01-20 00:00:00+00:00,LZ_LCRA,2026-01-20 02:00:00+00:00,33.10916666666667,18.312086,8.0738535,28.30038
ElecFMV6,2026-01-20 00:00:00+00:00,LZ_LCRA,2026-01-20 03:00:00+00:00,41.623333333333335,14.986561,4.4869184,26.298359
ElecFMV6,2026-01-20 00:00:00+00:00,LZ_LCRA,2026-01-20 04:00:00+00:00,38.830000000000005,12.740488,2.1251173,23.980316
ElecFMV6,2026-01-20 00:00:00+00:00,LZ_LCRA,2026-01-20 05:00:00+00:00,33.38666666666666,12.005949,0.4226818,23.362928
ElecFMV6,2026-01-20 00:00:00+00:00,LZ_LCRA,2026-01-20 06:00:00+00:00,31.8775,11.95397,1.2896824,25.110731
ElecFMV6,2026-01-20 00:00:00+00:00,LZ_LCRA,2026-01-20 07:00:00+00:00,35.086666666666666,12.9394245,1.8656578,26.356695
ElecFMV6,2026-01-20 00:00:00+00:00,LZ_LCRA,2026-01-20 08:00:00+00:00,51.2825,11.198895,-0.75094795,23.837427
ElecFMV6,2026-01-20 00:00:00+00:00,LZ_LCRA,2026-01-20 09:00:00+00:00,58.60666666666666,12.82987,0.118946075,25.121758
ElecFMV6,2026-01-20 00:00:00+00:00,LZ_LCRA,2026-01-20 10:00:00+00:00,62.76833333333334,14.524786,2.18886,27.059433
ElecFMV6,2026-01-20 00:00:00+00:00,LZ_LCRA,2026-01-20 11:00:00+00:00,63.965833333333336,18.129152,6.685171,32.103714
ElecFMV6,2026-01-20 00:00:00+00:00,LZ_LCRA,2026-01-20 12:00:00+00:00,65.1575,16.109756,4.6084642,27.973354
ElecFMV6,2026-01-20 00:00:00+00:00,LZ_LCRA,2026-01-20 13:00:00+00:00,110.13166666666666,19.003695,7.620763,31.121565
ElecFMV6,2026-01-20 00:00:00+00:00,LZ_LCRA,2026-01-20 14:00:00+00:00,137.86083333333335,15.571089,4.5526133,27.188719
ElecFMV6,2026-01-20 00:00:00+00:00,LZ_LCRA,2026-01-20 15:00:00+00:00,24.9425,8.904437,-0.3587551,19.167627
ElecFMV6,2026-01-20 00:00:00+00:00,LZ_LCRA,2026-01-20 16:00:00+00:00,23.05,6.2108393,-3.304058,15.5166445
ElecFMV6,2026-01-20 00:00:00+00:00,LZ_LCRA,2026-01-20 17:00:00+00:00,23.096666666666668,3.7636948,-3.6570969,13.5268955
ElecFMV6,2026-01-20 00:00:00+00:00,LZ_LCRA,2026-01-20 18:00:00+00:00,24.87833333333333,2.928753,-5.4245567,13.0725765
ElecFMV6,2026-01-20 00:00:00+00:00,LZ_LCRA,2026-01-20 19:00:00+00:00,25.26,2.0604591,-6.4021683,11.52108
ElecFMV6,2026-01-20 00:00:00+00:00,LZ_LCRA,2026-01-20 20:00:00+00:00,24.808333333333337,0.16557693,-8.384457,9.842773
ElecFMV6,2026-01-20 00:00:00+00:00,LZ_LCRA,2026-01-20 21:00:00+00:00,25.575833333333332,3.1554737,-6.520796,13.483544
ElecFMV6,2026-01-20 00:00:00+00:00,LZ_LCRA,2026-01-20 22:00:00+00:00,27.721666666666668,8.936938,-2.0986824,21.324032
ElecFMV6,2026-01-20 00:00:00+00:00,LZ_LCRA,2026-01-20 23:00:00+00:00,30.15083333333333,20.237257,7.0366926,34.71215
ElecFMV6,2026-01-20 00:00:00+00:00,LZ_WEST,2026-01-20 00:00:00+00:00,34.98833333333334,27.593735,21.379866,39.791718
ElecFMV6,2026-01-20 00:00:00+00:00,LZ_WEST,2026-01-20 01:00:00+00:00,44.93416666666667,26.839504,18.853304,42.513885
ElecFMV6,2026-01-20 00:00:00+00:00,LZ_WEST,2026-01-20 02:00:00+00:00,62.99166666666667,27.902605,17.424736,46.247616
ElecFMV6,2026-01-20 00:00:00+00:00,LZ_WEST,2026-01-20 03:00:00+00:00,61.55666666666667,27.621859,15.782917,48.243393
ElecFMV6,2026-01-20 00:00:00+00:00,LZ_WEST,2026-01-20 04:00:00+00:00,46.126666666666665,25.729548,12.577746,46.65921
ElecFMV6,2026-01-20 00:00:00+00:00,LZ_WEST,2026-01-20 05:00:00+00:00,46.5075,23.264301,7.018999,45.3773
ElecFMV6,2026-01-20 00:00:00+00:00,LZ_WEST,2026-01-20 06:00:00+00:00,55.41166666666667,22.139639,6.44014,47.16073
ElecFMV6,2026-01-20 00:00:00+00:00,LZ_WEST,2026-01-20 07:00:00+00:00,61.1675,20.183306,4.387327,45.495277
ElecFMV6,2026-01-20 00:00:00+00:00,LZ_WEST,2026-01-20 08:00:00+00:00,65.48,21.081234,3.201231,44.764015
ElecFMV6,2026-01-20 00:00:00+00:00,LZ_WEST,2026-01-20 09:00:00+00:00,78.06333333333333,23.169384,5.0022717,45.589115
ElecFMV6,2026-01-20 00:00:00+00:00,LZ_WEST,2026-01-20 10:00:00+00:00,85.72583333333334,22.291607,3.2933826,45.148567
ElecFMV6,2026-01-20 00:00:00+00:00,LZ_WEST,2026-01-20 11:00:00+00:00,85.2375,27.139112,9.216031,51.05843
ElecFMV6,2026-01-20 00:00:00+00:00,LZ_WEST,2026-01-20 12:00:00+00:00,94.84,29.072744,10.164435,51.05668
ElecFMV6,2026-01-20 00:00:00+00:00,LZ_WEST,2026-01-20 13:00:00+00:00,134.6775,31.347061,12.686818,53.763275
ElecFMV6,2026-01-20 00:00:00+00:00,LZ_WEST,2026-01-20 14:00:00+00:00,185.59583333333333,24.077662,6.024107,46.638077
ElecFMV6,2026-01-20 00:00:00+00:00,LZ_WEST,2026-01-20 15:00:00+00:00,24.863333333333333,11.763963,-3.181757,32.651024
ElecFMV6,2026-01-20 00:00:00+00:00,LZ_WEST,2026-01-20 16:00:00+00:00,22.84,8.300135,-7.4526196,26.855604
ElecFMV6,2026-01-20 00:00:00+00:00,LZ_WEST,2026-01-20 17:00:00+00:00,26.388333333333332,7.849516,-4.9379425,26.475927
ElecFMV6,2026-01-20 00:00:00+00:00,LZ_WEST,2026-01-20 18:00:00+00:00,44.64833333333333,7.7624283,-5.128824,27.704023
ElecFMV6,2026-01-20 00:00:00+00:00,LZ_WEST,2026-01-20 19:00:00+00:00,43.25333333333333,1.258522,-11.912369,20.07942
ElecFMV6,2026-01-20 00:00:00+00:00,LZ_WEST,2026-01-20 20:00:00+00:00,36.85833333333333,-0.8765793,-14.91589,18.885662
ElecFMV6,2026-01-20 00:00:00+00:00,LZ_WEST,2026-01-20 21:00:00+00:00,35.52583333333333,1.2981281,-14.245506,21.672552
ElecFMV6,2026-01-20 00:00:00+00:00,LZ_WEST,2026-01-20 22:00:00+00:00,38.0275,7.5129547,-9.935242,30.736454
ElecFMV6,2026-01-20 00:00:00+00:00,LZ_WEST,2026-01-20 23:00:00+00:00,32.409166666666664,21.964874,1.7041149,46.99225
ElecFMV6,2026-01-20 00:00:00+00:00,LZ_RAYBN,2026-01-20 00:00:00+00:00,25.655833333333337,20.99018,14.399212,30.764118
ElecFMV6,2026-01-20 00:00:00+00:00,LZ_RAYBN,2026-01-20 01:00:00+00:00,28.701666666666668,22.18875,13.351492,34.790283
ElecFMV6,2026-01-20 00:00:00+00:00,LZ_RAYBN,2026-01-20 02:00:00+00:00,37.54,22.386906,12.248309,36.870136
ElecFMV6,2026-01-20 00:00:00+00:00,LZ_RAYBN,2026-01-20 03:00:00+00:00,43.87166666666667,22.255508,11.403522,37.662582
ElecFMV6,2026-01-20 00:00:00+00:00,LZ_RAYBN,2026-01-20 04:00:00+00:00,39.524166666666666,20.842999,9.524569,36.79223
ElecFMV6,2026-01-20 00:00:00+00:00,LZ_RAYBN,2026-01-20 05:00:00+00:00,34.229166666666664,19.986357,7.2736273,36.01612
ElecFMV6,2026-01-20 00:00:00+00:00,LZ_RAYBN,2026-01-20 06:00:00+00:00,33.8125,18.645699,5.921486,35.629997
ElecFMV6,2026-01-20 00:00:00+00:00,LZ_RAYBN,2026-01-20 07:00:00+00:00,37.97166666666667,17.862556,5.0629454,35.571594
ElecFMV6,2026-01-20 00:00:00+00:00,LZ_RAYBN,2026-01-20 08:00:00+00:00,53.69833333333333,17.293362,4.5730705,34.527737
ElecFMV6,2026-01-20 00:00:00+00:00,LZ_RAYBN,2026-01-20 09:00:00+00:00,65.51333333333334,17.860552,5.4143057,34.146072
ElecFMV6,2026-01-20 00:00:00+00:00,LZ_RAYBN,2026-01-20 10:00:00+00:00,71.49333333333333,19.882633,7.996442,35.92389
ElecFMV6,2026-01-20 00:00:00+00:00,LZ_RAYBN,2026-01-20 11:00:00+00:00,70.76583333333333,21.99175,10.289944,38.120102
ElecFMV6,2026-01-20 00:00:00+00:00,LZ_RAYBN,2026-01-20 12:00:00+00:00,73.93833333333333,21.378635,9.3596945,36.64426
ElecFMV6,2026-01-20 00:00:00+00:00,LZ_RAYBN,2026-01-20 13:00:00+00:00,137.98666666666665,20.965704,9.214015,35.99873
ElecFMV6,2026-01-20 00:00:00+00:00,LZ_RAYBN,2026-01-20 14:00:00+00:00,178.47833333333332,16.556988,5.136039,31.26017
ElecFMV6,2026-01-20 00:00:00+00:00,LZ_RAYBN,2026-01-20 15:00:00+00:00,24.9075,11.896703,1.5190754,25.833223
ElecFMV6,2026-01-20 00:00:00+00:00,LZ_RAYBN,2026-01-20 16:00:00+00:00,23.05,8.248698,-2.0365772,21.858309
ElecFMV6,2026-01-20 00:00:00+00:00,LZ_RAYBN,2026-01-20 17:00:00+00:00,22.106666666666666,7.7597637,-1.3094769,21.198711
ElecFMV6,2026-01-20 00:00:00+00:00,LZ_RAYBN,2026-01-20 18:00:00+00:00,19.144166666666667,8.080426,-0.45031357,22.15971
ElecFMV6,2026-01-20 00:00:00+00:00,LZ_RAYBN,2026-01-20 19:00:00+00:00,19.37833333333333,6.490427,-2.129366,20.185612
ElecFMV6,2026-01-20 00:00:00+00:00,LZ_RAYBN,2026-01-20 20:00:00+00:00,19.2375,6.124649,-2.0976372,19.751396
ElecFMV6,2026-01-20 00:00:00+00:00,LZ_RAYBN,2026-01-20 21:00:00+00:00,20.0425,7.869753,-1.2264938,21.327995
ElecFMV6,2026-01-20 00:00:00+00:00,LZ_RAYBN,2026-01-20 22:00:00+00:00,21.874166666666667,13.142601,3.2041378,27.299753
ElecFMV6,2026-01-20 00:00:00+00:00,LZ_RAYBN,2026-01-20 23:00:00+00:00,29.113333333333333,19.80379,8.821918,34.930927
ElecFMV6,2026-01-21 00:00:00+00:00,LZ_LCRA,2026-01-21 00:00:00+00:00,30.984166666666667,32.94463,24.902378,44.55867
ElecFMV6,2026-01-21 00:00:00+00:00,LZ_LCRA,2026-01-21 01:00:00+00:00,25.56833333333333,39.141647,28.353945,54.173935
ElecFMV6,2026-01-21 00:00:00+00:00,LZ_LCRA,2026-01-21 02:00:00+00:00,20.68166666666667,41.679367,27.811491,60.176704
ElecFMV6,2026-01-21 00:00:00+00:00,LZ_LCRA,2026-01-21 03:00:00+00:00,18.09083333333333,40.691093,25.331959,61.975693
ElecFMV6,2026-01-21 00:00:00+00:00,LZ_LCRA,2026-01-21 04:00:00+00:00,16.135833333333334,39.71398,22.261139,62.214066
ElecFMV6,2026-01-21 00:00:00+00:00,LZ_LCRA,2026-01-21 05:00:00+00:00,14.075833333333334,39.489017,20.122063,62.171234
ElecFMV6,2026-01-21 00:00:00+00:00,LZ_LCRA,2026-01-21 06:00:00+00:00,14.314166666666669,38.768185,20.340265,64.613655
ElecFMV6,2026-01-21 00:00:00+00:00,LZ_LCRA,2026-01-21 07:00:00+00:00,13.476666666666668,35.316826,16.22396,62.46035
ElecFMV6,2026-01-21 00:00:00+00:00,LZ_LCRA,2026-01-21 08:00:00+00:00,13.1625,33.41628,12.613976,60.455788
ElecFMV6,2026-01-21 00:00:00+00:00,LZ_LCRA,2026-01-21 09:00:00+00:00,14.065,34.942253,13.873802,60.890923
ElecFMV6,2026-01-21 00:00:00+00:00,LZ_LCRA,2026-01-21 10:00:00+00:00,15.711666666666666,34.338825,13.270666,61.161827
ElecFMV6,2026-01-21 00:00:00+00:00,LZ_LCRA,2026-01-21 11:00:00+00:00,20.44833333333333,34.169144,13.194244,61.603912
ElecFMV6,2026-01-21 00:00:00+00:00,LZ_LCRA,2026-01-21 12:00:00+00:00,25.2075,35.478317,15.022675,60.704292
ElecFMV6,2026-01-21 00:00:00+00:00,LZ_LCRA,2026-01-21 13:00:00+00:00,24.780833333333337,39.57018,19.929214,64.92755
ElecFMV6,2026-01-21 00:00:00+00:00,LZ_LCRA,2026-01-21 14:00:00+00:00,20.5775,31.847515,12.923804,57.363297
ElecFMV6,2026-01-21 00:00:00+00:00,LZ_LCRA,2026-01-21 15:00:00+00:00,19.361666666666668,20.19723,3.0555954,44.61831
ElecFMV6,2026-01-21 00:00:00+00:00,LZ_LCRA,2026-01-21 16:00:00+00:00,18.56083333333333,16.07323,-1.8558311,39.08382
ElecFMV6,2026-01-21 00:00:00+00:00,LZ_LCRA,2026-01-21 17:00:00+00:00,17.783333333333335,16.025095,1.3635654,38.738125
ElecFMV6,2026-01-21 00:00:00+00:00,LZ_LCRA,2026-01-21 18:00:00+00:00,17.05,14.547634,-0.14823723,37.3024
ElecFMV6,2026-01-21 00:00:00+00:00,LZ_LCRA,2026-01-21 19:00:00+00:00,14.698333333333332,11.244681,-3.2162304,33.641823
ElecFMV6,2026-01-21 00:00:00+00:00,LZ_LCRA,2026-01-21 20:00:00+00:00,15.233333333333334,12.619994,-2.0351143,35.744377
ElecFMV6,2026-01-21 00:00:00+00:00,LZ_LCRA,2026-01-21 21:00:00+00:00,14.025833333333331,12.13718,-2.710329,34.74062
ElecFMV6,2026-01-21 00:00:00+00:00,LZ_LCRA,2026-01-21 22:00:00+00:00,21.131666666666664,18.25304,3.1925526,41.27822
ElecFMV6,2026-01-21 00:00:00+00:00,LZ_LCRA,2026-01-21 23:00:00+00:00,43.16916666666666,26.663834,10.681515,49.458157
ElecFMV6,2026-01-21 00:00:00+00:00,LZ_WEST,2026-01-21 00:00:00+00:00,37.78666666666667,35.607983,18.489418,59.3372
ElecFMV6,2026-01-21 00:00:00+00:00,LZ_WEST,2026-01-21 01:00:00+00:00,30.343333333333337,41.12449,21.127863,70.35646
ElecFMV6,2026-01-21 00:00:00+00:00,LZ_WEST,2026-01-21 02:00:00+00:00,23.1,45.97931,22.62587,79.65556
ElecFMV6,2026-01-21 00:00:00+00:00,LZ_WEST,2026-01-21 03:00:00+00:00,19.125,46.78381,22.783335,83.7529
ElecFMV6,2026-01-21 00:00:00+00:00,LZ_WEST,2026-01-21 04:00:00+00:00,16.55666666666667,40.772606,15.050176,79.68121
ElecFMV6,2026-01-21 00:00:00+00:00,LZ_WEST,2026-01-21 05:00:00+00:00,14.718333333333334,43.06823,15.117714,82.57483
ElecFMV6,2026-01-21 00:00:00+00:00,LZ_WEST,2026-01-21 06:00:00+00:00,14.921666666666669,43.959152,17.12605,86.28285
ElecFMV6,2026-01-21 00:00:00+00:00,LZ_WEST,2026-01-21 07:00:00+00:00,14.7425,39.303757,13.578716,82.82686
ElecFMV6,2026-01-21 00:00:00+00:00,LZ_WEST,2026-01-21 08:00:00+00:00,26.750833333333333,35.663803,8.113743,77.10651
ElecFMV6,2026-01-21 00:00:00+00:00,LZ_WEST,2026-01-21 09:00:00+00:00,30.794166666666666,38.47825,11.932352,77.82826
ElecFMV6,2026-01-21 00:00:00+00:00,LZ_WEST,2026-01-21 10:00:00+00:00,33.89,37.85519,10.025604,77.43025
ElecFMV6,2026-01-21 00:00:00+00:00,LZ_WEST,2026-01-21 11:00:00+00:00,35.5325,32.90428,5.991867,75.123924
ElecFMV6,2026-01-21 00:00:00+00:00,LZ_WEST,2026-01-21 12:00:00+00:00,27.64833333333333,33.86153,8.15135,72.7838
ElecFMV6,2026-01-21 00:00:00+00:00,LZ_WEST,2026-01-21 13:00:00+00:00,25.955,37.50142,13.680791,75.686295
ElecFMV6,2026-01-21 00:00:00+00:00,LZ_WEST,2026-01-21 14:00:00+00:00,21.829166666666666,29.229296,5.411251,66.28455
ElecFMV6,2026-01-21 00:00:00+00:00,LZ_WEST,2026-01-21 15:00:00+00:00,9.353333333333332,9.801828,-10.116283,43.534447
ElecFMV6,2026-01-21 00:00:00+00:00,LZ_WEST,2026-01-21 16:00:00+00:00,7.2775,5.049818,-14.098812,35.93449
ElecFMV6,2026-01-21 00:00:00+00:00,LZ_WEST,2026-01-21 17:00:00+00:00,15.4375,6.286495,-7.809105,35.27456
ElecFMV6,2026-01-21 00:00:00+00:00,LZ_WEST,2026-01-21 18:00:00+00:00,13.960833333333332,7.2541504,-5.909317,37.020966
ElecFMV6,2026-01-21 00:00:00+00:00,LZ_WEST,2026-01-21 19:00:00+00:00,11.7175,4.7399197,-9.356735,32.226753
ElecFMV6,2026-01-21 00:00:00+00:00,LZ_WEST,2026-01-21 20:00:00+00:00,13.63,4.8135357,-10.450008,34.48831
ElecFMV6,2026-01-21 00:00:00+00:00,LZ_WEST,2026-01-21 21:00:00+00:00,13.713333333333331,6.0356407,-11.000095,36.118195
ElecFMV6,2026-01-21 00:00:00+00:00,LZ_WEST,2026-01-21 22:00:00+00:00,20.9625,13.283898,-6.7637634,47.17743
ElecFMV6,2026-01-21 00:00:00+00:00,LZ_WEST,2026-01-21 23:00:00+00:00,45.5725,23.932606,1.8983288,60.312057
ElecFMV6,2026-01-21 00:00:00+00:00,LZ_RAYBN,2026-01-21 00:00:00+00:00,28.231666666666666,30.553942,21.77911,44.875
ElecFMV6,2026-01-21 00:00:00+00:00,LZ_RAYBN,2026-01-21 01:00:00+00:00,23.727500000000003,37.297337,25.444727,54.93806
ElecFMV6,2026-01-21 00:00:00+00:00,LZ_RAYBN,2026-01-21 02:00:00+00:00,19.77583333333333,41.672684,27.554184,62.178986
ElecFMV6,2026-01-21 00:00:00+00:00,LZ_RAYBN,2026-01-21 03:00:00+00:00,17.700833333333332,43.030144,27.697622,65.08239
ElecFMV6,2026-01-21 00:00:00+00:00,LZ_RAYBN,2026-01-21 04:00:00+00:00,15.736666666666666,41.000267,24.520308,64.667465
ElecFMV6,2026-01-21 00:00:00+00:00,LZ_RAYBN,2026-01-21 05:00:00+00:00,13.845833333333331,38.442474,21.142359,61.818474
ElecFMV6,2026-01-21 00:00:00+00:00,LZ_RAYBN,2026-01-21 06:00:00+00:00,14.098333333333334,39.01804,22.328472,63.698296
ElecFMV6,2026-01-21 00:00:00+00:00,LZ_RAYBN,2026-01-21 07:00:00+00:00,13.2825,33.37884,17.031635,59.940735
ElecFMV6,2026-01-21 00:00:00+00:00,LZ_RAYBN,2026-01-21 08:00:00+00:00,13.229166666666666,31.75341,15.062945,56.346794
ElecFMV6,2026-01-21 00:00:00+00:00,LZ_RAYBN,2026-01-21 09:00:00+00:00,14.0875,33.910217,18.614515,56.467766
ElecFMV6,2026-01-21 00:00:00+00:00,LZ_RAYBN,2026-01-21 10:00:00+00:00,15.6625,33.16224,18.658173,56.019077
ElecFMV6,2026-01-21 00:00:00+00:00,LZ_RAYBN,2026-01-21 11:00:00+00:00,20.0475,29.42312,15.762261,52.614407
ElecFMV6,2026-01-21 00:00:00+00:00,LZ_RAYBN,2026-01-21 12:00:00+00:00,24.6625,27.39149,13.579503,48.89164
ElecFMV6,2026-01-21 00:00:00+00:00,LZ_RAYBN,2026-01-21 13:00:00+00:00,24.25916666666667,32.83886,20.400688,53.32605
ElecFMV6,2026-01-21 00:00:00+00:00,LZ_RAYBN,2026-01-21 14:00:00+00:00,19.808333333333337,27.016663,15.050906,47.73144
ElecFMV6,2026-01-21 00:00:00+00:00,LZ_RAYBN,2026-01-21 15:00:00+00:00,16.816666666666666,15.706905,5.619335,33.92702
ElecFMV6,2026-01-21 00:00:00+00:00,LZ_RAYBN,2026-01-21 16:00:00+00:00,16.59,14.088019,3.9009304,29.685822
ElecFMV6,2026-01-21 00:00:00+00:00,LZ_RAYBN,2026-01-21 17:00:00+00:00,16.9025,12.2977495,6.053129,27.28218
ElecFMV6,2026-01-21 00:00:00+00:00,LZ_RAYBN,2026-01-21 18:00:00+00:00,16.43583333333333,11.54822,6.4730835,26.708542
ElecFMV6,2026-01-21 00:00:00+00:00,LZ_RAYBN,2026-01-21 19:00:00+00:00,14.1325,10.505242,5.2999783,24.691992
ElecFMV6,2026-01-21 00:00:00+00:00,LZ_RAYBN,2026-01-21 20:00:00+00:00,14.948333333333332,10.931504,5.354643,26.351297
ElecFMV6,2026-01-21 00:00:00+00:00,LZ_RAYBN,2026-01-21 21:00:00+00:00,13.965833333333334,11.725912,5.69273,27.309204
ElecFMV6,2026-01-21 00:00:00+00:00,LZ_RAYBN,2026-01-21 22:00:00+00:00,21.07583333333333,18.015789,9.814626,35.41394
ElecFMV6,2026-01-21 00:00:00+00:00,LZ_RAYBN,2026-01-21 23:00:00+00:00,43.22083333333333,23.815924,14.143546,42.66146
ElecFMV6,2026-01-22 00:00:00+00:00,LZ_LCRA,2026-01-22 00:00:00+00:00,44.4375,41.000874,35.950348,48.540375
ElecFMV6,2026-01-22 00:00:00+00:00,LZ_LCRA,2026-01-22 01:00:00+00:00,42.84166666666667,37.11617,30.946873,47.10845
ElecFMV6,2026-01-22 00:00:00+00:00,LZ_LCRA,2026-01-22 02:00:00+00:00,36.696666666666665,35.767834,28.10233,47.42378
ElecFMV6,2026-01-22 00:00:00+00:00,LZ_LCRA,2026-01-22 03:00:00+00:00,33.18083333333333,35.399956,26.523718,48.299973
ElecFMV6,2026-01-22 00:00:00+00:00,LZ_LCRA,2026-01-22 04:00:00+00:00,30.545,31.781036,23.191725,45.658203
ElecFMV6,2026-01-22 00:00:00+00:00,LZ_LCRA,2026-01-22 05:00:00+00:00,29.06583333333333,30.156517,19.888885,44.892776
ElecFMV6,2026-01-22 00:00:00+00:00,LZ_LCRA,2026-01-22 06:00:00+00:00,32.13166666666667,30.938538,21.986088,48.671165
ElecFMV6,2026-01-22 00:00:00+00:00,LZ_LCRA,2026-01-22 07:00:00+00:00,33.104166666666664,29.821106,20.036884,48.036964
ElecFMV6,2026-01-22 00:00:00+00:00,LZ_LCRA,2026-01-22 08:00:00+00:00,33.098333333333336,30.7086,19.17651,48.2631
ElecFMV6,2026-01-22 00:00:00+00:00,LZ_LCRA,2026-01-22 09:00:00+00:00,32.998333333333335,29.143475,16.854122,47.04818
ElecFMV6,2026-01-22 00:00:00+00:00,LZ_LCRA,2026-01-22 10:00:00+00:00,35.62083333333333,28.667969,14.7155,48.27027
ElecFMV6,2026-01-22 00:00:00+00:00,LZ_LCRA,2026-01-22 11:00:00+00:00,43.055,33.405575,19.15127,54.585773
ElecFMV6,2026-01-22 00:00:00+00:00,LZ_LCRA,2026-01-22 12:00:00+00:00,46.91,33.220284,17.494732,54.779877
ElecFMV6,2026-01-22 00:00:00+00:00,LZ_LCRA,2026-01-22 13:00:00+00:00,44.665,36.593243,19.587448,59.015987
ElecFMV6,2026-01-22 00:00:00+00:00,LZ_LCRA,2026-01-22 14:00:00+00:00,42.431666666666665,29.137901,13.018556,51.966213
ElecFMV6,2026-01-22 00:00:00+00:00,LZ_LCRA,2026-01-22 15:00:00+00:00,37.44583333333333,16.640036,1.7886982,37.9021
ElecFMV6,2026-01-22 00:00:00+00:00,LZ_LCRA,2026-01-22 16:00:00+00:00,30.561666666666667,17.78186,3.4600391,36.877285
ElecFMV6,2026-01-22 00:00:00+00:00,LZ_LCRA,2026-01-22 17:00:00+00:00,27.886666666666667,17.816668,4.881401,35.369194
ElecFMV6,2026-01-22 00:00:00+00:00,LZ_LCRA,2026-01-22 18:00:00+00:00,27.82166666666667,16.721102,3.5401096,33.75488
ElecFMV6,2026-01-22 00:00:00+00:00,LZ_LCRA,2026-01-22 19:00:00+00:00,31.705,16.016655,3.2685184,31.112846
ElecFMV6,2026-01-22 00:00:00+00:00,LZ_LCRA,2026-01-22 20:00:00+00:00,33.78333333333333,12.698939,0.35053825,26.98094
ElecFMV6,2026-01-22 00:00:00+00:00,LZ_LCRA,2026-01-22 21:00:00+00:00,38.41583333333333,15.630848,4.0432396,29.002855
ElecFMV6,2026-01-22 00:00:00+00:00,LZ_LCRA,2026-01-22 22:00:00+00:00,50.3725,22.814016,10.900941,36.104477
ElecFMV6,2026-01-22 00:00:00+00:00,LZ_LCRA,2026-01-22 23:00:00+00:00,52.18,36.85864,23.02805,50.54199
ElecFMV6,2026-01-22 00:00:00+00:00,LZ_WEST,2026-01-22 00:00:00+00:00,60.310833333333335,47.128975,36.357727,66.15471
ElecFMV6,2026-01-22 00:00:00+00:00,LZ_WEST,2026-01-22 01:00:00+00:00,58.630833333333335,46.11207,31.59872,71.92992
ElecFMV6,2026-01-22 00:00:00+00:00,LZ_WEST,2026-01-22 02:00:00+00:00,48.3825,46.851456,28.807606,78.4565
ElecFMV6,2026-01-22 00:00:00+00:00,LZ_WEST,2026-01-22 03:00:00+00:00,48.42583333333334,43.185364,21.972313,80.20708
ElecFMV6,2026-01-22 00:00:00+00:00,LZ_WEST,2026-01-22 04:00:00+00:00,55.41166666666667,40.661713,16.712082,81.3699
ElecFMV6,2026-01-22 00:00:00+00:00,LZ_WEST,2026-01-22 05:00:00+00:00,50.86333333333334,41.019608,13.097709,85.32669
ElecFMV6,2026-01-22 00:00:00+00:00,LZ_WEST,2026-01-22 06:00:00+00:00,59.64166666666667,42.952194,14.85632,90.89809
ElecFMV6,2026-01-22 00:00:00+00:00,LZ_WEST,2026-01-22 07:00:00+00:00,51.33583333333333,42.6391,14.528279,91.7634
ElecFMV6,2026-01-22 00:00:00+00:00,LZ_WEST,2026-01-22 08:00:00+00:00,54.78,39.07278,10.174976,85.93638
ElecFMV6,2026-01-22 00:00:00+00:00,LZ_WEST,2026-01-22 09:00:00+00:00,47.7925,40.066334,12.280031,85.69017
ElecFMV6,2026-01-22 00:00:00+00:00,LZ_WEST,2026-01-22 10:00:00+00:00,48.51583333333334,38.978,10.507072,83.9357
ElecFMV6,2026-01-22 00:00:00+00:00,LZ_WEST,2026-01-22 11:00:00+00:00,52.0325,35.92344,8.376596,82.58161
ElecFMV6,2026-01-22 00:00:00+00:00,LZ_WEST,2026-01-22 12:00:00+00:00,58.37916666666666,37.079315,10.579393,82.24426
ElecFMV6,2026-01-22 00:00:00+00:00,LZ_WEST,2026-01-22 13:00:00+00:00,55.0725,37.492516,11.331762,81.59888
ElecFMV6,2026-01-22 00:00:00+00:00,LZ_WEST,2026-01-22 14:00:00+00:00,45.0,30.417055,5.115589,73.92119
ElecFMV6,2026-01-22 00:00:00+00:00,LZ_WEST,2026-01-22 15:00:00+00:00,37.2525,14.745717,-7.931015,55.04425
ElecFMV6,2026-01-22 00:00:00+00:00,LZ_WEST,2026-01-22 16:00:00+00:00,30.352500000000003,8.653341,-12.3258095,45.195984
ElecFMV6,2026-01-22 00:00:00+00:00,LZ_WEST,2026-01-22 17:00:00+00:00,27.6,9.513716,-8.174347,43.450195
ElecFMV6,2026-01-22 00:00:00+00:00,LZ_WEST,2026-01-22 18:00:00+00:00,27.75916666666667,11.201905,-5.262829,44.46708
ElecFMV6,2026-01-22 00:00:00+00:00,LZ_WEST,2026-01-22 19:00:00+00:00,31.705,9.048218,-7.419777,40.115868
ElecFMV6,2026-01-22 00:00:00+00:00,LZ_WEST,2026-01-22 20:00:00+00:00,33.778333333333336,5.9612064,-10.373688,36.833767
ElecFMV6,2026-01-22 00:00:00+00:00,LZ_WEST,2026-01-22 21:00:00+00:00,39.32333333333333,9.587015,-8.049282,41.165543
ElecFMV6,2026-01-22 00:00:00+00:00,LZ_WEST,2026-01-22 22:00:00+00:00,64.6875,14.405358,-5.733013,49.353336
ElecFMV6,2026-01-22 00:00:00+00:00,LZ_WEST,2026-01-22 23:00:00+00:00,78.895,26.712765,4.275343,65.76991
ElecFMV6,2026-01-22 00:00:00+00:00,LZ_RAYBN,2026-01-22 00:00:00+00:00,42.88333333333333,41.682648,34.28749,52.30882
ElecFMV6,2026-01-22 00:00:00+00:00,LZ_RAYBN,2026-01-22 01:00:00+00:00,40.6575,39.64379,31.042345,53.68569
ElecFMV6,2026-01-22 00:00:00+00:00,LZ_RAYBN,2026-01-22 02:00:00+00:00,35.99583333333333,39.497597,30.140675,55.659576
ElecFMV6,2026-01-22 00:00:00+00:00,LZ_RAYBN,2026-01-22 03:00:00+00:00,32.535833333333336,36.56316,27.229008,53.61917
ElecFMV6,2026-01-22 00:00:00+00:00,LZ_RAYBN,2026-01-22 04:00:00+00:00,26.195,32.67311,23.179836,51.55889
ElecFMV6,2026-01-22 00:00:00+00:00,LZ_RAYBN,2026-01-22 05:00:00+00:00,25.951666666666668,29.632904,18.686522,50.654366
ElecFMV6,2026-01-22 00:00:00+00:00,LZ_RAYBN,2026-01-22 06:00:00+00:00,29.825833333333332,29.440792,18.7153,52.96583
ElecFMV6,2026-01-22 00:00:00+00:00,LZ_RAYBN,2026-01-22 07:00:00+00:00,30.25916666666667,29.114643,17.525188,53.40378
ElecFMV6,2026-01-22 00:00:00+00:00,LZ_RAYBN,2026-01-22 08:00:00+00:00,30.309166666666663,29.962145,17.491806,55.204384
ElecFMV6,2026-01-22 00:00:00+00:00,LZ_RAYBN,2026-01-22 09:00:00+00:00,30.096666666666668,29.07752,16.218616,55.36471
ElecFMV6,2026-01-22 00:00:00+00:00,LZ_RAYBN,2026-01-22 10:00:00+00:00,32.391666666666666,29.376308,14.497286,57.82522
ElecFMV6,2026-01-22 00:00:00+00:00,LZ_RAYBN,2026-01-22 11:00:00+00:00,39.060833333333335,30.077,14.10395,60.00789
ElecFMV6,2026-01-22 00:00:00+00:00,LZ_RAYBN,2026-01-22 12:00:00+00:00,41.8575,30.140087,12.204598,62.395454
ElecFMV6,2026-01-22 00:00:00+00:00,LZ_RAYBN,2026-01-22 13:00:00+00:00,40.142500000000005,33.892128,15.195236,65.57426
ElecFMV6,2026-01-22 00:00:00+00:00,LZ_RAYBN,2026-01-22 14:00:00+00:00,41.329166666666666,27.351845,10.097272,58.615356
ElecFMV6,2026-01-22 00:00:00+00:00,LZ_RAYBN,2026-01-22 15:00:00+00:00,37.44583333333333,15.700223,0.14413643,43.446846
ElecFMV6,2026-01-22 00:00:00+00:00,LZ_RAYBN,2026-01-22 16:00:00+00:00,30.561666666666667,17.795115,4.363123,42.594734
ElecFMV6,2026-01-22 00:00:00+00:00,LZ_RAYBN,2026-01-22 17:00:00+00:00,28.20583333333333,18.638855,7.4415493,40.379517
ElecFMV6,2026-01-22 00:00:00+00:00,LZ_RAYBN,2026-01-22 18:00:00+00:00,28.00583333333333,14.882284,5.115185,35.23755
ElecFMV6,2026-01-22 00:00:00+00:00,LZ_RAYBN,2026-01-22 19:00:00+00:00,31.705,11.29063,2.621935,28.381153
ElecFMV6,2026-01-22 00:00:00+00:00,LZ_RAYBN,2026-01-22 20:00:00+00:00,33.7825,9.144221,1.7401199,24.659138
ElecFMV6,2026-01-22 00:00:00+00:00,LZ_RAYBN,2026-01-22 21:00:00+00:00,38.81916666666667,9.885594,2.4853153,24.381466
ElecFMV6,2026-01-22 00:00:00+00:00,LZ_RAYBN,2026-01-22 22:00:00+00:00,54.21333333333333,16.833,7.79953,32.572666
ElecFMV6,2026-01-22 00:00:00+00:00,LZ_RAYBN,2026-01-22 23:00:00+00:00,56.14416666666667,29.549692,17.995201,48.623497
ElecFMV6,2026-01-23 00:00:00+00:00,LZ_LCRA,2026-01-23 00:00:00+00:00,52.42249999999999,53.779846,48.073814,61.69168
ElecFMV6,2026-01-23 00:00:00+00:00,LZ_LCRA,2026-01-23 01:00:00+00:00,46.73333333333333,49.147774,40.33934,59.733253
ElecFMV6,2026-01-23 00:00:00+00:00,LZ_LCRA,2026-01-23 02:00:00+00:00,36.78666666666667,48.880245,37.427322,61.626064
ElecFMV6,2026-01-23 00:00:00+00:00,LZ_LCRA,2026-01-23 03:00:00+00:00,33.093333333333334,45.281174,32.544876,58.74978
ElecFMV6,2026-01-23 00:00:00+00:00,LZ_LCRA,2026-01-23 04:00:00+00:00,30.617500000000003,40.369865,26.851088,54.888977
ElecFMV6,2026-01-23 00:00:00+00:00,LZ_LCRA,2026-01-23 05:00:00+00:00,32.455,38.536034,23.514263,53.812347
ElecFMV6,2026-01-23 00:00:00+00:00,LZ_LCRA,2026-01-23 06:00:00+00:00,33.751666666666665,36.229263,20.537985,54.257153
ElecFMV6,2026-01-23 00:00:00+00:00,LZ_LCRA,2026-01-23 07:00:00+00:00,25.755,33.210342,15.914172,52.384697
ElecFMV6,2026-01-23 00:00:00+00:00,LZ_LCRA,2026-01-23 08:00:00+00:00,25.106666666666666,30.989502,11.193969,51.101723
ElecFMV6,2026-01-23 00:00:00+00:00,LZ_LCRA,2026-01-23 09:00:00+00:00,26.257500000000004,34.409046,13.537214,54.100468
ElecFMV6,2026-01-23 00:00:00+00:00,LZ_LCRA,2026-01-23 10:00:00+00:00,29.1275,33.64451,12.135496,54.23271
ElecFMV6,2026-01-23 00:00:00+00:00,LZ_LCRA,2026-01-23 11:00:00+00:00,35.300000000000004,35.577232,14.179221,55.82763
ElecFMV6,2026-01-23 00:00:00+00:00,LZ_LCRA,2026-01-23 12:00:00+00:00,41.51916666666667,33.93342,12.58951,54.52722
ElecFMV6,2026-01-23 00:00:00+00:00,LZ_LCRA,2026-01-23 13:00:00+00:00,39.939166666666665,36.284275,15.086187,55.547318
ElecFMV6,2026-01-23 00:00:00+00:00,LZ_LCRA,2026-01-23 14:00:00+00:00,33.174166666666665,30.861332,11.260933,50.22094
ElecFMV6,2026-01-23 00:00:00+00:00,LZ_LCRA,2026-01-23 15:00:00+00:00,33.39083333333333,20.505714,2.7340717,37.087776
ElecFMV6,2026-01-23 00:00:00+00:00,LZ_LCRA,2026-01-23 16:00:00+00:00,29.831666666666667,18.395794,2.6026096,33.268574
ElecFMV6,2026-01-23 00:00:00+00:00,LZ_LCRA,2026-01-23 17:00:00+00:00,23.925,17.330551,3.491663,30.170681
ElecFMV6,2026-01-23 00:00:00+00:00,LZ_LCRA,2026-01-23 18:00:00+00:00,10.913333333333334,18.117092,4.8748684,31.43312
ElecFMV6,2026-01-23 00:00:00+00:00,LZ_LCRA,2026-01-23 19:00:00+00:00,5.341666666666666,18.087505,4.5840054,30.898579
ElecFMV6,2026-01-23 00:00:00+00:00,LZ_LCRA,2026-01-23 20:00:00+00:00,1.785,17.578714,2.9137764,32.04303
ElecFMV6,2026-01-23 00:00:00+00:00,LZ_LCRA,2026-01-23 21:00:00+00:00,1.5216666666666667,17.14172,1.6022625,32.61904
ElecFMV6,2026-01-23 00:00:00+00:00,LZ_LCRA,2026-01-23 22:00:00+00:00,0.0158333333333333,23.922539,6.411352,41.414936
ElecFMV6,2026-01-23 00:00:00+00:00,LZ_LCRA,2026-01-23 23:00:00+00:00,12.858333333333334,33.373287,14.343842,52.796974
ElecFMV6,2026-01-23 00:00:00+00:00,LZ_WEST,2026-01-23 00:00:00+00:00,66.41416666666667,84.55288,70.8328,104.66441
ElecFMV6,2026-01-23 00:00:00+00:00,LZ_WEST,2026-01-23 01:00:00+00:00,47.469166666666666,73.97115,54.623093,100.64947
ElecFMV6,2026-01-23 00:00:00+00:00,LZ_WEST,2026-01-23 02:00:00+00:00,37.0075,72.4767,51.094017,103.32483
ElecFMV6,2026-01-23 00:00:00+00:00,LZ_WEST,2026-01-23 03:00:00+00:00,38.21333333333333,69.37439,46.43525,101.655426
ElecFMV6,2026-01-23 00:00:00+00:00,LZ_WEST,2026-01-23 04:00:00+00:00,34.89333333333334,64.05582,40.44345,97.80655
ElecFMV6,2026-01-23 00:00:00+00:00,LZ_WEST,2026-01-23 05:00:00+00:00,35.8825,61.664314,35.001823,96.44561
ElecFMV6,2026-01-23 00:00:00+00:00,LZ_WEST,2026-01-23 06:00:00+00:00,46.6525,60.19799,32.08109,97.51044
ElecFMV6,2026-01-23 00:00:00+00:00,LZ_WEST,2026-01-23 07:00:00+00:00,49.52333333333333,54.84189,25.325905,95.41503
ElecFMV6,2026-01-23 00:00:00+00:00,LZ_WEST,2026-01-23 08:00:00+00:00,50.63916666666666,50.604324,19.12104,90.52451
ElecFMV6,2026-01-23 00:00:00+00:00,LZ_WEST,2026-01-23 09:00:00+00:00,51.915,50.552757,19.000553,89.69404
ElecFMV6,2026-01-23 00:00:00+00:00,LZ_WEST,2026-01-23 10:00:00+00:00,56.525,49.29368,17.358067,88.24994
ElecFMV6,2026-01-23 00:00:00+00:00,LZ_WEST,2026-01-23 11:00:00+00:00,61.0675,48.032055,15.822038,87.72422
ElecFMV6,2026-01-23 00:00:00+00:00,LZ_WEST,2026-01-23 12:00:00+00:00,50.91333333333333,43.67132,12.482565,83.65867
ElecFMV6,2026-01-23 00:00:00+00:00,LZ_WEST,2026-01-23 13:00:00+00:00,45.4125,43.342606,13.289072,82.52941
ElecFMV6,2026-01-23 00:00:00+00:00,LZ_WEST,2026-01-23 14:00:00+00:00,47.44833333333333,37.183014,8.515093,74.900345
ElecFMV6,2026-01-23 00:00:00+00:00,LZ_WEST,2026-01-23 15:00:00+00:00,49.068333333333335,26.802189,0.97606087,61.478264
ElecFMV6,2026-01-23 00:00:00+00:00,LZ_WEST,2026-01-23 16:00:00+00:00,42.7,20.889957,-2.5363312,52.695717
ElecFMV6,2026-01-23 00:00:00+00:00,LZ_WEST,2026-01-23 17:00:00+00:00,35.78416666666667,18.295794,-2.4152374,48.205963
ElecFMV6,2026-01-23 00:00:00+00:00,LZ_WEST,2026-01-23 18:00:00+00:00,28.8775,22.02128,2.411518,52.62216
ElecFMV6,2026-01-23 00:00:00+00:00,LZ_WEST,2026-01-23 19:00:00+00:00,28.77416666666667,20.184626,-0.5484581,50.01988
ElecFMV6,2026-01-23 00:00:00+00:00,LZ_WEST,2026-01-23 20:00:00+00:00,18.098333333333333,17.953487,-2.5895958,49.206116
ElecFMV6,2026-01-23 00:00:00+00:00,LZ_WEST,2026-01-23 21:00:00+00:00,22.57333333333333,18.402943,-3.6854458,50.88832
ElecFMV6,2026-01-23 00:00:00+00:00,LZ_WEST,2026-01-23 22:00:00+00:00,12.26,24.447674,-0.14656448,59.3034
ElecFMV6,2026-01-23 00:00:00+00:00,LZ_WEST,2026-01-23 23:00:00+00:00,15.8175,37.10269,9.245838,75.7993
ElecFMV6,2026-01-23 00:00:00+00:00,LZ_RAYBN,2026-01-23 00:00:00+00:00,58.92416666666667,54.206608,48.389534,65.03929
ElecFMV6,2026-01-23 00:00:00+00:00,LZ_RAYBN,2026-01-23 01:00:00+00:00,47.1525,51.426582,42.770027,66.01213
ElecFMV6,2026-01-23 00:00:00+00:00,LZ_RAYBN,2026-01-23 02:00:00+00:00,36.80416666666667,52.349373,41.211746,69.42892
ElecFMV6,2026-01-23 00:00:00+00:00,LZ_RAYBN,2026-01-23 03:00:00+00:00,33.25416666666667,47.968376,35.4911,65.21186
ElecFMV6,2026-01-23 00:00:00+00:00,LZ_RAYBN,2026-01-23 04:00:00+00:00,30.7825,42.920197,29.914923,61.190617
ElecFMV6,2026-01-23 00:00:00+00:00,LZ_RAYBN,2026-01-23 05:00:00+00:00,33.0025,42.160545,27.29232,59.893166
ElecFMV6,2026-01-23 00:00:00+00:00,LZ_RAYBN,2026-01-23 06:00:00+00:00,36.306666666666665,41.210957,25.951931,60.396004
ElecFMV6,2026-01-23 00:00:00+00:00,LZ_RAYBN,2026-01-23 07:00:00+00:00,31.889166666666668,38.88538,22.662169,58.864975
ElecFMV6,2026-01-23 00:00:00+00:00,LZ_RAYBN,2026-01-23 08:00:00+00:00,31.305000000000003,35.173347,17.287975,56.198116
ElecFMV6,2026-01-23 00:00:00+00:00,LZ_RAYBN,2026-01-23 09:00:00+00:00,32.445,37.3378,18.875261,58.035027
ElecFMV6,2026-01-23 00:00:00+00:00,LZ_RAYBN,2026-01-23 10:00:00+00:00,36.62166666666666,39.86796,20.913874,61.51467
ElecFMV6,2026-01-23 00:00:00+00:00,LZ_RAYBN,2026-01-23 11:00:00+00:00,42.9675,41.48765,22.301533,62.572956
ElecFMV6,2026-01-23 00:00:00+00:00,LZ_RAYBN,2026-01-23 12:00:00+00:00,43.96833333333333,39.57576,20.084839,61.92129
ElecFMV6,2026-01-23 00:00:00+00:00,LZ_RAYBN,2026-01-23 13:00:00+00:00,39.97916666666666,39.338757,20.080761,60.862766
ElecFMV6,2026-01-23 00:00:00+00:00,LZ_RAYBN,2026-01-23 14:00:00+00:00,30.9075,36.61646,17.166273,58.50744
ElecFMV6,2026-01-23 00:00:00+00:00,LZ_RAYBN,2026-01-23 15:00:00+00:00,28.640833333333333,31.083479,12.203849,50.86421
ElecFMV6,2026-01-23 00:00:00+00:00,LZ_RAYBN,2026-01-23 16:00:00+00:00,25.089166666666667,26.746092,8.66972,45.83379
ElecFMV6,2026-01-23 00:00:00+00:00,LZ_RAYBN,2026-01-23 17:00:00+00:00,20.245,26.399126,9.417988,44.23256
ElecFMV6,2026-01-23 00:00:00+00:00,LZ_RAYBN,2026-01-23 18:00:00+00:00,7.773333333333333,27.719896,11.116182,46.63617
ElecFMV6,2026-01-23 00:00:00+00:00,LZ_RAYBN,2026-01-23 19:00:00+00:00,2.839166666666667,28.667276,11.347904,46.503746
ElecFMV6,2026-01-23 00:00:00+00:00,LZ_RAYBN,2026-01-23 20:00:00+00:00,0.225,25.859377,8.620804,44.09722
ElecFMV6,2026-01-23 00:00:00+00:00,LZ_RAYBN,2026-01-23 21:00:00+00:00,0.1975,26.042849,8.379368,44.451775
ElecFMV6,2026-01-23 00:00:00+00:00,LZ_RAYBN,2026-01-23 22:00:00+00:00,0.3908333333333333,33.31335,14.815349,53.681488
ElecFMV6,2026-01-23 00:00:00+00:00,LZ_RAYBN,2026-01-23 23:00:00+00:00,16.344166666666666,41.373585,21.958567,63.91194
ElecFMV6,2026-01-24 00:00:00+00:00,LZ_LCRA,2026-01-24 00:00:00+00:00,22.785833333333333,17.001316,11.966169,27.521908
ElecFMV6,2026-01-24 00:00:00+00:00,LZ_LCRA,2026-01-24 01:00:00+00:00,22.703333333333333,14.94101,8.01726,28.647202
ElecFMV6,2026-01-24 00:00:00+00:00,LZ_LCRA,2026-01-24 02:00:00+00:00,27.109166666666667,16.822708,8.652222,32.409462
ElecFMV6,2026-01-24 00:00:00+00:00,LZ_LCRA,2026-01-24 03:00:00+00:00,30.992500000000003,14.612488,5.284811,31.150063
ElecFMV6,2026-01-24 00:00:00+00:00,LZ_LCRA,2026-01-24 04:00:00+00:00,31.06833333333333,13.038476,2.590231,31.416115
ElecFMV6,2026-01-24 00:00:00+00:00,LZ_LCRA,2026-01-24 05:00:00+00:00,29.820000000000004,14.109544,1.5288754,34.425835
ElecFMV6,2026-01-24 00:00:00+00:00,LZ_LCRA,2026-01-24 06:00:00+00:00,30.633333333333336,12.741782,-0.29043198,35.613373
ElecFMV6,2026-01-24 00:00:00+00:00,LZ_LCRA,2026-01-24 07:00:00+00:00,30.460833333333337,15.487702,1.0654545,39.042385
ElecFMV6,2026-01-24 00:00:00+00:00,LZ_LCRA,2026-01-24 08:00:00+00:00,32.2475,16.832924,1.489706,40.040432
ElecFMV6,2026-01-24 00:00:00+00:00,LZ_LCRA,2026-01-24 09:00:00+00:00,32.836666666666666,18.246204,2.059248,41.598045
ElecFMV6,2026-01-24 00:00:00+00:00,LZ_LCRA,2026-01-24 10:00:00+00:00,37.98916666666667,18.622355,1.3439541,43.039146
ElecFMV6,2026-01-24 00:00:00+00:00,LZ_LCRA,2026-01-24 11:00:00+00:00,44.92166666666666,20.302124,2.118929,46.196953
ElecFMV6,2026-01-24 00:00:00+00:00,LZ_LCRA,2026-01-24 12:00:00+00:00,57.15166666666667,23.487831,3.8396778,49.97071
ElecFMV6,2026-01-24 00:00:00+00:00,LZ_LCRA,2026-01-24 13:00:00+00:00,72.67999999999999,24.64288,5.050802,51.295853
ElecFMV6,2026-01-24 00:00:00+00:00,LZ_LCRA,2026-01-24 14:00:00+00:00,91.315,22.306517,3.117567,48.519234
ElecFMV6,2026-01-24 00:00:00+00:00,LZ_LCRA,2026-01-24 15:00:00+00:00,132.36249999999998,15.363376,-3.2179737,39.887066
ElecFMV6,2026-01-24 00:00:00+00:00,LZ_LCRA,2026-01-24 16:00:00+00:00,165.94916666666668,12.425704,-5.17626,36.102287
ElecFMV6,2026-01-24 00:00:00+00:00,LZ_LCRA,2026-01-24 17:00:00+00:00,165.945,10.520303,-5.937149,33.110027
ElecFMV6,2026-01-24 00:00:00+00:00,LZ_LCRA,2026-01-24 18:00:00+00:00,192.38333333333333,6.8469315,-8.182793,29.642054
ElecFMV6,2026-01-24 00:00:00+00:00,LZ_LCRA,2026-01-24 19:00:00+00:00,218.0133333333333,6.692211,-7.8497734,27.477875
ElecFMV6,2026-01-24 00:00:00+00:00,LZ_LCRA,2026-01-24 20:00:00+00:00,290.1225,6.714781,-7.0336494,26.65262
ElecFMV6,2026-01-24 00:00:00+00:00,LZ_LCRA,2026-01-24 21:00:00+00:00,213.04666666666665,8.601549,-6.0201797,28.931213
ElecFMV6,2026-01-24 00:00:00+00:00,LZ_LCRA,2026-01-24 22:00:00+00:00,277.2941666666667,11.182472,-5.078703,33.92759
ElecFMV6,2026-01-24 00:00:00+00:00,LZ_LCRA,2026-01-24 23:00:00+00:00,447.0508333333333,19.488602,1.3785744,45.490517
ElecFMV6,2026-01-24 00:00:00+00:00,LZ_WEST,2026-01-24 00:00:00+00:00,24.153333333333336,17.289118,13.492847,28.716198
ElecFMV6,2026-01-24 00:00:00+00:00,LZ_WEST,2026-01-24 01:00:00+00:00,25.605833333333333,16.148348,9.868973,32.822693
ElecFMV6,2026-01-24 00:00:00+00:00,LZ_WEST,2026-01-24 02:00:00+00:00,26.92,18.581722,10.087904,39.040257
ElecFMV6,2026-01-24 00:00:00+00:00,LZ_WEST,2026-01-24 03:00:00+00:00,31.085,18.711212,8.00049,41.987797
ElecFMV6,2026-01-24 00:00:00+00:00,LZ_WEST,2026-01-24 04:00:00+00:00,31.2575,18.01607,5.4648685,44.23186
ElecFMV6,2026-01-24 00:00:00+00:00,LZ_WEST,2026-01-24 05:00:00+00:00,30.021666666666665,18.392912,2.242157,47.51471
ElecFMV6,2026-01-24 00:00:00+00:00,LZ_WEST,2026-01-24 06:00:00+00:00,30.635,17.842747,1.1265717,51.131653
ElecFMV6,2026-01-24 00:00:00+00:00,LZ_WEST,2026-01-24 07:00:00+00:00,30.460833333333337,19.898005,1.165123,56.547382
ElecFMV6,2026-01-24 00:00:00+00:00,LZ_WEST,2026-01-24 08:00:00+00:00,32.2475,22.364616,1.1024055,58.636948
ElecFMV6,2026-01-24 00:00:00+00:00,LZ_WEST,2026-01-24 09:00:00+00:00,66.99916666666667,24.200562,1.5329056,61.745663
ElecFMV6,2026-01-24 00:00:00+00:00,LZ_WEST,2026-01-24 10:00:00+00:00,91.38583333333334,27.001558,3.2315025,65.554474
ElecFMV6,2026-01-24 00:00:00+00:00,LZ_WEST,2026-01-24 11:00:00+00:00,101.7725,27.676794,3.519415,67.76726
ElecFMV6,2026-01-24 00:00:00+00:00,LZ_WEST,2026-01-24 12:00:00+00:00,122.64916666666666,29.890451,5.480875,69.544876
ElecFMV6,2026-01-24 00:00:00+00:00,LZ_WEST,2026-01-24 13:00:00+00:00,135.66416666666666,29.733704,6.6512833,69.84156
ElecFMV6,2026-01-24 00:00:00+00:00,LZ_WEST,2026-01-24 14:00:00+00:00,164.3675,28.829895,6.211071,67.54121
ElecFMV6,2026-01-24 00:00:00+00:00,LZ_WEST,2026-01-24 15:00:00+00:00,179.96583333333334,24.315414,3.655285,60.288055
ElecFMV6,2026-01-24 00:00:00+00:00,LZ_WEST,2026-01-24 16:00:00+00:00,168.04583333333332,19.773907,0.85993195,53.714767
ElecFMV6,2026-01-24 00:00:00+00:00,LZ_WEST,2026-01-24 17:00:00+00:00,165.76583333333335,17.180485,0.44241714,48.92205
ElecFMV6,2026-01-24 00:00:00+00:00,LZ_WEST,2026-01-24 18:00:00+00:00,198.6108333333333,14.090309,-1.0737076,46.204292
ElecFMV6,2026-01-24 00:00:00+00:00,LZ_WEST,2026-01-24 19:00:00+00:00,194.11666666666667,14.813965,-0.7496605,44.679832
ElecFMV6,2026-01-24 00:00:00+00:00,LZ_WEST,2026-01-24 20:00:00+00:00,250.7625,14.110575,-1.3786049,43.506058
ElecFMV6,2026-01-24 00:00:00+00:00,LZ_WEST,2026-01-24 21:00:00+00:00,202.0275,16.017395,-0.38466644,45.793495
ElecFMV6,2026-01-24 00:00:00+00:00,LZ_WEST,2026-01-24 22:00:00+00:00,267.1116666666667,19.241224,1.1713867,51.24077
ElecFMV6,2026-01-24 00:00:00+00:00,LZ_WEST,2026-01-24 23:00:00+00:00,366.6783333333333,23.860388,5.307024,58.879562
ElecFMV6,2026-01-24 00:00:00+00:00,LZ_RAYBN,2026-01-24 00:00:00+00:00,28.70833333333333,21.836792,18.615646,31.94989
ElecFMV6,2026-01-24 00:00:00+00:00,LZ_RAYBN,2026-01-24 01:00:00+00:00,28.754166666666663,18.479177,13.028473,32.296005
ElecFMV6,2026-01-24 00:00:00+00:00,LZ_RAYBN,2026-01-24 02:00:00+00:00,28.444166666666664,18.872513,11.560687,35.091778
ElecFMV6,2026-01-24 00:00:00+00:00,LZ_RAYBN,2026-01-24 03:00:00+00:00,30.918333333333333,16.605055,7.821989,34.348927
ElecFMV6,2026-01-24 00:00:00+00:00,LZ_RAYBN,2026-01-24 04:00:00+00:00,30.9,13.996976,3.8064957,33.506382
ElecFMV6,2026-01-24 00:00:00+00:00,LZ_RAYBN,2026-01-24 05:00:00+00:00,29.61583333333333,15.098905,2.3384724,36.439476
ElecFMV6,2026-01-24 00:00:00+00:00,LZ_RAYBN,2026-01-24 06:00:00+00:00,30.63083333333333,14.46761,1.5820732,38.221863
ElecFMV6,2026-01-24 00:00:00+00:00,LZ_RAYBN,2026-01-24 07:00:00+00:00,30.460833333333337,15.316563,1.2624702,39.717224
ElecFMV6,2026-01-24 00:00:00+00:00,LZ_RAYBN,2026-01-24 08:00:00+00:00,32.2475,17.065214,1.985857,40.936485
ElecFMV6,2026-01-24 00:00:00+00:00,LZ_RAYBN,2026-01-24 09:00:00+00:00,31.911666666666665,19.821148,3.939886,44.10175
ElecFMV6,2026-01-24 00:00:00+00:00,LZ_RAYBN,2026-01-24 10:00:00+00:00,36.685,21.199966,4.3721905,46.67089
ElecFMV6,2026-01-24 00:00:00+00:00,LZ_RAYBN,2026-01-24 11:00:00+00:00,43.66166666666666,22.307623,4.7356796,48.690697
ElecFMV6,2026-01-24 00:00:00+00:00,LZ_RAYBN,2026-01-24 12:00:00+00:00,57.755,24.383032,5.67276,51.107277
ElecFMV6,2026-01-24 00:00:00+00:00,LZ_RAYBN,2026-01-24 13:00:00+00:00,69.28583333333334,25.170336,7.116802,52.059036
ElecFMV6,2026-01-24 00:00:00+00:00,LZ_RAYBN,2026-01-24 14:00:00+00:00,79.66416666666667,22.399084,4.9127502,49.159435
ElecFMV6,2026-01-24 00:00:00+00:00,LZ_RAYBN,2026-01-24 15:00:00+00:00,133.0675,16.35961,-0.5135822,42.035545
ElecFMV6,2026-01-24 00:00:00+00:00,LZ_RAYBN,2026-01-24 16:00:00+00:00,156.75416666666666,13.172352,-3.3506336,38.5998
ElecFMV6,2026-01-24 00:00:00+00:00,LZ_RAYBN,2026-01-24 17:00:00+00:00,154.90666666666667,11.372892,-3.8786201,35.87902
ElecFMV6,2026-01-24 00:00:00+00:00,LZ_RAYBN,2026-01-24 18:00:00+00:00,197.795,8.4968815,-5.386978,33.21115
ElecFMV6,2026-01-24 00:00:00+00:00,LZ_RAYBN,2026-01-24 19:00:00+00:00,188.04916666666668,7.6221733,-5.5299416,30.23148
ElecFMV6,2026-01-24 00:00:00+00:00,LZ_RAYBN,2026-01-24 20:00:00+00:00,243.34583333333333,7.213627,-4.878006,29.017141
ElecFMV6,2026-01-24 00:00:00+00:00,LZ_RAYBN,2026-01-24 21:00:00+00:00,199.9375,9.321348,-3.459715,31.37274
ElecFMV6,2026-01-24 00:00:00+00:00,LZ_RAYBN,2026-01-24 22:00:00+00:00,279.3333333333333,13.016856,-1.3574047,37.282417
ElecFMV6,2026-01-24 00:00:00+00:00,LZ_RAYBN,2026-01-24 23:00:00+00:00,342.3208333333334,19.298126,3.1647701,46.4856
ElecFMV6,2026-01-25 00:00:00+00:00,LZ_LCRA,2026-01-25 00:00:00+00:00,268.7075,368.21225,279.58795,474.9251
ElecFMV6,2026-01-25 00:00:00+00:00,LZ_LCRA,2026-01-25 01:00:00+00:00,255.4391666666667,305.29257,198.27548,435.29904
ElecFMV6,2026-01-25 00:00:00+00:00,LZ_LCRA,2026-01-25 02:00:00+00:00,181.5233333333333,266.39502,158.02101,412.80444
ElecFMV6,2026-01-25 00:00:00+00:00,LZ_LCRA,2026-01-25 03:00:00+00:00,189.0125,248.00893,133.07083,408.56384
ElecFMV6,2026-01-25 00:00:00+00:00,LZ_LCRA,2026-01-25 04:00:00+00:00,153.98166666666663,229.0371,112.66054,389.58255
ElecFMV6,2026-01-25 00:00:00+00:00,LZ_LCRA,2026-01-25 05:00:00+00:00,140.23083333333332,207.87514,87.32045,373.9785
ElecFMV6,2026-01-25 00:00:00+00:00,LZ_LCRA,2026-01-25 06:00:00+00:00,162.21833333333333,176.6525,58.631542,344.94373
ElecFMV6,2026-01-25 00:00:00+00:00,LZ_LCRA,2026-01-25 07:00:00+00:00,145.22583333333333,150.84201,40.106785,323.2034
ElecFMV6,2026-01-25 00:00:00+00:00,LZ_LCRA,2026-01-25 08:00:00+00:00,152.79999999999998,126.405685,23.093372,291.1938
ElecFMV6,2026-01-25 00:00:00+00:00,LZ_LCRA,2026-01-25 09:00:00+00:00,230.71666666666667,115.4713,19.368944,277.6121
ElecFMV6,2026-01-25 00:00:00+00:00,LZ_LCRA,2026-01-25 10:00:00+00:00,177.38833333333332,115.06499,18.990408,268.8357
ElecFMV6,2026-01-25 00:00:00+00:00,LZ_LCRA,2026-01-25 11:00:00+00:00,215.52916666666667,102.67945,12.763325,264.2117
ElecFMV6,2026-01-25 00:00:00+00:00,LZ_LCRA,2026-01-25 12:00:00+00:00,195.76916666666668,90.32378,7.3254128,243.62413
ElecFMV6,2026-01-25 00:00:00+00:00,LZ_LCRA,2026-01-25 13:00:00+00:00,217.50833333333333,82.033936,5.902996,238.91441
ElecFMV6,2026-01-25 00:00:00+00:00,LZ_LCRA,2026-01-25 14:00:00+00:00,162.57500000000002,73.12776,-0.28333664,221.52444
ElecFMV6,2026-01-25 00:00:00+00:00,LZ_LCRA,2026-01-25 15:00:00+00:00,134.49666666666667,65.380165,4.4190674,212.5911
ElecFMV6,2026-01-25 00:00:00+00:00,LZ_LCRA,2026-01-25 16:00:00+00:00,129.26250000000002,64.54057,5.234375,206.41966
ElecFMV6,2026-01-25 00:00:00+00:00,LZ_LCRA,2026-01-25 17:00:00+00:00,115.69416666666666,64.44881,13.880419,205.68657
ElecFMV6,2026-01-25 00:00:00+00:00,LZ_LCRA,2026-01-25 18:00:00+00:00,124.17333333333332,67.785126,16.750025,204.26257
ElecFMV6,2026-01-25 00:00:00+00:00,LZ_LCRA,2026-01-25 19:00:00+00:00,131.0675,69.95264,13.179445,202.39189
ElecFMV6,2026-01-25 00:00:00+00:00,LZ_LCRA,2026-01-25 20:00:00+00:00,142.83916666666667,64.18672,12.518057,197.33911
ElecFMV6,2026-01-25 00:00:00+00:00,LZ_LCRA,2026-01-25 21:00:00+00:00,159.80583333333334,62.0063,12.908209,193.99925
ElecFMV6,2026-01-25 00:00:00+00:00,LZ_LCRA,2026-01-25 22:00:00+00:00,223.9525,63.37282,14.498957,188.49669
ElecFMV6,2026-01-25 00:00:00+00:00,LZ_LCRA,2026-01-25 23:00:00+00:00,336.7683333333334,65.7179,20.96362,190.7788
ElecFMV6,2026-01-25 00:00:00+00:00,LZ_WEST,2026-01-25 00:00:00+00:00,284.00666666666666,298.2877,231.72719,379.5549
ElecFMV6,2026-01-25 00:00:00+00:00,LZ_WEST,2026-01-25 01:00:00+00:00,205.10666666666663,255.63544,175.51544,355.11
ElecFMV6,2026-01-25 00:00:00+00:00,LZ_WEST,2026-01-25 02:00:00+00:00,154.72,234.73232,148.32588,347.0897
ElecFMV6,2026-01-25 00:00:00+00:00,LZ_WEST,2026-01-25 03:00:00+00:00,167.13583333333335,224.99103,131.21786,347.39545
ElecFMV6,2026-01-25 00:00:00+00:00,LZ_WEST,2026-01-25 04:00:00+00:00,125.79083333333334,210.46034,110.24996,336.59872
ElecFMV6,2026-01-25 00:00:00+00:00,LZ_WEST,2026-01-25 05:00:00+00:00,118.02916666666664,198.48405,92.56291,331.95697
ElecFMV6,2026-01-25 00:00:00+00:00,LZ_WEST,2026-01-25 06:00:00+00:00,164.76916666666668,182.38866,74.24295,325.1352
ElecFMV6,2026-01-25 00:00:00+00:00,LZ_WEST,2026-01-25 07:00:00+00:00,147.8225,164.28311,56.87263,315.53387
ElecFMV6,2026-01-25 00:00:00+00:00,LZ_WEST,2026-01-25 08:00:00+00:00,145.39166666666668,149.61737,40.87627,300.90735
ElecFMV6,2026-01-25 00:00:00+00:00,LZ_WEST,2026-01-25 09:00:00+00:00,173.99333333333334,146.0917,39.74945,297.1279
ElecFMV6,2026-01-25 00:00:00+00:00,LZ_WEST,2026-01-25 10:00:00+00:00,156.1233333333333,146.55824,39.649483,299.59042
ElecFMV6,2026-01-25 00:00:00+00:00,LZ_WEST,2026-01-25 11:00:00+00:00,169.78,127.918686,23.732183,285.84186
ElecFMV6,2026-01-25 00:00:00+00:00,LZ_WEST,2026-01-25 12:00:00+00:00,170.40833333333333,118.20662,15.027115,274.68558
ElecFMV6,2026-01-25 00:00:00+00:00,LZ_WEST,2026-01-25 13:00:00+00:00,192.0175,111.211945,11.987728,271.26572
ElecFMV6,2026-01-25 00:00:00+00:00,LZ_WEST,2026-01-25 14:00:00+00:00,139.45416666666668,99.97983,2.5453491,255.63432
ElecFMV6,2026-01-25 00:00:00+00:00,LZ_WEST,2026-01-25 15:00:00+00:00,115.64833333333333,93.27826,6.726307,248.63724
ElecFMV6,2026-01-25 00:00:00+00:00,LZ_WEST,2026-01-25 16:00:00+00:00,109.54833333333332,86.810616,0.7803421,237.07529
ElecFMV6,2026-01-25 00:00:00+00:00,LZ_WEST,2026-01-25 17:00:00+00:00,109.94916666666668,87.575165,9.367226,233.87086
ElecFMV6,2026-01-25 00:00:00+00:00,LZ_WEST,2026-01-25 18:00:00+00:00,118.93333333333334,89.43195,11.001011,234.06337
ElecFMV6,2026-01-25 00:00:00+00:00,LZ_WEST,2026-01-25 19:00:00+00:00,130.46666666666667,89.939095,9.26326,232.06409
ElecFMV6,2026-01-25 00:00:00+00:00,LZ_WEST,2026-01-25 20:00:00+00:00,137.01666666666668,81.33107,4.707741,225.78954
ElecFMV6,2026-01-25 00:00:00+00:00,LZ_WEST,2026-01-25 21:00:00+00:00,152.92416666666668,76.83798,2.5551949,218.72073
ElecFMV6,2026-01-25 00:00:00+00:00,LZ_WEST,2026-01-25 22:00:00+00:00,193.69416666666663,76.1372,2.0089455,215.4991
ElecFMV6,2026-01-25 00:00:00+00:00,LZ_WEST,2026-01-25 23:00:00+00:00,300.67333333333335,78.07977,8.853001,214.54892
ElecFMV6,2026-01-25 00:00:00+00:00,LZ_RAYBN,2026-01-25 00:00:00+00:00,270.22666666666663,278.80814,215.35777,359.0499
ElecFMV6,2026-01-25 00:00:00+00:00,LZ_RAYBN,2026-01-25 01:00:00+00:00,196.7891666666667,247.65219,168.21625,347.0216
ElecFMV6,2026-01-25 00:00:00+00:00,LZ_RAYBN,2026-01-25 02:00:00+00:00,143.505,231.64893,145.463,345.429
ElecFMV6,2026-01-25 00:00:00+00:00,LZ_RAYBN,2026-01-25 03:00:00+00:00,145.59166666666667,221.47466,125.573944,349.31567
ElecFMV6,2026-01-25 00:00:00+00:00,LZ_RAYBN,2026-01-25 04:00:00+00:00,112.78083333333332,208.92578,107.07207,341.57724
ElecFMV6,2026-01-25 00:00:00+00:00,LZ_RAYBN,2026-01-25 05:00:00+00:00,107.71,196.53616,87.9427,338.2387
ElecFMV6,2026-01-25 00:00:00+00:00,LZ_RAYBN,2026-01-25 06:00:00+00:00,114.06833333333331,175.69858,64.745346,323.96216
ElecFMV6,2026-01-25 00:00:00+00:00,LZ_RAYBN,2026-01-25 07:00:00+00:00,106.29333333333334,153.83057,45.596394,310.1103
ElecFMV6,2026-01-25 00:00:00+00:00,LZ_RAYBN,2026-01-25 08:00:00+00:00,118.22916666666669,134.23653,27.785954,289.0015
ElecFMV6,2026-01-25 00:00:00+00:00,LZ_RAYBN,2026-01-25 09:00:00+00:00,122.86333333333332,123.107925,20.790018,277.8265
ElecFMV6,2026-01-25 00:00:00+00:00,LZ_RAYBN,2026-01-25 10:00:00+00:00,119.65833333333336,122.86127,19.517258,274.9105
ElecFMV6,2026-01-25 00:00:00+00:00,LZ_RAYBN,2026-01-25 11:00:00+00:00,157.74666666666667,110.21001,11.701387,269.3695
ElecFMV6,2026-01-25 00:00:00+00:00,LZ_RAYBN,2026-01-25 12:00:00+00:00,163.4375,102.053795,9.223543,256.81662
ElecFMV6,2026-01-25 00:00:00+00:00,LZ_RAYBN,2026-01-25 13:00:00+00:00,181.70916666666668,92.796074,4.418148,249.96774
ElecFMV6,2026-01-25 00:00:00+00:00,LZ_RAYBN,2026-01-25 14:00:00+00:00,131.89916666666667,86.86574,0.64892197,238.4221
ElecFMV6,2026-01-25 00:00:00+00:00,LZ_RAYBN,2026-01-25 15:00:00+00:00,111.44,79.62692,3.8329735,229.51428
ElecFMV6,2026-01-25 00:00:00+00:00,LZ_RAYBN,2026-01-25 16:00:00+00:00,105.70583333333332,78.39464,4.2036057,224.10161
ElecFMV6,2026-01-25 00:00:00+00:00,LZ_RAYBN,2026-01-25 17:00:00+00:00,107.51416666666668,75.72875,10.081589,219.04156
ElecFMV6,2026-01-25 00:00:00+00:00,LZ_RAYBN,2026-01-25 18:00:00+00:00,116.38416666666669,75.27101,10.529209,216.41089
ElecFMV6,2026-01-25 00:00:00+00:00,LZ_RAYBN,2026-01-25 19:00:00+00:00,124.965,73.31352,7.629368,212.6574
ElecFMV6,2026-01-25 00:00:00+00:00,LZ_RAYBN,2026-01-25 20:00:00+00:00,134.59833333333333,69.701385,8.986059,209.53119
ElecFMV6,2026-01-25 00:00:00+00:00,LZ_RAYBN,2026-01-25 21:00:00+00:00,150.60333333333332,66.294365,8.239937,205.79048
ElecFMV6,2026-01-25 00:00:00+00:00,LZ_RAYBN,2026-01-25 22:00:00+00:00,191.1016666666667,65.0605,7.7551804,202.08115
ElecFMV6,2026-01-25 00:00:00+00:00,LZ_RAYBN,2026-01-25 23:00:00+00:00,296.6125,64.35836,10.613497,197.91618
ElecFMV6,2026-01-26 00:00:00+00:00,LZ_LCRA,2026-01-26 00:00:00+00:00,952.8708333333334,253.4153,212.29195,316.05084
ElecFMV6,2026-01-26 00:00:00+00:00,LZ_LCRA,2026-01-26 01:00:00+00:00,525.8016666666666,232.48457,175.93759,317.87057
ElecFMV6,2026-01-26 00:00:00+00:00,LZ_LCRA,2026-01-26 02:00:00+00:00,794.0583333333334,219.99161,159.1298,321.14444
ElecFMV6,2026-01-26 00:00:00+00:00,LZ_LCRA,2026-01-26 03:00:00+00:00,960.4466666666668,209.57404,139.36969,326.76215
ElecFMV6,2026-01-26 00:00:00+00:00,LZ_LCRA,2026-01-26 04:00:00+00:00,745.4666666666667,197.79102,122.715385,320.22458
ElecFMV6,2026-01-26 00:00:00+00:00,LZ_LCRA,2026-01-26 05:00:00+00:00,651.115,190.20482,109.1781,323.55713
ElecFMV6,2026-01-26 00:00:00+00:00,LZ_LCRA,2026-01-26 06:00:00+00:00,324.71750000000003,184.81409,97.98947,322.2137
ElecFMV6,2026-01-26 00:00:00+00:00,LZ_LCRA,2026-01-26 07:00:00+00:00,279.1433333333333,169.32161,82.403786,319.88647
ElecFMV6,2026-01-26 00:00:00+00:00,LZ_LCRA,2026-01-26 08:00:00+00:00,232.17583333333332,161.66672,73.715614,306.0506
ElecFMV6,2026-01-26 00:00:00+00:00,LZ_LCRA,2026-01-26 09:00:00+00:00,225.3175,156.5024,67.37895,302.67004
ElecFMV6,2026-01-26 00:00:00+00:00,LZ_LCRA,2026-01-26 10:00:00+00:00,258.6608333333333,169.44603,79.35673,313.365
ElecFMV6,2026-01-26 00:00:00+00:00,LZ_LCRA,2026-01-26 11:00:00+00:00,343.6716666666666,163.10379,75.3956,314.17273
ElecFMV6,2026-01-26 00:00:00+00:00,LZ_LCRA,2026-01-26 12:00:00+00:00,464.815,156.87723,72.1187,299.25085
ElecFMV6,2026-01-26 00:00:00+00:00,LZ_LCRA,2026-01-26 13:00:00+00:00,492.5183333333334,159.76286,78.5861,314.10196
ElecFMV6,2026-01-26 00:00:00+00:00,LZ_LCRA,2026-01-26 14:00:00+00:00,284.8,153.62839,70.70487,301.0936
ElecFMV6,2026-01-26 00:00:00+00:00,LZ_LCRA,2026-01-26 15:00:00+00:00,87.72916666666667,151.13075,77.93555,305.38977
ElecFMV6,2026-01-26 00:00:00+00:00,LZ_LCRA,2026-01-26 16:00:00+00:00,56.86083333333334,138.63438,64.76141,289.04852
ElecFMV6,2026-01-26 00:00:00+00:00,LZ_LCRA,2026-01-26 17:00:00+00:00,40.155,132.94034,61.219967,288.2698
ElecFMV6,2026-01-26 00:00:00+00:00,LZ_LCRA,2026-01-26 18:00:00+00:00,14.5175,138.32727,67.68964,290.8105
ElecFMV6,2026-01-26 00:00:00+00:00,LZ_LCRA,2026-01-26 19:00:00+00:00,-0.3441666666666667,145.33324,61.389553,291.0153
ElecFMV6,2026-01-26 00:00:00+00:00,LZ_LCRA,2026-01-26 20:00:00+00:00,-0.6725,135.31801,62.95757,281.08215
ElecFMV6,2026-01-26 00:00:00+00:00,LZ_LCRA,2026-01-26 21:00:00+00:00,-1.8475,134.62984,60.773457,280.83463
ElecFMV6,2026-01-26 00:00:00+00:00,LZ_LCRA,2026-01-26 22:00:00+00:00,14.014166666666668,146.09079,77.32546,286.44086
ElecFMV6,2026-01-26 00:00:00+00:00,LZ_LCRA,2026-01-26 23:00:00+00:00,159.89833333333334,153.9908,91.14677,303.39206
ElecFMV6,2026-01-26 00:00:00+00:00,LZ_WEST,2026-01-26 00:00:00+00:00,1046.559166666667,238.46027,171.54654,325.6307
ElecFMV6,2026-01-26 00:00:00+00:00,LZ_WEST,2026-01-26 01:00:00+00:00,885.34,204.3572,127.083824,309.57983
ElecFMV6,2026-01-26 00:00:00+00:00,LZ_WEST,2026-01-26 02:00:00+00:00,987.0616666666666,179.75285,99.364876,295.88715
ElecFMV6,2026-01-26 00:00:00+00:00,LZ_WEST,2026-01-26 03:00:00+00:00,1016.3766666666668,176.6478,94.01842,300.45697
ElecFMV6,2026-01-26 00:00:00+00:00,LZ_WEST,2026-01-26 04:00:00+00:00,615.355,165.98537,83.29669,294.177
ElecFMV6,2026-01-26 00:00:00+00:00,LZ_WEST,2026-01-26 05:00:00+00:00,510.725,159.28946,73.58706,292.6297
ElecFMV6,2026-01-26 00:00:00+00:00,LZ_WEST,2026-01-26 06:00:00+00:00,395.2108333333333,153.52318,65.08551,292.87598
ElecFMV6,2026-01-26 00:00:00+00:00,LZ_WEST,2026-01-26 07:00:00+00:00,382.57916666666665,139.81387,49.634888,286.51257
ElecFMV6,2026-01-26 00:00:00+00:00,LZ_WEST,2026-01-26 08:00:00+00:00,363.73,132.13434,40.535316,279.09473
ElecFMV6,2026-01-26 00:00:00+00:00,LZ_WEST,2026-01-26 09:00:00+00:00,366.9891666666667,129.52081,35.91786,277.38873
ElecFMV6,2026-01-26 00:00:00+00:00,LZ_WEST,2026-01-26 10:00:00+00:00,425.45666666666665,134.34708,38.23905,282.85004
ElecFMV6,2026-01-26 00:00:00+00:00,LZ_WEST,2026-01-26 11:00:00+00:00,339.37916666666666,128.2283,35.20825,282.0393
ElecFMV6,2026-01-26 00:00:00+00:00,LZ_WEST,2026-01-26 12:00:00+00:00,279.4,127.598564,34.704643,280.87134
ElecFMV6,2026-01-26 00:00:00+00:00,LZ_WEST,2026-01-26 13:00:00+00:00,200.23666666666668,128.411,37.227524,283.4972
ElecFMV6,2026-01-26 00:00:00+00:00,LZ_WEST,2026-01-26 14:00:00+00:00,150.17583333333332,125.62897,33.40563,275.30786
ElecFMV6,2026-01-26 00:00:00+00:00,LZ_WEST,2026-01-26 15:00:00+00:00,89.06583333333333,119.31227,34.35477,271.15393
ElecFMV6,2026-01-26 00:00:00+00:00,LZ_WEST,2026-01-26 16:00:00+00:00,74.60083333333334,111.07208,26.044033,260.6048
ElecFMV6,2026-01-26 00:00:00+00:00,LZ_WEST,2026-01-26 17:00:00+00:00,60.821666666666665,105.97484,27.551685,253.3783
ElecFMV6,2026-01-26 00:00:00+00:00,LZ_WEST,2026-01-26 18:00:00+00:00,26.9675,105.55798,29.134457,249.56224
ElecFMV6,2026-01-26 00:00:00+00:00,LZ_WEST,2026-01-26 19:00:00+00:00,2.682500000000001,105.52434,27.477348,244.72783
ElecFMV6,2026-01-26 00:00:00+00:00,LZ_WEST,2026-01-26 20:00:00+00:00,-0.1975,102.62888,31.923016,241.8266
ElecFMV6,2026-01-26 00:00:00+00:00,LZ_WEST,2026-01-26 21:00:00+00:00,-1.7558333333333334,100.47207,29.04538,239.10147
ElecFMV6,2026-01-26 00:00:00+00:00,LZ_WEST,2026-01-26 22:00:00+00:00,14.014166666666668,106.23738,37.71501,243.11554
ElecFMV6,2026-01-26 00:00:00+00:00,LZ_WEST,2026-01-26 23:00:00+00:00,159.89833333333334,108.896255,40.94948,249.26321
ElecFMV6,2026-01-26 00:00:00+00:00,LZ_RAYBN,2026-01-26 00:00:00+00:00,1085.3333333333333,221.6211,181.28094,271.12173
ElecFMV6,2026-01-26 00:00:00+00:00,LZ_RAYBN,2026-01-26 01:00:00+00:00,1045.4633333333334,206.71945,150.79991,273.67126
ElecFMV6,2026-01-26 00:00:00+00:00,LZ_RAYBN,2026-01-26 02:00:00+00:00,1067.4616666666668,191.90839,128.67776,273.47473
ElecFMV6,2026-01-26 00:00:00+00:00,LZ_RAYBN,2026-01-26 03:00:00+00:00,1034.8608333333334,182.88686,112.717064,277.07126
ElecFMV6,2026-01-26 00:00:00+00:00,LZ_RAYBN,2026-01-26 04:00:00+00:00,535.7566666666667,172.89236,97.97598,277.16324
ElecFMV6,2026-01-26 00:00:00+00:00,LZ_RAYBN,2026-01-26 05:00:00+00:00,446.0858333333333,158.28522,77.121086,269.26263
ElecFMV6,2026-01-26 00:00:00+00:00,LZ_RAYBN,2026-01-26 06:00:00+00:00,318.14916666666664,153.79282,67.81737,269.58978
ElecFMV6,2026-01-26 00:00:00+00:00,LZ_RAYBN,2026-01-26 07:00:00+00:00,322.4633333333333,140.1206,55.355106,261.812
ElecFMV6,2026-01-26 00:00:00+00:00,LZ_RAYBN,2026-01-26 08:00:00+00:00,315.09666666666664,127.50738,44.09944,247.91098
ElecFMV6,2026-01-26 00:00:00+00:00,LZ_RAYBN,2026-01-26 09:00:00+00:00,311.62416666666667,121.78423,39.1893,242.36288
ElecFMV6,2026-01-26 00:00:00+00:00,LZ_RAYBN,2026-01-26 10:00:00+00:00,391.8783333333333,134.18964,48.825626,255.98972
ElecFMV6,2026-01-26 00:00:00+00:00,LZ_RAYBN,2026-01-26 11:00:00+00:00,328.00333333333333,135.19229,52.788406,261.85754
ElecFMV6,2026-01-26 00:00:00+00:00,LZ_RAYBN,2026-01-26 12:00:00+00:00,272.12166666666667,129.74623,48.58976,254.61884
ElecFMV6,2026-01-26 00:00:00+00:00,LZ_RAYBN,2026-01-26 13:00:00+00:00,173.74749999999997,127.22445,51.794846,257.9356
ElecFMV6,2026-01-26 00:00:00+00:00,LZ_RAYBN,2026-01-26 14:00:00+00:00,124.89416666666666,126.69177,47.783714,254.32397
ElecFMV6,2026-01-26 00:00:00+00:00,LZ_RAYBN,2026-01-26 15:00:00+00:00,87.485,123.6778,53.469658,252.715
ElecFMV6,2026-01-26 00:00:00+00:00,LZ_RAYBN,2026-01-26 16:00:00+00:00,89.91833333333334,114.12001,39.278152,244.72821
ElecFMV6,2026-01-26 00:00:00+00:00,LZ_RAYBN,2026-01-26 17:00:00+00:00,73.105,107.40907,38.713654,240.33344
ElecFMV6,2026-01-26 00:00:00+00:00,LZ_RAYBN,2026-01-26 18:00:00+00:00,36.825833333333335,114.24165,46.017445,246.19193
ElecFMV6,2026-01-26 00:00:00+00:00,LZ_RAYBN,2026-01-26 19:00:00+00:00,5.281666666666667,117.16308,43.782074,240.80508
ElecFMV6,2026-01-26 00:00:00+00:00,LZ_RAYBN,2026-01-26 20:00:00+00:00,0.2066666666666666,111.443695,45.97174,237.80154
ElecFMV6,2026-01-26 00:00:00+00:00,LZ_RAYBN,2026-01-26 21:00:00+00:00,-1.6849999999999998,107.76413,43.810093,234.37357
ElecFMV6,2026-01-26 00:00:00+00:00,LZ_RAYBN,2026-01-26 22:00:00+00:00,14.014166666666668,124.56047,61.170334,249.68811
ElecFMV6,2026-01-26 00:00:00+00:00,LZ_RAYBN,2026-01-26 23:00:00+00:00,159.89833333333334,129.4427,68.751205,257.76837
ElecFMV6,2026-01-27 00:00:00+00:00,LZ_LCRA,2026-01-27 00:00:00+00:00,169.84916666666666,129.05913,63.617546,262.00446
ElecFMV6,2026-01-27 00:00:00+00:00,LZ_LCRA,2026-01-27 01:00:00+00:00,155.82833333333335,114.7355,45.87967,273.00073
ElecFMV6,2026-01-27 00:00:00+00:00,LZ_LCRA,2026-01-27 02:00:00+00:00,163.41583333333332,110.81929,44.71683,284.1775
ElecFMV6,2026-01-27 00:00:00+00:00,LZ_LCRA,2026-01-27 03:00:00+00:00,170.52583333333334,108.81276,43.520546,297.27875
ElecFMV6,2026-01-27 00:00:00+00:00,LZ_LCRA,2026-01-27 04:00:00+00:00,115.5725,106.97302,39.016495,296.6682
ElecFMV6,2026-01-27 00:00:00+00:00,LZ_LCRA,2026-01-27 05:00:00+00:00,100.86416666666666,108.04958,34.873505,310.49402
ElecFMV6,2026-01-27 00:00:00+00:00,LZ_LCRA,2026-01-27 06:00:00+00:00,110.90083333333332,96.64532,25.447937,307.38837
ElecFMV6,2026-01-27 00:00:00+00:00,LZ_LCRA,2026-01-27 07:00:00+00:00,123.1725,85.20178,15.747337,313.6151
ElecFMV6,2026-01-27 00:00:00+00:00,LZ_LCRA,2026-01-27 08:00:00+00:00,118.17166666666668,82.50527,9.171799,298.21857
ElecFMV6,2026-01-27 00:00:00+00:00,LZ_LCRA,2026-01-27 09:00:00+00:00,102.69583333333333,85.20284,7.2617645,304.71194
ElecFMV6,2026-01-27 00:00:00+00:00,LZ_LCRA,2026-01-27 10:00:00+00:00,113.08666666666666,84.59195,-0.43514252,301.23987
ElecFMV6,2026-01-27 00:00:00+00:00,LZ_LCRA,2026-01-27 11:00:00+00:00,102.79583333333332,90.634964,2.704422,326.55255
ElecFMV6,2026-01-27 00:00:00+00:00,LZ_LCRA,2026-01-27 12:00:00+00:00,128.72,102.98115,12.740173,330.74713
ElecFMV6,2026-01-27 00:00:00+00:00,LZ_LCRA,2026-01-27 13:00:00+00:00,103.72583333333334,97.74492,9.662437,334.24222
ElecFMV6,2026-01-27 00:00:00+00:00,LZ_LCRA,2026-01-27 14:00:00+00:00,60.01833333333334,100.40375,5.0377502,332.09106
ElecFMV6,2026-01-27 00:00:00+00:00,LZ_LCRA,2026-01-27 15:00:00+00:00,31.83083333333333,101.23307,12.412827,339.34332
ElecFMV6,2026-01-27 00:00:00+00:00,LZ_LCRA,2026-01-27 16:00:00+00:00,39.04416666666666,100.670364,5.0191116,333.217
ElecFMV6,2026-01-27 00:00:00+00:00,LZ_LCRA,2026-01-27 17:00:00+00:00,42.77333333333333,107.57673,14.882912,344.55634
ElecFMV6,2026-01-27 00:00:00+00:00,LZ_LCRA,2026-01-27 18:00:00+00:00,33.1175,103.4113,7.809593,339.8908
ElecFMV6,2026-01-27 00:00:00+00:00,LZ_LCRA,2026-01-27 19:00:00+00:00,47.82666666666666,94.325966,-9.210564,330.48816
ElecFMV6,2026-01-27 00:00:00+00:00,LZ_LCRA,2026-01-27 20:00:00+00:00,63.47416666666666,92.248924,-6.4483414,324.78748
ElecFMV6,2026-01-27 00:00:00+00:00,LZ_LCRA,2026-01-27 21:00:00+00:00,83.9525,97.714066,-5.621521,332.63126
ElecFMV6,2026-01-27 00:00:00+00:00,LZ_LCRA,2026-01-27 22:00:00+00:00,95.59,100.227684,-0.41566467,335.279
ElecFMV6,2026-01-27 00:00:00+00:00,LZ_LCRA,2026-01-27 23:00:00+00:00,154.395,116.60155,18.621742,356.37906
ElecFMV6,2026-01-27 00:00:00+00:00,LZ_WEST,2026-01-27 00:00:00+00:00,197.7158333333333,148.59575,74.261986,276.24814
ElecFMV6,2026-01-27 00:00:00+00:00,LZ_WEST,2026-01-27 01:00:00+00:00,192.45666666666668,130.9072,60.2675,274.32935
ElecFMV6,2026-01-27 00:00:00+00:00,LZ_WEST,2026-01-27 02:00:00+00:00,200.70666666666668,108.0342,44.867294,261.65283
ElecFMV6,2026-01-27 00:00:00+00:00,LZ_WEST,2026-01-27 03:00:00+00:00,205.7683333333333,111.71767,53.451096,276.1052
ElecFMV6,2026-01-27 00:00:00+00:00,LZ_WEST,2026-01-27 04:00:00+00:00,125.40416666666664,115.81208,56.947777,275.11038
ElecFMV6,2026-01-27 00:00:00+00:00,LZ_WEST,2026-01-27 05:00:00+00:00,100.86416666666666,112.48857,54.593536,280.0172
ElecFMV6,2026-01-27 00:00:00+00:00,LZ_WEST,2026-01-27 06:00:00+00:00,110.90083333333332,98.556946,46.895187,271.84543
ElecFMV6,2026-01-27 00:00:00+00:00,LZ_WEST,2026-01-27 07:00:00+00:00,123.1725,96.34242,47.580566,280.29416
ElecFMV6,2026-01-27 00:00:00+00:00,LZ_WEST,2026-01-27 08:00:00+00:00,118.17166666666668,82.436676,32.240196,252.66818
ElecFMV6,2026-01-27 00:00:00+00:00,LZ_WEST,2026-01-27 09:00:00+00:00,102.69583333333333,74.789986,22.26667,247.58029
ElecFMV6,2026-01-27 00:00:00+00:00,LZ_WEST,2026-01-27 10:00:00+00:00,113.05,74.96677,16.14264,247.11215
ElecFMV6,2026-01-27 00:00:00+00:00,LZ_WEST,2026-01-27 11:00:00+00:00,90.55,87.03068,24.365936,277.72336
ElecFMV6,2026-01-27 00:00:00+00:00,LZ_WEST,2026-01-27 12:00:00+00:00,92.12833333333332,111.12845,43.258575,296.18832
ElecFMV6,2026-01-27 00:00:00+00:00,LZ_WEST,2026-01-27 13:00:00+00:00,66.31833333333334,110.64739,45.485718,301.19168
ElecFMV6,2026-01-27 00:00:00+00:00,LZ_WEST,2026-01-27 14:00:00+00:00,50.23083333333333,104.46433,33.376976,293.50488
ElecFMV6,2026-01-27 00:00:00+00:00,LZ_WEST,2026-01-27 15:00:00+00:00,31.5075,106.332146,37.959526,300.26797
ElecFMV6,2026-01-27 00:00:00+00:00,LZ_WEST,2026-01-27 16:00:00+00:00,39.04083333333333,114.439095,37.908493,306.5513
ElecFMV6,2026-01-27 00:00:00+00:00,LZ_WEST,2026-01-27 17:00:00+00:00,42.759166666666665,115.99797,42.577072,314.44373
ElecFMV6,2026-01-27 00:00:00+00:00,LZ_WEST,2026-01-27 18:00:00+00:00,47.775,110.867294,33.765137,311.6021
ElecFMV6,2026-01-27 00:00:00+00:00,LZ_WEST,2026-01-27 19:00:00+00:00,64.91666666666667,114.46503,31.492577,318.36438
ElecFMV6,2026-01-27 00:00:00+00:00,LZ_WEST,2026-01-27 20:00:00+00:00,88.70083333333334,116.8527,39.61001,320.10428
ElecFMV6,2026-01-27 00:00:00+00:00,LZ_WEST,2026-01-27 21:00:00+00:00,106.13833333333334,124.248314,35.587082,326.1807
ElecFMV6,2026-01-27 00:00:00+00:00,LZ_WEST,2026-01-27 22:00:00+00:00,97.0225,126.55062,37.408707,325.4484
ElecFMV6,2026-01-27 00:00:00+00:00,LZ_WEST,2026-01-27 23:00:00+00:00,164.6025,137.52393,54.121273,342.50085
ElecFMV6,2026-01-27 00:00:00+00:00,LZ_RAYBN,2026-01-27 00:00:00+00:00,158.32500000000002,141.45981,65.12164,271.10046
ElecFMV6,2026-01-27 00:00:00+00:00,LZ_RAYBN,2026-01-27 01:00:00+00:00,139.59833333333333,140.51678,63.041447,288.59784
ElecFMV6,2026-01-27 00:00:00+00:00,LZ_RAYBN,2026-01-27 02:00:00+00:00,145.8425,129.8427,58.35862,288.71707
ElecFMV6,2026-01-27 00:00:00+00:00,LZ_RAYBN,2026-01-27 03:00:00+00:00,151.78916666666666,124.57431,56.282116,291.0288
ElecFMV6,2026-01-27 00:00:00+00:00,LZ_RAYBN,2026-01-27 04:00:00+00:00,102.71,111.4544,49.497387,279.3226
ElecFMV6,2026-01-27 00:00:00+00:00,LZ_RAYBN,2026-01-27 05:00:00+00:00,100.86416666666666,106.46229,43.062363,278.8982
ElecFMV6,2026-01-27 00:00:00+00:00,LZ_RAYBN,2026-01-27 06:00:00+00:00,110.90083333333332,96.500275,40.753902,272.95117
ElecFMV6,2026-01-27 00:00:00+00:00,LZ_RAYBN,2026-01-27 07:00:00+00:00,123.18,84.108475,31.494019,269.33414
ElecFMV6,2026-01-27 00:00:00+00:00,LZ_RAYBN,2026-01-27 08:00:00+00:00,118.19583333333333,70.32097,16.575722,244.99834
ElecFMV6,2026-01-27 00:00:00+00:00,LZ_RAYBN,2026-01-27 09:00:00+00:00,102.69583333333333,69.31061,13.904701,244.3182
ElecFMV6,2026-01-27 00:00:00+00:00,LZ_RAYBN,2026-01-27 10:00:00+00:00,113.0675,70.80737,12.059128,246.76128
ElecFMV6,2026-01-27 00:00:00+00:00,LZ_RAYBN,2026-01-27 11:00:00+00:00,93.73166666666668,78.92951,18.860329,267.7658
ElecFMV6,2026-01-27 00:00:00+00:00,LZ_RAYBN,2026-01-27 12:00:00+00:00,102.58416666666666,103.76787,40.073368,291.14856
ElecFMV6,2026-01-27 00:00:00+00:00,LZ_RAYBN,2026-01-27 13:00:00+00:00,77.2025,107.3775,44.058765,299.36752
ElecFMV6,2026-01-27 00:00:00+00:00,LZ_RAYBN,2026-01-27 14:00:00+00:00,53.859166666666674,109.40547,39.603386,305.1443
ElecFMV6,2026-01-27 00:00:00+00:00,LZ_RAYBN,2026-01-27 15:00:00+00:00,31.491666666666664,105.74153,36.516388,308.4084
ElecFMV6,2026-01-27 00:00:00+00:00,LZ_RAYBN,2026-01-27 16:00:00+00:00,39.03833333333333,110.64878,35.744347,311.4093
ElecFMV6,2026-01-27 00:00:00+00:00,LZ_RAYBN,2026-01-27 17:00:00+00:00,42.74666666666667,111.38615,38.928947,315.88678
ElecFMV6,2026-01-27 00:00:00+00:00,LZ_RAYBN,2026-01-27 18:00:00+00:00,61.46416666666666,111.27006,37.683372,315.5652
ElecFMV6,2026-01-27 00:00:00+00:00,LZ_RAYBN,2026-01-27 19:00:00+00:00,80.85333333333334,108.76286,28.159378,310.45
ElecFMV6,2026-01-27 00:00:00+00:00,LZ_RAYBN,2026-01-27 20:00:00+00:00,111.74,111.530945,32.04534,316.0243
ElecFMV6,2026-01-27 00:00:00+00:00,LZ_RAYBN,2026-01-27 21:00:00+00:00,121.98083333333334,109.4937,23.526886,316.10532
ElecFMV6,2026-01-27 00:00:00+00:00,LZ_RAYBN,2026-01-27 22:00:00+00:00,97.485,112.83584,24.74704,320.28732
ElecFMV6,2026-01-27 00:00:00+00:00,LZ_RAYBN,2026-01-27 23:00:00+00:00,168.40083333333334,118.11073,33.429825,330.91736
ElecFMV6,2026-01-28 00:00:00+00:00,LZ_LCRA,2026-01-28 00:00:00+00:00,175.0041666666667,155.01337,119.215256,208.99979
ElecFMV6,2026-01-28 00:00:00+00:00,LZ_LCRA,2026-01-28 01:00:00+00:00,167.78833333333333,139.17458,92.38183,216.24336
ElecFMV6,2026-01-28 00:00:00+00:00,LZ_LCRA,2026-01-28 02:00:00+00:00,222.75333333333333,143.51839,79.91393,236.05952
ElecFMV6,2026-01-28 00:00:00+00:00,LZ_LCRA,2026-01-28 03:00:00+00:00,215.88166666666663,150.17517,77.8322,256.40573
ElecFMV6,2026-01-28 00:00:00+00:00,LZ_LCRA,2026-01-28 04:00:00+00:00,154.6966666666667,141.80833,60.285515,259.1844
ElecFMV6,2026-01-28 00:00:00+00:00,LZ_LCRA,2026-01-28 05:00:00+00:00,185.98833333333332,135.93044,41.27762,267.65457
ElecFMV6,2026-01-28 00:00:00+00:00,LZ_LCRA,2026-01-28 06:00:00+00:00,259.9783333333333,129.31755,37.336548,269.02475
ElecFMV6,2026-01-28 00:00:00+00:00,LZ_LCRA,2026-01-28 07:00:00+00:00,282.0075,109.51844,16.784904,260.84485
ElecFMV6,2026-01-28 00:00:00+00:00,LZ_LCRA,2026-01-28 08:00:00+00:00,357.0625,101.43469,8.184372,245.10445
ElecFMV6,2026-01-28 00:00:00+00:00,LZ_LCRA,2026-01-28 09:00:00+00:00,297.31083333333333,106.80844,12.782593,247.93489
ElecFMV6,2026-01-28 00:00:00+00:00,LZ_LCRA,2026-01-28 10:00:00+00:00,283.6641666666667,110.31944,14.955826,254.71652
ElecFMV6,2026-01-28 00:00:00+00:00,LZ_LCRA,2026-01-28 11:00:00+00:00,403.295,118.16794,28.073372,267.2876
ElecFMV6,2026-01-28 00:00:00+00:00,LZ_LCRA,2026-01-28 12:00:00+00:00,597.4741666666666,127.24366,32.270134,276.19672
ElecFMV6,2026-01-28 00:00:00+00:00,LZ_LCRA,2026-01-28 13:00:00+00:00,921.4575,129.41779,42.727295,281.6691
ElecFMV6,2026-01-28 00:00:00+00:00,LZ_LCRA,2026-01-28 14:00:00+00:00,116.66083333333334,123.20109,33.321693,276.211
ElecFMV6,2026-01-28 00:00:00+00:00,LZ_LCRA,2026-01-28 15:00:00+00:00,28.735,120.64554,34.688774,273.23227
ElecFMV6,2026-01-28 00:00:00+00:00,LZ_LCRA,2026-01-28 16:00:00+00:00,32.767500000000005,117.00454,26.747307,275.72058
ElecFMV6,2026-01-28 00:00:00+00:00,LZ_LCRA,2026-01-28 17:00:00+00:00,26.411666666666665,119.830986,31.740898,273.90256
ElecFMV6,2026-01-28 00:00:00+00:00,LZ_LCRA,2026-01-28 18:00:00+00:00,22.0775,116.91167,30.986198,284.6808
ElecFMV6,2026-01-28 00:00:00+00:00,LZ_LCRA,2026-01-28 19:00:00+00:00,18.475,111.069534,21.771896,275.66577
ElecFMV6,2026-01-28 00:00:00+00:00,LZ_LCRA,2026-01-28 20:00:00+00:00,16.44,107.06738,27.822266,268.96088
ElecFMV6,2026-01-28 00:00:00+00:00,LZ_LCRA,2026-01-28 21:00:00+00:00,12.385833333333332,102.64585,15.371742,259.2804
ElecFMV6,2026-01-28 00:00:00+00:00,LZ_LCRA,2026-01-28 22:00:00+00:00,38.625,108.37838,17.135857,263.77295
ElecFMV6,2026-01-28 00:00:00+00:00,LZ_LCRA,2026-01-28 23:00:00+00:00,99.41083333333334,118.98095,33.410545,279.39465
ElecFMV6,2026-01-28 00:00:00+00:00,LZ_WEST,2026-01-28 00:00:00+00:00,183.7433333333333,145.13086,106.21947,203.21097
ElecFMV6,2026-01-28 00:00:00+00:00,LZ_WEST,2026-01-28 01:00:00+00:00,167.78833333333333,137.23805,90.516235,211.88864
ElecFMV6,2026-01-28 00:00:00+00:00,LZ_WEST,2026-01-28 02:00:00+00:00,222.75333333333333,137.68076,79.07101,224.29167
ElecFMV6,2026-01-28 00:00:00+00:00,LZ_WEST,2026-01-28 03:00:00+00:00,215.88166666666663,137.07751,72.72638,233.90933
ElecFMV6,2026-01-28 00:00:00+00:00,LZ_WEST,2026-01-28 04:00:00+00:00,154.6966666666667,130.08884,60.95614,236.15198
ElecFMV6,2026-01-28 00:00:00+00:00,LZ_WEST,2026-01-28 05:00:00+00:00,185.98833333333332,127.95722,50.43605,243.10684
ElecFMV6,2026-01-28 00:00:00+00:00,LZ_WEST,2026-01-28 06:00:00+00:00,259.9783333333333,124.42231,52.101357,243.30205
ElecFMV6,2026-01-28 00:00:00+00:00,LZ_WEST,2026-01-28 07:00:00+00:00,287.2,112.44971,40.026276,238.86603
ElecFMV6,2026-01-28 00:00:00+00:00,LZ_WEST,2026-01-28 08:00:00+00:00,357.0625,106.271866,35.36747,225.79875
ElecFMV6,2026-01-28 00:00:00+00:00,LZ_WEST,2026-01-28 09:00:00+00:00,297.31083333333333,105.770584,33.055412,222.54211
ElecFMV6,2026-01-28 00:00:00+00:00,LZ_WEST,2026-01-28 10:00:00+00:00,283.6641666666667,107.21075,34.43325,225.08443
ElecFMV6,2026-01-28 00:00:00+00:00,LZ_WEST,2026-01-28 11:00:00+00:00,403.295,100.07599,32.03102,225.4816
ElecFMV6,2026-01-28 00:00:00+00:00,LZ_WEST,2026-01-28 12:00:00+00:00,601.4941666666667,105.0909,36.56324,231.84888
ElecFMV6,2026-01-28 00:00:00+00:00,LZ_WEST,2026-01-28 13:00:00+00:00,1170.6583333333333,105.435104,41.350456,226.65833
ElecFMV6,2026-01-28 00:00:00+00:00,LZ_WEST,2026-01-28 14:00:00+00:00,126.73416666666668,101.97896,37.744865,224.54892
ElecFMV6,2026-01-28 00:00:00+00:00,LZ_WEST,2026-01-28 15:00:00+00:00,47.61333333333334,98.1757,33.630836,215.62267
ElecFMV6,2026-01-28 00:00:00+00:00,LZ_WEST,2026-01-28 16:00:00+00:00,54.91583333333333,90.29345,24.768433,211.17484
ElecFMV6,2026-01-28 00:00:00+00:00,LZ_WEST,2026-01-28 17:00:00+00:00,43.38333333333333,93.649025,28.705223,210.67538
ElecFMV6,2026-01-28 00:00:00+00:00,LZ_WEST,2026-01-28 18:00:00+00:00,38.42583333333334,93.090225,32.62451,218.89742
ElecFMV6,2026-01-28 00:00:00+00:00,LZ_WEST,2026-01-28 19:00:00+00:00,34.21083333333333,90.8378,30.148537,214.01482
ElecFMV6,2026-01-28 00:00:00+00:00,LZ_WEST,2026-01-28 20:00:00+00:00,26.79583333333333,87.416885,36.57135,208.3674
ElecFMV6,2026-01-28 00:00:00+00:00,LZ_WEST,2026-01-28 21:00:00+00:00,22.83833333333333,87.572426,32.427696,201.32889
ElecFMV6,2026-01-28 00:00:00+00:00,LZ_WEST,2026-01-28 22:00:00+00:00,41.16583333333333,85.64747,28.67418,198.34985
ElecFMV6,2026-01-28 00:00:00+00:00,LZ_WEST,2026-01-28 23:00:00+00:00,102.85333333333334,86.61127,32.98616,206.10529
ElecFMV6,2026-01-28 00:00:00+00:00,LZ_RAYBN,2026-01-28 00:00:00+00:00,187.1675,156.00595,123.03339,211.4116
ElecFMV6,2026-01-28 00:00:00+00:00,LZ_RAYBN,2026-01-28 01:00:00+00:00,167.78833333333333,145.27824,104.21339,218.74751
ElecFMV6,2026-01-28 00:00:00+00:00,LZ_RAYBN,2026-01-28 02:00:00+00:00,222.75333333333333,146.10919,90.88852,231.29684
ElecFMV6,2026-01-28 00:00:00+00:00,LZ_RAYBN,2026-01-28 03:00:00+00:00,215.88166666666663,150.38298,89.6376,246.18295
ElecFMV6,2026-01-28 00:00:00+00:00,LZ_RAYBN,2026-01-28 04:00:00+00:00,154.6966666666667,143.86777,75.694954,246.81976
ElecFMV6,2026-01-28 00:00:00+00:00,LZ_RAYBN,2026-01-28 05:00:00+00:00,185.98833333333332,137.35745,57.937954,250.68372
ElecFMV6,2026-01-28 00:00:00+00:00,LZ_RAYBN,2026-01-28 06:00:00+00:00,259.9783333333333,134.82524,57.020134,252.13074
ElecFMV6,2026-01-28 00:00:00+00:00,LZ_RAYBN,2026-01-28 07:00:00+00:00,289.27333333333337,115.96217,36.66121,243.6735
ElecFMV6,2026-01-28 00:00:00+00:00,LZ_RAYBN,2026-01-28 08:00:00+00:00,357.0625,107.42276,28.067375,226.90828
ElecFMV6,2026-01-28 00:00:00+00:00,LZ_RAYBN,2026-01-28 09:00:00+00:00,297.31083333333333,113.2216,31.711388,228.38339
ElecFMV6,2026-01-28 00:00:00+00:00,LZ_RAYBN,2026-01-28 10:00:00+00:00,283.6641666666667,115.19597,33.89586,234.25282
ElecFMV6,2026-01-28 00:00:00+00:00,LZ_RAYBN,2026-01-28 11:00:00+00:00,403.295,110.538124,36.007614,237.11644
ElecFMV6,2026-01-28 00:00:00+00:00,LZ_RAYBN,2026-01-28 12:00:00+00:00,603.6108333333333,119.412636,39.234604,245.05411
ElecFMV6,2026-01-28 00:00:00+00:00,LZ_RAYBN,2026-01-28 13:00:00+00:00,1305.888333333333,118.05639,45.260765,241.60928
ElecFMV6,2026-01-28 00:00:00+00:00,LZ_RAYBN,2026-01-28 14:00:00+00:00,115.105,113.69531,39.22738,238.07642
ElecFMV6,2026-01-28 00:00:00+00:00,LZ_RAYBN,2026-01-28 15:00:00+00:00,62.1125,109.84384,36.420708,231.8357
ElecFMV6,2026-01-28 00:00:00+00:00,LZ_RAYBN,2026-01-28 16:00:00+00:00,71.43083333333333,103.69282,22.715256,228.85147
ElecFMV6,2026-01-28 00:00:00+00:00,LZ_RAYBN,2026-01-28 17:00:00+00:00,56.505833333333335,107.48714,28.410751,230.81497
ElecFMV6,2026-01-28 00:00:00+00:00,LZ_RAYBN,2026-01-28 18:00:00+00:00,51.310833333333335,107.51053,30.718964,244.17865
ElecFMV6,2026-01-28 00:00:00+00:00,LZ_RAYBN,2026-01-28 19:00:00+00:00,46.814166666666665,103.74156,25.733421,237.11026
ElecFMV6,2026-01-28 00:00:00+00:00,LZ_RAYBN,2026-01-28 20:00:00+00:00,35.483333333333334,96.93038,30.87915,227.88406
ElecFMV6,2026-01-28 00:00:00+00:00,LZ_RAYBN,2026-01-28 21:00:00+00:00,31.183333333333337,96.29839,22.839981,220.70816
ElecFMV6,2026-01-28 00:00:00+00:00,LZ_RAYBN,2026-01-28 22:00:00+00:00,43.34333333333333,101.53525,24.117256,225.89014
ElecFMV6,2026-01-28 00:00:00+00:00,LZ_RAYBN,2026-01-28 23:00:00+00:00,97.87166666666668,109.70689,36.37162,241.14938
ElecFMV6,2026-01-29 00:00:00+00:00,LZ_LCRA,2026-01-29 00:00:00+00:00,92.17916666666667,98.2115,67.01993,158.72598
ElecFMV6,2026-01-29 00:00:00+00:00,LZ_LCRA,2026-01-29 01:00:00+00:00,64.09833333333334,98.953995,61.927116,174.84604
ElecFMV6,2026-01-29 00:00:00+00:00,LZ_LCRA,2026-01-29 02:00:00+00:00,51.76499999999999,88.90927,44.51097,177.16252
ElecFMV6,2026-01-29 00:00:00+00:00,LZ_LCRA,2026-01-29 03:00:00+00:00,38.4,86.03168,43.590767,179.19437
ElecFMV6,2026-01-29 00:00:00+00:00,LZ_LCRA,2026-01-29 04:00:00+00:00,30.551666666666662,79.3067,31.267014,174.23718
ElecFMV6,2026-01-29 00:00:00+00:00,LZ_LCRA,2026-01-29 05:00:00+00:00,26.999166666666667,70.270584,22.771591,168.91313
ElecFMV6,2026-01-29 00:00:00+00:00,LZ_LCRA,2026-01-29 06:00:00+00:00,25.38583333333333,75.02797,28.498055,182.64859
ElecFMV6,2026-01-29 00:00:00+00:00,LZ_LCRA,2026-01-29 07:00:00+00:00,24.0275,81.37147,35.977448,202.88033
ElecFMV6,2026-01-29 00:00:00+00:00,LZ_LCRA,2026-01-29 08:00:00+00:00,23.41583333333333,80.862686,29.572334,197.56757
ElecFMV6,2026-01-29 00:00:00+00:00,LZ_LCRA,2026-01-29 09:00:00+00:00,24.620833333333337,82.14701,28.833145,206.0563
ElecFMV6,2026-01-29 00:00:00+00:00,LZ_LCRA,2026-01-29 10:00:00+00:00,26.69083333333333,91.347565,38.130478,222.10562
ElecFMV6,2026-01-29 00:00:00+00:00,LZ_LCRA,2026-01-29 11:00:00+00:00,35.38916666666667,101.98302,49.70243,243.40201
ElecFMV6,2026-01-29 00:00:00+00:00,LZ_LCRA,2026-01-29 12:00:00+00:00,43.79583333333333,112.1893,57.559166,251.53241
ElecFMV6,2026-01-29 00:00:00+00:00,LZ_LCRA,2026-01-29 13:00:00+00:00,45.23500000000001,108.4677,59.48221,247.65219
ElecFMV6,2026-01-29 00:00:00+00:00,LZ_LCRA,2026-01-29 14:00:00+00:00,22.418333333333333,90.413475,41.314995,231.52628
ElecFMV6,2026-01-29 00:00:00+00:00,LZ_LCRA,2026-01-29 15:00:00+00:00,12.551666666666668,81.14409,33.33288,218.5707
ElecFMV6,2026-01-29 00:00:00+00:00,LZ_LCRA,2026-01-29 16:00:00+00:00,1.0083333333333335,69.971924,19.060036,211.82188
ElecFMV6,2026-01-29 00:00:00+00:00,LZ_LCRA,2026-01-29 17:00:00+00:00,-2.7983333333333333,73.18009,27.16896,211.3813
ElecFMV6,2026-01-29 00:00:00+00:00,LZ_LCRA,2026-01-29 18:00:00+00:00,-3.9783333333333335,76.30739,28.614265,223.76703
ElecFMV6,2026-01-29 00:00:00+00:00,LZ_LCRA,2026-01-29 19:00:00+00:00,-3.565,72.1479,25.809532,213.02608
ElecFMV6,2026-01-29 00:00:00+00:00,LZ_LCRA,2026-01-29 20:00:00+00:00,-5.054166666666666,68.233635,22.50122,202.40591
ElecFMV6,2026-01-29 00:00:00+00:00,LZ_LCRA,2026-01-29 21:00:00+00:00,-5.100833333333333,71.51864,27.08339,199.98238
ElecFMV6,2026-01-29 00:00:00+00:00,LZ_LCRA,2026-01-29 22:00:00+00:00,-2.7550000000000003,82.433105,35.234505,218.03711
ElecFMV6,2026-01-29 00:00:00+00:00,LZ_LCRA,2026-01-29 23:00:00+00:00,40.49333333333333,94.87702,48.25831,231.1279
ElecFMV6,2026-01-29 00:00:00+00:00,LZ_WEST,2026-01-29 00:00:00+00:00,99.51833333333332,96.13954,62.50721,161.1688
ElecFMV6,2026-01-29 00:00:00+00:00,LZ_WEST,2026-01-29 01:00:00+00:00,65.38083333333334,104.210434,61.34394,187.6958
ElecFMV6,2026-01-29 00:00:00+00:00,LZ_WEST,2026-01-29 02:00:00+00:00,51.76499999999999,100.91913,47.3993,200.21655
ElecFMV6,2026-01-29 00:00:00+00:00,LZ_WEST,2026-01-29 03:00:00+00:00,37.0525,110.14107,52.361732,216.71466
ElecFMV6,2026-01-29 00:00:00+00:00,LZ_WEST,2026-01-29 04:00:00+00:00,11.320833333333333,106.060776,34.762222,219.38242
ElecFMV6,2026-01-29 00:00:00+00:00,LZ_WEST,2026-01-29 05:00:00+00:00,6.501666666666666,99.83238,25.730713,219.28714
ElecFMV6,2026-01-29 00:00:00+00:00,LZ_WEST,2026-01-29 06:00:00+00:00,3.3366666666666664,101.998276,29.49131,229.38797
ElecFMV6,2026-01-29 00:00:00+00:00,LZ_WEST,2026-01-29 07:00:00+00:00,8.495833333333334,113.15369,38.791504,251.75945
ElecFMV6,2026-01-29 00:00:00+00:00,LZ_WEST,2026-01-29 08:00:00+00:00,4.281666666666667,116.134796,37.61029,250.24547
ElecFMV6,2026-01-29 00:00:00+00:00,LZ_WEST,2026-01-29 09:00:00+00:00,4.378333333333333,123.11145,43.776855,265.11026
ElecFMV6,2026-01-29 00:00:00+00:00,LZ_WEST,2026-01-29 10:00:00+00:00,6.671666666666667,136.61008,57.498566,284.72174
ElecFMV6,2026-01-29 00:00:00+00:00,LZ_WEST,2026-01-29 11:00:00+00:00,9.883333333333333,142.59961,64.942894,295.2757
ElecFMV6,2026-01-29 00:00:00+00:00,LZ_WEST,2026-01-29 12:00:00+00:00,20.19333333333333,149.49834,70.130295,299.92456
ElecFMV6,2026-01-29 00:00:00+00:00,LZ_WEST,2026-01-29 13:00:00+00:00,32.45333333333333,142.04124,67.4078,289.54053
ElecFMV6,2026-01-29 00:00:00+00:00,LZ_WEST,2026-01-29 14:00:00+00:00,12.155,125.46075,48.47843,276.79333
ElecFMV6,2026-01-29 00:00:00+00:00,LZ_WEST,2026-01-29 15:00:00+00:00,0.7625000000000001,117.51344,37.06417,267.86334
ElecFMV6,2026-01-29 00:00:00+00:00,LZ_WEST,2026-01-29 16:00:00+00:00,0.87,108.47064,25.983276,263.6693
ElecFMV6,2026-01-29 00:00:00+00:00,LZ_WEST,2026-01-29 17:00:00+00:00,-1.6158333333333337,111.32761,34.34424,261.35352
ElecFMV6,2026-01-29 00:00:00+00:00,LZ_WEST,2026-01-29 18:00:00+00:00,-2.2691666666666666,114.576675,38.42856,272.582
ElecFMV6,2026-01-29 00:00:00+00:00,LZ_WEST,2026-01-29 19:00:00+00:00,-2.625833333333333,111.35021,39.429382,262.89752
ElecFMV6,2026-01-29 00:00:00+00:00,LZ_WEST,2026-01-29 20:00:00+00:00,-3.6625,112.916374,40.495094,258.5384
ElecFMV6,2026-01-29 00:00:00+00:00,LZ_WEST,2026-01-29 21:00:00+00:00,-2.975,117.14351,43.47123,259.1924
ElecFMV6,2026-01-29 00:00:00+00:00,LZ_WEST,2026-01-29 22:00:00+00:00,-1.555,115.31021,36.02249,263.8538
ElecFMV6,2026-01-29 00:00:00+00:00,LZ_WEST,2026-01-29 23:00:00+00:00,40.49333333333333,124.076965,46.729225,270.8366
ElecFMV6,2026-01-29 00:00:00+00:00,LZ_RAYBN,2026-01-29 00:00:00+00:00,88.91916666666667,100.901596,72.952896,158.77856
ElecFMV6,2026-01-29 00:00:00+00:00,LZ_RAYBN,2026-01-29 01:00:00+00:00,63.528333333333336,111.05978,76.74744,181.12236
ElecFMV6,2026-01-29 00:00:00+00:00,LZ_RAYBN,2026-01-29 02:00:00+00:00,51.76499999999999,109.320175,72.13438,189.53842
ElecFMV6,2026-01-29 00:00:00+00:00,LZ_RAYBN,2026-01-29 03:00:00+00:00,38.4575,106.1706,72.7492,191.01993
ElecFMV6,2026-01-29 00:00:00+00:00,LZ_RAYBN,2026-01-29 04:00:00+00:00,31.495833333333337,94.022705,53.585716,176.95587
ElecFMV6,2026-01-29 00:00:00+00:00,LZ_RAYBN,2026-01-29 05:00:00+00:00,29.256666666666664,82.72917,45.949135,165.0036
ElecFMV6,2026-01-29 00:00:00+00:00,LZ_RAYBN,2026-01-29 06:00:00+00:00,28.11916666666667,80.3921,47.560257,167.6359
ElecFMV6,2026-01-29 00:00:00+00:00,LZ_RAYBN,2026-01-29 07:00:00+00:00,29.00583333333333,83.6315,50.276337,182.54013
ElecFMV6,2026-01-29 00:00:00+00:00,LZ_RAYBN,2026-01-29 08:00:00+00:00,27.845,82.8373,47.984787,169.1914
ElecFMV6,2026-01-29 00:00:00+00:00,LZ_RAYBN,2026-01-29 09:00:00+00:00,26.69666666666667,89.6456,56.243965,180.45642
ElecFMV6,2026-01-29 00:00:00+00:00,LZ_RAYBN,2026-01-29 10:00:00+00:00,28.968333333333337,101.577255,71.4821,195.58415
ElecFMV6,2026-01-29 00:00:00+00:00,LZ_RAYBN,2026-01-29 11:00:00+00:00,38.0375,108.323425,77.89276,213.47563
ElecFMV6,2026-01-29 00:00:00+00:00,LZ_RAYBN,2026-01-29 12:00:00+00:00,44.79166666666666,113.82063,83.66235,212.21361
ElecFMV6,2026-01-29 00:00:00+00:00,LZ_RAYBN,2026-01-29 13:00:00+00:00,45.7725,102.79036,76.042725,198.64853
ElecFMV6,2026-01-29 00:00:00+00:00,LZ_RAYBN,2026-01-29 14:00:00+00:00,22.85083333333333,85.909805,59.66516,184.89569
ElecFMV6,2026-01-29 00:00:00+00:00,LZ_RAYBN,2026-01-29 15:00:00+00:00,12.7175,80.70907,52.305428,176.564
ElecFMV6,2026-01-29 00:00:00+00:00,LZ_RAYBN,2026-01-29 16:00:00+00:00,0.2925,76.12918,45.689377,177.3727
ElecFMV6,2026-01-29 00:00:00+00:00,LZ_RAYBN,2026-01-29 17:00:00+00:00,-3.148333333333333,77.411125,50.980103,176.50995
ElecFMV6,2026-01-29 00:00:00+00:00,LZ_RAYBN,2026-01-29 18:00:00+00:00,-4.440833333333333,83.66774,56.240883,190.62708
ElecFMV6,2026-01-29 00:00:00+00:00,LZ_RAYBN,2026-01-29 19:00:00+00:00,-3.745,80.30712,55.29561,182.37767
ElecFMV6,2026-01-29 00:00:00+00:00,LZ_RAYBN,2026-01-29 20:00:00+00:00,-5.284166666666667,77.59035,50.54721,176.4837
ElecFMV6,2026-01-29 00:00:00+00:00,LZ_RAYBN,2026-01-29 21:00:00+00:00,-5.594166666666666,82.37467,52.998108,175.78549
ElecFMV6,2026-01-29 00:00:00+00:00,LZ_RAYBN,2026-01-29 22:00:00+00:00,-3.0708333333333333,84.803406,49.98561,183.83403
ElecFMV6,2026-01-29 00:00:00+00:00,LZ_RAYBN,2026-01-29 23:00:00+00:00,40.49333333333333,91.36747,56.804787,189.50589
ElecFMV6,2026-01-30 00:00:00+00:00,LZ_LCRA,2026-01-30 00:00:00+00:00,42.16583333333333,44.861183,18.649734,79.424416
ElecFMV6,2026-01-30 00:00:00+00:00,LZ_LCRA,2026-01-30 01:00:00+00:00,39.83,53.153496,23.5074,91.94327
ElecFMV6,2026-01-30 00:00:00+00:00,LZ_LCRA,2026-01-30 02:00:00+00:00,52.6975,45.887238,9.96637,94.08443
ElecFMV6,2026-01-30 00:00:00+00:00,LZ_LCRA,2026-01-30 03:00:00+00:00,49.52166666666667,42.1473,4.7586823,100.305115
ElecFMV6,2026-01-30 00:00:00+00:00,LZ_LCRA,2026-01-30 04:00:00+00:00,45.78083333333333,41.614105,-0.64527893,103.77484
ElecFMV6,2026-01-30 00:00:00+00:00,LZ_LCRA,2026-01-30 05:00:00+00:00,38.58083333333334,38.174995,-10.837921,111.07487
ElecFMV6,2026-01-30 00:00:00+00:00,LZ_LCRA,2026-01-30 06:00:00+00:00,45.59666666666666,42.83397,-6.327591,129.33534
ElecFMV6,2026-01-30 00:00:00+00:00,LZ_LCRA,2026-01-30 07:00:00+00:00,43.775,50.816383,-1.6735382,152.08353
ElecFMV6,2026-01-30 00:00:00+00:00,LZ_LCRA,2026-01-30 08:00:00+00:00,38.24,45.40303,-13.111542,142.35313
ElecFMV6,2026-01-30 00:00:00+00:00,LZ_LCRA,2026-01-30 09:00:00+00:00,26.56083333333333,42.2313,-19.175064,144.9857
ElecFMV6,2026-01-30 00:00:00+00:00,LZ_LCRA,2026-01-30 10:00:00+00:00,37.38916666666667,38.848686,-23.842636,150.83984
ElecFMV6,2026-01-30 00:00:00+00:00,LZ_LCRA,2026-01-30 11:00:00+00:00,45.431666666666665,52.261757,-13.137375,174.9227
ElecFMV6,2026-01-30 00:00:00+00:00,LZ_LCRA,2026-01-30 12:00:00+00:00,59.594166666666666,64.27473,-5.464157,184.50244
ElecFMV6,2026-01-30 00:00:00+00:00,LZ_LCRA,2026-01-30 13:00:00+00:00,54.9725,78.73524,11.571991,199.29602
ElecFMV6,2026-01-30 00:00:00+00:00,LZ_LCRA,2026-01-30 14:00:00+00:00,57.13333333333333,72.99851,4.4392548,194.52017
ElecFMV6,2026-01-30 00:00:00+00:00,LZ_LCRA,2026-01-30 15:00:00+00:00,38.0875,75.266174,5.567734,188.45471
ElecFMV6,2026-01-30 00:00:00+00:00,LZ_LCRA,2026-01-30 16:00:00+00:00,35.46083333333333,65.300385,-6.252823,178.9678
ElecFMV6,2026-01-30 00:00:00+00:00,LZ_LCRA,2026-01-30 17:00:00+00:00,28.5775,73.29038,2.2302246,185.44077
ElecFMV6,2026-01-30 00:00:00+00:00,LZ_LCRA,2026-01-30 18:00:00+00:00,25.606666666666666,84.80071,8.160919,203.97191
ElecFMV6,2026-01-30 00:00:00+00:00,LZ_LCRA,2026-01-30 19:00:00+00:00,25.764166666666668,76.81352,3.5456696,200.32248
ElecFMV6,2026-01-30 00:00:00+00:00,LZ_LCRA,2026-01-30 20:00:00+00:00,29.671666666666667,79.802246,8.365997,197.01025
ElecFMV6,2026-01-30 00:00:00+00:00,LZ_LCRA,2026-01-30 21:00:00+00:00,31.950833333333332,76.49794,0.4427948,190.24701
ElecFMV6,2026-01-30 00:00:00+00:00,LZ_LCRA,2026-01-30 22:00:00+00:00,30.4325,84.39875,5.681488,199.06116
ElecFMV6,2026-01-30 00:00:00+00:00,LZ_LCRA,2026-01-30 23:00:00+00:00,73.28833333333334,85.73122,15.777832,197.92528
ElecFMV6,2026-01-30 00:00:00+00:00,LZ_WEST,2026-01-30 00:00:00+00:00,42.90416666666667,41.349876,24.494286,67.32027
ElecFMV6,2026-01-30 00:00:00+00:00,LZ_WEST,2026-01-30 01:00:00+00:00,42.4375,49.133667,34.503975,80.40167
ElecFMV6,2026-01-30 00:00:00+00:00,LZ_WEST,2026-01-30 02:00:00+00:00,56.9875,49.88208,27.812744,89.86798
ElecFMV6,2026-01-30 00:00:00+00:00,LZ_WEST,2026-01-30 03:00:00+00:00,64.23416666666667,45.877228,24.62857,97.791245
ElecFMV6,2026-01-30 00:00:00+00:00,LZ_WEST,2026-01-30 04:00:00+00:00,62.76916666666667,44.61058,18.702164,97.99712
ElecFMV6,2026-01-30 00:00:00+00:00,LZ_WEST,2026-01-30 05:00:00+00:00,67.44333333333334,32.27295,-0.94033813,96.400475
ElecFMV6,2026-01-30 00:00:00+00:00,LZ_WEST,2026-01-30 06:00:00+00:00,92.6775,28.171745,-2.181549,102.37602
ElecFMV6,2026-01-30 00:00:00+00:00,LZ_WEST,2026-01-30 07:00:00+00:00,114.92416666666666,39.71193,0.9641876,119.7061
ElecFMV6,2026-01-30 00:00:00+00:00,LZ_WEST,2026-01-30 08:00:00+00:00,112.27333333333333,36.346024,-4.3772125,113.74624
ElecFMV6,2026-01-30 00:00:00+00:00,LZ_WEST,2026-01-30 09:00:00+00:00,100.99916666666668,22.50315,-21.452332,109.72316
ElecFMV6,2026-01-30 00:00:00+00:00,LZ_WEST,2026-01-30 10:00:00+00:00,91.53583333333334,26.365929,-17.163528,121.90269
ElecFMV6,2026-01-30 00:00:00+00:00,LZ_WEST,2026-01-30 11:00:00+00:00,75.47333333333333,36.127304,-12.1545105,143.31717
ElecFMV6,2026-01-30 00:00:00+00:00,LZ_WEST,2026-01-30 12:00:00+00:00,90.41166666666668,43.38112,-1.2332611,148.65929
ElecFMV6,2026-01-30 00:00:00+00:00,LZ_WEST,2026-01-30 13:00:00+00:00,71.1975,58.941597,13.484665,163.20679
ElecFMV6,2026-01-30 00:00:00+00:00,LZ_WEST,2026-01-30 14:00:00+00:00,72.83416666666666,52.274002,4.876114,155.17668
ElecFMV6,2026-01-30 00:00:00+00:00,LZ_WEST,2026-01-30 15:00:00+00:00,39.055,61.72632,10.4943695,157.9783
ElecFMV6,2026-01-30 00:00:00+00:00,LZ_WEST,2026-01-30 16:00:00+00:00,35.69,59.696533,7.9711456,159.0145
ElecFMV6,2026-01-30 00:00:00+00:00,LZ_WEST,2026-01-30 17:00:00+00:00,28.901666666666667,71.96186,14.5607605,168.00233
ElecFMV6,2026-01-30 00:00:00+00:00,LZ_WEST,2026-01-30 18:00:00+00:00,25.660833333333333,77.64085,14.840042,179.57126
ElecFMV6,2026-01-30 00:00:00+00:00,LZ_WEST,2026-01-30 19:00:00+00:00,25.813333333333333,65.38973,5.029312,171.81284
ElecFMV6,2026-01-30 00:00:00+00:00,LZ_WEST,2026-01-30 20:00:00+00:00,29.69833333333333,59.814194,6.6463623,156.88463
ElecFMV6,2026-01-30 00:00:00+00:00,LZ_WEST,2026-01-30 21:00:00+00:00,31.90833333333333,63.139503,2.502716,154.02559
ElecFMV6,2026-01-30 00:00:00+00:00,LZ_WEST,2026-01-30 22:00:00+00:00,30.390833333333333,69.26816,10.659866,154.57458
ElecFMV6,2026-01-30 00:00:00+00:00,LZ_WEST,2026-01-30 23:00:00+00:00,73.28333333333333,62.737038,15.888458,146.80246
ElecFMV6,2026-01-30 00:00:00+00:00,LZ_RAYBN,2026-01-30 00:00:00+00:00,42.193333333333335,44.459457,20.032417,88.11783
ElecFMV6,2026-01-30 00:00:00+00:00,LZ_RAYBN,2026-01-30 01:00:00+00:00,40.094166666666666,50.691177,25.31585,105.500946
ElecFMV6,2026-01-30 00:00:00+00:00,LZ_RAYBN,2026-01-30 02:00:00+00:00,53.903333333333336,54.69438,17.27768,125.59383
ElecFMV6,2026-01-30 00:00:00+00:00,LZ_RAYBN,2026-01-30 03:00:00+00:00,72.57083333333334,42.97455,3.476944,128.52493
ElecFMV6,2026-01-30 00:00:00+00:00,LZ_RAYBN,2026-01-30 04:00:00+00:00,67.82,46.23522,-1.6802368,140.25551
ElecFMV6,2026-01-30 00:00:00+00:00,LZ_RAYBN,2026-01-30 05:00:00+00:00,56.335,40.453613,-15.110443,145.91699
ElecFMV6,2026-01-30 00:00:00+00:00,LZ_RAYBN,2026-01-30 06:00:00+00:00,98.7325,34.9368,-23.918411,156.62767
ElecFMV6,2026-01-30 00:00:00+00:00,LZ_RAYBN,2026-01-30 07:00:00+00:00,128.59083333333334,48.11384,-17.79741,180.81268
ElecFMV6,2026-01-30 00:00:00+00:00,LZ_RAYBN,2026-01-30 08:00:00+00:00,115.90166666666666,43.21662,-27.621063,172.33632
ElecFMV6,2026-01-30 00:00:00+00:00,LZ_RAYBN,2026-01-30 09:00:00+00:00,78.1125,37.1625,-36.783142,177.38002
ElecFMV6,2026-01-30 00:00:00+00:00,LZ_RAYBN,2026-01-30 10:00:00+00:00,75.99333333333333,36.414436,-37.700607,185.80223
ElecFMV6,2026-01-30 00:00:00+00:00,LZ_RAYBN,2026-01-30 11:00:00+00:00,69.49666666666667,53.065758,-29.456573,211.46188
ElecFMV6,2026-01-30 00:00:00+00:00,LZ_RAYBN,2026-01-30 12:00:00+00:00,98.80833333333334,69.96011,-14.8354645,228.61118
ElecFMV6,2026-01-30 00:00:00+00:00,LZ_RAYBN,2026-01-30 13:00:00+00:00,77.27416666666666,92.81061,6.956726,249.74956
ElecFMV6,2026-01-30 00:00:00+00:00,LZ_RAYBN,2026-01-30 14:00:00+00:00,74.66583333333334,87.04411,0.31143188,244.40901
ElecFMV6,2026-01-30 00:00:00+00:00,LZ_RAYBN,2026-01-30 15:00:00+00:00,38.18416666666666,93.37144,1.7798004,239.98523
ElecFMV6,2026-01-30 00:00:00+00:00,LZ_RAYBN,2026-01-30 16:00:00+00:00,35.65916666666667,90.47087,1.1896515,241.12402
ElecFMV6,2026-01-30 00:00:00+00:00,LZ_RAYBN,2026-01-30 17:00:00+00:00,29.11083333333333,105.58232,13.852577,250.9699
ElecFMV6,2026-01-30 00:00:00+00:00,LZ_RAYBN,2026-01-30 18:00:00+00:00,25.69083333333333,109.86336,13.632629,267.11597
ElecFMV6,2026-01-30 00:00:00+00:00,LZ_RAYBN,2026-01-30 19:00:00+00:00,25.840833333333336,106.36958,19.353691,265.07538
ElecFMV6,2026-01-30 00:00:00+00:00,LZ_RAYBN,2026-01-30 20:00:00+00:00,29.71583333333333,105.92467,17.111702,250.46353
ElecFMV6,2026-01-30 00:00:00+00:00,LZ_RAYBN,2026-01-30 21:00:00+00:00,31.889166666666668,107.528305,13.128052,239.01782
ElecFMV6,2026-01-30 00:00:00+00:00,LZ_RAYBN,2026-01-30 22:00:00+00:00,30.391666666666666,103.068245,12.100601,229.86894
ElecFMV6,2026-01-30 00:00:00+00:00,LZ_RAYBN,2026-01-30 23:00:00+00:00,73.27833333333334,93.861725,16.526787,218.63686
