model,origin,node,ts,actual,mean,q10,q90
Chronos2,2025-07-01 00:00:00+00:00,HB_HUBAVG,2025-07-01 00:00:00+00:00,36.060833333333335,58.995361328125,38.848777770996094,91.41747283935547
Chronos2,2025-07-01 00:00:00+00:00,HB_HUBAVG,2025-07-01 01:00:00+00:00,30.155833333333337,54.660057067871094,36.1800537109375,87.58236694335938
Chronos2,2025-07-01 00:00:00+00:00,HB_HUBAVG,2025-07-01 02:00:00+00:00,35.47,44.5479621887207,32.867671966552734,68.44791412353516
Chronos2,2025-07-01 00:00:00+00:00,HB_HUBAVG,2025-07-01 03:00:00+00:00,37.094166666666666,35.563072204589844,28.93621063232422,48.1044921875
Chronos2,2025-07-01 00:00:00+00:00,HB_HUBAVG,2025-07-01 04:00:00+00:00,33.28333333333333,29.97335433959961,25.694934844970703,37.09610366821289
Chronos2,2025-07-01 00:00:00+00:00,HB_HUBAVG,2025-07-01 05:00:00+00:00,48.42250000000001,27.775959014892578,24.424070358276367,33.09066390991211
Chronos2,2025-07-01 00:00:00+00:00,HB_HUBAVG,2025-07-01 06:00:00+00:00,37.24583333333333,26.215662002563477,23.47795295715332,30.63719940185547
Chronos2,2025-07-01 00:00:00+00:00,HB_HUBAVG,2025-07-01 07:00:00+00:00,29.0175,25.166213989257812,22.78030014038086,28.838363647460938
Chronos2,2025-07-01 00:00:00+00:00,HB_HUBAVG,2025-07-01 08:00:00+00:00,27.73166666666667,24.850032806396484,22.378559112548828,27.968812942504883
Chronos2,2025-07-01 00:00:00+00:00,HB_HUBAVG,2025-07-01 09:00:00+00:00,27.319166666666664,24.680204391479492,22.28232192993164,28.469438552856445
Chronos2,2025-07-01 00:00:00+00:00,HB_HUBAVG,2025-07-01 10:00:00+00:00,27.91333333333333,25.214012145996094,22.266563415527344,29.56412696838379
Chronos2,2025-07-01 00:00:00+00:00,HB_HUBAVG,2025-07-01 11:00:00+00:00,31.155833333333337,25.77549171447754,22.288660049438477,31.30353355407715
Chronos2,2025-07-01 00:00:00+00:00,HB_HUBAVG,2025-07-01 12:00:00+00:00,30.175,22.41117286682129,19.581417083740234,26.362136840820312
Chronos2,2025-07-01 00:00:00+00:00,HB_HUBAVG,2025-07-01 13:00:00+00:00,31.161666666666665,18.805511474609375,16.677379608154297,21.788551330566406
Chronos2,2025-07-01 00:00:00+00:00,HB_HUBAVG,2025-07-01 14:00:00+00:00,31.8675,18.453611373901367,16.353763580322266,21.050643920898438
Chronos2,2025-07-01 00:00:00+00:00,HB_HUBAVG,2025-07-01 15:00:00+00:00,35.464166666666664,19.385103225708008,17.256792068481445,22.21866226196289
Chronos2,2025-07-01 00:00:00+00:00,HB_HUBAVG,2025-07-01 16:00:00+00:00,37.63916666666667,23.558313369750977,20.317676544189453,28.155996322631836
Chronos2,2025-07-01 00:00:00+00:00,HB_HUBAVG,2025-07-01 17:00:00+00:00,35.37083333333333,26.99506378173828,22.196447372436523,34.42646026611328
Chronos2,2025-07-01 00:00:00+00:00,HB_HUBAVG,2025-07-01 18:00:00+00:00,37.7325,29.63248062133789,23.59136962890625,40.37810134887695
Chronos2,2025-07-01 00:00:00+00:00,HB_HUBAVG,2025-07-01 19:00:00+00:00,62.53333333333333,29.91780662536621,23.689462661743164,41.70451354980469
Chronos2,2025-07-01 00:00:00+00:00,HB_HUBAVG,2025-07-01 20:00:00+00:00,53.961666666666666,29.964086532592773,23.710052490234375,42.23651123046875
Chronos2,2025-07-01 00:00:00+00:00,HB_HUBAVG,2025-07-01 21:00:00+00:00,58.095,31.045635223388672,23.761489868164062,46.30047607421875
Chronos2,2025-07-01 00:00:00+00:00,HB_HUBAVG,2025-07-01 22:00:00+00:00,105.42833333333331,33.26849365234375,24.828441619873047,52.06982421875
Chronos2,2025-07-01 00:00:00+00:00,HB_HUBAVG,2025-07-01 23:00:00+00:00,112.52416666666666,37.549564361572266,26.92049217224121,62.726951599121094
Chronos2,2025-07-01 00:00:00+00:00,HB_PAN,2025-07-01 00:00:00+00:00,36.05583333333333,55.63420867919922,38.464271545410156,81.5770263671875
Chronos2,2025-07-01 00:00:00+00:00,HB_PAN,2025-07-01 01:00:00+00:00,30.156666666666663,48.69038772583008,33.08659362792969,73.17882537841797
Chronos2,2025-07-01 00:00:00+00:00,HB_PAN,2025-07-01 02:00:00+00:00,35.46583333333333,38.99822998046875,27.49815559387207,59.05984878540039
Chronos2,2025-07-01 00:00:00+00:00,HB_PAN,2025-07-01 03:00:00+00:00,37.20333333333333,31.531335830688477,23.484420776367188,45.10318374633789
Chronos2,2025-07-01 00:00:00+00:00,HB_PAN,2025-07-01 04:00:00+00:00,33.660000000000004,26.862428665161133,20.481822967529297,36.655006408691406
Chronos2,2025-07-01 00:00:00+00:00,HB_PAN,2025-07-01 05:00:00+00:00,50.07416666666666,24.97303009033203,19.254676818847656,32.679100036621094
Chronos2,2025-07-01 00:00:00+00:00,HB_PAN,2025-07-01 06:00:00+00:00,39.56916666666667,24.947776794433594,19.43181037902832,32.20537185668945
Chronos2,2025-07-01 00:00:00+00:00,HB_PAN,2025-07-01 07:00:00+00:00,30.829166666666666,25.232196807861328,19.940017700195312,31.965307235717773
Chronos2,2025-07-01 00:00:00+00:00,HB_PAN,2025-07-01 08:00:00+00:00,29.67833333333333,25.5281925201416,20.212459564208984,32.2634162902832
Chronos2,2025-07-01 00:00:00+00:00,HB_PAN,2025-07-01 09:00:00+00:00,29.345,26.494213104248047,21.211627960205078,33.40525817871094
Chronos2,2025-07-01 00:00:00+00:00,HB_PAN,2025-07-01 10:00:00+00:00,30.314166666666665,27.927013397216797,22.349088668823242,35.34874725341797
Chronos2,2025-07-01 00:00:00+00:00,HB_PAN,2025-07-01 11:00:00+00:00,32.135,28.268970489501953,22.095678329467773,36.29817581176758
Chronos2,2025-07-01 00:00:00+00:00,HB_PAN,2025-07-01 12:00:00+00:00,32.62,25.021438598632812,19.211454391479492,31.788516998291016
Chronos2,2025-07-01 00:00:00+00:00,HB_PAN,2025-07-01 13:00:00+00:00,31.5675,21.488563537597656,15.927196502685547,27.54720687866211
Chronos2,2025-07-01 00:00:00+00:00,HB_PAN,2025-07-01 14:00:00+00:00,31.930000000000003,20.53496742248535,15.347800254821777,26.931720733642578
Chronos2,2025-07-01 00:00:00+00:00,HB_PAN,2025-07-01 15:00:00+00:00,35.13166666666667,21.267375946044922,15.716424942016602,27.867673873901367
Chronos2,2025-07-01 00:00:00+00:00,HB_PAN,2025-07-01 16:00:00+00:00,36.4825,25.1257381439209,19.30693817138672,32.96120071411133
Chronos2,2025-07-01 00:00:00+00:00,HB_PAN,2025-07-01 17:00:00+00:00,34.97083333333334,27.724489212036133,20.627761840820312,38.230995178222656
Chronos2,2025-07-01 00:00:00+00:00,HB_PAN,2025-07-01 18:00:00+00:00,36.8425,30.049365997314453,21.48373031616211,43.293495178222656
Chronos2,2025-07-01 00:00:00+00:00,HB_PAN,2025-07-01 19:00:00+00:00,61.055,30.426414489746094,21.174386978149414,46.04540252685547
Chronos2,2025-07-01 00:00:00+00:00,HB_PAN,2025-07-01 20:00:00+00:00,52.4575,30.095664978027344,20.539316177368164,47.3876838684082
Chronos2,2025-07-01 00:00:00+00:00,HB_PAN,2025-07-01 21:00:00+00:00,57.52333333333333,30.416534423828125,20.061044692993164,49.5306282043457
Chronos2,2025-07-01 00:00:00+00:00,HB_PAN,2025-07-01 22:00:00+00:00,108.5925,31.52165412902832,20.76724624633789,51.06562805175781
Chronos2,2025-07-01 00:00:00+00:00,HB_PAN,2025-07-01 23:00:00+00:00,121.06833333333331,33.71766662597656,22.02907943725586,55.050048828125
Chronos2,2025-07-01 00:00:00+00:00,LZ_WEST,2025-07-01 00:00:00+00:00,36.055,63.463783264160156,40.72829818725586,96.37400817871094
Chronos2,2025-07-01 00:00:00+00:00,LZ_WEST,2025-07-01 01:00:00+00:00,30.1375,57.927001953125,36.966880798339844,89.52186584472656
Chronos2,2025-07-01 00:00:00+00:00,LZ_WEST,2025-07-01 02:00:00+00:00,35.46583333333333,51.460262298583984,34.378414154052734,80.19163513183594
Chronos2,2025-07-01 00:00:00+00:00,LZ_WEST,2025-07-01 03:00:00+00:00,38.745,46.356807708740234,32.709938049316406,70.71788787841797
Chronos2,2025-07-01 00:00:00+00:00,LZ_WEST,2025-07-01 04:00:00+00:00,39.086666666666666,42.92115020751953,30.696035385131836,65.25221252441406
Chronos2,2025-07-01 00:00:00+00:00,LZ_WEST,2025-07-01 05:00:00+00:00,61.8475,40.896549224853516,29.79178237915039,61.49064636230469
Chronos2,2025-07-01 00:00:00+00:00,LZ_WEST,2025-07-01 06:00:00+00:00,59.56666666666666,33.520118713378906,25.44022560119629,49.122108459472656
Chronos2,2025-07-01 00:00:00+00:00,LZ_WEST,2025-07-01 07:00:00+00:00,54.833333333333336,29.372333526611328,22.802919387817383,41.79539489746094
Chronos2,2025-07-01 00:00:00+00:00,LZ_WEST,2025-07-01 08:00:00+00:00,57.83916666666666,26.682449340820312,20.776260375976562,37.85703659057617
Chronos2,2025-07-01 00:00:00+00:00,LZ_WEST,2025-07-01 09:00:00+00:00,58.46333333333333,25.59955406188965,20.25434112548828,35.784629821777344
Chronos2,2025-07-01 00:00:00+00:00,LZ_WEST,2025-07-01 10:00:00+00:00,64.66666666666667,24.618629455566406,19.15827178955078,34.660152435302734
Chronos2,2025-07-01 00:00:00+00:00,LZ_WEST,2025-07-01 11:00:00+00:00,45.01,23.75749397277832,17.87880516052246,33.63907241821289
Chronos2,2025-07-01 00:00:00+00:00,LZ_WEST,2025-07-01 12:00:00+00:00,63.52666666666667,20.486751556396484,15.906929016113281,28.204160690307617
Chronos2,2025-07-01 00:00:00+00:00,LZ_WEST,2025-07-01 13:00:00+00:00,35.038333333333334,18.61141586303711,14.539125442504883,25.230541229248047
Chronos2,2025-07-01 00:00:00+00:00,LZ_WEST,2025-07-01 14:00:00+00:00,33.443333333333335,18.117568969726562,14.150232315063477,24.245925903320312
Chronos2,2025-07-01 00:00:00+00:00,LZ_WEST,2025-07-01 15:00:00+00:00,36.07416666666666,18.508380889892578,14.423879623413086,24.164331436157227
Chronos2,2025-07-01 00:00:00+00:00,LZ_WEST,2025-07-01 16:00:00+00:00,36.0525,19.216594696044922,14.954639434814453,26.49658203125
Chronos2,2025-07-01 00:00:00+00:00,LZ_WEST,2025-07-01 17:00:00+00:00,33.8225,21.531028747558594,16.255626678466797,30.663827896118164
Chronos2,2025-07-01 00:00:00+00:00,LZ_WEST,2025-07-01 18:00:00+00:00,35.6925,24.198558807373047,17.33130645751953,36.31696701049805
Chronos2,2025-07-01 00:00:00+00:00,LZ_WEST,2025-07-01 19:00:00+00:00,58.05666666666667,25.510467529296875,17.53881072998047,39.529937744140625
Chronos2,2025-07-01 00:00:00+00:00,LZ_WEST,2025-07-01 20:00:00+00:00,50.91333333333333,26.909364700317383,17.99845314025879,43.3936653137207
Chronos2,2025-07-01 00:00:00+00:00,LZ_WEST,2025-07-01 21:00:00+00:00,55.28416666666667,30.55475616455078,19.52884292602539,51.28486633300781
Chronos2,2025-07-01 00:00:00+00:00,LZ_WEST,2025-07-01 22:00:00+00:00,104.42833333333334,37.59243392944336,22.834850311279297,64.01193237304688
Chronos2,2025-07-01 00:00:00+00:00,LZ_WEST,2025-07-01 23:00:00+00:00,120.58083333333332,46.504539489746094,26.759532928466797,78.61308288574219
Chronos2,2025-07-02 00:00:00+00:00,HB_HUBAVG,2025-07-02 00:00:00+00:00,124.31583333333332,91.24303436279297,56.0234375,169.15579223632812
Chronos2,2025-07-02 00:00:00+00:00,HB_HUBAVG,2025-07-02 01:00:00+00:00,130.25833333333333,77.63871765136719,44.577064514160156,147.1063690185547
Chronos2,2025-07-02 00:00:00+00:00,HB_HUBAVG,2025-07-02 02:00:00+00:00,214.5725,60.97776794433594,37.59593200683594,124.39567565917969
Chronos2,2025-07-02 00:00:00+00:00,HB_HUBAVG,2025-07-02 03:00:00+00:00,125.6425,48.968658447265625,32.884334564208984,96.54263305664062
Chronos2,2025-07-02 00:00:00+00:00,HB_HUBAVG,2025-07-02 04:00:00+00:00,81.48083333333334,42.46943664550781,29.86430549621582,78.49896240234375
Chronos2,2025-07-02 00:00:00+00:00,HB_HUBAVG,2025-07-02 05:00:00+00:00,76.94916666666667,39.121482849121094,27.707666397094727,70.6961669921875
Chronos2,2025-07-02 00:00:00+00:00,HB_HUBAVG,2025-07-02 06:00:00+00:00,46.78916666666667,36.961299896240234,26.432907104492188,67.48619842529297
Chronos2,2025-07-02 00:00:00+00:00,HB_HUBAVG,2025-07-02 07:00:00+00:00,44.8975,34.96453094482422,25.361873626708984,61.60550308227539
Chronos2,2025-07-02 00:00:00+00:00,HB_HUBAVG,2025-07-02 08:00:00+00:00,40.15166666666666,34.16563034057617,24.887874603271484,57.72260284423828
Chronos2,2025-07-02 00:00:00+00:00,HB_HUBAVG,2025-07-02 09:00:00+00:00,44.16166666666667,33.54136276245117,24.373001098632812,58.30421829223633
Chronos2,2025-07-02 00:00:00+00:00,HB_HUBAVG,2025-07-02 10:00:00+00:00,46.0725,33.78103256225586,23.687904357910156,59.8798828125
Chronos2,2025-07-02 00:00:00+00:00,HB_HUBAVG,2025-07-02 11:00:00+00:00,56.76833333333334,33.35588836669922,22.867603302001953,61.28929138183594
Chronos2,2025-07-02 00:00:00+00:00,HB_HUBAVG,2025-07-02 12:00:00+00:00,42.2775,31.233013153076172,20.75322723388672,60.24700927734375
Chronos2,2025-07-02 00:00:00+00:00,HB_HUBAVG,2025-07-02 13:00:00+00:00,30.31083333333333,28.414730072021484,18.7675838470459,58.097835540771484
Chronos2,2025-07-02 00:00:00+00:00,HB_HUBAVG,2025-07-02 14:00:00+00:00,28.727500000000003,27.892337799072266,18.001291275024414,58.27957534790039
Chronos2,2025-07-02 00:00:00+00:00,HB_HUBAVG,2025-07-02 15:00:00+00:00,28.58666666666667,28.724498748779297,18.503780364990234,60.12645721435547
Chronos2,2025-07-02 00:00:00+00:00,HB_HUBAVG,2025-07-02 16:00:00+00:00,34.865,31.855213165283203,22.37425422668457,68.08157348632812
Chronos2,2025-07-02 00:00:00+00:00,HB_HUBAVG,2025-07-02 17:00:00+00:00,36.965,34.478492736816406,23.552797317504883,74.60350799560547
Chronos2,2025-07-02 00:00:00+00:00,HB_HUBAVG,2025-07-02 18:00:00+00:00,33.26833333333334,38.54521560668945,25.494667053222656,84.93936920166016
Chronos2,2025-07-02 00:00:00+00:00,HB_HUBAVG,2025-07-02 19:00:00+00:00,30.31083333333333,40.92567825317383,27.143863677978516,92.86933135986328
Chronos2,2025-07-02 00:00:00+00:00,HB_HUBAVG,2025-07-02 20:00:00+00:00,30.180833333333336,42.75525665283203,28.161706924438477,95.61450958251953
Chronos2,2025-07-02 00:00:00+00:00,HB_HUBAVG,2025-07-02 21:00:00+00:00,34.766666666666666,44.57254409790039,28.769678115844727,98.32904815673828
Chronos2,2025-07-02 00:00:00+00:00,HB_HUBAVG,2025-07-02 22:00:00+00:00,40.25666666666667,47.419429779052734,30.069536209106445,104.56517028808594
Chronos2,2025-07-02 00:00:00+00:00,HB_HUBAVG,2025-07-02 23:00:00+00:00,33.44416666666667,51.64379119873047,31.626617431640625,114.1580581665039
Chronos2,2025-07-02 00:00:00+00:00,HB_PAN,2025-07-02 00:00:00+00:00,127.10083333333334,100.57817077636719,61.373817443847656,179.23098754882812
Chronos2,2025-07-02 00:00:00+00:00,HB_PAN,2025-07-02 01:00:00+00:00,130.73916666666665,83.81670379638672,47.232826232910156,157.29092407226562
Chronos2,2025-07-02 00:00:00+00:00,HB_PAN,2025-07-02 02:00:00+00:00,216.435,62.716041564941406,37.797325134277344,123.93596649169922
Chronos2,2025-07-02 00:00:00+00:00,HB_PAN,2025-07-02 03:00:00+00:00,126.92083333333332,49.26605224609375,32.11029815673828,91.25092315673828
Chronos2,2025-07-02 00:00:00+00:00,HB_PAN,2025-07-02 04:00:00+00:00,81.44500000000001,41.64353942871094,28.029260635375977,73.28314971923828
Chronos2,2025-07-02 00:00:00+00:00,HB_PAN,2025-07-02 05:00:00+00:00,77.15583333333333,37.64861297607422,25.262784957885742,63.798927307128906
Chronos2,2025-07-02 00:00:00+00:00,HB_PAN,2025-07-02 06:00:00+00:00,47.465,35.62501525878906,24.238330841064453,59.569374084472656
Chronos2,2025-07-02 00:00:00+00:00,HB_PAN,2025-07-02 07:00:00+00:00,38.1825,34.061946868896484,23.47168731689453,55.60348892211914
Chronos2,2025-07-02 00:00:00+00:00,HB_PAN,2025-07-02 08:00:00+00:00,35.57416666666666,33.71289825439453,23.59459114074707,52.54433822631836
Chronos2,2025-07-02 00:00:00+00:00,HB_PAN,2025-07-02 09:00:00+00:00,37.946666666666665,33.3721809387207,23.168899536132812,52.48789596557617
Chronos2,2025-07-02 00:00:00+00:00,HB_PAN,2025-07-02 10:00:00+00:00,39.2275,33.33903503417969,22.7470645904541,53.18601989746094
Chronos2,2025-07-02 00:00:00+00:00,HB_PAN,2025-07-02 11:00:00+00:00,51.009166666666665,32.97873306274414,21.850004196166992,53.408424377441406
Chronos2,2025-07-02 00:00:00+00:00,HB_PAN,2025-07-02 12:00:00+00:00,45.28416666666666,31.38821792602539,19.796234130859375,52.6373291015625
Chronos2,2025-07-02 00:00:00+00:00,HB_PAN,2025-07-02 13:00:00+00:00,31.3675,28.963531494140625,17.215211868286133,50.583778381347656
Chronos2,2025-07-02 00:00:00+00:00,HB_PAN,2025-07-02 14:00:00+00:00,23.526666666666667,27.70171356201172,15.841196060180664,50.19158935546875
Chronos2,2025-07-02 00:00:00+00:00,HB_PAN,2025-07-02 15:00:00+00:00,22.624166666666667,26.638538360595703,14.775235176086426,49.401092529296875
Chronos2,2025-07-02 00:00:00+00:00,HB_PAN,2025-07-02 16:00:00+00:00,34.08083333333333,27.811565399169922,17.404979705810547,50.47821044921875
Chronos2,2025-07-02 00:00:00+00:00,HB_PAN,2025-07-02 17:00:00+00:00,37.3275,30.863872528076172,19.384204864501953,55.541351318359375
Chronos2,2025-07-02 00:00:00+00:00,HB_PAN,2025-07-02 18:00:00+00:00,33.77583333333333,34.33489990234375,21.870182037353516,62.08465576171875
Chronos2,2025-07-02 00:00:00+00:00,HB_PAN,2025-07-02 19:00:00+00:00,30.44,36.63534164428711,23.250354766845703,66.99120330810547
Chronos2,2025-07-02 00:00:00+00:00,HB_PAN,2025-07-02 20:00:00+00:00,29.96166666666667,38.1591796875,24.070661544799805,70.686279296875
Chronos2,2025-07-02 00:00:00+00:00,HB_PAN,2025-07-02 21:00:00+00:00,34.60333333333333,39.55375671386719,24.30752182006836,75.91490936279297
Chronos2,2025-07-02 00:00:00+00:00,HB_PAN,2025-07-02 22:00:00+00:00,40.05,41.05921936035156,24.02920150756836,85.92359924316406
Chronos2,2025-07-02 00:00:00+00:00,HB_PAN,2025-07-02 23:00:00+00:00,33.7725,43.96376037597656,24.289569854736328,97.76094055175781
Chronos2,2025-07-02 00:00:00+00:00,LZ_WEST,2025-07-02 00:00:00+00:00,127.19,102.93838500976562,63.80302810668945,152.5165557861328
Chronos2,2025-07-02 00:00:00+00:00,LZ_WEST,2025-07-02 01:00:00+00:00,130.53166666666667,88.46867370605469,50.02385711669922,140.21768188476562
Chronos2,2025-07-02 00:00:00+00:00,LZ_WEST,2025-07-02 02:00:00+00:00,216.435,80.91322326660156,45.2476806640625,136.89407348632812
Chronos2,2025-07-02 00:00:00+00:00,LZ_WEST,2025-07-02 03:00:00+00:00,126.32416666666666,78.55802154541016,45.15657043457031,130.0352783203125
Chronos2,2025-07-02 00:00:00+00:00,LZ_WEST,2025-07-02 04:00:00+00:00,80.85166666666667,77.07168579101562,45.12937545776367,126.92961120605469
Chronos2,2025-07-02 00:00:00+00:00,LZ_WEST,2025-07-02 05:00:00+00:00,76.87666666666667,74.66801452636719,44.18878936767578,124.18524932861328
Chronos2,2025-07-02 00:00:00+00:00,LZ_WEST,2025-07-02 06:00:00+00:00,53.16333333333333,71.04286193847656,41.23080825805664,124.05980682373047
Chronos2,2025-07-02 00:00:00+00:00,LZ_WEST,2025-07-02 07:00:00+00:00,68.89083333333333,65.82242584228516,37.476985931396484,116.62125396728516
Chronos2,2025-07-02 00:00:00+00:00,LZ_WEST,2025-07-02 08:00:00+00:00,55.58583333333333,61.79890441894531,34.65774917602539,113.4837646484375
Chronos2,2025-07-02 00:00:00+00:00,LZ_WEST,2025-07-02 09:00:00+00:00,71.02666666666666,57.91032791137695,31.48309326171875,111.12812805175781
Chronos2,2025-07-02 00:00:00+00:00,LZ_WEST,2025-07-02 10:00:00+00:00,63.9925,54.31085968017578,28.14527130126953,108.64926147460938
Chronos2,2025-07-02 00:00:00+00:00,LZ_WEST,2025-07-02 11:00:00+00:00,73.03916666666667,50.612518310546875,25.53136444091797,103.65190124511719
Chronos2,2025-07-02 00:00:00+00:00,LZ_WEST,2025-07-02 12:00:00+00:00,63.01333333333333,45.218597412109375,21.735790252685547,95.567138671875
Chronos2,2025-07-02 00:00:00+00:00,LZ_WEST,2025-07-02 13:00:00+00:00,55.23666666666667,40.17964553833008,20.190340042114258,87.45050811767578
Chronos2,2025-07-02 00:00:00+00:00,LZ_WEST,2025-07-02 14:00:00+00:00,45.12916666666666,37.25993347167969,18.774436950683594,80.42163848876953
Chronos2,2025-07-02 00:00:00+00:00,LZ_WEST,2025-07-02 15:00:00+00:00,41.649166666666666,36.78522491455078,18.549291610717773,77.89398193359375
Chronos2,2025-07-02 00:00:00+00:00,LZ_WEST,2025-07-02 16:00:00+00:00,36.505,37.056243896484375,21.764694213867188,80.83125305175781
Chronos2,2025-07-02 00:00:00+00:00,LZ_WEST,2025-07-02 17:00:00+00:00,35.31333333333333,40.04978942871094,23.394826889038086,86.5309066772461
Chronos2,2025-07-02 00:00:00+00:00,LZ_WEST,2025-07-02 18:00:00+00:00,32.0575,43.15594482421875,24.93476104736328,93.62199401855469
Chronos2,2025-07-02 00:00:00+00:00,LZ_WEST,2025-07-02 19:00:00+00:00,29.28916666666667,45.13130187988281,25.586181640625,97.53617858886719
Chronos2,2025-07-02 00:00:00+00:00,LZ_WEST,2025-07-02 20:00:00+00:00,28.741666666666664,46.198219299316406,25.810531616210938,100.15211486816406
Chronos2,2025-07-02 00:00:00+00:00,LZ_WEST,2025-07-02 21:00:00+00:00,32.85333333333333,48.82356262207031,27.12588119506836,105.42381286621094
Chronos2,2025-07-02 00:00:00+00:00,LZ_WEST,2025-07-02 22:00:00+00:00,37.84166666666667,54.36991882324219,28.929256439208984,114.92459869384766
Chronos2,2025-07-02 00:00:00+00:00,LZ_WEST,2025-07-02 23:00:00+00:00,33.5825,60.56964111328125,31.971500396728516,127.85824584960938
Chronos2,2025-07-03 00:00:00+00:00,HB_HUBAVG,2025-07-03 00:00:00+00:00,40.3175,36.151451110839844,29.745079040527344,49.508975982666016
Chronos2,2025-07-03 00:00:00+00:00,HB_HUBAVG,2025-07-03 01:00:00+00:00,35.181666666666665,38.16468048095703,29.824111938476562,56.71681213378906
Chronos2,2025-07-03 00:00:00+00:00,HB_HUBAVG,2025-07-03 02:00:00+00:00,36.90166666666666,37.04624557495117,28.813129425048828,55.215538024902344
Chronos2,2025-07-03 00:00:00+00:00,HB_HUBAVG,2025-07-03 03:00:00+00:00,36.07,35.15059280395508,27.216228485107422,52.861610412597656
Chronos2,2025-07-03 00:00:00+00:00,HB_HUBAVG,2025-07-03 04:00:00+00:00,34.373333333333335,33.641536712646484,26.07143783569336,48.71553421020508
Chronos2,2025-07-03 00:00:00+00:00,HB_HUBAVG,2025-07-03 05:00:00+00:00,35.18416666666666,32.663143157958984,25.0248966217041,48.15239715576172
Chronos2,2025-07-03 00:00:00+00:00,HB_HUBAVG,2025-07-03 06:00:00+00:00,32.895,31.886375427246094,24.116769790649414,46.41465377807617
Chronos2,2025-07-03 00:00:00+00:00,HB_HUBAVG,2025-07-03 07:00:00+00:00,30.0775,31.182132720947266,23.662128448486328,45.25757598876953
Chronos2,2025-07-03 00:00:00+00:00,HB_HUBAVG,2025-07-03 08:00:00+00:00,31.03,30.276195526123047,22.88549041748047,43.99235916137695
Chronos2,2025-07-03 00:00:00+00:00,HB_HUBAVG,2025-07-03 09:00:00+00:00,29.183333333333337,29.843196868896484,22.224376678466797,43.47035598754883
Chronos2,2025-07-03 00:00:00+00:00,HB_HUBAVG,2025-07-03 10:00:00+00:00,29.385,30.36567497253418,21.9820556640625,45.582427978515625
Chronos2,2025-07-03 00:00:00+00:00,HB_HUBAVG,2025-07-03 11:00:00+00:00,28.7125,30.32457733154297,21.51018524169922,48.923011779785156
Chronos2,2025-07-03 00:00:00+00:00,HB_HUBAVG,2025-07-03 12:00:00+00:00,28.56833333333333,28.18857765197754,19.94738006591797,43.569759368896484
Chronos2,2025-07-03 00:00:00+00:00,HB_HUBAVG,2025-07-03 13:00:00+00:00,29.555833333333336,25.803030014038086,18.386154174804688,40.2944450378418
Chronos2,2025-07-03 00:00:00+00:00,HB_HUBAVG,2025-07-03 14:00:00+00:00,25.689166666666665,25.578704833984375,18.302675247192383,40.0682487487793
Chronos2,2025-07-03 00:00:00+00:00,HB_HUBAVG,2025-07-03 15:00:00+00:00,25.201666666666668,26.5969295501709,19.055404663085938,41.5836296081543
Chronos2,2025-07-03 00:00:00+00:00,HB_HUBAVG,2025-07-03 16:00:00+00:00,26.820000000000004,29.804576873779297,21.03133773803711,47.65581512451172
Chronos2,2025-07-03 00:00:00+00:00,HB_HUBAVG,2025-07-03 17:00:00+00:00,29.523333333333337,32.31723403930664,22.386730194091797,54.3038444519043
Chronos2,2025-07-03 00:00:00+00:00,HB_HUBAVG,2025-07-03 18:00:00+00:00,26.7775,33.8758544921875,23.20721435546875,58.891422271728516
Chronos2,2025-07-03 00:00:00+00:00,HB_HUBAVG,2025-07-03 19:00:00+00:00,28.683333333333337,34.29262924194336,23.88262939453125,59.37297058105469
Chronos2,2025-07-03 00:00:00+00:00,HB_HUBAVG,2025-07-03 20:00:00+00:00,39.24333333333333,34.97596740722656,24.21767807006836,60.469478607177734
Chronos2,2025-07-03 00:00:00+00:00,HB_HUBAVG,2025-07-03 21:00:00+00:00,40.73166666666666,36.92789840698242,24.99660873413086,66.65235900878906
Chronos2,2025-07-03 00:00:00+00:00,HB_HUBAVG,2025-07-03 22:00:00+00:00,34.04333333333333,38.288604736328125,24.987138748168945,74.93763732910156
Chronos2,2025-07-03 00:00:00+00:00,HB_HUBAVG,2025-07-03 23:00:00+00:00,37.65916666666667,38.857215881347656,25.625240325927734,77.01628875732422
Chronos2,2025-07-03 00:00:00+00:00,HB_PAN,2025-07-03 00:00:00+00:00,40.55083333333334,37.26640319824219,28.854555130004883,50.249290466308594
Chronos2,2025-07-03 00:00:00+00:00,HB_PAN,2025-07-03 01:00:00+00:00,35.19166666666667,42.4537467956543,30.4561767578125,63.3034553527832
Chronos2,2025-07-03 00:00:00+00:00,HB_PAN,2025-07-03 02:00:00+00:00,36.37583333333333,39.02985382080078,27.935848236083984,57.14286422729492
Chronos2,2025-07-03 00:00:00+00:00,HB_PAN,2025-07-03 03:00:00+00:00,36.024166666666666,34.40383529663086,24.710477828979492,50.23088836669922
Chronos2,2025-07-03 00:00:00+00:00,HB_PAN,2025-07-03 04:00:00+00:00,34.575,31.503280639648438,22.364347457885742,44.46556091308594
Chronos2,2025-07-03 00:00:00+00:00,HB_PAN,2025-07-03 05:00:00+00:00,35.64333333333334,30.566577911376953,21.352142333984375,42.992828369140625
Chronos2,2025-07-03 00:00:00+00:00,HB_PAN,2025-07-03 06:00:00+00:00,33.26333333333333,30.34511375427246,20.92535400390625,42.381103515625
Chronos2,2025-07-03 00:00:00+00:00,HB_PAN,2025-07-03 07:00:00+00:00,30.39833333333333,30.595308303833008,21.39772605895996,42.209835052490234
Chronos2,2025-07-03 00:00:00+00:00,HB_PAN,2025-07-03 08:00:00+00:00,31.39333333333333,30.153133392333984,20.863508224487305,41.63944625854492
Chronos2,2025-07-03 00:00:00+00:00,HB_PAN,2025-07-03 09:00:00+00:00,29.301666666666662,30.01654815673828,20.71600341796875,41.50420379638672
Chronos2,2025-07-03 00:00:00+00:00,HB_PAN,2025-07-03 10:00:00+00:00,29.385,30.61543083190918,20.889556884765625,42.743736267089844
Chronos2,2025-07-03 00:00:00+00:00,HB_PAN,2025-07-03 11:00:00+00:00,28.7125,30.884387969970703,20.90696907043457,43.64039611816406
Chronos2,2025-07-03 00:00:00+00:00,HB_PAN,2025-07-03 12:00:00+00:00,28.56833333333333,28.688026428222656,18.92742156982422,40.73939895629883
Chronos2,2025-07-03 00:00:00+00:00,HB_PAN,2025-07-03 13:00:00+00:00,29.555833333333336,25.939922332763672,16.52515411376953,37.455780029296875
Chronos2,2025-07-03 00:00:00+00:00,HB_PAN,2025-07-03 14:00:00+00:00,25.8125,25.30283546447754,16.024620056152344,37.14689254760742
Chronos2,2025-07-03 00:00:00+00:00,HB_PAN,2025-07-03 15:00:00+00:00,25.320833333333336,26.050981521606445,16.62718391418457,37.8021354675293
Chronos2,2025-07-03 00:00:00+00:00,HB_PAN,2025-07-03 16:00:00+00:00,26.499166666666667,28.435937881469727,18.597911834716797,42.366920471191406
Chronos2,2025-07-03 00:00:00+00:00,HB_PAN,2025-07-03 17:00:00+00:00,29.61083333333333,31.201356887817383,20.23849868774414,47.10418701171875
Chronos2,2025-07-03 00:00:00+00:00,HB_PAN,2025-07-03 18:00:00+00:00,26.96333333333333,32.9846305847168,21.172748565673828,50.583255767822266
Chronos2,2025-07-03 00:00:00+00:00,HB_PAN,2025-07-03 19:00:00+00:00,29.49833333333333,33.03643035888672,20.581249237060547,51.833900451660156
Chronos2,2025-07-03 00:00:00+00:00,HB_PAN,2025-07-03 20:00:00+00:00,42.1975,33.4604606628418,20.770065307617188,53.16050338745117
Chronos2,2025-07-03 00:00:00+00:00,HB_PAN,2025-07-03 21:00:00+00:00,43.23500000000001,35.112449645996094,20.96836280822754,58.43357849121094
Chronos2,2025-07-03 00:00:00+00:00,HB_PAN,2025-07-03 22:00:00+00:00,35.494166666666665,34.81388854980469,20.40478515625,58.51490783691406
Chronos2,2025-07-03 00:00:00+00:00,HB_PAN,2025-07-03 23:00:00+00:00,39.23833333333334,32.527442932128906,18.88134765625,55.063232421875
Chronos2,2025-07-03 00:00:00+00:00,LZ_WEST,2025-07-03 00:00:00+00:00,40.355,37.21603012084961,29.44878387451172,54.2678108215332
Chronos2,2025-07-03 00:00:00+00:00,LZ_WEST,2025-07-03 01:00:00+00:00,34.94083333333334,39.25630187988281,28.483497619628906,62.182281494140625
Chronos2,2025-07-03 00:00:00+00:00,LZ_WEST,2025-07-03 02:00:00+00:00,48.645833333333336,41.02631378173828,28.220542907714844,66.39814758300781
Chronos2,2025-07-03 00:00:00+00:00,LZ_WEST,2025-07-03 03:00:00+00:00,37.05166666666667,42.55439376831055,28.490774154663086,70.92591857910156
Chronos2,2025-07-03 00:00:00+00:00,LZ_WEST,2025-07-03 04:00:00+00:00,34.6,44.238059997558594,29.33568572998047,74.30093383789062
Chronos2,2025-07-03 00:00:00+00:00,LZ_WEST,2025-07-03 05:00:00+00:00,35.755,45.122257232666016,28.926639556884766,76.82415771484375
Chronos2,2025-07-03 00:00:00+00:00,LZ_WEST,2025-07-03 06:00:00+00:00,33.0475,44.70402145385742,28.144927978515625,77.01535034179688
Chronos2,2025-07-03 00:00:00+00:00,LZ_WEST,2025-07-03 07:00:00+00:00,30.236666666666665,44.45893859863281,27.900909423828125,77.41449737548828
Chronos2,2025-07-03 00:00:00+00:00,LZ_WEST,2025-07-03 08:00:00+00:00,35.67416666666667,43.54471969604492,27.08609390258789,76.2181167602539
Chronos2,2025-07-03 00:00:00+00:00,LZ_WEST,2025-07-03 09:00:00+00:00,31.08,42.474788665771484,26.68511199951172,75.10322570800781
Chronos2,2025-07-03 00:00:00+00:00,LZ_WEST,2025-07-03 10:00:00+00:00,29.376666666666665,41.332340240478516,24.803424835205078,75.61692810058594
Chronos2,2025-07-03 00:00:00+00:00,LZ_WEST,2025-07-03 11:00:00+00:00,28.7125,39.04259490966797,23.060302734375,74.38908386230469
Chronos2,2025-07-03 00:00:00+00:00,LZ_WEST,2025-07-03 12:00:00+00:00,28.56833333333333,35.92552185058594,21.396589279174805,68.57059478759766
Chronos2,2025-07-03 00:00:00+00:00,LZ_WEST,2025-07-03 13:00:00+00:00,29.555833333333336,32.65439224243164,20.2880859375,63.186553955078125
Chronos2,2025-07-03 00:00:00+00:00,LZ_WEST,2025-07-03 14:00:00+00:00,25.85,31.433143615722656,19.073266983032227,59.42393493652344
Chronos2,2025-07-03 00:00:00+00:00,LZ_WEST,2025-07-03 15:00:00+00:00,25.361666666666668,31.03331756591797,19.07766342163086,58.21277618408203
Chronos2,2025-07-03 00:00:00+00:00,LZ_WEST,2025-07-03 16:00:00+00:00,26.334166666666665,33.25843811035156,19.924142837524414,59.9544563293457
Chronos2,2025-07-03 00:00:00+00:00,LZ_WEST,2025-07-03 17:00:00+00:00,29.42333333333333,34.344303131103516,20.6658935546875,63.16995620727539
Chronos2,2025-07-03 00:00:00+00:00,LZ_WEST,2025-07-03 18:00:00+00:00,26.4375,35.33305740356445,21.209522247314453,65.70904541015625
Chronos2,2025-07-03 00:00:00+00:00,LZ_WEST,2025-07-03 19:00:00+00:00,29.598333333333333,36.54665756225586,21.783157348632812,68.62759399414062
Chronos2,2025-07-03 00:00:00+00:00,LZ_WEST,2025-07-03 20:00:00+00:00,42.91666666666666,37.874229431152344,22.368879318237305,70.8210220336914
Chronos2,2025-07-03 00:00:00+00:00,LZ_WEST,2025-07-03 21:00:00+00:00,43.8625,40.285884857177734,23.451793670654297,76.73580932617188
Chronos2,2025-07-03 00:00:00+00:00,LZ_WEST,2025-07-03 22:00:00+00:00,36.02166666666667,43.51740264892578,24.330272674560547,85.961181640625
Chronos2,2025-07-03 00:00:00+00:00,LZ_WEST,2025-07-03 23:00:00+00:00,39.72083333333334,46.044654846191406,25.219738006591797,96.90231323242188
Chronos2,2025-07-04 00:00:00+00:00,HB_HUBAVG,2025-07-04 00:00:00+00:00,30.3925,39.565513610839844,33.612327575683594,50.52042007446289
Chronos2,2025-07-04 00:00:00+00:00,HB_HUBAVG,2025-07-04 01:00:00+00:00,29.87,39.17784118652344,32.55361557006836,52.73652648925781
Chronos2,2025-07-04 00:00:00+00:00,HB_HUBAVG,2025-07-04 02:00:00+00:00,33.94583333333333,37.70737838745117,31.46554946899414,50.3516960144043
Chronos2,2025-07-04 00:00:00+00:00,HB_HUBAVG,2025-07-04 03:00:00+00:00,31.84583333333333,36.21162033081055,30.560649871826172,46.9031982421875
Chronos2,2025-07-04 00:00:00+00:00,HB_HUBAVG,2025-07-04 04:00:00+00:00,27.86916666666667,34.72407150268555,29.36543846130371,43.71518325805664
Chronos2,2025-07-04 00:00:00+00:00,HB_HUBAVG,2025-07-04 05:00:00+00:00,29.930000000000003,33.78392028808594,28.428955078125,42.2857551574707
Chronos2,2025-07-04 00:00:00+00:00,HB_HUBAVG,2025-07-04 06:00:00+00:00,26.691666666666663,32.95121765136719,27.586746215820312,40.85070037841797
Chronos2,2025-07-04 00:00:00+00:00,HB_HUBAVG,2025-07-04 07:00:00+00:00,24.1175,32.093711853027344,27.0692138671875,39.20797348022461
Chronos2,2025-07-04 00:00:00+00:00,HB_HUBAVG,2025-07-04 08:00:00+00:00,24.3925,31.400390625,26.43434715270996,37.889198303222656
Chronos2,2025-07-04 00:00:00+00:00,HB_HUBAVG,2025-07-04 09:00:00+00:00,25.7925,30.824981689453125,25.804576873779297,37.98939514160156
Chronos2,2025-07-04 00:00:00+00:00,HB_HUBAVG,2025-07-04 10:00:00+00:00,26.155833333333337,30.50020980834961,24.98241424560547,38.395301818847656
Chronos2,2025-07-04 00:00:00+00:00,HB_HUBAVG,2025-07-04 11:00:00+00:00,28.43583333333333,29.787841796875,24.24416160583496,37.57484436035156
Chronos2,2025-07-04 00:00:00+00:00,HB_HUBAVG,2025-07-04 12:00:00+00:00,27.21333333333333,28.79680824279785,23.384464263916016,36.35164260864258
Chronos2,2025-07-04 00:00:00+00:00,HB_HUBAVG,2025-07-04 13:00:00+00:00,26.4,28.032825469970703,22.752714157104492,35.42546081542969
Chronos2,2025-07-04 00:00:00+00:00,HB_HUBAVG,2025-07-04 14:00:00+00:00,24.58666666666667,27.690505981445312,22.59918212890625,35.81850814819336
Chronos2,2025-07-04 00:00:00+00:00,HB_HUBAVG,2025-07-04 15:00:00+00:00,22.0325,28.186981201171875,22.956607818603516,36.712005615234375
Chronos2,2025-07-04 00:00:00+00:00,HB_HUBAVG,2025-07-04 16:00:00+00:00,22.641666666666666,31.483806610107422,23.91356086730957,43.3913688659668
Chronos2,2025-07-04 00:00:00+00:00,HB_HUBAVG,2025-07-04 17:00:00+00:00,21.1075,32.96238327026367,24.50780487060547,47.619911193847656
Chronos2,2025-07-04 00:00:00+00:00,HB_HUBAVG,2025-07-04 18:00:00+00:00,22.79583333333333,34.26565933227539,25.247974395751953,51.468544006347656
Chronos2,2025-07-04 00:00:00+00:00,HB_HUBAVG,2025-07-04 19:00:00+00:00,23.555000000000003,35.795997619628906,26.135414123535156,55.374122619628906
Chronos2,2025-07-04 00:00:00+00:00,HB_HUBAVG,2025-07-04 20:00:00+00:00,26.6875,37.90864562988281,26.96546173095703,60.40912628173828
Chronos2,2025-07-04 00:00:00+00:00,HB_HUBAVG,2025-07-04 21:00:00+00:00,28.974166666666665,39.86732482910156,27.46310043334961,67.60713195800781
Chronos2,2025-07-04 00:00:00+00:00,HB_HUBAVG,2025-07-04 22:00:00+00:00,27.3275,41.34803009033203,27.65294647216797,77.14105224609375
Chronos2,2025-07-04 00:00:00+00:00,HB_HUBAVG,2025-07-04 23:00:00+00:00,24.5675,44.289466857910156,28.888839721679688,90.27449035644531
Chronos2,2025-07-04 00:00:00+00:00,HB_PAN,2025-07-04 00:00:00+00:00,31.0575,41.72317886352539,33.77547836303711,55.15263748168945
Chronos2,2025-07-04 00:00:00+00:00,HB_PAN,2025-07-04 01:00:00+00:00,30.07,41.114994049072266,31.623315811157227,57.89103317260742
Chronos2,2025-07-04 00:00:00+00:00,HB_PAN,2025-07-04 02:00:00+00:00,33.40416666666667,38.600746154785156,29.437030792236328,55.503501892089844
Chronos2,2025-07-04 00:00:00+00:00,HB_PAN,2025-07-04 03:00:00+00:00,32.185,36.132667541503906,27.388320922851562,51.89740753173828
Chronos2,2025-07-04 00:00:00+00:00,HB_PAN,2025-07-04 04:00:00+00:00,28.4075,34.556026458740234,26.35772705078125,47.731842041015625
Chronos2,2025-07-04 00:00:00+00:00,HB_PAN,2025-07-04 05:00:00+00:00,31.25,33.5098876953125,25.395906448364258,46.3934326171875
Chronos2,2025-07-04 00:00:00+00:00,HB_PAN,2025-07-04 06:00:00+00:00,27.891666666666666,32.77766418457031,24.657201766967773,44.01247787475586
Chronos2,2025-07-04 00:00:00+00:00,HB_PAN,2025-07-04 07:00:00+00:00,25.79083333333333,31.955909729003906,24.384977340698242,41.8852424621582
Chronos2,2025-07-04 00:00:00+00:00,HB_PAN,2025-07-04 08:00:00+00:00,26.40083333333333,31.346290588378906,23.859722137451172,40.59323501586914
Chronos2,2025-07-04 00:00:00+00:00,HB_PAN,2025-07-04 09:00:00+00:00,29.188333333333333,30.988126754760742,23.375263214111328,40.455810546875
Chronos2,2025-07-04 00:00:00+00:00,HB_PAN,2025-07-04 10:00:00+00:00,30.451666666666668,30.759925842285156,22.816410064697266,40.57722473144531
Chronos2,2025-07-04 00:00:00+00:00,HB_PAN,2025-07-04 11:00:00+00:00,33.67916666666667,30.26561164855957,22.397592544555664,39.859893798828125
Chronos2,2025-07-04 00:00:00+00:00,HB_PAN,2025-07-04 12:00:00+00:00,30.843333333333337,29.27881622314453,21.60364532470703,38.71853256225586
Chronos2,2025-07-04 00:00:00+00:00,HB_PAN,2025-07-04 13:00:00+00:00,26.81,28.680274963378906,20.71367073059082,37.651947021484375
Chronos2,2025-07-04 00:00:00+00:00,HB_PAN,2025-07-04 14:00:00+00:00,25.47,28.63811492919922,20.83338737487793,38.43898010253906
Chronos2,2025-07-04 00:00:00+00:00,HB_PAN,2025-07-04 15:00:00+00:00,23.24,29.422698974609375,21.269882202148438,39.475704193115234
Chronos2,2025-07-04 00:00:00+00:00,HB_PAN,2025-07-04 16:00:00+00:00,24.02416666666667,32.58720016479492,22.095882415771484,47.456581115722656
Chronos2,2025-07-04 00:00:00+00:00,HB_PAN,2025-07-04 17:00:00+00:00,22.179166666666664,34.52935791015625,22.642759323120117,52.344547271728516
Chronos2,2025-07-04 00:00:00+00:00,HB_PAN,2025-07-04 18:00:00+00:00,23.5125,36.65708923339844,23.555416107177734,57.98089599609375
Chronos2,2025-07-04 00:00:00+00:00,HB_PAN,2025-07-04 19:00:00+00:00,24.2125,39.04512023925781,24.766841888427734,64.95352172851562
Chronos2,2025-07-04 00:00:00+00:00,HB_PAN,2025-07-04 20:00:00+00:00,27.121666666666663,41.30670166015625,26.006031036376953,68.94243621826172
Chronos2,2025-07-04 00:00:00+00:00,HB_PAN,2025-07-04 21:00:00+00:00,29.326666666666668,42.977195739746094,26.2705078125,74.25030517578125
Chronos2,2025-07-04 00:00:00+00:00,HB_PAN,2025-07-04 22:00:00+00:00,27.7125,43.75376892089844,26.204896926879883,79.40306091308594
Chronos2,2025-07-04 00:00:00+00:00,HB_PAN,2025-07-04 23:00:00+00:00,23.265,45.010963439941406,26.992563247680664,82.16175079345703
Chronos2,2025-07-04 00:00:00+00:00,LZ_WEST,2025-07-04 00:00:00+00:00,31.285,40.50830078125,34.11210632324219,54.79545211791992
Chronos2,2025-07-04 00:00:00+00:00,LZ_WEST,2025-07-04 01:00:00+00:00,30.141666666666666,40.56983184814453,32.57658767700195,59.45128631591797
Chronos2,2025-07-04 00:00:00+00:00,LZ_WEST,2025-07-04 02:00:00+00:00,36.58083333333334,40.13469314575195,30.90090560913086,61.317543029785156
Chronos2,2025-07-04 00:00:00+00:00,LZ_WEST,2025-07-04 03:00:00+00:00,33.0225,39.495601654052734,29.853830337524414,63.250144958496094
Chronos2,2025-07-04 00:00:00+00:00,LZ_WEST,2025-07-04 04:00:00+00:00,31.64333333333333,38.96833038330078,29.142621994018555,62.56123352050781
Chronos2,2025-07-04 00:00:00+00:00,LZ_WEST,2025-07-04 05:00:00+00:00,36.91166666666667,38.52049255371094,28.30438995361328,64.4424819946289
Chronos2,2025-07-04 00:00:00+00:00,LZ_WEST,2025-07-04 06:00:00+00:00,36.63833333333333,37.89387130737305,27.724502563476562,63.13493347167969
Chronos2,2025-07-04 00:00:00+00:00,LZ_WEST,2025-07-04 07:00:00+00:00,38.94916666666666,37.45295715332031,27.245285034179688,61.577003479003906
Chronos2,2025-07-04 00:00:00+00:00,LZ_WEST,2025-07-04 08:00:00+00:00,46.2325,36.508522033691406,26.224079132080078,61.07193374633789
Chronos2,2025-07-04 00:00:00+00:00,LZ_WEST,2025-07-04 09:00:00+00:00,73.53416666666666,35.75986862182617,25.618797302246094,59.31526184082031
Chronos2,2025-07-04 00:00:00+00:00,LZ_WEST,2025-07-04 10:00:00+00:00,83.81,34.631595611572266,24.922758102416992,58.30828094482422
Chronos2,2025-07-04 00:00:00+00:00,LZ_WEST,2025-07-04 11:00:00+00:00,102.93333333333334,33.46722412109375,23.804824829101562,56.51385498046875
Chronos2,2025-07-04 00:00:00+00:00,LZ_WEST,2025-07-04 12:00:00+00:00,80.09916666666668,32.64653015136719,23.094144821166992,54.31680679321289
Chronos2,2025-07-04 00:00:00+00:00,LZ_WEST,2025-07-04 13:00:00+00:00,30.02416666666667,31.71585464477539,22.93012809753418,52.02115249633789
Chronos2,2025-07-04 00:00:00+00:00,LZ_WEST,2025-07-04 14:00:00+00:00,25.749166666666667,30.921611785888672,22.42389488220215,50.36078643798828
Chronos2,2025-07-04 00:00:00+00:00,LZ_WEST,2025-07-04 15:00:00+00:00,23.680833333333336,30.838783264160156,22.402372360229492,50.084964752197266
Chronos2,2025-07-04 00:00:00+00:00,LZ_WEST,2025-07-04 16:00:00+00:00,24.511666666666667,33.32142639160156,21.733015060424805,54.967979431152344
Chronos2,2025-07-04 00:00:00+00:00,LZ_WEST,2025-07-04 17:00:00+00:00,22.454166666666666,34.30125045776367,22.531312942504883,58.089603424072266
Chronos2,2025-07-04 00:00:00+00:00,LZ_WEST,2025-07-04 18:00:00+00:00,23.271666666666665,35.00554656982422,22.865694046020508,60.42115783691406
Chronos2,2025-07-04 00:00:00+00:00,LZ_WEST,2025-07-04 19:00:00+00:00,23.794166666666666,36.42361068725586,23.294076919555664,64.1371078491211
Chronos2,2025-07-04 00:00:00+00:00,LZ_WEST,2025-07-04 20:00:00+00:00,27.0,38.24706268310547,23.51653289794922,68.28489685058594
Chronos2,2025-07-04 00:00:00+00:00,LZ_WEST,2025-07-04 21:00:00+00:00,29.169166666666666,39.809356689453125,24.304462432861328,73.07608795166016
Chronos2,2025-07-04 00:00:00+00:00,LZ_WEST,2025-07-04 22:00:00+00:00,27.73333333333333,40.89002990722656,24.859102249145508,77.88300323486328
Chronos2,2025-07-04 00:00:00+00:00,LZ_WEST,2025-07-04 23:00:00+00:00,25.684166666666663,41.972808837890625,25.194372177124023,81.31929779052734
Chronos2,2025-07-05 00:00:00+00:00,HB_HUBAVG,2025-07-05 00:00:00+00:00,26.314166666666665,24.99835968017578,22.198476791381836,30.271936416625977
Chronos2,2025-07-05 00:00:00+00:00,HB_HUBAVG,2025-07-05 01:00:00+00:00,29.985,25.284564971923828,21.758268356323242,31.261314392089844
Chronos2,2025-07-05 00:00:00+00:00,HB_HUBAVG,2025-07-05 02:00:00+00:00,29.043333333333333,25.59127426147461,21.29772186279297,32.476112365722656
Chronos2,2025-07-05 00:00:00+00:00,HB_HUBAVG,2025-07-05 03:00:00+00:00,26.49833333333333,25.337310791015625,20.746103286743164,32.51750564575195
Chronos2,2025-07-05 00:00:00+00:00,HB_HUBAVG,2025-07-05 04:00:00+00:00,23.58333333333333,24.631847381591797,20.228504180908203,32.09315490722656
Chronos2,2025-07-05 00:00:00+00:00,HB_HUBAVG,2025-07-05 05:00:00+00:00,24.8075,23.970857620239258,19.39818000793457,30.995433807373047
Chronos2,2025-07-05 00:00:00+00:00,HB_HUBAVG,2025-07-05 06:00:00+00:00,25.25,23.460037231445312,18.83924102783203,30.49015998840332
Chronos2,2025-07-05 00:00:00+00:00,HB_HUBAVG,2025-07-05 07:00:00+00:00,24.980833333333333,22.658405303955078,18.210233688354492,29.380237579345703
Chronos2,2025-07-05 00:00:00+00:00,HB_HUBAVG,2025-07-05 08:00:00+00:00,26.655,22.425880432128906,17.631650924682617,28.704130172729492
Chronos2,2025-07-05 00:00:00+00:00,HB_HUBAVG,2025-07-05 09:00:00+00:00,28.33083333333333,22.44095802307129,17.554277420043945,29.249067306518555
Chronos2,2025-07-05 00:00:00+00:00,HB_HUBAVG,2025-07-05 10:00:00+00:00,33.89666666666667,22.400794982910156,17.35971450805664,29.83164405822754
Chronos2,2025-07-05 00:00:00+00:00,HB_HUBAVG,2025-07-05 11:00:00+00:00,33.41416666666667,22.400636672973633,17.120826721191406,30.209671020507812
Chronos2,2025-07-05 00:00:00+00:00,HB_HUBAVG,2025-07-05 12:00:00+00:00,30.250833333333333,22.180301666259766,16.640026092529297,30.14579200744629
Chronos2,2025-07-05 00:00:00+00:00,HB_HUBAVG,2025-07-05 13:00:00+00:00,25.8725,21.55362319946289,16.214111328125,29.928380966186523
Chronos2,2025-07-05 00:00:00+00:00,HB_HUBAVG,2025-07-05 14:00:00+00:00,25.868333333333336,20.71529769897461,15.675460815429688,29.606414794921875
Chronos2,2025-07-05 00:00:00+00:00,HB_HUBAVG,2025-07-05 15:00:00+00:00,26.5325,20.50577163696289,15.193622589111328,29.486557006835938
Chronos2,2025-07-05 00:00:00+00:00,HB_HUBAVG,2025-07-05 16:00:00+00:00,26.6925,22.076927185058594,15.692268371582031,33.80356216430664
Chronos2,2025-07-05 00:00:00+00:00,HB_HUBAVG,2025-07-05 17:00:00+00:00,24.605833333333333,22.185331344604492,15.625417709350586,36.68000030517578
Chronos2,2025-07-05 00:00:00+00:00,HB_HUBAVG,2025-07-05 18:00:00+00:00,23.705,22.775279998779297,15.769107818603516,38.74378204345703
Chronos2,2025-07-05 00:00:00+00:00,HB_HUBAVG,2025-07-05 19:00:00+00:00,23.84,23.057659149169922,16.006492614746094,41.95070266723633
Chronos2,2025-07-05 00:00:00+00:00,HB_HUBAVG,2025-07-05 20:00:00+00:00,22.625,24.65017318725586,16.473966598510742,46.8610725402832
Chronos2,2025-07-05 00:00:00+00:00,HB_HUBAVG,2025-07-05 21:00:00+00:00,22.66333333333333,25.215900421142578,16.60700798034668,52.49530029296875
Chronos2,2025-07-05 00:00:00+00:00,HB_HUBAVG,2025-07-05 22:00:00+00:00,23.83583333333333,25.32575035095215,16.733291625976562,55.084381103515625
Chronos2,2025-07-05 00:00:00+00:00,HB_HUBAVG,2025-07-05 23:00:00+00:00,24.64333333333333,25.190696716308594,16.36054229736328,56.20428466796875
Chronos2,2025-07-05 00:00:00+00:00,HB_PAN,2025-07-05 00:00:00+00:00,23.138333333333332,25.584196090698242,21.420442581176758,32.20969772338867
Chronos2,2025-07-05 00:00:00+00:00,HB_PAN,2025-07-05 01:00:00+00:00,14.005833333333332,26.339956283569336,20.84701156616211,34.3160514831543
Chronos2,2025-07-05 00:00:00+00:00,HB_PAN,2025-07-05 02:00:00+00:00,6.4383333333333335,26.78862762451172,20.223400115966797,36.26420593261719
Chronos2,2025-07-05 00:00:00+00:00,HB_PAN,2025-07-05 03:00:00+00:00,4.01,26.925662994384766,19.69947624206543,37.69590759277344
Chronos2,2025-07-05 00:00:00+00:00,HB_PAN,2025-07-05 04:00:00+00:00,14.2725,26.533191680908203,19.101991653442383,37.611881256103516
Chronos2,2025-07-05 00:00:00+00:00,HB_PAN,2025-07-05 05:00:00+00:00,20.70583333333333,26.069278717041016,18.395423889160156,37.86659240722656
Chronos2,2025-07-05 00:00:00+00:00,HB_PAN,2025-07-05 06:00:00+00:00,24.294166666666666,25.851428985595703,17.95053482055664,37.834041595458984
Chronos2,2025-07-05 00:00:00+00:00,HB_PAN,2025-07-05 07:00:00+00:00,24.615,25.493053436279297,17.571794509887695,37.65568923950195
Chronos2,2025-07-05 00:00:00+00:00,HB_PAN,2025-07-05 08:00:00+00:00,26.4475,25.383642196655273,17.213916778564453,37.827293395996094
Chronos2,2025-07-05 00:00:00+00:00,HB_PAN,2025-07-05 09:00:00+00:00,29.7875,25.724109649658203,17.059459686279297,37.96038818359375
Chronos2,2025-07-05 00:00:00+00:00,HB_PAN,2025-07-05 10:00:00+00:00,36.3175,25.923423767089844,16.932865142822266,39.15478515625
Chronos2,2025-07-05 00:00:00+00:00,HB_PAN,2025-07-05 11:00:00+00:00,35.825,26.076770782470703,16.56846809387207,40.19826126098633
Chronos2,2025-07-05 00:00:00+00:00,HB_PAN,2025-07-05 12:00:00+00:00,31.08666666666667,25.855724334716797,16.247365951538086,40.14616394042969
Chronos2,2025-07-05 00:00:00+00:00,HB_PAN,2025-07-05 13:00:00+00:00,25.8725,25.156635284423828,15.736028671264648,39.49436569213867
Chronos2,2025-07-05 00:00:00+00:00,HB_PAN,2025-07-05 14:00:00+00:00,26.215,24.59738540649414,15.443567276000977,38.857418060302734
Chronos2,2025-07-05 00:00:00+00:00,HB_PAN,2025-07-05 15:00:00+00:00,27.006666666666664,24.450586318969727,15.279327392578125,39.24702835083008
Chronos2,2025-07-05 00:00:00+00:00,HB_PAN,2025-07-05 16:00:00+00:00,27.0625,25.991832733154297,15.592506408691406,45.77073287963867
Chronos2,2025-07-05 00:00:00+00:00,HB_PAN,2025-07-05 17:00:00+00:00,25.095,26.23310089111328,15.37225341796875,49.90180587768555
Chronos2,2025-07-05 00:00:00+00:00,HB_PAN,2025-07-05 18:00:00+00:00,24.0825,26.907711029052734,15.404521942138672,54.02822494506836
Chronos2,2025-07-05 00:00:00+00:00,HB_PAN,2025-07-05 19:00:00+00:00,24.2675,27.564563751220703,15.492940902709961,61.46310043334961
Chronos2,2025-07-05 00:00:00+00:00,HB_PAN,2025-07-05 20:00:00+00:00,23.319166666666664,29.22662353515625,15.364511489868164,70.84660339355469
Chronos2,2025-07-05 00:00:00+00:00,HB_PAN,2025-07-05 21:00:00+00:00,23.7525,30.090084075927734,15.297449111938477,81.58899688720703
Chronos2,2025-07-05 00:00:00+00:00,HB_PAN,2025-07-05 22:00:00+00:00,24.916666666666668,30.247390747070312,15.163909912109375,87.79090118408203
Chronos2,2025-07-05 00:00:00+00:00,HB_PAN,2025-07-05 23:00:00+00:00,25.95833333333333,30.116195678710938,14.722766876220703,88.96002197265625
Chronos2,2025-07-05 00:00:00+00:00,LZ_WEST,2025-07-05 00:00:00+00:00,29.046666666666667,28.188522338867188,22.81540870666504,38.1163330078125
Chronos2,2025-07-05 00:00:00+00:00,LZ_WEST,2025-07-05 01:00:00+00:00,55.05416666666667,28.38397216796875,21.960039138793945,38.87225341796875
Chronos2,2025-07-05 00:00:00+00:00,LZ_WEST,2025-07-05 02:00:00+00:00,69.85416666666667,28.834625244140625,21.348621368408203,43.64757537841797
Chronos2,2025-07-05 00:00:00+00:00,LZ_WEST,2025-07-05 03:00:00+00:00,66.93916666666667,29.050907135009766,21.13607406616211,46.4016227722168
Chronos2,2025-07-05 00:00:00+00:00,LZ_WEST,2025-07-05 04:00:00+00:00,52.93,29.317840576171875,20.970863342285156,49.81324005126953
Chronos2,2025-07-05 00:00:00+00:00,LZ_WEST,2025-07-05 05:00:00+00:00,60.57416666666666,29.84290313720703,20.096378326416016,55.50828170776367
Chronos2,2025-07-05 00:00:00+00:00,LZ_WEST,2025-07-05 06:00:00+00:00,57.81166666666667,30.16041374206543,19.957422256469727,58.27012634277344
Chronos2,2025-07-05 00:00:00+00:00,LZ_WEST,2025-07-05 07:00:00+00:00,53.54749999999999,30.789291381835938,19.6485538482666,62.72053527832031
Chronos2,2025-07-05 00:00:00+00:00,LZ_WEST,2025-07-05 08:00:00+00:00,55.77,31.278823852539062,19.2634220123291,68.21409606933594
Chronos2,2025-07-05 00:00:00+00:00,LZ_WEST,2025-07-05 09:00:00+00:00,53.85916666666666,32.999488830566406,18.654266357421875,82.52455139160156
Chronos2,2025-07-05 00:00:00+00:00,LZ_WEST,2025-07-05 10:00:00+00:00,63.925,32.876914978027344,18.77681541442871,95.84602355957031
Chronos2,2025-07-05 00:00:00+00:00,LZ_WEST,2025-07-05 11:00:00+00:00,69.35166666666667,33.22758483886719,17.637521743774414,104.9775161743164
Chronos2,2025-07-05 00:00:00+00:00,LZ_WEST,2025-07-05 12:00:00+00:00,42.99583333333334,30.377948760986328,17.11042594909668,92.941162109375
Chronos2,2025-07-05 00:00:00+00:00,LZ_WEST,2025-07-05 13:00:00+00:00,25.8725,27.96204948425293,16.49411964416504,68.85421752929688
Chronos2,2025-07-05 00:00:00+00:00,LZ_WEST,2025-07-05 14:00:00+00:00,26.34083333333333,26.07096290588379,15.27690315246582,61.1861572265625
Chronos2,2025-07-05 00:00:00+00:00,LZ_WEST,2025-07-05 15:00:00+00:00,27.17333333333333,25.648853302001953,15.589853286743164,56.0668830871582
Chronos2,2025-07-05 00:00:00+00:00,LZ_WEST,2025-07-05 16:00:00+00:00,27.19,27.331111907958984,15.114212036132812,54.82516098022461
Chronos2,2025-07-05 00:00:00+00:00,LZ_WEST,2025-07-05 17:00:00+00:00,25.26833333333333,27.49614715576172,14.918096542358398,57.228816986083984
Chronos2,2025-07-05 00:00:00+00:00,LZ_WEST,2025-07-05 18:00:00+00:00,23.986666666666665,28.0679931640625,14.788820266723633,57.61808395385742
Chronos2,2025-07-05 00:00:00+00:00,LZ_WEST,2025-07-05 19:00:00+00:00,23.865,28.819652557373047,15.492177963256836,60.20634841918945
Chronos2,2025-07-05 00:00:00+00:00,LZ_WEST,2025-07-05 20:00:00+00:00,23.06083333333333,30.12451934814453,15.890968322753906,65.81173706054688
Chronos2,2025-07-05 00:00:00+00:00,LZ_WEST,2025-07-05 21:00:00+00:00,24.044166666666666,31.19411849975586,15.554323196411133,73.07682800292969
Chronos2,2025-07-05 00:00:00+00:00,LZ_WEST,2025-07-05 22:00:00+00:00,25.24416666666667,31.637042999267578,15.618610382080078,81.23298645019531
Chronos2,2025-07-05 00:00:00+00:00,LZ_WEST,2025-07-05 23:00:00+00:00,26.3975,32.44670104980469,15.285667419433594,88.99177551269531
Chronos2,2025-07-06 00:00:00+00:00,HB_HUBAVG,2025-07-06 00:00:00+00:00,29.741666666666664,25.637094497680664,23.301761627197266,29.229021072387695
Chronos2,2025-07-06 00:00:00+00:00,HB_HUBAVG,2025-07-06 01:00:00+00:00,37.60166666666667,26.068767547607422,23.034093856811523,30.388538360595703
Chronos2,2025-07-06 00:00:00+00:00,HB_HUBAVG,2025-07-06 02:00:00+00:00,40.49,26.123252868652344,22.5238037109375,30.774953842163086
Chronos2,2025-07-06 00:00:00+00:00,HB_HUBAVG,2025-07-06 03:00:00+00:00,41.99666666666667,25.86133575439453,22.17020034790039,30.89320182800293
Chronos2,2025-07-06 00:00:00+00:00,HB_HUBAVG,2025-07-06 04:00:00+00:00,34.064166666666665,25.514732360839844,21.788501739501953,30.858505249023438
Chronos2,2025-07-06 00:00:00+00:00,HB_HUBAVG,2025-07-06 05:00:00+00:00,30.09583333333333,25.279598236083984,21.42251205444336,30.75707244873047
Chronos2,2025-07-06 00:00:00+00:00,HB_HUBAVG,2025-07-06 06:00:00+00:00,29.325,25.32802963256836,21.295177459716797,31.13116455078125
Chronos2,2025-07-06 00:00:00+00:00,HB_HUBAVG,2025-07-06 07:00:00+00:00,29.879166666666663,25.19919776916504,21.130908966064453,31.13976287841797
Chronos2,2025-07-06 00:00:00+00:00,HB_HUBAVG,2025-07-06 08:00:00+00:00,30.214166666666667,25.35504913330078,21.0968017578125,31.690540313720703
Chronos2,2025-07-06 00:00:00+00:00,HB_HUBAVG,2025-07-06 09:00:00+00:00,30.62333333333333,25.802772521972656,21.120698928833008,32.47355270385742
Chronos2,2025-07-06 00:00:00+00:00,HB_HUBAVG,2025-07-06 10:00:00+00:00,30.084166666666665,26.228099822998047,21.21086883544922,33.777732849121094
Chronos2,2025-07-06 00:00:00+00:00,HB_HUBAVG,2025-07-06 11:00:00+00:00,28.140833333333333,26.275074005126953,21.130088806152344,34.326377868652344
Chronos2,2025-07-06 00:00:00+00:00,HB_HUBAVG,2025-07-06 12:00:00+00:00,23.93166666666667,25.999011993408203,21.064210891723633,33.48845291137695
Chronos2,2025-07-06 00:00:00+00:00,HB_HUBAVG,2025-07-06 13:00:00+00:00,22.6075,25.42254638671875,20.60126495361328,32.708518981933594
Chronos2,2025-07-06 00:00:00+00:00,HB_HUBAVG,2025-07-06 14:00:00+00:00,23.44333333333333,25.148300170898438,20.41421890258789,32.30284881591797
Chronos2,2025-07-06 00:00:00+00:00,HB_HUBAVG,2025-07-06 15:00:00+00:00,22.9225,24.75882339477539,20.08135986328125,31.829492568969727
Chronos2,2025-07-06 00:00:00+00:00,HB_HUBAVG,2025-07-06 16:00:00+00:00,22.641666666666666,24.874988555908203,19.94355010986328,32.761878967285156
Chronos2,2025-07-06 00:00:00+00:00,HB_HUBAVG,2025-07-06 17:00:00+00:00,21.629166666666663,24.920135498046875,19.783641815185547,33.40550994873047
Chronos2,2025-07-06 00:00:00+00:00,HB_HUBAVG,2025-07-06 18:00:00+00:00,22.816666666666663,25.036762237548828,19.586509704589844,34.047122955322266
Chronos2,2025-07-06 00:00:00+00:00,HB_HUBAVG,2025-07-06 19:00:00+00:00,22.13416666666667,25.268264770507812,19.54822540283203,34.875709533691406
Chronos2,2025-07-06 00:00:00+00:00,HB_HUBAVG,2025-07-06 20:00:00+00:00,21.846666666666664,25.677677154541016,19.538787841796875,35.85907745361328
Chronos2,2025-07-06 00:00:00+00:00,HB_HUBAVG,2025-07-06 21:00:00+00:00,22.38,26.079599380493164,19.681533813476562,36.97435760498047
Chronos2,2025-07-06 00:00:00+00:00,HB_HUBAVG,2025-07-06 22:00:00+00:00,23.62833333333333,26.29612922668457,19.852985382080078,37.24079132080078
Chronos2,2025-07-06 00:00:00+00:00,HB_HUBAVG,2025-07-06 23:00:00+00:00,27.410833333333333,26.347518920898438,19.99895477294922,37.272544860839844
Chronos2,2025-07-06 00:00:00+00:00,HB_PAN,2025-07-06 00:00:00+00:00,31.1525,25.715408325195312,20.359663009643555,30.637596130371094
Chronos2,2025-07-06 00:00:00+00:00,HB_PAN,2025-07-06 01:00:00+00:00,38.950833333333335,24.954395294189453,17.636478424072266,31.575332641601562
Chronos2,2025-07-06 00:00:00+00:00,HB_PAN,2025-07-06 02:00:00+00:00,41.498333333333335,24.21689224243164,14.38160514831543,32.700531005859375
Chronos2,2025-07-06 00:00:00+00:00,HB_PAN,2025-07-06 03:00:00+00:00,43.8575,23.963241577148438,13.03887939453125,33.64722442626953
Chronos2,2025-07-06 00:00:00+00:00,HB_PAN,2025-07-06 04:00:00+00:00,36.165,23.97549819946289,14.00059700012207,33.272193908691406
Chronos2,2025-07-06 00:00:00+00:00,HB_PAN,2025-07-06 05:00:00+00:00,33.149166666666666,24.786422729492188,15.833684921264648,33.05569076538086
Chronos2,2025-07-06 00:00:00+00:00,HB_PAN,2025-07-06 06:00:00+00:00,33.229166666666664,25.657201766967773,16.97047996520996,33.78803253173828
Chronos2,2025-07-06 00:00:00+00:00,HB_PAN,2025-07-06 07:00:00+00:00,33.473333333333336,26.15864372253418,17.65645980834961,34.127986907958984
Chronos2,2025-07-06 00:00:00+00:00,HB_PAN,2025-07-06 08:00:00+00:00,34.005833333333335,26.570619583129883,18.755535125732422,34.28752517700195
Chronos2,2025-07-06 00:00:00+00:00,HB_PAN,2025-07-06 09:00:00+00:00,33.81333333333333,27.336265563964844,18.94854736328125,35.772003173828125
Chronos2,2025-07-06 00:00:00+00:00,HB_PAN,2025-07-06 10:00:00+00:00,34.25833333333333,28.107412338256836,19.273677825927734,37.417205810546875
Chronos2,2025-07-06 00:00:00+00:00,HB_PAN,2025-07-06 11:00:00+00:00,31.79083333333333,28.20611572265625,19.049545288085938,38.06005096435547
Chronos2,2025-07-06 00:00:00+00:00,HB_PAN,2025-07-06 12:00:00+00:00,24.95833333333333,27.649978637695312,18.912708282470703,36.480438232421875
Chronos2,2025-07-06 00:00:00+00:00,HB_PAN,2025-07-06 13:00:00+00:00,22.676666666666662,26.745149612426758,18.368663787841797,35.49906921386719
Chronos2,2025-07-06 00:00:00+00:00,HB_PAN,2025-07-06 14:00:00+00:00,23.435,26.299327850341797,17.90654945373535,35.032955169677734
Chronos2,2025-07-06 00:00:00+00:00,HB_PAN,2025-07-06 15:00:00+00:00,22.94333333333333,25.869529724121094,17.049867630004883,34.218360900878906
Chronos2,2025-07-06 00:00:00+00:00,HB_PAN,2025-07-06 16:00:00+00:00,22.59583333333333,26.00834846496582,17.641029357910156,34.38723373413086
Chronos2,2025-07-06 00:00:00+00:00,HB_PAN,2025-07-06 17:00:00+00:00,21.5125,26.033668518066406,17.209890365600586,35.004425048828125
Chronos2,2025-07-06 00:00:00+00:00,HB_PAN,2025-07-06 18:00:00+00:00,22.7,26.035995483398438,16.42000961303711,35.96831512451172
Chronos2,2025-07-06 00:00:00+00:00,HB_PAN,2025-07-06 19:00:00+00:00,22.0425,26.103038787841797,15.763111114501953,37.17827606201172
Chronos2,2025-07-06 00:00:00+00:00,HB_PAN,2025-07-06 20:00:00+00:00,21.7525,26.3289794921875,15.80666732788086,37.879512786865234
Chronos2,2025-07-06 00:00:00+00:00,HB_PAN,2025-07-06 21:00:00+00:00,22.54833333333333,26.497596740722656,15.662866592407227,38.75031661987305
Chronos2,2025-07-06 00:00:00+00:00,HB_PAN,2025-07-06 22:00:00+00:00,24.3375,26.514253616333008,15.482782363891602,39.42112350463867
Chronos2,2025-07-06 00:00:00+00:00,HB_PAN,2025-07-06 23:00:00+00:00,28.125833333333333,26.424039840698242,14.921012878417969,40.2767448425293
Chronos2,2025-07-06 00:00:00+00:00,LZ_WEST,2025-07-06 00:00:00+00:00,31.626666666666665,26.514110565185547,24.33365821838379,38.905914306640625
Chronos2,2025-07-06 00:00:00+00:00,LZ_WEST,2025-07-06 01:00:00+00:00,40.138333333333335,29.459415435791016,23.713525772094727,54.09194564819336
Chronos2,2025-07-06 00:00:00+00:00,LZ_WEST,2025-07-06 02:00:00+00:00,47.5025,33.57544708251953,23.721988677978516,62.588165283203125
Chronos2,2025-07-06 00:00:00+00:00,LZ_WEST,2025-07-06 03:00:00+00:00,55.68666666666667,34.7213249206543,23.556720733642578,63.61555099487305
Chronos2,2025-07-06 00:00:00+00:00,LZ_WEST,2025-07-06 04:00:00+00:00,58.77166666666667,35.94514465332031,24.38770866394043,65.09420776367188
Chronos2,2025-07-06 00:00:00+00:00,LZ_WEST,2025-07-06 05:00:00+00:00,65.41833333333334,38.732025146484375,23.701810836791992,68.6043472290039
Chronos2,2025-07-06 00:00:00+00:00,LZ_WEST,2025-07-06 06:00:00+00:00,79.75750000000001,39.4727783203125,23.84139060974121,71.37200164794922
Chronos2,2025-07-06 00:00:00+00:00,LZ_WEST,2025-07-06 07:00:00+00:00,78.95333333333333,40.297672271728516,23.61612319946289,72.34147644042969
Chronos2,2025-07-06 00:00:00+00:00,LZ_WEST,2025-07-06 08:00:00+00:00,86.64333333333333,40.987091064453125,23.761844635009766,73.1207504272461
Chronos2,2025-07-06 00:00:00+00:00,LZ_WEST,2025-07-06 09:00:00+00:00,78.15083333333334,42.860504150390625,24.445438385009766,75.74420166015625
Chronos2,2025-07-06 00:00:00+00:00,LZ_WEST,2025-07-06 10:00:00+00:00,91.9675,44.739990234375,24.486888885498047,77.62732696533203
Chronos2,2025-07-06 00:00:00+00:00,LZ_WEST,2025-07-06 11:00:00+00:00,83.9825,43.850120544433594,23.87779426574707,80.51724243164062
Chronos2,2025-07-06 00:00:00+00:00,LZ_WEST,2025-07-06 12:00:00+00:00,39.82666666666667,35.31653594970703,23.153003692626953,74.01387023925781
Chronos2,2025-07-06 00:00:00+00:00,LZ_WEST,2025-07-06 13:00:00+00:00,23.72666666666667,29.040361404418945,22.674606323242188,58.73416519165039
Chronos2,2025-07-06 00:00:00+00:00,LZ_WEST,2025-07-06 14:00:00+00:00,23.52583333333333,26.553041458129883,21.934890747070312,52.78451156616211
Chronos2,2025-07-06 00:00:00+00:00,LZ_WEST,2025-07-06 15:00:00+00:00,23.049166666666665,26.352319717407227,21.847789764404297,50.5871467590332
Chronos2,2025-07-06 00:00:00+00:00,LZ_WEST,2025-07-06 16:00:00+00:00,22.655,25.947717666625977,21.091320037841797,50.32830810546875
Chronos2,2025-07-06 00:00:00+00:00,LZ_WEST,2025-07-06 17:00:00+00:00,21.38583333333333,26.022619247436523,21.045028686523438,49.97785568237305
Chronos2,2025-07-06 00:00:00+00:00,LZ_WEST,2025-07-06 18:00:00+00:00,22.3725,26.182125091552734,21.200637817382812,50.193817138671875
Chronos2,2025-07-06 00:00:00+00:00,LZ_WEST,2025-07-06 19:00:00+00:00,21.5075,25.96526336669922,21.149913787841797,53.51213836669922
Chronos2,2025-07-06 00:00:00+00:00,LZ_WEST,2025-07-06 20:00:00+00:00,21.27083333333333,27.52980613708496,21.158843994140625,56.96057891845703
Chronos2,2025-07-06 00:00:00+00:00,LZ_WEST,2025-07-06 21:00:00+00:00,22.05,28.185182571411133,21.244808197021484,61.91151428222656
Chronos2,2025-07-06 00:00:00+00:00,LZ_WEST,2025-07-06 22:00:00+00:00,24.05333333333333,28.912723541259766,21.292966842651367,65.64629364013672
Chronos2,2025-07-06 00:00:00+00:00,LZ_WEST,2025-07-06 23:00:00+00:00,28.305,30.028493881225586,21.43614387512207,67.02529907226562
Chronos2,2025-07-07 00:00:00+00:00,HB_HUBAVG,2025-07-07 00:00:00+00:00,42.855,29.170557022094727,25.948837280273438,35.066314697265625
Chronos2,2025-07-07 00:00:00+00:00,HB_HUBAVG,2025-07-07 01:00:00+00:00,66.43666666666667,30.178712844848633,26.007888793945312,37.53105545043945
Chronos2,2025-07-07 00:00:00+00:00,HB_HUBAVG,2025-07-07 02:00:00+00:00,78.75,30.492721557617188,25.817665100097656,38.45073699951172
Chronos2,2025-07-07 00:00:00+00:00,HB_HUBAVG,2025-07-07 03:00:00+00:00,56.39833333333333,29.788036346435547,25.082305908203125,38.12565994262695
Chronos2,2025-07-07 00:00:00+00:00,HB_HUBAVG,2025-07-07 04:00:00+00:00,32.50666666666667,28.255756378173828,24.14784049987793,36.48405456542969
Chronos2,2025-07-07 00:00:00+00:00,HB_HUBAVG,2025-07-07 05:00:00+00:00,28.75333333333333,27.469528198242188,23.53744888305664,35.312110900878906
Chronos2,2025-07-07 00:00:00+00:00,HB_HUBAVG,2025-07-07 06:00:00+00:00,25.890833333333333,26.878520965576172,23.321674346923828,34.30548095703125
Chronos2,2025-07-07 00:00:00+00:00,HB_HUBAVG,2025-07-07 07:00:00+00:00,25.941666666666663,26.37213897705078,22.96310806274414,33.49095153808594
Chronos2,2025-07-07 00:00:00+00:00,HB_HUBAVG,2025-07-07 08:00:00+00:00,26.52833333333333,26.177635192871094,22.73820686340332,33.29123306274414
Chronos2,2025-07-07 00:00:00+00:00,HB_HUBAVG,2025-07-07 09:00:00+00:00,28.964166666666667,26.30988121032715,22.737632751464844,33.30180358886719
Chronos2,2025-07-07 00:00:00+00:00,HB_HUBAVG,2025-07-07 10:00:00+00:00,33.704166666666666,26.31542205810547,22.70085334777832,33.5778923034668
Chronos2,2025-07-07 00:00:00+00:00,HB_HUBAVG,2025-07-07 11:00:00+00:00,35.22,25.995529174804688,22.280399322509766,33.60982131958008
Chronos2,2025-07-07 00:00:00+00:00,HB_HUBAVG,2025-07-07 12:00:00+00:00,25.2725,25.079608917236328,21.78183364868164,31.796464920043945
Chronos2,2025-07-07 00:00:00+00:00,HB_HUBAVG,2025-07-07 13:00:00+00:00,22.95,24.147119522094727,21.420272827148438,30.340526580810547
Chronos2,2025-07-07 00:00:00+00:00,HB_HUBAVG,2025-07-07 14:00:00+00:00,22.705,23.677082061767578,21.073684692382812,29.690574645996094
Chronos2,2025-07-07 00:00:00+00:00,HB_HUBAVG,2025-07-07 15:00:00+00:00,22.924166666666665,23.51571273803711,20.835002899169922,29.529125213623047
Chronos2,2025-07-07 00:00:00+00:00,HB_HUBAVG,2025-07-07 16:00:00+00:00,23.299166666666665,24.355239868164062,21.192333221435547,31.752212524414062
Chronos2,2025-07-07 00:00:00+00:00,HB_HUBAVG,2025-07-07 17:00:00+00:00,24.62333333333333,24.392942428588867,21.235408782958984,32.49795150756836
Chronos2,2025-07-07 00:00:00+00:00,HB_HUBAVG,2025-07-07 18:00:00+00:00,27.65083333333333,24.695465087890625,21.063247680664062,33.974796295166016
Chronos2,2025-07-07 00:00:00+00:00,HB_HUBAVG,2025-07-07 19:00:00+00:00,30.28833333333333,24.781641006469727,20.964614868164062,34.91746139526367
Chronos2,2025-07-07 00:00:00+00:00,HB_HUBAVG,2025-07-07 20:00:00+00:00,26.21333333333333,25.20757293701172,21.112567901611328,36.084781646728516
Chronos2,2025-07-07 00:00:00+00:00,HB_HUBAVG,2025-07-07 21:00:00+00:00,36.829166666666666,25.582847595214844,21.244731903076172,36.71572494506836
Chronos2,2025-07-07 00:00:00+00:00,HB_HUBAVG,2025-07-07 22:00:00+00:00,29.585,26.28870391845703,21.803821563720703,37.5362548828125
Chronos2,2025-07-07 00:00:00+00:00,HB_HUBAVG,2025-07-07 23:00:00+00:00,36.376666666666665,27.41314697265625,22.22421646118164,39.46286392211914
Chronos2,2025-07-07 00:00:00+00:00,HB_PAN,2025-07-07 00:00:00+00:00,43.73666666666667,29.548240661621094,25.775484085083008,36.0949592590332
Chronos2,2025-07-07 00:00:00+00:00,HB_PAN,2025-07-07 01:00:00+00:00,61.03333333333333,29.737407684326172,23.94686508178711,39.844757080078125
Chronos2,2025-07-07 00:00:00+00:00,HB_PAN,2025-07-07 02:00:00+00:00,78.93166666666666,29.72502899169922,22.685749053955078,42.72370529174805
Chronos2,2025-07-07 00:00:00+00:00,HB_PAN,2025-07-07 03:00:00+00:00,56.77916666666667,29.473953247070312,21.07143783569336,44.297630310058594
Chronos2,2025-07-07 00:00:00+00:00,HB_PAN,2025-07-07 04:00:00+00:00,31.885,29.341344833374023,21.249229431152344,42.985958099365234
Chronos2,2025-07-07 00:00:00+00:00,HB_PAN,2025-07-07 05:00:00+00:00,29.704166666666666,28.92696762084961,21.545059204101562,41.662139892578125
Chronos2,2025-07-07 00:00:00+00:00,HB_PAN,2025-07-07 06:00:00+00:00,26.65083333333333,28.595569610595703,21.668739318847656,39.71040725708008
Chronos2,2025-07-07 00:00:00+00:00,HB_PAN,2025-07-07 07:00:00+00:00,26.49,28.160411834716797,21.7180118560791,37.602806091308594
Chronos2,2025-07-07 00:00:00+00:00,HB_PAN,2025-07-07 08:00:00+00:00,27.38083333333333,28.12164306640625,22.20595359802246,36.650699615478516
Chronos2,2025-07-07 00:00:00+00:00,HB_PAN,2025-07-07 09:00:00+00:00,30.839166666666667,28.49188804626465,22.637897491455078,36.39741897583008
Chronos2,2025-07-07 00:00:00+00:00,HB_PAN,2025-07-07 10:00:00+00:00,34.68333333333333,28.745363235473633,22.782958984375,36.86869430541992
Chronos2,2025-07-07 00:00:00+00:00,HB_PAN,2025-07-07 11:00:00+00:00,35.6375,28.54535484313965,22.351272583007812,36.86358642578125
Chronos2,2025-07-07 00:00:00+00:00,HB_PAN,2025-07-07 12:00:00+00:00,25.17,27.296607971191406,20.830093383789062,35.342044830322266
Chronos2,2025-07-07 00:00:00+00:00,HB_PAN,2025-07-07 13:00:00+00:00,22.875,25.916166305541992,18.82659912109375,34.09343338012695
Chronos2,2025-07-07 00:00:00+00:00,HB_PAN,2025-07-07 14:00:00+00:00,22.705,25.114948272705078,17.48200798034668,33.69063949584961
Chronos2,2025-07-07 00:00:00+00:00,HB_PAN,2025-07-07 15:00:00+00:00,22.924166666666665,24.83686065673828,17.28657341003418,33.47138595581055
Chronos2,2025-07-07 00:00:00+00:00,HB_PAN,2025-07-07 16:00:00+00:00,23.294166666666666,25.492332458496094,19.270126342773438,35.63386154174805
Chronos2,2025-07-07 00:00:00+00:00,HB_PAN,2025-07-07 17:00:00+00:00,24.58333333333333,25.380834579467773,18.777729034423828,36.225284576416016
Chronos2,2025-07-07 00:00:00+00:00,HB_PAN,2025-07-07 18:00:00+00:00,27.875833333333333,25.371980667114258,18.219709396362305,37.97305679321289
Chronos2,2025-07-07 00:00:00+00:00,HB_PAN,2025-07-07 19:00:00+00:00,30.48333333333333,25.600128173828125,17.71436309814453,41.130775451660156
Chronos2,2025-07-07 00:00:00+00:00,HB_PAN,2025-07-07 20:00:00+00:00,26.481666666666666,26.30779266357422,17.531970977783203,42.78242492675781
Chronos2,2025-07-07 00:00:00+00:00,HB_PAN,2025-07-07 21:00:00+00:00,38.9875,26.81805992126465,18.00863265991211,45.24290084838867
Chronos2,2025-07-07 00:00:00+00:00,HB_PAN,2025-07-07 22:00:00+00:00,30.5475,27.805011749267578,18.506837844848633,46.451541900634766
Chronos2,2025-07-07 00:00:00+00:00,HB_PAN,2025-07-07 23:00:00+00:00,36.59916666666667,28.503742218017578,18.71856689453125,48.156429290771484
Chronos2,2025-07-07 00:00:00+00:00,LZ_WEST,2025-07-07 00:00:00+00:00,44.03333333333333,29.71786880493164,24.579816818237305,44.14352035522461
Chronos2,2025-07-07 00:00:00+00:00,LZ_WEST,2025-07-07 01:00:00+00:00,77.69583333333334,38.308799743652344,27.72360610961914,59.19691848754883
Chronos2,2025-07-07 00:00:00+00:00,LZ_WEST,2025-07-07 02:00:00+00:00,78.99083333333333,49.48826217651367,33.65026092529297,70.63738250732422
Chronos2,2025-07-07 00:00:00+00:00,LZ_WEST,2025-07-07 03:00:00+00:00,62.0025,54.73084259033203,35.98908996582031,75.76799774169922
Chronos2,2025-07-07 00:00:00+00:00,LZ_WEST,2025-07-07 04:00:00+00:00,55.086666666666666,57.17678451538086,35.877830505371094,79.00480651855469
Chronos2,2025-07-07 00:00:00+00:00,LZ_WEST,2025-07-07 05:00:00+00:00,43.23,62.68718719482422,38.38787078857422,85.26202392578125
Chronos2,2025-07-07 00:00:00+00:00,LZ_WEST,2025-07-07 06:00:00+00:00,37.205,66.00643920898438,38.71574401855469,87.30207824707031
Chronos2,2025-07-07 00:00:00+00:00,LZ_WEST,2025-07-07 07:00:00+00:00,34.1525,66.76734161376953,38.8757209777832,89.47300720214844
Chronos2,2025-07-07 00:00:00+00:00,LZ_WEST,2025-07-07 08:00:00+00:00,39.41333333333333,69.12515258789062,40.1241340637207,92.04193115234375
Chronos2,2025-07-07 00:00:00+00:00,LZ_WEST,2025-07-07 09:00:00+00:00,57.4775,71.29515838623047,43.10417556762695,93.22698211669922
Chronos2,2025-07-07 00:00:00+00:00,LZ_WEST,2025-07-07 10:00:00+00:00,48.57666666666666,74.77236938476562,49.372982025146484,97.00243377685547
Chronos2,2025-07-07 00:00:00+00:00,LZ_WEST,2025-07-07 11:00:00+00:00,38.50416666666667,73.700439453125,48.11678695678711,93.36660766601562
Chronos2,2025-07-07 00:00:00+00:00,LZ_WEST,2025-07-07 12:00:00+00:00,29.6975,46.444923400878906,28.219343185424805,71.50177764892578
Chronos2,2025-07-07 00:00:00+00:00,LZ_WEST,2025-07-07 13:00:00+00:00,23.0975,25.588464736938477,22.076963424682617,36.197120666503906
Chronos2,2025-07-07 00:00:00+00:00,LZ_WEST,2025-07-07 14:00:00+00:00,22.705,24.57994270324707,22.145652770996094,32.52288818359375
Chronos2,2025-07-07 00:00:00+00:00,LZ_WEST,2025-07-07 15:00:00+00:00,22.924166666666665,24.355924606323242,22.047060012817383,31.104751586914062
Chronos2,2025-07-07 00:00:00+00:00,LZ_WEST,2025-07-07 16:00:00+00:00,23.245,24.920019149780273,21.167396545410156,35.66226577758789
Chronos2,2025-07-07 00:00:00+00:00,LZ_WEST,2025-07-07 17:00:00+00:00,24.50583333333333,24.987327575683594,21.12033462524414,35.61044692993164
Chronos2,2025-07-07 00:00:00+00:00,LZ_WEST,2025-07-07 18:00:00+00:00,27.61916666666667,25.048463821411133,20.962894439697266,37.4776611328125
Chronos2,2025-07-07 00:00:00+00:00,LZ_WEST,2025-07-07 19:00:00+00:00,29.986666666666668,25.08477783203125,21.03516960144043,39.65180969238281
Chronos2,2025-07-07 00:00:00+00:00,LZ_WEST,2025-07-07 20:00:00+00:00,26.026666666666667,25.28557777404785,21.136865615844727,44.80598449707031
Chronos2,2025-07-07 00:00:00+00:00,LZ_WEST,2025-07-07 21:00:00+00:00,39.2825,25.893606185913086,21.32233428955078,49.15283966064453
Chronos2,2025-07-07 00:00:00+00:00,LZ_WEST,2025-07-07 22:00:00+00:00,30.775,27.32514762878418,21.749431610107422,54.027618408203125
Chronos2,2025-07-07 00:00:00+00:00,LZ_WEST,2025-07-07 23:00:00+00:00,36.65083333333333,29.873811721801758,22.208446502685547,60.31256103515625
Chronos2,2025-07-08 00:00:00+00:00,HB_HUBAVG,2025-07-08 00:00:00+00:00,70.61333333333333,37.90888977050781,29.73033905029297,54.144866943359375
Chronos2,2025-07-08 00:00:00+00:00,HB_HUBAVG,2025-07-08 01:00:00+00:00,59.20666666666667,38.202110290527344,28.91664695739746,58.768367767333984
Chronos2,2025-07-08 00:00:00+00:00,HB_HUBAVG,2025-07-08 02:00:00+00:00,44.95249999999999,39.39633560180664,28.824548721313477,63.695465087890625
Chronos2,2025-07-08 00:00:00+00:00,HB_HUBAVG,2025-07-08 03:00:00+00:00,35.43,36.27692413330078,27.577434539794922,57.120052337646484
Chronos2,2025-07-08 00:00:00+00:00,HB_HUBAVG,2025-07-08 04:00:00+00:00,27.70583333333333,32.65300750732422,25.840959548950195,47.641151428222656
Chronos2,2025-07-08 00:00:00+00:00,HB_HUBAVG,2025-07-08 05:00:00+00:00,28.65416666666667,31.12075424194336,25.286951065063477,44.45726013183594
Chronos2,2025-07-08 00:00:00+00:00,HB_HUBAVG,2025-07-08 06:00:00+00:00,27.98333333333333,29.364572525024414,24.797710418701172,39.53248596191406
Chronos2,2025-07-08 00:00:00+00:00,HB_HUBAVG,2025-07-08 07:00:00+00:00,25.73333333333333,28.286245346069336,23.990684509277344,36.58782196044922
Chronos2,2025-07-08 00:00:00+00:00,HB_HUBAVG,2025-07-08 08:00:00+00:00,25.426666666666662,28.134199142456055,23.995487213134766,35.53578567504883
Chronos2,2025-07-08 00:00:00+00:00,HB_HUBAVG,2025-07-08 09:00:00+00:00,25.269166666666667,28.356664657592773,23.948436737060547,36.42898178100586
Chronos2,2025-07-08 00:00:00+00:00,HB_HUBAVG,2025-07-08 10:00:00+00:00,25.27916666666667,28.60812759399414,23.96122169494629,37.550621032714844
Chronos2,2025-07-08 00:00:00+00:00,HB_HUBAVG,2025-07-08 11:00:00+00:00,26.71666666666667,28.429899215698242,23.392759323120117,38.014564514160156
Chronos2,2025-07-08 00:00:00+00:00,HB_HUBAVG,2025-07-08 12:00:00+00:00,24.655833333333337,27.355384826660156,22.86820411682129,35.62697982788086
Chronos2,2025-07-08 00:00:00+00:00,HB_HUBAVG,2025-07-08 13:00:00+00:00,24.204166666666666,26.460529327392578,22.644641876220703,34.25040054321289
Chronos2,2025-07-08 00:00:00+00:00,HB_HUBAVG,2025-07-08 14:00:00+00:00,22.160833333333333,25.857624053955078,22.234542846679688,33.75048065185547
Chronos2,2025-07-08 00:00:00+00:00,HB_HUBAVG,2025-07-08 15:00:00+00:00,22.055,25.77985382080078,22.04381561279297,32.98341751098633
Chronos2,2025-07-08 00:00:00+00:00,HB_HUBAVG,2025-07-08 16:00:00+00:00,26.251666666666665,26.836217880249023,22.40798568725586,36.03475570678711
Chronos2,2025-07-08 00:00:00+00:00,HB_HUBAVG,2025-07-08 17:00:00+00:00,32.8425,26.807159423828125,22.318374633789062,37.28882598876953
Chronos2,2025-07-08 00:00:00+00:00,HB_HUBAVG,2025-07-08 18:00:00+00:00,37.056666666666665,27.293399810791016,22.278148651123047,38.73948287963867
Chronos2,2025-07-08 00:00:00+00:00,HB_HUBAVG,2025-07-08 19:00:00+00:00,46.97,27.893062591552734,22.61788558959961,41.835121154785156
Chronos2,2025-07-08 00:00:00+00:00,HB_HUBAVG,2025-07-08 20:00:00+00:00,55.695,29.142715454101562,23.03338050842285,45.69669723510742
Chronos2,2025-07-08 00:00:00+00:00,HB_HUBAVG,2025-07-08 21:00:00+00:00,83.77916666666667,30.593074798583984,23.23662567138672,52.35873031616211
Chronos2,2025-07-08 00:00:00+00:00,HB_HUBAVG,2025-07-08 22:00:00+00:00,127.6475,31.64105987548828,23.751415252685547,56.89008331298828
Chronos2,2025-07-08 00:00:00+00:00,HB_HUBAVG,2025-07-08 23:00:00+00:00,94.26666666666668,32.97148895263672,24.054716110229492,60.67310333251953
Chronos2,2025-07-08 00:00:00+00:00,HB_PAN,2025-07-08 00:00:00+00:00,71.74166666666666,38.67160415649414,29.095333099365234,64.83190155029297
Chronos2,2025-07-08 00:00:00+00:00,HB_PAN,2025-07-08 01:00:00+00:00,59.20666666666667,39.43872833251953,28.08644676208496,73.32799530029297
Chronos2,2025-07-08 00:00:00+00:00,HB_PAN,2025-07-08 02:00:00+00:00,45.70666666666667,41.0660400390625,27.351032257080078,78.93782806396484
Chronos2,2025-07-08 00:00:00+00:00,HB_PAN,2025-07-08 03:00:00+00:00,34.13666666666666,37.858402252197266,26.715778350830078,72.89031982421875
Chronos2,2025-07-08 00:00:00+00:00,HB_PAN,2025-07-08 04:00:00+00:00,26.291666666666668,34.65581130981445,26.535627365112305,60.98131561279297
Chronos2,2025-07-08 00:00:00+00:00,HB_PAN,2025-07-08 05:00:00+00:00,29.669166666666666,33.367576599121094,26.146076202392578,55.911399841308594
Chronos2,2025-07-08 00:00:00+00:00,HB_PAN,2025-07-08 06:00:00+00:00,30.750833333333333,30.842491149902344,25.733274459838867,43.833187103271484
Chronos2,2025-07-08 00:00:00+00:00,HB_PAN,2025-07-08 07:00:00+00:00,28.614166666666662,29.43252944946289,25.11298942565918,38.549373626708984
Chronos2,2025-07-08 00:00:00+00:00,HB_PAN,2025-07-08 08:00:00+00:00,28.43583333333333,29.482648849487305,25.22561264038086,36.654632568359375
Chronos2,2025-07-08 00:00:00+00:00,HB_PAN,2025-07-08 09:00:00+00:00,27.363333333333333,29.65472412109375,25.09649085998535,38.07415771484375
Chronos2,2025-07-08 00:00:00+00:00,HB_PAN,2025-07-08 10:00:00+00:00,27.5825,29.999958038330078,24.918004989624023,39.74669647216797
Chronos2,2025-07-08 00:00:00+00:00,HB_PAN,2025-07-08 11:00:00+00:00,29.680000000000003,29.610389709472656,24.117416381835938,40.409942626953125
Chronos2,2025-07-08 00:00:00+00:00,HB_PAN,2025-07-08 12:00:00+00:00,24.66,28.25402069091797,23.407241821289062,36.767578125
Chronos2,2025-07-08 00:00:00+00:00,HB_PAN,2025-07-08 13:00:00+00:00,24.204166666666666,27.07161521911621,23.077625274658203,34.66511535644531
Chronos2,2025-07-08 00:00:00+00:00,HB_PAN,2025-07-08 14:00:00+00:00,22.166666666666668,26.29163360595703,22.60757064819336,32.95439910888672
Chronos2,2025-07-08 00:00:00+00:00,HB_PAN,2025-07-08 15:00:00+00:00,22.03833333333333,26.33462142944336,22.545791625976562,32.54905319213867
Chronos2,2025-07-08 00:00:00+00:00,HB_PAN,2025-07-08 16:00:00+00:00,26.251666666666665,28.27191162109375,23.89407730102539,36.88582229614258
Chronos2,2025-07-08 00:00:00+00:00,HB_PAN,2025-07-08 17:00:00+00:00,32.913333333333334,28.71846580505371,24.05508041381836,40.06129455566406
Chronos2,2025-07-08 00:00:00+00:00,HB_PAN,2025-07-08 18:00:00+00:00,38.200833333333335,29.497997283935547,24.472328186035156,41.98826217651367
Chronos2,2025-07-08 00:00:00+00:00,HB_PAN,2025-07-08 19:00:00+00:00,51.873333333333335,30.173208236694336,24.814254760742188,46.43731689453125
Chronos2,2025-07-08 00:00:00+00:00,HB_PAN,2025-07-08 20:00:00+00:00,58.13333333333333,31.900480270385742,24.888690948486328,52.90666198730469
Chronos2,2025-07-08 00:00:00+00:00,HB_PAN,2025-07-08 21:00:00+00:00,87.4975,33.66981887817383,25.090845108032227,65.85427856445312
Chronos2,2025-07-08 00:00:00+00:00,HB_PAN,2025-07-08 22:00:00+00:00,135.59416666666667,35.02859115600586,25.533845901489258,75.39537048339844
Chronos2,2025-07-08 00:00:00+00:00,HB_PAN,2025-07-08 23:00:00+00:00,97.88916666666668,36.460357666015625,25.809783935546875,79.80328369140625
Chronos2,2025-07-08 00:00:00+00:00,LZ_WEST,2025-07-08 00:00:00+00:00,72.005,37.493839263916016,28.851675033569336,59.00677490234375
Chronos2,2025-07-08 00:00:00+00:00,LZ_WEST,2025-07-08 01:00:00+00:00,59.20666666666667,39.642921447753906,28.28215980529785,68.20382690429688
Chronos2,2025-07-08 00:00:00+00:00,LZ_WEST,2025-07-08 02:00:00+00:00,67.19916666666667,42.756229400634766,27.612449645996094,79.7801742553711
Chronos2,2025-07-08 00:00:00+00:00,LZ_WEST,2025-07-08 03:00:00+00:00,63.45,39.96749496459961,27.330951690673828,71.42433166503906
Chronos2,2025-07-08 00:00:00+00:00,LZ_WEST,2025-07-08 04:00:00+00:00,50.37416666666667,38.539737701416016,27.06386947631836,69.00664520263672
Chronos2,2025-07-08 00:00:00+00:00,LZ_WEST,2025-07-08 05:00:00+00:00,52.9025,38.84016799926758,26.990066528320312,69.85250854492188
Chronos2,2025-07-08 00:00:00+00:00,LZ_WEST,2025-07-08 06:00:00+00:00,69.1475,38.70426940917969,26.892065048217773,71.04078674316406
Chronos2,2025-07-08 00:00:00+00:00,LZ_WEST,2025-07-08 07:00:00+00:00,67.91,38.867130279541016,26.658594131469727,71.03571319580078
Chronos2,2025-07-08 00:00:00+00:00,LZ_WEST,2025-07-08 08:00:00+00:00,70.25333333333333,41.3536491394043,27.12228012084961,78.41718292236328
Chronos2,2025-07-08 00:00:00+00:00,LZ_WEST,2025-07-08 09:00:00+00:00,56.45,44.18827819824219,26.53461265563965,87.22004699707031
Chronos2,2025-07-08 00:00:00+00:00,LZ_WEST,2025-07-08 10:00:00+00:00,59.6625,42.86255645751953,25.661911010742188,93.39695739746094
Chronos2,2025-07-08 00:00:00+00:00,LZ_WEST,2025-07-08 11:00:00+00:00,70.77833333333334,39.2718620300293,24.731563568115234,92.45237731933594
Chronos2,2025-07-08 00:00:00+00:00,LZ_WEST,2025-07-08 12:00:00+00:00,24.727500000000003,34.880393981933594,24.056686401367188,78.5651626586914
Chronos2,2025-07-08 00:00:00+00:00,LZ_WEST,2025-07-08 13:00:00+00:00,24.204166666666666,30.220802307128906,23.403549194335938,61.702171325683594
Chronos2,2025-07-08 00:00:00+00:00,LZ_WEST,2025-07-08 14:00:00+00:00,22.32166666666667,27.718835830688477,22.562467575073242,53.72530746459961
Chronos2,2025-07-08 00:00:00+00:00,LZ_WEST,2025-07-08 15:00:00+00:00,22.11,27.500896453857422,22.960052490234375,48.80891418457031
Chronos2,2025-07-08 00:00:00+00:00,LZ_WEST,2025-07-08 16:00:00+00:00,26.251666666666665,28.84857749938965,22.587905883789062,44.848880767822266
Chronos2,2025-07-08 00:00:00+00:00,LZ_WEST,2025-07-08 17:00:00+00:00,32.862500000000004,28.79018783569336,22.550323486328125,45.757293701171875
Chronos2,2025-07-08 00:00:00+00:00,LZ_WEST,2025-07-08 18:00:00+00:00,38.13666666666666,28.953086853027344,22.6960506439209,45.134010314941406
Chronos2,2025-07-08 00:00:00+00:00,LZ_WEST,2025-07-08 19:00:00+00:00,50.29166666666666,29.788331985473633,22.982425689697266,47.40781784057617
Chronos2,2025-07-08 00:00:00+00:00,LZ_WEST,2025-07-08 20:00:00+00:00,58.05416666666667,31.154895782470703,23.67131805419922,51.04339599609375
Chronos2,2025-07-08 00:00:00+00:00,LZ_WEST,2025-07-08 21:00:00+00:00,88.38,32.93833541870117,23.87737464904785,56.82964324951172
Chronos2,2025-07-08 00:00:00+00:00,LZ_WEST,2025-07-08 22:00:00+00:00,136.64416666666668,33.57645797729492,24.45566177368164,58.84198760986328
Chronos2,2025-07-08 00:00:00+00:00,LZ_WEST,2025-07-08 23:00:00+00:00,98.79416666666668,34.55101776123047,24.34307098388672,60.891544342041016
Chronos2,2025-07-09 00:00:00+00:00,HB_HUBAVG,2025-07-09 00:00:00+00:00,72.15416666666667,97.95472717285156,53.101051330566406,166.8209228515625
Chronos2,2025-07-09 00:00:00+00:00,HB_HUBAVG,2025-07-09 01:00:00+00:00,58.73166666666666,97.27421569824219,46.46392822265625,165.72262573242188
Chronos2,2025-07-09 00:00:00+00:00,HB_HUBAVG,2025-07-09 02:00:00+00:00,43.31166666666667,85.91826629638672,41.51803970336914,154.99789428710938
Chronos2,2025-07-09 00:00:00+00:00,HB_HUBAVG,2025-07-09 03:00:00+00:00,29.992500000000003,62.75709533691406,34.8595085144043,123.97664642333984
Chronos2,2025-07-09 00:00:00+00:00,HB_HUBAVG,2025-07-09 04:00:00+00:00,23.936666666666667,45.26536560058594,30.72272491455078,87.70093536376953
Chronos2,2025-07-09 00:00:00+00:00,HB_HUBAVG,2025-07-09 05:00:00+00:00,24.209166666666665,38.51955032348633,28.21723175048828,68.5722427368164
Chronos2,2025-07-09 00:00:00+00:00,HB_HUBAVG,2025-07-09 06:00:00+00:00,20.335,32.905391693115234,26.486427307128906,52.259803771972656
Chronos2,2025-07-09 00:00:00+00:00,HB_HUBAVG,2025-07-09 07:00:00+00:00,17.135833333333334,29.783000946044922,24.88623809814453,44.35986328125
Chronos2,2025-07-09 00:00:00+00:00,HB_HUBAVG,2025-07-09 08:00:00+00:00,18.476666666666667,28.52564239501953,24.438907623291016,41.854591369628906
Chronos2,2025-07-09 00:00:00+00:00,HB_HUBAVG,2025-07-09 09:00:00+00:00,21.31583333333333,29.123531341552734,24.0878849029541,44.0609016418457
Chronos2,2025-07-09 00:00:00+00:00,HB_HUBAVG,2025-07-09 10:00:00+00:00,23.006666666666664,29.718122482299805,23.943988800048828,50.13861846923828
Chronos2,2025-07-09 00:00:00+00:00,HB_HUBAVG,2025-07-09 11:00:00+00:00,25.3625,29.879642486572266,23.293598175048828,53.03495788574219
Chronos2,2025-07-09 00:00:00+00:00,HB_HUBAVG,2025-07-09 12:00:00+00:00,26.26833333333333,27.933208465576172,23.07680320739746,45.96586227416992
Chronos2,2025-07-09 00:00:00+00:00,HB_HUBAVG,2025-07-09 13:00:00+00:00,24.138333333333332,26.666790008544922,22.718257904052734,41.43427276611328
Chronos2,2025-07-09 00:00:00+00:00,HB_HUBAVG,2025-07-09 14:00:00+00:00,25.953333333333333,25.704843521118164,22.135948181152344,38.28334426879883
Chronos2,2025-07-09 00:00:00+00:00,HB_HUBAVG,2025-07-09 15:00:00+00:00,31.35666666666667,26.2694034576416,22.319517135620117,39.619049072265625
Chronos2,2025-07-09 00:00:00+00:00,HB_HUBAVG,2025-07-09 16:00:00+00:00,42.1925,29.079914093017578,23.427715301513672,45.56097412109375
Chronos2,2025-07-09 00:00:00+00:00,HB_HUBAVG,2025-07-09 17:00:00+00:00,39.03916666666667,32.29982376098633,24.067996978759766,58.081390380859375
Chronos2,2025-07-09 00:00:00+00:00,HB_HUBAVG,2025-07-09 18:00:00+00:00,39.998333333333335,35.51267623901367,24.577617645263672,71.23078918457031
Chronos2,2025-07-09 00:00:00+00:00,HB_HUBAVG,2025-07-09 19:00:00+00:00,40.454166666666666,39.83653259277344,24.952064514160156,86.85858154296875
Chronos2,2025-07-09 00:00:00+00:00,HB_HUBAVG,2025-07-09 20:00:00+00:00,56.31583333333333,46.785194396972656,25.627151489257812,116.33171081542969
Chronos2,2025-07-09 00:00:00+00:00,HB_HUBAVG,2025-07-09 21:00:00+00:00,59.59166666666667,55.2308235168457,26.373056411743164,141.36474609375
Chronos2,2025-07-09 00:00:00+00:00,HB_HUBAVG,2025-07-09 22:00:00+00:00,65.14999999999999,59.67033767700195,26.52960205078125,154.39096069335938
Chronos2,2025-07-09 00:00:00+00:00,HB_HUBAVG,2025-07-09 23:00:00+00:00,59.20666666666667,62.15459442138672,27.356801986694336,149.75698852539062
Chronos2,2025-07-09 00:00:00+00:00,HB_PAN,2025-07-09 00:00:00+00:00,76.40833333333333,102.27519989013672,53.075077056884766,186.5123748779297
Chronos2,2025-07-09 00:00:00+00:00,HB_PAN,2025-07-09 01:00:00+00:00,63.22166666666666,100.2794189453125,45.883270263671875,182.13636779785156
Chronos2,2025-07-09 00:00:00+00:00,HB_PAN,2025-07-09 02:00:00+00:00,46.07083333333333,88.73466491699219,40.7907829284668,169.88775634765625
Chronos2,2025-07-09 00:00:00+00:00,HB_PAN,2025-07-09 03:00:00+00:00,32.18,66.55648803710938,34.653564453125,139.3060302734375
Chronos2,2025-07-09 00:00:00+00:00,HB_PAN,2025-07-09 04:00:00+00:00,25.894166666666667,48.21159362792969,31.81603240966797,98.27655029296875
Chronos2,2025-07-09 00:00:00+00:00,HB_PAN,2025-07-09 05:00:00+00:00,25.21166666666667,42.51148223876953,30.29067039489746,76.9805908203125
Chronos2,2025-07-09 00:00:00+00:00,HB_PAN,2025-07-09 06:00:00+00:00,20.578333333333333,36.59246826171875,28.976858139038086,57.49509811401367
Chronos2,2025-07-09 00:00:00+00:00,HB_PAN,2025-07-09 07:00:00+00:00,13.786666666666669,32.67599105834961,27.123111724853516,47.05556869506836
Chronos2,2025-07-09 00:00:00+00:00,HB_PAN,2025-07-09 08:00:00+00:00,13.431666666666668,30.96531867980957,26.73781967163086,43.28221130371094
Chronos2,2025-07-09 00:00:00+00:00,HB_PAN,2025-07-09 09:00:00+00:00,19.439166666666665,31.10280990600586,26.25619125366211,45.11528015136719
Chronos2,2025-07-09 00:00:00+00:00,HB_PAN,2025-07-09 10:00:00+00:00,21.839166666666667,32.01878356933594,25.76132583618164,51.68973159790039
Chronos2,2025-07-09 00:00:00+00:00,HB_PAN,2025-07-09 11:00:00+00:00,12.501666666666669,32.91783142089844,24.92889404296875,58.617095947265625
Chronos2,2025-07-09 00:00:00+00:00,HB_PAN,2025-07-09 12:00:00+00:00,15.535833333333334,30.034059524536133,24.23314666748047,49.19819259643555
Chronos2,2025-07-09 00:00:00+00:00,HB_PAN,2025-07-09 13:00:00+00:00,19.425,27.494604110717773,23.46145248413086,41.65837097167969
Chronos2,2025-07-09 00:00:00+00:00,HB_PAN,2025-07-09 14:00:00+00:00,27.57583333333333,25.978551864624023,22.74782943725586,36.06273651123047
Chronos2,2025-07-09 00:00:00+00:00,HB_PAN,2025-07-09 15:00:00+00:00,35.54,25.812175750732422,22.499948501586914,35.955806732177734
Chronos2,2025-07-09 00:00:00+00:00,HB_PAN,2025-07-09 16:00:00+00:00,46.255,30.417720794677734,24.541595458984375,46.326839447021484
Chronos2,2025-07-09 00:00:00+00:00,HB_PAN,2025-07-09 17:00:00+00:00,41.82416666666666,34.51152038574219,25.720130920410156,60.01124572753906
Chronos2,2025-07-09 00:00:00+00:00,HB_PAN,2025-07-09 18:00:00+00:00,42.225,39.87708282470703,26.978788375854492,77.58493041992188
Chronos2,2025-07-09 00:00:00+00:00,HB_PAN,2025-07-09 19:00:00+00:00,42.21333333333333,47.27288055419922,27.451475143432617,103.12430572509766
Chronos2,2025-07-09 00:00:00+00:00,HB_PAN,2025-07-09 20:00:00+00:00,57.27916666666667,57.36528015136719,27.580162048339844,139.85519409179688
Chronos2,2025-07-09 00:00:00+00:00,HB_PAN,2025-07-09 21:00:00+00:00,60.99666666666667,69.4215087890625,28.261577606201172,165.1930389404297
Chronos2,2025-07-09 00:00:00+00:00,HB_PAN,2025-07-09 22:00:00+00:00,68.58583333333333,76.15577697753906,28.43711280822754,184.8703155517578
Chronos2,2025-07-09 00:00:00+00:00,HB_PAN,2025-07-09 23:00:00+00:00,63.60083333333333,78.67125701904297,28.93216896057129,187.02174377441406
Chronos2,2025-07-09 00:00:00+00:00,LZ_WEST,2025-07-09 00:00:00+00:00,77.67,97.25299072265625,50.98879623413086,156.26324462890625
Chronos2,2025-07-09 00:00:00+00:00,LZ_WEST,2025-07-09 01:00:00+00:00,69.00583333333333,96.6126708984375,46.3759765625,162.5582733154297
Chronos2,2025-07-09 00:00:00+00:00,LZ_WEST,2025-07-09 02:00:00+00:00,63.87916666666666,94.75291442871094,46.24663162231445,159.60037231445312
Chronos2,2025-07-09 00:00:00+00:00,LZ_WEST,2025-07-09 03:00:00+00:00,59.79416666666666,81.83345031738281,43.02186584472656,144.21617126464844
Chronos2,2025-07-09 00:00:00+00:00,LZ_WEST,2025-07-09 04:00:00+00:00,53.23,66.22908782958984,37.51394271850586,116.47733306884766
Chronos2,2025-07-09 00:00:00+00:00,LZ_WEST,2025-07-09 05:00:00+00:00,51.23833333333334,60.87757110595703,35.481693267822266,107.7047119140625
Chronos2,2025-07-09 00:00:00+00:00,LZ_WEST,2025-07-09 06:00:00+00:00,38.02333333333333,59.905029296875,35.33695602416992,105.74394226074219
Chronos2,2025-07-09 00:00:00+00:00,LZ_WEST,2025-07-09 07:00:00+00:00,24.93583333333333,61.05066680908203,35.01051712036133,108.83629608154297
Chronos2,2025-07-09 00:00:00+00:00,LZ_WEST,2025-07-09 08:00:00+00:00,27.981666666666666,61.92168045043945,35.14088821411133,117.47391510009766
Chronos2,2025-07-09 00:00:00+00:00,LZ_WEST,2025-07-09 09:00:00+00:00,30.394166666666667,63.94284439086914,34.623512268066406,123.16947174072266
Chronos2,2025-07-09 00:00:00+00:00,LZ_WEST,2025-07-09 10:00:00+00:00,25.575833333333332,65.08592224121094,33.319618225097656,129.51544189453125
Chronos2,2025-07-09 00:00:00+00:00,LZ_WEST,2025-07-09 11:00:00+00:00,49.58166666666667,63.00132369995117,30.672121047973633,128.94273376464844
Chronos2,2025-07-09 00:00:00+00:00,LZ_WEST,2025-07-09 12:00:00+00:00,49.818333333333335,50.555938720703125,27.429885864257812,106.63654327392578
Chronos2,2025-07-09 00:00:00+00:00,LZ_WEST,2025-07-09 13:00:00+00:00,32.74166666666667,42.67473602294922,25.54205322265625,87.4398193359375
Chronos2,2025-07-09 00:00:00+00:00,LZ_WEST,2025-07-09 14:00:00+00:00,29.18166666666667,38.3647575378418,24.34638023376465,77.32192993164062
Chronos2,2025-07-09 00:00:00+00:00,LZ_WEST,2025-07-09 15:00:00+00:00,39.395833333333336,37.1204948425293,24.201093673706055,72.69709777832031
Chronos2,2025-07-09 00:00:00+00:00,LZ_WEST,2025-07-09 16:00:00+00:00,48.41416666666667,36.78518295288086,24.409038543701172,69.52980041503906
Chronos2,2025-07-09 00:00:00+00:00,LZ_WEST,2025-07-09 17:00:00+00:00,42.69166666666666,37.62434768676758,24.30669593811035,74.2808837890625
Chronos2,2025-07-09 00:00:00+00:00,LZ_WEST,2025-07-09 18:00:00+00:00,42.803333333333335,38.772972106933594,23.959367752075195,78.95210266113281
Chronos2,2025-07-09 00:00:00+00:00,LZ_WEST,2025-07-09 19:00:00+00:00,42.685,42.62919998168945,23.645015716552734,91.0269775390625
Chronos2,2025-07-09 00:00:00+00:00,LZ_WEST,2025-07-09 20:00:00+00:00,56.48333333333333,48.035255432128906,25.393146514892578,112.99765014648438
Chronos2,2025-07-09 00:00:00+00:00,LZ_WEST,2025-07-09 21:00:00+00:00,61.27,55.48115158081055,25.930158615112305,134.30587768554688
Chronos2,2025-07-09 00:00:00+00:00,LZ_WEST,2025-07-09 22:00:00+00:00,69.32916666666667,59.55132293701172,26.38115692138672,144.82833862304688
Chronos2,2025-07-09 00:00:00+00:00,LZ_WEST,2025-07-09 23:00:00+00:00,64.5275,61.78112030029297,26.190927505493164,146.9346160888672
Chronos2,2025-07-10 00:00:00+00:00,HB_HUBAVG,2025-07-10 00:00:00+00:00,65.57916666666667,52.937965393066406,39.57142639160156,71.77178955078125
Chronos2,2025-07-10 00:00:00+00:00,HB_HUBAVG,2025-07-10 01:00:00+00:00,90.21750000000002,46.316898345947266,34.62666320800781,64.41610717773438
Chronos2,2025-07-10 00:00:00+00:00,HB_HUBAVG,2025-07-10 02:00:00+00:00,50.4275,39.019107818603516,30.37542152404785,52.61309814453125
Chronos2,2025-07-10 00:00:00+00:00,HB_HUBAVG,2025-07-10 03:00:00+00:00,33.11,31.256080627441406,25.622333526611328,40.44906234741211
Chronos2,2025-07-10 00:00:00+00:00,HB_HUBAVG,2025-07-10 04:00:00+00:00,28.054166666666664,26.468664169311523,22.438858032226562,33.00700759887695
Chronos2,2025-07-10 00:00:00+00:00,HB_HUBAVG,2025-07-10 05:00:00+00:00,25.345,24.658313751220703,21.04745101928711,30.226612091064453
Chronos2,2025-07-10 00:00:00+00:00,HB_HUBAVG,2025-07-10 06:00:00+00:00,24.7625,23.257482528686523,20.130939483642578,28.045225143432617
Chronos2,2025-07-10 00:00:00+00:00,HB_HUBAVG,2025-07-10 07:00:00+00:00,23.271666666666665,22.055423736572266,19.288558959960938,26.30715560913086
Chronos2,2025-07-10 00:00:00+00:00,HB_HUBAVG,2025-07-10 08:00:00+00:00,22.49,22.245328903198242,19.184547424316406,26.791534423828125
Chronos2,2025-07-10 00:00:00+00:00,HB_HUBAVG,2025-07-10 09:00:00+00:00,22.394166666666667,23.13661766052246,19.66448974609375,28.097646713256836
Chronos2,2025-07-10 00:00:00+00:00,HB_HUBAVG,2025-07-10 10:00:00+00:00,22.629166666666663,24.10922622680664,20.369972229003906,29.010780334472656
Chronos2,2025-07-10 00:00:00+00:00,HB_HUBAVG,2025-07-10 11:00:00+00:00,22.6,24.784748077392578,20.646408081054688,30.247697830200195
Chronos2,2025-07-10 00:00:00+00:00,HB_HUBAVG,2025-07-10 12:00:00+00:00,20.255,25.124603271484375,20.86313247680664,31.066171646118164
Chronos2,2025-07-10 00:00:00+00:00,HB_HUBAVG,2025-07-10 13:00:00+00:00,16.75916666666667,25.3360595703125,20.75721549987793,32.408790588378906
Chronos2,2025-07-10 00:00:00+00:00,HB_HUBAVG,2025-07-10 14:00:00+00:00,12.36,25.709537506103516,20.81635856628418,34.61866760253906
Chronos2,2025-07-10 00:00:00+00:00,HB_HUBAVG,2025-07-10 15:00:00+00:00,12.900833333333331,27.282398223876953,21.308685302734375,39.41587829589844
Chronos2,2025-07-10 00:00:00+00:00,HB_HUBAVG,2025-07-10 16:00:00+00:00,16.876666666666665,28.824079513549805,20.541818618774414,49.49266815185547
Chronos2,2025-07-10 00:00:00+00:00,HB_HUBAVG,2025-07-10 17:00:00+00:00,18.74833333333333,31.171768188476562,21.6180419921875,52.737648010253906
Chronos2,2025-07-10 00:00:00+00:00,HB_HUBAVG,2025-07-10 18:00:00+00:00,20.41583333333333,33.58879470825195,22.812551498413086,57.97905731201172
Chronos2,2025-07-10 00:00:00+00:00,HB_HUBAVG,2025-07-10 19:00:00+00:00,15.4,37.405601501464844,23.580116271972656,65.3831787109375
Chronos2,2025-07-10 00:00:00+00:00,HB_HUBAVG,2025-07-10 20:00:00+00:00,18.73,44.456703186035156,24.794918060302734,78.83319091796875
Chronos2,2025-07-10 00:00:00+00:00,HB_HUBAVG,2025-07-10 21:00:00+00:00,16.955000000000002,51.22072219848633,25.588699340820312,87.68293762207031
Chronos2,2025-07-10 00:00:00+00:00,HB_HUBAVG,2025-07-10 22:00:00+00:00,17.518333333333334,53.569488525390625,25.83347511291504,91.44546508789062
Chronos2,2025-07-10 00:00:00+00:00,HB_HUBAVG,2025-07-10 23:00:00+00:00,17.375,50.82316970825195,26.235008239746094,88.59806823730469
Chronos2,2025-07-10 00:00:00+00:00,HB_PAN,2025-07-10 00:00:00+00:00,69.81583333333333,60.99273681640625,44.728824615478516,85.85416412353516
Chronos2,2025-07-10 00:00:00+00:00,HB_PAN,2025-07-10 01:00:00+00:00,96.28166666666668,52.69828414916992,37.78431701660156,74.45034790039062
Chronos2,2025-07-10 00:00:00+00:00,HB_PAN,2025-07-10 02:00:00+00:00,52.48833333333334,43.587257385253906,32.349212646484375,60.91063690185547
Chronos2,2025-07-10 00:00:00+00:00,HB_PAN,2025-07-10 03:00:00+00:00,25.835833333333337,34.451210021972656,25.632774353027344,47.41932678222656
Chronos2,2025-07-10 00:00:00+00:00,HB_PAN,2025-07-10 04:00:00+00:00,19.0275,27.751480102539062,20.196521759033203,37.63900375366211
Chronos2,2025-07-10 00:00:00+00:00,HB_PAN,2025-07-10 05:00:00+00:00,18.6825,24.513643264770508,17.310258865356445,33.45851516723633
Chronos2,2025-07-10 00:00:00+00:00,HB_PAN,2025-07-10 06:00:00+00:00,18.93583333333333,22.439367294311523,15.213066101074219,30.918107986450195
Chronos2,2025-07-10 00:00:00+00:00,HB_PAN,2025-07-10 07:00:00+00:00,19.1675,20.792335510253906,13.042947769165039,29.772706985473633
Chronos2,2025-07-10 00:00:00+00:00,HB_PAN,2025-07-10 08:00:00+00:00,20.60083333333333,20.153034210205078,12.361778259277344,28.262331008911133
Chronos2,2025-07-10 00:00:00+00:00,HB_PAN,2025-07-10 09:00:00+00:00,22.031666666666663,20.41693687438965,12.516342163085938,29.565731048583984
Chronos2,2025-07-10 00:00:00+00:00,HB_PAN,2025-07-10 10:00:00+00:00,22.616666666666664,20.82068634033203,12.645069122314453,29.852375030517578
Chronos2,2025-07-10 00:00:00+00:00,HB_PAN,2025-07-10 11:00:00+00:00,21.915000000000003,21.191537857055664,12.739194869995117,30.310163497924805
Chronos2,2025-07-10 00:00:00+00:00,HB_PAN,2025-07-10 12:00:00+00:00,19.826666666666668,21.410099029541016,12.594154357910156,31.02783966064453
Chronos2,2025-07-10 00:00:00+00:00,HB_PAN,2025-07-10 13:00:00+00:00,16.75916666666667,22.437820434570312,12.921539306640625,32.626949310302734
Chronos2,2025-07-10 00:00:00+00:00,HB_PAN,2025-07-10 14:00:00+00:00,12.346666666666666,24.277599334716797,14.466569900512695,35.565452575683594
Chronos2,2025-07-10 00:00:00+00:00,HB_PAN,2025-07-10 15:00:00+00:00,12.945,27.54259490966797,16.915714263916016,40.85837173461914
Chronos2,2025-07-10 00:00:00+00:00,HB_PAN,2025-07-10 16:00:00+00:00,17.6725,30.41560935974121,18.25354766845703,47.487571716308594
Chronos2,2025-07-10 00:00:00+00:00,HB_PAN,2025-07-10 17:00:00+00:00,19.131666666666664,34.96507263183594,21.52322006225586,54.018333435058594
Chronos2,2025-07-10 00:00:00+00:00,HB_PAN,2025-07-10 18:00:00+00:00,18.04583333333333,39.954933166503906,24.820945739746094,61.73549270629883
Chronos2,2025-07-10 00:00:00+00:00,HB_PAN,2025-07-10 19:00:00+00:00,4.6433333333333335,46.181427001953125,26.986284255981445,75.22164154052734
Chronos2,2025-07-10 00:00:00+00:00,HB_PAN,2025-07-10 20:00:00+00:00,-1.0233333333333332,54.12996292114258,29.239337921142578,92.14015197753906
Chronos2,2025-07-10 00:00:00+00:00,HB_PAN,2025-07-10 21:00:00+00:00,-1.9825,62.02899169921875,29.230405807495117,103.92182922363281
Chronos2,2025-07-10 00:00:00+00:00,HB_PAN,2025-07-10 22:00:00+00:00,-2.433333333333333,66.02591705322266,30.56452178955078,112.61099243164062
Chronos2,2025-07-10 00:00:00+00:00,HB_PAN,2025-07-10 23:00:00+00:00,-2.17,63.77170944213867,30.410310745239258,110.49308776855469
Chronos2,2025-07-10 00:00:00+00:00,LZ_WEST,2025-07-10 00:00:00+00:00,71.97666666666667,61.693260192871094,44.01431655883789,84.58560180664062
Chronos2,2025-07-10 00:00:00+00:00,LZ_WEST,2025-07-10 01:00:00+00:00,100.04583333333332,59.52407455444336,41.5714225769043,83.49543762207031
Chronos2,2025-07-10 00:00:00+00:00,LZ_WEST,2025-07-10 02:00:00+00:00,57.056666666666665,58.55369567871094,40.886234283447266,81.19401550292969
Chronos2,2025-07-10 00:00:00+00:00,LZ_WEST,2025-07-10 03:00:00+00:00,53.34166666666667,53.73878479003906,37.34241485595703,76.92025756835938
Chronos2,2025-07-10 00:00:00+00:00,LZ_WEST,2025-07-10 04:00:00+00:00,47.0925,48.461910247802734,34.29042434692383,70.09894561767578
Chronos2,2025-07-10 00:00:00+00:00,LZ_WEST,2025-07-10 05:00:00+00:00,44.2525,45.907039642333984,31.902780532836914,69.69048309326172
Chronos2,2025-07-10 00:00:00+00:00,LZ_WEST,2025-07-10 06:00:00+00:00,37.910833333333336,43.642391204833984,29.347408294677734,70.82127380371094
Chronos2,2025-07-10 00:00:00+00:00,LZ_WEST,2025-07-10 07:00:00+00:00,31.041666666666668,39.84465026855469,26.91275978088379,69.59335327148438
Chronos2,2025-07-10 00:00:00+00:00,LZ_WEST,2025-07-10 08:00:00+00:00,27.184166666666663,41.02199935913086,24.956642150878906,73.42723846435547
Chronos2,2025-07-10 00:00:00+00:00,LZ_WEST,2025-07-10 09:00:00+00:00,23.645,42.64372253417969,24.871341705322266,78.27468872070312
Chronos2,2025-07-10 00:00:00+00:00,LZ_WEST,2025-07-10 10:00:00+00:00,22.88416666666667,43.12881088256836,24.678142547607422,83.18080139160156
Chronos2,2025-07-10 00:00:00+00:00,LZ_WEST,2025-07-10 11:00:00+00:00,23.855833333333333,45.51781463623047,24.137691497802734,86.69990539550781
Chronos2,2025-07-10 00:00:00+00:00,LZ_WEST,2025-07-10 12:00:00+00:00,21.401666666666667,32.31453323364258,22.540355682373047,68.55546569824219
Chronos2,2025-07-10 00:00:00+00:00,LZ_WEST,2025-07-10 13:00:00+00:00,16.75916666666667,27.47675323486328,21.960054397583008,55.35950469970703
Chronos2,2025-07-10 00:00:00+00:00,LZ_WEST,2025-07-10 14:00:00+00:00,12.325,25.71473503112793,21.889244079589844,51.49553680419922
Chronos2,2025-07-10 00:00:00+00:00,LZ_WEST,2025-07-10 15:00:00+00:00,12.773333333333332,26.928565979003906,22.40823745727539,54.20909881591797
Chronos2,2025-07-10 00:00:00+00:00,LZ_WEST,2025-07-10 16:00:00+00:00,16.249166666666667,30.091415405273438,23.045913696289062,56.37590026855469
Chronos2,2025-07-10 00:00:00+00:00,LZ_WEST,2025-07-10 17:00:00+00:00,17.381666666666664,32.24342346191406,23.198158264160156,57.964046478271484
Chronos2,2025-07-10 00:00:00+00:00,LZ_WEST,2025-07-10 18:00:00+00:00,16.379166666666666,34.00855255126953,23.589309692382812,60.5519905090332
Chronos2,2025-07-10 00:00:00+00:00,LZ_WEST,2025-07-10 19:00:00+00:00,4.735833333333333,37.48779296875,24.625961303710938,66.19410705566406
Chronos2,2025-07-10 00:00:00+00:00,LZ_WEST,2025-07-10 20:00:00+00:00,0.6716666666666667,45.64353561401367,26.84943962097168,80.49690246582031
Chronos2,2025-07-10 00:00:00+00:00,LZ_WEST,2025-07-10 21:00:00+00:00,0.0966666666666666,52.76606369018555,28.43252944946289,89.14741516113281
Chronos2,2025-07-10 00:00:00+00:00,LZ_WEST,2025-07-10 22:00:00+00:00,-0.1733333333333333,55.09596252441406,29.004119873046875,92.12225341796875
Chronos2,2025-07-10 00:00:00+00:00,LZ_WEST,2025-07-10 23:00:00+00:00,0.5325,54.99541473388672,29.454273223876953,92.33367919921875
Chronos2,2025-07-11 00:00:00+00:00,HB_HUBAVG,2025-07-11 00:00:00+00:00,47.80416666666667,19.94019317626953,14.382118225097656,30.15830421447754
Chronos2,2025-07-11 00:00:00+00:00,HB_HUBAVG,2025-07-11 01:00:00+00:00,65.79333333333334,23.93238067626953,15.34300422668457,43.129241943359375
Chronos2,2025-07-11 00:00:00+00:00,HB_HUBAVG,2025-07-11 02:00:00+00:00,32.8125,24.728225708007812,15.411943435668945,44.249977111816406
Chronos2,2025-07-11 00:00:00+00:00,HB_HUBAVG,2025-07-11 03:00:00+00:00,22.199166666666667,22.73526382446289,15.200202941894531,35.19793701171875
Chronos2,2025-07-11 00:00:00+00:00,HB_HUBAVG,2025-07-11 04:00:00+00:00,20.71583333333333,20.942672729492188,15.015382766723633,29.664913177490234
Chronos2,2025-07-11 00:00:00+00:00,HB_HUBAVG,2025-07-11 05:00:00+00:00,21.73583333333333,20.524383544921875,14.668539047241211,27.938724517822266
Chronos2,2025-07-11 00:00:00+00:00,HB_HUBAVG,2025-07-11 06:00:00+00:00,21.890833333333333,20.454456329345703,14.972637176513672,27.06924057006836
Chronos2,2025-07-11 00:00:00+00:00,HB_HUBAVG,2025-07-11 07:00:00+00:00,21.511666666666667,20.06389617919922,14.501022338867188,26.248228073120117
Chronos2,2025-07-11 00:00:00+00:00,HB_HUBAVG,2025-07-11 08:00:00+00:00,22.492500000000003,20.20505142211914,14.437271118164062,26.065410614013672
Chronos2,2025-07-11 00:00:00+00:00,HB_HUBAVG,2025-07-11 09:00:00+00:00,24.153333333333336,20.900331497192383,14.823541641235352,27.89971160888672
Chronos2,2025-07-11 00:00:00+00:00,HB_HUBAVG,2025-07-11 10:00:00+00:00,26.326666666666668,21.373661041259766,15.043983459472656,28.988271713256836
Chronos2,2025-07-11 00:00:00+00:00,HB_HUBAVG,2025-07-11 11:00:00+00:00,26.640833333333333,21.362590789794922,14.759151458740234,29.104236602783203
Chronos2,2025-07-11 00:00:00+00:00,HB_HUBAVG,2025-07-11 12:00:00+00:00,22.093333333333337,20.22415542602539,13.904253005981445,27.489402770996094
Chronos2,2025-07-11 00:00:00+00:00,HB_HUBAVG,2025-07-11 13:00:00+00:00,17.471666666666668,18.64399528503418,12.80795669555664,26.44432830810547
Chronos2,2025-07-11 00:00:00+00:00,HB_HUBAVG,2025-07-11 14:00:00+00:00,12.914166666666668,17.781810760498047,11.89130973815918,25.95795249938965
Chronos2,2025-07-11 00:00:00+00:00,HB_HUBAVG,2025-07-11 15:00:00+00:00,16.814166666666665,17.860458374023438,11.649408340454102,26.754919052124023
Chronos2,2025-07-11 00:00:00+00:00,HB_HUBAVG,2025-07-11 16:00:00+00:00,20.20583333333333,18.052104949951172,10.542282104492188,25.816308975219727
Chronos2,2025-07-11 00:00:00+00:00,HB_HUBAVG,2025-07-11 17:00:00+00:00,30.223333333333333,17.94339370727539,10.173791885375977,26.94916534423828
Chronos2,2025-07-11 00:00:00+00:00,HB_HUBAVG,2025-07-11 18:00:00+00:00,32.59583333333333,17.93486976623535,9.800371170043945,27.926721572875977
Chronos2,2025-07-11 00:00:00+00:00,HB_HUBAVG,2025-07-11 19:00:00+00:00,21.97833333333333,18.098936080932617,9.98084831237793,29.756446838378906
Chronos2,2025-07-11 00:00:00+00:00,HB_HUBAVG,2025-07-11 20:00:00+00:00,26.508333333333336,18.46508026123047,9.563344955444336,33.79486846923828
Chronos2,2025-07-11 00:00:00+00:00,HB_HUBAVG,2025-07-11 21:00:00+00:00,34.25,18.88576889038086,9.05096435546875,38.911312103271484
Chronos2,2025-07-11 00:00:00+00:00,HB_HUBAVG,2025-07-11 22:00:00+00:00,26.81083333333333,19.55293846130371,8.977666854858398,40.186866760253906
Chronos2,2025-07-11 00:00:00+00:00,HB_HUBAVG,2025-07-11 23:00:00+00:00,31.9575,20.31560516357422,9.687179565429688,41.34660339355469
Chronos2,2025-07-11 00:00:00+00:00,HB_PAN,2025-07-11 00:00:00+00:00,37.501666666666665,-3.3697433471679688,-24.16336441040039,19.307750701904297
Chronos2,2025-07-11 00:00:00+00:00,HB_PAN,2025-07-11 01:00:00+00:00,67.26416666666667,1.7347221374511719,-24.742992401123047,36.85419464111328
Chronos2,2025-07-11 00:00:00+00:00,HB_PAN,2025-07-11 02:00:00+00:00,30.3875,4.835090637207031,-23.70062255859375,41.584842681884766
Chronos2,2025-07-11 00:00:00+00:00,HB_PAN,2025-07-11 03:00:00+00:00,15.96,8.727209091186523,-16.880512237548828,37.193912506103516
Chronos2,2025-07-11 00:00:00+00:00,HB_PAN,2025-07-11 04:00:00+00:00,16.787499999999998,12.483942031860352,-8.823226928710938,31.082843780517578
Chronos2,2025-07-11 00:00:00+00:00,HB_PAN,2025-07-11 05:00:00+00:00,21.63416666666667,15.348082542419434,-0.619110107421875,29.512897491455078
Chronos2,2025-07-11 00:00:00+00:00,HB_PAN,2025-07-11 06:00:00+00:00,21.852500000000003,17.412084579467773,4.033519744873047,27.780200958251953
Chronos2,2025-07-11 00:00:00+00:00,HB_PAN,2025-07-11 07:00:00+00:00,21.47083333333333,18.009342193603516,7.73420524597168,26.083694458007812
Chronos2,2025-07-11 00:00:00+00:00,HB_PAN,2025-07-11 08:00:00+00:00,22.44833333333333,19.491247177124023,10.585538864135742,26.061853408813477
Chronos2,2025-07-11 00:00:00+00:00,HB_PAN,2025-07-11 09:00:00+00:00,24.153333333333336,20.882728576660156,12.09173583984375,27.63376235961914
Chronos2,2025-07-11 00:00:00+00:00,HB_PAN,2025-07-11 10:00:00+00:00,26.13,22.313161849975586,13.937873840332031,29.0111083984375
Chronos2,2025-07-11 00:00:00+00:00,HB_PAN,2025-07-11 11:00:00+00:00,25.738333333333333,22.45437240600586,15.223310470581055,29.14543914794922
Chronos2,2025-07-11 00:00:00+00:00,HB_PAN,2025-07-11 12:00:00+00:00,22.093333333333337,20.10395622253418,12.691701889038086,26.735366821289062
Chronos2,2025-07-11 00:00:00+00:00,HB_PAN,2025-07-11 13:00:00+00:00,17.985833333333336,17.681156158447266,9.664493560791016,24.74095916748047
Chronos2,2025-07-11 00:00:00+00:00,HB_PAN,2025-07-11 14:00:00+00:00,13.424166666666666,17.430959701538086,8.430248260498047,25.693145751953125
Chronos2,2025-07-11 00:00:00+00:00,HB_PAN,2025-07-11 15:00:00+00:00,16.290833333333335,18.058086395263672,9.001569747924805,26.02364158630371
Chronos2,2025-07-11 00:00:00+00:00,HB_PAN,2025-07-11 16:00:00+00:00,17.919999999999998,15.802417755126953,2.9708003997802734,25.410247802734375
Chronos2,2025-07-11 00:00:00+00:00,HB_PAN,2025-07-11 17:00:00+00:00,33.315,13.98466682434082,-0.8413429260253906,25.232175827026367
Chronos2,2025-07-11 00:00:00+00:00,HB_PAN,2025-07-11 18:00:00+00:00,38.23416666666667,11.754451751708984,-6.468868255615234,26.17584800720215
Chronos2,2025-07-11 00:00:00+00:00,HB_PAN,2025-07-11 19:00:00+00:00,23.8175,7.772619247436523,-13.066307067871094,28.010997772216797
Chronos2,2025-07-11 00:00:00+00:00,HB_PAN,2025-07-11 20:00:00+00:00,29.06083333333333,5.154449462890625,-19.63870620727539,31.84861946105957
Chronos2,2025-07-11 00:00:00+00:00,HB_PAN,2025-07-11 21:00:00+00:00,39.02333333333333,3.6205806732177734,-23.252056121826172,38.544307708740234
Chronos2,2025-07-11 00:00:00+00:00,HB_PAN,2025-07-11 22:00:00+00:00,31.059166666666663,2.9351024627685547,-24.36330795288086,39.95244598388672
Chronos2,2025-07-11 00:00:00+00:00,HB_PAN,2025-07-11 23:00:00+00:00,34.115833333333335,3.322469711303711,-23.259910583496094,39.22173309326172
Chronos2,2025-07-11 00:00:00+00:00,LZ_WEST,2025-07-11 00:00:00+00:00,39.555,1.6558189392089844,-9.523857116699219,13.899349212646484
Chronos2,2025-07-11 00:00:00+00:00,LZ_WEST,2025-07-11 01:00:00+00:00,67.75333333333333,5.024131774902344,-8.826675415039062,21.648101806640625
Chronos2,2025-07-11 00:00:00+00:00,LZ_WEST,2025-07-11 02:00:00+00:00,36.0025,7.053199768066406,-9.307689666748047,25.43025016784668
Chronos2,2025-07-11 00:00:00+00:00,LZ_WEST,2025-07-11 03:00:00+00:00,26.435,8.444721221923828,-8.829326629638672,27.132774353027344
Chronos2,2025-07-11 00:00:00+00:00,LZ_WEST,2025-07-11 04:00:00+00:00,23.276666666666667,9.796642303466797,-8.541545867919922,28.74947738647461
Chronos2,2025-07-11 00:00:00+00:00,LZ_WEST,2025-07-11 05:00:00+00:00,23.104166666666668,11.013252258300781,-8.769607543945312,30.463558197021484
Chronos2,2025-07-11 00:00:00+00:00,LZ_WEST,2025-07-11 06:00:00+00:00,22.741666666666664,11.310342788696289,-8.474754333496094,30.357059478759766
Chronos2,2025-07-11 00:00:00+00:00,LZ_WEST,2025-07-11 07:00:00+00:00,22.394166666666667,10.730369567871094,-9.348064422607422,30.07837677001953
Chronos2,2025-07-11 00:00:00+00:00,LZ_WEST,2025-07-11 08:00:00+00:00,23.4575,9.759593963623047,-11.130191802978516,30.758174896240234
Chronos2,2025-07-11 00:00:00+00:00,LZ_WEST,2025-07-11 09:00:00+00:00,24.153333333333336,9.662696838378906,-11.467914581298828,30.783767700195312
Chronos2,2025-07-11 00:00:00+00:00,LZ_WEST,2025-07-11 10:00:00+00:00,26.429166666666664,10.272937774658203,-10.623371124267578,31.163660049438477
Chronos2,2025-07-11 00:00:00+00:00,LZ_WEST,2025-07-11 11:00:00+00:00,28.295,11.202510833740234,-9.474872589111328,31.960756301879883
Chronos2,2025-07-11 00:00:00+00:00,LZ_WEST,2025-07-11 12:00:00+00:00,22.093333333333337,11.957719802856445,-6.812980651855469,30.65396499633789
Chronos2,2025-07-11 00:00:00+00:00,LZ_WEST,2025-07-11 13:00:00+00:00,18.160833333333333,12.667142868041992,-5.332118988037109,29.389781951904297
Chronos2,2025-07-11 00:00:00+00:00,LZ_WEST,2025-07-11 14:00:00+00:00,13.593333333333334,14.364337921142578,-3.2490997314453125,29.97928810119629
Chronos2,2025-07-11 00:00:00+00:00,LZ_WEST,2025-07-11 15:00:00+00:00,16.358333333333334,16.930517196655273,-0.232879638671875,31.544349670410156
Chronos2,2025-07-11 00:00:00+00:00,LZ_WEST,2025-07-11 16:00:00+00:00,16.573333333333334,13.824710845947266,-3.159526824951172,27.596284866333008
Chronos2,2025-07-11 00:00:00+00:00,LZ_WEST,2025-07-11 17:00:00+00:00,29.21166666666667,13.171852111816406,-5.083396911621094,27.652721405029297
Chronos2,2025-07-11 00:00:00+00:00,LZ_WEST,2025-07-11 18:00:00+00:00,35.524166666666666,12.088544845581055,-8.60085678100586,28.181110382080078
Chronos2,2025-07-11 00:00:00+00:00,LZ_WEST,2025-07-11 19:00:00+00:00,22.578333333333333,8.65517807006836,-15.105087280273438,30.15258026123047
Chronos2,2025-07-11 00:00:00+00:00,LZ_WEST,2025-07-11 20:00:00+00:00,27.59,6.058021545410156,-22.42962646484375,33.35901641845703
Chronos2,2025-07-11 00:00:00+00:00,LZ_WEST,2025-07-11 21:00:00+00:00,38.27166666666667,3.8892593383789062,-26.327171325683594,36.688087463378906
Chronos2,2025-07-11 00:00:00+00:00,LZ_WEST,2025-07-11 22:00:00+00:00,30.479166666666668,3.0325889587402344,-29.769996643066406,36.91106414794922
Chronos2,2025-07-11 00:00:00+00:00,LZ_WEST,2025-07-11 23:00:00+00:00,34.343333333333334,2.4953231811523438,-28.710838317871094,36.187095642089844
Chronos2,2025-07-12 00:00:00+00:00,HB_HUBAVG,2025-07-12 00:00:00+00:00,59.36833333333333,58.14537048339844,40.62510299682617,77.92051696777344
Chronos2,2025-07-12 00:00:00+00:00,HB_HUBAVG,2025-07-12 01:00:00+00:00,120.38833333333334,65.57485961914062,45.69682693481445,87.6572036743164
Chronos2,2025-07-12 00:00:00+00:00,HB_HUBAVG,2025-07-12 02:00:00+00:00,465.4933333333333,41.14967727661133,29.591901779174805,59.79863357543945
Chronos2,2025-07-12 00:00:00+00:00,HB_HUBAVG,2025-07-12 03:00:00+00:00,37.274166666666666,29.2739315032959,22.34030532836914,39.33347702026367
Chronos2,2025-07-12 00:00:00+00:00,HB_HUBAVG,2025-07-12 04:00:00+00:00,29.138333333333332,25.163829803466797,19.97625732421875,31.84893798828125
Chronos2,2025-07-12 00:00:00+00:00,HB_HUBAVG,2025-07-12 05:00:00+00:00,27.489166666666662,24.80231475830078,20.427207946777344,30.244937896728516
Chronos2,2025-07-12 00:00:00+00:00,HB_HUBAVG,2025-07-12 06:00:00+00:00,28.411666666666665,24.41600227355957,20.490489959716797,29.209985733032227
Chronos2,2025-07-12 00:00:00+00:00,HB_HUBAVG,2025-07-12 07:00:00+00:00,26.894166666666667,23.769306182861328,20.01641845703125,28.391197204589844
Chronos2,2025-07-12 00:00:00+00:00,HB_HUBAVG,2025-07-12 08:00:00+00:00,27.4825,24.079416275024414,19.963638305664062,28.569110870361328
Chronos2,2025-07-12 00:00:00+00:00,HB_HUBAVG,2025-07-12 09:00:00+00:00,44.14333333333334,24.496116638183594,20.462993621826172,29.389148712158203
Chronos2,2025-07-12 00:00:00+00:00,HB_HUBAVG,2025-07-12 10:00:00+00:00,54.5075,25.586925506591797,20.872743606567383,31.08287239074707
Chronos2,2025-07-12 00:00:00+00:00,HB_HUBAVG,2025-07-12 11:00:00+00:00,33.160833333333336,25.33343505859375,20.295663833618164,31.141447067260742
Chronos2,2025-07-12 00:00:00+00:00,HB_HUBAVG,2025-07-12 12:00:00+00:00,28.8175,22.614925384521484,17.686195373535156,28.494651794433594
Chronos2,2025-07-12 00:00:00+00:00,HB_HUBAVG,2025-07-12 13:00:00+00:00,36.4575,19.89051628112793,15.411619186401367,26.354225158691406
Chronos2,2025-07-12 00:00:00+00:00,HB_HUBAVG,2025-07-12 14:00:00+00:00,34.57583333333333,17.691377639770508,13.293828964233398,24.131242752075195
Chronos2,2025-07-12 00:00:00+00:00,HB_HUBAVG,2025-07-12 15:00:00+00:00,36.82083333333333,18.18512725830078,13.61860466003418,26.035476684570312
Chronos2,2025-07-12 00:00:00+00:00,HB_HUBAVG,2025-07-12 16:00:00+00:00,42.87416666666667,20.811601638793945,15.136545181274414,32.24796676635742
Chronos2,2025-07-12 00:00:00+00:00,HB_HUBAVG,2025-07-12 17:00:00+00:00,41.8225,22.89624786376953,15.69243049621582,38.35738754272461
Chronos2,2025-07-12 00:00:00+00:00,HB_HUBAVG,2025-07-12 18:00:00+00:00,46.19083333333333,23.10232925415039,15.266128540039062,41.51548385620117
Chronos2,2025-07-12 00:00:00+00:00,HB_HUBAVG,2025-07-12 19:00:00+00:00,91.3,22.839235305786133,15.162109375,42.02202606201172
Chronos2,2025-07-12 00:00:00+00:00,HB_HUBAVG,2025-07-12 20:00:00+00:00,116.07083333333333,24.671194076538086,15.757713317871094,48.631107330322266
Chronos2,2025-07-12 00:00:00+00:00,HB_HUBAVG,2025-07-12 21:00:00+00:00,76.855,27.661968231201172,16.11560821533203,54.798126220703125
Chronos2,2025-07-12 00:00:00+00:00,HB_HUBAVG,2025-07-12 22:00:00+00:00,106.89166666666668,27.752674102783203,16.253986358642578,56.466529846191406
Chronos2,2025-07-12 00:00:00+00:00,HB_HUBAVG,2025-07-12 23:00:00+00:00,159.7516666666667,30.961383819580078,17.554763793945312,61.18068313598633
Chronos2,2025-07-12 00:00:00+00:00,HB_PAN,2025-07-12 00:00:00+00:00,61.95583333333334,64.5766830444336,32.51175308227539,101.39200592041016
Chronos2,2025-07-12 00:00:00+00:00,HB_PAN,2025-07-12 01:00:00+00:00,123.85666666666668,68.67658233642578,36.141422271728516,108.78510284423828
Chronos2,2025-07-12 00:00:00+00:00,HB_PAN,2025-07-12 02:00:00+00:00,466.8558333333333,44.98686599731445,24.60429573059082,76.18923950195312
Chronos2,2025-07-12 00:00:00+00:00,HB_PAN,2025-07-12 03:00:00+00:00,34.47083333333334,29.170127868652344,16.67828369140625,45.779876708984375
Chronos2,2025-07-12 00:00:00+00:00,HB_PAN,2025-07-12 04:00:00+00:00,21.496666666666663,23.792098999023438,13.514999389648438,34.47048568725586
Chronos2,2025-07-12 00:00:00+00:00,HB_PAN,2025-07-12 05:00:00+00:00,27.063333333333333,24.55632209777832,16.165451049804688,32.527889251708984
Chronos2,2025-07-12 00:00:00+00:00,HB_PAN,2025-07-12 06:00:00+00:00,28.3425,24.439682006835938,16.945852279663086,31.49627113342285
Chronos2,2025-07-12 00:00:00+00:00,HB_PAN,2025-07-12 07:00:00+00:00,25.65083333333333,24.352779388427734,16.92664337158203,31.09619903564453
Chronos2,2025-07-12 00:00:00+00:00,HB_PAN,2025-07-12 08:00:00+00:00,24.42833333333333,24.92494773864746,17.206642150878906,31.624849319458008
Chronos2,2025-07-12 00:00:00+00:00,HB_PAN,2025-07-12 09:00:00+00:00,43.17333333333334,25.583290100097656,17.99453353881836,32.98335266113281
Chronos2,2025-07-12 00:00:00+00:00,HB_PAN,2025-07-12 10:00:00+00:00,57.32,26.244646072387695,18.069494247436523,34.24641799926758
Chronos2,2025-07-12 00:00:00+00:00,HB_PAN,2025-07-12 11:00:00+00:00,33.58583333333333,25.352386474609375,16.534860610961914,33.64653396606445
Chronos2,2025-07-12 00:00:00+00:00,HB_PAN,2025-07-12 12:00:00+00:00,29.164166666666663,23.155014038085938,13.724235534667969,31.859512329101562
Chronos2,2025-07-12 00:00:00+00:00,HB_PAN,2025-07-12 13:00:00+00:00,39.82083333333333,21.378572463989258,11.339860916137695,30.602262496948242
Chronos2,2025-07-12 00:00:00+00:00,HB_PAN,2025-07-12 14:00:00+00:00,36.123333333333335,19.867429733276367,9.416309356689453,30.3779239654541
Chronos2,2025-07-12 00:00:00+00:00,HB_PAN,2025-07-12 15:00:00+00:00,30.58,20.596467971801758,9.746713638305664,32.678436279296875
Chronos2,2025-07-12 00:00:00+00:00,HB_PAN,2025-07-12 16:00:00+00:00,44.83166666666667,23.306333541870117,9.442716598510742,39.19459533691406
Chronos2,2025-07-12 00:00:00+00:00,HB_PAN,2025-07-12 17:00:00+00:00,45.82916666666667,26.138565063476562,10.2236328125,46.68058776855469
Chronos2,2025-07-12 00:00:00+00:00,HB_PAN,2025-07-12 18:00:00+00:00,50.13583333333333,28.424057006835938,9.942670822143555,54.30668640136719
Chronos2,2025-07-12 00:00:00+00:00,HB_PAN,2025-07-12 19:00:00+00:00,99.70333333333332,30.087663650512695,7.91966438293457,61.902740478515625
Chronos2,2025-07-12 00:00:00+00:00,HB_PAN,2025-07-12 20:00:00+00:00,126.53916666666667,33.26433563232422,6.358478546142578,78.84662628173828
Chronos2,2025-07-12 00:00:00+00:00,HB_PAN,2025-07-12 21:00:00+00:00,83.31916666666666,37.701786041259766,6.912694931030273,95.45620727539062
Chronos2,2025-07-12 00:00:00+00:00,HB_PAN,2025-07-12 22:00:00+00:00,116.065,40.06186294555664,6.279474258422852,98.96194458007812
Chronos2,2025-07-12 00:00:00+00:00,HB_PAN,2025-07-12 23:00:00+00:00,176.37833333333333,45.52131271362305,6.274784088134766,107.00334930419922
Chronos2,2025-07-12 00:00:00+00:00,LZ_WEST,2025-07-12 00:00:00+00:00,62.72416666666666,54.78605651855469,33.09669876098633,81.49071502685547
Chronos2,2025-07-12 00:00:00+00:00,LZ_WEST,2025-07-12 01:00:00+00:00,124.94583333333333,59.714988708496094,38.675079345703125,85.68731689453125
Chronos2,2025-07-12 00:00:00+00:00,LZ_WEST,2025-07-12 02:00:00+00:00,467.2533333333334,54.78596115112305,35.16374206542969,80.32208251953125
Chronos2,2025-07-12 00:00:00+00:00,LZ_WEST,2025-07-12 03:00:00+00:00,45.78916666666667,48.46919631958008,31.39559555053711,71.24359893798828
Chronos2,2025-07-12 00:00:00+00:00,LZ_WEST,2025-07-12 04:00:00+00:00,69.21,43.270233154296875,28.900983810424805,62.991676330566406
Chronos2,2025-07-12 00:00:00+00:00,LZ_WEST,2025-07-12 05:00:00+00:00,57.61166666666667,40.96976852416992,28.07840919494629,59.052337646484375
Chronos2,2025-07-12 00:00:00+00:00,LZ_WEST,2025-07-12 06:00:00+00:00,50.42249999999999,38.83682632446289,26.668033599853516,56.41984939575195
Chronos2,2025-07-12 00:00:00+00:00,LZ_WEST,2025-07-12 07:00:00+00:00,54.41333333333333,35.97348403930664,24.082616806030273,55.32957458496094
Chronos2,2025-07-12 00:00:00+00:00,LZ_WEST,2025-07-12 08:00:00+00:00,55.66416666666667,34.32126235961914,21.494125366210938,55.467796325683594
Chronos2,2025-07-12 00:00:00+00:00,LZ_WEST,2025-07-12 09:00:00+00:00,64.94500000000001,33.82693862915039,20.691762924194336,58.641448974609375
Chronos2,2025-07-12 00:00:00+00:00,LZ_WEST,2025-07-12 10:00:00+00:00,66.34666666666666,34.05293273925781,20.171606063842773,59.631591796875
Chronos2,2025-07-12 00:00:00+00:00,LZ_WEST,2025-07-12 11:00:00+00:00,33.729166666666664,33.7318000793457,19.186681747436523,58.446678161621094
Chronos2,2025-07-12 00:00:00+00:00,LZ_WEST,2025-07-12 12:00:00+00:00,29.285,27.808025360107422,15.898042678833008,48.48881149291992
Chronos2,2025-07-12 00:00:00+00:00,LZ_WEST,2025-07-12 13:00:00+00:00,60.4825,23.551162719726562,13.745994567871094,40.8955192565918
Chronos2,2025-07-12 00:00:00+00:00,LZ_WEST,2025-07-12 14:00:00+00:00,85.59250000000002,21.555355072021484,12.097131729125977,37.63064193725586
Chronos2,2025-07-12 00:00:00+00:00,LZ_WEST,2025-07-12 15:00:00+00:00,86.855,22.5196590423584,12.358381271362305,40.36714553833008
Chronos2,2025-07-12 00:00:00+00:00,LZ_WEST,2025-07-12 16:00:00+00:00,54.3575,25.598304748535156,13.177507400512695,44.7815055847168
Chronos2,2025-07-12 00:00:00+00:00,LZ_WEST,2025-07-12 17:00:00+00:00,47.23583333333334,27.51620864868164,13.821100234985352,49.45290756225586
Chronos2,2025-07-12 00:00:00+00:00,LZ_WEST,2025-07-12 18:00:00+00:00,51.13,28.48940658569336,12.702333450317383,55.444358825683594
Chronos2,2025-07-12 00:00:00+00:00,LZ_WEST,2025-07-12 19:00:00+00:00,101.79416666666668,29.562667846679688,9.463418960571289,62.07487106323242
Chronos2,2025-07-12 00:00:00+00:00,LZ_WEST,2025-07-12 20:00:00+00:00,129.22166666666666,32.13642501831055,9.257862091064453,78.43763732910156
Chronos2,2025-07-12 00:00:00+00:00,LZ_WEST,2025-07-12 21:00:00+00:00,84.975,36.18980026245117,9.1131591796875,91.62187194824219
Chronos2,2025-07-12 00:00:00+00:00,LZ_WEST,2025-07-12 22:00:00+00:00,118.3725,38.76393127441406,9.495418548583984,90.32652282714844
Chronos2,2025-07-12 00:00:00+00:00,LZ_WEST,2025-07-12 23:00:00+00:00,179.42083333333335,42.89789581298828,10.968114852905273,90.33084106445312
Chronos2,2025-07-13 00:00:00+00:00,HB_HUBAVG,2025-07-13 00:00:00+00:00,187.59416666666667,132.12966918945312,74.97740936279297,251.61737060546875
Chronos2,2025-07-13 00:00:00+00:00,HB_HUBAVG,2025-07-13 01:00:00+00:00,122.0075,116.50245666503906,59.85932540893555,243.27220153808594
Chronos2,2025-07-13 00:00:00+00:00,HB_HUBAVG,2025-07-13 02:00:00+00:00,101.57083333333333,81.9944076538086,42.87351989746094,194.69732666015625
Chronos2,2025-07-13 00:00:00+00:00,HB_HUBAVG,2025-07-13 03:00:00+00:00,97.15666666666668,53.31291198730469,32.14947509765625,113.69082641601562
Chronos2,2025-07-13 00:00:00+00:00,HB_HUBAVG,2025-07-13 04:00:00+00:00,77.18416666666667,39.75302505493164,25.53506088256836,72.564453125
Chronos2,2025-07-13 00:00:00+00:00,HB_HUBAVG,2025-07-13 05:00:00+00:00,47.36333333333334,35.05376052856445,23.93202018737793,60.613677978515625
Chronos2,2025-07-13 00:00:00+00:00,HB_HUBAVG,2025-07-13 06:00:00+00:00,43.72333333333333,32.94609832763672,23.346620559692383,55.477210998535156
Chronos2,2025-07-13 00:00:00+00:00,HB_HUBAVG,2025-07-13 07:00:00+00:00,42.585,32.3382453918457,22.057723999023438,53.24415588378906
Chronos2,2025-07-13 00:00:00+00:00,HB_HUBAVG,2025-07-13 08:00:00+00:00,36.15833333333333,33.43379592895508,22.61296844482422,55.66973114013672
Chronos2,2025-07-13 00:00:00+00:00,HB_HUBAVG,2025-07-13 09:00:00+00:00,32.333333333333336,35.74668502807617,23.569381713867188,59.8690185546875
Chronos2,2025-07-13 00:00:00+00:00,HB_HUBAVG,2025-07-13 10:00:00+00:00,33.586666666666666,37.60205078125,23.76644515991211,65.23263549804688
Chronos2,2025-07-13 00:00:00+00:00,HB_HUBAVG,2025-07-13 11:00:00+00:00,33.855,36.371761322021484,22.63093376159668,62.1524658203125
Chronos2,2025-07-13 00:00:00+00:00,HB_HUBAVG,2025-07-13 12:00:00+00:00,28.749166666666667,33.68294906616211,21.461013793945312,56.047916412353516
Chronos2,2025-07-13 00:00:00+00:00,HB_HUBAVG,2025-07-13 13:00:00+00:00,23.21583333333333,31.82829475402832,20.32234001159668,53.733856201171875
Chronos2,2025-07-13 00:00:00+00:00,HB_HUBAVG,2025-07-13 14:00:00+00:00,18.1075,31.957475662231445,20.138263702392578,56.9911003112793
Chronos2,2025-07-13 00:00:00+00:00,HB_HUBAVG,2025-07-13 15:00:00+00:00,16.3325,33.80657196044922,20.659259796142578,62.67881774902344
Chronos2,2025-07-13 00:00:00+00:00,HB_HUBAVG,2025-07-13 16:00:00+00:00,19.63416666666667,38.03020095825195,24.578811645507812,72.50079345703125
Chronos2,2025-07-13 00:00:00+00:00,HB_HUBAVG,2025-07-13 17:00:00+00:00,20.836666666666662,40.01612854003906,25.090377807617188,79.09183502197266
Chronos2,2025-07-13 00:00:00+00:00,HB_HUBAVG,2025-07-13 18:00:00+00:00,29.0875,43.91648483276367,26.03412628173828,93.04730224609375
Chronos2,2025-07-13 00:00:00+00:00,HB_HUBAVG,2025-07-13 19:00:00+00:00,45.03666666666666,49.06404113769531,27.39946937561035,109.94630432128906
Chronos2,2025-07-13 00:00:00+00:00,HB_HUBAVG,2025-07-13 20:00:00+00:00,41.27916666666667,56.49651336669922,30.317047119140625,132.03799438476562
Chronos2,2025-07-13 00:00:00+00:00,HB_HUBAVG,2025-07-13 21:00:00+00:00,66.82833333333333,62.86545181274414,31.66266632080078,152.4959259033203
Chronos2,2025-07-13 00:00:00+00:00,HB_HUBAVG,2025-07-13 22:00:00+00:00,66.39999999999999,68.05506134033203,32.96670150756836,175.21649169921875
Chronos2,2025-07-13 00:00:00+00:00,HB_HUBAVG,2025-07-13 23:00:00+00:00,59.25666666666667,74.34553527832031,35.982093811035156,182.5407257080078
Chronos2,2025-07-13 00:00:00+00:00,HB_PAN,2025-07-13 00:00:00+00:00,203.81333333333336,146.55636596679688,78.13839721679688,287.199951171875
Chronos2,2025-07-13 00:00:00+00:00,HB_PAN,2025-07-13 01:00:00+00:00,127.055,128.2963104248047,60.49017333984375,271.4399719238281
Chronos2,2025-07-13 00:00:00+00:00,HB_PAN,2025-07-13 02:00:00+00:00,105.1,85.98114013671875,41.41482925415039,213.46087646484375
Chronos2,2025-07-13 00:00:00+00:00,HB_PAN,2025-07-13 03:00:00+00:00,101.99333333333334,50.972145080566406,28.462966918945312,115.51841735839844
Chronos2,2025-07-13 00:00:00+00:00,HB_PAN,2025-07-13 04:00:00+00:00,82.2475,37.40005111694336,22.078083038330078,71.95336151123047
Chronos2,2025-07-13 00:00:00+00:00,HB_PAN,2025-07-13 05:00:00+00:00,51.32583333333333,34.05650329589844,21.327255249023438,61.85895919799805
Chronos2,2025-07-13 00:00:00+00:00,HB_PAN,2025-07-13 06:00:00+00:00,48.01916666666667,32.65179443359375,21.661544799804688,57.12442398071289
Chronos2,2025-07-13 00:00:00+00:00,HB_PAN,2025-07-13 07:00:00+00:00,45.16416666666667,31.65645980834961,20.142908096313477,54.26607131958008
Chronos2,2025-07-13 00:00:00+00:00,HB_PAN,2025-07-13 08:00:00+00:00,39.80166666666667,33.02899169921875,20.413440704345703,57.800987243652344
Chronos2,2025-07-13 00:00:00+00:00,HB_PAN,2025-07-13 09:00:00+00:00,35.91416666666667,36.55350112915039,21.701602935791016,64.8978271484375
Chronos2,2025-07-13 00:00:00+00:00,HB_PAN,2025-07-13 10:00:00+00:00,36.876666666666665,38.30288314819336,21.350547790527344,71.74209594726562
Chronos2,2025-07-13 00:00:00+00:00,HB_PAN,2025-07-13 11:00:00+00:00,36.68333333333333,35.6139030456543,19.68831443786621,66.03345489501953
Chronos2,2025-07-13 00:00:00+00:00,HB_PAN,2025-07-13 12:00:00+00:00,30.401666666666667,32.78235626220703,17.9605655670166,60.555145263671875
Chronos2,2025-07-13 00:00:00+00:00,HB_PAN,2025-07-13 13:00:00+00:00,23.2825,31.812925338745117,16.887670516967773,60.464229583740234
Chronos2,2025-07-13 00:00:00+00:00,HB_PAN,2025-07-13 14:00:00+00:00,18.526666666666667,32.43638229370117,17.106307983398438,65.01980590820312
Chronos2,2025-07-13 00:00:00+00:00,HB_PAN,2025-07-13 15:00:00+00:00,17.065833333333334,33.8421745300293,17.52482032775879,69.80239868164062
Chronos2,2025-07-13 00:00:00+00:00,HB_PAN,2025-07-13 16:00:00+00:00,20.356666666666666,38.854427337646484,22.096752166748047,81.81669616699219
Chronos2,2025-07-13 00:00:00+00:00,HB_PAN,2025-07-13 17:00:00+00:00,21.2825,42.061790466308594,23.3591365814209,89.97470092773438
Chronos2,2025-07-13 00:00:00+00:00,HB_PAN,2025-07-13 18:00:00+00:00,30.575,47.147796630859375,24.98556137084961,105.00765991210938
Chronos2,2025-07-13 00:00:00+00:00,HB_PAN,2025-07-13 19:00:00+00:00,48.20166666666666,52.55397415161133,25.99850845336914,126.12547302246094
Chronos2,2025-07-13 00:00:00+00:00,HB_PAN,2025-07-13 20:00:00+00:00,44.36666666666667,59.7135124206543,28.844139099121094,151.90550231933594
Chronos2,2025-07-13 00:00:00+00:00,HB_PAN,2025-07-13 21:00:00+00:00,72.63166666666667,67.139892578125,30.624401092529297,171.26116943359375
Chronos2,2025-07-13 00:00:00+00:00,HB_PAN,2025-07-13 22:00:00+00:00,71.45666666666666,72.54843139648438,31.294172286987305,198.71253967285156
Chronos2,2025-07-13 00:00:00+00:00,HB_PAN,2025-07-13 23:00:00+00:00,63.5725,78.44221496582031,33.08562469482422,205.89332580566406
Chronos2,2025-07-13 00:00:00+00:00,LZ_WEST,2025-07-13 00:00:00+00:00,207.7633333333333,126.9002914428711,71.69573974609375,241.53912353515625
Chronos2,2025-07-13 00:00:00+00:00,LZ_WEST,2025-07-13 01:00:00+00:00,128.6675,105.88909149169922,56.95569610595703,212.2531280517578
Chronos2,2025-07-13 00:00:00+00:00,LZ_WEST,2025-07-13 02:00:00+00:00,106.2775,92.01727294921875,49.43162155151367,188.75363159179688
Chronos2,2025-07-13 00:00:00+00:00,LZ_WEST,2025-07-13 03:00:00+00:00,103.47083333333336,79.97654724121094,45.92234802246094,160.92225646972656
Chronos2,2025-07-13 00:00:00+00:00,LZ_WEST,2025-07-13 04:00:00+00:00,89.1325,70.18682861328125,41.58995056152344,138.09507751464844
Chronos2,2025-07-13 00:00:00+00:00,LZ_WEST,2025-07-13 05:00:00+00:00,72.13,63.85782241821289,38.352787017822266,124.54014587402344
Chronos2,2025-07-13 00:00:00+00:00,LZ_WEST,2025-07-13 06:00:00+00:00,84.80083333333333,59.05526351928711,34.800628662109375,117.78761291503906
Chronos2,2025-07-13 00:00:00+00:00,LZ_WEST,2025-07-13 07:00:00+00:00,73.03333333333333,55.25755310058594,31.657428741455078,114.37915802001953
Chronos2,2025-07-13 00:00:00+00:00,LZ_WEST,2025-07-13 08:00:00+00:00,89.89666666666666,53.34200668334961,28.910951614379883,112.1539077758789
Chronos2,2025-07-13 00:00:00+00:00,LZ_WEST,2025-07-13 09:00:00+00:00,85.09583333333333,51.40219497680664,27.680448532104492,110.82410430908203
Chronos2,2025-07-13 00:00:00+00:00,LZ_WEST,2025-07-13 10:00:00+00:00,77.54083333333334,49.08238983154297,25.073110580444336,110.25202178955078
Chronos2,2025-07-13 00:00:00+00:00,LZ_WEST,2025-07-13 11:00:00+00:00,73.97333333333333,46.18034744262695,22.760852813720703,107.77928924560547
Chronos2,2025-07-13 00:00:00+00:00,LZ_WEST,2025-07-13 12:00:00+00:00,53.32416666666666,43.074371337890625,21.592180252075195,101.0880355834961
Chronos2,2025-07-13 00:00:00+00:00,LZ_WEST,2025-07-13 13:00:00+00:00,24.26083333333333,41.22343826293945,20.529842376708984,96.21952819824219
Chronos2,2025-07-13 00:00:00+00:00,LZ_WEST,2025-07-13 14:00:00+00:00,18.704166666666666,40.53180694580078,20.164146423339844,94.80818939208984
Chronos2,2025-07-13 00:00:00+00:00,LZ_WEST,2025-07-13 15:00:00+00:00,17.286666666666665,41.0658073425293,20.233461380004883,94.14344024658203
Chronos2,2025-07-13 00:00:00+00:00,LZ_WEST,2025-07-13 16:00:00+00:00,20.365,42.41464614868164,22.901060104370117,89.00163269042969
Chronos2,2025-07-13 00:00:00+00:00,LZ_WEST,2025-07-13 17:00:00+00:00,20.8825,43.779510498046875,23.120115280151367,92.59732055664062
Chronos2,2025-07-13 00:00:00+00:00,LZ_WEST,2025-07-13 18:00:00+00:00,30.76083333333333,45.77216339111328,23.308637619018555,99.25127410888672
Chronos2,2025-07-13 00:00:00+00:00,LZ_WEST,2025-07-13 19:00:00+00:00,49.035,48.02695846557617,24.25286293029785,106.99544525146484
Chronos2,2025-07-13 00:00:00+00:00,LZ_WEST,2025-07-13 20:00:00+00:00,45.12083333333334,52.582637786865234,25.996530532836914,117.9968032836914
Chronos2,2025-07-13 00:00:00+00:00,LZ_WEST,2025-07-13 21:00:00+00:00,74.89999999999999,57.16035079956055,27.55721092224121,127.3743896484375
Chronos2,2025-07-13 00:00:00+00:00,LZ_WEST,2025-07-13 22:00:00+00:00,72.73833333333333,60.97270965576172,28.87962532043457,138.46978759765625
Chronos2,2025-07-13 00:00:00+00:00,LZ_WEST,2025-07-13 23:00:00+00:00,64.7025,65.27869415283203,31.16193962097168,152.23199462890625
Chronos2,2025-07-14 00:00:00+00:00,HB_HUBAVG,2025-07-14 00:00:00+00:00,56.08833333333334,63.34117126464844,45.15449142456055,89.1314697265625
Chronos2,2025-07-14 00:00:00+00:00,HB_HUBAVG,2025-07-14 01:00:00+00:00,50.105,64.10568237304688,42.684600830078125,95.29269409179688
Chronos2,2025-07-14 00:00:00+00:00,HB_HUBAVG,2025-07-14 02:00:00+00:00,41.681666666666665,54.22462844848633,34.559906005859375,83.67068481445312
Chronos2,2025-07-14 00:00:00+00:00,HB_HUBAVG,2025-07-14 03:00:00+00:00,32.81166666666667,40.528255462646484,26.184654235839844,64.46453094482422
Chronos2,2025-07-14 00:00:00+00:00,HB_HUBAVG,2025-07-14 04:00:00+00:00,30.229166666666668,30.41560935974121,20.147615432739258,46.36705017089844
Chronos2,2025-07-14 00:00:00+00:00,HB_HUBAVG,2025-07-14 05:00:00+00:00,30.37333333333333,27.064197540283203,18.667678833007812,40.053611755371094
Chronos2,2025-07-14 00:00:00+00:00,HB_HUBAVG,2025-07-14 06:00:00+00:00,28.554166666666664,25.972013473510742,18.237552642822266,38.00253677368164
Chronos2,2025-07-14 00:00:00+00:00,HB_HUBAVG,2025-07-14 07:00:00+00:00,27.319166666666664,25.578540802001953,17.62120246887207,36.82457733154297
Chronos2,2025-07-14 00:00:00+00:00,HB_HUBAVG,2025-07-14 08:00:00+00:00,28.435,25.507604598999023,17.586078643798828,35.17555236816406
Chronos2,2025-07-14 00:00:00+00:00,HB_HUBAVG,2025-07-14 09:00:00+00:00,30.011666666666667,26.285226821899414,17.8890380859375,37.508880615234375
Chronos2,2025-07-14 00:00:00+00:00,HB_HUBAVG,2025-07-14 10:00:00+00:00,40.68333333333333,27.01787567138672,17.978654861450195,39.44462585449219
Chronos2,2025-07-14 00:00:00+00:00,HB_HUBAVG,2025-07-14 11:00:00+00:00,48.02,26.70751190185547,16.930484771728516,39.23532485961914
Chronos2,2025-07-14 00:00:00+00:00,HB_HUBAVG,2025-07-14 12:00:00+00:00,38.79666666666667,23.416250228881836,14.987173080444336,35.33010482788086
Chronos2,2025-07-14 00:00:00+00:00,HB_HUBAVG,2025-07-14 13:00:00+00:00,26.65333333333333,20.833086013793945,13.593111038208008,32.00208282470703
Chronos2,2025-07-14 00:00:00+00:00,HB_HUBAVG,2025-07-14 14:00:00+00:00,23.34083333333333,19.38351058959961,12.233413696289062,29.55251693725586
Chronos2,2025-07-14 00:00:00+00:00,HB_HUBAVG,2025-07-14 15:00:00+00:00,21.394166666666667,19.733266830444336,12.205419540405273,31.392375946044922
Chronos2,2025-07-14 00:00:00+00:00,HB_HUBAVG,2025-07-14 16:00:00+00:00,21.731666666666666,22.718698501586914,13.884658813476562,39.57434844970703
Chronos2,2025-07-14 00:00:00+00:00,HB_HUBAVG,2025-07-14 17:00:00+00:00,21.799166666666665,24.345304489135742,14.221061706542969,44.549556732177734
Chronos2,2025-07-14 00:00:00+00:00,HB_HUBAVG,2025-07-14 18:00:00+00:00,22.239166666666662,28.008468627929688,14.87852668762207,54.70771026611328
Chronos2,2025-07-14 00:00:00+00:00,HB_HUBAVG,2025-07-14 19:00:00+00:00,21.261666666666667,32.92023468017578,15.942455291748047,66.26457214355469
Chronos2,2025-07-14 00:00:00+00:00,HB_HUBAVG,2025-07-14 20:00:00+00:00,21.42083333333333,37.59332275390625,18.12009048461914,76.08135986328125
Chronos2,2025-07-14 00:00:00+00:00,HB_HUBAVG,2025-07-14 21:00:00+00:00,25.5475,44.013607025146484,19.34408187866211,88.4577407836914
Chronos2,2025-07-14 00:00:00+00:00,HB_HUBAVG,2025-07-14 22:00:00+00:00,29.77583333333333,47.51966094970703,20.79438591003418,98.74459838867188
Chronos2,2025-07-14 00:00:00+00:00,HB_HUBAVG,2025-07-14 23:00:00+00:00,35.03666666666667,51.40582275390625,23.23812484741211,102.38934326171875
Chronos2,2025-07-14 00:00:00+00:00,HB_PAN,2025-07-14 00:00:00+00:00,58.8325,67.5415267944336,47.36006164550781,95.51091003417969
Chronos2,2025-07-14 00:00:00+00:00,HB_PAN,2025-07-14 01:00:00+00:00,51.62083333333334,67.32807922363281,43.678157806396484,100.53697204589844
Chronos2,2025-07-14 00:00:00+00:00,HB_PAN,2025-07-14 02:00:00+00:00,44.2525,57.67766189575195,35.12064743041992,90.92208862304688
Chronos2,2025-07-14 00:00:00+00:00,HB_PAN,2025-07-14 03:00:00+00:00,35.097500000000004,42.07775115966797,25.2093563079834,70.05975341796875
Chronos2,2025-07-14 00:00:00+00:00,HB_PAN,2025-07-14 04:00:00+00:00,32.055,31.21661376953125,18.188650131225586,50.245845794677734
Chronos2,2025-07-14 00:00:00+00:00,HB_PAN,2025-07-14 05:00:00+00:00,32.410000000000004,28.43387222290039,17.113204956054688,44.46095657348633
Chronos2,2025-07-14 00:00:00+00:00,HB_PAN,2025-07-14 06:00:00+00:00,31.0025,27.722076416015625,17.086082458496094,43.22601318359375
Chronos2,2025-07-14 00:00:00+00:00,HB_PAN,2025-07-14 07:00:00+00:00,30.085833333333337,27.662925720214844,16.8622989654541,42.48155212402344
Chronos2,2025-07-14 00:00:00+00:00,HB_PAN,2025-07-14 08:00:00+00:00,30.739166666666662,27.825817108154297,16.95780372619629,40.23895263671875
Chronos2,2025-07-14 00:00:00+00:00,HB_PAN,2025-07-14 09:00:00+00:00,32.803333333333335,28.916194915771484,17.52564811706543,43.14817428588867
Chronos2,2025-07-14 00:00:00+00:00,HB_PAN,2025-07-14 10:00:00+00:00,42.88333333333333,29.637948989868164,17.1894588470459,45.177215576171875
Chronos2,2025-07-14 00:00:00+00:00,HB_PAN,2025-07-14 11:00:00+00:00,48.88,28.1925106048584,15.586210250854492,43.56275939941406
Chronos2,2025-07-14 00:00:00+00:00,HB_PAN,2025-07-14 12:00:00+00:00,39.79916666666667,24.54744529724121,12.915952682495117,38.97071838378906
Chronos2,2025-07-14 00:00:00+00:00,HB_PAN,2025-07-14 13:00:00+00:00,26.95583333333333,22.12346839904785,11.350309371948242,35.939369201660156
Chronos2,2025-07-14 00:00:00+00:00,HB_PAN,2025-07-14 14:00:00+00:00,23.63,20.657188415527344,10.057373046875,34.37665939331055
Chronos2,2025-07-14 00:00:00+00:00,HB_PAN,2025-07-14 15:00:00+00:00,21.584166666666665,21.059528350830078,9.715965270996094,36.2591438293457
Chronos2,2025-07-14 00:00:00+00:00,HB_PAN,2025-07-14 16:00:00+00:00,21.945833333333336,24.354230880737305,11.117347717285156,43.9444694519043
Chronos2,2025-07-14 00:00:00+00:00,HB_PAN,2025-07-14 17:00:00+00:00,21.805000000000003,26.1611385345459,11.67490005493164,49.38302993774414
Chronos2,2025-07-14 00:00:00+00:00,HB_PAN,2025-07-14 18:00:00+00:00,22.3425,30.13178062438965,12.072267532348633,61.53538131713867
Chronos2,2025-07-14 00:00:00+00:00,HB_PAN,2025-07-14 19:00:00+00:00,21.598333333333333,35.24663162231445,12.942024230957031,74.25758361816406
Chronos2,2025-07-14 00:00:00+00:00,HB_PAN,2025-07-14 20:00:00+00:00,21.764166666666668,40.17070770263672,14.721511840820312,85.64700317382812
Chronos2,2025-07-14 00:00:00+00:00,HB_PAN,2025-07-14 21:00:00+00:00,25.8225,47.25031280517578,16.020763397216797,98.15780639648438
Chronos2,2025-07-14 00:00:00+00:00,HB_PAN,2025-07-14 22:00:00+00:00,30.456666666666667,51.373695373535156,17.097251892089844,110.74192810058594
Chronos2,2025-07-14 00:00:00+00:00,HB_PAN,2025-07-14 23:00:00+00:00,36.01416666666667,55.5015869140625,19.321847915649414,114.57405090332031
Chronos2,2025-07-14 00:00:00+00:00,LZ_WEST,2025-07-14 00:00:00+00:00,59.6675,71.71239471435547,52.72359848022461,97.60842895507812
Chronos2,2025-07-14 00:00:00+00:00,LZ_WEST,2025-07-14 01:00:00+00:00,58.36416666666667,73.153564453125,51.462890625,102.62073516845703
Chronos2,2025-07-14 00:00:00+00:00,LZ_WEST,2025-07-14 02:00:00+00:00,68.66833333333334,69.36285400390625,48.522178649902344,99.432861328125
Chronos2,2025-07-14 00:00:00+00:00,LZ_WEST,2025-07-14 03:00:00+00:00,65.19333333333334,63.868019104003906,42.95983123779297,92.3471450805664
Chronos2,2025-07-14 00:00:00+00:00,LZ_WEST,2025-07-14 04:00:00+00:00,56.91833333333333,56.893165588378906,37.265869140625,85.08372497558594
Chronos2,2025-07-14 00:00:00+00:00,LZ_WEST,2025-07-14 05:00:00+00:00,60.62083333333334,51.948150634765625,32.50341796875,80.72285461425781
Chronos2,2025-07-14 00:00:00+00:00,LZ_WEST,2025-07-14 06:00:00+00:00,65.07666666666667,49.18458557128906,28.813581466674805,80.29560089111328
Chronos2,2025-07-14 00:00:00+00:00,LZ_WEST,2025-07-14 07:00:00+00:00,69.0425,47.008731842041016,25.859296798706055,80.71507263183594
Chronos2,2025-07-14 00:00:00+00:00,LZ_WEST,2025-07-14 08:00:00+00:00,63.61666666666667,47.31510925292969,23.992630004882812,82.83621978759766
Chronos2,2025-07-14 00:00:00+00:00,LZ_WEST,2025-07-14 09:00:00+00:00,72.42666666666666,47.73638153076172,22.918460845947266,84.90664672851562
Chronos2,2025-07-14 00:00:00+00:00,LZ_WEST,2025-07-14 10:00:00+00:00,73.87916666666666,44.64845275878906,20.59258460998535,80.98353576660156
Chronos2,2025-07-14 00:00:00+00:00,LZ_WEST,2025-07-14 11:00:00+00:00,60.830000000000005,40.66105270385742,18.325199127197266,74.38142395019531
Chronos2,2025-07-14 00:00:00+00:00,LZ_WEST,2025-07-14 12:00:00+00:00,53.625,32.413230895996094,13.570388793945312,61.77583312988281
Chronos2,2025-07-14 00:00:00+00:00,LZ_WEST,2025-07-14 13:00:00+00:00,27.104166666666668,26.07443618774414,10.201435089111328,51.65206527709961
Chronos2,2025-07-14 00:00:00+00:00,LZ_WEST,2025-07-14 14:00:00+00:00,23.773333333333337,23.09377098083496,8.518299102783203,47.25901794433594
Chronos2,2025-07-14 00:00:00+00:00,LZ_WEST,2025-07-14 15:00:00+00:00,23.686666666666667,22.434837341308594,7.806980133056641,46.73085021972656
Chronos2,2025-07-14 00:00:00+00:00,LZ_WEST,2025-07-14 16:00:00+00:00,22.23583333333333,26.07660675048828,10.725074768066406,50.179107666015625
Chronos2,2025-07-14 00:00:00+00:00,LZ_WEST,2025-07-14 17:00:00+00:00,21.766666666666666,26.959026336669922,11.302459716796875,52.54140853881836
Chronos2,2025-07-14 00:00:00+00:00,LZ_WEST,2025-07-14 18:00:00+00:00,22.11583333333333,29.900739669799805,11.933246612548828,60.502052307128906
Chronos2,2025-07-14 00:00:00+00:00,LZ_WEST,2025-07-14 19:00:00+00:00,21.191666666666663,33.75654602050781,12.778587341308594,70.54473876953125
Chronos2,2025-07-14 00:00:00+00:00,LZ_WEST,2025-07-14 20:00:00+00:00,21.124166666666667,38.42346954345703,14.457015991210938,81.31554412841797
Chronos2,2025-07-14 00:00:00+00:00,LZ_WEST,2025-07-14 21:00:00+00:00,25.1775,46.37327575683594,17.40462875366211,98.0693359375
Chronos2,2025-07-14 00:00:00+00:00,LZ_WEST,2025-07-14 22:00:00+00:00,30.56,51.40638732910156,20.554214477539062,106.72059631347656
Chronos2,2025-07-14 00:00:00+00:00,LZ_WEST,2025-07-14 23:00:00+00:00,36.315000000000005,56.005821228027344,25.16619300842285,105.83047485351562
Chronos2,2025-07-15 00:00:00+00:00,HB_HUBAVG,2025-07-15 00:00:00+00:00,51.501666666666665,41.483211517333984,31.267719268798828,58.092491149902344
Chronos2,2025-07-15 00:00:00+00:00,HB_HUBAVG,2025-07-15 01:00:00+00:00,60.30916666666667,40.99354934692383,29.38315200805664,60.99962615966797
Chronos2,2025-07-15 00:00:00+00:00,HB_HUBAVG,2025-07-15 02:00:00+00:00,46.9075,35.23478698730469,24.90802574157715,53.433563232421875
Chronos2,2025-07-15 00:00:00+00:00,HB_HUBAVG,2025-07-15 03:00:00+00:00,34.9225,29.789409637451172,21.321514129638672,45.14900588989258
Chronos2,2025-07-15 00:00:00+00:00,HB_HUBAVG,2025-07-15 04:00:00+00:00,32.193333333333335,27.002552032470703,19.448644638061523,40.76236343383789
Chronos2,2025-07-15 00:00:00+00:00,HB_HUBAVG,2025-07-15 05:00:00+00:00,29.02,25.999515533447266,18.654903411865234,38.502586364746094
Chronos2,2025-07-15 00:00:00+00:00,HB_HUBAVG,2025-07-15 06:00:00+00:00,23.8,25.933271408081055,18.712602615356445,38.142677307128906
Chronos2,2025-07-15 00:00:00+00:00,HB_HUBAVG,2025-07-15 07:00:00+00:00,22.6525,25.79537582397461,18.374324798583984,37.443031311035156
Chronos2,2025-07-15 00:00:00+00:00,HB_HUBAVG,2025-07-15 08:00:00+00:00,25.6925,26.60425567626953,18.94294548034668,38.139503479003906
Chronos2,2025-07-15 00:00:00+00:00,HB_HUBAVG,2025-07-15 09:00:00+00:00,24.42,28.821430206298828,20.08621597290039,41.804443359375
Chronos2,2025-07-15 00:00:00+00:00,HB_HUBAVG,2025-07-15 10:00:00+00:00,24.361666666666665,31.234848022460938,20.966522216796875,46.83705520629883
Chronos2,2025-07-15 00:00:00+00:00,HB_HUBAVG,2025-07-15 11:00:00+00:00,24.265833333333333,31.589981079101562,21.122915267944336,48.24201583862305
Chronos2,2025-07-15 00:00:00+00:00,HB_HUBAVG,2025-07-15 12:00:00+00:00,21.60333333333333,28.85854721069336,19.507112503051758,44.22673797607422
Chronos2,2025-07-15 00:00:00+00:00,HB_HUBAVG,2025-07-15 13:00:00+00:00,18.585833333333333,26.155773162841797,17.22909927368164,40.80982971191406
Chronos2,2025-07-15 00:00:00+00:00,HB_HUBAVG,2025-07-15 14:00:00+00:00,15.729166666666666,24.242919921875,16.335521697998047,38.684112548828125
Chronos2,2025-07-15 00:00:00+00:00,HB_HUBAVG,2025-07-15 15:00:00+00:00,14.610833333333332,24.018810272216797,15.64094352722168,39.4515266418457
Chronos2,2025-07-15 00:00:00+00:00,HB_HUBAVG,2025-07-15 16:00:00+00:00,15.8325,26.27434539794922,17.670934677124023,43.82773971557617
Chronos2,2025-07-15 00:00:00+00:00,HB_HUBAVG,2025-07-15 17:00:00+00:00,16.910833333333333,27.167152404785156,17.66822052001953,48.74177932739258
Chronos2,2025-07-15 00:00:00+00:00,HB_HUBAVG,2025-07-15 18:00:00+00:00,17.336666666666666,29.677030563354492,18.00258445739746,57.45460891723633
Chronos2,2025-07-15 00:00:00+00:00,HB_HUBAVG,2025-07-15 19:00:00+00:00,15.578333333333331,33.41739273071289,18.640193939208984,67.59565734863281
Chronos2,2025-07-15 00:00:00+00:00,HB_HUBAVG,2025-07-15 20:00:00+00:00,15.865,37.735389709472656,20.817903518676758,78.66417694091797
Chronos2,2025-07-15 00:00:00+00:00,HB_HUBAVG,2025-07-15 21:00:00+00:00,19.101666666666667,46.21772003173828,23.55046272277832,92.63970947265625
Chronos2,2025-07-15 00:00:00+00:00,HB_HUBAVG,2025-07-15 22:00:00+00:00,18.835833333333333,52.5563850402832,27.192584991455078,104.37041473388672
Chronos2,2025-07-15 00:00:00+00:00,HB_HUBAVG,2025-07-15 23:00:00+00:00,22.47083333333333,55.83580780029297,30.343032836914062,103.45658874511719
Chronos2,2025-07-15 00:00:00+00:00,HB_PAN,2025-07-15 00:00:00+00:00,52.774166666666666,44.022457122802734,31.603843688964844,63.568870544433594
Chronos2,2025-07-15 00:00:00+00:00,HB_PAN,2025-07-15 01:00:00+00:00,57.0825,43.7281494140625,29.55408477783203,66.93037414550781
Chronos2,2025-07-15 00:00:00+00:00,HB_PAN,2025-07-15 02:00:00+00:00,34.781666666666666,37.975677490234375,25.394906997680664,58.72983932495117
Chronos2,2025-07-15 00:00:00+00:00,HB_PAN,2025-07-15 03:00:00+00:00,35.14666666666667,31.138410568237305,20.26304817199707,48.257606506347656
Chronos2,2025-07-15 00:00:00+00:00,HB_PAN,2025-07-15 04:00:00+00:00,33.2475,27.94021224975586,17.849712371826172,43.025146484375
Chronos2,2025-07-15 00:00:00+00:00,HB_PAN,2025-07-15 05:00:00+00:00,29.148333333333337,27.62777328491211,17.849695205688477,41.198482513427734
Chronos2,2025-07-15 00:00:00+00:00,HB_PAN,2025-07-15 06:00:00+00:00,21.7,27.78177833557129,18.40869140625,40.99467468261719
Chronos2,2025-07-15 00:00:00+00:00,HB_PAN,2025-07-15 07:00:00+00:00,20.455,27.68415069580078,18.47532844543457,39.85187911987305
Chronos2,2025-07-15 00:00:00+00:00,HB_PAN,2025-07-15 08:00:00+00:00,12.848333333333334,28.208877563476562,18.507429122924805,40.16291046142578
Chronos2,2025-07-15 00:00:00+00:00,HB_PAN,2025-07-15 09:00:00+00:00,14.71,30.475425720214844,20.059677124023438,44.033226013183594
Chronos2,2025-07-15 00:00:00+00:00,HB_PAN,2025-07-15 10:00:00+00:00,17.62666666666667,32.369422912597656,20.45197105407715,48.3038330078125
Chronos2,2025-07-15 00:00:00+00:00,HB_PAN,2025-07-15 11:00:00+00:00,22.56583333333333,31.4271183013916,19.624534606933594,47.664669036865234
Chronos2,2025-07-15 00:00:00+00:00,HB_PAN,2025-07-15 12:00:00+00:00,21.455,28.83758544921875,17.795927047729492,43.684146881103516
Chronos2,2025-07-15 00:00:00+00:00,HB_PAN,2025-07-15 13:00:00+00:00,18.585833333333333,27.202869415283203,16.041122436523438,42.08388137817383
Chronos2,2025-07-15 00:00:00+00:00,HB_PAN,2025-07-15 14:00:00+00:00,15.77,25.460647583007812,15.054449081420898,40.4598503112793
Chronos2,2025-07-15 00:00:00+00:00,HB_PAN,2025-07-15 15:00:00+00:00,13.972499999999998,24.904037475585938,14.225341796875,40.670196533203125
Chronos2,2025-07-15 00:00:00+00:00,HB_PAN,2025-07-15 16:00:00+00:00,14.780833333333334,27.624515533447266,16.29921531677246,46.254188537597656
Chronos2,2025-07-15 00:00:00+00:00,HB_PAN,2025-07-15 17:00:00+00:00,14.863333333333332,28.99855613708496,16.461881637573242,51.28830337524414
Chronos2,2025-07-15 00:00:00+00:00,HB_PAN,2025-07-15 18:00:00+00:00,10.58,32.01473617553711,17.22201156616211,61.347049713134766
Chronos2,2025-07-15 00:00:00+00:00,HB_PAN,2025-07-15 19:00:00+00:00,7.811666666666666,36.27873611450195,17.887941360473633,74.24309539794922
Chronos2,2025-07-15 00:00:00+00:00,HB_PAN,2025-07-15 20:00:00+00:00,6.65,40.87626647949219,19.276809692382812,87.57354736328125
Chronos2,2025-07-15 00:00:00+00:00,HB_PAN,2025-07-15 21:00:00+00:00,6.984166666666667,49.78002166748047,21.957258224487305,105.38014221191406
Chronos2,2025-07-15 00:00:00+00:00,HB_PAN,2025-07-15 22:00:00+00:00,6.506666666666667,56.58218765258789,25.8175106048584,120.01060485839844
Chronos2,2025-07-15 00:00:00+00:00,HB_PAN,2025-07-15 23:00:00+00:00,7.98,59.24781799316406,28.06554412841797,121.17774963378906
Chronos2,2025-07-15 00:00:00+00:00,LZ_WEST,2025-07-15 00:00:00+00:00,53.205000000000005,44.00292205810547,31.826417922973633,61.743377685546875
Chronos2,2025-07-15 00:00:00+00:00,LZ_WEST,2025-07-15 01:00:00+00:00,66.56916666666666,46.21725082397461,31.347543716430664,67.59566497802734
Chronos2,2025-07-15 00:00:00+00:00,LZ_WEST,2025-07-15 02:00:00+00:00,60.14166666666667,45.86177062988281,29.94635581970215,68.48648071289062
Chronos2,2025-07-15 00:00:00+00:00,LZ_WEST,2025-07-15 03:00:00+00:00,36.28833333333333,43.80910110473633,27.61886215209961,67.25238037109375
Chronos2,2025-07-15 00:00:00+00:00,LZ_WEST,2025-07-15 04:00:00+00:00,34.708333333333336,42.27857208251953,25.829599380493164,65.31218719482422
Chronos2,2025-07-15 00:00:00+00:00,LZ_WEST,2025-07-15 05:00:00+00:00,30.67333333333333,42.36796569824219,24.583784103393555,67.3158187866211
Chronos2,2025-07-15 00:00:00+00:00,LZ_WEST,2025-07-15 06:00:00+00:00,28.2875,43.23220443725586,24.204601287841797,69.61064910888672
Chronos2,2025-07-15 00:00:00+00:00,LZ_WEST,2025-07-15 07:00:00+00:00,26.794166666666666,43.56664276123047,24.245084762573242,70.40809631347656
Chronos2,2025-07-15 00:00:00+00:00,LZ_WEST,2025-07-15 08:00:00+00:00,50.23333333333333,44.406776428222656,23.735916137695312,72.72776794433594
Chronos2,2025-07-15 00:00:00+00:00,LZ_WEST,2025-07-15 09:00:00+00:00,44.81666666666666,45.2352294921875,23.394132614135742,75.36022186279297
Chronos2,2025-07-15 00:00:00+00:00,LZ_WEST,2025-07-15 10:00:00+00:00,36.97166666666667,44.28913116455078,21.812532424926758,75.28597259521484
Chronos2,2025-07-15 00:00:00+00:00,LZ_WEST,2025-07-15 11:00:00+00:00,27.425833333333333,41.698909759521484,20.044452667236328,72.2547378540039
Chronos2,2025-07-15 00:00:00+00:00,LZ_WEST,2025-07-15 12:00:00+00:00,21.809166666666663,35.33332061767578,16.37348175048828,64.23985290527344
Chronos2,2025-07-15 00:00:00+00:00,LZ_WEST,2025-07-15 13:00:00+00:00,18.585833333333333,30.642024993896484,12.611213684082031,57.54322814941406
Chronos2,2025-07-15 00:00:00+00:00,LZ_WEST,2025-07-15 14:00:00+00:00,15.814166666666669,27.462186813354492,10.728946685791016,52.79428482055664
Chronos2,2025-07-15 00:00:00+00:00,LZ_WEST,2025-07-15 15:00:00+00:00,13.431666666666668,26.43222999572754,10.110603332519531,52.18291473388672
Chronos2,2025-07-15 00:00:00+00:00,LZ_WEST,2025-07-15 16:00:00+00:00,13.8025,27.155868530273438,10.878154754638672,52.24521255493164
Chronos2,2025-07-15 00:00:00+00:00,LZ_WEST,2025-07-15 17:00:00+00:00,13.126666666666669,28.08843421936035,11.021560668945312,55.770965576171875
Chronos2,2025-07-15 00:00:00+00:00,LZ_WEST,2025-07-15 18:00:00+00:00,5.379166666666666,30.442569732666016,11.495555877685547,62.79112243652344
Chronos2,2025-07-15 00:00:00+00:00,LZ_WEST,2025-07-15 19:00:00+00:00,1.0933333333333335,33.94044876098633,12.249702453613281,71.1311264038086
Chronos2,2025-07-15 00:00:00+00:00,LZ_WEST,2025-07-15 20:00:00+00:00,-0.0016666666666666,38.58348083496094,13.724411010742188,81.60972595214844
Chronos2,2025-07-15 00:00:00+00:00,LZ_WEST,2025-07-15 21:00:00+00:00,0.6925,45.514461517333984,16.25304412841797,96.54052734375
Chronos2,2025-07-15 00:00:00+00:00,LZ_WEST,2025-07-15 22:00:00+00:00,0.9983333333333334,51.83757400512695,19.08635711669922,108.39749145507812
Chronos2,2025-07-15 00:00:00+00:00,LZ_WEST,2025-07-15 23:00:00+00:00,2.145833333333333,56.1072998046875,22.42658805847168,108.65592956542969
Chronos2,2025-07-16 00:00:00+00:00,HB_HUBAVG,2025-07-16 00:00:00+00:00,35.23916666666667,38.70543670654297,28.984691619873047,56.18659210205078
Chronos2,2025-07-16 00:00:00+00:00,HB_HUBAVG,2025-07-16 01:00:00+00:00,36.18416666666666,51.79181671142578,33.65462112426758,80.80818939208984
Chronos2,2025-07-16 00:00:00+00:00,HB_HUBAVG,2025-07-16 02:00:00+00:00,30.625,39.02052688598633,26.53256607055664,64.8113784790039
Chronos2,2025-07-16 00:00:00+00:00,HB_HUBAVG,2025-07-16 03:00:00+00:00,26.97083333333333,26.318370819091797,19.27342414855957,41.192222595214844
Chronos2,2025-07-16 00:00:00+00:00,HB_HUBAVG,2025-07-16 04:00:00+00:00,21.723333333333333,24.16579818725586,18.45575523376465,36.49864196777344
Chronos2,2025-07-16 00:00:00+00:00,HB_HUBAVG,2025-07-16 05:00:00+00:00,20.549166666666668,23.502010345458984,18.27858543395996,34.109378814697266
Chronos2,2025-07-16 00:00:00+00:00,HB_HUBAVG,2025-07-16 06:00:00+00:00,19.83,23.06926918029785,18.20016860961914,32.774627685546875
Chronos2,2025-07-16 00:00:00+00:00,HB_HUBAVG,2025-07-16 07:00:00+00:00,19.475,22.87336540222168,17.478229522705078,32.04977035522461
Chronos2,2025-07-16 00:00:00+00:00,HB_HUBAVG,2025-07-16 08:00:00+00:00,19.719166666666663,23.246906280517578,17.491985321044922,33.34852600097656
Chronos2,2025-07-16 00:00:00+00:00,HB_HUBAVG,2025-07-16 09:00:00+00:00,20.0375,24.64339828491211,18.159076690673828,36.04476547241211
Chronos2,2025-07-16 00:00:00+00:00,HB_HUBAVG,2025-07-16 10:00:00+00:00,20.605,25.50733757019043,18.61639976501465,38.518760681152344
Chronos2,2025-07-16 00:00:00+00:00,HB_HUBAVG,2025-07-16 11:00:00+00:00,21.109166666666667,25.300540924072266,18.00143814086914,38.603973388671875
Chronos2,2025-07-16 00:00:00+00:00,HB_HUBAVG,2025-07-16 12:00:00+00:00,19.279166666666665,23.07917594909668,16.35993003845215,35.79963302612305
Chronos2,2025-07-16 00:00:00+00:00,HB_HUBAVG,2025-07-16 13:00:00+00:00,13.524166666666666,20.13188362121582,14.80679702758789,33.57066345214844
Chronos2,2025-07-16 00:00:00+00:00,HB_HUBAVG,2025-07-16 14:00:00+00:00,9.8175,18.460315704345703,13.546613693237305,32.89842224121094
Chronos2,2025-07-16 00:00:00+00:00,HB_HUBAVG,2025-07-16 15:00:00+00:00,10.161666666666669,18.777088165283203,13.466890335083008,36.181297302246094
Chronos2,2025-07-16 00:00:00+00:00,HB_HUBAVG,2025-07-16 16:00:00+00:00,14.85,20.04541015625,13.01069450378418,42.000850677490234
Chronos2,2025-07-16 00:00:00+00:00,HB_HUBAVG,2025-07-16 17:00:00+00:00,17.901666666666667,20.948299407958984,13.193456649780273,48.73934555053711
Chronos2,2025-07-16 00:00:00+00:00,HB_HUBAVG,2025-07-16 18:00:00+00:00,22.52916666666667,22.02158546447754,12.558412551879883,54.93181610107422
Chronos2,2025-07-16 00:00:00+00:00,HB_HUBAVG,2025-07-16 19:00:00+00:00,20.594166666666663,21.57435417175293,12.805244445800781,57.921295166015625
Chronos2,2025-07-16 00:00:00+00:00,HB_HUBAVG,2025-07-16 20:00:00+00:00,19.159166666666668,23.69769859313965,13.010066986083984,67.02877044677734
Chronos2,2025-07-16 00:00:00+00:00,HB_HUBAVG,2025-07-16 21:00:00+00:00,20.031666666666663,26.795528411865234,13.521507263183594,74.29786682128906
Chronos2,2025-07-16 00:00:00+00:00,HB_HUBAVG,2025-07-16 22:00:00+00:00,19.91333333333333,28.993511199951172,14.794782638549805,77.12425231933594
Chronos2,2025-07-16 00:00:00+00:00,HB_HUBAVG,2025-07-16 23:00:00+00:00,25.3775,33.18099594116211,16.835474014282227,81.49960327148438
Chronos2,2025-07-16 00:00:00+00:00,HB_PAN,2025-07-16 00:00:00+00:00,21.550833333333333,20.36890411376953,8.274715423583984,42.784584045410156
Chronos2,2025-07-16 00:00:00+00:00,HB_PAN,2025-07-16 01:00:00+00:00,35.65,34.114559173583984,10.138813018798828,75.01168823242188
Chronos2,2025-07-16 00:00:00+00:00,HB_PAN,2025-07-16 02:00:00+00:00,30.477500000000003,26.929256439208984,8.887779235839844,62.741737365722656
Chronos2,2025-07-16 00:00:00+00:00,HB_PAN,2025-07-16 03:00:00+00:00,27.155,17.600488662719727,4.769359588623047,38.27577590942383
Chronos2,2025-07-16 00:00:00+00:00,HB_PAN,2025-07-16 04:00:00+00:00,21.335,16.134220123291016,4.7200775146484375,33.47044372558594
Chronos2,2025-07-16 00:00:00+00:00,HB_PAN,2025-07-16 05:00:00+00:00,20.44666666666667,16.54233169555664,5.13983154296875,31.79562759399414
Chronos2,2025-07-16 00:00:00+00:00,HB_PAN,2025-07-16 06:00:00+00:00,19.8125,16.374649047851562,5.372169494628906,30.33772087097168
Chronos2,2025-07-16 00:00:00+00:00,HB_PAN,2025-07-16 07:00:00+00:00,19.34,16.154544830322266,4.644397735595703,29.48089599609375
Chronos2,2025-07-16 00:00:00+00:00,HB_PAN,2025-07-16 08:00:00+00:00,19.731666666666666,16.6734619140625,4.70684814453125,29.9871826171875
Chronos2,2025-07-16 00:00:00+00:00,HB_PAN,2025-07-16 09:00:00+00:00,20.05666666666667,18.575042724609375,5.3763275146484375,34.76874542236328
Chronos2,2025-07-16 00:00:00+00:00,HB_PAN,2025-07-16 10:00:00+00:00,20.624166666666667,19.509475708007812,6.197582244873047,37.048397064208984
Chronos2,2025-07-16 00:00:00+00:00,HB_PAN,2025-07-16 11:00:00+00:00,21.12833333333333,19.46210289001465,6.079185485839844,35.483333587646484
Chronos2,2025-07-16 00:00:00+00:00,HB_PAN,2025-07-16 12:00:00+00:00,19.296666666666667,18.716272354125977,5.658638000488281,34.44099426269531
Chronos2,2025-07-16 00:00:00+00:00,HB_PAN,2025-07-16 13:00:00+00:00,13.2025,17.403575897216797,4.163646697998047,33.86931228637695
Chronos2,2025-07-16 00:00:00+00:00,HB_PAN,2025-07-16 14:00:00+00:00,6.515833333333333,15.920019149780273,3.383819580078125,35.296470642089844
Chronos2,2025-07-16 00:00:00+00:00,HB_PAN,2025-07-16 15:00:00+00:00,5.418333333333333,16.417383193969727,2.8774642944335938,38.94475555419922
Chronos2,2025-07-16 00:00:00+00:00,HB_PAN,2025-07-16 16:00:00+00:00,9.279166666666669,15.829858779907227,1.0527381896972656,40.058197021484375
Chronos2,2025-07-16 00:00:00+00:00,HB_PAN,2025-07-16 17:00:00+00:00,12.506666666666666,16.250425338745117,0.030567169189453125,47.74134063720703
Chronos2,2025-07-16 00:00:00+00:00,HB_PAN,2025-07-16 18:00:00+00:00,16.87666666666667,16.4489688873291,-2.134021759033203,56.925880432128906
Chronos2,2025-07-16 00:00:00+00:00,HB_PAN,2025-07-16 19:00:00+00:00,13.1275,15.26401138305664,-4.437801361083984,65.27294921875
Chronos2,2025-07-16 00:00:00+00:00,HB_PAN,2025-07-16 20:00:00+00:00,12.595,15.686832427978516,-5.731147766113281,79.9316635131836
Chronos2,2025-07-16 00:00:00+00:00,HB_PAN,2025-07-16 21:00:00+00:00,12.203333333333331,17.51161766052246,-6.205207824707031,92.08380126953125
Chronos2,2025-07-16 00:00:00+00:00,HB_PAN,2025-07-16 22:00:00+00:00,11.321666666666664,19.502744674682617,-5.999553680419922,94.11668395996094
Chronos2,2025-07-16 00:00:00+00:00,HB_PAN,2025-07-16 23:00:00+00:00,12.808333333333332,23.826202392578125,-3.7629928588867188,95.2855224609375
Chronos2,2025-07-16 00:00:00+00:00,LZ_WEST,2025-07-16 00:00:00+00:00,15.560833333333331,16.76407241821289,2.0946197509765625,41.80546188354492
Chronos2,2025-07-16 00:00:00+00:00,LZ_WEST,2025-07-16 01:00:00+00:00,36.024166666666666,36.28981399536133,9.612403869628906,75.6400146484375
Chronos2,2025-07-16 00:00:00+00:00,LZ_WEST,2025-07-16 02:00:00+00:00,32.755833333333335,30.295494079589844,7.700962066650391,68.52545166015625
Chronos2,2025-07-16 00:00:00+00:00,LZ_WEST,2025-07-16 03:00:00+00:00,31.8375,21.589529037475586,3.2995223999023438,50.4985237121582
Chronos2,2025-07-16 00:00:00+00:00,LZ_WEST,2025-07-16 04:00:00+00:00,28.07333333333333,20.865978240966797,3.507518768310547,46.51972961425781
Chronos2,2025-07-16 00:00:00+00:00,LZ_WEST,2025-07-16 05:00:00+00:00,22.86,21.813180923461914,4.8785400390625,45.901702880859375
Chronos2,2025-07-16 00:00:00+00:00,LZ_WEST,2025-07-16 06:00:00+00:00,19.6675,21.844316482543945,5.500659942626953,44.419883728027344
Chronos2,2025-07-16 00:00:00+00:00,LZ_WEST,2025-07-16 07:00:00+00:00,19.57,22.408113479614258,5.335788726806641,45.459442138671875
Chronos2,2025-07-16 00:00:00+00:00,LZ_WEST,2025-07-16 08:00:00+00:00,19.601666666666667,24.69984245300293,4.958522796630859,52.18429183959961
Chronos2,2025-07-16 00:00:00+00:00,LZ_WEST,2025-07-16 09:00:00+00:00,19.7875,26.22513198852539,5.2414093017578125,54.82175827026367
Chronos2,2025-07-16 00:00:00+00:00,LZ_WEST,2025-07-16 10:00:00+00:00,20.3575,25.843191146850586,5.237232208251953,54.50490188598633
Chronos2,2025-07-16 00:00:00+00:00,LZ_WEST,2025-07-16 11:00:00+00:00,20.86583333333333,24.929481506347656,4.198017120361328,54.31089782714844
Chronos2,2025-07-16 00:00:00+00:00,LZ_WEST,2025-07-16 12:00:00+00:00,19.025,23.13351058959961,3.4436874389648438,52.05195236206055
Chronos2,2025-07-16 00:00:00+00:00,LZ_WEST,2025-07-16 13:00:00+00:00,12.770833333333334,19.755746841430664,0.3146514892578125,48.05632019042969
Chronos2,2025-07-16 00:00:00+00:00,LZ_WEST,2025-07-16 14:00:00+00:00,4.159166666666667,17.49056625366211,-0.8254890441894531,46.29973220825195
Chronos2,2025-07-16 00:00:00+00:00,LZ_WEST,2025-07-16 15:00:00+00:00,1.5775,17.957965850830078,-1.0640335083007812,48.76206970214844
Chronos2,2025-07-16 00:00:00+00:00,LZ_WEST,2025-07-16 16:00:00+00:00,3.543333333333333,16.619413375854492,-2.2869529724121094,46.97150421142578
Chronos2,2025-07-16 00:00:00+00:00,LZ_WEST,2025-07-16 17:00:00+00:00,7.010833333333333,16.780366897583008,-3.3232421875,52.44352722167969
Chronos2,2025-07-16 00:00:00+00:00,LZ_WEST,2025-07-16 18:00:00+00:00,10.243333333333334,15.764419555664062,-6.740669250488281,59.99699401855469
Chronos2,2025-07-16 00:00:00+00:00,LZ_WEST,2025-07-16 19:00:00+00:00,5.163333333333333,13.474739074707031,-9.430072784423828,66.14427185058594
Chronos2,2025-07-16 00:00:00+00:00,LZ_WEST,2025-07-16 20:00:00+00:00,5.17,13.958179473876953,-11.532779693603516,74.5159912109375
Chronos2,2025-07-16 00:00:00+00:00,LZ_WEST,2025-07-16 21:00:00+00:00,4.309166666666667,15.875255584716797,-12.820335388183594,84.28827667236328
Chronos2,2025-07-16 00:00:00+00:00,LZ_WEST,2025-07-16 22:00:00+00:00,3.2533333333333334,17.27333641052246,-12.928794860839844,86.7899169921875
Chronos2,2025-07-16 00:00:00+00:00,LZ_WEST,2025-07-16 23:00:00+00:00,5.653333333333333,21.22456169128418,-9.988410949707031,90.44476318359375
Chronos2,2025-07-17 00:00:00+00:00,HB_HUBAVG,2025-07-17 00:00:00+00:00,34.74333333333333,41.54583740234375,31.68697738647461,62.06591033935547
Chronos2,2025-07-17 00:00:00+00:00,HB_HUBAVG,2025-07-17 01:00:00+00:00,42.1675,48.60625457763672,36.800926208496094,74.09335327148438
Chronos2,2025-07-17 00:00:00+00:00,HB_HUBAVG,2025-07-17 02:00:00+00:00,36.3775,36.50531768798828,27.4460506439209,56.402976989746094
Chronos2,2025-07-17 00:00:00+00:00,HB_HUBAVG,2025-07-17 03:00:00+00:00,31.80333333333333,26.326509475708008,20.773250579833984,37.45691680908203
Chronos2,2025-07-17 00:00:00+00:00,HB_HUBAVG,2025-07-17 04:00:00+00:00,27.765833333333333,23.180370330810547,19.29047203063965,31.260761260986328
Chronos2,2025-07-17 00:00:00+00:00,HB_HUBAVG,2025-07-17 05:00:00+00:00,25.57166666666667,22.371517181396484,19.02800750732422,28.81609344482422
Chronos2,2025-07-17 00:00:00+00:00,HB_HUBAVG,2025-07-17 06:00:00+00:00,24.86083333333333,21.796077728271484,18.704065322875977,27.517154693603516
Chronos2,2025-07-17 00:00:00+00:00,HB_HUBAVG,2025-07-17 07:00:00+00:00,23.125,21.55632781982422,18.642194747924805,26.76906967163086
Chronos2,2025-07-17 00:00:00+00:00,HB_HUBAVG,2025-07-17 08:00:00+00:00,24.227500000000003,21.930591583251953,18.606639862060547,26.474952697753906
Chronos2,2025-07-17 00:00:00+00:00,HB_HUBAVG,2025-07-17 09:00:00+00:00,24.454166666666666,22.599987030029297,19.42684555053711,28.033950805664062
Chronos2,2025-07-17 00:00:00+00:00,HB_HUBAVG,2025-07-17 10:00:00+00:00,24.3825,23.337688446044922,19.5333251953125,29.404876708984375
Chronos2,2025-07-17 00:00:00+00:00,HB_HUBAVG,2025-07-17 11:00:00+00:00,24.988333333333333,23.387489318847656,19.086795806884766,29.859756469726562
Chronos2,2025-07-17 00:00:00+00:00,HB_HUBAVG,2025-07-17 12:00:00+00:00,21.645,19.922086715698242,16.054594039916992,26.218297958374023
Chronos2,2025-07-17 00:00:00+00:00,HB_HUBAVG,2025-07-17 13:00:00+00:00,18.191666666666663,15.99583625793457,12.53697395324707,22.3024845123291
Chronos2,2025-07-17 00:00:00+00:00,HB_HUBAVG,2025-07-17 14:00:00+00:00,18.11,13.661684036254883,10.457406997680664,20.277538299560547
Chronos2,2025-07-17 00:00:00+00:00,HB_HUBAVG,2025-07-17 15:00:00+00:00,19.4525,13.969184875488281,10.792821884155273,20.03433609008789
Chronos2,2025-07-17 00:00:00+00:00,HB_HUBAVG,2025-07-17 16:00:00+00:00,22.85333333333333,17.538780212402344,13.787910461425781,25.405458450317383
Chronos2,2025-07-17 00:00:00+00:00,HB_HUBAVG,2025-07-17 17:00:00+00:00,26.021666666666665,19.91522216796875,15.840662002563477,29.546646118164062
Chronos2,2025-07-17 00:00:00+00:00,HB_HUBAVG,2025-07-17 18:00:00+00:00,26.831666666666667,21.450702667236328,16.42563247680664,32.5804328918457
Chronos2,2025-07-17 00:00:00+00:00,HB_HUBAVG,2025-07-17 19:00:00+00:00,26.473333333333333,20.521028518676758,16.172956466674805,32.85078048706055
Chronos2,2025-07-17 00:00:00+00:00,HB_HUBAVG,2025-07-17 20:00:00+00:00,22.3875,20.353012084960938,15.275970458984375,37.458251953125
Chronos2,2025-07-17 00:00:00+00:00,HB_HUBAVG,2025-07-17 21:00:00+00:00,20.063333333333333,20.94673728942871,14.88298225402832,42.65746307373047
Chronos2,2025-07-17 00:00:00+00:00,HB_HUBAVG,2025-07-17 22:00:00+00:00,20.6025,20.996685028076172,14.474273681640625,47.4276123046875
Chronos2,2025-07-17 00:00:00+00:00,HB_HUBAVG,2025-07-17 23:00:00+00:00,25.61,24.45166015625,15.873907089233398,61.10155487060547
Chronos2,2025-07-17 00:00:00+00:00,HB_PAN,2025-07-17 00:00:00+00:00,23.5175,28.609268188476562,15.81793212890625,62.59737014770508
Chronos2,2025-07-17 00:00:00+00:00,HB_PAN,2025-07-17 01:00:00+00:00,41.6575,44.01982116699219,22.412748336791992,81.3556137084961
Chronos2,2025-07-17 00:00:00+00:00,HB_PAN,2025-07-17 02:00:00+00:00,36.16,32.27629470825195,18.755176544189453,60.517730712890625
Chronos2,2025-07-17 00:00:00+00:00,HB_PAN,2025-07-17 03:00:00+00:00,30.261666666666667,21.736568450927734,13.089666366577148,35.69050979614258
Chronos2,2025-07-17 00:00:00+00:00,HB_PAN,2025-07-17 04:00:00+00:00,25.889166666666668,19.791259765625,13.073892593383789,29.289581298828125
Chronos2,2025-07-17 00:00:00+00:00,HB_PAN,2025-07-17 05:00:00+00:00,24.666666666666668,20.122676849365234,14.403059005737305,27.75197410583496
Chronos2,2025-07-17 00:00:00+00:00,HB_PAN,2025-07-17 06:00:00+00:00,23.618333333333336,20.246240615844727,15.191902160644531,26.75548553466797
Chronos2,2025-07-17 00:00:00+00:00,HB_PAN,2025-07-17 07:00:00+00:00,22.48,20.621524810791016,15.379621505737305,26.82118797302246
Chronos2,2025-07-17 00:00:00+00:00,HB_PAN,2025-07-17 08:00:00+00:00,23.0775,20.444686889648438,14.665931701660156,26.239147186279297
Chronos2,2025-07-17 00:00:00+00:00,HB_PAN,2025-07-17 09:00:00+00:00,23.29083333333333,21.64361000061035,15.817638397216797,28.189416885375977
Chronos2,2025-07-17 00:00:00+00:00,HB_PAN,2025-07-17 10:00:00+00:00,23.3025,22.937915802001953,16.579614639282227,30.07417869567871
Chronos2,2025-07-17 00:00:00+00:00,HB_PAN,2025-07-17 11:00:00+00:00,24.145,22.607196807861328,15.75743293762207,30.342529296875
Chronos2,2025-07-17 00:00:00+00:00,HB_PAN,2025-07-17 12:00:00+00:00,21.416666666666668,19.972572326660156,13.113250732421875,27.615964889526367
Chronos2,2025-07-17 00:00:00+00:00,HB_PAN,2025-07-17 13:00:00+00:00,18.21583333333333,15.999231338500977,8.722240447998047,23.902145385742188
Chronos2,2025-07-17 00:00:00+00:00,HB_PAN,2025-07-17 14:00:00+00:00,18.139166666666668,12.622516632080078,5.481731414794922,22.558063507080078
Chronos2,2025-07-17 00:00:00+00:00,HB_PAN,2025-07-17 15:00:00+00:00,19.4625,12.755167007446289,5.3577423095703125,23.08130645751953
Chronos2,2025-07-17 00:00:00+00:00,HB_PAN,2025-07-17 16:00:00+00:00,22.785,15.790206909179688,8.247875213623047,27.05156898498535
Chronos2,2025-07-17 00:00:00+00:00,HB_PAN,2025-07-17 17:00:00+00:00,25.995833333333337,16.68027687072754,7.8179168701171875,30.554044723510742
Chronos2,2025-07-17 00:00:00+00:00,HB_PAN,2025-07-17 18:00:00+00:00,28.025,16.519611358642578,6.088222503662109,35.35493087768555
Chronos2,2025-07-17 00:00:00+00:00,HB_PAN,2025-07-17 19:00:00+00:00,27.39333333333333,14.230958938598633,3.0347518920898438,40.05024337768555
Chronos2,2025-07-17 00:00:00+00:00,HB_PAN,2025-07-17 20:00:00+00:00,19.836666666666662,13.021602630615234,0.8192024230957031,47.689510345458984
Chronos2,2025-07-17 00:00:00+00:00,HB_PAN,2025-07-17 21:00:00+00:00,12.638333333333334,12.75648307800293,-1.1988945007324219,62.287391662597656
Chronos2,2025-07-17 00:00:00+00:00,HB_PAN,2025-07-17 22:00:00+00:00,11.3825,12.621793746948242,-2.613628387451172,73.45051574707031
Chronos2,2025-07-17 00:00:00+00:00,HB_PAN,2025-07-17 23:00:00+00:00,13.425,14.410829544067383,-1.4421615600585938,79.58390808105469
Chronos2,2025-07-17 00:00:00+00:00,LZ_WEST,2025-07-17 00:00:00+00:00,17.32166666666667,23.399051666259766,10.296951293945312,53.21863555908203
Chronos2,2025-07-17 00:00:00+00:00,LZ_WEST,2025-07-17 01:00:00+00:00,43.2375,43.232845306396484,23.36736297607422,74.94632720947266
Chronos2,2025-07-17 00:00:00+00:00,LZ_WEST,2025-07-17 02:00:00+00:00,45.72583333333333,35.85612106323242,21.02916717529297,60.21466827392578
Chronos2,2025-07-17 00:00:00+00:00,LZ_WEST,2025-07-17 03:00:00+00:00,46.50666666666667,27.92752456665039,17.62017250061035,44.62181091308594
Chronos2,2025-07-17 00:00:00+00:00,LZ_WEST,2025-07-17 04:00:00+00:00,42.7275,25.63058853149414,16.787546157836914,39.07896041870117
Chronos2,2025-07-17 00:00:00+00:00,LZ_WEST,2025-07-17 05:00:00+00:00,42.498333333333335,24.471254348754883,16.7442684173584,35.90751647949219
Chronos2,2025-07-17 00:00:00+00:00,LZ_WEST,2025-07-17 06:00:00+00:00,42.40583333333333,23.326740264892578,15.787651062011719,34.75634765625
Chronos2,2025-07-17 00:00:00+00:00,LZ_WEST,2025-07-17 07:00:00+00:00,35.49,22.469865798950195,14.624114990234375,34.2889404296875
Chronos2,2025-07-17 00:00:00+00:00,LZ_WEST,2025-07-17 08:00:00+00:00,51.53416666666666,22.77740478515625,13.723405838012695,36.63603210449219
Chronos2,2025-07-17 00:00:00+00:00,LZ_WEST,2025-07-17 09:00:00+00:00,52.28833333333333,23.234888076782227,14.166101455688477,36.82052230834961
Chronos2,2025-07-17 00:00:00+00:00,LZ_WEST,2025-07-17 10:00:00+00:00,50.2325,23.521203994750977,14.383590698242188,36.685211181640625
Chronos2,2025-07-17 00:00:00+00:00,LZ_WEST,2025-07-17 11:00:00+00:00,45.11083333333334,22.426965713500977,13.375175476074219,34.99933624267578
Chronos2,2025-07-17 00:00:00+00:00,LZ_WEST,2025-07-17 12:00:00+00:00,27.275,19.42629623413086,10.63079833984375,31.81972312927246
Chronos2,2025-07-17 00:00:00+00:00,LZ_WEST,2025-07-17 13:00:00+00:00,18.0425,15.240154266357422,6.265117645263672,28.216167449951172
Chronos2,2025-07-17 00:00:00+00:00,LZ_WEST,2025-07-17 14:00:00+00:00,17.9975,11.736726760864258,3.199901580810547,27.51616096496582
Chronos2,2025-07-17 00:00:00+00:00,LZ_WEST,2025-07-17 15:00:00+00:00,19.471666666666668,11.219532012939453,2.4119300842285156,28.645648956298828
Chronos2,2025-07-17 00:00:00+00:00,LZ_WEST,2025-07-17 16:00:00+00:00,22.6925,11.83510971069336,2.7457008361816406,29.264404296875
Chronos2,2025-07-17 00:00:00+00:00,LZ_WEST,2025-07-17 17:00:00+00:00,25.885,12.286642074584961,2.4994850158691406,30.953899383544922
Chronos2,2025-07-17 00:00:00+00:00,LZ_WEST,2025-07-17 18:00:00+00:00,27.251666666666665,11.568592071533203,0.97650146484375,33.15614318847656
Chronos2,2025-07-17 00:00:00+00:00,LZ_WEST,2025-07-17 19:00:00+00:00,26.7475,8.475543975830078,-2.3786392211914062,33.35099792480469
Chronos2,2025-07-17 00:00:00+00:00,LZ_WEST,2025-07-17 20:00:00+00:00,17.153333333333332,6.037609100341797,-5.089786529541016,38.082149505615234
Chronos2,2025-07-17 00:00:00+00:00,LZ_WEST,2025-07-17 21:00:00+00:00,6.265,5.5032958984375,-6.546344757080078,45.9393424987793
Chronos2,2025-07-17 00:00:00+00:00,LZ_WEST,2025-07-17 22:00:00+00:00,3.943333333333333,4.760669708251953,-7.795345306396484,51.42852020263672
Chronos2,2025-07-17 00:00:00+00:00,LZ_WEST,2025-07-17 23:00:00+00:00,5.685,6.364246368408203,-7.389610290527344,55.645721435546875
Chronos2,2025-07-18 00:00:00+00:00,HB_HUBAVG,2025-07-18 00:00:00+00:00,45.35666666666666,36.419551849365234,31.608123779296875,43.87000274658203
Chronos2,2025-07-18 00:00:00+00:00,HB_HUBAVG,2025-07-18 01:00:00+00:00,52.64333333333334,43.33502960205078,35.803253173828125,55.348297119140625
Chronos2,2025-07-18 00:00:00+00:00,HB_HUBAVG,2025-07-18 02:00:00+00:00,44.23416666666666,38.67348098754883,31.017242431640625,49.536651611328125
Chronos2,2025-07-18 00:00:00+00:00,HB_HUBAVG,2025-07-18 03:00:00+00:00,36.52833333333333,32.20425796508789,26.35944366455078,39.94412612915039
Chronos2,2025-07-18 00:00:00+00:00,HB_HUBAVG,2025-07-18 04:00:00+00:00,27.596666666666664,28.54522705078125,23.453983306884766,35.748085021972656
Chronos2,2025-07-18 00:00:00+00:00,HB_HUBAVG,2025-07-18 05:00:00+00:00,23.905,27.074066162109375,22.31884002685547,33.10668182373047
Chronos2,2025-07-18 00:00:00+00:00,HB_HUBAVG,2025-07-18 06:00:00+00:00,22.6375,26.10005760192871,21.782615661621094,31.49713134765625
Chronos2,2025-07-18 00:00:00+00:00,HB_HUBAVG,2025-07-18 07:00:00+00:00,21.3925,25.24502944946289,21.330137252807617,30.49506187438965
Chronos2,2025-07-18 00:00:00+00:00,HB_HUBAVG,2025-07-18 08:00:00+00:00,21.391666666666666,24.82724952697754,20.6245174407959,29.945438385009766
Chronos2,2025-07-18 00:00:00+00:00,HB_HUBAVG,2025-07-18 09:00:00+00:00,22.290000000000003,24.429828643798828,20.5485782623291,29.77747344970703
Chronos2,2025-07-18 00:00:00+00:00,HB_HUBAVG,2025-07-18 10:00:00+00:00,24.30666666666667,24.5334415435791,20.436567306518555,29.914600372314453
Chronos2,2025-07-18 00:00:00+00:00,HB_HUBAVG,2025-07-18 11:00:00+00:00,28.480833333333333,24.261613845825195,20.041458129882812,30.12896728515625
Chronos2,2025-07-18 00:00:00+00:00,HB_HUBAVG,2025-07-18 12:00:00+00:00,27.148333333333337,22.332134246826172,18.039365768432617,28.186100006103516
Chronos2,2025-07-18 00:00:00+00:00,HB_HUBAVG,2025-07-18 13:00:00+00:00,24.09083333333333,19.73458480834961,15.372062683105469,25.917495727539062
Chronos2,2025-07-18 00:00:00+00:00,HB_HUBAVG,2025-07-18 14:00:00+00:00,23.769166666666667,18.398704528808594,14.378973007202148,25.194297790527344
Chronos2,2025-07-18 00:00:00+00:00,HB_HUBAVG,2025-07-18 15:00:00+00:00,22.23,19.49457359313965,15.205059051513672,26.773181915283203
Chronos2,2025-07-18 00:00:00+00:00,HB_HUBAVG,2025-07-18 16:00:00+00:00,22.78833333333333,22.596294403076172,17.196504592895508,31.861793518066406
Chronos2,2025-07-18 00:00:00+00:00,HB_HUBAVG,2025-07-18 17:00:00+00:00,22.74416666666667,25.509632110595703,19.822851181030273,34.932373046875
Chronos2,2025-07-18 00:00:00+00:00,HB_HUBAVG,2025-07-18 18:00:00+00:00,25.1775,27.256725311279297,21.118072509765625,37.27095413208008
Chronos2,2025-07-18 00:00:00+00:00,HB_HUBAVG,2025-07-18 19:00:00+00:00,23.391666666666666,26.062026977539062,20.261768341064453,36.55844497680664
Chronos2,2025-07-18 00:00:00+00:00,HB_HUBAVG,2025-07-18 20:00:00+00:00,24.305833333333336,24.410457611083984,18.327682495117188,37.189796447753906
Chronos2,2025-07-18 00:00:00+00:00,HB_HUBAVG,2025-07-18 21:00:00+00:00,22.881666666666664,23.25545310974121,17.10015106201172,36.64945602416992
Chronos2,2025-07-18 00:00:00+00:00,HB_HUBAVG,2025-07-18 22:00:00+00:00,26.715,23.22712516784668,17.22458267211914,36.60004806518555
Chronos2,2025-07-18 00:00:00+00:00,HB_HUBAVG,2025-07-18 23:00:00+00:00,31.27583333333333,26.485191345214844,19.508808135986328,43.416656494140625
Chronos2,2025-07-18 00:00:00+00:00,HB_PAN,2025-07-18 00:00:00+00:00,43.135,23.285358428955078,15.114614486694336,36.88815689086914
Chronos2,2025-07-18 00:00:00+00:00,HB_PAN,2025-07-18 01:00:00+00:00,54.145833333333336,42.979034423828125,27.00397491455078,67.57160949707031
Chronos2,2025-07-18 00:00:00+00:00,HB_PAN,2025-07-18 02:00:00+00:00,45.16833333333333,38.63676071166992,24.784690856933594,60.464988708496094
Chronos2,2025-07-18 00:00:00+00:00,HB_PAN,2025-07-18 03:00:00+00:00,36.0975,29.784988403320312,19.624635696411133,43.47571563720703
Chronos2,2025-07-18 00:00:00+00:00,HB_PAN,2025-07-18 04:00:00+00:00,26.46583333333333,26.843029022216797,18.86382293701172,37.137046813964844
Chronos2,2025-07-18 00:00:00+00:00,HB_PAN,2025-07-18 05:00:00+00:00,22.34,26.657302856445312,19.490808486938477,34.76921463012695
Chronos2,2025-07-18 00:00:00+00:00,HB_PAN,2025-07-18 06:00:00+00:00,22.409166666666664,26.186691284179688,19.922761917114258,33.30186462402344
Chronos2,2025-07-18 00:00:00+00:00,HB_PAN,2025-07-18 07:00:00+00:00,21.1225,25.738338470458984,19.690061569213867,32.48834991455078
Chronos2,2025-07-18 00:00:00+00:00,HB_PAN,2025-07-18 08:00:00+00:00,21.28333333333333,24.929813385009766,18.78790855407715,31.50613021850586
Chronos2,2025-07-18 00:00:00+00:00,HB_PAN,2025-07-18 09:00:00+00:00,22.257500000000004,24.429147720336914,18.48290252685547,31.028606414794922
Chronos2,2025-07-18 00:00:00+00:00,HB_PAN,2025-07-18 10:00:00+00:00,24.14833333333333,24.351171493530273,17.78907585144043,31.224300384521484
Chronos2,2025-07-18 00:00:00+00:00,HB_PAN,2025-07-18 11:00:00+00:00,28.471666666666664,24.300033569335938,17.517656326293945,32.10305404663086
Chronos2,2025-07-18 00:00:00+00:00,HB_PAN,2025-07-18 12:00:00+00:00,27.148333333333337,22.708282470703125,15.943807601928711,30.71315574645996
Chronos2,2025-07-18 00:00:00+00:00,HB_PAN,2025-07-18 13:00:00+00:00,24.09083333333333,20.133813858032227,12.743940353393555,28.663883209228516
Chronos2,2025-07-18 00:00:00+00:00,HB_PAN,2025-07-18 14:00:00+00:00,23.769166666666667,18.525785446166992,11.426507949829102,29.287532806396484
Chronos2,2025-07-18 00:00:00+00:00,HB_PAN,2025-07-18 15:00:00+00:00,22.23,19.737852096557617,12.326032638549805,31.857379913330078
Chronos2,2025-07-18 00:00:00+00:00,HB_PAN,2025-07-18 16:00:00+00:00,22.55,21.636484146118164,13.140235900878906,35.544700622558594
Chronos2,2025-07-18 00:00:00+00:00,HB_PAN,2025-07-18 17:00:00+00:00,21.4625,24.240812301635742,14.283258438110352,39.2711067199707
Chronos2,2025-07-18 00:00:00+00:00,HB_PAN,2025-07-18 18:00:00+00:00,23.700833333333332,27.138195037841797,15.839286804199219,44.72764205932617
Chronos2,2025-07-18 00:00:00+00:00,HB_PAN,2025-07-18 19:00:00+00:00,18.8,25.959259033203125,14.994222640991211,45.163978576660156
Chronos2,2025-07-18 00:00:00+00:00,HB_PAN,2025-07-18 20:00:00+00:00,14.655,22.99073600769043,11.936485290527344,45.90178298950195
Chronos2,2025-07-18 00:00:00+00:00,HB_PAN,2025-07-18 21:00:00+00:00,6.982499999999999,20.447908401489258,9.652839660644531,47.621551513671875
Chronos2,2025-07-18 00:00:00+00:00,HB_PAN,2025-07-18 22:00:00+00:00,0.2166666666666666,19.785118103027344,8.30695915222168,47.52484893798828
Chronos2,2025-07-18 00:00:00+00:00,HB_PAN,2025-07-18 23:00:00+00:00,-1.6449999999999998,20.48941993713379,8.569143295288086,50.35504913330078
Chronos2,2025-07-18 00:00:00+00:00,LZ_WEST,2025-07-18 00:00:00+00:00,41.535,17.771080017089844,8.140289306640625,34.66377258300781
Chronos2,2025-07-18 00:00:00+00:00,LZ_WEST,2025-07-18 01:00:00+00:00,54.63583333333333,40.447845458984375,21.68575668334961,66.47364807128906
Chronos2,2025-07-18 00:00:00+00:00,LZ_WEST,2025-07-18 02:00:00+00:00,49.87916666666666,45.75693130493164,23.89328956604004,72.86058807373047
Chronos2,2025-07-18 00:00:00+00:00,LZ_WEST,2025-07-18 03:00:00+00:00,49.39833333333333,45.40542984008789,23.563129425048828,72.23481750488281
Chronos2,2025-07-18 00:00:00+00:00,LZ_WEST,2025-07-18 04:00:00+00:00,47.09333333333333,44.4862174987793,23.107961654663086,71.30162811279297
Chronos2,2025-07-18 00:00:00+00:00,LZ_WEST,2025-07-18 05:00:00+00:00,34.050000000000004,44.36222839355469,23.712846755981445,70.30213165283203
Chronos2,2025-07-18 00:00:00+00:00,LZ_WEST,2025-07-18 06:00:00+00:00,26.061666666666667,43.911258697509766,23.26375961303711,69.89958190917969
Chronos2,2025-07-18 00:00:00+00:00,LZ_WEST,2025-07-18 07:00:00+00:00,23.6775,43.98786926269531,22.946998596191406,71.15331268310547
Chronos2,2025-07-18 00:00:00+00:00,LZ_WEST,2025-07-18 08:00:00+00:00,23.61916666666667,45.74496078491211,23.027944564819336,74.32218170166016
Chronos2,2025-07-18 00:00:00+00:00,LZ_WEST,2025-07-18 09:00:00+00:00,22.995,45.57352828979492,21.826080322265625,75.1318588256836
Chronos2,2025-07-18 00:00:00+00:00,LZ_WEST,2025-07-18 10:00:00+00:00,27.69333333333333,43.17915725708008,20.49466896057129,72.19297790527344
Chronos2,2025-07-18 00:00:00+00:00,LZ_WEST,2025-07-18 11:00:00+00:00,28.685,38.288360595703125,18.207500457763672,65.94210815429688
Chronos2,2025-07-18 00:00:00+00:00,LZ_WEST,2025-07-18 12:00:00+00:00,27.148333333333337,30.85118293762207,13.088056564331055,57.82171630859375
Chronos2,2025-07-18 00:00:00+00:00,LZ_WEST,2025-07-18 13:00:00+00:00,24.09083333333333,24.318885803222656,8.423118591308594,48.951942443847656
Chronos2,2025-07-18 00:00:00+00:00,LZ_WEST,2025-07-18 14:00:00+00:00,23.769166666666667,22.488658905029297,7.616817474365234,46.5972785949707
Chronos2,2025-07-18 00:00:00+00:00,LZ_WEST,2025-07-18 15:00:00+00:00,22.23,22.21305274963379,7.4108734130859375,46.86518096923828
Chronos2,2025-07-18 00:00:00+00:00,LZ_WEST,2025-07-18 16:00:00+00:00,22.0325,22.508991241455078,5.96746826171875,50.11437225341797
Chronos2,2025-07-18 00:00:00+00:00,LZ_WEST,2025-07-18 17:00:00+00:00,18.34083333333333,23.878751754760742,7.2168121337890625,52.430301666259766
Chronos2,2025-07-18 00:00:00+00:00,LZ_WEST,2025-07-18 18:00:00+00:00,20.3175,26.051700592041016,7.929420471191406,57.55071258544922
Chronos2,2025-07-18 00:00:00+00:00,LZ_WEST,2025-07-18 19:00:00+00:00,14.46,24.76630401611328,6.88018798828125,57.69856643676758
Chronos2,2025-07-18 00:00:00+00:00,LZ_WEST,2025-07-18 20:00:00+00:00,9.469166666666666,21.48276710510254,4.591091156005859,57.06926727294922
Chronos2,2025-07-18 00:00:00+00:00,LZ_WEST,2025-07-18 21:00:00+00:00,5.118333333333333,18.201507568359375,2.6049270629882812,55.1827392578125
Chronos2,2025-07-18 00:00:00+00:00,LZ_WEST,2025-07-18 22:00:00+00:00,1.5833333333333333,17.33152198791504,1.1816520690917969,54.047725677490234
Chronos2,2025-07-18 00:00:00+00:00,LZ_WEST,2025-07-18 23:00:00+00:00,0.8841666666666667,18.15008544921875,1.2929153442382812,59.0966796875
Chronos2,2025-07-19 00:00:00+00:00,HB_HUBAVG,2025-07-19 00:00:00+00:00,35.37833333333333,46.23029327392578,39.56968307495117,56.314857482910156
Chronos2,2025-07-19 00:00:00+00:00,HB_HUBAVG,2025-07-19 01:00:00+00:00,39.1,53.45338439941406,44.176063537597656,67.98725128173828
Chronos2,2025-07-19 00:00:00+00:00,HB_HUBAVG,2025-07-19 02:00:00+00:00,31.10333333333333,46.11357879638672,37.89311218261719,58.276954650878906
Chronos2,2025-07-19 00:00:00+00:00,HB_HUBAVG,2025-07-19 03:00:00+00:00,27.675833333333333,37.3966064453125,31.422468185424805,46.451988220214844
Chronos2,2025-07-19 00:00:00+00:00,HB_HUBAVG,2025-07-19 04:00:00+00:00,25.055833333333336,31.49779510498047,26.617950439453125,38.969356536865234
Chronos2,2025-07-19 00:00:00+00:00,HB_HUBAVG,2025-07-19 05:00:00+00:00,26.12333333333333,28.474857330322266,24.35177230834961,34.64743423461914
Chronos2,2025-07-19 00:00:00+00:00,HB_HUBAVG,2025-07-19 06:00:00+00:00,24.761666666666667,26.86740493774414,22.84741973876953,32.73099899291992
Chronos2,2025-07-19 00:00:00+00:00,HB_HUBAVG,2025-07-19 07:00:00+00:00,24.8825,26.353805541992188,22.408987045288086,31.94685935974121
Chronos2,2025-07-19 00:00:00+00:00,HB_HUBAVG,2025-07-19 08:00:00+00:00,22.81083333333333,26.590171813964844,22.2391357421875,32.42475128173828
Chronos2,2025-07-19 00:00:00+00:00,HB_HUBAVG,2025-07-19 09:00:00+00:00,21.9825,27.413776397705078,23.190807342529297,33.485782623291016
Chronos2,2025-07-19 00:00:00+00:00,HB_HUBAVG,2025-07-19 10:00:00+00:00,22.50333333333333,28.465545654296875,23.67181396484375,35.1121940612793
Chronos2,2025-07-19 00:00:00+00:00,HB_HUBAVG,2025-07-19 11:00:00+00:00,22.2925,28.637170791625977,23.43663787841797,36.117088317871094
Chronos2,2025-07-19 00:00:00+00:00,HB_HUBAVG,2025-07-19 12:00:00+00:00,18.396666666666665,26.549640655517578,21.161558151245117,34.549888610839844
Chronos2,2025-07-19 00:00:00+00:00,HB_HUBAVG,2025-07-19 13:00:00+00:00,14.8075,24.381576538085938,18.53061294555664,33.26386260986328
Chronos2,2025-07-19 00:00:00+00:00,HB_HUBAVG,2025-07-19 14:00:00+00:00,7.767500000000001,22.88333511352539,17.456483840942383,33.237144470214844
Chronos2,2025-07-19 00:00:00+00:00,HB_HUBAVG,2025-07-19 15:00:00+00:00,6.890000000000001,23.13555908203125,17.5682315826416,34.610103607177734
Chronos2,2025-07-19 00:00:00+00:00,HB_HUBAVG,2025-07-19 16:00:00+00:00,12.729166666666666,24.475597381591797,19.207054138183594,34.94375228881836
Chronos2,2025-07-19 00:00:00+00:00,HB_HUBAVG,2025-07-19 17:00:00+00:00,15.791666666666666,25.218284606933594,19.680498123168945,36.45658493041992
Chronos2,2025-07-19 00:00:00+00:00,HB_HUBAVG,2025-07-19 18:00:00+00:00,19.044166666666666,26.09065818786621,20.082761764526367,39.16309356689453
Chronos2,2025-07-19 00:00:00+00:00,HB_HUBAVG,2025-07-19 19:00:00+00:00,20.074166666666667,26.424423217773438,20.230690002441406,41.335880279541016
Chronos2,2025-07-19 00:00:00+00:00,HB_HUBAVG,2025-07-19 20:00:00+00:00,21.89833333333333,26.46027183532715,19.56011962890625,43.78278350830078
Chronos2,2025-07-19 00:00:00+00:00,HB_HUBAVG,2025-07-19 21:00:00+00:00,21.043333333333333,26.51409912109375,19.412254333496094,45.73928451538086
Chronos2,2025-07-19 00:00:00+00:00,HB_HUBAVG,2025-07-19 22:00:00+00:00,18.7425,28.265329360961914,20.637163162231445,48.472904205322266
Chronos2,2025-07-19 00:00:00+00:00,HB_HUBAVG,2025-07-19 23:00:00+00:00,20.058333333333337,32.94927978515625,23.535186767578125,57.423336029052734
Chronos2,2025-07-19 00:00:00+00:00,HB_PAN,2025-07-19 00:00:00+00:00,7.841666666666666,14.854269027709961,2.981945037841797,42.39878845214844
Chronos2,2025-07-19 00:00:00+00:00,HB_PAN,2025-07-19 01:00:00+00:00,28.8775,38.91692352294922,15.953617095947266,67.70068359375
Chronos2,2025-07-19 00:00:00+00:00,HB_PAN,2025-07-19 02:00:00+00:00,19.361666666666668,33.84526062011719,18.76527214050293,55.41224670410156
Chronos2,2025-07-19 00:00:00+00:00,HB_PAN,2025-07-19 03:00:00+00:00,15.349166666666669,27.971986770629883,17.133834838867188,40.947017669677734
Chronos2,2025-07-19 00:00:00+00:00,HB_PAN,2025-07-19 04:00:00+00:00,13.844166666666666,22.72087287902832,14.262434005737305,32.1673583984375
Chronos2,2025-07-19 00:00:00+00:00,HB_PAN,2025-07-19 05:00:00+00:00,8.94,21.587629318237305,14.332328796386719,29.578720092773438
Chronos2,2025-07-19 00:00:00+00:00,HB_PAN,2025-07-19 06:00:00+00:00,7.0125,21.978057861328125,14.807981491088867,29.44028663635254
Chronos2,2025-07-19 00:00:00+00:00,HB_PAN,2025-07-19 07:00:00+00:00,7.315833333333334,21.92728042602539,14.638084411621094,29.296119689941406
Chronos2,2025-07-19 00:00:00+00:00,HB_PAN,2025-07-19 08:00:00+00:00,14.3875,21.889049530029297,14.689966201782227,29.083303451538086
Chronos2,2025-07-19 00:00:00+00:00,HB_PAN,2025-07-19 09:00:00+00:00,16.628333333333334,22.521991729736328,15.434669494628906,29.69550323486328
Chronos2,2025-07-19 00:00:00+00:00,HB_PAN,2025-07-19 10:00:00+00:00,18.5675,23.6839656829834,16.257524490356445,31.727027893066406
Chronos2,2025-07-19 00:00:00+00:00,HB_PAN,2025-07-19 11:00:00+00:00,21.06,25.06411361694336,16.87032699584961,33.72481155395508
Chronos2,2025-07-19 00:00:00+00:00,HB_PAN,2025-07-19 12:00:00+00:00,18.396666666666665,24.690887451171875,15.23507308959961,33.87396240234375
Chronos2,2025-07-19 00:00:00+00:00,HB_PAN,2025-07-19 13:00:00+00:00,13.811666666666667,22.102062225341797,13.018121719360352,32.462913513183594
Chronos2,2025-07-19 00:00:00+00:00,HB_PAN,2025-07-19 14:00:00+00:00,2.911666666666666,21.043594360351562,11.394783020019531,32.682498931884766
Chronos2,2025-07-19 00:00:00+00:00,HB_PAN,2025-07-19 15:00:00+00:00,2.1991666666666667,21.02831268310547,10.642742156982422,33.38755416870117
Chronos2,2025-07-19 00:00:00+00:00,HB_PAN,2025-07-19 16:00:00+00:00,6.267499999999999,21.576740264892578,13.563909530639648,32.726261138916016
Chronos2,2025-07-19 00:00:00+00:00,HB_PAN,2025-07-19 17:00:00+00:00,9.675833333333332,21.289304733276367,13.388151168823242,32.39971160888672
Chronos2,2025-07-19 00:00:00+00:00,HB_PAN,2025-07-19 18:00:00+00:00,17.685,21.647624969482422,12.91566276550293,34.123809814453125
Chronos2,2025-07-19 00:00:00+00:00,HB_PAN,2025-07-19 19:00:00+00:00,20.2425,19.99441146850586,9.16929817199707,36.88510513305664
Chronos2,2025-07-19 00:00:00+00:00,HB_PAN,2025-07-19 20:00:00+00:00,22.604166666666668,15.72939682006836,4.435949325561523,37.69388198852539
Chronos2,2025-07-19 00:00:00+00:00,HB_PAN,2025-07-19 21:00:00+00:00,20.70583333333333,11.05052375793457,-0.6895751953125,38.364990234375
Chronos2,2025-07-19 00:00:00+00:00,HB_PAN,2025-07-19 22:00:00+00:00,15.009166666666667,7.309595108032227,-4.426292419433594,41.88871383666992
Chronos2,2025-07-19 00:00:00+00:00,HB_PAN,2025-07-19 23:00:00+00:00,10.5475,6.559118270874023,-6.353885650634766,44.2031364440918
Chronos2,2025-07-19 00:00:00+00:00,LZ_WEST,2025-07-19 00:00:00+00:00,11.614166666666668,11.44880485534668,3.0234718322753906,29.052820205688477
Chronos2,2025-07-19 00:00:00+00:00,LZ_WEST,2025-07-19 01:00:00+00:00,42.82416666666666,34.831207275390625,16.58685874938965,60.88178253173828
Chronos2,2025-07-19 00:00:00+00:00,LZ_WEST,2025-07-19 02:00:00+00:00,42.26416666666667,37.56264877319336,19.35452651977539,62.071617126464844
Chronos2,2025-07-19 00:00:00+00:00,LZ_WEST,2025-07-19 03:00:00+00:00,40.89833333333333,36.361270904541016,19.891529083251953,58.702552795410156
Chronos2,2025-07-19 00:00:00+00:00,LZ_WEST,2025-07-19 04:00:00+00:00,42.013333333333335,33.15775680541992,18.170560836791992,53.055999755859375
Chronos2,2025-07-19 00:00:00+00:00,LZ_WEST,2025-07-19 05:00:00+00:00,53.365,28.85910987854004,15.92719841003418,48.13711929321289
Chronos2,2025-07-19 00:00:00+00:00,LZ_WEST,2025-07-19 06:00:00+00:00,55.01666666666667,26.544116973876953,13.69791030883789,46.42224884033203
Chronos2,2025-07-19 00:00:00+00:00,LZ_WEST,2025-07-19 07:00:00+00:00,55.0075,25.300384521484375,12.59194564819336,46.77661895751953
Chronos2,2025-07-19 00:00:00+00:00,LZ_WEST,2025-07-19 08:00:00+00:00,36.74666666666667,27.250036239624023,12.320913314819336,50.932037353515625
Chronos2,2025-07-19 00:00:00+00:00,LZ_WEST,2025-07-19 09:00:00+00:00,31.945833333333336,27.70054817199707,12.759300231933594,51.33519744873047
Chronos2,2025-07-19 00:00:00+00:00,LZ_WEST,2025-07-19 10:00:00+00:00,29.846666666666668,27.819931030273438,12.77625846862793,51.406455993652344
Chronos2,2025-07-19 00:00:00+00:00,LZ_WEST,2025-07-19 11:00:00+00:00,24.59083333333333,26.088973999023438,12.18807601928711,48.87624740600586
Chronos2,2025-07-19 00:00:00+00:00,LZ_WEST,2025-07-19 12:00:00+00:00,18.396666666666665,23.52656364440918,10.574386596679688,45.36818313598633
Chronos2,2025-07-19 00:00:00+00:00,LZ_WEST,2025-07-19 13:00:00+00:00,13.213333333333331,19.941402435302734,7.615234375,40.247154235839844
Chronos2,2025-07-19 00:00:00+00:00,LZ_WEST,2025-07-19 14:00:00+00:00,1.0375,17.923799514770508,6.700138092041016,38.19199752807617
Chronos2,2025-07-19 00:00:00+00:00,LZ_WEST,2025-07-19 15:00:00+00:00,0.2808333333333333,16.88360023498535,5.6257781982421875,38.40415573120117
Chronos2,2025-07-19 00:00:00+00:00,LZ_WEST,2025-07-19 16:00:00+00:00,1.409166666666667,16.38376808166504,5.681690216064453,36.32585906982422
Chronos2,2025-07-19 00:00:00+00:00,LZ_WEST,2025-07-19 17:00:00+00:00,3.589166666666667,15.326641082763672,4.841655731201172,34.920352935791016
Chronos2,2025-07-19 00:00:00+00:00,LZ_WEST,2025-07-19 18:00:00+00:00,14.074166666666663,15.314933776855469,4.466930389404297,36.988285064697266
Chronos2,2025-07-19 00:00:00+00:00,LZ_WEST,2025-07-19 19:00:00+00:00,18.32,12.998279571533203,2.763805389404297,35.58197021484375
Chronos2,2025-07-19 00:00:00+00:00,LZ_WEST,2025-07-19 20:00:00+00:00,22.325,10.190311431884766,0.7988700866699219,35.03901290893555
Chronos2,2025-07-19 00:00:00+00:00,LZ_WEST,2025-07-19 21:00:00+00:00,19.675,7.995212554931641,-0.9012680053710938,34.47004699707031
Chronos2,2025-07-19 00:00:00+00:00,LZ_WEST,2025-07-19 22:00:00+00:00,13.515,7.088703155517578,-2.3099708557128906,34.487396240234375
Chronos2,2025-07-19 00:00:00+00:00,LZ_WEST,2025-07-19 23:00:00+00:00,8.106666666666667,7.261135101318359,-3.2032203674316406,38.00048828125
Chronos2,2025-07-20 00:00:00+00:00,HB_HUBAVG,2025-07-20 00:00:00+00:00,28.545,28.858428955078125,25.01930046081543,33.780189514160156
Chronos2,2025-07-20 00:00:00+00:00,HB_HUBAVG,2025-07-20 01:00:00+00:00,37.255,34.31038284301758,28.44282341003418,42.64616012573242
Chronos2,2025-07-20 00:00:00+00:00,HB_HUBAVG,2025-07-20 02:00:00+00:00,31.22833333333333,29.28436851501465,23.736412048339844,36.236141204833984
Chronos2,2025-07-20 00:00:00+00:00,HB_HUBAVG,2025-07-20 03:00:00+00:00,25.31083333333333,25.74862289428711,20.851415634155273,30.69632339477539
Chronos2,2025-07-20 00:00:00+00:00,HB_HUBAVG,2025-07-20 04:00:00+00:00,23.9275,23.133031845092773,18.87952423095703,27.18378257751465
Chronos2,2025-07-20 00:00:00+00:00,HB_HUBAVG,2025-07-20 05:00:00+00:00,25.974166666666665,22.137714385986328,18.24658966064453,25.99478530883789
Chronos2,2025-07-20 00:00:00+00:00,HB_HUBAVG,2025-07-20 06:00:00+00:00,24.0275,21.423297882080078,17.588268280029297,24.924137115478516
Chronos2,2025-07-20 00:00:00+00:00,HB_HUBAVG,2025-07-20 07:00:00+00:00,22.945,21.190608978271484,17.201908111572266,24.747364044189453
Chronos2,2025-07-20 00:00:00+00:00,HB_HUBAVG,2025-07-20 08:00:00+00:00,20.953333333333333,20.724586486816406,16.988765716552734,24.368408203125
Chronos2,2025-07-20 00:00:00+00:00,HB_HUBAVG,2025-07-20 09:00:00+00:00,20.710833333333333,20.296375274658203,16.251571655273438,24.079801559448242
Chronos2,2025-07-20 00:00:00+00:00,HB_HUBAVG,2025-07-20 10:00:00+00:00,19.87,20.06262969970703,16.03508949279785,23.914220809936523
Chronos2,2025-07-20 00:00:00+00:00,HB_HUBAVG,2025-07-20 11:00:00+00:00,18.633333333333333,20.01819610595703,15.363685607910156,24.67479133605957
Chronos2,2025-07-20 00:00:00+00:00,HB_HUBAVG,2025-07-20 12:00:00+00:00,16.073333333333334,17.519775390625,12.13174819946289,22.56364631652832
Chronos2,2025-07-20 00:00:00+00:00,HB_HUBAVG,2025-07-20 13:00:00+00:00,13.744166666666668,13.27286148071289,6.53388786315918,19.733806610107422
Chronos2,2025-07-20 00:00:00+00:00,HB_HUBAVG,2025-07-20 14:00:00+00:00,7.274166666666666,9.82614517211914,2.5152587890625,18.10037612915039
Chronos2,2025-07-20 00:00:00+00:00,HB_HUBAVG,2025-07-20 15:00:00+00:00,11.8275,9.89314079284668,1.8889846801757812,19.047161102294922
Chronos2,2025-07-20 00:00:00+00:00,HB_HUBAVG,2025-07-20 16:00:00+00:00,15.440833333333332,13.604296684265137,6.338554382324219,21.660734176635742
Chronos2,2025-07-20 00:00:00+00:00,HB_HUBAVG,2025-07-20 17:00:00+00:00,17.875833333333333,15.848437309265137,8.904657363891602,23.121719360351562
Chronos2,2025-07-20 00:00:00+00:00,HB_HUBAVG,2025-07-20 18:00:00+00:00,19.43,18.187332153320312,10.964771270751953,25.46949005126953
Chronos2,2025-07-20 00:00:00+00:00,HB_HUBAVG,2025-07-20 19:00:00+00:00,20.12333333333333,19.146381378173828,11.914817810058594,26.593509674072266
Chronos2,2025-07-20 00:00:00+00:00,HB_HUBAVG,2025-07-20 20:00:00+00:00,23.926666666666662,19.646507263183594,12.429901123046875,27.81837272644043
Chronos2,2025-07-20 00:00:00+00:00,HB_HUBAVG,2025-07-20 21:00:00+00:00,23.34166666666667,20.030820846557617,12.630481719970703,28.036333084106445
Chronos2,2025-07-20 00:00:00+00:00,HB_HUBAVG,2025-07-20 22:00:00+00:00,25.911666666666665,20.286954879760742,12.591867446899414,28.802515029907227
Chronos2,2025-07-20 00:00:00+00:00,HB_HUBAVG,2025-07-20 23:00:00+00:00,29.8125,22.79926109313965,14.736408233642578,33.12802505493164
Chronos2,2025-07-20 00:00:00+00:00,HB_PAN,2025-07-20 00:00:00+00:00,21.88416666666667,16.787368774414062,6.155368804931641,28.830244064331055
Chronos2,2025-07-20 00:00:00+00:00,HB_PAN,2025-07-20 01:00:00+00:00,33.53,31.04762077331543,14.810300827026367,49.307979583740234
Chronos2,2025-07-20 00:00:00+00:00,HB_PAN,2025-07-20 02:00:00+00:00,21.355,25.072851181030273,10.811840057373047,40.96184539794922
Chronos2,2025-07-20 00:00:00+00:00,HB_PAN,2025-07-20 03:00:00+00:00,15.174166666666666,20.52614974975586,8.341547012329102,34.02206802368164
Chronos2,2025-07-20 00:00:00+00:00,HB_PAN,2025-07-20 04:00:00+00:00,14.043333333333337,17.503164291381836,6.644964218139648,28.62470245361328
Chronos2,2025-07-20 00:00:00+00:00,HB_PAN,2025-07-20 05:00:00+00:00,17.425833333333333,15.948256492614746,5.685054779052734,26.017738342285156
Chronos2,2025-07-20 00:00:00+00:00,HB_PAN,2025-07-20 06:00:00+00:00,15.434166666666668,15.752588272094727,5.514921188354492,25.24974250793457
Chronos2,2025-07-20 00:00:00+00:00,HB_PAN,2025-07-20 07:00:00+00:00,15.236666666666666,15.873152732849121,6.024103164672852,24.970125198364258
Chronos2,2025-07-20 00:00:00+00:00,HB_PAN,2025-07-20 08:00:00+00:00,19.89,16.867984771728516,6.841381072998047,26.105178833007812
Chronos2,2025-07-20 00:00:00+00:00,HB_PAN,2025-07-20 09:00:00+00:00,20.69833333333333,18.087547302246094,8.006601333618164,27.56049919128418
Chronos2,2025-07-20 00:00:00+00:00,HB_PAN,2025-07-20 10:00:00+00:00,19.87,19.474964141845703,9.38180160522461,29.15707778930664
Chronos2,2025-07-20 00:00:00+00:00,HB_PAN,2025-07-20 11:00:00+00:00,18.174166666666668,20.729007720947266,10.345024108886719,30.6992244720459
Chronos2,2025-07-20 00:00:00+00:00,HB_PAN,2025-07-20 12:00:00+00:00,15.164166666666668,19.352998733520508,8.495359420776367,29.28875160217285
Chronos2,2025-07-20 00:00:00+00:00,HB_PAN,2025-07-20 13:00:00+00:00,12.731666666666667,15.869657516479492,4.680768966674805,26.572834014892578
Chronos2,2025-07-20 00:00:00+00:00,HB_PAN,2025-07-20 14:00:00+00:00,3.5516666666666663,13.57011890411377,2.0725040435791016,25.260332107543945
Chronos2,2025-07-20 00:00:00+00:00,HB_PAN,2025-07-20 15:00:00+00:00,5.32,12.590176582336426,0.6376800537109375,24.92382049560547
Chronos2,2025-07-20 00:00:00+00:00,HB_PAN,2025-07-20 16:00:00+00:00,13.45,14.538818359375,1.906930923461914,28.38890266418457
Chronos2,2025-07-20 00:00:00+00:00,HB_PAN,2025-07-20 17:00:00+00:00,18.199166666666667,15.603181838989258,2.8127918243408203,29.344013214111328
Chronos2,2025-07-20 00:00:00+00:00,HB_PAN,2025-07-20 18:00:00+00:00,20.05583333333333,17.995182037353516,4.92491340637207,32.10466766357422
Chronos2,2025-07-20 00:00:00+00:00,HB_PAN,2025-07-20 19:00:00+00:00,20.12666666666667,18.551300048828125,4.950691223144531,33.82528305053711
Chronos2,2025-07-20 00:00:00+00:00,HB_PAN,2025-07-20 20:00:00+00:00,21.26,18.502140045166016,4.142524719238281,35.48243713378906
Chronos2,2025-07-20 00:00:00+00:00,HB_PAN,2025-07-20 21:00:00+00:00,20.8225,17.409820556640625,2.092853546142578,36.30916976928711
Chronos2,2025-07-20 00:00:00+00:00,HB_PAN,2025-07-20 22:00:00+00:00,22.563333333333333,16.165475845336914,0.3356914520263672,35.66780471801758
Chronos2,2025-07-20 00:00:00+00:00,HB_PAN,2025-07-20 23:00:00+00:00,24.813333333333333,14.894109725952148,-1.676156997680664,37.082462310791016
Chronos2,2025-07-20 00:00:00+00:00,LZ_WEST,2025-07-20 00:00:00+00:00,17.951666666666664,11.380414962768555,3.397197723388672,25.79837417602539
Chronos2,2025-07-20 00:00:00+00:00,LZ_WEST,2025-07-20 01:00:00+00:00,43.96666666666667,32.172183990478516,13.321172714233398,54.18689727783203
Chronos2,2025-07-20 00:00:00+00:00,LZ_WEST,2025-07-20 02:00:00+00:00,47.32583333333333,36.26300811767578,17.278162002563477,56.285858154296875
Chronos2,2025-07-20 00:00:00+00:00,LZ_WEST,2025-07-20 03:00:00+00:00,41.90583333333333,37.605560302734375,18.96776580810547,57.64100646972656
Chronos2,2025-07-20 00:00:00+00:00,LZ_WEST,2025-07-20 04:00:00+00:00,41.5525,38.75556182861328,20.01157569885254,58.42634582519531
Chronos2,2025-07-20 00:00:00+00:00,LZ_WEST,2025-07-20 05:00:00+00:00,41.43666666666667,39.791595458984375,20.46820831298828,60.16348648071289
Chronos2,2025-07-20 00:00:00+00:00,LZ_WEST,2025-07-20 06:00:00+00:00,37.774166666666666,39.70754623413086,19.477630615234375,61.25269317626953
Chronos2,2025-07-20 00:00:00+00:00,LZ_WEST,2025-07-20 07:00:00+00:00,35.848333333333336,39.61417770385742,17.72237777709961,63.469940185546875
Chronos2,2025-07-20 00:00:00+00:00,LZ_WEST,2025-07-20 08:00:00+00:00,24.50583333333333,38.07124328613281,15.059465408325195,62.20775604248047
Chronos2,2025-07-20 00:00:00+00:00,LZ_WEST,2025-07-20 09:00:00+00:00,20.74,35.46352005004883,14.161941528320312,60.937225341796875
Chronos2,2025-07-20 00:00:00+00:00,LZ_WEST,2025-07-20 10:00:00+00:00,19.87,32.670833587646484,13.05044174194336,57.08863830566406
Chronos2,2025-07-20 00:00:00+00:00,LZ_WEST,2025-07-20 11:00:00+00:00,23.81,27.31442642211914,10.532491683959961,49.926605224609375
Chronos2,2025-07-20 00:00:00+00:00,LZ_WEST,2025-07-20 12:00:00+00:00,24.546666666666667,21.0256290435791,7.060749053955078,42.31793975830078
Chronos2,2025-07-20 00:00:00+00:00,LZ_WEST,2025-07-20 13:00:00+00:00,12.403333333333334,13.024337768554688,2.5683212280273438,31.25301742553711
Chronos2,2025-07-20 00:00:00+00:00,LZ_WEST,2025-07-20 14:00:00+00:00,1.8233333333333333,9.347305297851562,-0.6875457763671875,24.598655700683594
Chronos2,2025-07-20 00:00:00+00:00,LZ_WEST,2025-07-20 15:00:00+00:00,4.193333333333333,8.21463394165039,-0.6177635192871094,23.307756423950195
Chronos2,2025-07-20 00:00:00+00:00,LZ_WEST,2025-07-20 16:00:00+00:00,11.080833333333333,7.199993133544922,-1.9426155090332031,25.210956573486328
Chronos2,2025-07-20 00:00:00+00:00,LZ_WEST,2025-07-20 17:00:00+00:00,15.489166666666668,8.319528579711914,-1.6639633178710938,26.79315185546875
Chronos2,2025-07-20 00:00:00+00:00,LZ_WEST,2025-07-20 18:00:00+00:00,18.591666666666665,11.060752868652344,-0.5212364196777344,32.81833267211914
Chronos2,2025-07-20 00:00:00+00:00,LZ_WEST,2025-07-20 19:00:00+00:00,19.505,13.721719741821289,0.17951583862304688,38.5560417175293
Chronos2,2025-07-20 00:00:00+00:00,LZ_WEST,2025-07-20 20:00:00+00:00,23.51083333333333,16.030588150024414,1.2146224975585938,43.90907287597656
Chronos2,2025-07-20 00:00:00+00:00,LZ_WEST,2025-07-20 21:00:00+00:00,24.284166666666668,18.440296173095703,1.4043197631835938,49.176002502441406
Chronos2,2025-07-20 00:00:00+00:00,LZ_WEST,2025-07-20 22:00:00+00:00,26.704166666666666,19.419998168945312,1.3870048522949219,52.128273010253906
Chronos2,2025-07-20 00:00:00+00:00,LZ_WEST,2025-07-20 23:00:00+00:00,29.579166666666666,18.606204986572266,0.6256332397460938,51.958518981933594
Chronos2,2025-07-21 00:00:00+00:00,HB_HUBAVG,2025-07-21 00:00:00+00:00,33.848333333333336,37.98313903808594,32.8372688293457,43.75824737548828
Chronos2,2025-07-21 00:00:00+00:00,HB_HUBAVG,2025-07-21 01:00:00+00:00,30.7325,43.72774887084961,37.892433166503906,50.6351318359375
Chronos2,2025-07-21 00:00:00+00:00,HB_HUBAVG,2025-07-21 02:00:00+00:00,28.339166666666667,36.1689453125,31.3836669921875,41.869056701660156
Chronos2,2025-07-21 00:00:00+00:00,HB_HUBAVG,2025-07-21 03:00:00+00:00,27.27333333333333,30.266468048095703,26.55890655517578,34.78025817871094
Chronos2,2025-07-21 00:00:00+00:00,HB_HUBAVG,2025-07-21 04:00:00+00:00,23.8075,27.794389724731445,24.194717407226562,31.898834228515625
Chronos2,2025-07-21 00:00:00+00:00,HB_HUBAVG,2025-07-21 05:00:00+00:00,24.0175,27.449039459228516,23.75818634033203,31.8143253326416
Chronos2,2025-07-21 00:00:00+00:00,HB_HUBAVG,2025-07-21 06:00:00+00:00,22.27083333333333,26.197410583496094,22.589479446411133,30.32117462158203
Chronos2,2025-07-21 00:00:00+00:00,HB_HUBAVG,2025-07-21 07:00:00+00:00,22.566666666666663,25.026220321655273,21.575674057006836,28.686288833618164
Chronos2,2025-07-21 00:00:00+00:00,HB_HUBAVG,2025-07-21 08:00:00+00:00,21.700833333333332,24.700590133666992,21.194116592407227,28.554439544677734
Chronos2,2025-07-21 00:00:00+00:00,HB_HUBAVG,2025-07-21 09:00:00+00:00,22.863333333333333,24.94216537475586,20.913326263427734,29.792001724243164
Chronos2,2025-07-21 00:00:00+00:00,HB_HUBAVG,2025-07-21 10:00:00+00:00,26.480833333333333,26.33075714111328,21.37119483947754,32.42103576660156
Chronos2,2025-07-21 00:00:00+00:00,HB_HUBAVG,2025-07-21 11:00:00+00:00,33.51416666666667,27.323528289794922,21.49774742126465,34.713382720947266
Chronos2,2025-07-21 00:00:00+00:00,HB_HUBAVG,2025-07-21 12:00:00+00:00,25.999166666666667,25.01581573486328,19.53464698791504,31.526323318481445
Chronos2,2025-07-21 00:00:00+00:00,HB_HUBAVG,2025-07-21 13:00:00+00:00,20.9625,21.00460433959961,16.004030227661133,26.42234230041504
Chronos2,2025-07-21 00:00:00+00:00,HB_HUBAVG,2025-07-21 14:00:00+00:00,16.710833333333333,18.398059844970703,13.746975898742676,23.298473358154297
Chronos2,2025-07-21 00:00:00+00:00,HB_HUBAVG,2025-07-21 15:00:00+00:00,16.304166666666667,18.268035888671875,13.578718185424805,23.048486709594727
Chronos2,2025-07-21 00:00:00+00:00,HB_HUBAVG,2025-07-21 16:00:00+00:00,21.450833333333332,20.438962936401367,16.213388442993164,25.071788787841797
Chronos2,2025-07-21 00:00:00+00:00,HB_HUBAVG,2025-07-21 17:00:00+00:00,23.55,22.002532958984375,17.80575180053711,26.46088409423828
Chronos2,2025-07-21 00:00:00+00:00,HB_HUBAVG,2025-07-21 18:00:00+00:00,25.102500000000003,23.187746047973633,18.819456100463867,28.02217674255371
Chronos2,2025-07-21 00:00:00+00:00,HB_HUBAVG,2025-07-21 19:00:00+00:00,22.64,23.417816162109375,19.226863861083984,28.160118103027344
Chronos2,2025-07-21 00:00:00+00:00,HB_HUBAVG,2025-07-21 20:00:00+00:00,21.714166666666667,24.15282440185547,20.006425857543945,28.92322540283203
Chronos2,2025-07-21 00:00:00+00:00,HB_HUBAVG,2025-07-21 21:00:00+00:00,20.63583333333333,25.040441513061523,20.6109619140625,30.169113159179688
Chronos2,2025-07-21 00:00:00+00:00,HB_HUBAVG,2025-07-21 22:00:00+00:00,18.75,26.201204299926758,21.400413513183594,32.10055923461914
Chronos2,2025-07-21 00:00:00+00:00,HB_HUBAVG,2025-07-21 23:00:00+00:00,29.639166666666668,30.560182571411133,24.405805587768555,37.8843994140625
Chronos2,2025-07-21 00:00:00+00:00,HB_PAN,2025-07-21 00:00:00+00:00,33.33416666666667,35.198734283447266,26.524843215942383,43.46852111816406
Chronos2,2025-07-21 00:00:00+00:00,HB_PAN,2025-07-21 01:00:00+00:00,28.5725,47.01509094238281,36.014244079589844,58.66959762573242
Chronos2,2025-07-21 00:00:00+00:00,HB_PAN,2025-07-21 02:00:00+00:00,24.676666666666662,33.177406311035156,23.746923446655273,42.717674255371094
Chronos2,2025-07-21 00:00:00+00:00,HB_PAN,2025-07-21 03:00:00+00:00,18.574166666666667,26.19428062438965,18.228166580200195,34.47332000732422
Chronos2,2025-07-21 00:00:00+00:00,HB_PAN,2025-07-21 04:00:00+00:00,15.777499999999998,23.367813110351562,15.841988563537598,30.807235717773438
Chronos2,2025-07-21 00:00:00+00:00,HB_PAN,2025-07-21 05:00:00+00:00,19.08083333333333,23.28514289855957,16.35036849975586,30.370872497558594
Chronos2,2025-07-21 00:00:00+00:00,HB_PAN,2025-07-21 06:00:00+00:00,18.769166666666667,21.862829208374023,14.941463470458984,28.861461639404297
Chronos2,2025-07-21 00:00:00+00:00,HB_PAN,2025-07-21 07:00:00+00:00,21.749166666666667,21.095535278320312,14.079172134399414,28.108001708984375
Chronos2,2025-07-21 00:00:00+00:00,HB_PAN,2025-07-21 08:00:00+00:00,17.855833333333333,21.703266143798828,14.449387550354004,29.115306854248047
Chronos2,2025-07-21 00:00:00+00:00,HB_PAN,2025-07-21 09:00:00+00:00,19.0625,23.25447654724121,15.770111083984375,31.059711456298828
Chronos2,2025-07-21 00:00:00+00:00,HB_PAN,2025-07-21 10:00:00+00:00,25.52916666666667,25.900436401367188,17.540912628173828,34.508609771728516
Chronos2,2025-07-21 00:00:00+00:00,HB_PAN,2025-07-21 11:00:00+00:00,31.3325,27.86606216430664,18.929122924804688,37.38335037231445
Chronos2,2025-07-21 00:00:00+00:00,HB_PAN,2025-07-21 12:00:00+00:00,25.45583333333333,25.314983367919922,16.641016006469727,33.97285842895508
Chronos2,2025-07-21 00:00:00+00:00,HB_PAN,2025-07-21 13:00:00+00:00,20.9625,20.837718963623047,12.657013893127441,29.1038875579834
Chronos2,2025-07-21 00:00:00+00:00,HB_PAN,2025-07-21 14:00:00+00:00,16.8725,17.864723205566406,9.38461685180664,25.86802101135254
Chronos2,2025-07-21 00:00:00+00:00,HB_PAN,2025-07-21 15:00:00+00:00,15.471666666666666,17.42224884033203,8.608649253845215,25.44857406616211
Chronos2,2025-07-21 00:00:00+00:00,HB_PAN,2025-07-21 16:00:00+00:00,20.1525,18.924415588378906,10.364625930786133,27.241430282592773
Chronos2,2025-07-21 00:00:00+00:00,HB_PAN,2025-07-21 17:00:00+00:00,21.065,20.562000274658203,12.086116790771484,28.775835037231445
Chronos2,2025-07-21 00:00:00+00:00,HB_PAN,2025-07-21 18:00:00+00:00,22.36583333333333,22.002439498901367,13.105720520019531,30.475496292114258
Chronos2,2025-07-21 00:00:00+00:00,HB_PAN,2025-07-21 19:00:00+00:00,18.561666666666667,21.886566162109375,12.343737602233887,31.289091110229492
Chronos2,2025-07-21 00:00:00+00:00,HB_PAN,2025-07-21 20:00:00+00:00,16.438333333333333,21.592208862304688,12.063300132751465,31.14039421081543
Chronos2,2025-07-21 00:00:00+00:00,HB_PAN,2025-07-21 21:00:00+00:00,12.838333333333331,20.840408325195312,10.814921379089355,31.195539474487305
Chronos2,2025-07-21 00:00:00+00:00,HB_PAN,2025-07-21 22:00:00+00:00,4.676666666666667,20.877700805664062,10.087029457092285,32.17216491699219
Chronos2,2025-07-21 00:00:00+00:00,HB_PAN,2025-07-21 23:00:00+00:00,5.348333333333334,22.188642501831055,9.015244483947754,35.350379943847656
Chronos2,2025-07-21 00:00:00+00:00,LZ_WEST,2025-07-21 00:00:00+00:00,36.7325,40.61748123168945,28.425064086914062,51.771461486816406
Chronos2,2025-07-21 00:00:00+00:00,LZ_WEST,2025-07-21 01:00:00+00:00,43.4125,52.35725784301758,37.963661193847656,64.66261291503906
Chronos2,2025-07-21 00:00:00+00:00,LZ_WEST,2025-07-21 02:00:00+00:00,44.4275,52.112422943115234,37.09801483154297,65.83540344238281
Chronos2,2025-07-21 00:00:00+00:00,LZ_WEST,2025-07-21 03:00:00+00:00,57.84833333333333,47.517250061035156,32.57887268066406,62.498046875
Chronos2,2025-07-21 00:00:00+00:00,LZ_WEST,2025-07-21 04:00:00+00:00,50.07666666666666,43.71288299560547,28.49364471435547,59.4527587890625
Chronos2,2025-07-21 00:00:00+00:00,LZ_WEST,2025-07-21 05:00:00+00:00,66.685,42.71897506713867,26.838909149169922,59.16197204589844
Chronos2,2025-07-21 00:00:00+00:00,LZ_WEST,2025-07-21 06:00:00+00:00,64.48166666666667,41.39238357543945,24.432809829711914,59.334815979003906
Chronos2,2025-07-21 00:00:00+00:00,LZ_WEST,2025-07-21 07:00:00+00:00,34.53416666666667,40.53009033203125,23.01676368713379,58.81465148925781
Chronos2,2025-07-21 00:00:00+00:00,LZ_WEST,2025-07-21 08:00:00+00:00,66.4575,40.437381744384766,22.675230026245117,58.744720458984375
Chronos2,2025-07-21 00:00:00+00:00,LZ_WEST,2025-07-21 09:00:00+00:00,63.34666666666666,40.144405364990234,21.939434051513672,58.94056701660156
Chronos2,2025-07-21 00:00:00+00:00,LZ_WEST,2025-07-21 10:00:00+00:00,36.15,38.50459289550781,20.895740509033203,57.484886169433594
Chronos2,2025-07-21 00:00:00+00:00,LZ_WEST,2025-07-21 11:00:00+00:00,61.66166666666667,34.596885681152344,17.99600601196289,52.801090240478516
Chronos2,2025-07-21 00:00:00+00:00,LZ_WEST,2025-07-21 12:00:00+00:00,31.98,28.719829559326172,13.420991897583008,45.92704391479492
Chronos2,2025-07-21 00:00:00+00:00,LZ_WEST,2025-07-21 13:00:00+00:00,20.9625,20.15395736694336,6.596187591552734,36.34561538696289
Chronos2,2025-07-21 00:00:00+00:00,LZ_WEST,2025-07-21 14:00:00+00:00,16.669166666666666,15.574766159057617,3.030414581298828,30.936594009399414
Chronos2,2025-07-21 00:00:00+00:00,LZ_WEST,2025-07-21 15:00:00+00:00,14.010833333333332,14.9876708984375,2.6011428833007812,31.03985595703125
Chronos2,2025-07-21 00:00:00+00:00,LZ_WEST,2025-07-21 16:00:00+00:00,18.766666666666666,15.450624465942383,2.3638973236083984,32.867523193359375
Chronos2,2025-07-21 00:00:00+00:00,LZ_WEST,2025-07-21 17:00:00+00:00,20.274166666666662,16.263832092285156,2.984983444213867,34.23154830932617
Chronos2,2025-07-21 00:00:00+00:00,LZ_WEST,2025-07-21 18:00:00+00:00,21.58083333333333,17.23438262939453,3.7080001831054688,35.73662567138672
Chronos2,2025-07-21 00:00:00+00:00,LZ_WEST,2025-07-21 19:00:00+00:00,17.801666666666666,17.33792495727539,3.247163772583008,36.39869689941406
Chronos2,2025-07-21 00:00:00+00:00,LZ_WEST,2025-07-21 20:00:00+00:00,16.381666666666668,17.40894889831543,3.1219348907470703,37.01860809326172
Chronos2,2025-07-21 00:00:00+00:00,LZ_WEST,2025-07-21 21:00:00+00:00,20.38833333333333,17.24114418029785,2.5489673614501953,37.20304870605469
Chronos2,2025-07-21 00:00:00+00:00,LZ_WEST,2025-07-21 22:00:00+00:00,6.344166666666666,17.063209533691406,1.8566455841064453,37.12742233276367
Chronos2,2025-07-21 00:00:00+00:00,LZ_WEST,2025-07-21 23:00:00+00:00,1.9825,19.038619995117188,3.273019790649414,40.158172607421875
Chronos2,2025-07-22 00:00:00+00:00,HB_HUBAVG,2025-07-22 00:00:00+00:00,50.38083333333333,42.31211853027344,35.85453796386719,50.86078643798828
Chronos2,2025-07-22 00:00:00+00:00,HB_HUBAVG,2025-07-22 01:00:00+00:00,36.594166666666666,45.14361572265625,38.08011245727539,55.17668914794922
Chronos2,2025-07-22 00:00:00+00:00,HB_HUBAVG,2025-07-22 02:00:00+00:00,33.115833333333335,38.326656341552734,31.956214904785156,46.975135803222656
Chronos2,2025-07-22 00:00:00+00:00,HB_HUBAVG,2025-07-22 03:00:00+00:00,29.35,32.11524963378906,27.511178970336914,38.259254455566406
Chronos2,2025-07-22 00:00:00+00:00,HB_HUBAVG,2025-07-22 04:00:00+00:00,26.0725,27.494823455810547,23.9597110748291,32.00947189331055
Chronos2,2025-07-22 00:00:00+00:00,HB_HUBAVG,2025-07-22 05:00:00+00:00,24.155,25.815147399902344,22.451204299926758,29.858169555664062
Chronos2,2025-07-22 00:00:00+00:00,HB_HUBAVG,2025-07-22 06:00:00+00:00,23.501666666666665,24.40608024597168,21.199148178100586,27.934242248535156
Chronos2,2025-07-22 00:00:00+00:00,HB_HUBAVG,2025-07-22 07:00:00+00:00,22.9,23.988615036010742,20.87731170654297,27.240467071533203
Chronos2,2025-07-22 00:00:00+00:00,HB_HUBAVG,2025-07-22 08:00:00+00:00,22.65416666666667,24.227869033813477,21.011199951171875,27.82689094543457
Chronos2,2025-07-22 00:00:00+00:00,HB_HUBAVG,2025-07-22 09:00:00+00:00,23.685,24.797426223754883,21.504261016845703,28.46334457397461
Chronos2,2025-07-22 00:00:00+00:00,HB_HUBAVG,2025-07-22 10:00:00+00:00,23.15,25.562223434448242,22.193889617919922,29.441848754882812
Chronos2,2025-07-22 00:00:00+00:00,HB_HUBAVG,2025-07-22 11:00:00+00:00,23.1725,26.367177963256836,22.49754524230957,30.850889205932617
Chronos2,2025-07-22 00:00:00+00:00,HB_HUBAVG,2025-07-22 12:00:00+00:00,19.1975,24.226505279541016,19.902454376220703,28.976045608520508
Chronos2,2025-07-22 00:00:00+00:00,HB_HUBAVG,2025-07-22 13:00:00+00:00,12.535833333333334,20.93451499938965,16.51683235168457,25.652833938598633
Chronos2,2025-07-22 00:00:00+00:00,HB_HUBAVG,2025-07-22 14:00:00+00:00,6.9375,18.51557159423828,14.003576278686523,23.18231201171875
Chronos2,2025-07-22 00:00:00+00:00,HB_HUBAVG,2025-07-22 15:00:00+00:00,8.578333333333333,18.465879440307617,13.765113830566406,23.123130798339844
Chronos2,2025-07-22 00:00:00+00:00,HB_HUBAVG,2025-07-22 16:00:00+00:00,12.4625,20.806541442871094,16.850706100463867,24.9232120513916
Chronos2,2025-07-22 00:00:00+00:00,HB_HUBAVG,2025-07-22 17:00:00+00:00,17.767500000000002,22.37190818786621,18.47323989868164,26.69620704650879
Chronos2,2025-07-22 00:00:00+00:00,HB_HUBAVG,2025-07-22 18:00:00+00:00,23.03,23.05971908569336,18.979698181152344,27.818958282470703
Chronos2,2025-07-22 00:00:00+00:00,HB_HUBAVG,2025-07-22 19:00:00+00:00,19.8725,22.359798431396484,18.288909912109375,26.498178482055664
Chronos2,2025-07-22 00:00:00+00:00,HB_HUBAVG,2025-07-22 20:00:00+00:00,23.294166666666666,22.008068084716797,17.982484817504883,26.251880645751953
Chronos2,2025-07-22 00:00:00+00:00,HB_HUBAVG,2025-07-22 21:00:00+00:00,21.2,22.327054977416992,18.033855438232422,26.58846664428711
Chronos2,2025-07-22 00:00:00+00:00,HB_HUBAVG,2025-07-22 22:00:00+00:00,19.02833333333333,23.25646209716797,18.846912384033203,28.059246063232422
Chronos2,2025-07-22 00:00:00+00:00,HB_HUBAVG,2025-07-22 23:00:00+00:00,21.62333333333333,28.24014663696289,23.080978393554688,34.653865814208984
Chronos2,2025-07-22 00:00:00+00:00,HB_PAN,2025-07-22 00:00:00+00:00,16.44,18.07859992980957,10.477993965148926,26.371919631958008
Chronos2,2025-07-22 00:00:00+00:00,HB_PAN,2025-07-22 01:00:00+00:00,27.10333333333333,34.011653900146484,23.618398666381836,44.90130615234375
Chronos2,2025-07-22 00:00:00+00:00,HB_PAN,2025-07-22 02:00:00+00:00,26.916666666666668,25.678672790527344,16.531341552734375,35.90793228149414
Chronos2,2025-07-22 00:00:00+00:00,HB_PAN,2025-07-22 03:00:00+00:00,21.231666666666666,21.852977752685547,13.368492126464844,30.672155380249023
Chronos2,2025-07-22 00:00:00+00:00,HB_PAN,2025-07-22 04:00:00+00:00,20.06083333333333,19.465866088867188,11.299245834350586,27.99710464477539
Chronos2,2025-07-22 00:00:00+00:00,HB_PAN,2025-07-22 05:00:00+00:00,23.421666666666667,18.88612174987793,10.759418487548828,27.00638198852539
Chronos2,2025-07-22 00:00:00+00:00,HB_PAN,2025-07-22 06:00:00+00:00,21.2575,17.741077423095703,9.766583442687988,25.78929901123047
Chronos2,2025-07-22 00:00:00+00:00,HB_PAN,2025-07-22 07:00:00+00:00,19.796666666666667,17.64702796936035,10.098749160766602,25.33338165283203
Chronos2,2025-07-22 00:00:00+00:00,HB_PAN,2025-07-22 08:00:00+00:00,17.445833333333333,18.530729293823242,10.982609748840332,26.015249252319336
Chronos2,2025-07-22 00:00:00+00:00,HB_PAN,2025-07-22 09:00:00+00:00,17.953333333333333,19.352436065673828,12.18792724609375,26.66267204284668
Chronos2,2025-07-22 00:00:00+00:00,HB_PAN,2025-07-22 10:00:00+00:00,19.656666666666663,20.758432388305664,13.585958480834961,27.884923934936523
Chronos2,2025-07-22 00:00:00+00:00,HB_PAN,2025-07-22 11:00:00+00:00,20.343333333333337,23.081357955932617,15.355029106140137,31.124786376953125
Chronos2,2025-07-22 00:00:00+00:00,HB_PAN,2025-07-22 12:00:00+00:00,18.74083333333333,21.319477081298828,13.5453519821167,29.038057327270508
Chronos2,2025-07-22 00:00:00+00:00,HB_PAN,2025-07-22 13:00:00+00:00,10.879166666666668,17.816150665283203,10.02476692199707,25.65340805053711
Chronos2,2025-07-22 00:00:00+00:00,HB_PAN,2025-07-22 14:00:00+00:00,0.2424999999999999,13.762514114379883,5.5068206787109375,21.664690017700195
Chronos2,2025-07-22 00:00:00+00:00,HB_PAN,2025-07-22 15:00:00+00:00,0.0258333333333333,12.701631546020508,3.938518524169922,21.128524780273438
Chronos2,2025-07-22 00:00:00+00:00,HB_PAN,2025-07-22 16:00:00+00:00,2.1758333333333333,16.16229248046875,7.390572547912598,24.847278594970703
Chronos2,2025-07-22 00:00:00+00:00,HB_PAN,2025-07-22 17:00:00+00:00,7.2025,17.272579193115234,8.468996047973633,25.96453857421875
Chronos2,2025-07-22 00:00:00+00:00,HB_PAN,2025-07-22 18:00:00+00:00,4.0841666666666665,18.576936721801758,9.496960639953613,27.328990936279297
Chronos2,2025-07-22 00:00:00+00:00,HB_PAN,2025-07-22 19:00:00+00:00,8.925833333333333,17.498977661132812,8.292431831359863,26.598466873168945
Chronos2,2025-07-22 00:00:00+00:00,HB_PAN,2025-07-22 20:00:00+00:00,1.3,16.21628761291504,6.7705488204956055,25.31130027770996
Chronos2,2025-07-22 00:00:00+00:00,HB_PAN,2025-07-22 21:00:00+00:00,1.8925,14.482278823852539,5.047723770141602,23.571924209594727
Chronos2,2025-07-22 00:00:00+00:00,HB_PAN,2025-07-22 22:00:00+00:00,0.055,12.419347763061523,2.65484619140625,21.328243255615234
Chronos2,2025-07-22 00:00:00+00:00,HB_PAN,2025-07-22 23:00:00+00:00,3.98,11.960100173950195,2.3346195220947266,21.613014221191406
Chronos2,2025-07-22 00:00:00+00:00,LZ_WEST,2025-07-22 00:00:00+00:00,12.213333333333331,15.469168663024902,5.499998092651367,28.026641845703125
Chronos2,2025-07-22 00:00:00+00:00,LZ_WEST,2025-07-22 01:00:00+00:00,26.531666666666663,41.49776840209961,26.442012786865234,59.61579895019531
Chronos2,2025-07-22 00:00:00+00:00,LZ_WEST,2025-07-22 02:00:00+00:00,26.54583333333333,42.37849426269531,27.526470184326172,60.062599182128906
Chronos2,2025-07-22 00:00:00+00:00,LZ_WEST,2025-07-22 03:00:00+00:00,33.70166666666667,42.48601531982422,27.602924346923828,59.777374267578125
Chronos2,2025-07-22 00:00:00+00:00,LZ_WEST,2025-07-22 04:00:00+00:00,34.778333333333336,41.08743667602539,25.970678329467773,57.89158248901367
Chronos2,2025-07-22 00:00:00+00:00,LZ_WEST,2025-07-22 05:00:00+00:00,25.084166666666665,40.416561126708984,24.739547729492188,58.07237243652344
Chronos2,2025-07-22 00:00:00+00:00,LZ_WEST,2025-07-22 06:00:00+00:00,26.7225,37.77705383300781,21.914670944213867,56.04325866699219
Chronos2,2025-07-22 00:00:00+00:00,LZ_WEST,2025-07-22 07:00:00+00:00,26.606666666666666,35.19475173950195,19.402626037597656,53.14674758911133
Chronos2,2025-07-22 00:00:00+00:00,LZ_WEST,2025-07-22 08:00:00+00:00,30.246666666666663,34.88979721069336,19.30191421508789,52.386131286621094
Chronos2,2025-07-22 00:00:00+00:00,LZ_WEST,2025-07-22 09:00:00+00:00,32.166666666666664,32.71343994140625,17.563220977783203,50.508445739746094
Chronos2,2025-07-22 00:00:00+00:00,LZ_WEST,2025-07-22 10:00:00+00:00,27.611666666666665,31.200183868408203,16.58479881286621,48.39264678955078
Chronos2,2025-07-22 00:00:00+00:00,LZ_WEST,2025-07-22 11:00:00+00:00,27.33833333333333,30.566118240356445,15.83627986907959,47.38563537597656
Chronos2,2025-07-22 00:00:00+00:00,LZ_WEST,2025-07-22 12:00:00+00:00,19.44,26.073802947998047,12.077887535095215,42.23283386230469
Chronos2,2025-07-22 00:00:00+00:00,LZ_WEST,2025-07-22 13:00:00+00:00,10.236666666666666,18.807146072387695,6.172609329223633,34.595611572265625
Chronos2,2025-07-22 00:00:00+00:00,LZ_WEST,2025-07-22 14:00:00+00:00,0.1775,13.933156967163086,2.5651702880859375,28.489761352539062
Chronos2,2025-07-22 00:00:00+00:00,LZ_WEST,2025-07-22 15:00:00+00:00,-0.0991666666666666,12.564306259155273,1.6728515625,27.345611572265625
Chronos2,2025-07-22 00:00:00+00:00,LZ_WEST,2025-07-22 16:00:00+00:00,1.1016666666666668,14.669536590576172,2.841695785522461,29.370689392089844
Chronos2,2025-07-22 00:00:00+00:00,LZ_WEST,2025-07-22 17:00:00+00:00,7.0,14.509546279907227,2.7602310180664062,29.383089065551758
Chronos2,2025-07-22 00:00:00+00:00,LZ_WEST,2025-07-22 18:00:00+00:00,20.179166666666667,14.931840896606445,2.876964569091797,30.742246627807617
Chronos2,2025-07-22 00:00:00+00:00,LZ_WEST,2025-07-22 19:00:00+00:00,14.08,13.760492324829102,1.4139957427978516,29.236337661743164
Chronos2,2025-07-22 00:00:00+00:00,LZ_WEST,2025-07-22 20:00:00+00:00,25.348333333333333,12.755560874938965,0.84259033203125,28.879100799560547
Chronos2,2025-07-22 00:00:00+00:00,LZ_WEST,2025-07-22 21:00:00+00:00,21.56,12.262822151184082,0.5541954040527344,28.32368278503418
Chronos2,2025-07-22 00:00:00+00:00,LZ_WEST,2025-07-22 22:00:00+00:00,20.06833333333333,11.195884704589844,-0.7267112731933594,27.071630477905273
Chronos2,2025-07-22 00:00:00+00:00,LZ_WEST,2025-07-22 23:00:00+00:00,10.256666666666666,11.44333267211914,-0.4712486267089844,28.420167922973633
Chronos2,2025-07-23 00:00:00+00:00,HB_HUBAVG,2025-07-23 00:00:00+00:00,37.369166666666665,31.102684020996094,26.40094757080078,36.80868148803711
Chronos2,2025-07-23 00:00:00+00:00,HB_HUBAVG,2025-07-23 01:00:00+00:00,41.85916666666667,36.246883392333984,30.94571876525879,42.70345687866211
Chronos2,2025-07-23 00:00:00+00:00,HB_HUBAVG,2025-07-23 02:00:00+00:00,43.69,30.991918563842773,26.599483489990234,36.77873611450195
Chronos2,2025-07-23 00:00:00+00:00,HB_HUBAVG,2025-07-23 03:00:00+00:00,47.98500000000001,26.9335880279541,23.192941665649414,31.513534545898438
Chronos2,2025-07-23 00:00:00+00:00,HB_HUBAVG,2025-07-23 04:00:00+00:00,31.64583333333333,24.23271942138672,20.481327056884766,28.311513900756836
Chronos2,2025-07-23 00:00:00+00:00,HB_HUBAVG,2025-07-23 05:00:00+00:00,24.435,23.880403518676758,20.36920738220215,27.883163452148438
Chronos2,2025-07-23 00:00:00+00:00,HB_HUBAVG,2025-07-23 06:00:00+00:00,23.0275,22.817340850830078,19.34330940246582,26.448270797729492
Chronos2,2025-07-23 00:00:00+00:00,HB_HUBAVG,2025-07-23 07:00:00+00:00,22.411666666666665,21.90598487854004,18.396148681640625,25.3028564453125
Chronos2,2025-07-23 00:00:00+00:00,HB_HUBAVG,2025-07-23 08:00:00+00:00,23.055,21.503929138183594,17.909509658813477,25.085988998413086
Chronos2,2025-07-23 00:00:00+00:00,HB_HUBAVG,2025-07-23 09:00:00+00:00,23.499166666666667,21.76365089416504,17.941837310791016,25.635068893432617
Chronos2,2025-07-23 00:00:00+00:00,HB_HUBAVG,2025-07-23 10:00:00+00:00,26.12333333333333,22.084890365600586,18.136886596679688,26.355920791625977
Chronos2,2025-07-23 00:00:00+00:00,HB_HUBAVG,2025-07-23 11:00:00+00:00,29.0175,22.354158401489258,17.803071975708008,27.067340850830078
Chronos2,2025-07-23 00:00:00+00:00,HB_HUBAVG,2025-07-23 12:00:00+00:00,22.7975,19.616779327392578,14.574307441711426,24.693193435668945
Chronos2,2025-07-23 00:00:00+00:00,HB_HUBAVG,2025-07-23 13:00:00+00:00,17.073333333333334,15.165506362915039,9.544307708740234,20.707263946533203
Chronos2,2025-07-23 00:00:00+00:00,HB_HUBAVG,2025-07-23 14:00:00+00:00,14.133333333333333,10.780158042907715,4.428916931152344,16.991609573364258
Chronos2,2025-07-23 00:00:00+00:00,HB_HUBAVG,2025-07-23 15:00:00+00:00,10.495,11.963823318481445,5.701568603515625,18.20624542236328
Chronos2,2025-07-23 00:00:00+00:00,HB_HUBAVG,2025-07-23 16:00:00+00:00,14.025,15.67449951171875,10.3632173538208,21.058448791503906
Chronos2,2025-07-23 00:00:00+00:00,HB_HUBAVG,2025-07-23 17:00:00+00:00,18.65833333333333,18.87350082397461,14.027737617492676,23.407577514648438
Chronos2,2025-07-23 00:00:00+00:00,HB_HUBAVG,2025-07-23 18:00:00+00:00,22.005,21.44234275817871,16.95633888244629,26.143980026245117
Chronos2,2025-07-23 00:00:00+00:00,HB_HUBAVG,2025-07-23 19:00:00+00:00,22.168333333333333,21.08997344970703,16.68974494934082,25.636428833007812
Chronos2,2025-07-23 00:00:00+00:00,HB_HUBAVG,2025-07-23 20:00:00+00:00,19.489166666666662,21.39372444152832,16.78656005859375,26.11695098876953
Chronos2,2025-07-23 00:00:00+00:00,HB_HUBAVG,2025-07-23 21:00:00+00:00,15.521666666666668,20.9591007232666,16.08159065246582,25.931262969970703
Chronos2,2025-07-23 00:00:00+00:00,HB_HUBAVG,2025-07-23 22:00:00+00:00,13.915833333333332,20.64551544189453,15.366413116455078,25.881572723388672
Chronos2,2025-07-23 00:00:00+00:00,HB_HUBAVG,2025-07-23 23:00:00+00:00,16.225833333333334,24.26453399658203,19.001850128173828,30.22032928466797
Chronos2,2025-07-23 00:00:00+00:00,HB_PAN,2025-07-23 00:00:00+00:00,20.37333333333333,15.138559341430664,6.553732872009277,23.58382797241211
Chronos2,2025-07-23 00:00:00+00:00,HB_PAN,2025-07-23 01:00:00+00:00,29.37833333333333,31.459339141845703,21.188819885253906,41.7636833190918
Chronos2,2025-07-23 00:00:00+00:00,HB_PAN,2025-07-23 02:00:00+00:00,18.76333333333333,24.38199806213379,14.284927368164062,35.20486831665039
Chronos2,2025-07-23 00:00:00+00:00,HB_PAN,2025-07-23 03:00:00+00:00,13.571666666666667,18.7114315032959,9.116120338439941,28.169116973876953
Chronos2,2025-07-23 00:00:00+00:00,HB_PAN,2025-07-23 04:00:00+00:00,15.029166666666669,16.02761459350586,6.718344688415527,25.066802978515625
Chronos2,2025-07-23 00:00:00+00:00,HB_PAN,2025-07-23 05:00:00+00:00,21.389166666666668,16.422086715698242,7.230864524841309,25.127016067504883
Chronos2,2025-07-23 00:00:00+00:00,HB_PAN,2025-07-23 06:00:00+00:00,21.77083333333333,15.476616859436035,6.608720779418945,24.073436737060547
Chronos2,2025-07-23 00:00:00+00:00,HB_PAN,2025-07-23 07:00:00+00:00,21.668333333333333,15.315741539001465,6.6449737548828125,23.822532653808594
Chronos2,2025-07-23 00:00:00+00:00,HB_PAN,2025-07-23 08:00:00+00:00,23.0325,15.754854202270508,6.586235046386719,24.097766876220703
Chronos2,2025-07-23 00:00:00+00:00,HB_PAN,2025-07-23 09:00:00+00:00,23.499166666666667,16.393230438232422,7.586653709411621,24.920499801635742
Chronos2,2025-07-23 00:00:00+00:00,HB_PAN,2025-07-23 10:00:00+00:00,26.12333333333333,17.39967918395996,8.41221809387207,25.867460250854492
Chronos2,2025-07-23 00:00:00+00:00,HB_PAN,2025-07-23 11:00:00+00:00,29.03,19.25967788696289,9.932293891906738,28.09952163696289
Chronos2,2025-07-23 00:00:00+00:00,HB_PAN,2025-07-23 12:00:00+00:00,22.7975,17.126237869262695,7.367681503295898,26.116018295288086
Chronos2,2025-07-23 00:00:00+00:00,HB_PAN,2025-07-23 13:00:00+00:00,17.073333333333334,12.31900405883789,2.287996292114258,22.253847122192383
Chronos2,2025-07-23 00:00:00+00:00,HB_PAN,2025-07-23 14:00:00+00:00,12.248333333333331,8.274826049804688,-2.155071258544922,18.22321319580078
Chronos2,2025-07-23 00:00:00+00:00,HB_PAN,2025-07-23 15:00:00+00:00,4.175833333333333,8.414153099060059,-2.3640060424804688,18.864288330078125
Chronos2,2025-07-23 00:00:00+00:00,HB_PAN,2025-07-23 16:00:00+00:00,4.145833333333333,10.100346565246582,-0.4747295379638672,20.63978385925293
Chronos2,2025-07-23 00:00:00+00:00,HB_PAN,2025-07-23 17:00:00+00:00,10.029166666666669,11.683174133300781,0.9093952178955078,22.50053596496582
Chronos2,2025-07-23 00:00:00+00:00,HB_PAN,2025-07-23 18:00:00+00:00,14.599166666666669,13.19933795928955,1.9743728637695312,23.848438262939453
Chronos2,2025-07-23 00:00:00+00:00,HB_PAN,2025-07-23 19:00:00+00:00,14.809166666666668,12.948184967041016,1.7745513916015625,23.835723876953125
Chronos2,2025-07-23 00:00:00+00:00,HB_PAN,2025-07-23 20:00:00+00:00,10.9275,10.68504524230957,-0.11237907409667969,21.967729568481445
Chronos2,2025-07-23 00:00:00+00:00,HB_PAN,2025-07-23 21:00:00+00:00,6.019166666666667,9.001087188720703,-1.6943721771240234,20.02923583984375
Chronos2,2025-07-23 00:00:00+00:00,HB_PAN,2025-07-23 22:00:00+00:00,2.056666666666666,7.157557487487793,-3.4648666381835938,18.145666122436523
Chronos2,2025-07-23 00:00:00+00:00,HB_PAN,2025-07-23 23:00:00+00:00,4.1275,7.303869247436523,-3.6286888122558594,18.756811141967773
Chronos2,2025-07-23 00:00:00+00:00,LZ_WEST,2025-07-23 00:00:00+00:00,32.21333333333333,14.62013053894043,6.4600982666015625,25.03030776977539
Chronos2,2025-07-23 00:00:00+00:00,LZ_WEST,2025-07-23 01:00:00+00:00,56.08166666666667,35.20297622680664,21.43167495727539,51.789649963378906
Chronos2,2025-07-23 00:00:00+00:00,LZ_WEST,2025-07-23 02:00:00+00:00,74.55416666666666,36.704124450683594,21.930782318115234,53.81199264526367
Chronos2,2025-07-23 00:00:00+00:00,LZ_WEST,2025-07-23 03:00:00+00:00,67.63416666666667,38.43134307861328,23.55315589904785,55.757728576660156
Chronos2,2025-07-23 00:00:00+00:00,LZ_WEST,2025-07-23 04:00:00+00:00,45.48916666666667,37.36908721923828,22.476774215698242,54.30067443847656
Chronos2,2025-07-23 00:00:00+00:00,LZ_WEST,2025-07-23 05:00:00+00:00,30.00916666666667,36.833824157714844,21.143413543701172,53.65546417236328
Chronos2,2025-07-23 00:00:00+00:00,LZ_WEST,2025-07-23 06:00:00+00:00,25.37333333333333,34.536346435546875,19.87965965270996,51.77898406982422
Chronos2,2025-07-23 00:00:00+00:00,LZ_WEST,2025-07-23 07:00:00+00:00,23.76083333333333,33.09257888793945,18.69974136352539,49.69564437866211
Chronos2,2025-07-23 00:00:00+00:00,LZ_WEST,2025-07-23 08:00:00+00:00,23.096666666666664,33.78451156616211,19.157896041870117,50.4476203918457
Chronos2,2025-07-23 00:00:00+00:00,LZ_WEST,2025-07-23 09:00:00+00:00,23.499166666666667,33.485801696777344,18.67186737060547,50.431671142578125
Chronos2,2025-07-23 00:00:00+00:00,LZ_WEST,2025-07-23 10:00:00+00:00,26.12333333333333,31.404232025146484,17.426477432250977,48.32011413574219
Chronos2,2025-07-23 00:00:00+00:00,LZ_WEST,2025-07-23 11:00:00+00:00,29.21,29.68186378479004,16.038875579833984,45.86776351928711
Chronos2,2025-07-23 00:00:00+00:00,LZ_WEST,2025-07-23 12:00:00+00:00,22.7975,23.785921096801758,11.331076622009277,39.065887451171875
Chronos2,2025-07-23 00:00:00+00:00,LZ_WEST,2025-07-23 13:00:00+00:00,17.073333333333334,15.7844877243042,4.969701766967773,30.99829864501953
Chronos2,2025-07-23 00:00:00+00:00,LZ_WEST,2025-07-23 14:00:00+00:00,10.451666666666666,10.199548721313477,1.2629661560058594,24.083158493041992
Chronos2,2025-07-23 00:00:00+00:00,LZ_WEST,2025-07-23 15:00:00+00:00,2.0225,9.432665824890137,0.8374652862548828,22.999364852905273
Chronos2,2025-07-23 00:00:00+00:00,LZ_WEST,2025-07-23 16:00:00+00:00,2.004166666666667,11.639026641845703,1.5659599304199219,25.82330894470215
Chronos2,2025-07-23 00:00:00+00:00,LZ_WEST,2025-07-23 17:00:00+00:00,9.455833333333333,13.061039924621582,2.752918243408203,27.540203094482422
Chronos2,2025-07-23 00:00:00+00:00,LZ_WEST,2025-07-23 18:00:00+00:00,13.559166666666668,15.807002067565918,4.526706695556641,31.327274322509766
Chronos2,2025-07-23 00:00:00+00:00,LZ_WEST,2025-07-23 19:00:00+00:00,13.100833333333334,14.795697212219238,3.635683059692383,30.273319244384766
Chronos2,2025-07-23 00:00:00+00:00,LZ_WEST,2025-07-23 20:00:00+00:00,9.291666666666666,14.650444030761719,3.3092212677001953,31.13443374633789
Chronos2,2025-07-23 00:00:00+00:00,LZ_WEST,2025-07-23 21:00:00+00:00,4.588333333333334,13.445511817932129,2.3452491760253906,29.358261108398438
Chronos2,2025-07-23 00:00:00+00:00,LZ_WEST,2025-07-23 22:00:00+00:00,1.025,11.118033409118652,0.5218467712402344,26.132247924804688
Chronos2,2025-07-23 00:00:00+00:00,LZ_WEST,2025-07-23 23:00:00+00:00,3.3125,9.944940567016602,-0.4067726135253906,25.507619857788086
Chronos2,2025-07-24 00:00:00+00:00,HB_HUBAVG,2025-07-24 00:00:00+00:00,35.65416666666667,27.896114349365234,22.714202880859375,35.33720779418945
Chronos2,2025-07-24 00:00:00+00:00,HB_HUBAVG,2025-07-24 01:00:00+00:00,36.759166666666665,34.390933990478516,26.489397048950195,46.87002182006836
Chronos2,2025-07-24 00:00:00+00:00,HB_HUBAVG,2025-07-24 02:00:00+00:00,30.105833333333333,31.24846649169922,23.794849395751953,44.18525695800781
Chronos2,2025-07-24 00:00:00+00:00,HB_HUBAVG,2025-07-24 03:00:00+00:00,25.456666666666667,27.806671142578125,21.667970657348633,37.000389099121094
Chronos2,2025-07-24 00:00:00+00:00,HB_HUBAVG,2025-07-24 04:00:00+00:00,22.6425,24.802494049072266,20.390180587768555,30.152212142944336
Chronos2,2025-07-24 00:00:00+00:00,HB_HUBAVG,2025-07-24 05:00:00+00:00,23.138333333333332,23.593782424926758,20.096609115600586,27.24468994140625
Chronos2,2025-07-24 00:00:00+00:00,HB_HUBAVG,2025-07-24 06:00:00+00:00,22.639166666666668,22.48948860168457,19.16956329345703,25.698638916015625
Chronos2,2025-07-24 00:00:00+00:00,HB_HUBAVG,2025-07-24 07:00:00+00:00,22.826666666666668,21.77142333984375,18.350732803344727,24.871461868286133
Chronos2,2025-07-24 00:00:00+00:00,HB_HUBAVG,2025-07-24 08:00:00+00:00,20.851666666666667,21.395906448364258,18.169218063354492,24.3112850189209
Chronos2,2025-07-24 00:00:00+00:00,HB_HUBAVG,2025-07-24 09:00:00+00:00,20.3175,21.749374389648438,18.234054565429688,24.905881881713867
Chronos2,2025-07-24 00:00:00+00:00,HB_HUBAVG,2025-07-24 10:00:00+00:00,21.276666666666667,22.69438934326172,18.873119354248047,26.71491050720215
Chronos2,2025-07-24 00:00:00+00:00,HB_HUBAVG,2025-07-24 11:00:00+00:00,22.093333333333337,23.795948028564453,18.959423065185547,29.014436721801758
Chronos2,2025-07-24 00:00:00+00:00,HB_HUBAVG,2025-07-24 12:00:00+00:00,19.414166666666667,20.779178619384766,15.305471420288086,26.044219970703125
Chronos2,2025-07-24 00:00:00+00:00,HB_HUBAVG,2025-07-24 13:00:00+00:00,14.319166666666668,16.481578826904297,9.896546363830566,22.425296783447266
Chronos2,2025-07-24 00:00:00+00:00,HB_HUBAVG,2025-07-24 14:00:00+00:00,8.598333333333333,12.695662498474121,5.079322814941406,19.74033546447754
Chronos2,2025-07-24 00:00:00+00:00,HB_HUBAVG,2025-07-24 15:00:00+00:00,15.095,12.561285972595215,4.364099502563477,20.24087142944336
Chronos2,2025-07-24 00:00:00+00:00,HB_HUBAVG,2025-07-24 16:00:00+00:00,21.44333333333333,16.03333854675293,10.507054328918457,21.359691619873047
Chronos2,2025-07-24 00:00:00+00:00,HB_HUBAVG,2025-07-24 17:00:00+00:00,30.5575,18.867380142211914,14.285624504089355,22.802387237548828
Chronos2,2025-07-24 00:00:00+00:00,HB_HUBAVG,2025-07-24 18:00:00+00:00,36.873333333333335,20.816791534423828,16.817508697509766,24.69137954711914
Chronos2,2025-07-24 00:00:00+00:00,HB_HUBAVG,2025-07-24 19:00:00+00:00,28.21083333333333,21.018817901611328,16.999393463134766,24.705677032470703
Chronos2,2025-07-24 00:00:00+00:00,HB_HUBAVG,2025-07-24 20:00:00+00:00,35.299166666666665,20.857742309570312,16.633941650390625,24.589170455932617
Chronos2,2025-07-24 00:00:00+00:00,HB_HUBAVG,2025-07-24 21:00:00+00:00,32.0025,19.790151596069336,15.177313804626465,23.745424270629883
Chronos2,2025-07-24 00:00:00+00:00,HB_HUBAVG,2025-07-24 22:00:00+00:00,39.344166666666666,19.915592193603516,14.579169273376465,24.843957901000977
Chronos2,2025-07-24 00:00:00+00:00,HB_HUBAVG,2025-07-24 23:00:00+00:00,48.47166666666666,22.91087532043457,16.342615127563477,30.791704177856445
Chronos2,2025-07-24 00:00:00+00:00,HB_PAN,2025-07-24 00:00:00+00:00,24.040000000000003,16.762962341308594,9.90368366241455,23.650909423828125
Chronos2,2025-07-24 00:00:00+00:00,HB_PAN,2025-07-24 01:00:00+00:00,29.808333333333337,29.169652938842773,21.14480972290039,37.25507736206055
Chronos2,2025-07-24 00:00:00+00:00,HB_PAN,2025-07-24 02:00:00+00:00,23.71166666666667,22.071182250976562,13.971598625183105,30.46227264404297
Chronos2,2025-07-24 00:00:00+00:00,HB_PAN,2025-07-24 03:00:00+00:00,17.365833333333335,17.098888397216797,8.355356216430664,25.4522705078125
Chronos2,2025-07-24 00:00:00+00:00,HB_PAN,2025-07-24 04:00:00+00:00,17.50166666666667,16.389503479003906,7.636241912841797,24.952659606933594
Chronos2,2025-07-24 00:00:00+00:00,HB_PAN,2025-07-24 05:00:00+00:00,13.409999999999998,18.786020278930664,9.97860336303711,27.27298927307129
Chronos2,2025-07-24 00:00:00+00:00,HB_PAN,2025-07-24 06:00:00+00:00,12.075833333333334,18.641189575195312,9.66901969909668,27.250492095947266
Chronos2,2025-07-24 00:00:00+00:00,HB_PAN,2025-07-24 07:00:00+00:00,12.766666666666666,18.639198303222656,9.658924102783203,27.307910919189453
Chronos2,2025-07-24 00:00:00+00:00,HB_PAN,2025-07-24 08:00:00+00:00,17.336666666666666,19.10151481628418,10.25862979888916,27.560100555419922
Chronos2,2025-07-24 00:00:00+00:00,HB_PAN,2025-07-24 09:00:00+00:00,18.511666666666667,19.77273178100586,11.11164665222168,28.44019317626953
Chronos2,2025-07-24 00:00:00+00:00,HB_PAN,2025-07-24 10:00:00+00:00,19.186666666666667,21.634891510009766,12.960412979125977,30.267101287841797
Chronos2,2025-07-24 00:00:00+00:00,HB_PAN,2025-07-24 11:00:00+00:00,21.16583333333333,23.419628143310547,14.810647010803223,32.347015380859375
Chronos2,2025-07-24 00:00:00+00:00,HB_PAN,2025-07-24 12:00:00+00:00,19.031666666666663,21.08867645263672,12.278555870056152,29.90254020690918
Chronos2,2025-07-24 00:00:00+00:00,HB_PAN,2025-07-24 13:00:00+00:00,14.148333333333332,16.652084350585938,7.382576942443848,25.342220306396484
Chronos2,2025-07-24 00:00:00+00:00,HB_PAN,2025-07-24 14:00:00+00:00,3.806666666666666,11.895309448242188,2.104595184326172,21.06094741821289
Chronos2,2025-07-24 00:00:00+00:00,HB_PAN,2025-07-24 15:00:00+00:00,11.774166666666666,10.060258865356445,-0.061466217041015625,19.978322982788086
Chronos2,2025-07-24 00:00:00+00:00,HB_PAN,2025-07-24 16:00:00+00:00,18.70583333333333,13.219493865966797,3.3247032165527344,22.77859878540039
Chronos2,2025-07-24 00:00:00+00:00,HB_PAN,2025-07-24 17:00:00+00:00,24.848333333333333,15.41768741607666,5.668523788452148,24.713092803955078
Chronos2,2025-07-24 00:00:00+00:00,HB_PAN,2025-07-24 18:00:00+00:00,26.59083333333333,17.62701988220215,7.973700523376465,26.696815490722656
Chronos2,2025-07-24 00:00:00+00:00,HB_PAN,2025-07-24 19:00:00+00:00,22.04083333333333,17.47998046875,7.8007707595825195,26.494224548339844
Chronos2,2025-07-24 00:00:00+00:00,HB_PAN,2025-07-24 20:00:00+00:00,22.02083333333333,14.461329460144043,4.480191230773926,23.835147857666016
Chronos2,2025-07-24 00:00:00+00:00,HB_PAN,2025-07-24 21:00:00+00:00,23.31,11.461071014404297,1.4469356536865234,20.98871612548828
Chronos2,2025-07-24 00:00:00+00:00,HB_PAN,2025-07-24 22:00:00+00:00,25.475,8.383296012878418,-1.739114761352539,18.164955139160156
Chronos2,2025-07-24 00:00:00+00:00,HB_PAN,2025-07-24 23:00:00+00:00,30.23166666666667,8.420641899108887,-1.7018451690673828,18.573585510253906
Chronos2,2025-07-24 00:00:00+00:00,LZ_WEST,2025-07-24 00:00:00+00:00,25.136666666666667,15.804011344909668,5.995969772338867,26.539573669433594
Chronos2,2025-07-24 00:00:00+00:00,LZ_WEST,2025-07-24 01:00:00+00:00,46.64416666666667,38.207130432128906,25.888713836669922,52.677520751953125
Chronos2,2025-07-24 00:00:00+00:00,LZ_WEST,2025-07-24 02:00:00+00:00,43.9,40.30824279785156,28.07065200805664,54.98899841308594
Chronos2,2025-07-24 00:00:00+00:00,LZ_WEST,2025-07-24 03:00:00+00:00,43.14666666666667,40.976104736328125,29.218460083007812,55.32121276855469
Chronos2,2025-07-24 00:00:00+00:00,LZ_WEST,2025-07-24 04:00:00+00:00,36.52916666666667,39.65214920043945,27.930997848510742,53.072425842285156
Chronos2,2025-07-24 00:00:00+00:00,LZ_WEST,2025-07-24 05:00:00+00:00,58.565,37.44139099121094,25.78065299987793,51.25704574584961
Chronos2,2025-07-24 00:00:00+00:00,LZ_WEST,2025-07-24 06:00:00+00:00,57.30666666666667,34.9967041015625,22.941186904907227,48.90758514404297
Chronos2,2025-07-24 00:00:00+00:00,LZ_WEST,2025-07-24 07:00:00+00:00,61.11666666666667,33.06886291503906,20.875301361083984,46.58624267578125
Chronos2,2025-07-24 00:00:00+00:00,LZ_WEST,2025-07-24 08:00:00+00:00,42.11666666666667,31.25735855102539,19.147096633911133,44.793434143066406
Chronos2,2025-07-24 00:00:00+00:00,LZ_WEST,2025-07-24 09:00:00+00:00,39.82416666666666,29.278457641601562,17.215045928955078,42.81080627441406
Chronos2,2025-07-24 00:00:00+00:00,LZ_WEST,2025-07-24 10:00:00+00:00,43.98333333333333,28.254108428955078,16.659442901611328,41.29071044921875
Chronos2,2025-07-24 00:00:00+00:00,LZ_WEST,2025-07-24 11:00:00+00:00,32.12083333333333,26.99667739868164,15.458296775817871,39.5584716796875
Chronos2,2025-07-24 00:00:00+00:00,LZ_WEST,2025-07-24 12:00:00+00:00,23.569166666666664,22.291364669799805,11.10937786102295,34.9729118347168
Chronos2,2025-07-24 00:00:00+00:00,LZ_WEST,2025-07-24 13:00:00+00:00,14.205,15.480040550231934,4.60484504699707,27.702552795410156
Chronos2,2025-07-24 00:00:00+00:00,LZ_WEST,2025-07-24 14:00:00+00:00,4.4591666666666665,10.86147689819336,1.079977035522461,22.99197006225586
Chronos2,2025-07-24 00:00:00+00:00,LZ_WEST,2025-07-24 15:00:00+00:00,12.156666666666666,9.584783554077148,0.1606884002685547,21.361032485961914
Chronos2,2025-07-24 00:00:00+00:00,LZ_WEST,2025-07-24 16:00:00+00:00,19.55333333333333,11.522830963134766,1.4326591491699219,22.77698516845703
Chronos2,2025-07-24 00:00:00+00:00,LZ_WEST,2025-07-24 17:00:00+00:00,26.505,12.480500221252441,2.2397384643554688,23.24386978149414
Chronos2,2025-07-24 00:00:00+00:00,LZ_WEST,2025-07-24 18:00:00+00:00,30.02,14.470908164978027,3.859426498413086,25.80459976196289
Chronos2,2025-07-24 00:00:00+00:00,LZ_WEST,2025-07-24 19:00:00+00:00,29.035,14.250489234924316,3.8902435302734375,25.422073364257812
Chronos2,2025-07-24 00:00:00+00:00,LZ_WEST,2025-07-24 20:00:00+00:00,41.35583333333333,13.20673656463623,2.622617721557617,25.24645233154297
Chronos2,2025-07-24 00:00:00+00:00,LZ_WEST,2025-07-24 21:00:00+00:00,39.72083333333333,11.956231117248535,1.0724105834960938,23.813396453857422
Chronos2,2025-07-24 00:00:00+00:00,LZ_WEST,2025-07-24 22:00:00+00:00,44.321666666666665,10.443402290344238,-0.8943920135498047,22.5726318359375
Chronos2,2025-07-24 00:00:00+00:00,LZ_WEST,2025-07-24 23:00:00+00:00,41.295,10.120271682739258,-1.0993461608886719,23.377357482910156
Chronos2,2025-07-25 00:00:00+00:00,HB_HUBAVG,2025-07-25 00:00:00+00:00,48.07083333333333,58.314697265625,47.97301483154297,70.78782653808594
Chronos2,2025-07-25 00:00:00+00:00,HB_HUBAVG,2025-07-25 01:00:00+00:00,37.3775,54.54203796386719,42.73143005371094,70.08934020996094
Chronos2,2025-07-25 00:00:00+00:00,HB_HUBAVG,2025-07-25 02:00:00+00:00,27.781666666666663,45.86738204956055,33.78279495239258,60.97087478637695
Chronos2,2025-07-25 00:00:00+00:00,HB_HUBAVG,2025-07-25 03:00:00+00:00,27.845,37.69669723510742,27.86513900756836,52.02356719970703
Chronos2,2025-07-25 00:00:00+00:00,HB_HUBAVG,2025-07-25 04:00:00+00:00,26.16583333333333,30.591567993164062,22.601089477539062,43.259368896484375
Chronos2,2025-07-25 00:00:00+00:00,HB_HUBAVG,2025-07-25 05:00:00+00:00,25.3425,28.244773864746094,20.8392333984375,40.25613021850586
Chronos2,2025-07-25 00:00:00+00:00,HB_HUBAVG,2025-07-25 06:00:00+00:00,26.226666666666663,26.88910675048828,19.639169692993164,38.53310012817383
Chronos2,2025-07-25 00:00:00+00:00,HB_HUBAVG,2025-07-25 07:00:00+00:00,30.006666666666664,25.728113174438477,18.6691951751709,37.22644805908203
Chronos2,2025-07-25 00:00:00+00:00,HB_HUBAVG,2025-07-25 08:00:00+00:00,33.86,25.140966415405273,17.901784896850586,36.351417541503906
Chronos2,2025-07-25 00:00:00+00:00,HB_HUBAVG,2025-07-25 09:00:00+00:00,30.555000000000003,25.496007919311523,18.064884185791016,37.35293960571289
Chronos2,2025-07-25 00:00:00+00:00,HB_HUBAVG,2025-07-25 10:00:00+00:00,33.248333333333335,26.899194717407227,19.043468475341797,40.00648880004883
Chronos2,2025-07-25 00:00:00+00:00,HB_HUBAVG,2025-07-25 11:00:00+00:00,38.02666666666666,28.26628303527832,19.654678344726562,42.47767639160156
Chronos2,2025-07-25 00:00:00+00:00,HB_HUBAVG,2025-07-25 12:00:00+00:00,27.935,25.408357620239258,16.97930335998535,39.46576690673828
Chronos2,2025-07-25 00:00:00+00:00,HB_HUBAVG,2025-07-25 13:00:00+00:00,23.204166666666666,21.19780731201172,12.748307228088379,34.936981201171875
Chronos2,2025-07-25 00:00:00+00:00,HB_HUBAVG,2025-07-25 14:00:00+00:00,24.31083333333333,17.78152847290039,9.13955307006836,31.01829719543457
Chronos2,2025-07-25 00:00:00+00:00,HB_HUBAVG,2025-07-25 15:00:00+00:00,24.114166666666662,17.368215560913086,8.082344055175781,31.31936264038086
Chronos2,2025-07-25 00:00:00+00:00,HB_HUBAVG,2025-07-25 16:00:00+00:00,26.92083333333333,20.70501708984375,12.585824966430664,34.3392448425293
Chronos2,2025-07-25 00:00:00+00:00,HB_HUBAVG,2025-07-25 17:00:00+00:00,37.0425,23.94829750061035,16.004737854003906,37.712677001953125
Chronos2,2025-07-25 00:00:00+00:00,HB_HUBAVG,2025-07-25 18:00:00+00:00,47.815,26.346372604370117,18.205957412719727,41.02587127685547
Chronos2,2025-07-25 00:00:00+00:00,HB_HUBAVG,2025-07-25 19:00:00+00:00,52.22666666666667,25.596267700195312,17.675989151000977,39.999359130859375
Chronos2,2025-07-25 00:00:00+00:00,HB_HUBAVG,2025-07-25 20:00:00+00:00,70.95416666666667,26.297521591186523,18.287111282348633,40.529090881347656
Chronos2,2025-07-25 00:00:00+00:00,HB_HUBAVG,2025-07-25 21:00:00+00:00,42.12166666666666,25.272296905517578,16.826618194580078,40.536285400390625
Chronos2,2025-07-25 00:00:00+00:00,HB_HUBAVG,2025-07-25 22:00:00+00:00,68.9075,26.322893142700195,17.115575790405273,44.07892990112305
Chronos2,2025-07-25 00:00:00+00:00,HB_HUBAVG,2025-07-25 23:00:00+00:00,58.74166666666667,30.771644592285156,20.6014461517334,51.67053985595703
Chronos2,2025-07-25 00:00:00+00:00,HB_PAN,2025-07-25 00:00:00+00:00,41.69083333333334,37.015159606933594,30.658723831176758,42.81332778930664
Chronos2,2025-07-25 00:00:00+00:00,HB_PAN,2025-07-25 01:00:00+00:00,36.525,37.039100646972656,29.38442039489746,44.372230529785156
Chronos2,2025-07-25 00:00:00+00:00,HB_PAN,2025-07-25 02:00:00+00:00,26.53333333333333,29.616531372070312,21.618038177490234,38.12297058105469
Chronos2,2025-07-25 00:00:00+00:00,HB_PAN,2025-07-25 03:00:00+00:00,21.598333333333333,23.237279891967773,14.788280487060547,31.872669219970703
Chronos2,2025-07-25 00:00:00+00:00,HB_PAN,2025-07-25 04:00:00+00:00,15.915833333333332,19.986181259155273,11.604214668273926,28.955202102661133
Chronos2,2025-07-25 00:00:00+00:00,HB_PAN,2025-07-25 05:00:00+00:00,25.55333333333333,21.19350242614746,12.696399688720703,29.84794807434082
Chronos2,2025-07-25 00:00:00+00:00,HB_PAN,2025-07-25 06:00:00+00:00,23.661666666666665,20.557388305664062,12.14025592803955,29.315387725830078
Chronos2,2025-07-25 00:00:00+00:00,HB_PAN,2025-07-25 07:00:00+00:00,27.315,21.023624420166016,12.353189468383789,29.825990676879883
Chronos2,2025-07-25 00:00:00+00:00,HB_PAN,2025-07-25 08:00:00+00:00,34.431666666666665,20.15939712524414,11.503576278686523,29.046558380126953
Chronos2,2025-07-25 00:00:00+00:00,HB_PAN,2025-07-25 09:00:00+00:00,33.43833333333333,20.79520034790039,12.114202499389648,29.96976089477539
Chronos2,2025-07-25 00:00:00+00:00,HB_PAN,2025-07-25 10:00:00+00:00,36.87166666666667,23.965457916259766,15.665287971496582,33.317813873291016
Chronos2,2025-07-25 00:00:00+00:00,HB_PAN,2025-07-25 11:00:00+00:00,44.96,26.433238983154297,17.75004768371582,36.17913818359375
Chronos2,2025-07-25 00:00:00+00:00,HB_PAN,2025-07-25 12:00:00+00:00,29.75333333333333,23.193979263305664,14.396594047546387,32.92357635498047
Chronos2,2025-07-25 00:00:00+00:00,HB_PAN,2025-07-25 13:00:00+00:00,23.331666666666667,19.181901931762695,9.929306030273438,28.470727920532227
Chronos2,2025-07-25 00:00:00+00:00,HB_PAN,2025-07-25 14:00:00+00:00,24.31083333333333,14.906251907348633,5.152582168579102,24.50375747680664
Chronos2,2025-07-25 00:00:00+00:00,HB_PAN,2025-07-25 15:00:00+00:00,24.114166666666662,14.4832124710083,4.08238410949707,24.53689956665039
Chronos2,2025-07-25 00:00:00+00:00,HB_PAN,2025-07-25 16:00:00+00:00,26.825833333333332,16.818967819213867,6.565686225891113,27.143047332763672
Chronos2,2025-07-25 00:00:00+00:00,HB_PAN,2025-07-25 17:00:00+00:00,37.009166666666665,19.502588272094727,9.411225318908691,29.702728271484375
Chronos2,2025-07-25 00:00:00+00:00,HB_PAN,2025-07-25 18:00:00+00:00,47.84333333333333,21.581653594970703,11.582998275756836,31.766286849975586
Chronos2,2025-07-25 00:00:00+00:00,HB_PAN,2025-07-25 19:00:00+00:00,52.4175,20.623598098754883,10.450603485107422,31.559112548828125
Chronos2,2025-07-25 00:00:00+00:00,HB_PAN,2025-07-25 20:00:00+00:00,71.40333333333334,18.46659278869629,8.023205757141113,29.355567932128906
Chronos2,2025-07-25 00:00:00+00:00,HB_PAN,2025-07-25 21:00:00+00:00,37.70916666666667,15.903962135314941,5.182279586791992,26.920997619628906
Chronos2,2025-07-25 00:00:00+00:00,HB_PAN,2025-07-25 22:00:00+00:00,70.38583333333334,12.678632736206055,1.3407745361328125,23.838266372680664
Chronos2,2025-07-25 00:00:00+00:00,HB_PAN,2025-07-25 23:00:00+00:00,60.42416666666667,12.760038375854492,1.6477165222167969,24.568662643432617
Chronos2,2025-07-25 00:00:00+00:00,LZ_WEST,2025-07-25 00:00:00+00:00,44.81333333333333,47.67342758178711,35.00136184692383,61.38079071044922
Chronos2,2025-07-25 00:00:00+00:00,LZ_WEST,2025-07-25 01:00:00+00:00,37.22833333333333,59.251190185546875,44.06772232055664,76.0967788696289
Chronos2,2025-07-25 00:00:00+00:00,LZ_WEST,2025-07-25 02:00:00+00:00,28.718333333333337,59.78241729736328,43.592620849609375,79.06024169921875
Chronos2,2025-07-25 00:00:00+00:00,LZ_WEST,2025-07-25 03:00:00+00:00,39.28333333333333,58.420875549316406,40.70689392089844,79.929931640625
Chronos2,2025-07-25 00:00:00+00:00,LZ_WEST,2025-07-25 04:00:00+00:00,47.8675,53.203468322753906,34.1005973815918,75.98747253417969
Chronos2,2025-07-25 00:00:00+00:00,LZ_WEST,2025-07-25 05:00:00+00:00,52.21333333333333,50.10618591308594,31.379348754882812,73.50542449951172
Chronos2,2025-07-25 00:00:00+00:00,LZ_WEST,2025-07-25 06:00:00+00:00,69.87583333333333,46.506919860839844,27.231962203979492,71.65604400634766
Chronos2,2025-07-25 00:00:00+00:00,LZ_WEST,2025-07-25 07:00:00+00:00,70.7375,42.44055938720703,23.78368377685547,68.40446472167969
Chronos2,2025-07-25 00:00:00+00:00,LZ_WEST,2025-07-25 08:00:00+00:00,73.76583333333333,39.83785629272461,22.05410385131836,65.05048370361328
Chronos2,2025-07-25 00:00:00+00:00,LZ_WEST,2025-07-25 09:00:00+00:00,62.76,37.8339729309082,20.538984298706055,62.965782165527344
Chronos2,2025-07-25 00:00:00+00:00,LZ_WEST,2025-07-25 10:00:00+00:00,86.27749999999999,35.928707122802734,19.35375213623047,60.101768493652344
Chronos2,2025-07-25 00:00:00+00:00,LZ_WEST,2025-07-25 11:00:00+00:00,136.8925,34.04197311401367,18.260997772216797,55.839595794677734
Chronos2,2025-07-25 00:00:00+00:00,LZ_WEST,2025-07-25 12:00:00+00:00,53.84666666666666,28.41944122314453,14.009427070617676,48.425636291503906
Chronos2,2025-07-25 00:00:00+00:00,LZ_WEST,2025-07-25 13:00:00+00:00,25.1125,22.09864616394043,8.523263931274414,40.852394104003906
Chronos2,2025-07-25 00:00:00+00:00,LZ_WEST,2025-07-25 14:00:00+00:00,24.3625,17.116355895996094,4.196317672729492,35.29961395263672
Chronos2,2025-07-25 00:00:00+00:00,LZ_WEST,2025-07-25 15:00:00+00:00,24.114166666666662,15.958148956298828,3.28857421875,34.84714126586914
Chronos2,2025-07-25 00:00:00+00:00,LZ_WEST,2025-07-25 16:00:00+00:00,26.71,16.320579528808594,4.130136489868164,34.61308288574219
Chronos2,2025-07-25 00:00:00+00:00,LZ_WEST,2025-07-25 17:00:00+00:00,36.96,18.249393463134766,5.841161727905273,37.061466217041016
Chronos2,2025-07-25 00:00:00+00:00,LZ_WEST,2025-07-25 18:00:00+00:00,47.80833333333334,20.607784271240234,7.718349456787109,39.552040100097656
Chronos2,2025-07-25 00:00:00+00:00,LZ_WEST,2025-07-25 19:00:00+00:00,52.41083333333333,20.10198974609375,7.000268936157227,40.15399932861328
Chronos2,2025-07-25 00:00:00+00:00,LZ_WEST,2025-07-25 20:00:00+00:00,78.2325,21.16452407836914,6.970132827758789,42.665618896484375
Chronos2,2025-07-25 00:00:00+00:00,LZ_WEST,2025-07-25 21:00:00+00:00,83.99,20.999420166015625,6.479745864868164,43.69618225097656
Chronos2,2025-07-25 00:00:00+00:00,LZ_WEST,2025-07-25 22:00:00+00:00,71.03083333333333,19.416263580322266,4.885082244873047,43.17665100097656
Chronos2,2025-07-25 00:00:00+00:00,LZ_WEST,2025-07-25 23:00:00+00:00,60.9375,18.037778854370117,3.7102108001708984,41.323402404785156
Chronos2,2025-07-26 00:00:00+00:00,HB_HUBAVG,2025-07-26 00:00:00+00:00,42.4525,55.95459747314453,44.52216339111328,80.03976440429688
Chronos2,2025-07-26 00:00:00+00:00,HB_HUBAVG,2025-07-26 01:00:00+00:00,41.50666666666667,48.180538177490234,35.72322082519531,69.73932647705078
Chronos2,2025-07-26 00:00:00+00:00,HB_HUBAVG,2025-07-26 02:00:00+00:00,41.26916666666667,38.678958892822266,29.136354446411133,59.16632080078125
Chronos2,2025-07-26 00:00:00+00:00,HB_HUBAVG,2025-07-26 03:00:00+00:00,33.5,33.794254302978516,26.336044311523438,51.553916931152344
Chronos2,2025-07-26 00:00:00+00:00,HB_HUBAVG,2025-07-26 04:00:00+00:00,31.31833333333333,30.286235809326172,23.903226852416992,45.423648834228516
Chronos2,2025-07-26 00:00:00+00:00,HB_HUBAVG,2025-07-26 05:00:00+00:00,30.3025,29.414249420166016,23.538667678833008,43.8671875
Chronos2,2025-07-26 00:00:00+00:00,HB_HUBAVG,2025-07-26 06:00:00+00:00,26.36583333333333,29.509366989135742,23.54916000366211,44.625545501708984
Chronos2,2025-07-26 00:00:00+00:00,HB_HUBAVG,2025-07-26 07:00:00+00:00,25.22833333333333,30.65784454345703,24.239540100097656,46.20222473144531
Chronos2,2025-07-26 00:00:00+00:00,HB_HUBAVG,2025-07-26 08:00:00+00:00,23.7375,30.587196350097656,24.038896560668945,47.29204559326172
Chronos2,2025-07-26 00:00:00+00:00,HB_HUBAVG,2025-07-26 09:00:00+00:00,24.719166666666663,30.670433044433594,23.642518997192383,48.662010192871094
Chronos2,2025-07-26 00:00:00+00:00,HB_HUBAVG,2025-07-26 10:00:00+00:00,27.95833333333333,31.093338012695312,23.397668838500977,51.24781799316406
Chronos2,2025-07-26 00:00:00+00:00,HB_HUBAVG,2025-07-26 11:00:00+00:00,27.209166666666665,31.175270080566406,22.655414581298828,53.286521911621094
Chronos2,2025-07-26 00:00:00+00:00,HB_HUBAVG,2025-07-26 12:00:00+00:00,23.08833333333333,26.80270767211914,18.516578674316406,49.25091552734375
Chronos2,2025-07-26 00:00:00+00:00,HB_HUBAVG,2025-07-26 13:00:00+00:00,21.933333333333337,22.149152755737305,13.61218547821045,43.90827178955078
Chronos2,2025-07-26 00:00:00+00:00,HB_HUBAVG,2025-07-26 14:00:00+00:00,18.354166666666668,18.695724487304688,10.09199047088623,39.387882232666016
Chronos2,2025-07-26 00:00:00+00:00,HB_HUBAVG,2025-07-26 15:00:00+00:00,15.765833333333331,20.161603927612305,9.84375,46.7401123046875
Chronos2,2025-07-26 00:00:00+00:00,HB_HUBAVG,2025-07-26 16:00:00+00:00,22.6625,24.514163970947266,14.443103790283203,52.845115661621094
Chronos2,2025-07-26 00:00:00+00:00,HB_HUBAVG,2025-07-26 17:00:00+00:00,33.97416666666667,29.979434967041016,19.328554153442383,61.29374694824219
Chronos2,2025-07-26 00:00:00+00:00,HB_HUBAVG,2025-07-26 18:00:00+00:00,47.04833333333334,33.334327697753906,20.981281280517578,67.90171813964844
Chronos2,2025-07-26 00:00:00+00:00,HB_HUBAVG,2025-07-26 19:00:00+00:00,47.68833333333333,33.81608581542969,20.56071662902832,72.10428619384766
Chronos2,2025-07-26 00:00:00+00:00,HB_HUBAVG,2025-07-26 20:00:00+00:00,45.575,35.063690185546875,20.144201278686523,71.41853332519531
Chronos2,2025-07-26 00:00:00+00:00,HB_HUBAVG,2025-07-26 21:00:00+00:00,39.39,33.35944366455078,18.744728088378906,73.04950714111328
Chronos2,2025-07-26 00:00:00+00:00,HB_HUBAVG,2025-07-26 22:00:00+00:00,31.041666666666668,33.72075653076172,18.994007110595703,71.88113403320312
Chronos2,2025-07-26 00:00:00+00:00,HB_HUBAVG,2025-07-26 23:00:00+00:00,22.14,38.082008361816406,23.03158950805664,75.73485565185547
Chronos2,2025-07-26 00:00:00+00:00,HB_PAN,2025-07-26 00:00:00+00:00,43.10833333333333,68.30778503417969,44.99827575683594,94.59901428222656
Chronos2,2025-07-26 00:00:00+00:00,HB_PAN,2025-07-26 01:00:00+00:00,43.10916666666666,65.55667114257812,39.568763732910156,98.76760864257812
Chronos2,2025-07-26 00:00:00+00:00,HB_PAN,2025-07-26 02:00:00+00:00,43.93833333333333,57.46101760864258,31.171356201171875,94.01382446289062
Chronos2,2025-07-26 00:00:00+00:00,HB_PAN,2025-07-26 03:00:00+00:00,35.78666666666667,48.857887268066406,25.344757080078125,87.20510864257812
Chronos2,2025-07-26 00:00:00+00:00,HB_PAN,2025-07-26 04:00:00+00:00,34.01166666666666,44.62018585205078,21.945423126220703,85.60823059082031
Chronos2,2025-07-26 00:00:00+00:00,HB_PAN,2025-07-26 05:00:00+00:00,32.865833333333335,45.237831115722656,22.77604103088379,86.30424499511719
Chronos2,2025-07-26 00:00:00+00:00,HB_PAN,2025-07-26 06:00:00+00:00,27.555833333333336,45.720481872558594,22.120283126831055,92.69816589355469
Chronos2,2025-07-26 00:00:00+00:00,HB_PAN,2025-07-26 07:00:00+00:00,26.57333333333333,46.20904541015625,22.407506942749023,92.82743835449219
Chronos2,2025-07-26 00:00:00+00:00,HB_PAN,2025-07-26 08:00:00+00:00,24.1975,47.184104919433594,23.122215270996094,92.44943237304688
Chronos2,2025-07-26 00:00:00+00:00,HB_PAN,2025-07-26 09:00:00+00:00,25.0275,47.886192321777344,23.514087677001953,93.99160766601562
Chronos2,2025-07-26 00:00:00+00:00,HB_PAN,2025-07-26 10:00:00+00:00,28.6725,49.50086975097656,24.790557861328125,97.25018310546875
Chronos2,2025-07-26 00:00:00+00:00,HB_PAN,2025-07-26 11:00:00+00:00,27.9175,50.20621109008789,24.618988037109375,98.77816772460938
Chronos2,2025-07-26 00:00:00+00:00,HB_PAN,2025-07-26 12:00:00+00:00,23.44083333333333,47.144004821777344,21.352046966552734,99.85511779785156
Chronos2,2025-07-26 00:00:00+00:00,HB_PAN,2025-07-26 13:00:00+00:00,22.39333333333333,42.5605583190918,17.801525115966797,95.30142211914062
Chronos2,2025-07-26 00:00:00+00:00,HB_PAN,2025-07-26 14:00:00+00:00,19.098333333333333,36.87626647949219,13.516201972961426,94.20234680175781
Chronos2,2025-07-26 00:00:00+00:00,HB_PAN,2025-07-26 15:00:00+00:00,16.583333333333332,36.124046325683594,12.316414833068848,96.92971801757812
Chronos2,2025-07-26 00:00:00+00:00,HB_PAN,2025-07-26 16:00:00+00:00,24.471666666666668,39.23210906982422,13.761783599853516,102.82992553710938
Chronos2,2025-07-26 00:00:00+00:00,HB_PAN,2025-07-26 17:00:00+00:00,36.435833333333335,43.17420959472656,17.409915924072266,103.29653930664062
Chronos2,2025-07-26 00:00:00+00:00,HB_PAN,2025-07-26 18:00:00+00:00,51.13583333333333,44.63526153564453,17.71946907043457,104.74870300292969
Chronos2,2025-07-26 00:00:00+00:00,HB_PAN,2025-07-26 19:00:00+00:00,51.84833333333333,45.735633850097656,17.237272262573242,108.50970458984375
Chronos2,2025-07-26 00:00:00+00:00,HB_PAN,2025-07-26 20:00:00+00:00,49.145833333333336,43.95874786376953,15.246999740600586,110.61048889160156
Chronos2,2025-07-26 00:00:00+00:00,HB_PAN,2025-07-26 21:00:00+00:00,40.74666666666666,42.82508087158203,13.588273048400879,107.25520324707031
Chronos2,2025-07-26 00:00:00+00:00,HB_PAN,2025-07-26 22:00:00+00:00,27.545,41.77477264404297,12.873552322387695,108.16230773925781
Chronos2,2025-07-26 00:00:00+00:00,HB_PAN,2025-07-26 23:00:00+00:00,18.31083333333333,42.96555709838867,13.73971176147461,113.72750854492188
Chronos2,2025-07-26 00:00:00+00:00,LZ_WEST,2025-07-26 00:00:00+00:00,43.34583333333333,62.38390350341797,40.07402801513672,86.68714141845703
Chronos2,2025-07-26 00:00:00+00:00,LZ_WEST,2025-07-26 01:00:00+00:00,54.17666666666667,64.3232421875,38.89747619628906,95.41831970214844
Chronos2,2025-07-26 00:00:00+00:00,LZ_WEST,2025-07-26 02:00:00+00:00,53.38583333333333,63.896636962890625,36.69449234008789,96.78992462158203
Chronos2,2025-07-26 00:00:00+00:00,LZ_WEST,2025-07-26 03:00:00+00:00,57.009166666666665,63.5546760559082,36.24835205078125,99.43624114990234
Chronos2,2025-07-26 00:00:00+00:00,LZ_WEST,2025-07-26 04:00:00+00:00,60.6375,63.416664123535156,36.03270721435547,100.07048797607422
Chronos2,2025-07-26 00:00:00+00:00,LZ_WEST,2025-07-26 05:00:00+00:00,59.91833333333333,64.49244689941406,36.78470230102539,104.00282287597656
Chronos2,2025-07-26 00:00:00+00:00,LZ_WEST,2025-07-26 06:00:00+00:00,39.767500000000005,65.42713928222656,35.89949417114258,107.98570251464844
Chronos2,2025-07-26 00:00:00+00:00,LZ_WEST,2025-07-26 07:00:00+00:00,39.29333333333333,64.0977783203125,33.5489501953125,112.04885864257812
Chronos2,2025-07-26 00:00:00+00:00,LZ_WEST,2025-07-26 08:00:00+00:00,26.2175,60.849571228027344,30.367769241333008,109.20723724365234
Chronos2,2025-07-26 00:00:00+00:00,LZ_WEST,2025-07-26 09:00:00+00:00,30.194166666666664,58.04671096801758,26.590805053710938,112.43475341796875
Chronos2,2025-07-26 00:00:00+00:00,LZ_WEST,2025-07-26 10:00:00+00:00,30.27833333333333,56.1932373046875,23.930004119873047,112.53805541992188
Chronos2,2025-07-26 00:00:00+00:00,LZ_WEST,2025-07-26 11:00:00+00:00,29.346666666666664,53.237403869628906,22.41301155090332,107.68236541748047
Chronos2,2025-07-26 00:00:00+00:00,LZ_WEST,2025-07-26 12:00:00+00:00,24.390833333333333,43.0336799621582,16.182857513427734,92.49400329589844
Chronos2,2025-07-26 00:00:00+00:00,LZ_WEST,2025-07-26 13:00:00+00:00,22.7675,32.99529266357422,9.380678176879883,73.73573303222656
Chronos2,2025-07-26 00:00:00+00:00,LZ_WEST,2025-07-26 14:00:00+00:00,19.758333333333333,26.864585876464844,5.40205192565918,63.651893615722656
Chronos2,2025-07-26 00:00:00+00:00,LZ_WEST,2025-07-26 15:00:00+00:00,17.06416666666667,25.454586029052734,4.073280334472656,60.63545227050781
Chronos2,2025-07-26 00:00:00+00:00,LZ_WEST,2025-07-26 16:00:00+00:00,25.356666666666666,27.278623580932617,6.416242599487305,62.645355224609375
Chronos2,2025-07-26 00:00:00+00:00,LZ_WEST,2025-07-26 17:00:00+00:00,37.4475,31.17140007019043,8.957054138183594,69.19459533691406
Chronos2,2025-07-26 00:00:00+00:00,LZ_WEST,2025-07-26 18:00:00+00:00,52.56333333333333,35.92469024658203,11.539054870605469,79.99849700927734
Chronos2,2025-07-26 00:00:00+00:00,LZ_WEST,2025-07-26 19:00:00+00:00,51.906666666666666,38.356727600097656,12.63487434387207,88.26521301269531
Chronos2,2025-07-26 00:00:00+00:00,LZ_WEST,2025-07-26 20:00:00+00:00,48.2,41.69123840332031,13.852642059326172,97.23602294921875
Chronos2,2025-07-26 00:00:00+00:00,LZ_WEST,2025-07-26 21:00:00+00:00,38.83,42.08845901489258,12.759920120239258,102.99862670898438
Chronos2,2025-07-26 00:00:00+00:00,LZ_WEST,2025-07-26 22:00:00+00:00,25.975,41.15094757080078,11.288230895996094,102.23104095458984
Chronos2,2025-07-26 00:00:00+00:00,LZ_WEST,2025-07-26 23:00:00+00:00,17.824166666666667,41.02510070800781,10.41973876953125,104.94332122802734
Chronos2,2025-07-27 00:00:00+00:00,HB_HUBAVG,2025-07-27 00:00:00+00:00,25.2175,28.597570419311523,21.069534301757812,41.773460388183594
Chronos2,2025-07-27 00:00:00+00:00,HB_HUBAVG,2025-07-27 01:00:00+00:00,30.58833333333333,31.286251068115234,22.1507625579834,46.21025466918945
Chronos2,2025-07-27 00:00:00+00:00,HB_HUBAVG,2025-07-27 02:00:00+00:00,35.23666666666667,29.99118423461914,21.641803741455078,42.89759063720703
Chronos2,2025-07-27 00:00:00+00:00,HB_HUBAVG,2025-07-27 03:00:00+00:00,33.775,27.837879180908203,20.412845611572266,38.77961349487305
Chronos2,2025-07-27 00:00:00+00:00,HB_HUBAVG,2025-07-27 04:00:00+00:00,24.867500000000003,25.029735565185547,19.001501083374023,32.83342742919922
Chronos2,2025-07-27 00:00:00+00:00,HB_HUBAVG,2025-07-27 05:00:00+00:00,23.9425,23.928199768066406,18.844768524169922,30.01799964904785
Chronos2,2025-07-27 00:00:00+00:00,HB_HUBAVG,2025-07-27 06:00:00+00:00,22.235,23.183982849121094,18.558181762695312,28.316028594970703
Chronos2,2025-07-27 00:00:00+00:00,HB_HUBAVG,2025-07-27 07:00:00+00:00,18.65333333333333,22.68853187561035,18.39409828186035,27.264698028564453
Chronos2,2025-07-27 00:00:00+00:00,HB_HUBAVG,2025-07-27 08:00:00+00:00,18.319166666666668,22.349964141845703,18.177539825439453,26.553415298461914
Chronos2,2025-07-27 00:00:00+00:00,HB_HUBAVG,2025-07-27 09:00:00+00:00,19.304166666666667,22.58772087097168,18.062591552734375,27.457082748413086
Chronos2,2025-07-27 00:00:00+00:00,HB_HUBAVG,2025-07-27 10:00:00+00:00,23.22583333333333,23.88149642944336,18.48239517211914,29.93555450439453
Chronos2,2025-07-27 00:00:00+00:00,HB_HUBAVG,2025-07-27 11:00:00+00:00,24.52916666666667,24.4473876953125,18.282257080078125,32.31965637207031
Chronos2,2025-07-27 00:00:00+00:00,HB_HUBAVG,2025-07-27 12:00:00+00:00,19.8975,21.163509368896484,15.4070463180542,27.369873046875
Chronos2,2025-07-27 00:00:00+00:00,HB_HUBAVG,2025-07-27 13:00:00+00:00,14.753333333333332,17.038719177246094,11.03454303741455,23.286285400390625
Chronos2,2025-07-27 00:00:00+00:00,HB_HUBAVG,2025-07-27 14:00:00+00:00,4.116666666666666,13.917757987976074,7.529819488525391,20.624706268310547
Chronos2,2025-07-27 00:00:00+00:00,HB_HUBAVG,2025-07-27 15:00:00+00:00,2.045,14.030447959899902,7.1227569580078125,21.805524826049805
Chronos2,2025-07-27 00:00:00+00:00,HB_HUBAVG,2025-07-27 16:00:00+00:00,12.484166666666669,18.49002456665039,11.7362699508667,27.265745162963867
Chronos2,2025-07-27 00:00:00+00:00,HB_HUBAVG,2025-07-27 17:00:00+00:00,14.0925,22.758955001831055,15.363911628723145,32.98072052001953
Chronos2,2025-07-27 00:00:00+00:00,HB_HUBAVG,2025-07-27 18:00:00+00:00,15.98,25.961673736572266,17.43283462524414,38.169219970703125
Chronos2,2025-07-27 00:00:00+00:00,HB_HUBAVG,2025-07-27 19:00:00+00:00,16.724999999999998,26.110733032226562,16.79137420654297,40.412864685058594
Chronos2,2025-07-27 00:00:00+00:00,HB_HUBAVG,2025-07-27 20:00:00+00:00,18.706666666666667,26.58245086669922,17.19499969482422,41.708168029785156
Chronos2,2025-07-27 00:00:00+00:00,HB_HUBAVG,2025-07-27 21:00:00+00:00,20.715,25.109210968017578,15.682870864868164,40.49050521850586
Chronos2,2025-07-27 00:00:00+00:00,HB_HUBAVG,2025-07-27 22:00:00+00:00,22.756666666666664,25.457738876342773,14.432535171508789,44.15892791748047
Chronos2,2025-07-27 00:00:00+00:00,HB_HUBAVG,2025-07-27 23:00:00+00:00,21.77916666666667,27.509843826293945,15.26695728302002,47.06315994262695
Chronos2,2025-07-27 00:00:00+00:00,HB_PAN,2025-07-27 00:00:00+00:00,22.749166666666667,21.84140396118164,13.846026420593262,31.609424591064453
Chronos2,2025-07-27 00:00:00+00:00,HB_PAN,2025-07-27 01:00:00+00:00,30.4075,28.26669692993164,19.772117614746094,39.46636199951172
Chronos2,2025-07-27 00:00:00+00:00,HB_PAN,2025-07-27 02:00:00+00:00,31.016666666666666,24.009218215942383,16.418529510498047,33.40018844604492
Chronos2,2025-07-27 00:00:00+00:00,HB_PAN,2025-07-27 03:00:00+00:00,23.938333333333333,19.189191818237305,11.21591567993164,28.57028579711914
Chronos2,2025-07-27 00:00:00+00:00,HB_PAN,2025-07-27 04:00:00+00:00,18.1975,18.71396827697754,10.604616165161133,27.449214935302734
Chronos2,2025-07-27 00:00:00+00:00,HB_PAN,2025-07-27 05:00:00+00:00,22.5875,20.819242477416992,13.010629653930664,29.486495971679688
Chronos2,2025-07-27 00:00:00+00:00,HB_PAN,2025-07-27 06:00:00+00:00,21.13833333333333,20.269084930419922,12.486066818237305,28.972768783569336
Chronos2,2025-07-27 00:00:00+00:00,HB_PAN,2025-07-27 07:00:00+00:00,15.565833333333332,20.13150405883789,12.601180076599121,28.583829879760742
Chronos2,2025-07-27 00:00:00+00:00,HB_PAN,2025-07-27 08:00:00+00:00,14.358333333333334,20.360017776489258,12.791653633117676,28.629478454589844
Chronos2,2025-07-27 00:00:00+00:00,HB_PAN,2025-07-27 09:00:00+00:00,11.806666666666668,21.470134735107422,13.88331127166748,29.670883178710938
Chronos2,2025-07-27 00:00:00+00:00,HB_PAN,2025-07-27 10:00:00+00:00,20.354166666666668,23.696468353271484,15.769145965576172,31.970386505126953
Chronos2,2025-07-27 00:00:00+00:00,HB_PAN,2025-07-27 11:00:00+00:00,17.7375,24.77574348449707,16.760498046875,33.79673767089844
Chronos2,2025-07-27 00:00:00+00:00,HB_PAN,2025-07-27 12:00:00+00:00,19.30583333333333,21.493127822875977,13.142373085021973,30.349533081054688
Chronos2,2025-07-27 00:00:00+00:00,HB_PAN,2025-07-27 13:00:00+00:00,14.753333333333332,16.883272171020508,7.774476051330566,26.52069091796875
Chronos2,2025-07-27 00:00:00+00:00,HB_PAN,2025-07-27 14:00:00+00:00,3.8441666666666663,11.712325096130371,1.2573795318603516,22.846389770507812
Chronos2,2025-07-27 00:00:00+00:00,HB_PAN,2025-07-27 15:00:00+00:00,1.0633333333333332,10.0953369140625,-1.9666786193847656,23.243175506591797
Chronos2,2025-07-27 00:00:00+00:00,HB_PAN,2025-07-27 16:00:00+00:00,8.990833333333333,16.47785186767578,4.068784713745117,30.814756393432617
Chronos2,2025-07-27 00:00:00+00:00,HB_PAN,2025-07-27 17:00:00+00:00,9.606666666666667,21.005788803100586,8.322904586791992,37.11103820800781
Chronos2,2025-07-27 00:00:00+00:00,HB_PAN,2025-07-27 18:00:00+00:00,9.784166666666666,23.641002655029297,9.554125785827637,41.76678466796875
Chronos2,2025-07-27 00:00:00+00:00,HB_PAN,2025-07-27 19:00:00+00:00,9.4425,23.81777000427246,7.242035865783691,45.56253433227539
Chronos2,2025-07-27 00:00:00+00:00,HB_PAN,2025-07-27 20:00:00+00:00,9.496666666666666,22.427536010742188,3.7061195373535156,46.7696647644043
Chronos2,2025-07-27 00:00:00+00:00,HB_PAN,2025-07-27 21:00:00+00:00,11.523333333333332,19.387718200683594,2.709329605102539,44.9705810546875
Chronos2,2025-07-27 00:00:00+00:00,HB_PAN,2025-07-27 22:00:00+00:00,11.981666666666667,16.84589385986328,0.36090850830078125,41.34331512451172
Chronos2,2025-07-27 00:00:00+00:00,HB_PAN,2025-07-27 23:00:00+00:00,10.65,16.399250030517578,1.3648872375488281,39.75376892089844
Chronos2,2025-07-27 00:00:00+00:00,LZ_WEST,2025-07-27 00:00:00+00:00,22.75,21.870994567871094,11.343999862670898,35.53010177612305
Chronos2,2025-07-27 00:00:00+00:00,LZ_WEST,2025-07-27 01:00:00+00:00,33.30833333333333,31.96585464477539,17.41879653930664,51.30451583862305
Chronos2,2025-07-27 00:00:00+00:00,LZ_WEST,2025-07-27 02:00:00+00:00,42.21083333333333,36.23800277709961,19.324268341064453,58.16681671142578
Chronos2,2025-07-27 00:00:00+00:00,LZ_WEST,2025-07-27 03:00:00+00:00,52.2475,38.51372528076172,20.33161163330078,62.420921325683594
Chronos2,2025-07-27 00:00:00+00:00,LZ_WEST,2025-07-27 04:00:00+00:00,40.7875,38.29265594482422,19.89396858215332,62.211997985839844
Chronos2,2025-07-27 00:00:00+00:00,LZ_WEST,2025-07-27 05:00:00+00:00,38.69583333333333,37.96949768066406,19.896568298339844,62.596656799316406
Chronos2,2025-07-27 00:00:00+00:00,LZ_WEST,2025-07-27 06:00:00+00:00,41.946666666666665,36.65412521362305,18.096900939941406,61.35839080810547
Chronos2,2025-07-27 00:00:00+00:00,LZ_WEST,2025-07-27 07:00:00+00:00,52.01499999999999,35.00249099731445,16.541812896728516,59.15228271484375
Chronos2,2025-07-27 00:00:00+00:00,LZ_WEST,2025-07-27 08:00:00+00:00,57.90833333333333,33.02839279174805,15.132314682006836,57.01518630981445
Chronos2,2025-07-27 00:00:00+00:00,LZ_WEST,2025-07-27 09:00:00+00:00,67.645,31.778173446655273,14.761054992675781,54.83470916748047
Chronos2,2025-07-27 00:00:00+00:00,LZ_WEST,2025-07-27 10:00:00+00:00,41.165,31.094470977783203,13.920463562011719,54.19939422607422
Chronos2,2025-07-27 00:00:00+00:00,LZ_WEST,2025-07-27 11:00:00+00:00,50.55833333333334,29.88553810119629,12.647344589233398,52.88405990600586
Chronos2,2025-07-27 00:00:00+00:00,LZ_WEST,2025-07-27 12:00:00+00:00,26.2725,25.219806671142578,9.15342903137207,46.85474395751953
Chronos2,2025-07-27 00:00:00+00:00,LZ_WEST,2025-07-27 13:00:00+00:00,14.7675,18.40572166442871,3.7332534790039062,39.320045471191406
Chronos2,2025-07-27 00:00:00+00:00,LZ_WEST,2025-07-27 14:00:00+00:00,3.7725,14.48383903503418,0.2523002624511719,34.855377197265625
Chronos2,2025-07-27 00:00:00+00:00,LZ_WEST,2025-07-27 15:00:00+00:00,0.3658333333333334,14.479761123657227,0.11680221557617188,35.96507263183594
Chronos2,2025-07-27 00:00:00+00:00,LZ_WEST,2025-07-27 16:00:00+00:00,5.818333333333334,17.202417373657227,3.046598434448242,38.42367935180664
Chronos2,2025-07-27 00:00:00+00:00,LZ_WEST,2025-07-27 17:00:00+00:00,5.3425,20.09156036376953,5.075382232666016,42.182899475097656
Chronos2,2025-07-27 00:00:00+00:00,LZ_WEST,2025-07-27 18:00:00+00:00,4.424166666666667,24.287113189697266,7.394596099853516,47.828922271728516
Chronos2,2025-07-27 00:00:00+00:00,LZ_WEST,2025-07-27 19:00:00+00:00,3.4125,25.232385635375977,7.811666488647461,50.70118713378906
Chronos2,2025-07-27 00:00:00+00:00,LZ_WEST,2025-07-27 20:00:00+00:00,3.3791666666666664,27.418237686157227,8.833967208862305,54.1048469543457
Chronos2,2025-07-27 00:00:00+00:00,LZ_WEST,2025-07-27 21:00:00+00:00,4.241666666666666,26.268577575683594,7.603504180908203,53.40410614013672
Chronos2,2025-07-27 00:00:00+00:00,LZ_WEST,2025-07-27 22:00:00+00:00,6.916666666666667,24.37444496154785,5.838550567626953,51.962501525878906
Chronos2,2025-07-27 00:00:00+00:00,LZ_WEST,2025-07-27 23:00:00+00:00,3.7625,23.53009033203125,4.832857131958008,50.82622146606445
Chronos2,2025-07-28 00:00:00+00:00,HB_HUBAVG,2025-07-28 00:00:00+00:00,24.83583333333333,27.277963638305664,19.82238006591797,37.75286102294922
Chronos2,2025-07-28 00:00:00+00:00,HB_HUBAVG,2025-07-28 01:00:00+00:00,38.95916666666667,27.8370361328125,20.507566452026367,38.34529113769531
Chronos2,2025-07-28 00:00:00+00:00,HB_HUBAVG,2025-07-28 02:00:00+00:00,41.69583333333333,26.731157302856445,20.424562454223633,35.28401565551758
Chronos2,2025-07-28 00:00:00+00:00,HB_HUBAVG,2025-07-28 03:00:00+00:00,34.64,24.86632537841797,19.478626251220703,31.813190460205078
Chronos2,2025-07-28 00:00:00+00:00,HB_HUBAVG,2025-07-28 04:00:00+00:00,28.030833333333337,22.172224044799805,17.468242645263672,26.997793197631836
Chronos2,2025-07-28 00:00:00+00:00,HB_HUBAVG,2025-07-28 05:00:00+00:00,23.86083333333333,21.197486877441406,17.177078247070312,25.439970016479492
Chronos2,2025-07-28 00:00:00+00:00,HB_HUBAVG,2025-07-28 06:00:00+00:00,22.1675,20.24860954284668,16.303443908691406,24.260852813720703
Chronos2,2025-07-28 00:00:00+00:00,HB_HUBAVG,2025-07-28 07:00:00+00:00,21.34166666666667,19.56391143798828,15.481071472167969,23.591474533081055
Chronos2,2025-07-28 00:00:00+00:00,HB_HUBAVG,2025-07-28 08:00:00+00:00,20.88416666666667,19.233318328857422,15.215837478637695,23.07337760925293
Chronos2,2025-07-28 00:00:00+00:00,HB_HUBAVG,2025-07-28 09:00:00+00:00,20.21,19.857437133789062,15.813302993774414,24.03080177307129
Chronos2,2025-07-28 00:00:00+00:00,HB_HUBAVG,2025-07-28 10:00:00+00:00,22.156666666666663,21.424270629882812,16.951129913330078,26.05512809753418
Chronos2,2025-07-28 00:00:00+00:00,HB_HUBAVG,2025-07-28 11:00:00+00:00,25.77583333333333,23.04973030090332,17.534931182861328,29.058500289916992
Chronos2,2025-07-28 00:00:00+00:00,HB_HUBAVG,2025-07-28 12:00:00+00:00,21.1,19.43182945251465,13.781448364257812,24.83793067932129
Chronos2,2025-07-28 00:00:00+00:00,HB_HUBAVG,2025-07-28 13:00:00+00:00,15.32,14.763361930847168,8.001199722290039,20.841711044311523
Chronos2,2025-07-28 00:00:00+00:00,HB_HUBAVG,2025-07-28 14:00:00+00:00,13.049166666666666,9.75631332397461,1.9683609008789062,16.995206832885742
Chronos2,2025-07-28 00:00:00+00:00,HB_HUBAVG,2025-07-28 15:00:00+00:00,13.281666666666666,9.567768096923828,1.2063331604003906,17.213375091552734
Chronos2,2025-07-28 00:00:00+00:00,HB_HUBAVG,2025-07-28 16:00:00+00:00,16.791666666666668,14.89352798461914,8.64106559753418,22.41059684753418
Chronos2,2025-07-28 00:00:00+00:00,HB_HUBAVG,2025-07-28 17:00:00+00:00,22.614166666666662,18.65102767944336,11.815140724182129,26.789405822753906
Chronos2,2025-07-28 00:00:00+00:00,HB_HUBAVG,2025-07-28 18:00:00+00:00,21.7875,21.428159713745117,13.263693809509277,31.718048095703125
Chronos2,2025-07-28 00:00:00+00:00,HB_HUBAVG,2025-07-28 19:00:00+00:00,20.848333333333333,21.894641876220703,13.34179401397705,33.088985443115234
Chronos2,2025-07-28 00:00:00+00:00,HB_HUBAVG,2025-07-28 20:00:00+00:00,27.870833333333337,22.2319393157959,13.393536567687988,34.222434997558594
Chronos2,2025-07-28 00:00:00+00:00,HB_HUBAVG,2025-07-28 21:00:00+00:00,24.968333333333337,21.882238388061523,13.099430084228516,33.86787796020508
Chronos2,2025-07-28 00:00:00+00:00,HB_HUBAVG,2025-07-28 22:00:00+00:00,20.38833333333333,22.344331741333008,13.288214683532715,35.184349060058594
Chronos2,2025-07-28 00:00:00+00:00,HB_HUBAVG,2025-07-28 23:00:00+00:00,23.64583333333333,24.540525436401367,14.44200611114502,39.391998291015625
Chronos2,2025-07-28 00:00:00+00:00,HB_PAN,2025-07-28 00:00:00+00:00,18.36916666666667,17.046733856201172,9.167771339416504,25.839698791503906
Chronos2,2025-07-28 00:00:00+00:00,HB_PAN,2025-07-28 01:00:00+00:00,36.51416666666667,21.68170166015625,12.667424201965332,31.01161766052246
Chronos2,2025-07-28 00:00:00+00:00,HB_PAN,2025-07-28 02:00:00+00:00,35.95666666666667,19.139972686767578,10.424409866333008,28.050025939941406
Chronos2,2025-07-28 00:00:00+00:00,HB_PAN,2025-07-28 03:00:00+00:00,23.72,14.7330961227417,6.167034149169922,23.546062469482422
Chronos2,2025-07-28 00:00:00+00:00,HB_PAN,2025-07-28 04:00:00+00:00,15.055,14.62563705444336,6.020040512084961,23.038990020751953
Chronos2,2025-07-28 00:00:00+00:00,HB_PAN,2025-07-28 05:00:00+00:00,20.9075,16.88317108154297,7.982290267944336,26.025928497314453
Chronos2,2025-07-28 00:00:00+00:00,HB_PAN,2025-07-28 06:00:00+00:00,21.715,16.066261291503906,7.02076530456543,25.275238037109375
Chronos2,2025-07-28 00:00:00+00:00,HB_PAN,2025-07-28 07:00:00+00:00,20.69083333333333,15.804192543029785,6.7762861251831055,25.33450698852539
Chronos2,2025-07-28 00:00:00+00:00,HB_PAN,2025-07-28 08:00:00+00:00,17.185,15.850473403930664,6.591399192810059,25.166486740112305
Chronos2,2025-07-28 00:00:00+00:00,HB_PAN,2025-07-28 09:00:00+00:00,17.201666666666664,16.188838958740234,7.106236457824707,25.866682052612305
Chronos2,2025-07-28 00:00:00+00:00,HB_PAN,2025-07-28 10:00:00+00:00,21.5825,18.333274841308594,8.675559997558594,28.256080627441406
Chronos2,2025-07-28 00:00:00+00:00,HB_PAN,2025-07-28 11:00:00+00:00,25.725,20.51357078552246,10.34622859954834,30.83987045288086
Chronos2,2025-07-28 00:00:00+00:00,HB_PAN,2025-07-28 12:00:00+00:00,21.098333333333333,18.531267166137695,8.409287452697754,28.64046287536621
Chronos2,2025-07-28 00:00:00+00:00,HB_PAN,2025-07-28 13:00:00+00:00,15.32,14.462364196777344,4.623125076293945,25.24471664428711
Chronos2,2025-07-28 00:00:00+00:00,HB_PAN,2025-07-28 14:00:00+00:00,12.973333333333334,9.050710678100586,-1.3001384735107422,20.131366729736328
Chronos2,2025-07-28 00:00:00+00:00,HB_PAN,2025-07-28 15:00:00+00:00,11.199166666666663,7.84239387512207,-3.0736865997314453,20.131778717041016
Chronos2,2025-07-28 00:00:00+00:00,HB_PAN,2025-07-28 16:00:00+00:00,13.731666666666667,12.17973804473877,1.1171836853027344,24.662174224853516
Chronos2,2025-07-28 00:00:00+00:00,HB_PAN,2025-07-28 17:00:00+00:00,17.845,14.701526641845703,2.896951675415039,28.128042221069336
Chronos2,2025-07-28 00:00:00+00:00,HB_PAN,2025-07-28 18:00:00+00:00,17.345833333333335,16.150564193725586,3.3506412506103516,30.156085968017578
Chronos2,2025-07-28 00:00:00+00:00,HB_PAN,2025-07-28 19:00:00+00:00,1.5558333333333334,16.115379333496094,3.0379676818847656,30.825557708740234
Chronos2,2025-07-28 00:00:00+00:00,HB_PAN,2025-07-28 20:00:00+00:00,4.070833333333334,14.423089981079102,1.6091423034667969,29.8016357421875
Chronos2,2025-07-28 00:00:00+00:00,HB_PAN,2025-07-28 21:00:00+00:00,1.0925,13.076956748962402,-0.2953071594238281,28.912546157836914
Chronos2,2025-07-28 00:00:00+00:00,HB_PAN,2025-07-28 22:00:00+00:00,2.41,10.954154968261719,-2.1346702575683594,26.671009063720703
Chronos2,2025-07-28 00:00:00+00:00,HB_PAN,2025-07-28 23:00:00+00:00,9.863333333333332,11.150993347167969,-1.7359962463378906,26.81320571899414
Chronos2,2025-07-28 00:00:00+00:00,LZ_WEST,2025-07-28 00:00:00+00:00,15.269166666666669,12.061908721923828,4.763364791870117,25.89842987060547
Chronos2,2025-07-28 00:00:00+00:00,LZ_WEST,2025-07-28 01:00:00+00:00,43.11833333333333,22.008380889892578,9.702569961547852,41.23113250732422
Chronos2,2025-07-28 00:00:00+00:00,LZ_WEST,2025-07-28 02:00:00+00:00,49.11000000000001,27.63714599609375,13.003486633300781,48.3405876159668
Chronos2,2025-07-28 00:00:00+00:00,LZ_WEST,2025-07-28 03:00:00+00:00,50.57083333333333,31.0500431060791,14.712976455688477,53.347389221191406
Chronos2,2025-07-28 00:00:00+00:00,LZ_WEST,2025-07-28 04:00:00+00:00,49.45166666666666,32.14546585083008,15.477359771728516,55.118900299072266
Chronos2,2025-07-28 00:00:00+00:00,LZ_WEST,2025-07-28 05:00:00+00:00,30.60083333333333,32.23015213012695,15.143608093261719,56.09703826904297
Chronos2,2025-07-28 00:00:00+00:00,LZ_WEST,2025-07-28 06:00:00+00:00,26.97583333333333,32.3912467956543,14.708110809326172,56.512245178222656
Chronos2,2025-07-28 00:00:00+00:00,LZ_WEST,2025-07-28 07:00:00+00:00,28.346666666666668,32.65267562866211,14.407840728759766,57.21321105957031
Chronos2,2025-07-28 00:00:00+00:00,LZ_WEST,2025-07-28 08:00:00+00:00,31.1375,33.85635757446289,15.614336013793945,58.40950012207031
Chronos2,2025-07-28 00:00:00+00:00,LZ_WEST,2025-07-28 09:00:00+00:00,30.180000000000003,34.119667053222656,15.78068733215332,58.77861404418945
Chronos2,2025-07-28 00:00:00+00:00,LZ_WEST,2025-07-28 10:00:00+00:00,27.61916666666667,32.43976974487305,15.586240768432617,55.77149200439453
Chronos2,2025-07-28 00:00:00+00:00,LZ_WEST,2025-07-28 11:00:00+00:00,26.31833333333333,31.58120346069336,15.004520416259766,53.02156066894531
Chronos2,2025-07-28 00:00:00+00:00,LZ_WEST,2025-07-28 12:00:00+00:00,21.1075,22.835622787475586,8.395938873291016,43.376861572265625
Chronos2,2025-07-28 00:00:00+00:00,LZ_WEST,2025-07-28 13:00:00+00:00,15.32,12.21356201171875,1.8611507415771484,32.203102111816406
Chronos2,2025-07-28 00:00:00+00:00,LZ_WEST,2025-07-28 14:00:00+00:00,12.956666666666663,6.697536468505859,-2.610088348388672,23.511131286621094
Chronos2,2025-07-28 00:00:00+00:00,LZ_WEST,2025-07-28 15:00:00+00:00,9.328333333333331,5.710153579711914,-2.3414764404296875,22.429222106933594
Chronos2,2025-07-28 00:00:00+00:00,LZ_WEST,2025-07-28 16:00:00+00:00,10.213333333333331,8.948183059692383,-0.6738929748535156,28.07951545715332
Chronos2,2025-07-28 00:00:00+00:00,LZ_WEST,2025-07-28 17:00:00+00:00,14.6225,10.846786499023438,-0.027660369873046875,32.03284454345703
Chronos2,2025-07-28 00:00:00+00:00,LZ_WEST,2025-07-28 18:00:00+00:00,18.779166666666665,13.294889450073242,0.3532829284667969,37.5279426574707
Chronos2,2025-07-28 00:00:00+00:00,LZ_WEST,2025-07-28 19:00:00+00:00,40.7575,14.2198486328125,-0.01876068115234375,40.03165054321289
Chronos2,2025-07-28 00:00:00+00:00,LZ_WEST,2025-07-28 20:00:00+00:00,58.36333333333334,15.38737678527832,0.499481201171875,43.54684829711914
Chronos2,2025-07-28 00:00:00+00:00,LZ_WEST,2025-07-28 21:00:00+00:00,62.08916666666667,15.517768859863281,-0.138946533203125,44.02667999267578
Chronos2,2025-07-28 00:00:00+00:00,LZ_WEST,2025-07-28 22:00:00+00:00,47.605,14.779180526733398,-0.49507904052734375,42.75826644897461
Chronos2,2025-07-28 00:00:00+00:00,LZ_WEST,2025-07-28 23:00:00+00:00,35.135,14.845680236816406,-0.16422271728515625,42.47508239746094
Chronos2,2025-07-29 00:00:00+00:00,HB_HUBAVG,2025-07-29 00:00:00+00:00,53.509166666666665,32.47646713256836,24.920188903808594,45.75464630126953
Chronos2,2025-07-29 00:00:00+00:00,HB_HUBAVG,2025-07-29 01:00:00+00:00,78.9825,37.272212982177734,29.09567642211914,50.880767822265625
Chronos2,2025-07-29 00:00:00+00:00,HB_HUBAVG,2025-07-29 02:00:00+00:00,70.49416666666667,36.510108947753906,28.68362045288086,49.492862701416016
Chronos2,2025-07-29 00:00:00+00:00,HB_HUBAVG,2025-07-29 03:00:00+00:00,40.9125,33.518028259277344,27.261493682861328,43.71502685546875
Chronos2,2025-07-29 00:00:00+00:00,HB_HUBAVG,2025-07-29 04:00:00+00:00,30.83666666666667,28.52413558959961,24.03544807434082,35.35172653198242
Chronos2,2025-07-29 00:00:00+00:00,HB_HUBAVG,2025-07-29 05:00:00+00:00,25.249166666666667,26.496780395507812,23.046092987060547,31.422500610351562
Chronos2,2025-07-29 00:00:00+00:00,HB_HUBAVG,2025-07-29 06:00:00+00:00,21.974166666666665,25.828886032104492,22.602827072143555,30.17618179321289
Chronos2,2025-07-29 00:00:00+00:00,HB_HUBAVG,2025-07-29 07:00:00+00:00,22.909166666666668,25.27004051208496,22.012264251708984,29.4105167388916
Chronos2,2025-07-29 00:00:00+00:00,HB_HUBAVG,2025-07-29 08:00:00+00:00,22.631666666666664,24.943544387817383,21.634233474731445,29.341136932373047
Chronos2,2025-07-29 00:00:00+00:00,HB_HUBAVG,2025-07-29 09:00:00+00:00,24.343333333333337,25.00415802001953,21.30290985107422,29.90404510498047
Chronos2,2025-07-29 00:00:00+00:00,HB_HUBAVG,2025-07-29 10:00:00+00:00,25.175833333333333,26.08702278137207,21.836776733398438,32.34926223754883
Chronos2,2025-07-29 00:00:00+00:00,HB_HUBAVG,2025-07-29 11:00:00+00:00,26.050833333333333,26.69546127319336,21.61229133605957,33.635276794433594
Chronos2,2025-07-29 00:00:00+00:00,HB_HUBAVG,2025-07-29 12:00:00+00:00,22.445833333333336,23.217195510864258,18.174331665039062,29.750574111938477
Chronos2,2025-07-29 00:00:00+00:00,HB_HUBAVG,2025-07-29 13:00:00+00:00,19.14333333333333,18.30771255493164,12.879530906677246,25.086162567138672
Chronos2,2025-07-29 00:00:00+00:00,HB_HUBAVG,2025-07-29 14:00:00+00:00,17.8025,14.866085052490234,8.99721908569336,23.358104705810547
Chronos2,2025-07-29 00:00:00+00:00,HB_HUBAVG,2025-07-29 15:00:00+00:00,19.036666666666665,14.913887023925781,8.29594612121582,25.220415115356445
Chronos2,2025-07-29 00:00:00+00:00,HB_HUBAVG,2025-07-29 16:00:00+00:00,21.239166666666662,20.747880935668945,13.78975772857666,31.07906150817871
Chronos2,2025-07-29 00:00:00+00:00,HB_HUBAVG,2025-07-29 17:00:00+00:00,24.89583333333333,26.93963050842285,19.60086441040039,38.702552795410156
Chronos2,2025-07-29 00:00:00+00:00,HB_HUBAVG,2025-07-29 18:00:00+00:00,27.409166666666668,30.137632369995117,21.36510467529297,44.359214782714844
Chronos2,2025-07-29 00:00:00+00:00,HB_HUBAVG,2025-07-29 19:00:00+00:00,26.9075,29.628318786621094,20.507810592651367,45.614356994628906
Chronos2,2025-07-29 00:00:00+00:00,HB_HUBAVG,2025-07-29 20:00:00+00:00,21.829166666666666,31.03951072692871,21.556272506713867,47.6605224609375
Chronos2,2025-07-29 00:00:00+00:00,HB_HUBAVG,2025-07-29 21:00:00+00:00,26.03333333333333,30.599205017089844,20.331138610839844,48.575958251953125
Chronos2,2025-07-29 00:00:00+00:00,HB_HUBAVG,2025-07-29 22:00:00+00:00,24.896666666666665,31.07291603088379,17.71383285522461,53.92694091796875
Chronos2,2025-07-29 00:00:00+00:00,HB_HUBAVG,2025-07-29 23:00:00+00:00,40.965,33.99144744873047,19.357433319091797,56.19761657714844
Chronos2,2025-07-29 00:00:00+00:00,HB_PAN,2025-07-29 00:00:00+00:00,51.29583333333333,20.583707809448242,13.81181812286377,29.159107208251953
Chronos2,2025-07-29 00:00:00+00:00,HB_PAN,2025-07-29 01:00:00+00:00,82.66416666666667,30.308074951171875,23.009899139404297,40.08568572998047
Chronos2,2025-07-29 00:00:00+00:00,HB_PAN,2025-07-29 02:00:00+00:00,73.155,24.786376953125,18.47021484375,33.34580993652344
Chronos2,2025-07-29 00:00:00+00:00,HB_PAN,2025-07-29 03:00:00+00:00,37.2775,19.149600982666016,13.250370025634766,27.091754913330078
Chronos2,2025-07-29 00:00:00+00:00,HB_PAN,2025-07-29 04:00:00+00:00,25.7775,17.78700828552246,11.832023620605469,25.283498764038086
Chronos2,2025-07-29 00:00:00+00:00,HB_PAN,2025-07-29 05:00:00+00:00,17.255,20.08687400817871,14.068839073181152,27.897451400756836
Chronos2,2025-07-29 00:00:00+00:00,HB_PAN,2025-07-29 06:00:00+00:00,16.498333333333335,20.043882369995117,13.830855369567871,28.18265151977539
Chronos2,2025-07-29 00:00:00+00:00,HB_PAN,2025-07-29 07:00:00+00:00,18.285833333333333,19.76318359375,13.821464538574219,27.344215393066406
Chronos2,2025-07-29 00:00:00+00:00,HB_PAN,2025-07-29 08:00:00+00:00,19.125,20.574201583862305,14.681280136108398,28.052526473999023
Chronos2,2025-07-29 00:00:00+00:00,HB_PAN,2025-07-29 09:00:00+00:00,22.9875,21.668880462646484,15.769569396972656,29.276439666748047
Chronos2,2025-07-29 00:00:00+00:00,HB_PAN,2025-07-29 10:00:00+00:00,23.8375,24.202049255371094,17.915706634521484,32.090492248535156
Chronos2,2025-07-29 00:00:00+00:00,HB_PAN,2025-07-29 11:00:00+00:00,23.281666666666663,25.121591567993164,18.60389518737793,33.805850982666016
Chronos2,2025-07-29 00:00:00+00:00,HB_PAN,2025-07-29 12:00:00+00:00,21.049166666666668,22.049257278442383,15.65097427368164,30.63214874267578
Chronos2,2025-07-29 00:00:00+00:00,HB_PAN,2025-07-29 13:00:00+00:00,19.14333333333333,16.39164924621582,9.451691627502441,26.229753494262695
Chronos2,2025-07-29 00:00:00+00:00,HB_PAN,2025-07-29 14:00:00+00:00,17.81833333333333,10.03357982635498,2.2646446228027344,21.370420455932617
Chronos2,2025-07-29 00:00:00+00:00,HB_PAN,2025-07-29 15:00:00+00:00,19.005,9.203102111816406,0.5042839050292969,22.42597198486328
Chronos2,2025-07-29 00:00:00+00:00,HB_PAN,2025-07-29 16:00:00+00:00,20.649166666666662,14.069679260253906,3.522157669067383,29.886016845703125
Chronos2,2025-07-29 00:00:00+00:00,HB_PAN,2025-07-29 17:00:00+00:00,24.32333333333333,18.60862922668457,6.4871368408203125,36.58061218261719
Chronos2,2025-07-29 00:00:00+00:00,HB_PAN,2025-07-29 18:00:00+00:00,26.631666666666664,19.517343521118164,5.71370792388916,39.68240737915039
Chronos2,2025-07-29 00:00:00+00:00,HB_PAN,2025-07-29 19:00:00+00:00,19.738333333333333,16.663734436035156,2.8970565795898438,39.63452911376953
Chronos2,2025-07-29 00:00:00+00:00,HB_PAN,2025-07-29 20:00:00+00:00,11.293333333333337,14.359302520751953,0.9393196105957031,38.89094543457031
Chronos2,2025-07-29 00:00:00+00:00,HB_PAN,2025-07-29 21:00:00+00:00,19.058333333333337,13.156734466552734,-0.30158233642578125,36.74543762207031
Chronos2,2025-07-29 00:00:00+00:00,HB_PAN,2025-07-29 22:00:00+00:00,22.769166666666667,12.67847728729248,-0.2112255096435547,37.889530181884766
Chronos2,2025-07-29 00:00:00+00:00,HB_PAN,2025-07-29 23:00:00+00:00,41.744166666666665,15.580656051635742,1.4339523315429688,40.387508392333984
Chronos2,2025-07-29 00:00:00+00:00,LZ_WEST,2025-07-29 00:00:00+00:00,54.281666666666666,36.02460861206055,22.74495506286621,52.82746505737305
Chronos2,2025-07-29 00:00:00+00:00,LZ_WEST,2025-07-29 01:00:00+00:00,83.74083333333333,41.13019943237305,25.739429473876953,60.78048324584961
Chronos2,2025-07-29 00:00:00+00:00,LZ_WEST,2025-07-29 02:00:00+00:00,73.985,44.463470458984375,27.76291847229004,65.85122680664062
Chronos2,2025-07-29 00:00:00+00:00,LZ_WEST,2025-07-29 03:00:00+00:00,51.90083333333333,46.326499938964844,29.067459106445312,69.29951477050781
Chronos2,2025-07-29 00:00:00+00:00,LZ_WEST,2025-07-29 04:00:00+00:00,46.055,45.84077072143555,28.39266014099121,69.51973724365234
Chronos2,2025-07-29 00:00:00+00:00,LZ_WEST,2025-07-29 05:00:00+00:00,68.9475,44.29880142211914,26.506568908691406,68.63520050048828
Chronos2,2025-07-29 00:00:00+00:00,LZ_WEST,2025-07-29 06:00:00+00:00,63.70583333333334,42.90922546386719,25.50177764892578,67.60549926757812
Chronos2,2025-07-29 00:00:00+00:00,LZ_WEST,2025-07-29 07:00:00+00:00,40.64416666666667,42.51405334472656,24.52601432800293,66.94361877441406
Chronos2,2025-07-29 00:00:00+00:00,LZ_WEST,2025-07-29 08:00:00+00:00,48.11083333333334,41.406890869140625,23.12576675415039,66.72706604003906
Chronos2,2025-07-29 00:00:00+00:00,LZ_WEST,2025-07-29 09:00:00+00:00,43.11416666666667,39.72647476196289,21.503623962402344,65.67010498046875
Chronos2,2025-07-29 00:00:00+00:00,LZ_WEST,2025-07-29 10:00:00+00:00,39.79833333333333,37.34378433227539,19.654661178588867,62.804344177246094
Chronos2,2025-07-29 00:00:00+00:00,LZ_WEST,2025-07-29 11:00:00+00:00,56.13,34.429542541503906,17.024574279785156,57.717430114746094
Chronos2,2025-07-29 00:00:00+00:00,LZ_WEST,2025-07-29 12:00:00+00:00,37.44916666666666,28.043912887573242,11.941167831420898,50.67322540283203
Chronos2,2025-07-29 00:00:00+00:00,LZ_WEST,2025-07-29 13:00:00+00:00,19.14333333333333,21.775541305541992,6.534399032592773,44.57558822631836
Chronos2,2025-07-29 00:00:00+00:00,LZ_WEST,2025-07-29 14:00:00+00:00,17.930833333333332,17.58908462524414,3.1675968170166016,40.58513641357422
Chronos2,2025-07-29 00:00:00+00:00,LZ_WEST,2025-07-29 15:00:00+00:00,18.99833333333333,15.726268768310547,1.6675662994384766,39.96530532836914
Chronos2,2025-07-29 00:00:00+00:00,LZ_WEST,2025-07-29 16:00:00+00:00,19.044166666666666,18.971302032470703,3.2574615478515625,44.04859924316406
Chronos2,2025-07-29 00:00:00+00:00,LZ_WEST,2025-07-29 17:00:00+00:00,22.61083333333333,23.032184600830078,5.032537460327148,50.206722259521484
Chronos2,2025-07-29 00:00:00+00:00,LZ_WEST,2025-07-29 18:00:00+00:00,25.78833333333333,28.698474884033203,8.037967681884766,59.615116119384766
Chronos2,2025-07-29 00:00:00+00:00,LZ_WEST,2025-07-29 19:00:00+00:00,43.38833333333333,31.818866729736328,9.307001113891602,64.9452896118164
Chronos2,2025-07-29 00:00:00+00:00,LZ_WEST,2025-07-29 20:00:00+00:00,66.3,35.23826217651367,10.013359069824219,71.38568115234375
Chronos2,2025-07-29 00:00:00+00:00,LZ_WEST,2025-07-29 21:00:00+00:00,33.869166666666665,35.2717399597168,9.887491226196289,71.30035400390625
Chronos2,2025-07-29 00:00:00+00:00,LZ_WEST,2025-07-29 22:00:00+00:00,22.1225,33.48714828491211,10.206804275512695,66.78764343261719
Chronos2,2025-07-29 00:00:00+00:00,LZ_WEST,2025-07-29 23:00:00+00:00,40.79833333333333,32.05409240722656,10.136709213256836,62.8093376159668
Chronos2,2025-07-30 00:00:00+00:00,HB_HUBAVG,2025-07-30 00:00:00+00:00,111.465,49.87523651123047,36.56196212768555,72.38903045654297
Chronos2,2025-07-30 00:00:00+00:00,HB_HUBAVG,2025-07-30 01:00:00+00:00,96.77833333333332,50.78211212158203,36.10929489135742,77.20503234863281
Chronos2,2025-07-30 00:00:00+00:00,HB_HUBAVG,2025-07-30 02:00:00+00:00,71.94666666666667,45.82731246948242,32.3560791015625,71.56407165527344
Chronos2,2025-07-30 00:00:00+00:00,HB_HUBAVG,2025-07-30 03:00:00+00:00,38.270833333333336,37.67304992675781,29.33749771118164,55.14665603637695
Chronos2,2025-07-30 00:00:00+00:00,HB_HUBAVG,2025-07-30 04:00:00+00:00,29.500833333333333,30.507022857666016,26.113887786865234,38.596675872802734
Chronos2,2025-07-30 00:00:00+00:00,HB_HUBAVG,2025-07-30 05:00:00+00:00,25.854166666666668,26.987415313720703,24.084463119506836,31.52915382385254
Chronos2,2025-07-30 00:00:00+00:00,HB_HUBAVG,2025-07-30 06:00:00+00:00,22.115,25.520038604736328,23.166576385498047,29.253196716308594
Chronos2,2025-07-30 00:00:00+00:00,HB_HUBAVG,2025-07-30 07:00:00+00:00,21.756666666666664,24.868694305419922,22.568275451660156,28.053081512451172
Chronos2,2025-07-30 00:00:00+00:00,HB_HUBAVG,2025-07-30 08:00:00+00:00,20.93583333333333,24.403793334960938,22.163755416870117,27.141427993774414
Chronos2,2025-07-30 00:00:00+00:00,HB_HUBAVG,2025-07-30 09:00:00+00:00,20.368333333333336,24.683849334716797,22.47420883178711,27.819284439086914
Chronos2,2025-07-30 00:00:00+00:00,HB_HUBAVG,2025-07-30 10:00:00+00:00,22.488333333333333,26.186508178710938,23.42865562438965,29.840267181396484
Chronos2,2025-07-30 00:00:00+00:00,HB_HUBAVG,2025-07-30 11:00:00+00:00,23.426666666666662,26.699514389038086,23.21036148071289,31.13922882080078
Chronos2,2025-07-30 00:00:00+00:00,HB_HUBAVG,2025-07-30 12:00:00+00:00,22.2475,23.522438049316406,20.205461502075195,27.356760025024414
Chronos2,2025-07-30 00:00:00+00:00,HB_HUBAVG,2025-07-30 13:00:00+00:00,19.2975,19.914592742919922,16.351398468017578,23.896127700805664
Chronos2,2025-07-30 00:00:00+00:00,HB_HUBAVG,2025-07-30 14:00:00+00:00,18.758333333333333,17.91115379333496,14.297157287597656,22.218448638916016
Chronos2,2025-07-30 00:00:00+00:00,HB_HUBAVG,2025-07-30 15:00:00+00:00,18.47,17.760395050048828,14.161593437194824,21.59804344177246
Chronos2,2025-07-30 00:00:00+00:00,HB_HUBAVG,2025-07-30 16:00:00+00:00,21.098333333333333,21.518054962158203,18.113937377929688,26.29405403137207
Chronos2,2025-07-30 00:00:00+00:00,HB_HUBAVG,2025-07-30 17:00:00+00:00,26.6675,26.722558975219727,22.512554168701172,33.26631164550781
Chronos2,2025-07-30 00:00:00+00:00,HB_HUBAVG,2025-07-30 18:00:00+00:00,34.165,29.62932014465332,23.4396915435791,39.897621154785156
Chronos2,2025-07-30 00:00:00+00:00,HB_HUBAVG,2025-07-30 19:00:00+00:00,31.3325,29.85427474975586,22.539047241210938,42.79711151123047
Chronos2,2025-07-30 00:00:00+00:00,HB_HUBAVG,2025-07-30 20:00:00+00:00,34.001666666666665,29.53179168701172,21.686290740966797,44.31146240234375
Chronos2,2025-07-30 00:00:00+00:00,HB_HUBAVG,2025-07-30 21:00:00+00:00,27.5775,28.888744354248047,20.95081329345703,43.44988250732422
Chronos2,2025-07-30 00:00:00+00:00,HB_HUBAVG,2025-07-30 22:00:00+00:00,36.635,29.645404815673828,20.35674285888672,47.669761657714844
Chronos2,2025-07-30 00:00:00+00:00,HB_HUBAVG,2025-07-30 23:00:00+00:00,152.62416666666667,33.38099670410156,21.617446899414062,52.571266174316406
Chronos2,2025-07-30 00:00:00+00:00,HB_PAN,2025-07-30 00:00:00+00:00,118.18416666666668,53.51007843017578,35.4957275390625,79.16796875
Chronos2,2025-07-30 00:00:00+00:00,HB_PAN,2025-07-30 01:00:00+00:00,100.89333333333332,52.6876220703125,33.423927307128906,77.61284637451172
Chronos2,2025-07-30 00:00:00+00:00,HB_PAN,2025-07-30 02:00:00+00:00,74.35916666666667,41.61764907836914,26.053922653198242,67.11473083496094
Chronos2,2025-07-30 00:00:00+00:00,HB_PAN,2025-07-30 03:00:00+00:00,38.8275,30.118383407592773,19.245494842529297,48.64823913574219
Chronos2,2025-07-30 00:00:00+00:00,HB_PAN,2025-07-30 04:00:00+00:00,29.37333333333333,25.442508697509766,16.989789962768555,37.73164749145508
Chronos2,2025-07-30 00:00:00+00:00,HB_PAN,2025-07-30 05:00:00+00:00,24.90333333333333,25.515939712524414,17.926738739013672,36.28477478027344
Chronos2,2025-07-30 00:00:00+00:00,HB_PAN,2025-07-30 06:00:00+00:00,20.635,25.291465759277344,18.106000900268555,35.056182861328125
Chronos2,2025-07-30 00:00:00+00:00,HB_PAN,2025-07-30 07:00:00+00:00,19.7475,24.9359073638916,17.91431427001953,33.912620544433594
Chronos2,2025-07-30 00:00:00+00:00,HB_PAN,2025-07-30 08:00:00+00:00,18.475,25.015079498291016,18.161457061767578,33.42966079711914
Chronos2,2025-07-30 00:00:00+00:00,HB_PAN,2025-07-30 09:00:00+00:00,18.3325,25.809892654418945,18.806907653808594,34.785194396972656
Chronos2,2025-07-30 00:00:00+00:00,HB_PAN,2025-07-30 10:00:00+00:00,21.489166666666662,27.13176727294922,19.70810317993164,36.996646881103516
Chronos2,2025-07-30 00:00:00+00:00,HB_PAN,2025-07-30 11:00:00+00:00,23.041666666666668,27.74647331237793,19.36626434326172,38.31081771850586
Chronos2,2025-07-30 00:00:00+00:00,HB_PAN,2025-07-30 12:00:00+00:00,22.079166666666666,24.981826782226562,16.937795639038086,34.68009948730469
Chronos2,2025-07-30 00:00:00+00:00,HB_PAN,2025-07-30 13:00:00+00:00,19.299166666666668,22.076730728149414,14.327762603759766,31.309852600097656
Chronos2,2025-07-30 00:00:00+00:00,HB_PAN,2025-07-30 14:00:00+00:00,18.76333333333333,19.50615119934082,11.162841796875,29.132972717285156
Chronos2,2025-07-30 00:00:00+00:00,HB_PAN,2025-07-30 15:00:00+00:00,18.445,18.20503807067871,9.556347846984863,28.438156127929688
Chronos2,2025-07-30 00:00:00+00:00,HB_PAN,2025-07-30 16:00:00+00:00,20.6475,21.012832641601562,13.401571273803711,31.281091690063477
Chronos2,2025-07-30 00:00:00+00:00,HB_PAN,2025-07-30 17:00:00+00:00,26.439166666666665,25.153085708618164,16.378292083740234,38.007347106933594
Chronos2,2025-07-30 00:00:00+00:00,HB_PAN,2025-07-30 18:00:00+00:00,33.80583333333333,27.015846252441406,15.84133529663086,44.36685562133789
Chronos2,2025-07-30 00:00:00+00:00,HB_PAN,2025-07-30 19:00:00+00:00,31.10083333333333,25.58185386657715,12.972443580627441,47.678245544433594
Chronos2,2025-07-30 00:00:00+00:00,HB_PAN,2025-07-30 20:00:00+00:00,31.780833333333337,23.764999389648438,11.09696102142334,46.248348236083984
Chronos2,2025-07-30 00:00:00+00:00,HB_PAN,2025-07-30 21:00:00+00:00,27.445833333333336,22.9970645904541,10.427343368530273,44.92512512207031
Chronos2,2025-07-30 00:00:00+00:00,HB_PAN,2025-07-30 22:00:00+00:00,37.82666666666667,23.320119857788086,9.956706047058105,47.896095275878906
Chronos2,2025-07-30 00:00:00+00:00,HB_PAN,2025-07-30 23:00:00+00:00,164.79666666666665,25.8837890625,11.060731887817383,52.596229553222656
Chronos2,2025-07-30 00:00:00+00:00,LZ_WEST,2025-07-30 00:00:00+00:00,117.25083333333332,51.46971130371094,35.876426696777344,75.67857360839844
Chronos2,2025-07-30 00:00:00+00:00,LZ_WEST,2025-07-30 01:00:00+00:00,102.06916666666666,54.029109954833984,36.51348876953125,81.53341674804688
Chronos2,2025-07-30 00:00:00+00:00,LZ_WEST,2025-07-30 02:00:00+00:00,75.11666666666666,55.1423225402832,37.23125076293945,83.07854461669922
Chronos2,2025-07-30 00:00:00+00:00,LZ_WEST,2025-07-30 03:00:00+00:00,38.98,54.800926208496094,36.82158279418945,82.4290542602539
Chronos2,2025-07-30 00:00:00+00:00,LZ_WEST,2025-07-30 04:00:00+00:00,31.54083333333333,52.91980743408203,35.2276725769043,81.1209716796875
Chronos2,2025-07-30 00:00:00+00:00,LZ_WEST,2025-07-30 05:00:00+00:00,36.49166666666667,50.86122131347656,32.645450592041016,78.41639709472656
Chronos2,2025-07-30 00:00:00+00:00,LZ_WEST,2025-07-30 06:00:00+00:00,38.41166666666667,47.894187927246094,30.447757720947266,76.10932159423828
Chronos2,2025-07-30 00:00:00+00:00,LZ_WEST,2025-07-30 07:00:00+00:00,44.19416666666667,45.22224044799805,28.07224464416504,72.36245727539062
Chronos2,2025-07-30 00:00:00+00:00,LZ_WEST,2025-07-30 08:00:00+00:00,48.6575,42.04888153076172,26.482261657714844,68.38787841796875
Chronos2,2025-07-30 00:00:00+00:00,LZ_WEST,2025-07-30 09:00:00+00:00,43.55083333333334,39.859619140625,25.31208038330078,64.15254974365234
Chronos2,2025-07-30 00:00:00+00:00,LZ_WEST,2025-07-30 10:00:00+00:00,33.943333333333335,37.6842041015625,24.4146728515625,60.34893035888672
Chronos2,2025-07-30 00:00:00+00:00,LZ_WEST,2025-07-30 11:00:00+00:00,29.71166666666667,35.002349853515625,22.394859313964844,55.682464599609375
Chronos2,2025-07-30 00:00:00+00:00,LZ_WEST,2025-07-30 12:00:00+00:00,24.115,28.21957778930664,17.908458709716797,47.069984436035156
Chronos2,2025-07-30 00:00:00+00:00,LZ_WEST,2025-07-30 13:00:00+00:00,19.346666666666668,22.35567855834961,13.824716567993164,38.30992126464844
Chronos2,2025-07-30 00:00:00+00:00,LZ_WEST,2025-07-30 14:00:00+00:00,18.8325,19.872167587280273,12.206073760986328,34.601112365722656
Chronos2,2025-07-30 00:00:00+00:00,LZ_WEST,2025-07-30 15:00:00+00:00,18.434166666666663,18.866676330566406,11.61479377746582,32.057456970214844
Chronos2,2025-07-30 00:00:00+00:00,LZ_WEST,2025-07-30 16:00:00+00:00,20.4,20.13519287109375,11.748933792114258,36.108150482177734
Chronos2,2025-07-30 00:00:00+00:00,LZ_WEST,2025-07-30 17:00:00+00:00,26.215,23.35303497314453,13.332603454589844,42.29014587402344
Chronos2,2025-07-30 00:00:00+00:00,LZ_WEST,2025-07-30 18:00:00+00:00,33.45166666666667,28.335506439208984,15.68498420715332,51.094356536865234
Chronos2,2025-07-30 00:00:00+00:00,LZ_WEST,2025-07-30 19:00:00+00:00,30.429166666666664,32.00069808959961,17.514307022094727,57.29096221923828
Chronos2,2025-07-30 00:00:00+00:00,LZ_WEST,2025-07-30 20:00:00+00:00,31.044166666666666,34.43202209472656,18.359912872314453,63.62702941894531
Chronos2,2025-07-30 00:00:00+00:00,LZ_WEST,2025-07-30 21:00:00+00:00,27.23333333333333,32.90105056762695,17.497018814086914,60.146881103515625
Chronos2,2025-07-30 00:00:00+00:00,LZ_WEST,2025-07-30 22:00:00+00:00,37.1025,30.847087860107422,16.23879623413086,56.85520935058594
Chronos2,2025-07-30 00:00:00+00:00,LZ_WEST,2025-07-30 23:00:00+00:00,167.36499999999998,31.355798721313477,17.081233978271484,56.63611602783203
Chronos2,2025-07-31 00:00:00+00:00,HB_HUBAVG,2025-07-31 00:00:00+00:00,220.0016666666667,113.87569427490234,62.44194793701172,203.05552673339844
Chronos2,2025-07-31 00:00:00+00:00,HB_HUBAVG,2025-07-31 01:00:00+00:00,241.00833333333333,92.20343017578125,49.10790252685547,177.0457000732422
Chronos2,2025-07-31 00:00:00+00:00,HB_HUBAVG,2025-07-31 02:00:00+00:00,113.0925,56.819435119628906,37.85157775878906,108.51461029052734
Chronos2,2025-07-31 00:00:00+00:00,HB_HUBAVG,2025-07-31 03:00:00+00:00,71.69250000000001,35.22294235229492,27.708965301513672,49.39244842529297
Chronos2,2025-07-31 00:00:00+00:00,HB_HUBAVG,2025-07-31 04:00:00+00:00,38.83916666666666,26.55246925354004,22.372535705566406,33.46739196777344
Chronos2,2025-07-31 00:00:00+00:00,HB_HUBAVG,2025-07-31 05:00:00+00:00,33.204166666666666,23.365047454833984,19.80917739868164,29.025800704956055
Chronos2,2025-07-31 00:00:00+00:00,HB_HUBAVG,2025-07-31 06:00:00+00:00,26.95,21.626049041748047,18.31113624572754,26.967920303344727
Chronos2,2025-07-31 00:00:00+00:00,HB_HUBAVG,2025-07-31 07:00:00+00:00,24.3925,21.25814437866211,17.79309844970703,26.13680648803711
Chronos2,2025-07-31 00:00:00+00:00,HB_HUBAVG,2025-07-31 08:00:00+00:00,24.7825,21.501113891601562,17.702083587646484,25.728620529174805
Chronos2,2025-07-31 00:00:00+00:00,HB_HUBAVG,2025-07-31 09:00:00+00:00,27.901666666666667,21.436893463134766,17.856517791748047,26.085403442382812
Chronos2,2025-07-31 00:00:00+00:00,HB_HUBAVG,2025-07-31 10:00:00+00:00,36.145,22.455223083496094,17.932647705078125,28.067970275878906
Chronos2,2025-07-31 00:00:00+00:00,HB_HUBAVG,2025-07-31 11:00:00+00:00,37.48833333333334,22.733293533325195,17.646324157714844,28.547447204589844
Chronos2,2025-07-31 00:00:00+00:00,HB_HUBAVG,2025-07-31 12:00:00+00:00,30.67,20.47296905517578,15.547768592834473,26.36263656616211
Chronos2,2025-07-31 00:00:00+00:00,HB_HUBAVG,2025-07-31 13:00:00+00:00,23.981666666666666,17.440696716308594,12.85562515258789,23.061845779418945
Chronos2,2025-07-31 00:00:00+00:00,HB_HUBAVG,2025-07-31 14:00:00+00:00,23.42333333333333,15.482563018798828,10.715906143188477,21.415531158447266
Chronos2,2025-07-31 00:00:00+00:00,HB_HUBAVG,2025-07-31 15:00:00+00:00,25.38083333333333,15.818580627441406,11.352792739868164,21.236225128173828
Chronos2,2025-07-31 00:00:00+00:00,HB_HUBAVG,2025-07-31 16:00:00+00:00,32.60166666666667,20.342031478881836,16.353294372558594,25.310422897338867
Chronos2,2025-07-31 00:00:00+00:00,HB_HUBAVG,2025-07-31 17:00:00+00:00,42.205000000000005,26.658897399902344,22.03622817993164,32.95146560668945
Chronos2,2025-07-31 00:00:00+00:00,HB_HUBAVG,2025-07-31 18:00:00+00:00,38.07,31.658618927001953,25.394437789916992,42.36549377441406
Chronos2,2025-07-31 00:00:00+00:00,HB_HUBAVG,2025-07-31 19:00:00+00:00,40.086666666666666,31.786380767822266,25.77377700805664,42.440921783447266
Chronos2,2025-07-31 00:00:00+00:00,HB_HUBAVG,2025-07-31 20:00:00+00:00,34.7,32.23944854736328,25.61789321899414,43.81181335449219
Chronos2,2025-07-31 00:00:00+00:00,HB_HUBAVG,2025-07-31 21:00:00+00:00,35.6725,32.05117416381836,24.463211059570312,46.433467864990234
Chronos2,2025-07-31 00:00:00+00:00,HB_HUBAVG,2025-07-31 22:00:00+00:00,34.104166666666664,36.44096755981445,23.600008010864258,74.80680084228516
Chronos2,2025-07-31 00:00:00+00:00,HB_HUBAVG,2025-07-31 23:00:00+00:00,76.82000000000001,49.51792907714844,23.628934860229492,115.10057067871094
Chronos2,2025-07-31 00:00:00+00:00,HB_PAN,2025-07-31 00:00:00+00:00,239.6341666666667,134.8897705078125,78.77040100097656,230.30152893066406
Chronos2,2025-07-31 00:00:00+00:00,HB_PAN,2025-07-31 01:00:00+00:00,177.9433333333333,110.81987762451172,60.20091247558594,188.4477081298828
Chronos2,2025-07-31 00:00:00+00:00,HB_PAN,2025-07-31 02:00:00+00:00,119.54833333333332,69.15228271484375,39.00698471069336,128.76019287109375
Chronos2,2025-07-31 00:00:00+00:00,HB_PAN,2025-07-31 03:00:00+00:00,74.14333333333333,37.28821563720703,24.149686813354492,63.00193405151367
Chronos2,2025-07-31 00:00:00+00:00,HB_PAN,2025-07-31 04:00:00+00:00,40.535833333333336,26.507511138916016,18.354450225830078,39.406925201416016
Chronos2,2025-07-31 00:00:00+00:00,HB_PAN,2025-07-31 05:00:00+00:00,34.263333333333335,23.305580139160156,16.278316497802734,33.11882781982422
Chronos2,2025-07-31 00:00:00+00:00,HB_PAN,2025-07-31 06:00:00+00:00,25.866666666666664,21.418289184570312,15.003398895263672,30.558137893676758
Chronos2,2025-07-31 00:00:00+00:00,HB_PAN,2025-07-31 07:00:00+00:00,23.246666666666663,20.873641967773438,14.396262168884277,29.17839813232422
Chronos2,2025-07-31 00:00:00+00:00,HB_PAN,2025-07-31 08:00:00+00:00,23.66,20.920696258544922,14.163498878479004,28.30742073059082
Chronos2,2025-07-31 00:00:00+00:00,HB_PAN,2025-07-31 09:00:00+00:00,28.069166666666664,20.96169662475586,14.543347358703613,29.439090728759766
Chronos2,2025-07-31 00:00:00+00:00,HB_PAN,2025-07-31 10:00:00+00:00,37.873333333333335,22.27839469909668,14.625394821166992,32.21552658081055
Chronos2,2025-07-31 00:00:00+00:00,HB_PAN,2025-07-31 11:00:00+00:00,39.695,22.864192962646484,14.715067863464355,33.626487731933594
Chronos2,2025-07-31 00:00:00+00:00,HB_PAN,2025-07-31 12:00:00+00:00,31.626666666666665,20.916244506835938,13.2240571975708,30.38856315612793
Chronos2,2025-07-31 00:00:00+00:00,HB_PAN,2025-07-31 13:00:00+00:00,23.981666666666666,18.341259002685547,10.718042373657227,27.536060333251953
Chronos2,2025-07-31 00:00:00+00:00,HB_PAN,2025-07-31 14:00:00+00:00,23.42333333333333,16.23995590209961,8.649456024169922,26.2576961517334
Chronos2,2025-07-31 00:00:00+00:00,HB_PAN,2025-07-31 15:00:00+00:00,25.38083333333333,16.581769943237305,9.06801986694336,26.656728744506836
Chronos2,2025-07-31 00:00:00+00:00,HB_PAN,2025-07-31 16:00:00+00:00,32.62166666666667,20.47601890563965,13.342662811279297,29.41819953918457
Chronos2,2025-07-31 00:00:00+00:00,HB_PAN,2025-07-31 17:00:00+00:00,36.47916666666666,25.9754638671875,18.096485137939453,37.168636322021484
Chronos2,2025-07-31 00:00:00+00:00,HB_PAN,2025-07-31 18:00:00+00:00,28.26,30.649658203125,20.38845443725586,48.33660888671875
Chronos2,2025-07-31 00:00:00+00:00,HB_PAN,2025-07-31 19:00:00+00:00,32.4225,29.302783966064453,19.1188907623291,47.797935485839844
Chronos2,2025-07-31 00:00:00+00:00,HB_PAN,2025-07-31 20:00:00+00:00,42.8325,27.876558303833008,17.628618240356445,45.38511657714844
Chronos2,2025-07-31 00:00:00+00:00,HB_PAN,2025-07-31 21:00:00+00:00,47.314166666666665,27.125368118286133,16.270004272460938,48.11711883544922
Chronos2,2025-07-31 00:00:00+00:00,HB_PAN,2025-07-31 22:00:00+00:00,35.17666666666667,31.643505096435547,14.962189674377441,79.90593719482422
Chronos2,2025-07-31 00:00:00+00:00,HB_PAN,2025-07-31 23:00:00+00:00,79.27083333333333,45.45599365234375,15.033989906311035,131.8516082763672
Chronos2,2025-07-31 00:00:00+00:00,LZ_WEST,2025-07-31 00:00:00+00:00,243.0016666666667,88.45855712890625,43.7752685546875,160.5454559326172
Chronos2,2025-07-31 00:00:00+00:00,LZ_WEST,2025-07-31 01:00:00+00:00,295.70166666666665,63.23478698730469,29.96907615661621,135.9998779296875
Chronos2,2025-07-31 00:00:00+00:00,LZ_WEST,2025-07-31 02:00:00+00:00,121.35666666666668,52.88326644897461,28.47439956665039,105.7720947265625
Chronos2,2025-07-31 00:00:00+00:00,LZ_WEST,2025-07-31 03:00:00+00:00,74.95583333333333,47.454349517822266,27.00835418701172,89.74351501464844
Chronos2,2025-07-31 00:00:00+00:00,LZ_WEST,2025-07-31 04:00:00+00:00,58.3,46.50103759765625,28.62352180480957,82.1539306640625
Chronos2,2025-07-31 00:00:00+00:00,LZ_WEST,2025-07-31 05:00:00+00:00,50.77916666666667,46.8409423828125,30.124488830566406,79.06863403320312
Chronos2,2025-07-31 00:00:00+00:00,LZ_WEST,2025-07-31 06:00:00+00:00,43.32583333333333,47.47350311279297,31.06744384765625,77.50044250488281
Chronos2,2025-07-31 00:00:00+00:00,LZ_WEST,2025-07-31 07:00:00+00:00,36.5625,46.7102165222168,30.17815399169922,75.62861633300781
Chronos2,2025-07-31 00:00:00+00:00,LZ_WEST,2025-07-31 08:00:00+00:00,37.09666666666667,45.69918441772461,29.865375518798828,73.57624816894531
Chronos2,2025-07-31 00:00:00+00:00,LZ_WEST,2025-07-31 09:00:00+00:00,37.46,43.115238189697266,27.18476104736328,70.36790466308594
Chronos2,2025-07-31 00:00:00+00:00,LZ_WEST,2025-07-31 10:00:00+00:00,63.06916666666667,39.08534240722656,23.322755813598633,65.73844909667969
Chronos2,2025-07-31 00:00:00+00:00,LZ_WEST,2025-07-31 11:00:00+00:00,69.94916666666667,34.546958923339844,18.375370025634766,60.79393005371094
Chronos2,2025-07-31 00:00:00+00:00,LZ_WEST,2025-07-31 12:00:00+00:00,44.81333333333333,25.89905548095703,11.902029037475586,51.55626678466797
Chronos2,2025-07-31 00:00:00+00:00,LZ_WEST,2025-07-31 13:00:00+00:00,23.981666666666666,18.431638717651367,7.172065734863281,40.82759475708008
Chronos2,2025-07-31 00:00:00+00:00,LZ_WEST,2025-07-31 14:00:00+00:00,23.42333333333333,14.689481735229492,4.770774841308594,35.09611892700195
Chronos2,2025-07-31 00:00:00+00:00,LZ_WEST,2025-07-31 15:00:00+00:00,25.38083333333333,13.872011184692383,4.589870452880859,32.71205520629883
Chronos2,2025-07-31 00:00:00+00:00,LZ_WEST,2025-07-31 16:00:00+00:00,32.62166666666667,16.980106353759766,7.197235107421875,36.74412155151367
Chronos2,2025-07-31 00:00:00+00:00,LZ_WEST,2025-07-31 17:00:00+00:00,38.725,21.132305145263672,9.390321731567383,42.9627571105957
Chronos2,2025-07-31 00:00:00+00:00,LZ_WEST,2025-07-31 18:00:00+00:00,31.7025,25.966474533081055,12.172252655029297,50.96275329589844
Chronos2,2025-07-31 00:00:00+00:00,LZ_WEST,2025-07-31 19:00:00+00:00,35.276666666666664,30.587005615234375,14.362371444702148,58.408111572265625
Chronos2,2025-07-31 00:00:00+00:00,LZ_WEST,2025-07-31 20:00:00+00:00,41.115,35.16401290893555,16.181737899780273,66.98736572265625
Chronos2,2025-07-31 00:00:00+00:00,LZ_WEST,2025-07-31 21:00:00+00:00,45.01083333333333,35.30741882324219,14.601310729980469,69.3371353149414
Chronos2,2025-07-31 00:00:00+00:00,LZ_WEST,2025-07-31 22:00:00+00:00,37.24666666666667,34.93647384643555,12.943939208984375,73.47621154785156
Chronos2,2025-07-31 00:00:00+00:00,LZ_WEST,2025-07-31 23:00:00+00:00,81.47916666666667,36.68060302734375,13.52529525756836,76.35496520996094
Chronos2,2025-08-01 00:00:00+00:00,HB_HUBAVG,2025-08-01 00:00:00+00:00,75.8575,167.21986389160156,94.73199462890625,269.58685302734375
Chronos2,2025-08-01 00:00:00+00:00,HB_HUBAVG,2025-08-01 01:00:00+00:00,103.52916666666664,159.13157653808594,85.58894348144531,262.90472412109375
Chronos2,2025-08-01 00:00:00+00:00,HB_HUBAVG,2025-08-01 02:00:00+00:00,124.2575,96.68218994140625,56.361454010009766,164.04776000976562
Chronos2,2025-08-01 00:00:00+00:00,HB_HUBAVG,2025-08-01 03:00:00+00:00,79.32916666666667,55.521507263183594,38.54013442993164,80.22879028320312
Chronos2,2025-08-01 00:00:00+00:00,HB_HUBAVG,2025-08-01 04:00:00+00:00,40.85833333333333,39.49907684326172,30.692686080932617,51.87498474121094
Chronos2,2025-08-01 00:00:00+00:00,HB_HUBAVG,2025-08-01 05:00:00+00:00,44.48916666666667,33.783172607421875,27.141796112060547,42.59005355834961
Chronos2,2025-08-01 00:00:00+00:00,HB_HUBAVG,2025-08-01 06:00:00+00:00,47.615833333333335,30.703014373779297,25.44840431213379,38.167076110839844
Chronos2,2025-08-01 00:00:00+00:00,HB_HUBAVG,2025-08-01 07:00:00+00:00,45.55916666666667,30.219833374023438,24.3519344329834,37.25442886352539
Chronos2,2025-08-01 00:00:00+00:00,HB_HUBAVG,2025-08-01 08:00:00+00:00,49.75833333333333,30.810302734375,24.460176467895508,37.2625617980957
Chronos2,2025-08-01 00:00:00+00:00,HB_HUBAVG,2025-08-01 09:00:00+00:00,48.98666666666667,31.823482513427734,25.424129486083984,39.800018310546875
Chronos2,2025-08-01 00:00:00+00:00,HB_HUBAVG,2025-08-01 10:00:00+00:00,48.16416666666667,35.80740737915039,27.375471115112305,45.40977478027344
Chronos2,2025-08-01 00:00:00+00:00,HB_HUBAVG,2025-08-01 11:00:00+00:00,51.009166666666665,36.3173942565918,27.853452682495117,46.608543395996094
Chronos2,2025-08-01 00:00:00+00:00,HB_HUBAVG,2025-08-01 12:00:00+00:00,42.30583333333333,30.019502639770508,23.194683074951172,38.15323257446289
Chronos2,2025-08-01 00:00:00+00:00,HB_HUBAVG,2025-08-01 13:00:00+00:00,37.06,25.601146697998047,20.32952880859375,32.309234619140625
Chronos2,2025-08-01 00:00:00+00:00,HB_HUBAVG,2025-08-01 14:00:00+00:00,29.38,25.07609748840332,19.876178741455078,30.532751083374023
Chronos2,2025-08-01 00:00:00+00:00,HB_HUBAVG,2025-08-01 15:00:00+00:00,29.13083333333333,25.647132873535156,19.898666381835938,31.40251350402832
Chronos2,2025-08-01 00:00:00+00:00,HB_HUBAVG,2025-08-01 16:00:00+00:00,28.604166666666668,33.33003234863281,24.58810043334961,43.939659118652344
Chronos2,2025-08-01 00:00:00+00:00,HB_HUBAVG,2025-08-01 17:00:00+00:00,33.59166666666667,48.02215576171875,31.873146057128906,76.77410888671875
Chronos2,2025-08-01 00:00:00+00:00,HB_HUBAVG,2025-08-01 18:00:00+00:00,37.47166666666667,59.32594299316406,35.3459587097168,104.47474670410156
Chronos2,2025-08-01 00:00:00+00:00,HB_HUBAVG,2025-08-01 19:00:00+00:00,43.535,65.63074493408203,37.05669403076172,124.32575988769531
Chronos2,2025-08-01 00:00:00+00:00,HB_HUBAVG,2025-08-01 20:00:00+00:00,46.59916666666667,66.30909729003906,35.60356903076172,135.42471313476562
Chronos2,2025-08-01 00:00:00+00:00,HB_HUBAVG,2025-08-01 21:00:00+00:00,51.21,55.799468994140625,31.51045799255371,113.4466552734375
Chronos2,2025-08-01 00:00:00+00:00,HB_HUBAVG,2025-08-01 22:00:00+00:00,84.00666666666667,56.609764099121094,30.405242919921875,123.90577697753906
Chronos2,2025-08-01 00:00:00+00:00,HB_HUBAVG,2025-08-01 23:00:00+00:00,91.10333333333334,69.09597778320312,29.980764389038086,172.47207641601562
Chronos2,2025-08-01 00:00:00+00:00,HB_PAN,2025-08-01 00:00:00+00:00,80.89416666666666,141.39637756347656,73.38519287109375,220.02101135253906
Chronos2,2025-08-01 00:00:00+00:00,HB_PAN,2025-08-01 01:00:00+00:00,109.96,122.19242095947266,59.20917510986328,198.4956817626953
Chronos2,2025-08-01 00:00:00+00:00,HB_PAN,2025-08-01 02:00:00+00:00,129.6341666666667,85.98680114746094,45.893585205078125,150.55181884765625
Chronos2,2025-08-01 00:00:00+00:00,HB_PAN,2025-08-01 03:00:00+00:00,82.0025,51.33113098144531,32.08513259887695,83.91183471679688
Chronos2,2025-08-01 00:00:00+00:00,HB_PAN,2025-08-01 04:00:00+00:00,42.3025,36.16086196899414,24.839372634887695,53.0609130859375
Chronos2,2025-08-01 00:00:00+00:00,HB_PAN,2025-08-01 05:00:00+00:00,46.681666666666665,31.96601104736328,22.996431350708008,43.073509216308594
Chronos2,2025-08-01 00:00:00+00:00,HB_PAN,2025-08-01 06:00:00+00:00,50.41666666666666,28.605628967285156,21.59572982788086,37.788761138916016
Chronos2,2025-08-01 00:00:00+00:00,HB_PAN,2025-08-01 07:00:00+00:00,48.66166666666667,27.648571014404297,20.295738220214844,35.90005111694336
Chronos2,2025-08-01 00:00:00+00:00,HB_PAN,2025-08-01 08:00:00+00:00,50.33166666666667,28.344907760620117,20.747976303100586,36.13465881347656
Chronos2,2025-08-01 00:00:00+00:00,HB_PAN,2025-08-01 09:00:00+00:00,49.91333333333333,30.239416122436523,22.170772552490234,40.43783187866211
Chronos2,2025-08-01 00:00:00+00:00,HB_PAN,2025-08-01 10:00:00+00:00,50.943333333333335,35.074031829833984,24.643505096435547,47.89643478393555
Chronos2,2025-08-01 00:00:00+00:00,HB_PAN,2025-08-01 11:00:00+00:00,52.46,35.63365936279297,25.04741668701172,49.67689514160156
Chronos2,2025-08-01 00:00:00+00:00,HB_PAN,2025-08-01 12:00:00+00:00,44.005,29.39647102355957,20.915382385253906,39.551570892333984
Chronos2,2025-08-01 00:00:00+00:00,HB_PAN,2025-08-01 13:00:00+00:00,37.810833333333335,25.395339965820312,17.924583435058594,33.65154266357422
Chronos2,2025-08-01 00:00:00+00:00,HB_PAN,2025-08-01 14:00:00+00:00,29.729166666666668,23.906047821044922,17.060020446777344,30.82999610900879
Chronos2,2025-08-01 00:00:00+00:00,HB_PAN,2025-08-01 15:00:00+00:00,28.924166666666665,24.283308029174805,17.020078659057617,32.18434143066406
Chronos2,2025-08-01 00:00:00+00:00,HB_PAN,2025-08-01 16:00:00+00:00,28.441666666666663,29.36008071899414,19.862586975097656,41.5770149230957
Chronos2,2025-08-01 00:00:00+00:00,HB_PAN,2025-08-01 17:00:00+00:00,28.44,37.70602035522461,23.350570678710938,60.7764892578125
Chronos2,2025-08-01 00:00:00+00:00,HB_PAN,2025-08-01 18:00:00+00:00,29.24083333333333,44.517234802246094,25.288768768310547,77.53886413574219
Chronos2,2025-08-01 00:00:00+00:00,HB_PAN,2025-08-01 19:00:00+00:00,32.3275,48.069252014160156,26.25588035583496,91.6238784790039
Chronos2,2025-08-01 00:00:00+00:00,HB_PAN,2025-08-01 20:00:00+00:00,37.07,50.368247985839844,24.072185516357422,103.382080078125
Chronos2,2025-08-01 00:00:00+00:00,HB_PAN,2025-08-01 21:00:00+00:00,50.990833333333335,45.73426818847656,23.03203010559082,95.7847900390625
Chronos2,2025-08-01 00:00:00+00:00,HB_PAN,2025-08-01 22:00:00+00:00,90.5925,46.90373611450195,21.799331665039062,106.71489715576172
Chronos2,2025-08-01 00:00:00+00:00,HB_PAN,2025-08-01 23:00:00+00:00,97.87,63.09381866455078,23.62881088256836,146.09278869628906
Chronos2,2025-08-01 00:00:00+00:00,LZ_WEST,2025-08-01 00:00:00+00:00,81.73083333333334,121.63168334960938,51.70933151245117,251.5303497314453
Chronos2,2025-08-01 00:00:00+00:00,LZ_WEST,2025-08-01 01:00:00+00:00,111.79833333333332,101.22860717773438,46.4771728515625,231.969970703125
Chronos2,2025-08-01 00:00:00+00:00,LZ_WEST,2025-08-01 02:00:00+00:00,131.45083333333335,76.2515869140625,43.28261947631836,163.41680908203125
Chronos2,2025-08-01 00:00:00+00:00,LZ_WEST,2025-08-01 03:00:00+00:00,82.87583333333333,59.5541877746582,38.327232360839844,108.95054626464844
Chronos2,2025-08-01 00:00:00+00:00,LZ_WEST,2025-08-01 04:00:00+00:00,59.29416666666666,53.462974548339844,36.54075241088867,89.73233032226562
Chronos2,2025-08-01 00:00:00+00:00,LZ_WEST,2025-08-01 05:00:00+00:00,62.623333333333335,49.77032470703125,35.18278503417969,80.70578002929688
Chronos2,2025-08-01 00:00:00+00:00,LZ_WEST,2025-08-01 06:00:00+00:00,73.50666666666666,47.52910614013672,34.170867919921875,74.12577819824219
Chronos2,2025-08-01 00:00:00+00:00,LZ_WEST,2025-08-01 07:00:00+00:00,84.79416666666667,45.308162689208984,32.32948303222656,69.3465576171875
Chronos2,2025-08-01 00:00:00+00:00,LZ_WEST,2025-08-01 08:00:00+00:00,80.40333333333332,43.769161224365234,30.618846893310547,67.24058532714844
Chronos2,2025-08-01 00:00:00+00:00,LZ_WEST,2025-08-01 09:00:00+00:00,86.46666666666665,42.99879837036133,29.370325088500977,67.04390716552734
Chronos2,2025-08-01 00:00:00+00:00,LZ_WEST,2025-08-01 10:00:00+00:00,88.495,43.18243408203125,27.70261573791504,70.55207061767578
Chronos2,2025-08-01 00:00:00+00:00,LZ_WEST,2025-08-01 11:00:00+00:00,71.5525,41.747589111328125,25.657005310058594,72.02299499511719
Chronos2,2025-08-01 00:00:00+00:00,LZ_WEST,2025-08-01 12:00:00+00:00,61.29416666666666,32.77149963378906,20.500368118286133,51.80813980102539
Chronos2,2025-08-01 00:00:00+00:00,LZ_WEST,2025-08-01 13:00:00+00:00,41.04416666666666,26.378292083740234,16.99733543395996,41.416439056396484
Chronos2,2025-08-01 00:00:00+00:00,LZ_WEST,2025-08-01 14:00:00+00:00,31.185,24.519765853881836,16.262672424316406,36.070194244384766
Chronos2,2025-08-01 00:00:00+00:00,LZ_WEST,2025-08-01 15:00:00+00:00,28.65833333333333,23.541866302490234,15.568069458007812,34.59549331665039
Chronos2,2025-08-01 00:00:00+00:00,LZ_WEST,2025-08-01 16:00:00+00:00,28.22833333333333,26.014650344848633,17.95442771911621,40.22591781616211
Chronos2,2025-08-01 00:00:00+00:00,LZ_WEST,2025-08-01 17:00:00+00:00,30.55,29.530431747436523,19.50337028503418,47.37767028808594
Chronos2,2025-08-01 00:00:00+00:00,LZ_WEST,2025-08-01 18:00:00+00:00,32.59166666666667,33.901119232177734,21.39539909362793,57.64932632446289
Chronos2,2025-08-01 00:00:00+00:00,LZ_WEST,2025-08-01 19:00:00+00:00,35.68,40.22466278076172,24.58660888671875,71.6579360961914
Chronos2,2025-08-01 00:00:00+00:00,LZ_WEST,2025-08-01 20:00:00+00:00,42.03083333333333,46.749725341796875,27.17465591430664,86.6647720336914
Chronos2,2025-08-01 00:00:00+00:00,LZ_WEST,2025-08-01 21:00:00+00:00,52.38333333333333,46.71952819824219,26.23002815246582,92.15396118164062
Chronos2,2025-08-01 00:00:00+00:00,LZ_WEST,2025-08-01 22:00:00+00:00,91.96,46.51266860961914,25.41687774658203,98.10945892333984
Chronos2,2025-08-01 00:00:00+00:00,LZ_WEST,2025-08-01 23:00:00+00:00,99.3375,53.78958511352539,27.007638931274414,123.696044921875
Chronos2,2025-08-02 00:00:00+00:00,HB_HUBAVG,2025-08-02 00:00:00+00:00,137.1575,97.16590881347656,59.69678497314453,163.44903564453125
Chronos2,2025-08-02 00:00:00+00:00,HB_HUBAVG,2025-08-02 01:00:00+00:00,113.95333333333332,95.308349609375,55.818756103515625,170.58689880371094
Chronos2,2025-08-02 00:00:00+00:00,HB_HUBAVG,2025-08-02 02:00:00+00:00,78.28333333333333,85.96278381347656,50.253055572509766,160.12586975097656
Chronos2,2025-08-02 00:00:00+00:00,HB_HUBAVG,2025-08-02 03:00:00+00:00,62.7,63.51828384399414,41.09794235229492,112.79583740234375
Chronos2,2025-08-02 00:00:00+00:00,HB_HUBAVG,2025-08-02 04:00:00+00:00,44.73583333333334,50.844635009765625,35.492862701416016,83.00181579589844
Chronos2,2025-08-02 00:00:00+00:00,HB_HUBAVG,2025-08-02 05:00:00+00:00,49.943333333333335,47.21299743652344,33.31904220581055,74.09503173828125
Chronos2,2025-08-02 00:00:00+00:00,HB_HUBAVG,2025-08-02 06:00:00+00:00,41.4625,45.894317626953125,32.572784423828125,70.04317474365234
Chronos2,2025-08-02 00:00:00+00:00,HB_HUBAVG,2025-08-02 07:00:00+00:00,40.285833333333336,44.71467590332031,31.99001693725586,66.79536437988281
Chronos2,2025-08-02 00:00:00+00:00,HB_HUBAVG,2025-08-02 08:00:00+00:00,36.751666666666665,44.75849914550781,32.13249588012695,64.11531066894531
Chronos2,2025-08-02 00:00:00+00:00,HB_HUBAVG,2025-08-02 09:00:00+00:00,34.193333333333335,45.71198272705078,33.38650894165039,65.20116424560547
Chronos2,2025-08-02 00:00:00+00:00,HB_HUBAVG,2025-08-02 10:00:00+00:00,36.855,46.820335388183594,33.404388427734375,68.17318725585938
Chronos2,2025-08-02 00:00:00+00:00,HB_HUBAVG,2025-08-02 11:00:00+00:00,40.681666666666665,45.97344207763672,32.322696685791016,68.12425994873047
Chronos2,2025-08-02 00:00:00+00:00,HB_HUBAVG,2025-08-02 12:00:00+00:00,40.87916666666667,42.02752685546875,29.395065307617188,60.791290283203125
Chronos2,2025-08-02 00:00:00+00:00,HB_HUBAVG,2025-08-02 13:00:00+00:00,29.3425,37.27618408203125,25.020992279052734,53.86097717285156
Chronos2,2025-08-02 00:00:00+00:00,HB_HUBAVG,2025-08-02 14:00:00+00:00,27.121666666666663,34.01273727416992,23.077266693115234,51.14962387084961
Chronos2,2025-08-02 00:00:00+00:00,HB_HUBAVG,2025-08-02 15:00:00+00:00,27.316666666666663,34.15945053100586,23.383913040161133,51.67431640625
Chronos2,2025-08-02 00:00:00+00:00,HB_HUBAVG,2025-08-02 16:00:00+00:00,29.529166666666665,40.66142272949219,24.403968811035156,67.36566925048828
Chronos2,2025-08-02 00:00:00+00:00,HB_HUBAVG,2025-08-02 17:00:00+00:00,29.574166666666667,52.8626708984375,29.79067039489746,100.20329284667969
Chronos2,2025-08-02 00:00:00+00:00,HB_HUBAVG,2025-08-02 18:00:00+00:00,29.1775,67.14391326904297,34.73361587524414,139.1454620361328
Chronos2,2025-08-02 00:00:00+00:00,HB_HUBAVG,2025-08-02 19:00:00+00:00,27.7425,72.70167541503906,37.300567626953125,149.766845703125
Chronos2,2025-08-02 00:00:00+00:00,HB_HUBAVG,2025-08-02 20:00:00+00:00,29.615,69.78903198242188,37.91823196411133,138.06951904296875
Chronos2,2025-08-02 00:00:00+00:00,HB_HUBAVG,2025-08-02 21:00:00+00:00,39.590833333333336,63.59892272949219,35.03211975097656,126.33262634277344
Chronos2,2025-08-02 00:00:00+00:00,HB_HUBAVG,2025-08-02 22:00:00+00:00,44.29583333333333,58.163963317871094,31.926956176757812,117.11521911621094
Chronos2,2025-08-02 00:00:00+00:00,HB_HUBAVG,2025-08-02 23:00:00+00:00,38.895,55.46221160888672,30.456689834594727,122.44540405273438
Chronos2,2025-08-02 00:00:00+00:00,HB_PAN,2025-08-02 00:00:00+00:00,148.04833333333332,107.93065643310547,62.852638244628906,168.3460693359375
Chronos2,2025-08-02 00:00:00+00:00,HB_PAN,2025-08-02 01:00:00+00:00,122.16333333333334,103.29788208007812,55.21217346191406,170.18630981445312
Chronos2,2025-08-02 00:00:00+00:00,HB_PAN,2025-08-02 02:00:00+00:00,81.41250000000001,89.50790405273438,46.69752502441406,157.49566650390625
Chronos2,2025-08-02 00:00:00+00:00,HB_PAN,2025-08-02 03:00:00+00:00,59.80583333333333,65.81996154785156,37.92615509033203,117.9266128540039
Chronos2,2025-08-02 00:00:00+00:00,HB_PAN,2025-08-02 04:00:00+00:00,24.7025,51.078277587890625,31.634206771850586,88.36932373046875
Chronos2,2025-08-02 00:00:00+00:00,HB_PAN,2025-08-02 05:00:00+00:00,29.674166666666665,45.92207336425781,28.963823318481445,78.93977355957031
Chronos2,2025-08-02 00:00:00+00:00,HB_PAN,2025-08-02 06:00:00+00:00,20.275,44.32271957397461,28.143526077270508,75.65751647949219
Chronos2,2025-08-02 00:00:00+00:00,HB_PAN,2025-08-02 07:00:00+00:00,16.113333333333333,43.07212829589844,27.622129440307617,71.69641876220703
Chronos2,2025-08-02 00:00:00+00:00,HB_PAN,2025-08-02 08:00:00+00:00,21.14333333333333,42.85430145263672,27.74512481689453,67.49014282226562
Chronos2,2025-08-02 00:00:00+00:00,HB_PAN,2025-08-02 09:00:00+00:00,35.781666666666666,44.104034423828125,29.395227432250977,68.56206512451172
Chronos2,2025-08-02 00:00:00+00:00,HB_PAN,2025-08-02 10:00:00+00:00,40.55833333333333,45.224388122558594,29.52348518371582,71.28092956542969
Chronos2,2025-08-02 00:00:00+00:00,HB_PAN,2025-08-02 11:00:00+00:00,42.8225,44.51318359375,28.872234344482422,70.46835327148438
Chronos2,2025-08-02 00:00:00+00:00,HB_PAN,2025-08-02 12:00:00+00:00,42.665,40.57645034790039,26.675758361816406,62.070552825927734
Chronos2,2025-08-02 00:00:00+00:00,HB_PAN,2025-08-02 13:00:00+00:00,29.506666666666664,36.71669006347656,23.10302734375,55.72168731689453
Chronos2,2025-08-02 00:00:00+00:00,HB_PAN,2025-08-02 14:00:00+00:00,27.33583333333333,33.86834716796875,21.582860946655273,53.128211975097656
Chronos2,2025-08-02 00:00:00+00:00,HB_PAN,2025-08-02 15:00:00+00:00,27.328333333333333,33.66538619995117,21.615859985351562,53.25456619262695
Chronos2,2025-08-02 00:00:00+00:00,HB_PAN,2025-08-02 16:00:00+00:00,29.529166666666665,38.51900863647461,21.528053283691406,68.78579711914062
Chronos2,2025-08-02 00:00:00+00:00,HB_PAN,2025-08-02 17:00:00+00:00,29.574166666666667,46.20115661621094,23.251361846923828,95.05879211425781
Chronos2,2025-08-02 00:00:00+00:00,HB_PAN,2025-08-02 18:00:00+00:00,26.6475,55.40003967285156,25.08401107788086,127.53221893310547
Chronos2,2025-08-02 00:00:00+00:00,HB_PAN,2025-08-02 19:00:00+00:00,26.045,58.7646484375,24.877094268798828,142.50820922851562
Chronos2,2025-08-02 00:00:00+00:00,HB_PAN,2025-08-02 20:00:00+00:00,30.06083333333333,58.83924102783203,26.992401123046875,137.3780517578125
Chronos2,2025-08-02 00:00:00+00:00,HB_PAN,2025-08-02 21:00:00+00:00,41.19083333333333,56.726078033447266,25.362812042236328,134.28225708007812
Chronos2,2025-08-02 00:00:00+00:00,HB_PAN,2025-08-02 22:00:00+00:00,45.32583333333333,53.0628776550293,23.746051788330078,132.28848266601562
Chronos2,2025-08-02 00:00:00+00:00,HB_PAN,2025-08-02 23:00:00+00:00,40.235,53.22663497924805,22.90565299987793,144.262451171875
Chronos2,2025-08-02 00:00:00+00:00,LZ_WEST,2025-08-02 00:00:00+00:00,150.64333333333337,96.99806213378906,61.17545700073242,159.71051025390625
Chronos2,2025-08-02 00:00:00+00:00,LZ_WEST,2025-08-02 01:00:00+00:00,124.19583333333333,96.06491088867188,57.94482421875,162.8313446044922
Chronos2,2025-08-02 00:00:00+00:00,LZ_WEST,2025-08-02 02:00:00+00:00,82.3075,89.2529525756836,53.67087936401367,154.03453063964844
Chronos2,2025-08-02 00:00:00+00:00,LZ_WEST,2025-08-02 03:00:00+00:00,76.25416666666666,77.87094116210938,49.19209671020508,132.89544677734375
Chronos2,2025-08-02 00:00:00+00:00,LZ_WEST,2025-08-02 04:00:00+00:00,81.34750000000001,71.08515167236328,46.666439056396484,119.37336730957031
Chronos2,2025-08-02 00:00:00+00:00,LZ_WEST,2025-08-02 05:00:00+00:00,84.435,68.6302719116211,45.854736328125,112.97073364257812
Chronos2,2025-08-02 00:00:00+00:00,LZ_WEST,2025-08-02 06:00:00+00:00,77.58833333333332,66.84839630126953,44.337913513183594,109.9420394897461
Chronos2,2025-08-02 00:00:00+00:00,LZ_WEST,2025-08-02 07:00:00+00:00,88.15166666666666,65.14126586914062,42.27875900268555,107.93557739257812
Chronos2,2025-08-02 00:00:00+00:00,LZ_WEST,2025-08-02 08:00:00+00:00,79.44583333333334,63.74054718017578,41.14826202392578,107.10464477539062
Chronos2,2025-08-02 00:00:00+00:00,LZ_WEST,2025-08-02 09:00:00+00:00,84.83749999999999,61.83779525756836,39.11091995239258,105.23931884765625
Chronos2,2025-08-02 00:00:00+00:00,LZ_WEST,2025-08-02 10:00:00+00:00,95.16333333333334,58.16053771972656,36.528594970703125,100.48269653320312
Chronos2,2025-08-02 00:00:00+00:00,LZ_WEST,2025-08-02 11:00:00+00:00,73.99166666666666,53.267547607421875,33.313720703125,91.42387390136719
Chronos2,2025-08-02 00:00:00+00:00,LZ_WEST,2025-08-02 12:00:00+00:00,68.48666666666666,45.16411209106445,28.656925201416016,78.76122283935547
Chronos2,2025-08-02 00:00:00+00:00,LZ_WEST,2025-08-02 13:00:00+00:00,29.726666666666663,37.78152847290039,24.04851531982422,64.4381332397461
Chronos2,2025-08-02 00:00:00+00:00,LZ_WEST,2025-08-02 14:00:00+00:00,27.60333333333333,33.64874267578125,21.607479095458984,58.147438049316406
Chronos2,2025-08-02 00:00:00+00:00,LZ_WEST,2025-08-02 15:00:00+00:00,27.35083333333333,32.14255905151367,20.518306732177734,54.31763458251953
Chronos2,2025-08-02 00:00:00+00:00,LZ_WEST,2025-08-02 16:00:00+00:00,29.529166666666665,34.62910461425781,21.674936294555664,60.317344665527344
Chronos2,2025-08-02 00:00:00+00:00,LZ_WEST,2025-08-02 17:00:00+00:00,29.574166666666667,37.246116638183594,22.805356979370117,67.2234878540039
Chronos2,2025-08-02 00:00:00+00:00,LZ_WEST,2025-08-02 18:00:00+00:00,27.67083333333333,41.082733154296875,24.608501434326172,77.74684143066406
Chronos2,2025-08-02 00:00:00+00:00,LZ_WEST,2025-08-02 19:00:00+00:00,26.715833333333336,45.30754470825195,26.299758911132812,88.02906036376953
Chronos2,2025-08-02 00:00:00+00:00,LZ_WEST,2025-08-02 20:00:00+00:00,30.155,48.503028869628906,27.165311813354492,96.28263854980469
Chronos2,2025-08-02 00:00:00+00:00,LZ_WEST,2025-08-02 21:00:00+00:00,41.18666666666667,49.69735336303711,27.181598663330078,102.23477172851562
Chronos2,2025-08-02 00:00:00+00:00,LZ_WEST,2025-08-02 22:00:00+00:00,45.04333333333333,51.30307388305664,27.159215927124023,111.9192886352539
Chronos2,2025-08-02 00:00:00+00:00,LZ_WEST,2025-08-02 23:00:00+00:00,40.50416666666667,55.66374206542969,29.08291244506836,122.41133880615234
Chronos2,2025-08-03 00:00:00+00:00,HB_HUBAVG,2025-08-03 00:00:00+00:00,38.4475,44.29097366333008,34.194190979003906,61.925350189208984
Chronos2,2025-08-03 00:00:00+00:00,HB_HUBAVG,2025-08-03 01:00:00+00:00,39.09583333333334,54.70323181152344,39.05556869506836,84.93247985839844
Chronos2,2025-08-03 00:00:00+00:00,HB_HUBAVG,2025-08-03 02:00:00+00:00,39.43416666666667,57.619598388671875,41.473045349121094,87.66598510742188
Chronos2,2025-08-03 00:00:00+00:00,HB_HUBAVG,2025-08-03 03:00:00+00:00,37.458333333333336,51.39846420288086,38.70591354370117,71.83403015136719
Chronos2,2025-08-03 00:00:00+00:00,HB_HUBAVG,2025-08-03 04:00:00+00:00,32.1875,42.37076187133789,33.09990692138672,55.14410400390625
Chronos2,2025-08-03 00:00:00+00:00,HB_HUBAVG,2025-08-03 05:00:00+00:00,29.050833333333333,38.61429214477539,30.664409637451172,48.50020217895508
Chronos2,2025-08-03 00:00:00+00:00,HB_HUBAVG,2025-08-03 06:00:00+00:00,28.2825,36.540283203125,29.097583770751953,45.921077728271484
Chronos2,2025-08-03 00:00:00+00:00,HB_HUBAVG,2025-08-03 07:00:00+00:00,27.365,34.683692932128906,27.797863006591797,43.08389663696289
Chronos2,2025-08-03 00:00:00+00:00,HB_HUBAVG,2025-08-03 08:00:00+00:00,25.14333333333333,33.57994079589844,26.516647338867188,40.904605865478516
Chronos2,2025-08-03 00:00:00+00:00,HB_HUBAVG,2025-08-03 09:00:00+00:00,24.239166666666662,33.799015045166016,26.95248794555664,41.88510513305664
Chronos2,2025-08-03 00:00:00+00:00,HB_HUBAVG,2025-08-03 10:00:00+00:00,23.633333333333336,35.64685821533203,27.442707061767578,44.85385513305664
Chronos2,2025-08-03 00:00:00+00:00,HB_HUBAVG,2025-08-03 11:00:00+00:00,23.595,36.38480758666992,27.497026443481445,47.07166290283203
Chronos2,2025-08-03 00:00:00+00:00,HB_HUBAVG,2025-08-03 12:00:00+00:00,19.4225,31.723508834838867,23.28277015686035,41.45772933959961
Chronos2,2025-08-03 00:00:00+00:00,HB_HUBAVG,2025-08-03 13:00:00+00:00,15.004166666666668,24.381851196289062,17.103960037231445,33.53946304321289
Chronos2,2025-08-03 00:00:00+00:00,HB_HUBAVG,2025-08-03 14:00:00+00:00,13.998333333333331,20.3846378326416,13.729196548461914,28.2557430267334
Chronos2,2025-08-03 00:00:00+00:00,HB_HUBAVG,2025-08-03 15:00:00+00:00,14.715000000000002,20.238101959228516,13.756244659423828,27.837295532226562
Chronos2,2025-08-03 00:00:00+00:00,HB_HUBAVG,2025-08-03 16:00:00+00:00,14.450833333333334,24.76181411743164,15.415336608886719,35.777339935302734
Chronos2,2025-08-03 00:00:00+00:00,HB_HUBAVG,2025-08-03 17:00:00+00:00,15.178333333333336,26.720020294189453,16.322763442993164,39.34180450439453
Chronos2,2025-08-03 00:00:00+00:00,HB_HUBAVG,2025-08-03 18:00:00+00:00,20.254166666666663,28.748092651367188,17.254837036132812,42.50001907348633
Chronos2,2025-08-03 00:00:00+00:00,HB_HUBAVG,2025-08-03 19:00:00+00:00,26.375,29.188743591308594,17.964815139770508,43.839012145996094
Chronos2,2025-08-03 00:00:00+00:00,HB_HUBAVG,2025-08-03 20:00:00+00:00,28.886666666666667,31.360715866088867,18.622655868530273,48.07492446899414
Chronos2,2025-08-03 00:00:00+00:00,HB_HUBAVG,2025-08-03 21:00:00+00:00,29.7875,33.20750045776367,18.990406036376953,52.819175720214844
Chronos2,2025-08-03 00:00:00+00:00,HB_HUBAVG,2025-08-03 22:00:00+00:00,40.545,35.383731842041016,19.565345764160156,58.636268615722656
Chronos2,2025-08-03 00:00:00+00:00,HB_HUBAVG,2025-08-03 23:00:00+00:00,53.134166666666665,40.010711669921875,20.781002044677734,75.4217529296875
Chronos2,2025-08-03 00:00:00+00:00,HB_PAN,2025-08-03 00:00:00+00:00,39.62583333333333,55.77135467529297,34.76721954345703,94.16334533691406
Chronos2,2025-08-03 00:00:00+00:00,HB_PAN,2025-08-03 01:00:00+00:00,32.155,67.94635772705078,39.118629455566406,116.38531494140625
Chronos2,2025-08-03 00:00:00+00:00,HB_PAN,2025-08-03 02:00:00+00:00,19.570833333333333,62.0595703125,38.97346115112305,99.17574310302734
Chronos2,2025-08-03 00:00:00+00:00,HB_PAN,2025-08-03 03:00:00+00:00,4.361666666666667,42.8183708190918,28.02952766418457,66.41261291503906
Chronos2,2025-08-03 00:00:00+00:00,HB_PAN,2025-08-03 04:00:00+00:00,8.4375,31.587949752807617,20.123249053955078,46.57404708862305
Chronos2,2025-08-03 00:00:00+00:00,HB_PAN,2025-08-03 05:00:00+00:00,17.46,32.27793884277344,21.242046356201172,46.00807189941406
Chronos2,2025-08-03 00:00:00+00:00,HB_PAN,2025-08-03 06:00:00+00:00,13.426666666666668,30.888324737548828,20.15424919128418,43.93409729003906
Chronos2,2025-08-03 00:00:00+00:00,HB_PAN,2025-08-03 07:00:00+00:00,15.06,28.334999084472656,18.347240447998047,40.351783752441406
Chronos2,2025-08-03 00:00:00+00:00,HB_PAN,2025-08-03 08:00:00+00:00,24.36083333333333,28.800045013427734,18.345611572265625,39.77866744995117
Chronos2,2025-08-03 00:00:00+00:00,HB_PAN,2025-08-03 09:00:00+00:00,24.555000000000003,31.818098068237305,21.25650405883789,43.49805450439453
Chronos2,2025-08-03 00:00:00+00:00,HB_PAN,2025-08-03 10:00:00+00:00,23.64583333333333,36.4912223815918,24.970195770263672,49.34176254272461
Chronos2,2025-08-03 00:00:00+00:00,HB_PAN,2025-08-03 11:00:00+00:00,23.605833333333333,37.855323791503906,25.703386306762695,52.16526794433594
Chronos2,2025-08-03 00:00:00+00:00,HB_PAN,2025-08-03 12:00:00+00:00,18.34583333333333,35.21074295043945,23.04094123840332,48.30137634277344
Chronos2,2025-08-03 00:00:00+00:00,HB_PAN,2025-08-03 13:00:00+00:00,15.004166666666668,28.447311401367188,17.34490966796875,39.60533905029297
Chronos2,2025-08-03 00:00:00+00:00,HB_PAN,2025-08-03 14:00:00+00:00,13.998333333333331,23.758426666259766,13.671430587768555,35.3332633972168
Chronos2,2025-08-03 00:00:00+00:00,HB_PAN,2025-08-03 15:00:00+00:00,14.6125,22.743976593017578,12.304668426513672,34.792049407958984
Chronos2,2025-08-03 00:00:00+00:00,HB_PAN,2025-08-03 16:00:00+00:00,11.841666666666669,25.998878479003906,14.532644271850586,39.46571350097656
Chronos2,2025-08-03 00:00:00+00:00,HB_PAN,2025-08-03 17:00:00+00:00,9.176666666666668,26.928442001342773,13.92525863647461,42.07831573486328
Chronos2,2025-08-03 00:00:00+00:00,HB_PAN,2025-08-03 18:00:00+00:00,12.714166666666666,26.750682830810547,12.823408126831055,44.92152786254883
Chronos2,2025-08-03 00:00:00+00:00,HB_PAN,2025-08-03 19:00:00+00:00,19.2175,25.304325103759766,10.919588088989258,45.59113311767578
Chronos2,2025-08-03 00:00:00+00:00,HB_PAN,2025-08-03 20:00:00+00:00,23.945833333333336,25.77021026611328,10.498344421386719,48.219913482666016
Chronos2,2025-08-03 00:00:00+00:00,HB_PAN,2025-08-03 21:00:00+00:00,23.65416666666667,28.949417114257812,11.348823547363281,57.46839904785156
Chronos2,2025-08-03 00:00:00+00:00,HB_PAN,2025-08-03 22:00:00+00:00,26.574166666666667,33.161460876464844,12.71249008178711,71.53839874267578
Chronos2,2025-08-03 00:00:00+00:00,HB_PAN,2025-08-03 23:00:00+00:00,46.875,39.87687301635742,13.949178695678711,102.01774597167969
Chronos2,2025-08-03 00:00:00+00:00,LZ_WEST,2025-08-03 00:00:00+00:00,39.899166666666666,57.68680191040039,39.614498138427734,89.20986938476562
Chronos2,2025-08-03 00:00:00+00:00,LZ_WEST,2025-08-03 01:00:00+00:00,54.1775,70.8114013671875,47.733665466308594,107.0181884765625
Chronos2,2025-08-03 00:00:00+00:00,LZ_WEST,2025-08-03 02:00:00+00:00,71.385,75.68482971191406,53.277496337890625,110.08937072753906
Chronos2,2025-08-03 00:00:00+00:00,LZ_WEST,2025-08-03 03:00:00+00:00,77.07,75.32473754882812,53.88446807861328,106.185546875
Chronos2,2025-08-03 00:00:00+00:00,LZ_WEST,2025-08-03 04:00:00+00:00,69.75916666666667,71.34001922607422,52.76089096069336,99.35333251953125
Chronos2,2025-08-03 00:00:00+00:00,LZ_WEST,2025-08-03 05:00:00+00:00,50.10833333333333,68.70152282714844,50.42030715942383,94.21611022949219
Chronos2,2025-08-03 00:00:00+00:00,LZ_WEST,2025-08-03 06:00:00+00:00,55.58583333333333,69.37342834472656,50.51908874511719,94.79608154296875
Chronos2,2025-08-03 00:00:00+00:00,LZ_WEST,2025-08-03 07:00:00+00:00,50.09833333333333,73.04756927490234,52.98834228515625,100.32525634765625
Chronos2,2025-08-03 00:00:00+00:00,LZ_WEST,2025-08-03 08:00:00+00:00,35.825833333333335,76.09097290039062,54.12510299682617,107.17994689941406
Chronos2,2025-08-03 00:00:00+00:00,LZ_WEST,2025-08-03 09:00:00+00:00,29.205,76.54991912841797,53.5634651184082,108.34781646728516
Chronos2,2025-08-03 00:00:00+00:00,LZ_WEST,2025-08-03 10:00:00+00:00,23.83,71.57228088378906,48.76060485839844,101.53111267089844
Chronos2,2025-08-03 00:00:00+00:00,LZ_WEST,2025-08-03 11:00:00+00:00,24.39333333333333,64.12603759765625,43.00691223144531,90.68093872070312
Chronos2,2025-08-03 00:00:00+00:00,LZ_WEST,2025-08-03 12:00:00+00:00,21.579166666666666,49.24894714355469,32.498756408691406,71.30754089355469
Chronos2,2025-08-03 00:00:00+00:00,LZ_WEST,2025-08-03 13:00:00+00:00,15.015,33.722900390625,22.19287872314453,50.42206954956055
Chronos2,2025-08-03 00:00:00+00:00,LZ_WEST,2025-08-03 14:00:00+00:00,13.998333333333331,27.43656349182129,17.780813217163086,40.766685485839844
Chronos2,2025-08-03 00:00:00+00:00,LZ_WEST,2025-08-03 15:00:00+00:00,14.559166666666668,25.738492965698242,16.497230529785156,37.470333099365234
Chronos2,2025-08-03 00:00:00+00:00,LZ_WEST,2025-08-03 16:00:00+00:00,12.895833333333334,26.636404037475586,16.284374237060547,41.05535125732422
Chronos2,2025-08-03 00:00:00+00:00,LZ_WEST,2025-08-03 17:00:00+00:00,10.393333333333333,25.80637550354004,14.517749786376953,42.66455078125
Chronos2,2025-08-03 00:00:00+00:00,LZ_WEST,2025-08-03 18:00:00+00:00,15.224166666666669,27.296173095703125,14.63515853881836,47.64385223388672
Chronos2,2025-08-03 00:00:00+00:00,LZ_WEST,2025-08-03 19:00:00+00:00,22.16333333333333,28.654010772705078,14.546852111816406,56.36130905151367
Chronos2,2025-08-03 00:00:00+00:00,LZ_WEST,2025-08-03 20:00:00+00:00,25.9675,31.726356506347656,15.126712799072266,67.16350555419922
Chronos2,2025-08-03 00:00:00+00:00,LZ_WEST,2025-08-03 21:00:00+00:00,26.124166666666667,35.34174346923828,15.28847885131836,82.7281494140625
Chronos2,2025-08-03 00:00:00+00:00,LZ_WEST,2025-08-03 22:00:00+00:00,31.981666666666666,39.758888244628906,16.770435333251953,96.98941040039062
Chronos2,2025-08-03 00:00:00+00:00,LZ_WEST,2025-08-03 23:00:00+00:00,50.30583333333333,46.140079498291016,20.713640213012695,103.90663146972656
Chronos2,2025-08-04 00:00:00+00:00,HB_HUBAVG,2025-08-04 00:00:00+00:00,78.65416666666667,66.19493103027344,40.26704406738281,111.5701904296875
Chronos2,2025-08-04 00:00:00+00:00,HB_HUBAVG,2025-08-04 01:00:00+00:00,77.76,64.38912963867188,36.59296798706055,115.86988830566406
Chronos2,2025-08-04 00:00:00+00:00,HB_HUBAVG,2025-08-04 02:00:00+00:00,62.35416666666666,54.20833969116211,35.11294937133789,90.96014404296875
Chronos2,2025-08-04 00:00:00+00:00,HB_HUBAVG,2025-08-04 03:00:00+00:00,31.219166666666663,39.891258239746094,27.902782440185547,59.385459899902344
Chronos2,2025-08-04 00:00:00+00:00,HB_HUBAVG,2025-08-04 04:00:00+00:00,27.84083333333333,30.52801513671875,22.349308013916016,43.84540939331055
Chronos2,2025-08-04 00:00:00+00:00,HB_HUBAVG,2025-08-04 05:00:00+00:00,25.065,26.94066619873047,20.02782440185547,38.04420852661133
Chronos2,2025-08-04 00:00:00+00:00,HB_HUBAVG,2025-08-04 06:00:00+00:00,23.7525,25.005722045898438,18.834030151367188,35.07805633544922
Chronos2,2025-08-04 00:00:00+00:00,HB_HUBAVG,2025-08-04 07:00:00+00:00,23.81,23.71697235107422,17.274019241333008,33.198699951171875
Chronos2,2025-08-04 00:00:00+00:00,HB_HUBAVG,2025-08-04 08:00:00+00:00,24.90333333333333,23.162113189697266,16.43109130859375,31.458595275878906
Chronos2,2025-08-04 00:00:00+00:00,HB_HUBAVG,2025-08-04 09:00:00+00:00,24.91583333333333,22.916610717773438,16.367055892944336,31.92938804626465
Chronos2,2025-08-04 00:00:00+00:00,HB_HUBAVG,2025-08-04 10:00:00+00:00,25.111666666666665,23.712024688720703,16.457094192504883,34.15660095214844
Chronos2,2025-08-04 00:00:00+00:00,HB_HUBAVG,2025-08-04 11:00:00+00:00,27.359166666666667,24.000873565673828,15.670381546020508,35.21433639526367
Chronos2,2025-08-04 00:00:00+00:00,HB_HUBAVG,2025-08-04 12:00:00+00:00,26.145,21.483367919921875,14.030439376831055,31.906641006469727
Chronos2,2025-08-04 00:00:00+00:00,HB_HUBAVG,2025-08-04 13:00:00+00:00,23.245,17.93709373474121,12.167129516601562,26.428478240966797
Chronos2,2025-08-04 00:00:00+00:00,HB_HUBAVG,2025-08-04 14:00:00+00:00,22.6625,16.09955406188965,10.425378799438477,23.855487823486328
Chronos2,2025-08-04 00:00:00+00:00,HB_HUBAVG,2025-08-04 15:00:00+00:00,23.4375,16.12764549255371,10.284337997436523,23.928958892822266
Chronos2,2025-08-04 00:00:00+00:00,HB_HUBAVG,2025-08-04 16:00:00+00:00,22.3575,18.450788497924805,11.456527709960938,28.27187728881836
Chronos2,2025-08-04 00:00:00+00:00,HB_HUBAVG,2025-08-04 17:00:00+00:00,20.6075,21.192251205444336,13.08043098449707,33.37964630126953
Chronos2,2025-08-04 00:00:00+00:00,HB_HUBAVG,2025-08-04 18:00:00+00:00,19.813333333333333,23.907669067382812,14.26422119140625,37.2580451965332
Chronos2,2025-08-04 00:00:00+00:00,HB_HUBAVG,2025-08-04 19:00:00+00:00,19.66583333333333,24.800941467285156,15.310914993286133,39.932106018066406
Chronos2,2025-08-04 00:00:00+00:00,HB_HUBAVG,2025-08-04 20:00:00+00:00,22.624166666666667,26.856674194335938,15.877439498901367,44.659523010253906
Chronos2,2025-08-04 00:00:00+00:00,HB_HUBAVG,2025-08-04 21:00:00+00:00,22.611666666666668,28.634965896606445,15.939918518066406,50.236907958984375
Chronos2,2025-08-04 00:00:00+00:00,HB_HUBAVG,2025-08-04 22:00:00+00:00,25.531666666666663,32.868614196777344,17.23930549621582,60.9363899230957
Chronos2,2025-08-04 00:00:00+00:00,HB_HUBAVG,2025-08-04 23:00:00+00:00,33.33583333333333,42.49172592163086,19.350353240966797,96.5406494140625
Chronos2,2025-08-04 00:00:00+00:00,HB_PAN,2025-08-04 00:00:00+00:00,79.88416666666667,64.42781066894531,34.41769790649414,107.09567260742188
Chronos2,2025-08-04 00:00:00+00:00,HB_PAN,2025-08-04 01:00:00+00:00,79.96666666666667,61.41728591918945,22.97976303100586,117.71299743652344
Chronos2,2025-08-04 00:00:00+00:00,HB_PAN,2025-08-04 02:00:00+00:00,63.70916666666667,49.42692184448242,18.340791702270508,94.4495849609375
Chronos2,2025-08-04 00:00:00+00:00,HB_PAN,2025-08-04 03:00:00+00:00,29.3875,28.902008056640625,12.593179702758789,56.606353759765625
Chronos2,2025-08-04 00:00:00+00:00,HB_PAN,2025-08-04 04:00:00+00:00,26.956666666666667,18.66446876525879,7.957990646362305,35.773193359375
Chronos2,2025-08-04 00:00:00+00:00,HB_PAN,2025-08-04 05:00:00+00:00,24.550833333333333,17.831674575805664,8.033838272094727,31.173566818237305
Chronos2,2025-08-04 00:00:00+00:00,HB_PAN,2025-08-04 06:00:00+00:00,23.675833333333333,17.212324142456055,8.418529510498047,28.368778228759766
Chronos2,2025-08-04 00:00:00+00:00,HB_PAN,2025-08-04 07:00:00+00:00,23.81,17.10838508605957,8.03986930847168,26.8798770904541
Chronos2,2025-08-04 00:00:00+00:00,HB_PAN,2025-08-04 08:00:00+00:00,24.90333333333333,18.852323532104492,9.476480484008789,27.753189086914062
Chronos2,2025-08-04 00:00:00+00:00,HB_PAN,2025-08-04 09:00:00+00:00,24.91583333333333,20.462806701660156,10.917825698852539,30.86769676208496
Chronos2,2025-08-04 00:00:00+00:00,HB_PAN,2025-08-04 10:00:00+00:00,25.111666666666665,22.06678009033203,11.881174087524414,32.97190475463867
Chronos2,2025-08-04 00:00:00+00:00,HB_PAN,2025-08-04 11:00:00+00:00,27.359166666666667,22.262449264526367,11.621541976928711,33.10380554199219
Chronos2,2025-08-04 00:00:00+00:00,HB_PAN,2025-08-04 12:00:00+00:00,26.316666666666663,19.75250244140625,9.850706100463867,30.31078338623047
Chronos2,2025-08-04 00:00:00+00:00,HB_PAN,2025-08-04 13:00:00+00:00,23.245,17.341346740722656,7.690694808959961,26.83690643310547
Chronos2,2025-08-04 00:00:00+00:00,HB_PAN,2025-08-04 14:00:00+00:00,22.66416666666667,15.160451889038086,6.519880294799805,24.155803680419922
Chronos2,2025-08-04 00:00:00+00:00,HB_PAN,2025-08-04 15:00:00+00:00,23.44083333333333,14.563661575317383,5.268972396850586,23.292034149169922
Chronos2,2025-08-04 00:00:00+00:00,HB_PAN,2025-08-04 16:00:00+00:00,22.376666666666665,17.1391658782959,6.978212356567383,26.970996856689453
Chronos2,2025-08-04 00:00:00+00:00,HB_PAN,2025-08-04 17:00:00+00:00,20.18166666666667,17.13574981689453,6.661130905151367,29.117652893066406
Chronos2,2025-08-04 00:00:00+00:00,HB_PAN,2025-08-04 18:00:00+00:00,19.3625,17.284934997558594,6.311901092529297,29.48894500732422
Chronos2,2025-08-04 00:00:00+00:00,HB_PAN,2025-08-04 19:00:00+00:00,19.6025,17.18358612060547,6.371997833251953,30.244810104370117
Chronos2,2025-08-04 00:00:00+00:00,HB_PAN,2025-08-04 20:00:00+00:00,22.735,18.547977447509766,6.603853225708008,35.21708297729492
Chronos2,2025-08-04 00:00:00+00:00,HB_PAN,2025-08-04 21:00:00+00:00,22.90416666666667,21.611637115478516,7.054891586303711,41.73932647705078
Chronos2,2025-08-04 00:00:00+00:00,HB_PAN,2025-08-04 22:00:00+00:00,25.8025,27.050676345825195,8.901065826416016,53.06218719482422
Chronos2,2025-08-04 00:00:00+00:00,HB_PAN,2025-08-04 23:00:00+00:00,33.87083333333333,42.137332916259766,12.138633728027344,97.00115966796875
Chronos2,2025-08-04 00:00:00+00:00,LZ_WEST,2025-08-04 00:00:00+00:00,81.20083333333334,58.470550537109375,36.645259857177734,95.64202880859375
Chronos2,2025-08-04 00:00:00+00:00,LZ_WEST,2025-08-04 01:00:00+00:00,80.70583333333333,60.06352233886719,36.889808654785156,99.917724609375
Chronos2,2025-08-04 00:00:00+00:00,LZ_WEST,2025-08-04 02:00:00+00:00,66.505,56.93590545654297,35.824066162109375,92.0718002319336
Chronos2,2025-08-04 00:00:00+00:00,LZ_WEST,2025-08-04 03:00:00+00:00,42.47,50.1915397644043,32.19017791748047,80.31681060791016
Chronos2,2025-08-04 00:00:00+00:00,LZ_WEST,2025-08-04 04:00:00+00:00,46.48500000000001,46.172367095947266,29.639131546020508,73.15501403808594
Chronos2,2025-08-04 00:00:00+00:00,LZ_WEST,2025-08-04 05:00:00+00:00,35.372499999999995,42.707489013671875,27.30055046081543,68.6944580078125
Chronos2,2025-08-04 00:00:00+00:00,LZ_WEST,2025-08-04 06:00:00+00:00,25.3775,40.472023010253906,25.835500717163086,64.9070053100586
Chronos2,2025-08-04 00:00:00+00:00,LZ_WEST,2025-08-04 07:00:00+00:00,23.81,37.86864471435547,24.45551300048828,60.939064025878906
Chronos2,2025-08-04 00:00:00+00:00,LZ_WEST,2025-08-04 08:00:00+00:00,24.90333333333333,35.6054801940918,22.010276794433594,58.07831573486328
Chronos2,2025-08-04 00:00:00+00:00,LZ_WEST,2025-08-04 09:00:00+00:00,24.91583333333333,33.35862350463867,20.26913833618164,54.60820388793945
Chronos2,2025-08-04 00:00:00+00:00,LZ_WEST,2025-08-04 10:00:00+00:00,25.111666666666665,30.839603424072266,18.009700775146484,52.41278076171875
Chronos2,2025-08-04 00:00:00+00:00,LZ_WEST,2025-08-04 11:00:00+00:00,27.359166666666667,27.644065856933594,15.092777252197266,48.998905181884766
Chronos2,2025-08-04 00:00:00+00:00,LZ_WEST,2025-08-04 12:00:00+00:00,28.83583333333333,22.631118774414062,12.685516357421875,39.37961196899414
Chronos2,2025-08-04 00:00:00+00:00,LZ_WEST,2025-08-04 13:00:00+00:00,23.245,17.426326751708984,10.039299011230469,30.208667755126953
Chronos2,2025-08-04 00:00:00+00:00,LZ_WEST,2025-08-04 14:00:00+00:00,22.671666666666667,15.10137939453125,8.172439575195312,26.177244186401367
Chronos2,2025-08-04 00:00:00+00:00,LZ_WEST,2025-08-04 15:00:00+00:00,23.460833333333337,14.50100326538086,7.706066131591797,25.32823944091797
Chronos2,2025-08-04 00:00:00+00:00,LZ_WEST,2025-08-04 16:00:00+00:00,22.451666666666668,17.53789520263672,10.090789794921875,28.063777923583984
Chronos2,2025-08-04 00:00:00+00:00,LZ_WEST,2025-08-04 17:00:00+00:00,19.9525,19.64988136291504,11.199752807617188,31.475046157836914
Chronos2,2025-08-04 00:00:00+00:00,LZ_WEST,2025-08-04 18:00:00+00:00,19.0975,23.581480026245117,13.095108032226562,39.59812545776367
Chronos2,2025-08-04 00:00:00+00:00,LZ_WEST,2025-08-04 19:00:00+00:00,19.56583333333333,31.973913192749023,17.203147888183594,56.040740966796875
Chronos2,2025-08-04 00:00:00+00:00,LZ_WEST,2025-08-04 20:00:00+00:00,22.742500000000003,38.93739700317383,19.23854637145996,73.05510711669922
Chronos2,2025-08-04 00:00:00+00:00,LZ_WEST,2025-08-04 21:00:00+00:00,22.95833333333333,38.39913558959961,18.795286178588867,74.73040008544922
Chronos2,2025-08-04 00:00:00+00:00,LZ_WEST,2025-08-04 22:00:00+00:00,25.8725,39.3656005859375,18.869815826416016,77.21977233886719
Chronos2,2025-08-04 00:00:00+00:00,LZ_WEST,2025-08-04 23:00:00+00:00,34.044999999999995,46.961326599121094,22.362436294555664,92.5243148803711
Chronos2,2025-08-05 00:00:00+00:00,HB_HUBAVG,2025-08-05 00:00:00+00:00,35.86666666666667,47.76439666748047,34.197715759277344,68.7890853881836
Chronos2,2025-08-05 00:00:00+00:00,HB_HUBAVG,2025-08-05 01:00:00+00:00,33.055,50.59697723388672,31.260295867919922,78.95919799804688
Chronos2,2025-08-05 00:00:00+00:00,HB_HUBAVG,2025-08-05 02:00:00+00:00,29.493333333333336,44.0369758605957,30.164941787719727,67.7035140991211
Chronos2,2025-08-05 00:00:00+00:00,HB_HUBAVG,2025-08-05 03:00:00+00:00,24.46166666666667,31.767414093017578,24.164575576782227,43.041988372802734
Chronos2,2025-08-05 00:00:00+00:00,HB_HUBAVG,2025-08-05 04:00:00+00:00,23.88083333333333,26.908828735351562,21.333463668823242,35.25703430175781
Chronos2,2025-08-05 00:00:00+00:00,HB_HUBAVG,2025-08-05 05:00:00+00:00,23.575,24.643339157104492,19.90406036376953,32.07198715209961
Chronos2,2025-08-05 00:00:00+00:00,HB_HUBAVG,2025-08-05 06:00:00+00:00,22.17083333333333,23.876359939575195,19.60318946838379,30.288116455078125
Chronos2,2025-08-05 00:00:00+00:00,HB_HUBAVG,2025-08-05 07:00:00+00:00,20.50583333333333,23.712980270385742,18.99620246887207,29.5886287689209
Chronos2,2025-08-05 00:00:00+00:00,HB_HUBAVG,2025-08-05 08:00:00+00:00,20.07916666666667,23.622314453125,18.95191764831543,28.857765197753906
Chronos2,2025-08-05 00:00:00+00:00,HB_HUBAVG,2025-08-05 09:00:00+00:00,20.051666666666662,24.046062469482422,19.378015518188477,29.624290466308594
Chronos2,2025-08-05 00:00:00+00:00,HB_HUBAVG,2025-08-05 10:00:00+00:00,21.236666666666668,24.436595916748047,19.517248153686523,30.11419677734375
Chronos2,2025-08-05 00:00:00+00:00,HB_HUBAVG,2025-08-05 11:00:00+00:00,21.69666666666667,24.54001235961914,19.10599708557129,30.93313217163086
Chronos2,2025-08-05 00:00:00+00:00,HB_HUBAVG,2025-08-05 12:00:00+00:00,19.865,23.112472534179688,18.08749771118164,29.796138763427734
Chronos2,2025-08-05 00:00:00+00:00,HB_HUBAVG,2025-08-05 13:00:00+00:00,16.05,21.10101318359375,17.249317169189453,26.65493392944336
Chronos2,2025-08-05 00:00:00+00:00,HB_HUBAVG,2025-08-05 14:00:00+00:00,15.960833333333332,20.001384735107422,16.473798751831055,25.04485321044922
Chronos2,2025-08-05 00:00:00+00:00,HB_HUBAVG,2025-08-05 15:00:00+00:00,14.5575,20.156875610351562,16.362512588500977,24.95986557006836
Chronos2,2025-08-05 00:00:00+00:00,HB_HUBAVG,2025-08-05 16:00:00+00:00,17.574166666666667,22.331085205078125,17.05740737915039,30.64327621459961
Chronos2,2025-08-05 00:00:00+00:00,HB_HUBAVG,2025-08-05 17:00:00+00:00,21.8175,23.108797073364258,17.246191024780273,34.23141098022461
Chronos2,2025-08-05 00:00:00+00:00,HB_HUBAVG,2025-08-05 18:00:00+00:00,26.24416666666667,24.62053871154785,17.291330337524414,37.67307662963867
Chronos2,2025-08-05 00:00:00+00:00,HB_HUBAVG,2025-08-05 19:00:00+00:00,28.6825,25.251386642456055,17.739961624145508,39.13081741333008
Chronos2,2025-08-05 00:00:00+00:00,HB_HUBAVG,2025-08-05 20:00:00+00:00,25.8825,25.05496597290039,18.089033126831055,39.68893814086914
Chronos2,2025-08-05 00:00:00+00:00,HB_HUBAVG,2025-08-05 21:00:00+00:00,24.94333333333333,26.074325561523438,17.95839500427246,41.35398483276367
Chronos2,2025-08-05 00:00:00+00:00,HB_HUBAVG,2025-08-05 22:00:00+00:00,21.46583333333333,30.066143035888672,19.607439041137695,48.638938903808594
Chronos2,2025-08-05 00:00:00+00:00,HB_HUBAVG,2025-08-05 23:00:00+00:00,25.71,43.49204635620117,23.7343807220459,82.98808288574219
Chronos2,2025-08-05 00:00:00+00:00,HB_PAN,2025-08-05 00:00:00+00:00,36.4475,62.717803955078125,45.278987884521484,84.94544982910156
Chronos2,2025-08-05 00:00:00+00:00,HB_PAN,2025-08-05 01:00:00+00:00,30.15833333333333,68.21659851074219,41.86096954345703,101.51139831542969
Chronos2,2025-08-05 00:00:00+00:00,HB_PAN,2025-08-05 02:00:00+00:00,23.796666666666667,54.55891418457031,34.09222412109375,84.26216125488281
Chronos2,2025-08-05 00:00:00+00:00,HB_PAN,2025-08-05 03:00:00+00:00,21.695,30.23391342163086,21.232696533203125,44.06414031982422
Chronos2,2025-08-05 00:00:00+00:00,HB_PAN,2025-08-05 04:00:00+00:00,23.118333333333336,24.531829833984375,17.471521377563477,35.93347930908203
Chronos2,2025-08-05 00:00:00+00:00,HB_PAN,2025-08-05 05:00:00+00:00,22.69083333333333,23.292356491088867,16.51523780822754,32.93785858154297
Chronos2,2025-08-05 00:00:00+00:00,HB_PAN,2025-08-05 06:00:00+00:00,21.835,22.58297348022461,16.123394012451172,31.081501007080078
Chronos2,2025-08-05 00:00:00+00:00,HB_PAN,2025-08-05 07:00:00+00:00,20.499166666666667,22.694639205932617,16.045076370239258,30.17346954345703
Chronos2,2025-08-05 00:00:00+00:00,HB_PAN,2025-08-05 08:00:00+00:00,20.07916666666667,23.73944664001465,17.016523361206055,30.575679779052734
Chronos2,2025-08-05 00:00:00+00:00,HB_PAN,2025-08-05 09:00:00+00:00,20.051666666666662,24.696475982666016,18.251577377319336,32.040016174316406
Chronos2,2025-08-05 00:00:00+00:00,HB_PAN,2025-08-05 10:00:00+00:00,21.236666666666668,25.394784927368164,18.590293884277344,32.670413970947266
Chronos2,2025-08-05 00:00:00+00:00,HB_PAN,2025-08-05 11:00:00+00:00,21.69666666666667,25.34500503540039,18.57491111755371,33.02164840698242
Chronos2,2025-08-05 00:00:00+00:00,HB_PAN,2025-08-05 12:00:00+00:00,19.865,24.380786895751953,17.483932495117188,32.3255500793457
Chronos2,2025-08-05 00:00:00+00:00,HB_PAN,2025-08-05 13:00:00+00:00,16.05,22.64716911315918,16.183570861816406,29.586780548095703
Chronos2,2025-08-05 00:00:00+00:00,HB_PAN,2025-08-05 14:00:00+00:00,15.935833333333331,21.463895797729492,15.653423309326172,28.184467315673828
Chronos2,2025-08-05 00:00:00+00:00,HB_PAN,2025-08-05 15:00:00+00:00,8.615833333333333,22.181238174438477,15.952581405639648,28.6470947265625
Chronos2,2025-08-05 00:00:00+00:00,HB_PAN,2025-08-05 16:00:00+00:00,4.108333333333333,23.24652862548828,15.382902145385742,33.90007019042969
Chronos2,2025-08-05 00:00:00+00:00,HB_PAN,2025-08-05 17:00:00+00:00,14.670833333333334,23.212661743164062,14.957052230834961,35.2606086730957
Chronos2,2025-08-05 00:00:00+00:00,HB_PAN,2025-08-05 18:00:00+00:00,21.164166666666667,22.997962951660156,14.17454719543457,36.81825637817383
Chronos2,2025-08-05 00:00:00+00:00,HB_PAN,2025-08-05 19:00:00+00:00,2.148333333333333,22.947853088378906,14.421518325805664,36.888511657714844
Chronos2,2025-08-05 00:00:00+00:00,HB_PAN,2025-08-05 20:00:00+00:00,4.615833333333334,22.9665584564209,14.423145294189453,38.59488296508789
Chronos2,2025-08-05 00:00:00+00:00,HB_PAN,2025-08-05 21:00:00+00:00,14.055833333333334,24.62015151977539,14.60926628112793,41.565711975097656
Chronos2,2025-08-05 00:00:00+00:00,HB_PAN,2025-08-05 22:00:00+00:00,19.19333333333333,28.74277687072754,16.770566940307617,49.117042541503906
Chronos2,2025-08-05 00:00:00+00:00,HB_PAN,2025-08-05 23:00:00+00:00,25.258333333333336,43.84187316894531,24.055561065673828,82.65058898925781
Chronos2,2025-08-05 00:00:00+00:00,LZ_WEST,2025-08-05 00:00:00+00:00,36.64333333333334,58.45969772338867,40.88630676269531,81.39253234863281
Chronos2,2025-08-05 00:00:00+00:00,LZ_WEST,2025-08-05 01:00:00+00:00,38.30833333333333,66.978515625,44.74694061279297,97.80241394042969
Chronos2,2025-08-05 00:00:00+00:00,LZ_WEST,2025-08-05 02:00:00+00:00,39.58416666666667,58.36128234863281,40.459285736083984,84.23902130126953
Chronos2,2025-08-05 00:00:00+00:00,LZ_WEST,2025-08-05 03:00:00+00:00,35.82666666666667,43.54098892211914,31.01185417175293,64.05001831054688
Chronos2,2025-08-05 00:00:00+00:00,LZ_WEST,2025-08-05 04:00:00+00:00,39.5475,39.89451217651367,28.06869888305664,59.94090270996094
Chronos2,2025-08-05 00:00:00+00:00,LZ_WEST,2025-08-05 05:00:00+00:00,41.969166666666666,39.495967864990234,26.887901306152344,60.867881774902344
Chronos2,2025-08-05 00:00:00+00:00,LZ_WEST,2025-08-05 06:00:00+00:00,29.165000000000003,38.435211181640625,26.0740966796875,59.432861328125
Chronos2,2025-08-05 00:00:00+00:00,LZ_WEST,2025-08-05 07:00:00+00:00,20.631666666666664,37.16436767578125,25.32417106628418,57.86081314086914
Chronos2,2025-08-05 00:00:00+00:00,LZ_WEST,2025-08-05 08:00:00+00:00,20.07916666666667,36.65868377685547,24.477251052856445,57.347373962402344
Chronos2,2025-08-05 00:00:00+00:00,LZ_WEST,2025-08-05 09:00:00+00:00,20.051666666666662,36.089195251464844,24.132883071899414,56.173404693603516
Chronos2,2025-08-05 00:00:00+00:00,LZ_WEST,2025-08-05 10:00:00+00:00,21.236666666666668,35.044708251953125,23.330528259277344,56.168479919433594
Chronos2,2025-08-05 00:00:00+00:00,LZ_WEST,2025-08-05 11:00:00+00:00,21.69666666666667,34.5849494934082,21.91691780090332,57.848731994628906
Chronos2,2025-08-05 00:00:00+00:00,LZ_WEST,2025-08-05 12:00:00+00:00,19.865,29.509014129638672,19.011838912963867,47.71328353881836
Chronos2,2025-08-05 00:00:00+00:00,LZ_WEST,2025-08-05 13:00:00+00:00,16.05,23.13385581970215,16.430294036865234,36.018436431884766
Chronos2,2025-08-05 00:00:00+00:00,LZ_WEST,2025-08-05 14:00:00+00:00,15.923333333333334,20.961475372314453,14.76772689819336,31.444351196289062
Chronos2,2025-08-05 00:00:00+00:00,LZ_WEST,2025-08-05 15:00:00+00:00,11.810833333333331,21.155780792236328,15.342750549316406,30.588150024414062
Chronos2,2025-08-05 00:00:00+00:00,LZ_WEST,2025-08-05 16:00:00+00:00,12.235833333333334,22.05607795715332,15.197418212890625,34.95292663574219
Chronos2,2025-08-05 00:00:00+00:00,LZ_WEST,2025-08-05 17:00:00+00:00,15.946666666666664,22.451717376708984,14.815784454345703,35.7315788269043
Chronos2,2025-08-05 00:00:00+00:00,LZ_WEST,2025-08-05 18:00:00+00:00,21.13083333333333,23.986188888549805,15.329971313476562,39.776039123535156
Chronos2,2025-08-05 00:00:00+00:00,LZ_WEST,2025-08-05 19:00:00+00:00,24.441666666666663,26.789493560791016,16.564563751220703,46.07062530517578
Chronos2,2025-08-05 00:00:00+00:00,LZ_WEST,2025-08-05 20:00:00+00:00,21.055,29.3428897857666,18.324623107910156,50.279876708984375
Chronos2,2025-08-05 00:00:00+00:00,LZ_WEST,2025-08-05 21:00:00+00:00,19.775,29.221094131469727,17.69934844970703,50.21380615234375
Chronos2,2025-08-05 00:00:00+00:00,LZ_WEST,2025-08-05 22:00:00+00:00,19.65,31.623167037963867,18.781341552734375,54.536155700683594
Chronos2,2025-08-05 00:00:00+00:00,LZ_WEST,2025-08-05 23:00:00+00:00,25.796666666666667,45.57155990600586,26.384403228759766,79.92948913574219
Chronos2,2025-08-06 00:00:00+00:00,HB_HUBAVG,2025-08-06 00:00:00+00:00,40.1175,30.3208065032959,22.81484031677246,44.685447692871094
Chronos2,2025-08-06 00:00:00+00:00,HB_HUBAVG,2025-08-06 01:00:00+00:00,38.435,30.763187408447266,21.69330596923828,49.18741989135742
Chronos2,2025-08-06 00:00:00+00:00,HB_HUBAVG,2025-08-06 02:00:00+00:00,33.0225,28.67776107788086,20.23895835876465,44.152626037597656
Chronos2,2025-08-06 00:00:00+00:00,HB_HUBAVG,2025-08-06 03:00:00+00:00,26.796666666666667,24.380367279052734,18.478727340698242,33.82551574707031
Chronos2,2025-08-06 00:00:00+00:00,HB_HUBAVG,2025-08-06 04:00:00+00:00,24.405,22.058103561401367,17.200403213500977,28.892343521118164
Chronos2,2025-08-06 00:00:00+00:00,HB_HUBAVG,2025-08-06 05:00:00+00:00,23.379166666666663,21.22606086730957,16.38520050048828,28.091896057128906
Chronos2,2025-08-06 00:00:00+00:00,HB_HUBAVG,2025-08-06 06:00:00+00:00,22.521666666666665,20.896814346313477,16.32783317565918,27.138370513916016
Chronos2,2025-08-06 00:00:00+00:00,HB_HUBAVG,2025-08-06 07:00:00+00:00,19.741666666666667,20.313888549804688,15.621871948242188,26.31967544555664
Chronos2,2025-08-06 00:00:00+00:00,HB_HUBAVG,2025-08-06 08:00:00+00:00,18.4175,19.97211456298828,15.168418884277344,25.324832916259766
Chronos2,2025-08-06 00:00:00+00:00,HB_HUBAVG,2025-08-06 09:00:00+00:00,18.064166666666665,19.996618270874023,15.193626403808594,25.550376892089844
Chronos2,2025-08-06 00:00:00+00:00,HB_HUBAVG,2025-08-06 10:00:00+00:00,23.10833333333333,20.034629821777344,15.116846084594727,25.697669982910156
Chronos2,2025-08-06 00:00:00+00:00,HB_HUBAVG,2025-08-06 11:00:00+00:00,24.97583333333333,19.90945053100586,14.471433639526367,25.998416900634766
Chronos2,2025-08-06 00:00:00+00:00,HB_HUBAVG,2025-08-06 12:00:00+00:00,21.5525,19.04802894592285,13.774467468261719,25.205810546875
Chronos2,2025-08-06 00:00:00+00:00,HB_HUBAVG,2025-08-06 13:00:00+00:00,16.019166666666667,17.5625,13.205047607421875,23.20017433166504
Chronos2,2025-08-06 00:00:00+00:00,HB_HUBAVG,2025-08-06 14:00:00+00:00,15.130833333333332,16.716856002807617,12.70883560180664,21.764123916625977
Chronos2,2025-08-06 00:00:00+00:00,HB_HUBAVG,2025-08-06 15:00:00+00:00,15.098333333333334,16.571025848388672,12.36199951171875,21.48534393310547
Chronos2,2025-08-06 00:00:00+00:00,HB_HUBAVG,2025-08-06 16:00:00+00:00,21.254166666666663,17.535127639770508,12.157861709594727,23.6353759765625
Chronos2,2025-08-06 00:00:00+00:00,HB_HUBAVG,2025-08-06 17:00:00+00:00,28.81583333333333,18.81507110595703,12.766805648803711,26.350305557250977
Chronos2,2025-08-06 00:00:00+00:00,HB_HUBAVG,2025-08-06 18:00:00+00:00,37.43416666666666,20.48291015625,13.50096321105957,29.323856353759766
Chronos2,2025-08-06 00:00:00+00:00,HB_HUBAVG,2025-08-06 19:00:00+00:00,27.144166666666667,21.31532096862793,14.152639389038086,31.994749069213867
Chronos2,2025-08-06 00:00:00+00:00,HB_HUBAVG,2025-08-06 20:00:00+00:00,24.078333333333333,21.846921920776367,14.135944366455078,33.86238479614258
Chronos2,2025-08-06 00:00:00+00:00,HB_HUBAVG,2025-08-06 21:00:00+00:00,22.161666666666665,22.711652755737305,13.823881149291992,37.60919952392578
Chronos2,2025-08-06 00:00:00+00:00,HB_HUBAVG,2025-08-06 22:00:00+00:00,20.32333333333333,26.111875534057617,14.744277954101562,45.730018615722656
Chronos2,2025-08-06 00:00:00+00:00,HB_HUBAVG,2025-08-06 23:00:00+00:00,31.034166666666664,32.41275405883789,15.300941467285156,71.51416015625
Chronos2,2025-08-06 00:00:00+00:00,HB_PAN,2025-08-06 00:00:00+00:00,37.7825,30.128658294677734,16.51057243347168,50.79948425292969
Chronos2,2025-08-06 00:00:00+00:00,HB_PAN,2025-08-06 01:00:00+00:00,31.459166666666665,27.48678970336914,9.305532455444336,55.926025390625
Chronos2,2025-08-06 00:00:00+00:00,HB_PAN,2025-08-06 02:00:00+00:00,10.841666666666669,23.62340545654297,6.500616073608398,48.419803619384766
Chronos2,2025-08-06 00:00:00+00:00,HB_PAN,2025-08-06 03:00:00+00:00,7.449999999999999,18.640165328979492,6.360740661621094,34.445899963378906
Chronos2,2025-08-06 00:00:00+00:00,HB_PAN,2025-08-06 04:00:00+00:00,10.616666666666667,16.99905014038086,6.183145523071289,28.021141052246094
Chronos2,2025-08-06 00:00:00+00:00,HB_PAN,2025-08-06 05:00:00+00:00,13.8175,17.018308639526367,7.77183723449707,26.243831634521484
Chronos2,2025-08-06 00:00:00+00:00,HB_PAN,2025-08-06 06:00:00+00:00,13.361666666666666,17.143253326416016,8.806846618652344,25.316883087158203
Chronos2,2025-08-06 00:00:00+00:00,HB_PAN,2025-08-06 07:00:00+00:00,12.205,17.344343185424805,9.271978378295898,24.857576370239258
Chronos2,2025-08-06 00:00:00+00:00,HB_PAN,2025-08-06 08:00:00+00:00,13.209166666666668,17.968732833862305,9.713754653930664,24.992706298828125
Chronos2,2025-08-06 00:00:00+00:00,HB_PAN,2025-08-06 09:00:00+00:00,17.783333333333335,18.852983474731445,10.669866561889648,26.252948760986328
Chronos2,2025-08-06 00:00:00+00:00,HB_PAN,2025-08-06 10:00:00+00:00,16.531666666666666,19.560989379882812,11.318029403686523,26.991247177124023
Chronos2,2025-08-06 00:00:00+00:00,HB_PAN,2025-08-06 11:00:00+00:00,17.358333333333334,19.73845672607422,10.844205856323242,27.5748291015625
Chronos2,2025-08-06 00:00:00+00:00,HB_PAN,2025-08-06 12:00:00+00:00,19.866666666666667,18.911962509155273,9.819051742553711,27.06009292602539
Chronos2,2025-08-06 00:00:00+00:00,HB_PAN,2025-08-06 13:00:00+00:00,16.015,17.81861114501953,8.22722053527832,25.844465255737305
Chronos2,2025-08-06 00:00:00+00:00,HB_PAN,2025-08-06 14:00:00+00:00,6.131666666666667,16.605714797973633,7.417634963989258,24.939165115356445
Chronos2,2025-08-06 00:00:00+00:00,HB_PAN,2025-08-06 15:00:00+00:00,0.9591666666666666,16.248939514160156,6.960105895996094,24.059886932373047
Chronos2,2025-08-06 00:00:00+00:00,HB_PAN,2025-08-06 16:00:00+00:00,1.6558333333333335,17.211027145385742,5.707544326782227,26.00643539428711
Chronos2,2025-08-06 00:00:00+00:00,HB_PAN,2025-08-06 17:00:00+00:00,1.2308333333333332,17.33330726623535,5.61993408203125,27.40357208251953
Chronos2,2025-08-06 00:00:00+00:00,HB_PAN,2025-08-06 18:00:00+00:00,0.805,18.40876007080078,5.7293701171875,28.880739212036133
Chronos2,2025-08-06 00:00:00+00:00,HB_PAN,2025-08-06 19:00:00+00:00,6.971666666666667,19.00208854675293,6.198493957519531,30.77930450439453
Chronos2,2025-08-06 00:00:00+00:00,HB_PAN,2025-08-06 20:00:00+00:00,19.918333333333333,20.57253646850586,6.556051254272461,33.2601318359375
Chronos2,2025-08-06 00:00:00+00:00,HB_PAN,2025-08-06 21:00:00+00:00,16.86,22.419307708740234,7.638042449951172,36.43006134033203
Chronos2,2025-08-06 00:00:00+00:00,HB_PAN,2025-08-06 22:00:00+00:00,16.613333333333333,25.99161148071289,8.645957946777344,44.77244567871094
Chronos2,2025-08-06 00:00:00+00:00,HB_PAN,2025-08-06 23:00:00+00:00,28.089166666666667,31.872596740722656,6.198467254638672,72.61880493164062
Chronos2,2025-08-06 00:00:00+00:00,LZ_WEST,2025-08-06 00:00:00+00:00,41.1775,32.45311737060547,24.263147354125977,53.459224700927734
Chronos2,2025-08-06 00:00:00+00:00,LZ_WEST,2025-08-06 01:00:00+00:00,47.38833333333333,35.24120330810547,24.395002365112305,61.657379150390625
Chronos2,2025-08-06 00:00:00+00:00,LZ_WEST,2025-08-06 02:00:00+00:00,58.97666666666667,34.57695770263672,23.868898391723633,58.343082427978516
Chronos2,2025-08-06 00:00:00+00:00,LZ_WEST,2025-08-06 03:00:00+00:00,48.45666666666667,32.363643646240234,22.792743682861328,52.0705680847168
Chronos2,2025-08-06 00:00:00+00:00,LZ_WEST,2025-08-06 04:00:00+00:00,39.181666666666665,30.712766647338867,22.005016326904297,49.76618194580078
Chronos2,2025-08-06 00:00:00+00:00,LZ_WEST,2025-08-06 05:00:00+00:00,47.056666666666665,29.8017578125,20.933643341064453,48.05217361450195
Chronos2,2025-08-06 00:00:00+00:00,LZ_WEST,2025-08-06 06:00:00+00:00,42.1575,28.22197723388672,20.221105575561523,44.21562576293945
Chronos2,2025-08-06 00:00:00+00:00,LZ_WEST,2025-08-06 07:00:00+00:00,29.89916666666667,25.91128921508789,18.484724044799805,41.194313049316406
Chronos2,2025-08-06 00:00:00+00:00,LZ_WEST,2025-08-06 08:00:00+00:00,25.82166666666667,24.467845916748047,17.520814895629883,37.929481506347656
Chronos2,2025-08-06 00:00:00+00:00,LZ_WEST,2025-08-06 09:00:00+00:00,18.42,24.048404693603516,16.9621524810791,36.65789794921875
Chronos2,2025-08-06 00:00:00+00:00,LZ_WEST,2025-08-06 10:00:00+00:00,34.57416666666666,23.274843215942383,16.379566192626953,36.12071228027344
Chronos2,2025-08-06 00:00:00+00:00,LZ_WEST,2025-08-06 11:00:00+00:00,37.836666666666666,22.491945266723633,15.342105865478516,33.675758361816406
Chronos2,2025-08-06 00:00:00+00:00,LZ_WEST,2025-08-06 12:00:00+00:00,22.930833333333336,20.837873458862305,14.332046508789062,30.54974937438965
Chronos2,2025-08-06 00:00:00+00:00,LZ_WEST,2025-08-06 13:00:00+00:00,16.0225,18.562572479248047,13.662548065185547,26.52228546142578
Chronos2,2025-08-06 00:00:00+00:00,LZ_WEST,2025-08-06 14:00:00+00:00,14.580833333333333,17.454057693481445,13.029220581054688,24.489370346069336
Chronos2,2025-08-06 00:00:00+00:00,LZ_WEST,2025-08-06 15:00:00+00:00,9.3275,16.9372501373291,12.211700439453125,23.634765625
Chronos2,2025-08-06 00:00:00+00:00,LZ_WEST,2025-08-06 16:00:00+00:00,17.468333333333334,17.909568786621094,12.166240692138672,25.76239013671875
Chronos2,2025-08-06 00:00:00+00:00,LZ_WEST,2025-08-06 17:00:00+00:00,28.77416666666667,18.851743698120117,12.907421112060547,26.82811164855957
Chronos2,2025-08-06 00:00:00+00:00,LZ_WEST,2025-08-06 18:00:00+00:00,34.43833333333333,20.408554077148438,13.977115631103516,29.707563400268555
Chronos2,2025-08-06 00:00:00+00:00,LZ_WEST,2025-08-06 19:00:00+00:00,23.47,22.339275360107422,15.608325958251953,32.747684478759766
Chronos2,2025-08-06 00:00:00+00:00,LZ_WEST,2025-08-06 20:00:00+00:00,18.499166666666667,23.64263916015625,15.901948928833008,34.68166732788086
Chronos2,2025-08-06 00:00:00+00:00,LZ_WEST,2025-08-06 21:00:00+00:00,14.024166666666666,25.25070571899414,16.003738403320312,40.20589065551758
Chronos2,2025-08-06 00:00:00+00:00,LZ_WEST,2025-08-06 22:00:00+00:00,13.449166666666663,29.872238159179688,18.2150821685791,50.07916259765625
Chronos2,2025-08-06 00:00:00+00:00,LZ_WEST,2025-08-06 23:00:00+00:00,27.77916666666667,40.3000373840332,20.490276336669922,81.173095703125
Chronos2,2025-08-07 00:00:00+00:00,HB_HUBAVG,2025-08-07 00:00:00+00:00,64.33749999999999,49.147544860839844,34.89210510253906,75.9646987915039
Chronos2,2025-08-07 00:00:00+00:00,HB_HUBAVG,2025-08-07 01:00:00+00:00,78.28916666666667,51.303199768066406,33.59611129760742,82.86222839355469
Chronos2,2025-08-07 00:00:00+00:00,HB_HUBAVG,2025-08-07 02:00:00+00:00,73.70083333333334,45.21589660644531,31.841922760009766,70.16141510009766
Chronos2,2025-08-07 00:00:00+00:00,HB_HUBAVG,2025-08-07 03:00:00+00:00,34.40833333333333,33.74913024902344,25.99307632446289,45.37055969238281
Chronos2,2025-08-07 00:00:00+00:00,HB_HUBAVG,2025-08-07 04:00:00+00:00,30.16,26.66143035888672,21.553516387939453,34.33490753173828
Chronos2,2025-08-07 00:00:00+00:00,HB_HUBAVG,2025-08-07 05:00:00+00:00,28.725,25.067962646484375,20.54964828491211,32.0609016418457
Chronos2,2025-08-07 00:00:00+00:00,HB_HUBAVG,2025-08-07 06:00:00+00:00,26.671666666666667,24.087583541870117,19.7558536529541,30.701976776123047
Chronos2,2025-08-07 00:00:00+00:00,HB_HUBAVG,2025-08-07 07:00:00+00:00,27.570833333333336,22.57171630859375,18.64159393310547,28.55023956298828
Chronos2,2025-08-07 00:00:00+00:00,HB_HUBAVG,2025-08-07 08:00:00+00:00,24.49416666666667,22.126129150390625,17.815475463867188,27.302845001220703
Chronos2,2025-08-07 00:00:00+00:00,HB_HUBAVG,2025-08-07 09:00:00+00:00,27.2175,22.488235473632812,18.24868392944336,28.30169677734375
Chronos2,2025-08-07 00:00:00+00:00,HB_HUBAVG,2025-08-07 10:00:00+00:00,29.534166666666664,24.33962059020996,19.01858139038086,31.832950592041016
Chronos2,2025-08-07 00:00:00+00:00,HB_HUBAVG,2025-08-07 11:00:00+00:00,32.0525,25.220149993896484,19.229352951049805,33.65046691894531
Chronos2,2025-08-07 00:00:00+00:00,HB_HUBAVG,2025-08-07 12:00:00+00:00,26.89833333333333,22.440704345703125,17.36724853515625,29.2008113861084
Chronos2,2025-08-07 00:00:00+00:00,HB_HUBAVG,2025-08-07 13:00:00+00:00,20.1525,18.689613342285156,14.916177749633789,24.539932250976562
Chronos2,2025-08-07 00:00:00+00:00,HB_HUBAVG,2025-08-07 14:00:00+00:00,20.39333333333333,17.024856567382812,13.642951965332031,22.09160041809082
Chronos2,2025-08-07 00:00:00+00:00,HB_HUBAVG,2025-08-07 15:00:00+00:00,21.004166666666663,17.36001205444336,13.783927917480469,22.050460815429688
Chronos2,2025-08-07 00:00:00+00:00,HB_HUBAVG,2025-08-07 16:00:00+00:00,24.5375,21.36815643310547,15.355728149414062,29.06827163696289
Chronos2,2025-08-07 00:00:00+00:00,HB_HUBAVG,2025-08-07 17:00:00+00:00,25.2,26.790538787841797,18.489290237426758,39.33842849731445
Chronos2,2025-08-07 00:00:00+00:00,HB_HUBAVG,2025-08-07 18:00:00+00:00,23.7625,29.52739906311035,19.767778396606445,46.88102722167969
Chronos2,2025-08-07 00:00:00+00:00,HB_HUBAVG,2025-08-07 19:00:00+00:00,22.3975,29.02663803100586,20.64594841003418,41.621864318847656
Chronos2,2025-08-07 00:00:00+00:00,HB_HUBAVG,2025-08-07 20:00:00+00:00,26.07083333333333,27.41028594970703,19.56618309020996,38.48171615600586
Chronos2,2025-08-07 00:00:00+00:00,HB_HUBAVG,2025-08-07 21:00:00+00:00,22.346666666666664,26.581851959228516,18.752107620239258,38.49834442138672
Chronos2,2025-08-07 00:00:00+00:00,HB_HUBAVG,2025-08-07 22:00:00+00:00,23.261666666666667,27.93231201171875,19.382299423217773,42.9609375
Chronos2,2025-08-07 00:00:00+00:00,HB_HUBAVG,2025-08-07 23:00:00+00:00,36.57083333333333,37.98750686645508,23.769920349121094,72.92568969726562
Chronos2,2025-08-07 00:00:00+00:00,HB_PAN,2025-08-07 00:00:00+00:00,64.87916666666666,46.669437408447266,29.861509323120117,70.17562103271484
Chronos2,2025-08-07 00:00:00+00:00,HB_PAN,2025-08-07 01:00:00+00:00,79.71,41.72330856323242,17.826461791992188,73.50547790527344
Chronos2,2025-08-07 00:00:00+00:00,HB_PAN,2025-08-07 02:00:00+00:00,68.12916666666666,28.220352172851562,5.318025588989258,58.74010467529297
Chronos2,2025-08-07 00:00:00+00:00,HB_PAN,2025-08-07 03:00:00+00:00,17.69,15.07298469543457,1.5593185424804688,35.37635040283203
Chronos2,2025-08-07 00:00:00+00:00,HB_PAN,2025-08-07 04:00:00+00:00,14.485833333333334,12.096031188964844,1.3581809997558594,25.040952682495117
Chronos2,2025-08-07 00:00:00+00:00,HB_PAN,2025-08-07 05:00:00+00:00,10.905833333333334,12.908039093017578,3.716594696044922,23.214387893676758
Chronos2,2025-08-07 00:00:00+00:00,HB_PAN,2025-08-07 06:00:00+00:00,9.698333333333332,12.748041152954102,4.412477493286133,22.030864715576172
Chronos2,2025-08-07 00:00:00+00:00,HB_PAN,2025-08-07 07:00:00+00:00,6.607500000000001,12.922033309936523,4.595222473144531,21.349306106567383
Chronos2,2025-08-07 00:00:00+00:00,HB_PAN,2025-08-07 08:00:00+00:00,11.755,14.759313583374023,5.891803741455078,22.74463653564453
Chronos2,2025-08-07 00:00:00+00:00,HB_PAN,2025-08-07 09:00:00+00:00,10.620833333333334,16.370586395263672,7.871438980102539,24.432493209838867
Chronos2,2025-08-07 00:00:00+00:00,HB_PAN,2025-08-07 10:00:00+00:00,5.869166666666666,17.15690040588379,8.346553802490234,25.32815933227539
Chronos2,2025-08-07 00:00:00+00:00,HB_PAN,2025-08-07 11:00:00+00:00,14.2825,17.319913864135742,7.904394149780273,26.51679229736328
Chronos2,2025-08-07 00:00:00+00:00,HB_PAN,2025-08-07 12:00:00+00:00,21.40833333333333,16.036331176757812,6.175569534301758,25.273595809936523
Chronos2,2025-08-07 00:00:00+00:00,HB_PAN,2025-08-07 13:00:00+00:00,20.1525,13.083246231079102,2.1474971771240234,22.98925018310547
Chronos2,2025-08-07 00:00:00+00:00,HB_PAN,2025-08-07 14:00:00+00:00,20.39333333333333,10.099367141723633,-1.3087615966796875,22.288665771484375
Chronos2,2025-08-07 00:00:00+00:00,HB_PAN,2025-08-07 15:00:00+00:00,21.16333333333333,8.62293815612793,-3.846466064453125,21.4287109375
Chronos2,2025-08-07 00:00:00+00:00,HB_PAN,2025-08-07 16:00:00+00:00,25.77,8.611530303955078,-2.8992385864257812,21.13053321838379
Chronos2,2025-08-07 00:00:00+00:00,HB_PAN,2025-08-07 17:00:00+00:00,22.486666666666665,8.670629501342773,-2.796112060546875,21.712413787841797
Chronos2,2025-08-07 00:00:00+00:00,HB_PAN,2025-08-07 18:00:00+00:00,19.77,9.488807678222656,-2.659740447998047,22.02495574951172
Chronos2,2025-08-07 00:00:00+00:00,HB_PAN,2025-08-07 19:00:00+00:00,7.675833333333333,11.240034103393555,-0.3225440979003906,24.83652687072754
Chronos2,2025-08-07 00:00:00+00:00,HB_PAN,2025-08-07 20:00:00+00:00,13.459166666666668,15.601064682006836,2.417654037475586,30.743370056152344
Chronos2,2025-08-07 00:00:00+00:00,HB_PAN,2025-08-07 21:00:00+00:00,13.413333333333334,18.83675765991211,4.440826416015625,35.72673416137695
Chronos2,2025-08-07 00:00:00+00:00,HB_PAN,2025-08-07 22:00:00+00:00,14.125,22.650375366210938,6.0065765380859375,43.72578430175781
Chronos2,2025-08-07 00:00:00+00:00,HB_PAN,2025-08-07 23:00:00+00:00,12.920000000000002,33.29662322998047,11.39725112915039,69.50399780273438
Chronos2,2025-08-07 00:00:00+00:00,LZ_WEST,2025-08-07 00:00:00+00:00,71.625,45.96559143066406,29.676651000976562,73.15164184570312
Chronos2,2025-08-07 00:00:00+00:00,LZ_WEST,2025-08-07 01:00:00+00:00,84.6025,53.77091979980469,33.821327209472656,86.91230773925781
Chronos2,2025-08-07 00:00:00+00:00,LZ_WEST,2025-08-07 02:00:00+00:00,81.97416666666666,55.184635162353516,34.81943893432617,87.37144470214844
Chronos2,2025-08-07 00:00:00+00:00,LZ_WEST,2025-08-07 03:00:00+00:00,65.00166666666667,46.414710998535156,30.113414764404297,73.46348571777344
Chronos2,2025-08-07 00:00:00+00:00,LZ_WEST,2025-08-07 04:00:00+00:00,53.020833333333336,42.31465148925781,26.952945709228516,66.50105285644531
Chronos2,2025-08-07 00:00:00+00:00,LZ_WEST,2025-08-07 05:00:00+00:00,56.270833333333336,40.949485778808594,25.10005760192871,66.09083557128906
Chronos2,2025-08-07 00:00:00+00:00,LZ_WEST,2025-08-07 06:00:00+00:00,54.4875,38.75160598754883,23.304733276367188,63.64872360229492
Chronos2,2025-08-07 00:00:00+00:00,LZ_WEST,2025-08-07 07:00:00+00:00,64.7175,34.38552474975586,20.3636474609375,58.89936828613281
Chronos2,2025-08-07 00:00:00+00:00,LZ_WEST,2025-08-07 08:00:00+00:00,51.723333333333336,31.143726348876953,17.578969955444336,55.40935134887695
Chronos2,2025-08-07 00:00:00+00:00,LZ_WEST,2025-08-07 09:00:00+00:00,63.96,30.43865394592285,17.0430965423584,54.937435150146484
Chronos2,2025-08-07 00:00:00+00:00,LZ_WEST,2025-08-07 10:00:00+00:00,57.634166666666665,32.49097442626953,17.533748626708984,59.10096740722656
Chronos2,2025-08-07 00:00:00+00:00,LZ_WEST,2025-08-07 11:00:00+00:00,58.51666666666667,31.719348907470703,16.635744094848633,58.33000183105469
Chronos2,2025-08-07 00:00:00+00:00,LZ_WEST,2025-08-07 12:00:00+00:00,44.17583333333334,25.7198486328125,13.574651718139648,46.16591262817383
Chronos2,2025-08-07 00:00:00+00:00,LZ_WEST,2025-08-07 13:00:00+00:00,20.1525,19.57496452331543,10.626556396484375,35.91271209716797
Chronos2,2025-08-07 00:00:00+00:00,LZ_WEST,2025-08-07 14:00:00+00:00,20.401666666666667,17.323909759521484,9.34201431274414,30.523529052734375
Chronos2,2025-08-07 00:00:00+00:00,LZ_WEST,2025-08-07 15:00:00+00:00,21.0175,16.351045608520508,8.879230499267578,28.232114791870117
Chronos2,2025-08-07 00:00:00+00:00,LZ_WEST,2025-08-07 16:00:00+00:00,24.90833333333333,19.0322322845459,9.821834564208984,33.49480056762695
Chronos2,2025-08-07 00:00:00+00:00,LZ_WEST,2025-08-07 17:00:00+00:00,22.808333333333337,21.222333908081055,10.636741638183594,37.82106018066406
Chronos2,2025-08-07 00:00:00+00:00,LZ_WEST,2025-08-07 18:00:00+00:00,19.773333333333333,22.6492919921875,10.997695922851562,39.850013732910156
Chronos2,2025-08-07 00:00:00+00:00,LZ_WEST,2025-08-07 19:00:00+00:00,10.093333333333334,23.70439910888672,12.599449157714844,41.54755783081055
Chronos2,2025-08-07 00:00:00+00:00,LZ_WEST,2025-08-07 20:00:00+00:00,9.488333333333332,25.36957359313965,13.156097412109375,45.830352783203125
Chronos2,2025-08-07 00:00:00+00:00,LZ_WEST,2025-08-07 21:00:00+00:00,10.035,26.82085609436035,12.902698516845703,49.705196380615234
Chronos2,2025-08-07 00:00:00+00:00,LZ_WEST,2025-08-07 22:00:00+00:00,14.445833333333333,29.957660675048828,14.781549453735352,56.05309295654297
Chronos2,2025-08-07 00:00:00+00:00,LZ_WEST,2025-08-07 23:00:00+00:00,37.2525,41.65087890625,20.86935043334961,80.187744140625
Chronos2,2025-08-08 00:00:00+00:00,HB_HUBAVG,2025-08-08 00:00:00+00:00,89.76666666666667,61.38481903076172,39.773895263671875,84.57238006591797
Chronos2,2025-08-08 00:00:00+00:00,HB_HUBAVG,2025-08-08 01:00:00+00:00,82.5725,67.00628662109375,38.13386917114258,96.81253051757812
Chronos2,2025-08-08 00:00:00+00:00,HB_HUBAVG,2025-08-08 02:00:00+00:00,49.939166666666665,55.40846252441406,33.432559967041016,84.31095886230469
Chronos2,2025-08-08 00:00:00+00:00,HB_HUBAVG,2025-08-08 03:00:00+00:00,37.06916666666667,34.82140350341797,27.12383270263672,45.040035247802734
Chronos2,2025-08-08 00:00:00+00:00,HB_HUBAVG,2025-08-08 04:00:00+00:00,31.008333333333336,29.770652770996094,24.715864181518555,35.15472412109375
Chronos2,2025-08-08 00:00:00+00:00,HB_HUBAVG,2025-08-08 05:00:00+00:00,25.924166666666665,28.948139190673828,24.385446548461914,33.94025421142578
Chronos2,2025-08-08 00:00:00+00:00,HB_HUBAVG,2025-08-08 06:00:00+00:00,26.175833333333333,27.992900848388672,23.96611213684082,32.7216682434082
Chronos2,2025-08-08 00:00:00+00:00,HB_HUBAVG,2025-08-08 07:00:00+00:00,23.66,27.035789489746094,23.20815658569336,31.50716209411621
Chronos2,2025-08-08 00:00:00+00:00,HB_HUBAVG,2025-08-08 08:00:00+00:00,21.134166666666665,26.52926254272461,22.33769989013672,30.224184036254883
Chronos2,2025-08-08 00:00:00+00:00,HB_HUBAVG,2025-08-08 09:00:00+00:00,20.860833333333336,26.783546447753906,22.671918869018555,31.460317611694336
Chronos2,2025-08-08 00:00:00+00:00,HB_HUBAVG,2025-08-08 10:00:00+00:00,22.14583333333333,28.963909149169922,23.665172576904297,34.95878982543945
Chronos2,2025-08-08 00:00:00+00:00,HB_HUBAVG,2025-08-08 11:00:00+00:00,23.325833333333332,30.546802520751953,24.704151153564453,37.607696533203125
Chronos2,2025-08-08 00:00:00+00:00,HB_HUBAVG,2025-08-08 12:00:00+00:00,20.870833333333337,26.865734100341797,22.144092559814453,32.14133071899414
Chronos2,2025-08-08 00:00:00+00:00,HB_HUBAVG,2025-08-08 13:00:00+00:00,15.593333333333334,22.17911720275879,18.543315887451172,26.59421157836914
Chronos2,2025-08-08 00:00:00+00:00,HB_HUBAVG,2025-08-08 14:00:00+00:00,15.795,21.027210235595703,17.51744270324707,24.91957664489746
Chronos2,2025-08-08 00:00:00+00:00,HB_HUBAVG,2025-08-08 15:00:00+00:00,16.765,21.419963836669922,17.946313858032227,25.147014617919922
Chronos2,2025-08-08 00:00:00+00:00,HB_HUBAVG,2025-08-08 16:00:00+00:00,18.13583333333333,24.760311126708984,20.057086944580078,30.042802810668945
Chronos2,2025-08-08 00:00:00+00:00,HB_HUBAVG,2025-08-08 17:00:00+00:00,19.9325,26.74339485168457,21.329303741455078,33.94739532470703
Chronos2,2025-08-08 00:00:00+00:00,HB_HUBAVG,2025-08-08 18:00:00+00:00,22.09166666666667,28.138660430908203,21.752777099609375,38.398719787597656
Chronos2,2025-08-08 00:00:00+00:00,HB_HUBAVG,2025-08-08 19:00:00+00:00,20.8125,28.21786880493164,22.232772827148438,37.8616943359375
Chronos2,2025-08-08 00:00:00+00:00,HB_HUBAVG,2025-08-08 20:00:00+00:00,24.1525,28.8044376373291,22.01902961730957,39.36663818359375
Chronos2,2025-08-08 00:00:00+00:00,HB_HUBAVG,2025-08-08 21:00:00+00:00,21.92083333333333,29.174785614013672,21.75830078125,41.78976821899414
Chronos2,2025-08-08 00:00:00+00:00,HB_HUBAVG,2025-08-08 22:00:00+00:00,22.9375,32.242401123046875,22.694202423095703,49.84814453125
Chronos2,2025-08-08 00:00:00+00:00,HB_HUBAVG,2025-08-08 23:00:00+00:00,28.633333333333336,43.22697448730469,26.665725708007812,75.32797241210938
Chronos2,2025-08-08 00:00:00+00:00,HB_PAN,2025-08-08 00:00:00+00:00,47.3025,19.276453018188477,9.751544952392578,37.690147399902344
Chronos2,2025-08-08 00:00:00+00:00,HB_PAN,2025-08-08 01:00:00+00:00,30.31583333333333,20.7896671295166,6.5402069091796875,52.8895149230957
Chronos2,2025-08-08 00:00:00+00:00,HB_PAN,2025-08-08 02:00:00+00:00,3.896666666666667,17.752952575683594,5.170515060424805,50.67367935180664
Chronos2,2025-08-08 00:00:00+00:00,HB_PAN,2025-08-08 03:00:00+00:00,0.0,14.532830238342285,2.783283233642578,34.683349609375
Chronos2,2025-08-08 00:00:00+00:00,HB_PAN,2025-08-08 04:00:00+00:00,3.6841666666666666,13.87200927734375,3.6550235748291016,28.774112701416016
Chronos2,2025-08-08 00:00:00+00:00,HB_PAN,2025-08-08 05:00:00+00:00,8.565,13.91607666015625,3.6744918823242188,26.80709457397461
Chronos2,2025-08-08 00:00:00+00:00,HB_PAN,2025-08-08 06:00:00+00:00,5.403333333333333,13.903717041015625,4.423479080200195,24.511064529418945
Chronos2,2025-08-08 00:00:00+00:00,HB_PAN,2025-08-08 07:00:00+00:00,9.8375,14.178810119628906,4.663520812988281,23.884883880615234
Chronos2,2025-08-08 00:00:00+00:00,HB_PAN,2025-08-08 08:00:00+00:00,10.748333333333331,14.903280258178711,4.8775787353515625,24.094694137573242
Chronos2,2025-08-08 00:00:00+00:00,HB_PAN,2025-08-08 09:00:00+00:00,15.505833333333332,15.301956176757812,5.189357757568359,26.04338836669922
Chronos2,2025-08-08 00:00:00+00:00,HB_PAN,2025-08-08 10:00:00+00:00,21.1075,15.53222370147705,5.346279144287109,26.78045082092285
Chronos2,2025-08-08 00:00:00+00:00,HB_PAN,2025-08-08 11:00:00+00:00,22.935,15.968537330627441,5.330650329589844,27.409894943237305
Chronos2,2025-08-08 00:00:00+00:00,HB_PAN,2025-08-08 12:00:00+00:00,20.87,16.34164047241211,5.467460632324219,28.40492820739746
Chronos2,2025-08-08 00:00:00+00:00,HB_PAN,2025-08-08 13:00:00+00:00,7.728333333333333,15.866604804992676,4.305147171020508,28.45083236694336
Chronos2,2025-08-08 00:00:00+00:00,HB_PAN,2025-08-08 14:00:00+00:00,1.375,14.770811080932617,3.5321311950683594,28.935089111328125
Chronos2,2025-08-08 00:00:00+00:00,HB_PAN,2025-08-08 15:00:00+00:00,1.015,15.00971508026123,4.031787872314453,29.701292037963867
Chronos2,2025-08-08 00:00:00+00:00,HB_PAN,2025-08-08 16:00:00+00:00,6.475833333333333,15.508011817932129,3.2933597564697266,30.36096954345703
Chronos2,2025-08-08 00:00:00+00:00,HB_PAN,2025-08-08 17:00:00+00:00,13.3125,15.78022289276123,3.9138870239257812,30.10936737060547
Chronos2,2025-08-08 00:00:00+00:00,HB_PAN,2025-08-08 18:00:00+00:00,3.085833333333333,15.429821968078613,3.0214996337890625,30.09088706970215
Chronos2,2025-08-08 00:00:00+00:00,HB_PAN,2025-08-08 19:00:00+00:00,0.66,15.057466506958008,4.010824203491211,28.049238204956055
Chronos2,2025-08-08 00:00:00+00:00,HB_PAN,2025-08-08 20:00:00+00:00,0.3666666666666667,16.46254539489746,5.0103302001953125,30.883773803710938
Chronos2,2025-08-08 00:00:00+00:00,HB_PAN,2025-08-08 21:00:00+00:00,0.3066666666666667,17.958141326904297,5.088985443115234,34.595497131347656
Chronos2,2025-08-08 00:00:00+00:00,HB_PAN,2025-08-08 22:00:00+00:00,0.18,19.609037399291992,5.301570892333984,41.87373352050781
Chronos2,2025-08-08 00:00:00+00:00,HB_PAN,2025-08-08 23:00:00+00:00,0.8624999999999999,23.6102352142334,6.240083694458008,59.691368103027344
Chronos2,2025-08-08 00:00:00+00:00,LZ_WEST,2025-08-08 00:00:00+00:00,114.5625,72.60285949707031,48.132347106933594,94.4346694946289
Chronos2,2025-08-08 00:00:00+00:00,LZ_WEST,2025-08-08 01:00:00+00:00,112.56666666666666,77.67617797851562,50.530269622802734,100.59159851074219
Chronos2,2025-08-08 00:00:00+00:00,LZ_WEST,2025-08-08 02:00:00+00:00,87.91833333333334,73.67767333984375,47.2825927734375,97.39881134033203
Chronos2,2025-08-08 00:00:00+00:00,LZ_WEST,2025-08-08 03:00:00+00:00,81.07000000000001,62.7138786315918,39.71489334106445,84.69230651855469
Chronos2,2025-08-08 00:00:00+00:00,LZ_WEST,2025-08-08 04:00:00+00:00,67.13166666666667,57.01969909667969,35.762569427490234,77.76690673828125
Chronos2,2025-08-08 00:00:00+00:00,LZ_WEST,2025-08-08 05:00:00+00:00,50.73333333333333,56.542484283447266,35.043968200683594,76.06100463867188
Chronos2,2025-08-08 00:00:00+00:00,LZ_WEST,2025-08-08 06:00:00+00:00,63.51916666666667,54.96818161010742,33.8970947265625,75.47492980957031
Chronos2,2025-08-08 00:00:00+00:00,LZ_WEST,2025-08-08 07:00:00+00:00,54.05583333333333,55.8516731262207,34.027992248535156,76.38955688476562
Chronos2,2025-08-08 00:00:00+00:00,LZ_WEST,2025-08-08 08:00:00+00:00,38.7325,53.422607421875,31.817575454711914,75.27099609375
Chronos2,2025-08-08 00:00:00+00:00,LZ_WEST,2025-08-08 09:00:00+00:00,36.0925,54.21168899536133,31.65023422241211,76.52008056640625
Chronos2,2025-08-08 00:00:00+00:00,LZ_WEST,2025-08-08 10:00:00+00:00,34.166666666666664,53.671295166015625,30.750831604003906,76.45089721679688
Chronos2,2025-08-08 00:00:00+00:00,LZ_WEST,2025-08-08 11:00:00+00:00,28.0875,49.33334732055664,28.368999481201172,70.18993377685547
Chronos2,2025-08-08 00:00:00+00:00,LZ_WEST,2025-08-08 12:00:00+00:00,20.88,38.0090217590332,20.926389694213867,57.453182220458984
Chronos2,2025-08-08 00:00:00+00:00,LZ_WEST,2025-08-08 13:00:00+00:00,15.36,23.624536514282227,13.346622467041016,39.5156135559082
Chronos2,2025-08-08 00:00:00+00:00,LZ_WEST,2025-08-08 14:00:00+00:00,15.371666666666668,20.003829956054688,11.084758758544922,33.5175666809082
Chronos2,2025-08-08 00:00:00+00:00,LZ_WEST,2025-08-08 15:00:00+00:00,12.861666666666666,19.242000579833984,10.89654541015625,31.631671905517578
Chronos2,2025-08-08 00:00:00+00:00,LZ_WEST,2025-08-08 16:00:00+00:00,11.669166666666667,20.14116859436035,10.730003356933594,34.42687225341797
Chronos2,2025-08-08 00:00:00+00:00,LZ_WEST,2025-08-08 17:00:00+00:00,11.830833333333333,19.848237991333008,10.152780532836914,36.0200309753418
Chronos2,2025-08-08 00:00:00+00:00,LZ_WEST,2025-08-08 18:00:00+00:00,10.138333333333334,20.211381912231445,9.659225463867188,36.26366424560547
Chronos2,2025-08-08 00:00:00+00:00,LZ_WEST,2025-08-08 19:00:00+00:00,7.283333333333334,20.1975040435791,10.20635986328125,35.19954299926758
Chronos2,2025-08-08 00:00:00+00:00,LZ_WEST,2025-08-08 20:00:00+00:00,6.6475,20.299631118774414,9.391593933105469,38.2677116394043
Chronos2,2025-08-08 00:00:00+00:00,LZ_WEST,2025-08-08 21:00:00+00:00,7.198333333333333,22.629850387573242,10.619247436523438,42.88378143310547
Chronos2,2025-08-08 00:00:00+00:00,LZ_WEST,2025-08-08 22:00:00+00:00,7.430833333333333,28.291419982910156,12.163961410522461,50.922176361083984
Chronos2,2025-08-08 00:00:00+00:00,LZ_WEST,2025-08-08 23:00:00+00:00,13.998333333333331,46.04328918457031,22.367647171020508,73.40353393554688
Chronos2,2025-08-09 00:00:00+00:00,HB_HUBAVG,2025-08-09 00:00:00+00:00,59.575,60.01432800292969,39.042903900146484,86.00042724609375
Chronos2,2025-08-09 00:00:00+00:00,HB_HUBAVG,2025-08-09 01:00:00+00:00,47.51583333333334,60.993587493896484,37.08431625366211,93.490966796875
Chronos2,2025-08-09 00:00:00+00:00,HB_HUBAVG,2025-08-09 02:00:00+00:00,34.77166666666667,45.791542053222656,32.379188537597656,69.97959899902344
Chronos2,2025-08-09 00:00:00+00:00,HB_HUBAVG,2025-08-09 03:00:00+00:00,29.646666666666665,31.279027938842773,25.020631790161133,40.11858367919922
Chronos2,2025-08-09 00:00:00+00:00,HB_HUBAVG,2025-08-09 04:00:00+00:00,27.09583333333333,27.453449249267578,22.802623748779297,33.97628402709961
Chronos2,2025-08-09 00:00:00+00:00,HB_HUBAVG,2025-08-09 05:00:00+00:00,24.959166666666665,26.31576156616211,21.94171714782715,31.738649368286133
Chronos2,2025-08-09 00:00:00+00:00,HB_HUBAVG,2025-08-09 06:00:00+00:00,24.04083333333333,24.877994537353516,20.862651824951172,30.014509201049805
Chronos2,2025-08-09 00:00:00+00:00,HB_HUBAVG,2025-08-09 07:00:00+00:00,24.820833333333336,23.634292602539062,20.079689025878906,28.408594131469727
Chronos2,2025-08-09 00:00:00+00:00,HB_HUBAVG,2025-08-09 08:00:00+00:00,22.956666666666667,22.604042053222656,18.622859954833984,26.85228157043457
Chronos2,2025-08-09 00:00:00+00:00,HB_HUBAVG,2025-08-09 09:00:00+00:00,22.02916666666667,22.248737335205078,18.44619369506836,27.207910537719727
Chronos2,2025-08-09 00:00:00+00:00,HB_HUBAVG,2025-08-09 10:00:00+00:00,23.17333333333333,23.315826416015625,18.824668884277344,29.418006896972656
Chronos2,2025-08-09 00:00:00+00:00,HB_HUBAVG,2025-08-09 11:00:00+00:00,24.56833333333333,24.269956588745117,19.152599334716797,31.1856689453125
Chronos2,2025-08-09 00:00:00+00:00,HB_HUBAVG,2025-08-09 12:00:00+00:00,22.569166666666664,22.05754852294922,17.36227798461914,27.88479232788086
Chronos2,2025-08-09 00:00:00+00:00,HB_HUBAVG,2025-08-09 13:00:00+00:00,15.2925,17.583057403564453,14.131086349487305,22.407302856445312
Chronos2,2025-08-09 00:00:00+00:00,HB_HUBAVG,2025-08-09 14:00:00+00:00,13.824166666666663,16.45507049560547,13.075597763061523,21.207439422607422
Chronos2,2025-08-09 00:00:00+00:00,HB_HUBAVG,2025-08-09 15:00:00+00:00,10.265833333333331,16.855579376220703,13.459226608276367,21.227807998657227
Chronos2,2025-08-09 00:00:00+00:00,HB_HUBAVG,2025-08-09 16:00:00+00:00,14.1175,19.561784744262695,14.927181243896484,25.69685935974121
Chronos2,2025-08-09 00:00:00+00:00,HB_HUBAVG,2025-08-09 17:00:00+00:00,19.03333333333333,21.061996459960938,15.839072227478027,28.51790428161621
Chronos2,2025-08-09 00:00:00+00:00,HB_HUBAVG,2025-08-09 18:00:00+00:00,19.489166666666662,22.467849731445312,16.620214462280273,31.002456665039062
Chronos2,2025-08-09 00:00:00+00:00,HB_HUBAVG,2025-08-09 19:00:00+00:00,21.030833333333337,22.759632110595703,17.437726974487305,30.716564178466797
Chronos2,2025-08-09 00:00:00+00:00,HB_HUBAVG,2025-08-09 20:00:00+00:00,19.870833333333337,24.017942428588867,17.853864669799805,32.985206604003906
Chronos2,2025-08-09 00:00:00+00:00,HB_HUBAVG,2025-08-09 21:00:00+00:00,18.89333333333333,24.22658920288086,17.8173770904541,33.762386322021484
Chronos2,2025-08-09 00:00:00+00:00,HB_HUBAVG,2025-08-09 22:00:00+00:00,19.91333333333333,25.355716705322266,18.340160369873047,36.29854965209961
Chronos2,2025-08-09 00:00:00+00:00,HB_HUBAVG,2025-08-09 23:00:00+00:00,32.3875,30.43015480041504,20.972789764404297,49.53459548950195
Chronos2,2025-08-09 00:00:00+00:00,HB_PAN,2025-08-09 00:00:00+00:00,35.38666666666666,17.947050094604492,0.8942394256591797,51.045326232910156
Chronos2,2025-08-09 00:00:00+00:00,HB_PAN,2025-08-09 01:00:00+00:00,23.01,21.863405227661133,-1.7027206420898438,74.57202911376953
Chronos2,2025-08-09 00:00:00+00:00,HB_PAN,2025-08-09 02:00:00+00:00,5.070833333333334,8.900311470031738,-3.2823238372802734,44.721900939941406
Chronos2,2025-08-09 00:00:00+00:00,HB_PAN,2025-08-09 03:00:00+00:00,8.559166666666666,3.5583419799804688,-3.8572731018066406,22.457305908203125
Chronos2,2025-08-09 00:00:00+00:00,HB_PAN,2025-08-09 04:00:00+00:00,10.151666666666666,4.716808319091797,-2.8862266540527344,19.797271728515625
Chronos2,2025-08-09 00:00:00+00:00,HB_PAN,2025-08-09 05:00:00+00:00,12.558333333333332,6.12757682800293,-1.7632789611816406,20.40493392944336
Chronos2,2025-08-09 00:00:00+00:00,HB_PAN,2025-08-09 06:00:00+00:00,17.918333333333333,5.917608261108398,-1.230438232421875,16.28756332397461
Chronos2,2025-08-09 00:00:00+00:00,HB_PAN,2025-08-09 07:00:00+00:00,16.8475,6.9098405838012695,-0.34663963317871094,15.889034271240234
Chronos2,2025-08-09 00:00:00+00:00,HB_PAN,2025-08-09 08:00:00+00:00,15.061666666666667,9.416556358337402,1.0234088897705078,20.20471954345703
Chronos2,2025-08-09 00:00:00+00:00,HB_PAN,2025-08-09 09:00:00+00:00,13.271666666666668,11.379756927490234,1.7721271514892578,23.879423141479492
Chronos2,2025-08-09 00:00:00+00:00,HB_PAN,2025-08-09 10:00:00+00:00,17.600833333333334,11.91125202178955,2.0762596130371094,25.486892700195312
Chronos2,2025-08-09 00:00:00+00:00,HB_PAN,2025-08-09 11:00:00+00:00,22.56583333333333,13.68491268157959,2.4884777069091797,28.889619827270508
Chronos2,2025-08-09 00:00:00+00:00,HB_PAN,2025-08-09 12:00:00+00:00,21.04833333333333,14.806020736694336,3.5709075927734375,31.534542083740234
Chronos2,2025-08-09 00:00:00+00:00,HB_PAN,2025-08-09 13:00:00+00:00,15.29,10.778708457946777,0.7962093353271484,25.58037757873535
Chronos2,2025-08-09 00:00:00+00:00,HB_PAN,2025-08-09 14:00:00+00:00,12.010833333333332,7.874066352844238,-0.6968631744384766,21.836387634277344
Chronos2,2025-08-09 00:00:00+00:00,HB_PAN,2025-08-09 15:00:00+00:00,2.51,7.43686580657959,-1.2013988494873047,21.326818466186523
Chronos2,2025-08-09 00:00:00+00:00,HB_PAN,2025-08-09 16:00:00+00:00,7.595,9.233560562133789,-1.5914897918701172,25.5053768157959
Chronos2,2025-08-09 00:00:00+00:00,HB_PAN,2025-08-09 17:00:00+00:00,12.534166666666666,9.431589126586914,-1.4413814544677734,27.17634391784668
Chronos2,2025-08-09 00:00:00+00:00,HB_PAN,2025-08-09 18:00:00+00:00,13.733333333333334,7.956254959106445,-2.0971202850341797,23.57855224609375
Chronos2,2025-08-09 00:00:00+00:00,HB_PAN,2025-08-09 19:00:00+00:00,11.395,7.246549606323242,-1.6341915130615234,22.178844451904297
Chronos2,2025-08-09 00:00:00+00:00,HB_PAN,2025-08-09 20:00:00+00:00,9.026666666666666,8.356220245361328,-1.5912971496582031,26.712474822998047
Chronos2,2025-08-09 00:00:00+00:00,HB_PAN,2025-08-09 21:00:00+00:00,8.995833333333334,8.810641288757324,-1.9775981903076172,29.299949645996094
Chronos2,2025-08-09 00:00:00+00:00,HB_PAN,2025-08-09 22:00:00+00:00,10.985,9.162561416625977,-2.472627639770508,29.682435989379883
Chronos2,2025-08-09 00:00:00+00:00,HB_PAN,2025-08-09 23:00:00+00:00,23.631666666666664,12.51036262512207,-1.1297893524169922,40.99066162109375
Chronos2,2025-08-09 00:00:00+00:00,LZ_WEST,2025-08-09 00:00:00+00:00,68.76833333333333,42.065643310546875,22.189292907714844,76.91303253173828
Chronos2,2025-08-09 00:00:00+00:00,LZ_WEST,2025-08-09 01:00:00+00:00,67.875,51.193763732910156,22.958311080932617,87.97917938232422
Chronos2,2025-08-09 00:00:00+00:00,LZ_WEST,2025-08-09 02:00:00+00:00,65.65083333333332,50.38035202026367,24.672000885009766,84.18814086914062
Chronos2,2025-08-09 00:00:00+00:00,LZ_WEST,2025-08-09 03:00:00+00:00,57.3775,45.711551666259766,23.979228973388672,77.76311492919922
Chronos2,2025-08-09 00:00:00+00:00,LZ_WEST,2025-08-09 04:00:00+00:00,62.375,42.66147994995117,22.496875762939453,72.09452819824219
Chronos2,2025-08-09 00:00:00+00:00,LZ_WEST,2025-08-09 05:00:00+00:00,61.969166666666666,41.91023254394531,20.80276870727539,71.06523132324219
Chronos2,2025-08-09 00:00:00+00:00,LZ_WEST,2025-08-09 06:00:00+00:00,50.12833333333333,40.3492546081543,19.06716537475586,68.57201385498047
Chronos2,2025-08-09 00:00:00+00:00,LZ_WEST,2025-08-09 07:00:00+00:00,65.9775,37.6235237121582,17.564661026000977,67.76412963867188
Chronos2,2025-08-09 00:00:00+00:00,LZ_WEST,2025-08-09 08:00:00+00:00,63.99666666666667,32.566871643066406,15.327829360961914,61.43659973144531
Chronos2,2025-08-09 00:00:00+00:00,LZ_WEST,2025-08-09 09:00:00+00:00,64.62833333333333,30.073219299316406,13.402872085571289,58.906982421875
Chronos2,2025-08-09 00:00:00+00:00,LZ_WEST,2025-08-09 10:00:00+00:00,59.3225,28.2455997467041,12.338184356689453,56.682037353515625
Chronos2,2025-08-09 00:00:00+00:00,LZ_WEST,2025-08-09 11:00:00+00:00,53.96083333333333,24.893184661865234,10.864046096801758,51.9063720703125
Chronos2,2025-08-09 00:00:00+00:00,LZ_WEST,2025-08-09 12:00:00+00:00,42.46833333333333,19.2252254486084,8.945106506347656,41.293739318847656
Chronos2,2025-08-09 00:00:00+00:00,LZ_WEST,2025-08-09 13:00:00+00:00,15.295,13.602508544921875,7.250459671020508,27.271793365478516
Chronos2,2025-08-09 00:00:00+00:00,LZ_WEST,2025-08-09 14:00:00+00:00,11.215833333333334,11.45423698425293,6.399219512939453,21.73076057434082
Chronos2,2025-08-09 00:00:00+00:00,LZ_WEST,2025-08-09 15:00:00+00:00,2.230833333333333,10.55103874206543,5.565822601318359,19.258569717407227
Chronos2,2025-08-09 00:00:00+00:00,LZ_WEST,2025-08-09 16:00:00+00:00,4.629166666666666,10.507877349853516,4.564769744873047,20.08920669555664
Chronos2,2025-08-09 00:00:00+00:00,LZ_WEST,2025-08-09 17:00:00+00:00,11.908333333333331,10.539751052856445,4.496391296386719,19.356599807739258
Chronos2,2025-08-09 00:00:00+00:00,LZ_WEST,2025-08-09 18:00:00+00:00,14.578333333333331,10.47215461730957,4.139789581298828,20.761472702026367
Chronos2,2025-08-09 00:00:00+00:00,LZ_WEST,2025-08-09 19:00:00+00:00,13.590833333333334,10.261762619018555,4.575714111328125,20.410781860351562
Chronos2,2025-08-09 00:00:00+00:00,LZ_WEST,2025-08-09 20:00:00+00:00,7.114166666666667,10.263580322265625,4.351184844970703,20.692527770996094
Chronos2,2025-08-09 00:00:00+00:00,LZ_WEST,2025-08-09 21:00:00+00:00,6.814166666666666,11.200174331665039,4.636470794677734,24.355165481567383
Chronos2,2025-08-09 00:00:00+00:00,LZ_WEST,2025-08-09 22:00:00+00:00,8.488333333333333,12.217744827270508,4.552158355712891,29.26297378540039
Chronos2,2025-08-09 00:00:00+00:00,LZ_WEST,2025-08-09 23:00:00+00:00,23.9875,20.08956527709961,7.20875358581543,48.21887969970703
Chronos2,2025-08-10 00:00:00+00:00,HB_HUBAVG,2025-08-10 00:00:00+00:00,36.1975,59.59391784667969,43.54254913330078,80.20115661621094
Chronos2,2025-08-10 00:00:00+00:00,HB_HUBAVG,2025-08-10 01:00:00+00:00,32.9875,56.788055419921875,39.50407791137695,77.9111099243164
Chronos2,2025-08-10 00:00:00+00:00,HB_HUBAVG,2025-08-10 02:00:00+00:00,30.766666666666666,41.4057731628418,31.416419982910156,56.95050048828125
Chronos2,2025-08-10 00:00:00+00:00,HB_HUBAVG,2025-08-10 03:00:00+00:00,26.081666666666667,30.476057052612305,25.184968948364258,37.15126037597656
Chronos2,2025-08-10 00:00:00+00:00,HB_HUBAVG,2025-08-10 04:00:00+00:00,24.47583333333333,26.63878059387207,22.551532745361328,31.346696853637695
Chronos2,2025-08-10 00:00:00+00:00,HB_HUBAVG,2025-08-10 05:00:00+00:00,22.66583333333333,24.913190841674805,21.23625946044922,28.824630737304688
Chronos2,2025-08-10 00:00:00+00:00,HB_HUBAVG,2025-08-10 06:00:00+00:00,22.374166666666667,23.939483642578125,20.352989196777344,27.75655174255371
Chronos2,2025-08-10 00:00:00+00:00,HB_HUBAVG,2025-08-10 07:00:00+00:00,23.9425,22.9638671875,19.58789825439453,26.54986572265625
Chronos2,2025-08-10 00:00:00+00:00,HB_HUBAVG,2025-08-10 08:00:00+00:00,25.050833333333333,21.625255584716797,18.108171463012695,24.92009925842285
Chronos2,2025-08-10 00:00:00+00:00,HB_HUBAVG,2025-08-10 09:00:00+00:00,24.60833333333333,20.977930068969727,17.70668601989746,24.595510482788086
Chronos2,2025-08-10 00:00:00+00:00,HB_HUBAVG,2025-08-10 10:00:00+00:00,25.729166666666668,21.684581756591797,17.87569236755371,25.69710350036621
Chronos2,2025-08-10 00:00:00+00:00,HB_HUBAVG,2025-08-10 11:00:00+00:00,28.021666666666665,21.952869415283203,17.77022933959961,26.360628128051758
Chronos2,2025-08-10 00:00:00+00:00,HB_HUBAVG,2025-08-10 12:00:00+00:00,24.121666666666663,19.269681930541992,15.033734321594238,23.745508193969727
Chronos2,2025-08-10 00:00:00+00:00,HB_HUBAVG,2025-08-10 13:00:00+00:00,15.980833333333337,15.111979484558105,11.325357437133789,19.51081657409668
Chronos2,2025-08-10 00:00:00+00:00,HB_HUBAVG,2025-08-10 14:00:00+00:00,15.236666666666666,13.48791217803955,9.529146194458008,18.031030654907227
Chronos2,2025-08-10 00:00:00+00:00,HB_HUBAVG,2025-08-10 15:00:00+00:00,18.499166666666667,13.282880783081055,9.406122207641602,17.477453231811523
Chronos2,2025-08-10 00:00:00+00:00,HB_HUBAVG,2025-08-10 16:00:00+00:00,25.471666666666668,14.844404220581055,11.30715560913086,18.872549057006836
Chronos2,2025-08-10 00:00:00+00:00,HB_HUBAVG,2025-08-10 17:00:00+00:00,30.58,16.546886444091797,12.740954399108887,21.185197830200195
Chronos2,2025-08-10 00:00:00+00:00,HB_HUBAVG,2025-08-10 18:00:00+00:00,30.61583333333333,19.6649227142334,14.988625526428223,25.977968215942383
Chronos2,2025-08-10 00:00:00+00:00,HB_HUBAVG,2025-08-10 19:00:00+00:00,41.33833333333333,21.84915542602539,16.709980010986328,28.205659866333008
Chronos2,2025-08-10 00:00:00+00:00,HB_HUBAVG,2025-08-10 20:00:00+00:00,56.12583333333333,23.747093200683594,18.391597747802734,30.391653060913086
Chronos2,2025-08-10 00:00:00+00:00,HB_HUBAVG,2025-08-10 21:00:00+00:00,53.97083333333333,24.686939239501953,18.724254608154297,31.96689224243164
Chronos2,2025-08-10 00:00:00+00:00,HB_HUBAVG,2025-08-10 22:00:00+00:00,42.20333333333333,29.286062240600586,20.80301284790039,40.53857421875
Chronos2,2025-08-10 00:00:00+00:00,HB_HUBAVG,2025-08-10 23:00:00+00:00,37.72666666666667,40.23295974731445,25.87587547302246,63.29822540283203
Chronos2,2025-08-10 00:00:00+00:00,HB_PAN,2025-08-10 00:00:00+00:00,26.87,50.61669921875,34.150482177734375,66.55628967285156
Chronos2,2025-08-10 00:00:00+00:00,HB_PAN,2025-08-10 01:00:00+00:00,9.816666666666666,43.67629623413086,23.741817474365234,60.83468246459961
Chronos2,2025-08-10 00:00:00+00:00,HB_PAN,2025-08-10 02:00:00+00:00,2.8441666666666667,21.12209129333496,5.511153221130371,41.11607360839844
Chronos2,2025-08-10 00:00:00+00:00,HB_PAN,2025-08-10 03:00:00+00:00,10.265833333333331,10.697776794433594,0.2840461730957031,22.3409481048584
Chronos2,2025-08-10 00:00:00+00:00,HB_PAN,2025-08-10 04:00:00+00:00,10.880833333333332,11.375943183898926,2.1320037841796875,20.521970748901367
Chronos2,2025-08-10 00:00:00+00:00,HB_PAN,2025-08-10 05:00:00+00:00,10.975833333333334,12.616771697998047,3.8151540756225586,20.849048614501953
Chronos2,2025-08-10 00:00:00+00:00,HB_PAN,2025-08-10 06:00:00+00:00,15.455,12.61668872833252,4.1822614669799805,20.3073673248291
Chronos2,2025-08-10 00:00:00+00:00,HB_PAN,2025-08-10 07:00:00+00:00,14.03,13.083152770996094,4.742985725402832,20.42756462097168
Chronos2,2025-08-10 00:00:00+00:00,HB_PAN,2025-08-10 08:00:00+00:00,15.11,14.48499870300293,5.843467712402344,22.11178970336914
Chronos2,2025-08-10 00:00:00+00:00,HB_PAN,2025-08-10 09:00:00+00:00,19.631666666666668,15.132829666137695,6.795485496520996,22.888511657714844
Chronos2,2025-08-10 00:00:00+00:00,HB_PAN,2025-08-10 10:00:00+00:00,20.26833333333333,15.975212097167969,7.473355293273926,23.696407318115234
Chronos2,2025-08-10 00:00:00+00:00,HB_PAN,2025-08-10 11:00:00+00:00,22.261666666666667,18.136093139648438,9.299453735351562,26.408451080322266
Chronos2,2025-08-10 00:00:00+00:00,HB_PAN,2025-08-10 12:00:00+00:00,19.44333333333333,18.383316040039062,9.023724555969238,26.804018020629883
Chronos2,2025-08-10 00:00:00+00:00,HB_PAN,2025-08-10 13:00:00+00:00,15.559166666666668,15.072790145874023,5.658146858215332,24.28215980529785
Chronos2,2025-08-10 00:00:00+00:00,HB_PAN,2025-08-10 14:00:00+00:00,15.239166666666668,12.074589729309082,1.8890037536621094,21.834386825561523
Chronos2,2025-08-10 00:00:00+00:00,HB_PAN,2025-08-10 15:00:00+00:00,18.55,9.445361137390137,-1.1865653991699219,19.790830612182617
Chronos2,2025-08-10 00:00:00+00:00,HB_PAN,2025-08-10 16:00:00+00:00,25.1175,10.8974609375,0.6277618408203125,21.204376220703125
Chronos2,2025-08-10 00:00:00+00:00,HB_PAN,2025-08-10 17:00:00+00:00,25.33833333333333,11.250455856323242,0.9998874664306641,21.758028030395508
Chronos2,2025-08-10 00:00:00+00:00,HB_PAN,2025-08-10 18:00:00+00:00,24.691666666666663,10.767000198364258,0.2899818420410156,21.795713424682617
Chronos2,2025-08-10 00:00:00+00:00,HB_PAN,2025-08-10 19:00:00+00:00,35.5725,10.367192268371582,-0.6954898834228516,20.961387634277344
Chronos2,2025-08-10 00:00:00+00:00,HB_PAN,2025-08-10 20:00:00+00:00,47.09166666666667,12.174666404724121,1.1498260498046875,22.73813247680664
Chronos2,2025-08-10 00:00:00+00:00,HB_PAN,2025-08-10 21:00:00+00:00,42.3125,13.07626724243164,1.9133968353271484,24.438791275024414
Chronos2,2025-08-10 00:00:00+00:00,HB_PAN,2025-08-10 22:00:00+00:00,28.63,15.006462097167969,3.0029420852661133,27.37966537475586
Chronos2,2025-08-10 00:00:00+00:00,HB_PAN,2025-08-10 23:00:00+00:00,25.5525,22.653400421142578,8.48810863494873,39.182518005371094
Chronos2,2025-08-10 00:00:00+00:00,LZ_WEST,2025-08-10 00:00:00+00:00,48.415,67.17943572998047,45.93858337402344,85.67658996582031
Chronos2,2025-08-10 00:00:00+00:00,LZ_WEST,2025-08-10 01:00:00+00:00,60.52583333333333,72.25408935546875,50.58793640136719,90.72358703613281
Chronos2,2025-08-10 00:00:00+00:00,LZ_WEST,2025-08-10 02:00:00+00:00,67.54083333333334,70.28878784179688,48.58270263671875,88.075927734375
Chronos2,2025-08-10 00:00:00+00:00,LZ_WEST,2025-08-10 03:00:00+00:00,63.36166666666667,64.78529357910156,44.034420013427734,83.82945251464844
Chronos2,2025-08-10 00:00:00+00:00,LZ_WEST,2025-08-10 04:00:00+00:00,55.9,60.693756103515625,39.33177947998047,79.45799255371094
Chronos2,2025-08-10 00:00:00+00:00,LZ_WEST,2025-08-10 05:00:00+00:00,50.045,57.41310119628906,35.74636459350586,78.12691497802734
Chronos2,2025-08-10 00:00:00+00:00,LZ_WEST,2025-08-10 06:00:00+00:00,40.4875,53.8946533203125,31.356998443603516,75.90399169921875
Chronos2,2025-08-10 00:00:00+00:00,LZ_WEST,2025-08-10 07:00:00+00:00,57.77166666666667,52.4661750793457,29.053876876831055,75.08879852294922
Chronos2,2025-08-10 00:00:00+00:00,LZ_WEST,2025-08-10 08:00:00+00:00,70.28666666666668,46.23124694824219,23.59095573425293,70.3734359741211
Chronos2,2025-08-10 00:00:00+00:00,LZ_WEST,2025-08-10 09:00:00+00:00,59.35583333333333,43.666015625,22.3498592376709,67.27906036376953
Chronos2,2025-08-10 00:00:00+00:00,LZ_WEST,2025-08-10 10:00:00+00:00,62.49,41.447547912597656,20.052566528320312,64.94790649414062
Chronos2,2025-08-10 00:00:00+00:00,LZ_WEST,2025-08-10 11:00:00+00:00,65.53,38.2338752746582,17.975229263305664,59.684669494628906
Chronos2,2025-08-10 00:00:00+00:00,LZ_WEST,2025-08-10 12:00:00+00:00,50.70166666666666,28.659549713134766,13.096179962158203,47.695701599121094
Chronos2,2025-08-10 00:00:00+00:00,LZ_WEST,2025-08-10 13:00:00+00:00,16.739166666666666,16.418994903564453,7.413196563720703,30.553264617919922
Chronos2,2025-08-10 00:00:00+00:00,LZ_WEST,2025-08-10 14:00:00+00:00,15.245833333333332,12.976179122924805,5.655078887939453,23.596885681152344
Chronos2,2025-08-10 00:00:00+00:00,LZ_WEST,2025-08-10 15:00:00+00:00,18.47583333333333,11.596612930297852,4.669191360473633,20.714868545532227
Chronos2,2025-08-10 00:00:00+00:00,LZ_WEST,2025-08-10 16:00:00+00:00,24.981666666666666,11.87115478515625,4.2077178955078125,22.632713317871094
Chronos2,2025-08-10 00:00:00+00:00,LZ_WEST,2025-08-10 17:00:00+00:00,27.425833333333333,12.460615158081055,4.280691146850586,23.88739013671875
Chronos2,2025-08-10 00:00:00+00:00,LZ_WEST,2025-08-10 18:00:00+00:00,27.031666666666663,12.898597717285156,4.203365325927734,25.36530876159668
Chronos2,2025-08-10 00:00:00+00:00,LZ_WEST,2025-08-10 19:00:00+00:00,39.071666666666665,12.405813217163086,4.440816879272461,22.238174438476562
Chronos2,2025-08-10 00:00:00+00:00,LZ_WEST,2025-08-10 20:00:00+00:00,54.105,11.555923461914062,3.873868942260742,20.12015151977539
Chronos2,2025-08-10 00:00:00+00:00,LZ_WEST,2025-08-10 21:00:00+00:00,50.13166666666667,11.8876953125,3.885150909423828,20.50379180908203
Chronos2,2025-08-10 00:00:00+00:00,LZ_WEST,2025-08-10 22:00:00+00:00,36.340833333333336,13.560359954833984,4.71613883972168,24.2476806640625
Chronos2,2025-08-10 00:00:00+00:00,LZ_WEST,2025-08-10 23:00:00+00:00,35.44083333333334,25.509496688842773,10.961723327636719,42.14513397216797
Chronos2,2025-08-11 00:00:00+00:00,HB_HUBAVG,2025-08-11 00:00:00+00:00,41.5075,52.619239807128906,35.71302795410156,78.74575805664062
Chronos2,2025-08-11 00:00:00+00:00,HB_HUBAVG,2025-08-11 01:00:00+00:00,39.04416666666667,50.96657180786133,32.251426696777344,81.04557800292969
Chronos2,2025-08-11 00:00:00+00:00,HB_HUBAVG,2025-08-11 02:00:00+00:00,36.45583333333334,42.057857513427734,29.769458770751953,64.52919006347656
Chronos2,2025-08-11 00:00:00+00:00,HB_HUBAVG,2025-08-11 03:00:00+00:00,29.35166666666667,31.047876358032227,24.70461654663086,42.62159729003906
Chronos2,2025-08-11 00:00:00+00:00,HB_HUBAVG,2025-08-11 04:00:00+00:00,29.271666666666665,27.959247589111328,22.805673599243164,35.933258056640625
Chronos2,2025-08-11 00:00:00+00:00,HB_HUBAVG,2025-08-11 05:00:00+00:00,31.764166666666668,26.449323654174805,21.797571182250977,33.007564544677734
Chronos2,2025-08-11 00:00:00+00:00,HB_HUBAVG,2025-08-11 06:00:00+00:00,36.50333333333334,25.57455825805664,21.32948112487793,31.639026641845703
Chronos2,2025-08-11 00:00:00+00:00,HB_HUBAVG,2025-08-11 07:00:00+00:00,32.719166666666666,25.39463996887207,21.090587615966797,31.506723403930664
Chronos2,2025-08-11 00:00:00+00:00,HB_HUBAVG,2025-08-11 08:00:00+00:00,27.07333333333333,25.47404670715332,20.774288177490234,32.16797637939453
Chronos2,2025-08-11 00:00:00+00:00,HB_HUBAVG,2025-08-11 09:00:00+00:00,28.7475,25.897489547729492,21.102874755859375,32.49788284301758
Chronos2,2025-08-11 00:00:00+00:00,HB_HUBAVG,2025-08-11 10:00:00+00:00,29.430833333333336,27.034299850463867,21.916439056396484,34.334747314453125
Chronos2,2025-08-11 00:00:00+00:00,HB_HUBAVG,2025-08-11 11:00:00+00:00,30.945000000000004,27.657278060913086,22.2247314453125,35.755226135253906
Chronos2,2025-08-11 00:00:00+00:00,HB_HUBAVG,2025-08-11 12:00:00+00:00,27.055833333333336,25.754472732543945,20.39838409423828,33.82787322998047
Chronos2,2025-08-11 00:00:00+00:00,HB_HUBAVG,2025-08-11 13:00:00+00:00,21.554166666666664,22.25893783569336,17.52814483642578,29.214250564575195
Chronos2,2025-08-11 00:00:00+00:00,HB_HUBAVG,2025-08-11 14:00:00+00:00,23.05666666666667,21.263500213623047,16.584671020507812,28.573627471923828
Chronos2,2025-08-11 00:00:00+00:00,HB_HUBAVG,2025-08-11 15:00:00+00:00,25.1375,21.19524383544922,16.21588134765625,29.087322235107422
Chronos2,2025-08-11 00:00:00+00:00,HB_HUBAVG,2025-08-11 16:00:00+00:00,31.314166666666665,24.160898208618164,18.481342315673828,35.363258361816406
Chronos2,2025-08-11 00:00:00+00:00,HB_HUBAVG,2025-08-11 17:00:00+00:00,38.03916666666667,25.33729362487793,18.80124282836914,40.33623123168945
Chronos2,2025-08-11 00:00:00+00:00,HB_HUBAVG,2025-08-11 18:00:00+00:00,29.705,25.647066116333008,18.746665954589844,43.600669860839844
Chronos2,2025-08-11 00:00:00+00:00,HB_HUBAVG,2025-08-11 19:00:00+00:00,32.49583333333333,26.988567352294922,18.539737701416016,49.24827575683594
Chronos2,2025-08-11 00:00:00+00:00,HB_HUBAVG,2025-08-11 20:00:00+00:00,35.37083333333333,27.977725982666016,18.03927993774414,64.642578125
Chronos2,2025-08-11 00:00:00+00:00,HB_HUBAVG,2025-08-11 21:00:00+00:00,43.115833333333335,27.294193267822266,18.169921875,55.46336364746094
Chronos2,2025-08-11 00:00:00+00:00,HB_HUBAVG,2025-08-11 22:00:00+00:00,29.90833333333333,27.527101516723633,19.318077087402344,48.844642639160156
Chronos2,2025-08-11 00:00:00+00:00,HB_HUBAVG,2025-08-11 23:00:00+00:00,51.16916666666666,31.976497650146484,22.813886642456055,53.56235122680664
Chronos2,2025-08-11 00:00:00+00:00,HB_PAN,2025-08-11 00:00:00+00:00,29.867500000000003,41.600067138671875,25.71598243713379,64.16445922851562
Chronos2,2025-08-11 00:00:00+00:00,HB_PAN,2025-08-11 01:00:00+00:00,22.58,34.32621383666992,16.510379791259766,65.54884338378906
Chronos2,2025-08-11 00:00:00+00:00,HB_PAN,2025-08-11 02:00:00+00:00,13.504166666666668,22.44902801513672,8.658553123474121,48.22852325439453
Chronos2,2025-08-11 00:00:00+00:00,HB_PAN,2025-08-11 03:00:00+00:00,11.088333333333331,18.746318817138672,7.277556419372559,37.41065979003906
Chronos2,2025-08-11 00:00:00+00:00,HB_PAN,2025-08-11 04:00:00+00:00,19.129166666666663,19.155790328979492,8.73541259765625,32.957088470458984
Chronos2,2025-08-11 00:00:00+00:00,HB_PAN,2025-08-11 05:00:00+00:00,23.864166666666662,19.01105499267578,9.898394584655762,30.816810607910156
Chronos2,2025-08-11 00:00:00+00:00,HB_PAN,2025-08-11 06:00:00+00:00,34.38916666666667,19.076236724853516,10.783262252807617,28.698089599609375
Chronos2,2025-08-11 00:00:00+00:00,HB_PAN,2025-08-11 07:00:00+00:00,34.858333333333334,19.81979751586914,11.828996658325195,28.911195755004883
Chronos2,2025-08-11 00:00:00+00:00,HB_PAN,2025-08-11 08:00:00+00:00,28.57333333333333,21.123706817626953,13.186553001403809,30.4110050201416
Chronos2,2025-08-11 00:00:00+00:00,HB_PAN,2025-08-11 09:00:00+00:00,30.293333333333333,21.681941986083984,13.560162544250488,30.90697479248047
Chronos2,2025-08-11 00:00:00+00:00,HB_PAN,2025-08-11 10:00:00+00:00,31.9125,22.335351943969727,14.49351692199707,31.459922790527344
Chronos2,2025-08-11 00:00:00+00:00,HB_PAN,2025-08-11 11:00:00+00:00,33.31,23.663074493408203,15.3343505859375,33.66568374633789
Chronos2,2025-08-11 00:00:00+00:00,HB_PAN,2025-08-11 12:00:00+00:00,27.975,23.3576602935791,14.589879989624023,34.046600341796875
Chronos2,2025-08-11 00:00:00+00:00,HB_PAN,2025-08-11 13:00:00+00:00,21.58666666666667,21.229660034179688,11.7133150100708,32.60460662841797
Chronos2,2025-08-11 00:00:00+00:00,HB_PAN,2025-08-11 14:00:00+00:00,23.059166666666663,19.874231338500977,9.816821098327637,33.354061126708984
Chronos2,2025-08-11 00:00:00+00:00,HB_PAN,2025-08-11 15:00:00+00:00,24.924166666666665,19.431400299072266,7.985695838928223,34.767478942871094
Chronos2,2025-08-11 00:00:00+00:00,HB_PAN,2025-08-11 16:00:00+00:00,28.844166666666663,20.78234100341797,8.225137710571289,38.349853515625
Chronos2,2025-08-11 00:00:00+00:00,HB_PAN,2025-08-11 17:00:00+00:00,36.0925,21.32278823852539,8.59228515625,38.817909240722656
Chronos2,2025-08-11 00:00:00+00:00,HB_PAN,2025-08-11 18:00:00+00:00,27.25583333333333,20.94904136657715,7.342103958129883,40.109554290771484
Chronos2,2025-08-11 00:00:00+00:00,HB_PAN,2025-08-11 19:00:00+00:00,27.07333333333333,20.795427322387695,6.200901031494141,43.08258819580078
Chronos2,2025-08-11 00:00:00+00:00,HB_PAN,2025-08-11 20:00:00+00:00,26.805,22.832576751708984,6.089668273925781,50.526702880859375
Chronos2,2025-08-11 00:00:00+00:00,HB_PAN,2025-08-11 21:00:00+00:00,32.34083333333333,23.161640167236328,6.793766021728516,49.74353790283203
Chronos2,2025-08-11 00:00:00+00:00,HB_PAN,2025-08-11 22:00:00+00:00,22.61916666666667,23.356464385986328,7.8478240966796875,46.765846252441406
Chronos2,2025-08-11 00:00:00+00:00,HB_PAN,2025-08-11 23:00:00+00:00,43.41583333333333,26.424243927001953,10.488262176513672,51.392791748046875
Chronos2,2025-08-11 00:00:00+00:00,LZ_WEST,2025-08-11 00:00:00+00:00,63.37916666666666,62.88335418701172,41.78310775756836,81.02903747558594
Chronos2,2025-08-11 00:00:00+00:00,LZ_WEST,2025-08-11 01:00:00+00:00,67.11333333333333,69.08818054199219,43.986019134521484,88.36595153808594
Chronos2,2025-08-11 00:00:00+00:00,LZ_WEST,2025-08-11 02:00:00+00:00,78.51416666666667,66.79719543457031,40.65963363647461,87.5890884399414
Chronos2,2025-08-11 00:00:00+00:00,LZ_WEST,2025-08-11 03:00:00+00:00,63.33833333333333,58.65563201904297,33.7542610168457,83.2108154296875
Chronos2,2025-08-11 00:00:00+00:00,LZ_WEST,2025-08-11 04:00:00+00:00,60.825,53.91643524169922,29.66206169128418,79.02179718017578
Chronos2,2025-08-11 00:00:00+00:00,LZ_WEST,2025-08-11 05:00:00+00:00,66.45833333333333,48.38703918457031,24.28418731689453,77.1834487915039
Chronos2,2025-08-11 00:00:00+00:00,LZ_WEST,2025-08-11 06:00:00+00:00,67.56083333333333,42.85319519042969,20.891021728515625,74.11449432373047
Chronos2,2025-08-11 00:00:00+00:00,LZ_WEST,2025-08-11 07:00:00+00:00,65.5525,42.6510009765625,17.978824615478516,75.83893585205078
Chronos2,2025-08-11 00:00:00+00:00,LZ_WEST,2025-08-11 08:00:00+00:00,50.00333333333333,40.44613265991211,18.13788414001465,76.716796875
Chronos2,2025-08-11 00:00:00+00:00,LZ_WEST,2025-08-11 09:00:00+00:00,52.310833333333335,40.15412902832031,18.55190086364746,75.42680358886719
Chronos2,2025-08-11 00:00:00+00:00,LZ_WEST,2025-08-11 10:00:00+00:00,66.685,40.7230224609375,18.41288185119629,73.10448455810547
Chronos2,2025-08-11 00:00:00+00:00,LZ_WEST,2025-08-11 11:00:00+00:00,66.39416666666666,39.65242004394531,17.997182846069336,70.56622314453125
Chronos2,2025-08-11 00:00:00+00:00,LZ_WEST,2025-08-11 12:00:00+00:00,40.82333333333333,32.96696472167969,15.815948486328125,60.00592803955078
Chronos2,2025-08-11 00:00:00+00:00,LZ_WEST,2025-08-11 13:00:00+00:00,22.051666666666662,23.08209991455078,12.995634078979492,44.17250061035156
Chronos2,2025-08-11 00:00:00+00:00,LZ_WEST,2025-08-11 14:00:00+00:00,23.079166666666666,20.349456787109375,11.975021362304688,38.58702850341797
Chronos2,2025-08-11 00:00:00+00:00,LZ_WEST,2025-08-11 15:00:00+00:00,24.989166666666662,20.32552719116211,11.879951477050781,37.442955017089844
Chronos2,2025-08-11 00:00:00+00:00,LZ_WEST,2025-08-11 16:00:00+00:00,29.521666666666665,21.09804916381836,11.836465835571289,42.99186325073242
Chronos2,2025-08-11 00:00:00+00:00,LZ_WEST,2025-08-11 17:00:00+00:00,38.330000000000005,20.960002899169922,11.952884674072266,47.035789489746094
Chronos2,2025-08-11 00:00:00+00:00,LZ_WEST,2025-08-11 18:00:00+00:00,29.731666666666666,21.531177520751953,11.157569885253906,50.50288391113281
Chronos2,2025-08-11 00:00:00+00:00,LZ_WEST,2025-08-11 19:00:00+00:00,29.71,22.08732032775879,10.922399520874023,54.84869384765625
Chronos2,2025-08-11 00:00:00+00:00,LZ_WEST,2025-08-11 20:00:00+00:00,30.15083333333333,22.121795654296875,10.912303924560547,58.69511413574219
Chronos2,2025-08-11 00:00:00+00:00,LZ_WEST,2025-08-11 21:00:00+00:00,38.0275,21.4919490814209,10.883155822753906,54.588584899902344
Chronos2,2025-08-11 00:00:00+00:00,LZ_WEST,2025-08-11 22:00:00+00:00,24.23583333333333,22.74329376220703,11.10828971862793,52.93680191040039
Chronos2,2025-08-11 00:00:00+00:00,LZ_WEST,2025-08-11 23:00:00+00:00,45.775,29.062198638916016,14.30838394165039,61.2209587097168
Chronos2,2025-08-12 00:00:00+00:00,HB_HUBAVG,2025-08-12 00:00:00+00:00,90.14916666666666,66.67597198486328,50.3160514831543,96.32532501220703
Chronos2,2025-08-12 00:00:00+00:00,HB_HUBAVG,2025-08-12 01:00:00+00:00,66.07666666666667,58.575218200683594,41.228607177734375,85.5311279296875
Chronos2,2025-08-12 00:00:00+00:00,HB_HUBAVG,2025-08-12 02:00:00+00:00,98.80833333333334,44.391632080078125,33.56110382080078,65.1620864868164
Chronos2,2025-08-12 00:00:00+00:00,HB_HUBAVG,2025-08-12 03:00:00+00:00,57.0275,33.72465133666992,27.618778228759766,45.72203063964844
Chronos2,2025-08-12 00:00:00+00:00,HB_HUBAVG,2025-08-12 04:00:00+00:00,38.86666666666667,30.81401824951172,25.819801330566406,39.72930908203125
Chronos2,2025-08-12 00:00:00+00:00,HB_HUBAVG,2025-08-12 05:00:00+00:00,32.62083333333333,29.880029678344727,25.171451568603516,38.59467697143555
Chronos2,2025-08-12 00:00:00+00:00,HB_HUBAVG,2025-08-12 06:00:00+00:00,29.771666666666665,29.234560012817383,24.318588256835938,37.97554016113281
Chronos2,2025-08-12 00:00:00+00:00,HB_HUBAVG,2025-08-12 07:00:00+00:00,27.46666666666667,27.751298904418945,23.322105407714844,35.298309326171875
Chronos2,2025-08-12 00:00:00+00:00,HB_HUBAVG,2025-08-12 08:00:00+00:00,24.625,25.843547821044922,21.46817970275879,32.48805618286133
Chronos2,2025-08-12 00:00:00+00:00,HB_HUBAVG,2025-08-12 09:00:00+00:00,25.409166666666668,25.63373565673828,21.53326416015625,31.8485050201416
Chronos2,2025-08-12 00:00:00+00:00,HB_HUBAVG,2025-08-12 10:00:00+00:00,33.42333333333333,26.527029037475586,22.33562660217285,33.052406311035156
Chronos2,2025-08-12 00:00:00+00:00,HB_HUBAVG,2025-08-12 11:00:00+00:00,38.62083333333333,26.772432327270508,22.29694366455078,33.323333740234375
Chronos2,2025-08-12 00:00:00+00:00,HB_HUBAVG,2025-08-12 12:00:00+00:00,34.37166666666666,23.88587760925293,19.404436111450195,30.06120491027832
Chronos2,2025-08-12 00:00:00+00:00,HB_HUBAVG,2025-08-12 13:00:00+00:00,22.980833333333333,19.474355697631836,15.107758522033691,26.220684051513672
Chronos2,2025-08-12 00:00:00+00:00,HB_HUBAVG,2025-08-12 14:00:00+00:00,21.839166666666667,18.80719757080078,14.344234466552734,25.968351364135742
Chronos2,2025-08-12 00:00:00+00:00,HB_HUBAVG,2025-08-12 15:00:00+00:00,23.04583333333333,19.105449676513672,14.62539291381836,26.423479080200195
Chronos2,2025-08-12 00:00:00+00:00,HB_HUBAVG,2025-08-12 16:00:00+00:00,23.99833333333333,22.697370529174805,17.62639617919922,31.86017608642578
Chronos2,2025-08-12 00:00:00+00:00,HB_HUBAVG,2025-08-12 17:00:00+00:00,37.04916666666667,25.890209197998047,20.02655029296875,37.75129699707031
Chronos2,2025-08-12 00:00:00+00:00,HB_HUBAVG,2025-08-12 18:00:00+00:00,41.14666666666667,27.130836486816406,20.860797882080078,40.01397705078125
Chronos2,2025-08-12 00:00:00+00:00,HB_HUBAVG,2025-08-12 19:00:00+00:00,47.51,27.575960159301758,21.371225357055664,41.46945571899414
Chronos2,2025-08-12 00:00:00+00:00,HB_HUBAVG,2025-08-12 20:00:00+00:00,43.585,28.26009178161621,21.880678176879883,43.30006408691406
Chronos2,2025-08-12 00:00:00+00:00,HB_HUBAVG,2025-08-12 21:00:00+00:00,51.775,27.458711624145508,21.042022705078125,42.8804817199707
Chronos2,2025-08-12 00:00:00+00:00,HB_HUBAVG,2025-08-12 22:00:00+00:00,59.89083333333334,25.925504684448242,19.85401725769043,39.005523681640625
Chronos2,2025-08-12 00:00:00+00:00,HB_HUBAVG,2025-08-12 23:00:00+00:00,101.49,31.312211990356445,23.92874526977539,48.412940979003906
Chronos2,2025-08-12 00:00:00+00:00,HB_PAN,2025-08-12 00:00:00+00:00,92.41166666666668,55.7874641418457,38.78004455566406,71.25648498535156
Chronos2,2025-08-12 00:00:00+00:00,HB_PAN,2025-08-12 01:00:00+00:00,44.7875,41.12472152709961,23.23539161682129,59.8163948059082
Chronos2,2025-08-12 00:00:00+00:00,HB_PAN,2025-08-12 02:00:00+00:00,93.015,24.769771575927734,10.211694717407227,45.37728500366211
Chronos2,2025-08-12 00:00:00+00:00,HB_PAN,2025-08-12 03:00:00+00:00,47.465,23.143354415893555,10.934242248535156,38.82905960083008
Chronos2,2025-08-12 00:00:00+00:00,HB_PAN,2025-08-12 04:00:00+00:00,24.784166666666668,24.045413970947266,12.983471870422363,37.68061828613281
Chronos2,2025-08-12 00:00:00+00:00,HB_PAN,2025-08-12 05:00:00+00:00,16.668333333333333,24.959659576416016,14.248311996459961,37.82246398925781
Chronos2,2025-08-12 00:00:00+00:00,HB_PAN,2025-08-12 06:00:00+00:00,8.405833333333334,25.584869384765625,14.878396987915039,38.38943099975586
Chronos2,2025-08-12 00:00:00+00:00,HB_PAN,2025-08-12 07:00:00+00:00,9.956666666666669,25.036048889160156,14.380694389343262,37.3603401184082
Chronos2,2025-08-12 00:00:00+00:00,HB_PAN,2025-08-12 08:00:00+00:00,23.179166666666664,25.347578048706055,14.83260726928711,36.935951232910156
Chronos2,2025-08-12 00:00:00+00:00,HB_PAN,2025-08-12 09:00:00+00:00,23.695833333333336,26.272462844848633,16.1552734375,38.197662353515625
Chronos2,2025-08-12 00:00:00+00:00,HB_PAN,2025-08-12 10:00:00+00:00,34.48166666666667,26.92500877380371,16.623966217041016,38.765201568603516
Chronos2,2025-08-12 00:00:00+00:00,HB_PAN,2025-08-12 11:00:00+00:00,39.52,28.40993881225586,17.929637908935547,40.826698303222656
Chronos2,2025-08-12 00:00:00+00:00,HB_PAN,2025-08-12 12:00:00+00:00,36.6025,28.51620101928711,17.57179832458496,41.317039489746094
Chronos2,2025-08-12 00:00:00+00:00,HB_PAN,2025-08-12 13:00:00+00:00,23.5025,24.9035701751709,13.032634735107422,37.99566650390625
Chronos2,2025-08-12 00:00:00+00:00,HB_PAN,2025-08-12 14:00:00+00:00,21.867500000000003,22.02459144592285,10.04882526397705,36.09805679321289
Chronos2,2025-08-12 00:00:00+00:00,HB_PAN,2025-08-12 15:00:00+00:00,23.0675,20.283540725708008,7.712490081787109,34.81401062011719
Chronos2,2025-08-12 00:00:00+00:00,HB_PAN,2025-08-12 16:00:00+00:00,22.536666666666665,22.54176902770996,8.777591705322266,40.092552185058594
Chronos2,2025-08-12 00:00:00+00:00,HB_PAN,2025-08-12 17:00:00+00:00,28.055000000000003,23.738046646118164,9.419718742370605,41.624969482421875
Chronos2,2025-08-12 00:00:00+00:00,HB_PAN,2025-08-12 18:00:00+00:00,33.63583333333333,22.957782745361328,8.245902061462402,42.075950622558594
Chronos2,2025-08-12 00:00:00+00:00,HB_PAN,2025-08-12 19:00:00+00:00,39.67,21.716890335083008,7.011893272399902,41.06870651245117
Chronos2,2025-08-12 00:00:00+00:00,HB_PAN,2025-08-12 20:00:00+00:00,34.571666666666665,23.018455505371094,8.02624797821045,42.86491394042969
Chronos2,2025-08-12 00:00:00+00:00,HB_PAN,2025-08-12 21:00:00+00:00,46.56333333333333,24.068294525146484,8.316481590270996,44.601051330566406
Chronos2,2025-08-12 00:00:00+00:00,HB_PAN,2025-08-12 22:00:00+00:00,60.66666666666666,23.97052574157715,8.132148742675781,45.035396575927734
Chronos2,2025-08-12 00:00:00+00:00,HB_PAN,2025-08-12 23:00:00+00:00,110.14166666666668,28.484424591064453,11.727880477905273,51.66264343261719
Chronos2,2025-08-12 00:00:00+00:00,LZ_WEST,2025-08-12 00:00:00+00:00,98.07666666666668,71.9451904296875,58.238685607910156,85.22882080078125
Chronos2,2025-08-12 00:00:00+00:00,LZ_WEST,2025-08-12 01:00:00+00:00,77.46166666666666,77.30968475341797,62.879981994628906,92.73291778564453
Chronos2,2025-08-12 00:00:00+00:00,LZ_WEST,2025-08-12 02:00:00+00:00,109.68083333333334,78.53408813476562,64.49844360351562,94.947021484375
Chronos2,2025-08-12 00:00:00+00:00,LZ_WEST,2025-08-12 03:00:00+00:00,63.24,64.10574340820312,49.626007080078125,79.99960327148438
Chronos2,2025-08-12 00:00:00+00:00,LZ_WEST,2025-08-12 04:00:00+00:00,63.73916666666667,57.277740478515625,43.352745056152344,73.4377212524414
Chronos2,2025-08-12 00:00:00+00:00,LZ_WEST,2025-08-12 05:00:00+00:00,74.6675,59.61981201171875,45.21293640136719,75.76016235351562
Chronos2,2025-08-12 00:00:00+00:00,LZ_WEST,2025-08-12 06:00:00+00:00,65.70833333333333,58.229347229003906,42.6570930480957,75.53781127929688
Chronos2,2025-08-12 00:00:00+00:00,LZ_WEST,2025-08-12 07:00:00+00:00,52.54166666666666,53.00285339355469,35.95486068725586,70.93524169921875
Chronos2,2025-08-12 00:00:00+00:00,LZ_WEST,2025-08-12 08:00:00+00:00,35.68416666666666,41.2136116027832,25.51136016845703,60.4958381652832
Chronos2,2025-08-12 00:00:00+00:00,LZ_WEST,2025-08-12 09:00:00+00:00,49.0725,40.943626403808594,25.172653198242188,60.269744873046875
Chronos2,2025-08-12 00:00:00+00:00,LZ_WEST,2025-08-12 10:00:00+00:00,57.22833333333333,48.558189392089844,31.53944969177246,68.1245346069336
Chronos2,2025-08-12 00:00:00+00:00,LZ_WEST,2025-08-12 11:00:00+00:00,52.10583333333333,47.40970993041992,30.822362899780273,65.08588409423828
Chronos2,2025-08-12 00:00:00+00:00,LZ_WEST,2025-08-12 12:00:00+00:00,67.44333333333334,30.41988754272461,17.537025451660156,46.19032669067383
Chronos2,2025-08-12 00:00:00+00:00,LZ_WEST,2025-08-12 13:00:00+00:00,32.97833333333333,19.331926345825195,8.864038467407227,32.32611083984375
Chronos2,2025-08-12 00:00:00+00:00,LZ_WEST,2025-08-12 14:00:00+00:00,22.15083333333333,18.353851318359375,8.330501556396484,31.14410400390625
Chronos2,2025-08-12 00:00:00+00:00,LZ_WEST,2025-08-12 15:00:00+00:00,23.231666666666666,17.32065773010254,7.531274795532227,29.624866485595703
Chronos2,2025-08-12 00:00:00+00:00,LZ_WEST,2025-08-12 16:00:00+00:00,23.117500000000003,20.586612701416016,9.952478408813477,34.253700256347656
Chronos2,2025-08-12 00:00:00+00:00,LZ_WEST,2025-08-12 17:00:00+00:00,31.4325,23.65456199645996,11.811065673828125,39.78031921386719
Chronos2,2025-08-12 00:00:00+00:00,LZ_WEST,2025-08-12 18:00:00+00:00,37.27,22.166400909423828,10.316463470458984,38.568458557128906
Chronos2,2025-08-12 00:00:00+00:00,LZ_WEST,2025-08-12 19:00:00+00:00,44.825,21.48890495300293,9.581527709960938,37.87938690185547
Chronos2,2025-08-12 00:00:00+00:00,LZ_WEST,2025-08-12 20:00:00+00:00,40.303333333333335,21.855627059936523,9.841129302978516,39.989166259765625
Chronos2,2025-08-12 00:00:00+00:00,LZ_WEST,2025-08-12 21:00:00+00:00,54.77166666666667,22.62447738647461,9.927196502685547,40.54554748535156
Chronos2,2025-08-12 00:00:00+00:00,LZ_WEST,2025-08-12 22:00:00+00:00,66.13250000000001,18.43359375,6.891822814941406,34.35015106201172
Chronos2,2025-08-12 00:00:00+00:00,LZ_WEST,2025-08-12 23:00:00+00:00,113.32,29.438678741455078,15.112552642822266,47.30216979980469
Chronos2,2025-08-13 00:00:00+00:00,HB_HUBAVG,2025-08-13 00:00:00+00:00,84.1025,111.50881958007812,73.67704010009766,179.23439025878906
Chronos2,2025-08-13 00:00:00+00:00,HB_HUBAVG,2025-08-13 01:00:00+00:00,67.18083333333334,92.01118469238281,54.845359802246094,150.77174377441406
Chronos2,2025-08-13 00:00:00+00:00,HB_HUBAVG,2025-08-13 02:00:00+00:00,48.41333333333333,70.88458251953125,42.166587829589844,124.33233642578125
Chronos2,2025-08-13 00:00:00+00:00,HB_HUBAVG,2025-08-13 03:00:00+00:00,36.7775,49.28251266479492,33.44158172607422,82.5838851928711
Chronos2,2025-08-13 00:00:00+00:00,HB_HUBAVG,2025-08-13 04:00:00+00:00,34.416666666666664,40.07713317871094,30.263957977294922,59.83964157104492
Chronos2,2025-08-13 00:00:00+00:00,HB_HUBAVG,2025-08-13 05:00:00+00:00,32.350833333333334,35.76084899902344,28.23306655883789,51.28703689575195
Chronos2,2025-08-13 00:00:00+00:00,HB_HUBAVG,2025-08-13 06:00:00+00:00,31.15416666666667,33.4504508972168,26.895544052124023,46.449562072753906
Chronos2,2025-08-13 00:00:00+00:00,HB_HUBAVG,2025-08-13 07:00:00+00:00,32.372499999999995,31.627283096313477,25.488048553466797,42.77042770385742
Chronos2,2025-08-13 00:00:00+00:00,HB_HUBAVG,2025-08-13 08:00:00+00:00,32.6025,29.734560012817383,23.841678619384766,39.1612548828125
Chronos2,2025-08-13 00:00:00+00:00,HB_HUBAVG,2025-08-13 09:00:00+00:00,36.61333333333334,30.458465576171875,24.39898681640625,39.87547302246094
Chronos2,2025-08-13 00:00:00+00:00,HB_HUBAVG,2025-08-13 10:00:00+00:00,40.524166666666666,33.7275505065918,26.75831413269043,45.684715270996094
Chronos2,2025-08-13 00:00:00+00:00,HB_HUBAVG,2025-08-13 11:00:00+00:00,56.58916666666667,35.13570785522461,27.408580780029297,48.548789978027344
Chronos2,2025-08-13 00:00:00+00:00,HB_HUBAVG,2025-08-13 12:00:00+00:00,42.42166666666667,31.222061157226562,24.171428680419922,42.93446731567383
Chronos2,2025-08-13 00:00:00+00:00,HB_HUBAVG,2025-08-13 13:00:00+00:00,25.579166666666666,24.732559204101562,18.949459075927734,34.8548698425293
Chronos2,2025-08-13 00:00:00+00:00,HB_HUBAVG,2025-08-13 14:00:00+00:00,25.419166666666666,23.678768157958984,17.801618576049805,34.80625534057617
Chronos2,2025-08-13 00:00:00+00:00,HB_HUBAVG,2025-08-13 15:00:00+00:00,25.816666666666663,24.491439819335938,18.273706436157227,36.11338424682617
Chronos2,2025-08-13 00:00:00+00:00,HB_HUBAVG,2025-08-13 16:00:00+00:00,32.681666666666665,29.85140609741211,22.186893463134766,43.7029914855957
Chronos2,2025-08-13 00:00:00+00:00,HB_HUBAVG,2025-08-13 17:00:00+00:00,36.935,36.049434661865234,26.314697265625,54.271087646484375
Chronos2,2025-08-13 00:00:00+00:00,HB_HUBAVG,2025-08-13 18:00:00+00:00,44.90583333333333,37.994773864746094,27.127138137817383,58.622032165527344
Chronos2,2025-08-13 00:00:00+00:00,HB_HUBAVG,2025-08-13 19:00:00+00:00,43.335,38.48950958251953,27.20684242248535,61.48802947998047
Chronos2,2025-08-13 00:00:00+00:00,HB_HUBAVG,2025-08-13 20:00:00+00:00,49.10583333333333,39.37781524658203,27.297658920288086,64.37065887451172
Chronos2,2025-08-13 00:00:00+00:00,HB_HUBAVG,2025-08-13 21:00:00+00:00,41.71333333333333,39.67400360107422,26.53360366821289,67.79181671142578
Chronos2,2025-08-13 00:00:00+00:00,HB_HUBAVG,2025-08-13 22:00:00+00:00,45.73083333333333,40.363014221191406,25.911792755126953,75.9362564086914
Chronos2,2025-08-13 00:00:00+00:00,HB_HUBAVG,2025-08-13 23:00:00+00:00,62.585,54.08850860595703,31.244224548339844,105.81607055664062
Chronos2,2025-08-13 00:00:00+00:00,HB_PAN,2025-08-13 00:00:00+00:00,89.81666666666666,98.68425750732422,51.70975875854492,180.84324645996094
Chronos2,2025-08-13 00:00:00+00:00,HB_PAN,2025-08-13 01:00:00+00:00,70.5525,59.97722625732422,20.41600799560547,138.39016723632812
Chronos2,2025-08-13 00:00:00+00:00,HB_PAN,2025-08-13 02:00:00+00:00,48.571666666666665,36.20857238769531,10.1248197555542,108.06932830810547
Chronos2,2025-08-13 00:00:00+00:00,HB_PAN,2025-08-13 03:00:00+00:00,34.00666666666667,27.082693099975586,10.491488456726074,68.85324096679688
Chronos2,2025-08-13 00:00:00+00:00,HB_PAN,2025-08-13 04:00:00+00:00,30.5375,24.933990478515625,11.047718048095703,53.616966247558594
Chronos2,2025-08-13 00:00:00+00:00,HB_PAN,2025-08-13 05:00:00+00:00,35.52333333333333,24.2349853515625,11.441577911376953,49.440940856933594
Chronos2,2025-08-13 00:00:00+00:00,HB_PAN,2025-08-13 06:00:00+00:00,33.44916666666666,24.033931732177734,11.029093742370605,48.78094482421875
Chronos2,2025-08-13 00:00:00+00:00,HB_PAN,2025-08-13 07:00:00+00:00,34.4475,24.656435012817383,12.154958724975586,48.101051330566406
Chronos2,2025-08-13 00:00:00+00:00,HB_PAN,2025-08-13 08:00:00+00:00,34.844166666666666,26.14525604248047,14.094245910644531,46.03601837158203
Chronos2,2025-08-13 00:00:00+00:00,HB_PAN,2025-08-13 09:00:00+00:00,39.1125,27.52541160583496,15.684412956237793,47.17252731323242
Chronos2,2025-08-13 00:00:00+00:00,HB_PAN,2025-08-13 10:00:00+00:00,42.63166666666667,29.593982696533203,17.533836364746094,49.423526763916016
Chronos2,2025-08-13 00:00:00+00:00,HB_PAN,2025-08-13 11:00:00+00:00,57.5725,31.95490074157715,18.893550872802734,52.107330322265625
Chronos2,2025-08-13 00:00:00+00:00,HB_PAN,2025-08-13 12:00:00+00:00,43.21666666666667,31.621366500854492,18.72089958190918,52.47762680053711
Chronos2,2025-08-13 00:00:00+00:00,HB_PAN,2025-08-13 13:00:00+00:00,25.6525,28.55265235900879,15.337705612182617,48.81151580810547
Chronos2,2025-08-13 00:00:00+00:00,HB_PAN,2025-08-13 14:00:00+00:00,25.419166666666666,25.851037979125977,12.78929328918457,48.77164840698242
Chronos2,2025-08-13 00:00:00+00:00,HB_PAN,2025-08-13 15:00:00+00:00,25.819166666666664,25.35187530517578,11.863829612731934,47.644981384277344
Chronos2,2025-08-13 00:00:00+00:00,HB_PAN,2025-08-13 16:00:00+00:00,32.60666666666666,26.097370147705078,12.569445610046387,48.597198486328125
Chronos2,2025-08-13 00:00:00+00:00,HB_PAN,2025-08-13 17:00:00+00:00,32.3675,26.862661361694336,13.4418363571167,48.8684196472168
Chronos2,2025-08-13 00:00:00+00:00,HB_PAN,2025-08-13 18:00:00+00:00,34.223333333333336,26.93968963623047,12.808810234069824,50.55400085449219
Chronos2,2025-08-13 00:00:00+00:00,HB_PAN,2025-08-13 19:00:00+00:00,38.42583333333334,27.17489242553711,12.093893051147461,53.61573791503906
Chronos2,2025-08-13 00:00:00+00:00,HB_PAN,2025-08-13 20:00:00+00:00,48.805,28.38602066040039,12.99709701538086,56.631492614746094
Chronos2,2025-08-13 00:00:00+00:00,HB_PAN,2025-08-13 21:00:00+00:00,43.498333333333335,29.61367416381836,13.30544662475586,60.16133117675781
Chronos2,2025-08-13 00:00:00+00:00,HB_PAN,2025-08-13 22:00:00+00:00,49.03583333333333,30.668479919433594,12.434802055358887,66.23627471923828
Chronos2,2025-08-13 00:00:00+00:00,HB_PAN,2025-08-13 23:00:00+00:00,66.96416666666666,36.985755920410156,14.853660583496094,88.56002807617188
Chronos2,2025-08-13 00:00:00+00:00,LZ_WEST,2025-08-13 00:00:00+00:00,91.25666666666666,113.017578125,79.59797668457031,170.23199462890625
Chronos2,2025-08-13 00:00:00+00:00,LZ_WEST,2025-08-13 01:00:00+00:00,71.54666666666667,103.92010498046875,69.96746063232422,158.55767822265625
Chronos2,2025-08-13 00:00:00+00:00,LZ_WEST,2025-08-13 02:00:00+00:00,58.35,98.29730987548828,69.14550018310547,147.16705322265625
Chronos2,2025-08-13 00:00:00+00:00,LZ_WEST,2025-08-13 03:00:00+00:00,55.16166666666667,79.70195770263672,56.921485900878906,120.7989501953125
Chronos2,2025-08-13 00:00:00+00:00,LZ_WEST,2025-08-13 04:00:00+00:00,67.23666666666666,72.04243469238281,51.92535400390625,109.21526336669922
Chronos2,2025-08-13 00:00:00+00:00,LZ_WEST,2025-08-13 05:00:00+00:00,69.68583333333333,69.90127563476562,51.61347961425781,104.35150146484375
Chronos2,2025-08-13 00:00:00+00:00,LZ_WEST,2025-08-13 06:00:00+00:00,64.49499999999999,67.11907958984375,49.013587951660156,101.16114807128906
Chronos2,2025-08-13 00:00:00+00:00,LZ_WEST,2025-08-13 07:00:00+00:00,63.14166666666667,63.382423400878906,45.091434478759766,94.95470428466797
Chronos2,2025-08-13 00:00:00+00:00,LZ_WEST,2025-08-13 08:00:00+00:00,65.86583333333333,56.074485778808594,37.81635284423828,87.4551773071289
Chronos2,2025-08-13 00:00:00+00:00,LZ_WEST,2025-08-13 09:00:00+00:00,73.44916666666667,57.192691802978516,39.627723693847656,89.30510711669922
Chronos2,2025-08-13 00:00:00+00:00,LZ_WEST,2025-08-13 10:00:00+00:00,71.78666666666668,59.62133026123047,41.504878997802734,92.74507904052734
Chronos2,2025-08-13 00:00:00+00:00,LZ_WEST,2025-08-13 11:00:00+00:00,80.71249999999999,57.15513610839844,38.2120475769043,90.80482482910156
Chronos2,2025-08-13 00:00:00+00:00,LZ_WEST,2025-08-13 12:00:00+00:00,60.51583333333334,46.4129753112793,28.592796325683594,78.68026733398438
Chronos2,2025-08-13 00:00:00+00:00,LZ_WEST,2025-08-13 13:00:00+00:00,26.986666666666665,30.414642333984375,16.405183792114258,60.617698669433594
Chronos2,2025-08-13 00:00:00+00:00,LZ_WEST,2025-08-13 14:00:00+00:00,25.419166666666666,27.683073043823242,14.930416107177734,55.46797561645508
Chronos2,2025-08-13 00:00:00+00:00,LZ_WEST,2025-08-13 15:00:00+00:00,25.824166666666667,26.26835823059082,13.803600311279297,52.993408203125
Chronos2,2025-08-13 00:00:00+00:00,LZ_WEST,2025-08-13 16:00:00+00:00,32.56333333333333,30.04947280883789,16.876569747924805,55.22579574584961
Chronos2,2025-08-13 00:00:00+00:00,LZ_WEST,2025-08-13 17:00:00+00:00,34.17333333333333,33.222930908203125,19.358633041381836,59.55645751953125
Chronos2,2025-08-13 00:00:00+00:00,LZ_WEST,2025-08-13 18:00:00+00:00,38.535833333333336,33.71450424194336,19.46843910217285,62.081058502197266
Chronos2,2025-08-13 00:00:00+00:00,LZ_WEST,2025-08-13 19:00:00+00:00,41.635,33.906673431396484,17.74555778503418,66.89849090576172
Chronos2,2025-08-13 00:00:00+00:00,LZ_WEST,2025-08-13 20:00:00+00:00,53.8425,32.91752243041992,16.073640823364258,70.61730194091797
Chronos2,2025-08-13 00:00:00+00:00,LZ_WEST,2025-08-13 21:00:00+00:00,47.836666666666666,34.703575134277344,14.726850509643555,76.37789916992188
Chronos2,2025-08-13 00:00:00+00:00,LZ_WEST,2025-08-13 22:00:00+00:00,52.178333333333335,35.44485855102539,14.094100952148438,85.65328979492188
Chronos2,2025-08-13 00:00:00+00:00,LZ_WEST,2025-08-13 23:00:00+00:00,69.38416666666667,50.374053955078125,20.838132858276367,109.61469268798828
Chronos2,2025-08-14 00:00:00+00:00,HB_HUBAVG,2025-08-14 00:00:00+00:00,69.89583333333333,76.58061981201172,55.50136947631836,111.28590393066406
Chronos2,2025-08-14 00:00:00+00:00,HB_HUBAVG,2025-08-14 01:00:00+00:00,54.16916666666666,70.63105773925781,48.430419921875,102.40039825439453
Chronos2,2025-08-14 00:00:00+00:00,HB_HUBAVG,2025-08-14 02:00:00+00:00,46.17083333333333,59.57288360595703,42.3499755859375,88.23793029785156
Chronos2,2025-08-14 00:00:00+00:00,HB_HUBAVG,2025-08-14 03:00:00+00:00,31.613333333333333,45.28453826904297,34.81161117553711,62.747520446777344
Chronos2,2025-08-14 00:00:00+00:00,HB_HUBAVG,2025-08-14 04:00:00+00:00,28.02416666666667,39.307830810546875,31.797487258911133,50.95342254638672
Chronos2,2025-08-14 00:00:00+00:00,HB_HUBAVG,2025-08-14 05:00:00+00:00,26.53833333333333,36.45314025878906,30.227773666381836,46.02178955078125
Chronos2,2025-08-14 00:00:00+00:00,HB_HUBAVG,2025-08-14 06:00:00+00:00,24.925,35.7083854675293,29.606258392333984,44.5775032043457
Chronos2,2025-08-14 00:00:00+00:00,HB_HUBAVG,2025-08-14 07:00:00+00:00,23.3425,35.18642807006836,29.507028579711914,43.06822204589844
Chronos2,2025-08-14 00:00:00+00:00,HB_HUBAVG,2025-08-14 08:00:00+00:00,22.105,33.76516342163086,28.141942977905273,41.19580078125
Chronos2,2025-08-14 00:00:00+00:00,HB_HUBAVG,2025-08-14 09:00:00+00:00,23.06083333333333,34.84779357910156,28.601518630981445,43.583091735839844
Chronos2,2025-08-14 00:00:00+00:00,HB_HUBAVG,2025-08-14 10:00:00+00:00,23.700833333333332,37.907020568847656,30.395137786865234,48.994529724121094
Chronos2,2025-08-14 00:00:00+00:00,HB_HUBAVG,2025-08-14 11:00:00+00:00,29.351666666666663,41.07036209106445,31.793678283691406,53.74243927001953
Chronos2,2025-08-14 00:00:00+00:00,HB_HUBAVG,2025-08-14 12:00:00+00:00,25.2775,35.85617446899414,27.769088745117188,47.718101501464844
Chronos2,2025-08-14 00:00:00+00:00,HB_HUBAVG,2025-08-14 13:00:00+00:00,19.64333333333333,28.48328399658203,22.04370880126953,37.88616180419922
Chronos2,2025-08-14 00:00:00+00:00,HB_HUBAVG,2025-08-14 14:00:00+00:00,19.62833333333333,27.577550888061523,21.380020141601562,36.63138961791992
Chronos2,2025-08-14 00:00:00+00:00,HB_HUBAVG,2025-08-14 15:00:00+00:00,24.67,28.72470474243164,22.504613876342773,37.55840301513672
Chronos2,2025-08-14 00:00:00+00:00,HB_HUBAVG,2025-08-14 16:00:00+00:00,29.71166666666667,32.98851776123047,26.284812927246094,44.68770980834961
Chronos2,2025-08-14 00:00:00+00:00,HB_HUBAVG,2025-08-14 17:00:00+00:00,40.34583333333333,35.96506881713867,27.896263122558594,50.36650085449219
Chronos2,2025-08-14 00:00:00+00:00,HB_HUBAVG,2025-08-14 18:00:00+00:00,48.805,37.752838134765625,28.225828170776367,55.126243591308594
Chronos2,2025-08-14 00:00:00+00:00,HB_HUBAVG,2025-08-14 19:00:00+00:00,36.51,39.468021392822266,28.381624221801758,61.651283264160156
Chronos2,2025-08-14 00:00:00+00:00,HB_HUBAVG,2025-08-14 20:00:00+00:00,42.64333333333334,42.17852020263672,29.30491065979004,70.24222564697266
Chronos2,2025-08-14 00:00:00+00:00,HB_HUBAVG,2025-08-14 21:00:00+00:00,42.40166666666666,41.671478271484375,28.338485717773438,70.43984985351562
Chronos2,2025-08-14 00:00:00+00:00,HB_HUBAVG,2025-08-14 22:00:00+00:00,38.97916666666666,43.05573272705078,28.5754337310791,74.97673034667969
Chronos2,2025-08-14 00:00:00+00:00,HB_HUBAVG,2025-08-14 23:00:00+00:00,44.6375,56.432838439941406,35.024600982666016,99.90692138671875
Chronos2,2025-08-14 00:00:00+00:00,HB_PAN,2025-08-14 00:00:00+00:00,66.71416666666667,85.54074096679688,52.72993469238281,123.65536499023438
Chronos2,2025-08-14 00:00:00+00:00,HB_PAN,2025-08-14 01:00:00+00:00,36.4025,70.98890686035156,35.73870086669922,110.00702667236328
Chronos2,2025-08-14 00:00:00+00:00,HB_PAN,2025-08-14 02:00:00+00:00,35.225,54.427452087402344,25.92245864868164,98.3976821899414
Chronos2,2025-08-14 00:00:00+00:00,HB_PAN,2025-08-14 03:00:00+00:00,23.2475,39.77740478515625,22.081012725830078,66.60162353515625
Chronos2,2025-08-14 00:00:00+00:00,HB_PAN,2025-08-14 04:00:00+00:00,20.47,35.00785827636719,20.872587203979492,54.24365234375
Chronos2,2025-08-14 00:00:00+00:00,HB_PAN,2025-08-14 05:00:00+00:00,18.3175,33.486114501953125,19.838645935058594,52.12118911743164
Chronos2,2025-08-14 00:00:00+00:00,HB_PAN,2025-08-14 06:00:00+00:00,17.9925,32.82460403442383,19.304428100585938,51.780975341796875
Chronos2,2025-08-14 00:00:00+00:00,HB_PAN,2025-08-14 07:00:00+00:00,21.370833333333337,33.02677536010742,20.405864715576172,50.4443244934082
Chronos2,2025-08-14 00:00:00+00:00,HB_PAN,2025-08-14 08:00:00+00:00,22.105,34.212242126464844,21.856311798095703,49.50592803955078
Chronos2,2025-08-14 00:00:00+00:00,HB_PAN,2025-08-14 09:00:00+00:00,23.06083333333333,35.40343475341797,22.03184700012207,52.63942337036133
Chronos2,2025-08-14 00:00:00+00:00,HB_PAN,2025-08-14 10:00:00+00:00,23.700833333333332,37.668479919433594,23.20208740234375,56.17396545410156
Chronos2,2025-08-14 00:00:00+00:00,HB_PAN,2025-08-14 11:00:00+00:00,29.351666666666663,40.631954193115234,25.000717163085938,59.779380798339844
Chronos2,2025-08-14 00:00:00+00:00,HB_PAN,2025-08-14 12:00:00+00:00,25.2775,38.93004608154297,24.217283248901367,57.269020080566406
Chronos2,2025-08-14 00:00:00+00:00,HB_PAN,2025-08-14 13:00:00+00:00,19.64333333333333,34.57453918457031,20.653635025024414,51.96371078491211
Chronos2,2025-08-14 00:00:00+00:00,HB_PAN,2025-08-14 14:00:00+00:00,19.578333333333333,32.26189041137695,19.26612091064453,49.18296813964844
Chronos2,2025-08-14 00:00:00+00:00,HB_PAN,2025-08-14 15:00:00+00:00,23.31875,32.31071090698242,19.576534271240234,47.15416717529297
Chronos2,2025-08-14 00:00:00+00:00,HB_PAN,2025-08-14 16:00:00+00:00,27.059166666666663,33.44532012939453,20.014848709106445,50.735145568847656
Chronos2,2025-08-14 00:00:00+00:00,HB_PAN,2025-08-14 17:00:00+00:00,34.575,34.381675720214844,20.128265380859375,52.246002197265625
Chronos2,2025-08-14 00:00:00+00:00,HB_PAN,2025-08-14 18:00:00+00:00,40.755,34.5987434387207,18.83097267150879,55.07933044433594
Chronos2,2025-08-14 00:00:00+00:00,HB_PAN,2025-08-14 19:00:00+00:00,30.890833333333333,35.232574462890625,17.826459884643555,60.030059814453125
Chronos2,2025-08-14 00:00:00+00:00,HB_PAN,2025-08-14 20:00:00+00:00,30.8075,37.01136016845703,18.541200637817383,65.31317138671875
Chronos2,2025-08-14 00:00:00+00:00,HB_PAN,2025-08-14 21:00:00+00:00,33.8125,38.61357116699219,17.801855087280273,71.40077209472656
Chronos2,2025-08-14 00:00:00+00:00,HB_PAN,2025-08-14 22:00:00+00:00,28.0925,39.92948913574219,15.654250144958496,81.39715576171875
Chronos2,2025-08-14 00:00:00+00:00,HB_PAN,2025-08-14 23:00:00+00:00,42.3025,50.59904479980469,19.12275505065918,102.01121520996094
Chronos2,2025-08-14 00:00:00+00:00,LZ_WEST,2025-08-14 00:00:00+00:00,77.68249999999999,86.02043914794922,67.10911560058594,107.08424377441406
Chronos2,2025-08-14 00:00:00+00:00,LZ_WEST,2025-08-14 01:00:00+00:00,62.9425,85.22554016113281,65.09783935546875,107.51394653320312
Chronos2,2025-08-14 00:00:00+00:00,LZ_WEST,2025-08-14 02:00:00+00:00,60.806666666666665,81.19169616699219,63.670379638671875,102.92739868164062
Chronos2,2025-08-14 00:00:00+00:00,LZ_WEST,2025-08-14 03:00:00+00:00,50.07749999999999,74.07331848144531,56.796974182128906,94.2142333984375
Chronos2,2025-08-14 00:00:00+00:00,LZ_WEST,2025-08-14 04:00:00+00:00,44.89333333333334,70.64815521240234,54.19790267944336,89.52592468261719
Chronos2,2025-08-14 00:00:00+00:00,LZ_WEST,2025-08-14 05:00:00+00:00,42.751666666666665,69.82768249511719,54.48731994628906,87.8703384399414
Chronos2,2025-08-14 00:00:00+00:00,LZ_WEST,2025-08-14 06:00:00+00:00,37.58166666666667,68.35204315185547,53.1827392578125,86.09378051757812
Chronos2,2025-08-14 00:00:00+00:00,LZ_WEST,2025-08-14 07:00:00+00:00,27.05666666666667,67.19793701171875,51.90208435058594,85.42634582519531
Chronos2,2025-08-14 00:00:00+00:00,LZ_WEST,2025-08-14 08:00:00+00:00,22.105,64.01234436035156,47.2626838684082,83.81969451904297
Chronos2,2025-08-14 00:00:00+00:00,LZ_WEST,2025-08-14 09:00:00+00:00,23.06083333333333,64.62488555908203,47.54145050048828,85.58628845214844
Chronos2,2025-08-14 00:00:00+00:00,LZ_WEST,2025-08-14 10:00:00+00:00,23.700833333333332,65.2727279663086,47.83469009399414,86.78820037841797
Chronos2,2025-08-14 00:00:00+00:00,LZ_WEST,2025-08-14 11:00:00+00:00,29.351666666666663,63.23539733886719,45.57170104980469,84.45487976074219
Chronos2,2025-08-14 00:00:00+00:00,LZ_WEST,2025-08-14 12:00:00+00:00,25.290000000000003,51.32402038574219,33.95069885253906,71.3031234741211
Chronos2,2025-08-14 00:00:00+00:00,LZ_WEST,2025-08-14 13:00:00+00:00,19.696666666666665,33.753173828125,20.1076717376709,51.897891998291016
Chronos2,2025-08-14 00:00:00+00:00,LZ_WEST,2025-08-14 14:00:00+00:00,19.589166666666667,30.706790924072266,17.76247787475586,47.39625930786133
Chronos2,2025-08-14 00:00:00+00:00,LZ_WEST,2025-08-14 15:00:00+00:00,23.763333333333335,30.698183059692383,17.447711944580078,46.91850662231445
Chronos2,2025-08-14 00:00:00+00:00,LZ_WEST,2025-08-14 16:00:00+00:00,27.9375,32.040706634521484,18.945356369018555,49.30064392089844
Chronos2,2025-08-14 00:00:00+00:00,LZ_WEST,2025-08-14 17:00:00+00:00,36.6575,31.954818725585938,18.497880935668945,50.45612335205078
Chronos2,2025-08-14 00:00:00+00:00,LZ_WEST,2025-08-14 18:00:00+00:00,43.71666666666667,31.917156219482422,17.28438377380371,54.216819763183594
Chronos2,2025-08-14 00:00:00+00:00,LZ_WEST,2025-08-14 19:00:00+00:00,32.02916666666667,33.15059280395508,15.680656433105469,59.10355758666992
Chronos2,2025-08-14 00:00:00+00:00,LZ_WEST,2025-08-14 20:00:00+00:00,34.221666666666664,34.17396926879883,14.527191162109375,67.73786163330078
Chronos2,2025-08-14 00:00:00+00:00,LZ_WEST,2025-08-14 21:00:00+00:00,37.92,36.405330657958984,15.207983016967773,69.10548400878906
Chronos2,2025-08-14 00:00:00+00:00,LZ_WEST,2025-08-14 22:00:00+00:00,38.0875,39.47160339355469,17.79408836364746,70.80494689941406
Chronos2,2025-08-14 00:00:00+00:00,LZ_WEST,2025-08-14 23:00:00+00:00,45.635,54.677490234375,31.90696907043457,82.58059692382812
Chronos2,2025-08-15 00:00:00+00:00,HB_HUBAVG,2025-08-15 00:00:00+00:00,90.88083333333331,57.849056243896484,45.283721923828125,77.64253234863281
Chronos2,2025-08-15 00:00:00+00:00,HB_HUBAVG,2025-08-15 01:00:00+00:00,64.40583333333333,50.76898956298828,39.20399856567383,70.83720397949219
Chronos2,2025-08-15 00:00:00+00:00,HB_HUBAVG,2025-08-15 02:00:00+00:00,54.38916666666666,40.96499252319336,32.716304779052734,56.138160705566406
Chronos2,2025-08-15 00:00:00+00:00,HB_HUBAVG,2025-08-15 03:00:00+00:00,32.255,32.808502197265625,27.414634704589844,42.37373352050781
Chronos2,2025-08-15 00:00:00+00:00,HB_HUBAVG,2025-08-15 04:00:00+00:00,27.72666666666667,29.04340362548828,24.779983520507812,36.13932800292969
Chronos2,2025-08-15 00:00:00+00:00,HB_HUBAVG,2025-08-15 05:00:00+00:00,27.89916666666667,26.947702407836914,23.262033462524414,32.51656723022461
Chronos2,2025-08-15 00:00:00+00:00,HB_HUBAVG,2025-08-15 06:00:00+00:00,25.578333333333333,25.879789352416992,22.286331176757812,31.147769927978516
Chronos2,2025-08-15 00:00:00+00:00,HB_HUBAVG,2025-08-15 07:00:00+00:00,24.736666666666665,24.698348999023438,21.381790161132812,29.60187339782715
Chronos2,2025-08-15 00:00:00+00:00,HB_HUBAVG,2025-08-15 08:00:00+00:00,24.124166666666667,23.104572296142578,19.306604385375977,27.84239387512207
Chronos2,2025-08-15 00:00:00+00:00,HB_HUBAVG,2025-08-15 09:00:00+00:00,24.433333333333337,23.009510040283203,19.334041595458984,28.381736755371094
Chronos2,2025-08-15 00:00:00+00:00,HB_HUBAVG,2025-08-15 10:00:00+00:00,30.87833333333333,24.307661056518555,20.090328216552734,30.27466583251953
Chronos2,2025-08-15 00:00:00+00:00,HB_HUBAVG,2025-08-15 11:00:00+00:00,41.04583333333333,25.491552352905273,20.659608840942383,32.878639221191406
Chronos2,2025-08-15 00:00:00+00:00,HB_HUBAVG,2025-08-15 12:00:00+00:00,29.75333333333333,22.70334243774414,17.95253562927246,29.705055236816406
Chronos2,2025-08-15 00:00:00+00:00,HB_HUBAVG,2025-08-15 13:00:00+00:00,20.684166666666663,17.705127716064453,13.715206146240234,23.51971435546875
Chronos2,2025-08-15 00:00:00+00:00,HB_HUBAVG,2025-08-15 14:00:00+00:00,17.461666666666666,16.707578659057617,12.68974494934082,22.876890182495117
Chronos2,2025-08-15 00:00:00+00:00,HB_HUBAVG,2025-08-15 15:00:00+00:00,19.230833333333333,17.387676239013672,13.242654800415039,23.695049285888672
Chronos2,2025-08-15 00:00:00+00:00,HB_HUBAVG,2025-08-15 16:00:00+00:00,26.02583333333333,20.044898986816406,15.484851837158203,30.481639862060547
Chronos2,2025-08-15 00:00:00+00:00,HB_HUBAVG,2025-08-15 17:00:00+00:00,25.57333333333333,23.226280212402344,17.444326400756836,36.71588897705078
Chronos2,2025-08-15 00:00:00+00:00,HB_HUBAVG,2025-08-15 18:00:00+00:00,23.63416666666667,24.924835205078125,18.31995391845703,40.95522689819336
Chronos2,2025-08-15 00:00:00+00:00,HB_HUBAVG,2025-08-15 19:00:00+00:00,31.60083333333333,26.03257179260254,18.655399322509766,43.55019760131836
Chronos2,2025-08-15 00:00:00+00:00,HB_HUBAVG,2025-08-15 20:00:00+00:00,32.57833333333333,27.200881958007812,18.96136474609375,49.05893325805664
Chronos2,2025-08-15 00:00:00+00:00,HB_HUBAVG,2025-08-15 21:00:00+00:00,25.53833333333333,26.858226776123047,18.626920700073242,46.51030349731445
Chronos2,2025-08-15 00:00:00+00:00,HB_HUBAVG,2025-08-15 22:00:00+00:00,29.02583333333333,27.901206970214844,19.329547882080078,47.76991653442383
Chronos2,2025-08-15 00:00:00+00:00,HB_HUBAVG,2025-08-15 23:00:00+00:00,42.2725,35.91400909423828,24.922380447387695,60.25422668457031
Chronos2,2025-08-15 00:00:00+00:00,HB_PAN,2025-08-15 00:00:00+00:00,91.5575,56.59101867675781,36.29070281982422,88.06085968017578
Chronos2,2025-08-15 00:00:00+00:00,HB_PAN,2025-08-15 01:00:00+00:00,53.44083333333333,37.28858184814453,19.91128158569336,67.67414855957031
Chronos2,2025-08-15 00:00:00+00:00,HB_PAN,2025-08-15 02:00:00+00:00,30.234166666666667,26.859769821166992,12.199581146240234,53.246429443359375
Chronos2,2025-08-15 00:00:00+00:00,HB_PAN,2025-08-15 03:00:00+00:00,16.826666666666668,23.721065521240234,11.513288497924805,43.642364501953125
Chronos2,2025-08-15 00:00:00+00:00,HB_PAN,2025-08-15 04:00:00+00:00,14.36,22.684478759765625,11.536500930786133,37.840721130371094
Chronos2,2025-08-15 00:00:00+00:00,HB_PAN,2025-08-15 05:00:00+00:00,17.605833333333333,23.23110008239746,12.67237663269043,37.4859504699707
Chronos2,2025-08-15 00:00:00+00:00,HB_PAN,2025-08-15 06:00:00+00:00,16.893333333333334,23.459131240844727,12.897404670715332,37.172298431396484
Chronos2,2025-08-15 00:00:00+00:00,HB_PAN,2025-08-15 07:00:00+00:00,19.56083333333333,23.856000900268555,13.611102104187012,36.99610900878906
Chronos2,2025-08-15 00:00:00+00:00,HB_PAN,2025-08-15 08:00:00+00:00,23.2575,24.553081512451172,14.647314071655273,36.302833557128906
Chronos2,2025-08-15 00:00:00+00:00,HB_PAN,2025-08-15 09:00:00+00:00,23.8975,26.40856170654297,16.646169662475586,38.19147491455078
Chronos2,2025-08-15 00:00:00+00:00,HB_PAN,2025-08-15 10:00:00+00:00,21.111666666666668,29.690473556518555,19.17201042175293,42.33032989501953
Chronos2,2025-08-15 00:00:00+00:00,HB_PAN,2025-08-15 11:00:00+00:00,26.704166666666666,32.679405212402344,20.68052101135254,46.644805908203125
Chronos2,2025-08-15 00:00:00+00:00,HB_PAN,2025-08-15 12:00:00+00:00,26.5525,29.69300651550293,18.084758758544922,42.899322509765625
Chronos2,2025-08-15 00:00:00+00:00,HB_PAN,2025-08-15 13:00:00+00:00,20.38083333333333,22.72313117980957,12.229701042175293,34.0360107421875
Chronos2,2025-08-15 00:00:00+00:00,HB_PAN,2025-08-15 14:00:00+00:00,16.341666666666665,20.886287689208984,10.283857345581055,32.59761047363281
Chronos2,2025-08-15 00:00:00+00:00,HB_PAN,2025-08-15 15:00:00+00:00,16.503333333333334,21.241830825805664,10.462639808654785,32.94218063354492
Chronos2,2025-08-15 00:00:00+00:00,HB_PAN,2025-08-15 16:00:00+00:00,19.67,23.70681381225586,12.854889869689941,37.19212341308594
Chronos2,2025-08-15 00:00:00+00:00,HB_PAN,2025-08-15 17:00:00+00:00,19.68916666666667,25.95361328125,13.707243919372559,41.739437103271484
Chronos2,2025-08-15 00:00:00+00:00,HB_PAN,2025-08-15 18:00:00+00:00,17.19,26.198148727416992,12.532944679260254,43.740150451660156
Chronos2,2025-08-15 00:00:00+00:00,HB_PAN,2025-08-15 19:00:00+00:00,20.695,26.6002254486084,11.648368835449219,47.206581115722656
Chronos2,2025-08-15 00:00:00+00:00,HB_PAN,2025-08-15 20:00:00+00:00,22.1475,27.190114974975586,11.821308135986328,49.335105895996094
Chronos2,2025-08-15 00:00:00+00:00,HB_PAN,2025-08-15 21:00:00+00:00,19.096666666666668,28.088361740112305,11.370108604431152,51.54545593261719
Chronos2,2025-08-15 00:00:00+00:00,HB_PAN,2025-08-15 22:00:00+00:00,18.444166666666668,28.077896118164062,10.435399055480957,53.299232482910156
Chronos2,2025-08-15 00:00:00+00:00,HB_PAN,2025-08-15 23:00:00+00:00,18.155,35.81172180175781,13.079251289367676,73.45429229736328
Chronos2,2025-08-15 00:00:00+00:00,LZ_WEST,2025-08-15 00:00:00+00:00,93.3825,71.32962036132812,51.42957305908203,95.83364868164062
Chronos2,2025-08-15 00:00:00+00:00,LZ_WEST,2025-08-15 01:00:00+00:00,73.57666666666667,70.97463989257812,50.90366744995117,94.17032623291016
Chronos2,2025-08-15 00:00:00+00:00,LZ_WEST,2025-08-15 02:00:00+00:00,82.9075,68.36201477050781,49.91666030883789,90.69364166259766
Chronos2,2025-08-15 00:00:00+00:00,LZ_WEST,2025-08-15 03:00:00+00:00,53.46416666666667,62.46181106567383,46.064483642578125,83.1271743774414
Chronos2,2025-08-15 00:00:00+00:00,LZ_WEST,2025-08-15 04:00:00+00:00,44.73166666666666,58.10133361816406,42.5452880859375,77.80952453613281
Chronos2,2025-08-15 00:00:00+00:00,LZ_WEST,2025-08-15 05:00:00+00:00,41.57916666666667,54.883277893066406,38.70445251464844,74.13407135009766
Chronos2,2025-08-15 00:00:00+00:00,LZ_WEST,2025-08-15 06:00:00+00:00,38.575,52.778114318847656,36.27775192260742,72.35881805419922
Chronos2,2025-08-15 00:00:00+00:00,LZ_WEST,2025-08-15 07:00:00+00:00,42.38166666666667,49.02229309082031,32.606388092041016,68.88220977783203
Chronos2,2025-08-15 00:00:00+00:00,LZ_WEST,2025-08-15 08:00:00+00:00,31.23,41.387332916259766,25.809066772460938,62.26245880126953
Chronos2,2025-08-15 00:00:00+00:00,LZ_WEST,2025-08-15 09:00:00+00:00,25.486666666666665,38.1561393737793,23.122875213623047,59.737060546875
Chronos2,2025-08-15 00:00:00+00:00,LZ_WEST,2025-08-15 10:00:00+00:00,48.435,36.5970458984375,22.018232345581055,57.27544403076172
Chronos2,2025-08-15 00:00:00+00:00,LZ_WEST,2025-08-15 11:00:00+00:00,66.46416666666666,32.0994873046875,18.421615600585938,52.01559829711914
Chronos2,2025-08-15 00:00:00+00:00,LZ_WEST,2025-08-15 12:00:00+00:00,35.36,24.344013214111328,14.15119743347168,41.2225227355957
Chronos2,2025-08-15 00:00:00+00:00,LZ_WEST,2025-08-15 13:00:00+00:00,21.129166666666663,17.770427703857422,10.151618957519531,28.803537368774414
Chronos2,2025-08-15 00:00:00+00:00,LZ_WEST,2025-08-15 14:00:00+00:00,15.6275,16.185630798339844,9.57382583618164,25.6051025390625
Chronos2,2025-08-15 00:00:00+00:00,LZ_WEST,2025-08-15 15:00:00+00:00,15.86,15.971302032470703,9.382072448730469,24.503726959228516
Chronos2,2025-08-15 00:00:00+00:00,LZ_WEST,2025-08-15 16:00:00+00:00,20.52833333333333,14.297542572021484,7.291934967041016,24.679288864135742
Chronos2,2025-08-15 00:00:00+00:00,LZ_WEST,2025-08-15 17:00:00+00:00,19.171666666666667,14.923763275146484,7.423603057861328,25.48761749267578
Chronos2,2025-08-15 00:00:00+00:00,LZ_WEST,2025-08-15 18:00:00+00:00,15.766666666666666,14.371946334838867,6.350795745849609,29.09828758239746
Chronos2,2025-08-15 00:00:00+00:00,LZ_WEST,2025-08-15 19:00:00+00:00,21.2625,14.128215789794922,5.8564910888671875,31.206317901611328
Chronos2,2025-08-15 00:00:00+00:00,LZ_WEST,2025-08-15 20:00:00+00:00,24.44083333333333,13.514280319213867,5.012805938720703,34.37141418457031
Chronos2,2025-08-15 00:00:00+00:00,LZ_WEST,2025-08-15 21:00:00+00:00,17.898333333333333,14.093084335327148,4.816139221191406,37.36061477661133
Chronos2,2025-08-15 00:00:00+00:00,LZ_WEST,2025-08-15 22:00:00+00:00,27.48,14.687334060668945,4.008602142333984,37.87794494628906
Chronos2,2025-08-15 00:00:00+00:00,LZ_WEST,2025-08-15 23:00:00+00:00,66.365,24.3785400390625,8.64248275756836,55.16341018676758
Chronos2,2025-08-16 00:00:00+00:00,HB_HUBAVG,2025-08-16 00:00:00+00:00,54.34583333333333,52.22295379638672,39.159278869628906,69.2918701171875
Chronos2,2025-08-16 00:00:00+00:00,HB_HUBAVG,2025-08-16 01:00:00+00:00,58.03333333333333,43.74153518676758,32.765838623046875,60.38282775878906
Chronos2,2025-08-16 00:00:00+00:00,HB_HUBAVG,2025-08-16 02:00:00+00:00,56.75333333333333,37.368988037109375,28.9139347076416,49.506980895996094
Chronos2,2025-08-16 00:00:00+00:00,HB_HUBAVG,2025-08-16 03:00:00+00:00,41.70916666666667,28.28061294555664,22.98197364807129,34.868370056152344
Chronos2,2025-08-16 00:00:00+00:00,HB_HUBAVG,2025-08-16 04:00:00+00:00,30.079166666666666,25.34797477722168,20.87218475341797,31.159467697143555
Chronos2,2025-08-16 00:00:00+00:00,HB_HUBAVG,2025-08-16 05:00:00+00:00,27.5025,23.884674072265625,19.61229705810547,29.22172737121582
Chronos2,2025-08-16 00:00:00+00:00,HB_HUBAVG,2025-08-16 06:00:00+00:00,22.811666666666667,22.683944702148438,18.711774826049805,27.79159927368164
Chronos2,2025-08-16 00:00:00+00:00,HB_HUBAVG,2025-08-16 07:00:00+00:00,22.37333333333333,22.561721801757812,18.62734603881836,27.697399139404297
Chronos2,2025-08-16 00:00:00+00:00,HB_HUBAVG,2025-08-16 08:00:00+00:00,21.725833333333338,21.779346466064453,17.230690002441406,26.856836318969727
Chronos2,2025-08-16 00:00:00+00:00,HB_HUBAVG,2025-08-16 09:00:00+00:00,22.3175,21.90357208251953,17.23862648010254,27.99660873413086
Chronos2,2025-08-16 00:00:00+00:00,HB_HUBAVG,2025-08-16 10:00:00+00:00,27.095,23.667469024658203,17.886730194091797,31.00608253479004
Chronos2,2025-08-16 00:00:00+00:00,HB_HUBAVG,2025-08-16 11:00:00+00:00,30.008333333333336,26.98076629638672,20.176021575927734,37.53369140625
Chronos2,2025-08-16 00:00:00+00:00,HB_HUBAVG,2025-08-16 12:00:00+00:00,29.6575,22.737308502197266,16.84715461730957,30.61077880859375
Chronos2,2025-08-16 00:00:00+00:00,HB_HUBAVG,2025-08-16 13:00:00+00:00,22.016666666666666,16.46142578125,11.909053802490234,22.655790328979492
Chronos2,2025-08-16 00:00:00+00:00,HB_HUBAVG,2025-08-16 14:00:00+00:00,19.87,15.010456085205078,10.270692825317383,21.086620330810547
Chronos2,2025-08-16 00:00:00+00:00,HB_HUBAVG,2025-08-16 15:00:00+00:00,20.1925,15.879228591918945,11.242835998535156,21.592266082763672
Chronos2,2025-08-16 00:00:00+00:00,HB_HUBAVG,2025-08-16 16:00:00+00:00,25.359166666666667,19.80853271484375,13.947940826416016,28.589162826538086
Chronos2,2025-08-16 00:00:00+00:00,HB_HUBAVG,2025-08-16 17:00:00+00:00,26.263333333333332,24.322998046875,16.704660415649414,35.72576141357422
Chronos2,2025-08-16 00:00:00+00:00,HB_HUBAVG,2025-08-16 18:00:00+00:00,36.60916666666667,26.420686721801758,17.747211456298828,39.89881134033203
Chronos2,2025-08-16 00:00:00+00:00,HB_HUBAVG,2025-08-16 19:00:00+00:00,39.329166666666666,29.09823226928711,19.246173858642578,45.04106140136719
Chronos2,2025-08-16 00:00:00+00:00,HB_HUBAVG,2025-08-16 20:00:00+00:00,43.905,31.07087516784668,20.654170989990234,47.674591064453125
Chronos2,2025-08-16 00:00:00+00:00,HB_HUBAVG,2025-08-16 21:00:00+00:00,42.99,30.713422775268555,19.953405380249023,48.35028076171875
Chronos2,2025-08-16 00:00:00+00:00,HB_HUBAVG,2025-08-16 22:00:00+00:00,40.32583333333333,31.74612045288086,20.434194564819336,49.57708740234375
Chronos2,2025-08-16 00:00:00+00:00,HB_HUBAVG,2025-08-16 23:00:00+00:00,49.67250000000001,39.40592575073242,25.583450317382812,64.02606964111328
Chronos2,2025-08-16 00:00:00+00:00,HB_PAN,2025-08-16 00:00:00+00:00,39.77666666666666,20.608640670776367,10.494895935058594,37.56554412841797
Chronos2,2025-08-16 00:00:00+00:00,HB_PAN,2025-08-16 01:00:00+00:00,46.34833333333333,14.69268798828125,2.3923683166503906,32.0088996887207
Chronos2,2025-08-16 00:00:00+00:00,HB_PAN,2025-08-16 02:00:00+00:00,23.421666666666667,11.035213470458984,0.6745471954345703,25.381498336791992
Chronos2,2025-08-16 00:00:00+00:00,HB_PAN,2025-08-16 03:00:00+00:00,7.075833333333333,10.42879867553711,1.491800308227539,21.33382797241211
Chronos2,2025-08-16 00:00:00+00:00,HB_PAN,2025-08-16 04:00:00+00:00,3.061666666666667,11.209321975708008,2.7399940490722656,20.411815643310547
Chronos2,2025-08-16 00:00:00+00:00,HB_PAN,2025-08-16 05:00:00+00:00,6.950833333333333,12.397588729858398,4.963047027587891,20.090715408325195
Chronos2,2025-08-16 00:00:00+00:00,HB_PAN,2025-08-16 06:00:00+00:00,15.518333333333333,13.8836669921875,7.0202178955078125,20.682538986206055
Chronos2,2025-08-16 00:00:00+00:00,HB_PAN,2025-08-16 07:00:00+00:00,18.5025,14.87934684753418,8.313764572143555,21.399394989013672
Chronos2,2025-08-16 00:00:00+00:00,HB_PAN,2025-08-16 08:00:00+00:00,20.438333333333333,15.684001922607422,8.801980972290039,22.012859344482422
Chronos2,2025-08-16 00:00:00+00:00,HB_PAN,2025-08-16 09:00:00+00:00,20.536666666666665,16.62197494506836,9.712224960327148,23.513174057006836
Chronos2,2025-08-16 00:00:00+00:00,HB_PAN,2025-08-16 10:00:00+00:00,16.68916666666667,17.77668571472168,10.916448593139648,24.754344940185547
Chronos2,2025-08-16 00:00:00+00:00,HB_PAN,2025-08-16 11:00:00+00:00,14.1875,19.685123443603516,12.373353004455566,27.310657501220703
Chronos2,2025-08-16 00:00:00+00:00,HB_PAN,2025-08-16 12:00:00+00:00,9.155,18.726696014404297,11.065227508544922,25.996219635009766
Chronos2,2025-08-16 00:00:00+00:00,HB_PAN,2025-08-16 13:00:00+00:00,16.274166666666666,15.001708984375,7.297008514404297,22.527864456176758
Chronos2,2025-08-16 00:00:00+00:00,HB_PAN,2025-08-16 14:00:00+00:00,18.8875,13.119843482971191,5.059000015258789,21.467674255371094
Chronos2,2025-08-16 00:00:00+00:00,HB_PAN,2025-08-16 15:00:00+00:00,20.22083333333333,13.014650344848633,4.581027984619141,22.02910614013672
Chronos2,2025-08-16 00:00:00+00:00,HB_PAN,2025-08-16 16:00:00+00:00,25.375833333333333,15.926499366760254,7.504920959472656,25.57833480834961
Chronos2,2025-08-16 00:00:00+00:00,HB_PAN,2025-08-16 17:00:00+00:00,26.263333333333332,17.404773712158203,8.351795196533203,28.022733688354492
Chronos2,2025-08-16 00:00:00+00:00,HB_PAN,2025-08-16 18:00:00+00:00,36.50083333333333,18.48979949951172,8.499011993408203,30.36325454711914
Chronos2,2025-08-16 00:00:00+00:00,HB_PAN,2025-08-16 19:00:00+00:00,38.46333333333333,19.645702362060547,8.631555557250977,34.05889892578125
Chronos2,2025-08-16 00:00:00+00:00,HB_PAN,2025-08-16 20:00:00+00:00,40.85833333333333,20.606456756591797,8.74781608581543,37.04192352294922
Chronos2,2025-08-16 00:00:00+00:00,HB_PAN,2025-08-16 21:00:00+00:00,30.7175,20.452058792114258,7.636922836303711,39.70640563964844
Chronos2,2025-08-16 00:00:00+00:00,HB_PAN,2025-08-16 22:00:00+00:00,17.175,20.59505844116211,7.236278533935547,39.668025970458984
Chronos2,2025-08-16 00:00:00+00:00,HB_PAN,2025-08-16 23:00:00+00:00,16.875833333333333,24.571523666381836,8.690803527832031,50.68873596191406
Chronos2,2025-08-16 00:00:00+00:00,LZ_WEST,2025-08-16 00:00:00+00:00,62.99166666666667,71.64128112792969,56.16819381713867,88.08126068115234
Chronos2,2025-08-16 00:00:00+00:00,LZ_WEST,2025-08-16 01:00:00+00:00,66.0025,67.35354614257812,50.370662689208984,84.39263916015625
Chronos2,2025-08-16 00:00:00+00:00,LZ_WEST,2025-08-16 02:00:00+00:00,81.72583333333334,65.31285858154297,49.47222137451172,82.08590698242188
Chronos2,2025-08-16 00:00:00+00:00,LZ_WEST,2025-08-16 03:00:00+00:00,80.735,58.26588821411133,42.14310836791992,74.69451904296875
Chronos2,2025-08-16 00:00:00+00:00,LZ_WEST,2025-08-16 04:00:00+00:00,60.77166666666667,56.62009811401367,40.45878982543945,73.45780944824219
Chronos2,2025-08-16 00:00:00+00:00,LZ_WEST,2025-08-16 05:00:00+00:00,62.82916666666667,55.93437957763672,38.73772048950195,73.08717346191406
Chronos2,2025-08-16 00:00:00+00:00,LZ_WEST,2025-08-16 06:00:00+00:00,40.4525,51.43611526489258,33.04724884033203,69.89881896972656
Chronos2,2025-08-16 00:00:00+00:00,LZ_WEST,2025-08-16 07:00:00+00:00,33.61666666666667,52.2438850402832,32.789302825927734,70.99810028076172
Chronos2,2025-08-16 00:00:00+00:00,LZ_WEST,2025-08-16 08:00:00+00:00,24.10833333333333,50.021297454833984,29.78129005432129,70.28096008300781
Chronos2,2025-08-16 00:00:00+00:00,LZ_WEST,2025-08-16 09:00:00+00:00,25.59583333333333,49.982582092285156,30.031421661376953,69.86738586425781
Chronos2,2025-08-16 00:00:00+00:00,LZ_WEST,2025-08-16 10:00:00+00:00,46.10916666666666,52.69615936279297,33.64433288574219,72.35296630859375
Chronos2,2025-08-16 00:00:00+00:00,LZ_WEST,2025-08-16 11:00:00+00:00,58.939166666666665,53.33600997924805,35.49864959716797,72.14041900634766
Chronos2,2025-08-16 00:00:00+00:00,LZ_WEST,2025-08-16 12:00:00+00:00,67.01166666666667,39.85239028930664,22.406042098999023,57.04854965209961
Chronos2,2025-08-16 00:00:00+00:00,LZ_WEST,2025-08-16 13:00:00+00:00,31.97083333333333,17.641401290893555,6.167346954345703,32.121315002441406
Chronos2,2025-08-16 00:00:00+00:00,LZ_WEST,2025-08-16 14:00:00+00:00,20.88,14.87785530090332,3.820331573486328,28.15791130065918
Chronos2,2025-08-16 00:00:00+00:00,LZ_WEST,2025-08-16 15:00:00+00:00,20.46333333333333,15.040618896484375,4.68731689453125,26.99928855895996
Chronos2,2025-08-16 00:00:00+00:00,LZ_WEST,2025-08-16 16:00:00+00:00,25.60833333333333,17.542774200439453,6.375980377197266,30.986141204833984
Chronos2,2025-08-16 00:00:00+00:00,LZ_WEST,2025-08-16 17:00:00+00:00,26.263333333333332,19.5252685546875,6.966358184814453,35.79800033569336
Chronos2,2025-08-16 00:00:00+00:00,LZ_WEST,2025-08-16 18:00:00+00:00,36.595,21.43029022216797,7.5334625244140625,38.69424057006836
Chronos2,2025-08-16 00:00:00+00:00,LZ_WEST,2025-08-16 19:00:00+00:00,38.740833333333335,23.45573616027832,8.203865051269531,43.19022750854492
Chronos2,2025-08-16 00:00:00+00:00,LZ_WEST,2025-08-16 20:00:00+00:00,43.8375,24.935123443603516,8.808418273925781,47.547367095947266
Chronos2,2025-08-16 00:00:00+00:00,LZ_WEST,2025-08-16 21:00:00+00:00,49.54750000000001,26.873807907104492,8.762763977050781,50.65473937988281
Chronos2,2025-08-16 00:00:00+00:00,LZ_WEST,2025-08-16 22:00:00+00:00,66.56583333333333,27.134235382080078,8.047046661376953,50.71710968017578
Chronos2,2025-08-16 00:00:00+00:00,LZ_WEST,2025-08-16 23:00:00+00:00,87.28916666666667,44.395809173583984,23.005840301513672,67.16875457763672
Chronos2,2025-08-17 00:00:00+00:00,HB_HUBAVG,2025-08-17 00:00:00+00:00,69.07166666666667,61.86455154418945,47.77499008178711,82.1883544921875
Chronos2,2025-08-17 00:00:00+00:00,HB_HUBAVG,2025-08-17 01:00:00+00:00,69.97666666666667,54.53238296508789,40.6561164855957,74.42521667480469
Chronos2,2025-08-17 00:00:00+00:00,HB_HUBAVG,2025-08-17 02:00:00+00:00,71.80416666666666,46.00640869140625,35.37053298950195,63.21794128417969
Chronos2,2025-08-17 00:00:00+00:00,HB_HUBAVG,2025-08-17 03:00:00+00:00,39.53916666666667,33.42278289794922,27.134933471679688,43.179962158203125
Chronos2,2025-08-17 00:00:00+00:00,HB_HUBAVG,2025-08-17 04:00:00+00:00,34.69166666666667,29.175243377685547,24.440631866455078,36.367218017578125
Chronos2,2025-08-17 00:00:00+00:00,HB_HUBAVG,2025-08-17 05:00:00+00:00,35.910833333333336,28.038238525390625,23.78325843811035,33.855899810791016
Chronos2,2025-08-17 00:00:00+00:00,HB_HUBAVG,2025-08-17 06:00:00+00:00,32.155833333333334,26.94065284729004,23.182058334350586,32.40384292602539
Chronos2,2025-08-17 00:00:00+00:00,HB_HUBAVG,2025-08-17 07:00:00+00:00,27.9,26.24969482421875,22.57088851928711,31.31656265258789
Chronos2,2025-08-17 00:00:00+00:00,HB_HUBAVG,2025-08-17 08:00:00+00:00,25.058333333333337,25.8175106048584,21.714658737182617,30.47598648071289
Chronos2,2025-08-17 00:00:00+00:00,HB_HUBAVG,2025-08-17 09:00:00+00:00,23.18583333333333,26.3942928314209,22.242460250854492,31.981107711791992
Chronos2,2025-08-17 00:00:00+00:00,HB_HUBAVG,2025-08-17 10:00:00+00:00,22.493333333333336,29.315902709960938,23.975393295288086,35.894290924072266
Chronos2,2025-08-17 00:00:00+00:00,HB_HUBAVG,2025-08-17 11:00:00+00:00,22.0325,33.417728424072266,26.812774658203125,43.033164978027344
Chronos2,2025-08-17 00:00:00+00:00,HB_HUBAVG,2025-08-17 12:00:00+00:00,20.886666666666667,28.480945587158203,22.997482299804688,36.229827880859375
Chronos2,2025-08-17 00:00:00+00:00,HB_HUBAVG,2025-08-17 13:00:00+00:00,16.590833333333332,21.802688598632812,18.154958724975586,26.829256057739258
Chronos2,2025-08-17 00:00:00+00:00,HB_HUBAVG,2025-08-17 14:00:00+00:00,14.505,20.588092803955078,16.960603713989258,25.254104614257812
Chronos2,2025-08-17 00:00:00+00:00,HB_HUBAVG,2025-08-17 15:00:00+00:00,10.599166666666669,21.91931915283203,18.069814682006836,27.203842163085938
Chronos2,2025-08-17 00:00:00+00:00,HB_HUBAVG,2025-08-17 16:00:00+00:00,17.013333333333332,27.12492561340332,22.06783103942871,33.76321029663086
Chronos2,2025-08-17 00:00:00+00:00,HB_HUBAVG,2025-08-17 17:00:00+00:00,31.063333333333333,30.650949478149414,24.566143035888672,39.435386657714844
Chronos2,2025-08-17 00:00:00+00:00,HB_HUBAVG,2025-08-17 18:00:00+00:00,39.431666666666665,34.70370864868164,26.799846649169922,45.9347038269043
Chronos2,2025-08-17 00:00:00+00:00,HB_HUBAVG,2025-08-17 19:00:00+00:00,40.04,38.8580322265625,29.271785736083984,53.017852783203125
Chronos2,2025-08-17 00:00:00+00:00,HB_HUBAVG,2025-08-17 20:00:00+00:00,41.48416666666667,41.69811248779297,30.619029998779297,58.529518127441406
Chronos2,2025-08-17 00:00:00+00:00,HB_HUBAVG,2025-08-17 21:00:00+00:00,44.17333333333334,41.240562438964844,30.55415153503418,57.1632080078125
Chronos2,2025-08-17 00:00:00+00:00,HB_HUBAVG,2025-08-17 22:00:00+00:00,44.05833333333334,40.57853317260742,30.163421630859375,56.267311096191406
Chronos2,2025-08-17 00:00:00+00:00,HB_HUBAVG,2025-08-17 23:00:00+00:00,64.81166666666667,47.2271614074707,33.197078704833984,69.2342300415039
Chronos2,2025-08-17 00:00:00+00:00,HB_PAN,2025-08-17 00:00:00+00:00,60.75333333333334,23.758472442626953,12.280834197998047,46.35027313232422
Chronos2,2025-08-17 00:00:00+00:00,HB_PAN,2025-08-17 01:00:00+00:00,52.31666666666666,22.344871520996094,8.003568649291992,49.5181770324707
Chronos2,2025-08-17 00:00:00+00:00,HB_PAN,2025-08-17 02:00:00+00:00,48.76583333333334,17.087081909179688,5.80030632019043,37.659095764160156
Chronos2,2025-08-17 00:00:00+00:00,HB_PAN,2025-08-17 03:00:00+00:00,29.486666666666668,14.569441795349121,5.300365447998047,30.252168655395508
Chronos2,2025-08-17 00:00:00+00:00,HB_PAN,2025-08-17 04:00:00+00:00,24.39,15.852496147155762,6.996585845947266,28.671306610107422
Chronos2,2025-08-17 00:00:00+00:00,HB_PAN,2025-08-17 05:00:00+00:00,22.626666666666665,18.254215240478516,9.221338272094727,30.394840240478516
Chronos2,2025-08-17 00:00:00+00:00,HB_PAN,2025-08-17 06:00:00+00:00,19.755,21.712247848510742,12.172435760498047,33.4093132019043
Chronos2,2025-08-17 00:00:00+00:00,HB_PAN,2025-08-17 07:00:00+00:00,24.52833333333333,23.042022705078125,13.893332481384277,34.463356018066406
Chronos2,2025-08-17 00:00:00+00:00,HB_PAN,2025-08-17 08:00:00+00:00,17.5925,23.98662567138672,15.152291297912598,34.73336410522461
Chronos2,2025-08-17 00:00:00+00:00,HB_PAN,2025-08-17 09:00:00+00:00,20.03333333333333,24.635780334472656,16.113670349121094,35.00687026977539
Chronos2,2025-08-17 00:00:00+00:00,HB_PAN,2025-08-17 10:00:00+00:00,22.424166666666665,24.458293914794922,15.928244590759277,34.151161193847656
Chronos2,2025-08-17 00:00:00+00:00,HB_PAN,2025-08-17 11:00:00+00:00,22.0325,23.691360473632812,14.761932373046875,34.06690979003906
Chronos2,2025-08-17 00:00:00+00:00,HB_PAN,2025-08-17 12:00:00+00:00,20.886666666666667,21.620107650756836,12.872861862182617,31.585073471069336
Chronos2,2025-08-17 00:00:00+00:00,HB_PAN,2025-08-17 13:00:00+00:00,16.591666666666665,20.681392669677734,11.529962539672852,30.361186981201172
Chronos2,2025-08-17 00:00:00+00:00,HB_PAN,2025-08-17 14:00:00+00:00,13.831666666666663,21.27881622314453,12.278919219970703,31.513633728027344
Chronos2,2025-08-17 00:00:00+00:00,HB_PAN,2025-08-17 15:00:00+00:00,6.895,22.748096466064453,13.289159774780273,32.95891571044922
Chronos2,2025-08-17 00:00:00+00:00,HB_PAN,2025-08-17 16:00:00+00:00,11.410833333333334,25.234962463378906,16.971942901611328,35.41205978393555
Chronos2,2025-08-17 00:00:00+00:00,HB_PAN,2025-08-17 17:00:00+00:00,23.785833333333333,26.841047286987305,18.363142013549805,37.07085037231445
Chronos2,2025-08-17 00:00:00+00:00,HB_PAN,2025-08-17 18:00:00+00:00,28.20583333333333,29.130664825439453,19.086977005004883,42.250091552734375
Chronos2,2025-08-17 00:00:00+00:00,HB_PAN,2025-08-17 19:00:00+00:00,27.24,31.078044891357422,19.036476135253906,47.805328369140625
Chronos2,2025-08-17 00:00:00+00:00,HB_PAN,2025-08-17 20:00:00+00:00,26.879166666666663,31.896697998046875,19.593719482421875,49.96392822265625
Chronos2,2025-08-17 00:00:00+00:00,HB_PAN,2025-08-17 21:00:00+00:00,24.376666666666665,29.56853485107422,17.69759750366211,47.49409866333008
Chronos2,2025-08-17 00:00:00+00:00,HB_PAN,2025-08-17 22:00:00+00:00,6.525833333333334,26.228816986083984,13.894746780395508,45.0346794128418
Chronos2,2025-08-17 00:00:00+00:00,HB_PAN,2025-08-17 23:00:00+00:00,10.799166666666666,26.225526809692383,12.02369499206543,52.997283935546875
Chronos2,2025-08-17 00:00:00+00:00,LZ_WEST,2025-08-17 00:00:00+00:00,79.34333333333333,86.83460998535156,68.8757095336914,102.1923828125
Chronos2,2025-08-17 00:00:00+00:00,LZ_WEST,2025-08-17 01:00:00+00:00,80.24083333333333,80.34912109375,59.543914794921875,97.00872802734375
Chronos2,2025-08-17 00:00:00+00:00,LZ_WEST,2025-08-17 02:00:00+00:00,87.73833333333333,78.83595275878906,57.52621078491211,95.08899688720703
Chronos2,2025-08-17 00:00:00+00:00,LZ_WEST,2025-08-17 03:00:00+00:00,56.90916666666666,69.38737487792969,49.80284118652344,86.72164916992188
Chronos2,2025-08-17 00:00:00+00:00,LZ_WEST,2025-08-17 04:00:00+00:00,53.1875,64.88916778564453,46.7713737487793,82.06825256347656
Chronos2,2025-08-17 00:00:00+00:00,LZ_WEST,2025-08-17 05:00:00+00:00,59.403333333333336,63.27099609375,45.299095153808594,80.21473693847656
Chronos2,2025-08-17 00:00:00+00:00,LZ_WEST,2025-08-17 06:00:00+00:00,59.98166666666666,56.844749450683594,39.380035400390625,74.10107421875
Chronos2,2025-08-17 00:00:00+00:00,LZ_WEST,2025-08-17 07:00:00+00:00,52.281666666666666,53.23933410644531,34.80883026123047,71.73921966552734
Chronos2,2025-08-17 00:00:00+00:00,LZ_WEST,2025-08-17 08:00:00+00:00,43.836666666666666,49.14747619628906,28.18341827392578,69.02493286132812
Chronos2,2025-08-17 00:00:00+00:00,LZ_WEST,2025-08-17 09:00:00+00:00,30.435,50.761043548583984,29.624271392822266,71.28692626953125
Chronos2,2025-08-17 00:00:00+00:00,LZ_WEST,2025-08-17 10:00:00+00:00,23.965833333333336,58.514774322509766,34.67394256591797,80.69578552246094
Chronos2,2025-08-17 00:00:00+00:00,LZ_WEST,2025-08-17 11:00:00+00:00,22.0325,63.37114715576172,40.43797302246094,86.17892456054688
Chronos2,2025-08-17 00:00:00+00:00,LZ_WEST,2025-08-17 12:00:00+00:00,20.886666666666667,54.62220764160156,35.313331604003906,73.37875366210938
Chronos2,2025-08-17 00:00:00+00:00,LZ_WEST,2025-08-17 13:00:00+00:00,16.594166666666666,27.08662223815918,18.172929763793945,39.321449279785156
Chronos2,2025-08-17 00:00:00+00:00,LZ_WEST,2025-08-17 14:00:00+00:00,13.7,23.809226989746094,16.597280502319336,32.510318756103516
Chronos2,2025-08-17 00:00:00+00:00,LZ_WEST,2025-08-17 15:00:00+00:00,7.569166666666667,24.907995223999023,18.609813690185547,33.464508056640625
Chronos2,2025-08-17 00:00:00+00:00,LZ_WEST,2025-08-17 16:00:00+00:00,11.873333333333331,27.730146408081055,20.3304443359375,38.44052505493164
Chronos2,2025-08-17 00:00:00+00:00,LZ_WEST,2025-08-17 17:00:00+00:00,26.31083333333333,30.75558090209961,22.010705947875977,42.30970001220703
Chronos2,2025-08-17 00:00:00+00:00,LZ_WEST,2025-08-17 18:00:00+00:00,32.530833333333334,34.40097427368164,23.709808349609375,48.17115783691406
Chronos2,2025-08-17 00:00:00+00:00,LZ_WEST,2025-08-17 19:00:00+00:00,32.30416666666667,37.54814529418945,24.78517723083496,53.121280670166016
Chronos2,2025-08-17 00:00:00+00:00,LZ_WEST,2025-08-17 20:00:00+00:00,32.651666666666664,41.5324592590332,26.88805389404297,58.438865661621094
Chronos2,2025-08-17 00:00:00+00:00,LZ_WEST,2025-08-17 21:00:00+00:00,42.03333333333333,44.62900924682617,28.85955810546875,63.05242156982422
Chronos2,2025-08-17 00:00:00+00:00,LZ_WEST,2025-08-17 22:00:00+00:00,56.83916666666666,48.82420349121094,30.585721969604492,69.09241485595703
Chronos2,2025-08-17 00:00:00+00:00,LZ_WEST,2025-08-17 23:00:00+00:00,88.5425,64.72480773925781,39.19478225708008,91.05402374267578
Chronos2,2025-08-18 00:00:00+00:00,HB_HUBAVG,2025-08-18 00:00:00+00:00,76.58083333333333,75.33311462402344,60.054168701171875,95.77528381347656
Chronos2,2025-08-18 00:00:00+00:00,HB_HUBAVG,2025-08-18 01:00:00+00:00,67.34666666666666,66.86577606201172,50.48909378051758,84.73390197753906
Chronos2,2025-08-18 00:00:00+00:00,HB_HUBAVG,2025-08-18 02:00:00+00:00,74.15833333333333,59.43382263183594,44.6193733215332,77.2033462524414
Chronos2,2025-08-18 00:00:00+00:00,HB_HUBAVG,2025-08-18 03:00:00+00:00,52.89833333333333,39.18415451049805,31.01584243774414,49.78771209716797
Chronos2,2025-08-18 00:00:00+00:00,HB_HUBAVG,2025-08-18 04:00:00+00:00,34.550000000000004,32.359893798828125,26.185585021972656,40.016929626464844
Chronos2,2025-08-18 00:00:00+00:00,HB_HUBAVG,2025-08-18 05:00:00+00:00,29.504166666666663,30.926048278808594,24.763872146606445,37.81365966796875
Chronos2,2025-08-18 00:00:00+00:00,HB_HUBAVG,2025-08-18 06:00:00+00:00,26.41583333333333,28.753307342529297,23.05820655822754,35.13692092895508
Chronos2,2025-08-18 00:00:00+00:00,HB_HUBAVG,2025-08-18 07:00:00+00:00,24.224166666666665,26.477497100830078,21.709762573242188,31.88545799255371
Chronos2,2025-08-18 00:00:00+00:00,HB_HUBAVG,2025-08-18 08:00:00+00:00,24.492500000000003,24.722274780273438,19.76368522644043,29.503692626953125
Chronos2,2025-08-18 00:00:00+00:00,HB_HUBAVG,2025-08-18 09:00:00+00:00,24.97083333333333,24.526832580566406,19.447296142578125,30.236114501953125
Chronos2,2025-08-18 00:00:00+00:00,HB_HUBAVG,2025-08-18 10:00:00+00:00,27.52583333333333,26.478633880615234,20.232036590576172,33.808719635009766
Chronos2,2025-08-18 00:00:00+00:00,HB_HUBAVG,2025-08-18 11:00:00+00:00,37.590833333333336,28.73720359802246,21.522403717041016,37.5516242980957
Chronos2,2025-08-18 00:00:00+00:00,HB_HUBAVG,2025-08-18 12:00:00+00:00,31.410833333333333,26.153499603271484,19.773530960083008,33.25790786743164
Chronos2,2025-08-18 00:00:00+00:00,HB_HUBAVG,2025-08-18 13:00:00+00:00,21.795,20.591476440429688,15.322824478149414,26.609336853027344
Chronos2,2025-08-18 00:00:00+00:00,HB_HUBAVG,2025-08-18 14:00:00+00:00,18.969166666666663,18.834285736083984,13.636590957641602,24.28984832763672
Chronos2,2025-08-18 00:00:00+00:00,HB_HUBAVG,2025-08-18 15:00:00+00:00,17.75166666666667,19.876834869384766,14.736095428466797,25.133180618286133
Chronos2,2025-08-18 00:00:00+00:00,HB_HUBAVG,2025-08-18 16:00:00+00:00,27.12333333333333,24.96862030029297,18.94729995727539,31.593795776367188
Chronos2,2025-08-18 00:00:00+00:00,HB_HUBAVG,2025-08-18 17:00:00+00:00,37.82,31.96511459350586,24.881818771362305,39.62954330444336
Chronos2,2025-08-18 00:00:00+00:00,HB_HUBAVG,2025-08-18 18:00:00+00:00,33.08083333333333,36.511436462402344,28.506649017333984,45.42425537109375
Chronos2,2025-08-18 00:00:00+00:00,HB_HUBAVG,2025-08-18 19:00:00+00:00,26.757500000000004,38.094661712646484,29.928640365600586,46.914512634277344
Chronos2,2025-08-18 00:00:00+00:00,HB_HUBAVG,2025-08-18 20:00:00+00:00,32.40416666666667,40.19155502319336,31.222415924072266,50.125648498535156
Chronos2,2025-08-18 00:00:00+00:00,HB_HUBAVG,2025-08-18 21:00:00+00:00,23.905,41.2150993347168,31.754098892211914,52.4526481628418
Chronos2,2025-08-18 00:00:00+00:00,HB_HUBAVG,2025-08-18 22:00:00+00:00,32.6525,41.85661315917969,30.89509391784668,55.26167297363281
Chronos2,2025-08-18 00:00:00+00:00,HB_HUBAVG,2025-08-18 23:00:00+00:00,141.3725,55.52473831176758,38.881874084472656,77.14893341064453
Chronos2,2025-08-18 00:00:00+00:00,HB_PAN,2025-08-18 00:00:00+00:00,47.74416666666667,36.20893859863281,12.001323699951172,67.01324462890625
Chronos2,2025-08-18 00:00:00+00:00,HB_PAN,2025-08-18 01:00:00+00:00,55.70583333333334,37.193603515625,11.419977188110352,67.91364288330078
Chronos2,2025-08-18 00:00:00+00:00,HB_PAN,2025-08-18 02:00:00+00:00,60.1375,31.596050262451172,9.681140899658203,56.33475112915039
Chronos2,2025-08-18 00:00:00+00:00,HB_PAN,2025-08-18 03:00:00+00:00,39.22666666666667,18.329666137695312,5.315755844116211,36.52421188354492
Chronos2,2025-08-18 00:00:00+00:00,HB_PAN,2025-08-18 04:00:00+00:00,23.234166666666667,14.396524429321289,4.3182830810546875,27.05352783203125
Chronos2,2025-08-18 00:00:00+00:00,HB_PAN,2025-08-18 05:00:00+00:00,29.90833333333333,14.301862716674805,5.719411849975586,24.6568603515625
Chronos2,2025-08-18 00:00:00+00:00,HB_PAN,2025-08-18 06:00:00+00:00,28.61,16.08932876586914,8.027790069580078,24.479167938232422
Chronos2,2025-08-18 00:00:00+00:00,HB_PAN,2025-08-18 07:00:00+00:00,25.224166666666665,18.26654052734375,10.448951721191406,25.878782272338867
Chronos2,2025-08-18 00:00:00+00:00,HB_PAN,2025-08-18 08:00:00+00:00,25.375833333333333,19.2451171875,11.732000350952148,25.797243118286133
Chronos2,2025-08-18 00:00:00+00:00,HB_PAN,2025-08-18 09:00:00+00:00,25.249166666666667,19.83742904663086,12.292633056640625,26.97934341430664
Chronos2,2025-08-18 00:00:00+00:00,HB_PAN,2025-08-18 10:00:00+00:00,27.6925,19.917667388916016,11.545541763305664,27.983041763305664
Chronos2,2025-08-18 00:00:00+00:00,HB_PAN,2025-08-18 11:00:00+00:00,37.590833333333336,19.99764633178711,10.825080871582031,29.393966674804688
Chronos2,2025-08-18 00:00:00+00:00,HB_PAN,2025-08-18 12:00:00+00:00,31.52583333333333,18.896751403808594,9.934307098388672,28.221994400024414
Chronos2,2025-08-18 00:00:00+00:00,HB_PAN,2025-08-18 13:00:00+00:00,21.825,17.546911239624023,8.661623001098633,25.913877487182617
Chronos2,2025-08-18 00:00:00+00:00,HB_PAN,2025-08-18 14:00:00+00:00,17.424166666666668,16.718528747558594,8.498208999633789,25.453632354736328
Chronos2,2025-08-18 00:00:00+00:00,HB_PAN,2025-08-18 15:00:00+00:00,14.2,17.078197479248047,8.809246063232422,25.882984161376953
Chronos2,2025-08-18 00:00:00+00:00,HB_PAN,2025-08-18 16:00:00+00:00,20.24,19.482234954833984,9.268524169921875,29.634418487548828
Chronos2,2025-08-18 00:00:00+00:00,HB_PAN,2025-08-18 17:00:00+00:00,30.930000000000003,22.96031951904297,12.754127502441406,32.689125061035156
Chronos2,2025-08-18 00:00:00+00:00,HB_PAN,2025-08-18 18:00:00+00:00,24.866666666666664,25.70711898803711,15.483942985534668,36.01136016845703
Chronos2,2025-08-18 00:00:00+00:00,HB_PAN,2025-08-18 19:00:00+00:00,19.406666666666663,26.6171817779541,15.758788108825684,38.09812545776367
Chronos2,2025-08-18 00:00:00+00:00,HB_PAN,2025-08-18 20:00:00+00:00,22.828333333333333,26.89205551147461,14.955305099487305,40.72902297973633
Chronos2,2025-08-18 00:00:00+00:00,HB_PAN,2025-08-18 21:00:00+00:00,17.156666666666666,24.439804077148438,11.556594848632812,40.31536102294922
Chronos2,2025-08-18 00:00:00+00:00,HB_PAN,2025-08-18 22:00:00+00:00,23.386666666666667,19.671022415161133,5.715156555175781,36.90311813354492
Chronos2,2025-08-18 00:00:00+00:00,HB_PAN,2025-08-18 23:00:00+00:00,136.60333333333332,21.759910583496094,5.023092269897461,49.48588562011719
Chronos2,2025-08-18 00:00:00+00:00,LZ_WEST,2025-08-18 00:00:00+00:00,86.89166666666667,85.53059387207031,66.3200454711914,104.04590606689453
Chronos2,2025-08-18 00:00:00+00:00,LZ_WEST,2025-08-18 01:00:00+00:00,71.46,78.3243637084961,58.15506362915039,96.08256530761719
Chronos2,2025-08-18 00:00:00+00:00,LZ_WEST,2025-08-18 02:00:00+00:00,83.16916666666667,76.49749755859375,56.96974563598633,93.42601013183594
Chronos2,2025-08-18 00:00:00+00:00,LZ_WEST,2025-08-18 03:00:00+00:00,78.68166666666667,62.71437072753906,45.39677810668945,79.6224365234375
Chronos2,2025-08-18 00:00:00+00:00,LZ_WEST,2025-08-18 04:00:00+00:00,78.46416666666666,59.33990478515625,43.1085205078125,75.87571716308594
Chronos2,2025-08-18 00:00:00+00:00,LZ_WEST,2025-08-18 05:00:00+00:00,67.5975,60.55297088623047,44.02052688598633,76.82430267333984
Chronos2,2025-08-18 00:00:00+00:00,LZ_WEST,2025-08-18 06:00:00+00:00,58.8975,56.00883483886719,39.488983154296875,72.8675537109375
Chronos2,2025-08-18 00:00:00+00:00,LZ_WEST,2025-08-18 07:00:00+00:00,39.0525,48.77066421508789,33.3131103515625,66.5424575805664
Chronos2,2025-08-18 00:00:00+00:00,LZ_WEST,2025-08-18 08:00:00+00:00,37.7425,41.2303581237793,26.173202514648438,58.78142166137695
Chronos2,2025-08-18 00:00:00+00:00,LZ_WEST,2025-08-18 09:00:00+00:00,29.095,39.56923294067383,23.39524269104004,60.08479309082031
Chronos2,2025-08-18 00:00:00+00:00,LZ_WEST,2025-08-18 10:00:00+00:00,30.001666666666665,43.90867614746094,23.20928955078125,69.13129425048828
Chronos2,2025-08-18 00:00:00+00:00,LZ_WEST,2025-08-18 11:00:00+00:00,37.590833333333336,45.25592803955078,22.799957275390625,73.49838256835938
Chronos2,2025-08-18 00:00:00+00:00,LZ_WEST,2025-08-18 12:00:00+00:00,34.281666666666666,36.26734924316406,18.895925521850586,57.871681213378906
Chronos2,2025-08-18 00:00:00+00:00,LZ_WEST,2025-08-18 13:00:00+00:00,22.555000000000003,23.6332950592041,13.28887939453125,37.61439895629883
Chronos2,2025-08-18 00:00:00+00:00,LZ_WEST,2025-08-18 14:00:00+00:00,17.753333333333334,20.641862869262695,12.00250244140625,31.362445831298828
Chronos2,2025-08-18 00:00:00+00:00,LZ_WEST,2025-08-18 15:00:00+00:00,14.615,20.934551239013672,12.89699935913086,30.1878604888916
Chronos2,2025-08-18 00:00:00+00:00,LZ_WEST,2025-08-18 16:00:00+00:00,21.545,23.68509864807129,14.698902130126953,33.98599624633789
Chronos2,2025-08-18 00:00:00+00:00,LZ_WEST,2025-08-18 17:00:00+00:00,32.925000000000004,28.8994197845459,18.7912654876709,39.69165802001953
Chronos2,2025-08-18 00:00:00+00:00,LZ_WEST,2025-08-18 18:00:00+00:00,27.406666666666663,32.24761962890625,21.335464477539062,44.42313003540039
Chronos2,2025-08-18 00:00:00+00:00,LZ_WEST,2025-08-18 19:00:00+00:00,21.38833333333333,34.2027587890625,22.27474021911621,46.47802734375
Chronos2,2025-08-18 00:00:00+00:00,LZ_WEST,2025-08-18 20:00:00+00:00,24.33583333333333,36.478816986083984,23.310226440429688,50.45135498046875
Chronos2,2025-08-18 00:00:00+00:00,LZ_WEST,2025-08-18 21:00:00+00:00,18.441666666666663,41.5055046081543,26.221895217895508,58.4290657043457
Chronos2,2025-08-18 00:00:00+00:00,LZ_WEST,2025-08-18 22:00:00+00:00,27.67833333333333,50.96043395996094,30.235504150390625,71.34088897705078
Chronos2,2025-08-18 00:00:00+00:00,LZ_WEST,2025-08-18 23:00:00+00:00,147.39333333333337,73.27034759521484,45.434139251708984,98.51701354980469
Chronos2,2025-08-19 00:00:00+00:00,HB_HUBAVG,2025-08-19 00:00:00+00:00,89.03083333333332,98.54231262207031,72.91349792480469,139.59242248535156
Chronos2,2025-08-19 00:00:00+00:00,HB_HUBAVG,2025-08-19 01:00:00+00:00,92.41333333333334,77.68424224853516,54.00157165527344,109.20980834960938
Chronos2,2025-08-19 00:00:00+00:00,HB_HUBAVG,2025-08-19 02:00:00+00:00,129.25083333333333,68.31706237792969,47.40779113769531,98.62042236328125
Chronos2,2025-08-19 00:00:00+00:00,HB_HUBAVG,2025-08-19 03:00:00+00:00,72.5025,43.57879638671875,32.487152099609375,61.6329345703125
Chronos2,2025-08-19 00:00:00+00:00,HB_HUBAVG,2025-08-19 04:00:00+00:00,50.76499999999999,32.20338821411133,25.62851333618164,41.77901840209961
Chronos2,2025-08-19 00:00:00+00:00,HB_HUBAVG,2025-08-19 05:00:00+00:00,42.78,28.939220428466797,23.722139358520508,35.90235900878906
Chronos2,2025-08-19 00:00:00+00:00,HB_HUBAVG,2025-08-19 06:00:00+00:00,40.7875,26.365079879760742,22.01431655883789,32.59077453613281
Chronos2,2025-08-19 00:00:00+00:00,HB_HUBAVG,2025-08-19 07:00:00+00:00,38.5625,25.154964447021484,20.51146125793457,30.648672103881836
Chronos2,2025-08-19 00:00:00+00:00,HB_HUBAVG,2025-08-19 08:00:00+00:00,40.525,24.893341064453125,19.907175064086914,30.251102447509766
Chronos2,2025-08-19 00:00:00+00:00,HB_HUBAVG,2025-08-19 09:00:00+00:00,39.583333333333336,25.61113739013672,20.759197235107422,31.62114715576172
Chronos2,2025-08-19 00:00:00+00:00,HB_HUBAVG,2025-08-19 10:00:00+00:00,50.70916666666667,28.618091583251953,22.16473388671875,36.688507080078125
Chronos2,2025-08-19 00:00:00+00:00,HB_HUBAVG,2025-08-19 11:00:00+00:00,80.355,34.55992126464844,26.544023513793945,45.12396240234375
Chronos2,2025-08-19 00:00:00+00:00,HB_HUBAVG,2025-08-19 12:00:00+00:00,48.50833333333333,29.08228874206543,22.554420471191406,37.30509567260742
Chronos2,2025-08-19 00:00:00+00:00,HB_HUBAVG,2025-08-19 13:00:00+00:00,31.519166666666667,20.943344116210938,15.818429946899414,27.44452667236328
Chronos2,2025-08-19 00:00:00+00:00,HB_HUBAVG,2025-08-19 14:00:00+00:00,35.605,19.02635955810547,13.689725875854492,25.56805419921875
Chronos2,2025-08-19 00:00:00+00:00,HB_HUBAVG,2025-08-19 15:00:00+00:00,41.9125,19.771299362182617,14.449813842773438,25.958253860473633
Chronos2,2025-08-19 00:00:00+00:00,HB_HUBAVG,2025-08-19 16:00:00+00:00,41.84916666666667,23.314716339111328,18.280847549438477,31.367259979248047
Chronos2,2025-08-19 00:00:00+00:00,HB_HUBAVG,2025-08-19 17:00:00+00:00,53.2725,30.667766571044922,23.757572174072266,40.477073669433594
Chronos2,2025-08-19 00:00:00+00:00,HB_HUBAVG,2025-08-19 18:00:00+00:00,59.73166666666666,35.7812385559082,27.196136474609375,48.33700180053711
Chronos2,2025-08-19 00:00:00+00:00,HB_HUBAVG,2025-08-19 19:00:00+00:00,57.0325,37.46982192993164,28.29411506652832,51.54579544067383
Chronos2,2025-08-19 00:00:00+00:00,HB_HUBAVG,2025-08-19 20:00:00+00:00,86.35416666666667,38.94855499267578,29.278242111206055,52.89228439331055
Chronos2,2025-08-19 00:00:00+00:00,HB_HUBAVG,2025-08-19 21:00:00+00:00,114.01416666666668,40.574546813964844,29.599506378173828,56.334716796875
Chronos2,2025-08-19 00:00:00+00:00,HB_HUBAVG,2025-08-19 22:00:00+00:00,92.45083333333334,43.94050979614258,30.361377716064453,63.93825912475586
Chronos2,2025-08-19 00:00:00+00:00,HB_HUBAVG,2025-08-19 23:00:00+00:00,80.1225,64.63008117675781,40.46562957763672,93.6632080078125
Chronos2,2025-08-19 00:00:00+00:00,HB_PAN,2025-08-19 00:00:00+00:00,90.94833333333334,114.44471740722656,68.20437622070312,184.24331665039062
Chronos2,2025-08-19 00:00:00+00:00,HB_PAN,2025-08-19 01:00:00+00:00,95.2225,73.80171203613281,36.26045227050781,125.22378540039062
Chronos2,2025-08-19 00:00:00+00:00,HB_PAN,2025-08-19 02:00:00+00:00,134.1525,54.18720626831055,26.253334045410156,107.92625427246094
Chronos2,2025-08-19 00:00:00+00:00,HB_PAN,2025-08-19 03:00:00+00:00,72.64916666666666,30.87973403930664,15.133474349975586,62.255313873291016
Chronos2,2025-08-19 00:00:00+00:00,HB_PAN,2025-08-19 04:00:00+00:00,51.2475,21.571331024169922,10.674692153930664,39.685218811035156
Chronos2,2025-08-19 00:00:00+00:00,HB_PAN,2025-08-19 05:00:00+00:00,44.46666666666667,21.240867614746094,11.022354125976562,38.06864929199219
Chronos2,2025-08-19 00:00:00+00:00,HB_PAN,2025-08-19 06:00:00+00:00,42.12416666666667,20.66570281982422,10.59562873840332,35.51591873168945
Chronos2,2025-08-19 00:00:00+00:00,HB_PAN,2025-08-19 07:00:00+00:00,40.123333333333335,21.512615203857422,11.763273239135742,36.17847442626953
Chronos2,2025-08-19 00:00:00+00:00,HB_PAN,2025-08-19 08:00:00+00:00,41.46,23.72525405883789,13.796823501586914,37.03274917602539
Chronos2,2025-08-19 00:00:00+00:00,HB_PAN,2025-08-19 09:00:00+00:00,41.80083333333334,24.79110336303711,14.984241485595703,37.979129791259766
Chronos2,2025-08-19 00:00:00+00:00,HB_PAN,2025-08-19 10:00:00+00:00,51.2775,27.624134063720703,16.237321853637695,44.2726936340332
Chronos2,2025-08-19 00:00:00+00:00,HB_PAN,2025-08-19 11:00:00+00:00,80.355,31.716543197631836,17.666053771972656,52.604732513427734
Chronos2,2025-08-19 00:00:00+00:00,HB_PAN,2025-08-19 12:00:00+00:00,48.63999999999999,27.087356567382812,15.8914794921875,43.239776611328125
Chronos2,2025-08-19 00:00:00+00:00,HB_PAN,2025-08-19 13:00:00+00:00,31.950833333333332,21.43765640258789,11.778656005859375,33.105186462402344
Chronos2,2025-08-19 00:00:00+00:00,HB_PAN,2025-08-19 14:00:00+00:00,35.60666666666666,19.495197296142578,10.019794464111328,31.336002349853516
Chronos2,2025-08-19 00:00:00+00:00,HB_PAN,2025-08-19 15:00:00+00:00,41.9125,19.109115600585938,9.614242553710938,30.370412826538086
Chronos2,2025-08-19 00:00:00+00:00,HB_PAN,2025-08-19 16:00:00+00:00,43.005,20.96742057800293,10.476812362670898,33.36668014526367
Chronos2,2025-08-19 00:00:00+00:00,HB_PAN,2025-08-19 17:00:00+00:00,57.35166666666667,23.794038772583008,13.069860458374023,36.71720504760742
Chronos2,2025-08-19 00:00:00+00:00,HB_PAN,2025-08-19 18:00:00+00:00,67.615,25.774429321289062,13.696195602416992,42.65208053588867
Chronos2,2025-08-19 00:00:00+00:00,HB_PAN,2025-08-19 19:00:00+00:00,66.895,27.008935928344727,14.05668830871582,46.8548698425293
Chronos2,2025-08-19 00:00:00+00:00,HB_PAN,2025-08-19 20:00:00+00:00,98.3125,28.267595291137695,15.198127746582031,48.02159881591797
Chronos2,2025-08-19 00:00:00+00:00,HB_PAN,2025-08-19 21:00:00+00:00,132.69583333333333,28.60849380493164,14.270381927490234,50.56858825683594
Chronos2,2025-08-19 00:00:00+00:00,HB_PAN,2025-08-19 22:00:00+00:00,107.645,30.928213119506836,11.684185028076172,67.25164794921875
Chronos2,2025-08-19 00:00:00+00:00,HB_PAN,2025-08-19 23:00:00+00:00,89.77333333333333,54.111244201660156,15.810444831848145,112.72114562988281
Chronos2,2025-08-19 00:00:00+00:00,LZ_WEST,2025-08-19 00:00:00+00:00,92.35666666666668,104.3409194946289,78.48472595214844,134.84613037109375
Chronos2,2025-08-19 00:00:00+00:00,LZ_WEST,2025-08-19 01:00:00+00:00,96.00083333333332,84.27595520019531,59.1374626159668,112.5005874633789
Chronos2,2025-08-19 00:00:00+00:00,LZ_WEST,2025-08-19 02:00:00+00:00,135.13083333333333,84.36346435546875,58.334869384765625,110.382080078125
Chronos2,2025-08-19 00:00:00+00:00,LZ_WEST,2025-08-19 03:00:00+00:00,72.69083333333333,71.17237854003906,48.01737976074219,98.40426635742188
Chronos2,2025-08-19 00:00:00+00:00,LZ_WEST,2025-08-19 04:00:00+00:00,58.005,64.64042663574219,42.955078125,90.82603454589844
Chronos2,2025-08-19 00:00:00+00:00,LZ_WEST,2025-08-19 05:00:00+00:00,68.24166666666666,63.196815490722656,42.99010467529297,86.64464569091797
Chronos2,2025-08-19 00:00:00+00:00,LZ_WEST,2025-08-19 06:00:00+00:00,60.55583333333333,54.03200149536133,37.14201736450195,75.61477661132812
Chronos2,2025-08-19 00:00:00+00:00,LZ_WEST,2025-08-19 07:00:00+00:00,61.45583333333334,41.37820053100586,26.494417190551758,61.62881088256836
Chronos2,2025-08-19 00:00:00+00:00,LZ_WEST,2025-08-19 08:00:00+00:00,54.28833333333333,36.212181091308594,21.487092971801758,57.07735824584961
Chronos2,2025-08-19 00:00:00+00:00,LZ_WEST,2025-08-19 09:00:00+00:00,72.66583333333334,34.38178253173828,19.75235939025879,56.53728485107422
Chronos2,2025-08-19 00:00:00+00:00,LZ_WEST,2025-08-19 10:00:00+00:00,59.08166666666667,39.88307189941406,21.021482467651367,65.79278564453125
Chronos2,2025-08-19 00:00:00+00:00,LZ_WEST,2025-08-19 11:00:00+00:00,80.355,46.73313522338867,23.867582321166992,74.7008056640625
Chronos2,2025-08-19 00:00:00+00:00,LZ_WEST,2025-08-19 12:00:00+00:00,50.4025,41.000213623046875,23.1351375579834,64.58689880371094
Chronos2,2025-08-19 00:00:00+00:00,LZ_WEST,2025-08-19 13:00:00+00:00,37.52666666666666,22.563600540161133,12.445255279541016,38.500911712646484
Chronos2,2025-08-19 00:00:00+00:00,LZ_WEST,2025-08-19 14:00:00+00:00,35.61666666666667,17.984874725341797,9.035598754882812,29.782310485839844
Chronos2,2025-08-19 00:00:00+00:00,LZ_WEST,2025-08-19 15:00:00+00:00,41.91416666666667,17.560558319091797,9.206062316894531,28.519969940185547
Chronos2,2025-08-19 00:00:00+00:00,LZ_WEST,2025-08-19 16:00:00+00:00,43.083333333333336,21.55954360961914,12.971500396728516,32.44654846191406
Chronos2,2025-08-19 00:00:00+00:00,LZ_WEST,2025-08-19 17:00:00+00:00,54.815,25.787174224853516,16.03668975830078,40.01427459716797
Chronos2,2025-08-19 00:00:00+00:00,LZ_WEST,2025-08-19 18:00:00+00:00,64.355,29.54054832458496,17.873292922973633,46.2504768371582
Chronos2,2025-08-19 00:00:00+00:00,LZ_WEST,2025-08-19 19:00:00+00:00,63.84666666666666,30.582542419433594,17.99416732788086,48.05722427368164
Chronos2,2025-08-19 00:00:00+00:00,LZ_WEST,2025-08-19 20:00:00+00:00,97.59166666666664,33.19549560546875,19.67926788330078,51.81986618041992
Chronos2,2025-08-19 00:00:00+00:00,LZ_WEST,2025-08-19 21:00:00+00:00,133.7875,37.30864334106445,21.761459350585938,58.815425872802734
Chronos2,2025-08-19 00:00:00+00:00,LZ_WEST,2025-08-19 22:00:00+00:00,105.99583333333334,48.358333587646484,26.986021041870117,75.50770568847656
Chronos2,2025-08-19 00:00:00+00:00,LZ_WEST,2025-08-19 23:00:00+00:00,88.46,82.71196746826172,49.971405029296875,116.20345306396484
Chronos2,2025-08-20 00:00:00+00:00,HB_HUBAVG,2025-08-20 00:00:00+00:00,95.7875,92.73948669433594,73.9130859375,121.33340454101562
Chronos2,2025-08-20 00:00:00+00:00,HB_HUBAVG,2025-08-20 01:00:00+00:00,87.52416666666666,82.69361877441406,61.16631317138672,111.27046203613281
Chronos2,2025-08-20 00:00:00+00:00,HB_HUBAVG,2025-08-20 02:00:00+00:00,76.15166666666666,71.78492736816406,52.13935470581055,101.39234161376953
Chronos2,2025-08-20 00:00:00+00:00,HB_HUBAVG,2025-08-20 03:00:00+00:00,73.46,52.32804489135742,38.03365707397461,75.60784149169922
Chronos2,2025-08-20 00:00:00+00:00,HB_HUBAVG,2025-08-20 04:00:00+00:00,46.73916666666667,43.53169250488281,31.883913040161133,63.42920684814453
Chronos2,2025-08-20 00:00:00+00:00,HB_HUBAVG,2025-08-20 05:00:00+00:00,37.54666666666667,40.90548324584961,29.739225387573242,59.869041442871094
Chronos2,2025-08-20 00:00:00+00:00,HB_HUBAVG,2025-08-20 06:00:00+00:00,35.28333333333333,39.08732986450195,28.249675750732422,56.83942413330078
Chronos2,2025-08-20 00:00:00+00:00,HB_HUBAVG,2025-08-20 07:00:00+00:00,33.21,38.59712219238281,27.583820343017578,56.197120666503906
Chronos2,2025-08-20 00:00:00+00:00,HB_HUBAVG,2025-08-20 08:00:00+00:00,31.846666666666668,38.65179443359375,27.379592895507812,56.01836395263672
Chronos2,2025-08-20 00:00:00+00:00,HB_HUBAVG,2025-08-20 09:00:00+00:00,32.3375,40.76032638549805,28.185840606689453,60.448875427246094
Chronos2,2025-08-20 00:00:00+00:00,HB_HUBAVG,2025-08-20 10:00:00+00:00,31.891666666666666,46.6712760925293,31.536985397338867,69.65296173095703
Chronos2,2025-08-20 00:00:00+00:00,HB_HUBAVG,2025-08-20 11:00:00+00:00,31.9725,55.46104049682617,36.969398498535156,82.92974853515625
Chronos2,2025-08-20 00:00:00+00:00,HB_HUBAVG,2025-08-20 12:00:00+00:00,27.25916666666667,46.79503631591797,31.166473388671875,69.59942626953125
Chronos2,2025-08-20 00:00:00+00:00,HB_HUBAVG,2025-08-20 13:00:00+00:00,21.175,35.39149475097656,22.931222915649414,55.4838752746582
Chronos2,2025-08-20 00:00:00+00:00,HB_HUBAVG,2025-08-20 14:00:00+00:00,17.185833333333335,34.043983459472656,21.794790267944336,53.621734619140625
Chronos2,2025-08-20 00:00:00+00:00,HB_HUBAVG,2025-08-20 15:00:00+00:00,15.573333333333332,36.30793762207031,23.830848693847656,57.48818588256836
Chronos2,2025-08-20 00:00:00+00:00,HB_HUBAVG,2025-08-20 16:00:00+00:00,15.665,42.345497131347656,28.78863525390625,65.3631820678711
Chronos2,2025-08-20 00:00:00+00:00,HB_HUBAVG,2025-08-20 17:00:00+00:00,22.464166666666667,50.22259521484375,33.991119384765625,75.69473266601562
Chronos2,2025-08-20 00:00:00+00:00,HB_HUBAVG,2025-08-20 18:00:00+00:00,26.688333333333333,55.60435485839844,37.384864807128906,84.86014556884766
Chronos2,2025-08-20 00:00:00+00:00,HB_HUBAVG,2025-08-20 19:00:00+00:00,32.27333333333333,54.8324089050293,36.214778900146484,85.79388427734375
Chronos2,2025-08-20 00:00:00+00:00,HB_HUBAVG,2025-08-20 20:00:00+00:00,40.40416666666667,59.75775146484375,38.00049591064453,95.65568542480469
Chronos2,2025-08-20 00:00:00+00:00,HB_HUBAVG,2025-08-20 21:00:00+00:00,59.78666666666667,58.75301742553711,35.75696563720703,98.02214050292969
Chronos2,2025-08-20 00:00:00+00:00,HB_HUBAVG,2025-08-20 22:00:00+00:00,55.56,58.73003387451172,37.04214096069336,96.44384765625
Chronos2,2025-08-20 00:00:00+00:00,HB_HUBAVG,2025-08-20 23:00:00+00:00,63.55166666666667,70.7303237915039,45.005523681640625,112.5902099609375
Chronos2,2025-08-20 00:00:00+00:00,HB_PAN,2025-08-20 00:00:00+00:00,103.6425,107.25834655761719,69.39279174804688,147.6210479736328
Chronos2,2025-08-20 00:00:00+00:00,HB_PAN,2025-08-20 01:00:00+00:00,89.07083333333333,94.34762573242188,52.49903106689453,134.7589111328125
Chronos2,2025-08-20 00:00:00+00:00,HB_PAN,2025-08-20 02:00:00+00:00,76.15166666666666,74.38888549804688,39.092586517333984,120.90748596191406
Chronos2,2025-08-20 00:00:00+00:00,HB_PAN,2025-08-20 03:00:00+00:00,73.53083333333333,50.111454010009766,26.493331909179688,89.08255004882812
Chronos2,2025-08-20 00:00:00+00:00,HB_PAN,2025-08-20 04:00:00+00:00,48.06583333333333,40.47019577026367,23.8531436920166,70.68840026855469
Chronos2,2025-08-20 00:00:00+00:00,HB_PAN,2025-08-20 05:00:00+00:00,39.83166666666667,40.36021423339844,24.78485679626465,67.44767761230469
Chronos2,2025-08-20 00:00:00+00:00,HB_PAN,2025-08-20 06:00:00+00:00,37.891666666666666,40.644832611083984,25.235774993896484,66.39531707763672
Chronos2,2025-08-20 00:00:00+00:00,HB_PAN,2025-08-20 07:00:00+00:00,28.308333333333337,41.168880462646484,26.24288558959961,66.2476806640625
Chronos2,2025-08-20 00:00:00+00:00,HB_PAN,2025-08-20 08:00:00+00:00,34.42666666666667,42.20305633544922,27.0102481842041,65.34346008300781
Chronos2,2025-08-20 00:00:00+00:00,HB_PAN,2025-08-20 09:00:00+00:00,20.4275,45.55083465576172,28.61086654663086,71.19428253173828
Chronos2,2025-08-20 00:00:00+00:00,HB_PAN,2025-08-20 10:00:00+00:00,16.055833333333336,50.6262321472168,30.651573181152344,79.85762023925781
Chronos2,2025-08-20 00:00:00+00:00,HB_PAN,2025-08-20 11:00:00+00:00,19.0,57.0269775390625,34.04909896850586,89.35810089111328
Chronos2,2025-08-20 00:00:00+00:00,HB_PAN,2025-08-20 12:00:00+00:00,23.445833333333336,47.69185256958008,28.94438934326172,75.28425598144531
Chronos2,2025-08-20 00:00:00+00:00,HB_PAN,2025-08-20 13:00:00+00:00,18.65083333333333,39.448951721191406,23.46961212158203,63.44973373413086
Chronos2,2025-08-20 00:00:00+00:00,HB_PAN,2025-08-20 14:00:00+00:00,17.186666666666667,38.50010681152344,22.810462951660156,63.57652282714844
Chronos2,2025-08-20 00:00:00+00:00,HB_PAN,2025-08-20 15:00:00+00:00,15.109166666666669,40.9041633605957,24.335527420043945,67.57583618164062
Chronos2,2025-08-20 00:00:00+00:00,HB_PAN,2025-08-20 16:00:00+00:00,10.799166666666666,47.191734313964844,28.044994354248047,75.60952758789062
Chronos2,2025-08-20 00:00:00+00:00,HB_PAN,2025-08-20 17:00:00+00:00,15.7025,54.308807373046875,30.821969985961914,85.8324203491211
Chronos2,2025-08-20 00:00:00+00:00,HB_PAN,2025-08-20 18:00:00+00:00,18.074166666666667,59.51258850097656,32.31959915161133,96.18437194824219
Chronos2,2025-08-20 00:00:00+00:00,HB_PAN,2025-08-20 19:00:00+00:00,25.581666666666667,62.05213928222656,31.697010040283203,104.29127502441406
Chronos2,2025-08-20 00:00:00+00:00,HB_PAN,2025-08-20 20:00:00+00:00,31.44666666666667,68.82513427734375,32.56985092163086,116.63432312011719
Chronos2,2025-08-20 00:00:00+00:00,HB_PAN,2025-08-20 21:00:00+00:00,58.54666666666666,70.74285888671875,27.742525100708008,125.82337951660156
Chronos2,2025-08-20 00:00:00+00:00,HB_PAN,2025-08-20 22:00:00+00:00,56.64000000000001,71.19100952148438,27.594783782958984,128.2443084716797
Chronos2,2025-08-20 00:00:00+00:00,HB_PAN,2025-08-20 23:00:00+00:00,63.59,82.02261352539062,34.52136993408203,143.34690856933594
Chronos2,2025-08-20 00:00:00+00:00,LZ_WEST,2025-08-20 00:00:00+00:00,101.84666666666668,91.47860717773438,70.58770751953125,116.99772644042969
Chronos2,2025-08-20 00:00:00+00:00,LZ_WEST,2025-08-20 01:00:00+00:00,88.71,85.00055694580078,62.63431930541992,113.43893432617188
Chronos2,2025-08-20 00:00:00+00:00,LZ_WEST,2025-08-20 02:00:00+00:00,76.15166666666666,80.7593002319336,58.77055740356445,109.81790924072266
Chronos2,2025-08-20 00:00:00+00:00,LZ_WEST,2025-08-20 03:00:00+00:00,74.82583333333334,72.87604522705078,50.880470275878906,101.84393310546875
Chronos2,2025-08-20 00:00:00+00:00,LZ_WEST,2025-08-20 04:00:00+00:00,67.84333333333333,68.64189910888672,46.831336975097656,96.79241943359375
Chronos2,2025-08-20 00:00:00+00:00,LZ_WEST,2025-08-20 05:00:00+00:00,74.39166666666667,66.70716857910156,44.559852600097656,95.74789428710938
Chronos2,2025-08-20 00:00:00+00:00,LZ_WEST,2025-08-20 06:00:00+00:00,73.865,61.12664031982422,39.34635543823242,91.47171020507812
Chronos2,2025-08-20 00:00:00+00:00,LZ_WEST,2025-08-20 07:00:00+00:00,77.18666666666667,54.36664962768555,33.17454147338867,84.8218994140625
Chronos2,2025-08-20 00:00:00+00:00,LZ_WEST,2025-08-20 08:00:00+00:00,81.82083333333334,50.25458526611328,28.8011417388916,82.24887084960938
Chronos2,2025-08-20 00:00:00+00:00,LZ_WEST,2025-08-20 09:00:00+00:00,83.29333333333334,49.68917465209961,26.081642150878906,84.61279296875
Chronos2,2025-08-20 00:00:00+00:00,LZ_WEST,2025-08-20 10:00:00+00:00,76.8775,52.92278289794922,26.076154708862305,92.07197570800781
Chronos2,2025-08-20 00:00:00+00:00,LZ_WEST,2025-08-20 11:00:00+00:00,73.48666666666666,56.68474578857422,29.817508697509766,95.57899475097656
Chronos2,2025-08-20 00:00:00+00:00,LZ_WEST,2025-08-20 12:00:00+00:00,54.5075,48.10456466674805,25.09619140625,82.40068817138672
Chronos2,2025-08-20 00:00:00+00:00,LZ_WEST,2025-08-20 13:00:00+00:00,23.951666666666668,34.148162841796875,18.511037826538086,64.88894653320312
Chronos2,2025-08-20 00:00:00+00:00,LZ_WEST,2025-08-20 14:00:00+00:00,17.21666666666667,30.616762161254883,16.52755355834961,57.92694091796875
Chronos2,2025-08-20 00:00:00+00:00,LZ_WEST,2025-08-20 15:00:00+00:00,15.3525,30.704627990722656,17.237272262573242,58.188629150390625
Chronos2,2025-08-20 00:00:00+00:00,LZ_WEST,2025-08-20 16:00:00+00:00,13.5125,35.72760772705078,19.42852783203125,64.15669250488281
Chronos2,2025-08-20 00:00:00+00:00,LZ_WEST,2025-08-20 17:00:00+00:00,18.214166666666667,40.36213684082031,22.37961196899414,69.92784118652344
Chronos2,2025-08-20 00:00:00+00:00,LZ_WEST,2025-08-20 18:00:00+00:00,20.695833333333333,43.908119201660156,24.713964462280273,74.67892456054688
Chronos2,2025-08-20 00:00:00+00:00,LZ_WEST,2025-08-20 19:00:00+00:00,27.481666666666666,46.118316650390625,25.132762908935547,79.3497543334961
Chronos2,2025-08-20 00:00:00+00:00,LZ_WEST,2025-08-20 20:00:00+00:00,34.99333333333333,50.784523010253906,26.646554946899414,88.05891418457031
Chronos2,2025-08-20 00:00:00+00:00,LZ_WEST,2025-08-20 21:00:00+00:00,60.19916666666666,54.85358428955078,28.283559799194336,96.3741683959961
Chronos2,2025-08-20 00:00:00+00:00,LZ_WEST,2025-08-20 22:00:00+00:00,56.79583333333333,62.74590301513672,35.555721282958984,104.94544982910156
Chronos2,2025-08-20 00:00:00+00:00,LZ_WEST,2025-08-20 23:00:00+00:00,63.5925,79.01172637939453,48.99991226196289,123.16397094726562
Chronos2,2025-08-21 00:00:00+00:00,HB_HUBAVG,2025-08-21 00:00:00+00:00,104.26916666666666,79.4908218383789,68.02640533447266,95.72795104980469
Chronos2,2025-08-21 00:00:00+00:00,HB_HUBAVG,2025-08-21 01:00:00+00:00,158.70583333333337,73.10821533203125,58.88063049316406,91.9893798828125
Chronos2,2025-08-21 00:00:00+00:00,HB_HUBAVG,2025-08-21 02:00:00+00:00,174.3125,65.13944244384766,50.49146270751953,85.22515869140625
Chronos2,2025-08-21 00:00:00+00:00,HB_HUBAVG,2025-08-21 03:00:00+00:00,112.33916666666666,47.418827056884766,35.98862075805664,64.23223876953125
Chronos2,2025-08-21 00:00:00+00:00,HB_HUBAVG,2025-08-21 04:00:00+00:00,57.876666666666665,34.9809455871582,26.583839416503906,48.73579406738281
Chronos2,2025-08-21 00:00:00+00:00,HB_HUBAVG,2025-08-21 05:00:00+00:00,42.568333333333335,31.915813446044922,24.180469512939453,43.350303649902344
Chronos2,2025-08-21 00:00:00+00:00,HB_HUBAVG,2025-08-21 06:00:00+00:00,39.4225,29.60305404663086,23.00848960876465,39.93889617919922
Chronos2,2025-08-21 00:00:00+00:00,HB_HUBAVG,2025-08-21 07:00:00+00:00,37.60083333333333,27.843429565429688,21.87466812133789,37.086307525634766
Chronos2,2025-08-21 00:00:00+00:00,HB_HUBAVG,2025-08-21 08:00:00+00:00,39.24166666666667,27.11773681640625,20.630680084228516,35.908626556396484
Chronos2,2025-08-21 00:00:00+00:00,HB_HUBAVG,2025-08-21 09:00:00+00:00,39.6625,27.322708129882812,20.587867736816406,37.98035430908203
Chronos2,2025-08-21 00:00:00+00:00,HB_HUBAVG,2025-08-21 10:00:00+00:00,45.9175,29.045804977416992,21.14351463317871,41.54457092285156
Chronos2,2025-08-21 00:00:00+00:00,HB_HUBAVG,2025-08-21 11:00:00+00:00,52.83583333333333,31.698680877685547,22.75634765625,45.894622802734375
Chronos2,2025-08-21 00:00:00+00:00,HB_HUBAVG,2025-08-21 12:00:00+00:00,45.55166666666667,27.415882110595703,19.336166381835938,40.39338302612305
Chronos2,2025-08-21 00:00:00+00:00,HB_HUBAVG,2025-08-21 13:00:00+00:00,24.08333333333333,21.386869430541992,14.59062385559082,33.85760498046875
Chronos2,2025-08-21 00:00:00+00:00,HB_HUBAVG,2025-08-21 14:00:00+00:00,21.938333333333333,19.257238388061523,12.390966415405273,31.856632232666016
Chronos2,2025-08-21 00:00:00+00:00,HB_HUBAVG,2025-08-21 15:00:00+00:00,21.721666666666668,20.663793563842773,13.168771743774414,35.86245346069336
Chronos2,2025-08-21 00:00:00+00:00,HB_HUBAVG,2025-08-21 16:00:00+00:00,28.705,24.470659255981445,16.170045852661133,43.88886642456055
Chronos2,2025-08-21 00:00:00+00:00,HB_HUBAVG,2025-08-21 17:00:00+00:00,49.67333333333334,30.837989807128906,20.137779235839844,53.786102294921875
Chronos2,2025-08-21 00:00:00+00:00,HB_HUBAVG,2025-08-21 18:00:00+00:00,49.60333333333333,36.1738395690918,23.690767288208008,60.547828674316406
Chronos2,2025-08-21 00:00:00+00:00,HB_HUBAVG,2025-08-21 19:00:00+00:00,40.44916666666666,38.433631896972656,25.57646369934082,63.05352020263672
Chronos2,2025-08-21 00:00:00+00:00,HB_HUBAVG,2025-08-21 20:00:00+00:00,39.85416666666666,42.53759002685547,28.67876434326172,67.85726165771484
Chronos2,2025-08-21 00:00:00+00:00,HB_HUBAVG,2025-08-21 21:00:00+00:00,44.20166666666666,44.70783615112305,29.77372932434082,70.07142639160156
Chronos2,2025-08-21 00:00:00+00:00,HB_HUBAVG,2025-08-21 22:00:00+00:00,34.88916666666667,46.093963623046875,30.663379669189453,72.24713897705078
Chronos2,2025-08-21 00:00:00+00:00,HB_HUBAVG,2025-08-21 23:00:00+00:00,63.35416666666666,57.150360107421875,38.041812896728516,87.05194854736328
Chronos2,2025-08-21 00:00:00+00:00,HB_PAN,2025-08-21 00:00:00+00:00,104.26916666666666,81.24826049804688,60.044029235839844,108.59556579589844
Chronos2,2025-08-21 00:00:00+00:00,HB_PAN,2025-08-21 01:00:00+00:00,158.70583333333337,68.11210632324219,44.35468673706055,99.12236022949219
Chronos2,2025-08-21 00:00:00+00:00,HB_PAN,2025-08-21 02:00:00+00:00,174.3125,54.50469970703125,32.65155792236328,86.51893615722656
Chronos2,2025-08-21 00:00:00+00:00,HB_PAN,2025-08-21 03:00:00+00:00,112.27083333333331,38.47990417480469,21.48777961730957,68.0750503540039
Chronos2,2025-08-21 00:00:00+00:00,HB_PAN,2025-08-21 04:00:00+00:00,59.48916666666667,27.153621673583984,15.404096603393555,49.48105239868164
Chronos2,2025-08-21 00:00:00+00:00,HB_PAN,2025-08-21 05:00:00+00:00,45.55416666666667,25.090373992919922,14.47055435180664,44.01752471923828
Chronos2,2025-08-21 00:00:00+00:00,HB_PAN,2025-08-21 06:00:00+00:00,42.55583333333333,24.538082122802734,14.970624923706055,40.31282043457031
Chronos2,2025-08-21 00:00:00+00:00,HB_PAN,2025-08-21 07:00:00+00:00,41.009166666666665,24.599628448486328,15.573282241821289,38.29617691040039
Chronos2,2025-08-21 00:00:00+00:00,HB_PAN,2025-08-21 08:00:00+00:00,48.95416666666667,24.941612243652344,15.736175537109375,37.54985046386719
Chronos2,2025-08-21 00:00:00+00:00,HB_PAN,2025-08-21 09:00:00+00:00,50.0675,24.64714813232422,15.442155838012695,38.339942932128906
Chronos2,2025-08-21 00:00:00+00:00,HB_PAN,2025-08-21 10:00:00+00:00,55.76666666666667,24.615978240966797,14.80196762084961,39.914791107177734
Chronos2,2025-08-21 00:00:00+00:00,HB_PAN,2025-08-21 11:00:00+00:00,58.49333333333333,25.02546501159668,14.045913696289062,41.810096740722656
Chronos2,2025-08-21 00:00:00+00:00,HB_PAN,2025-08-21 12:00:00+00:00,48.56166666666667,23.6521053314209,13.106943130493164,38.63029098510742
Chronos2,2025-08-21 00:00:00+00:00,HB_PAN,2025-08-21 13:00:00+00:00,24.10333333333333,21.47191619873047,11.851200103759766,35.72691345214844
Chronos2,2025-08-21 00:00:00+00:00,HB_PAN,2025-08-21 14:00:00+00:00,21.938333333333333,20.484458923339844,10.586454391479492,35.26152038574219
Chronos2,2025-08-21 00:00:00+00:00,HB_PAN,2025-08-21 15:00:00+00:00,20.50333333333333,20.754581451416016,10.483476638793945,36.9622802734375
Chronos2,2025-08-21 00:00:00+00:00,HB_PAN,2025-08-21 16:00:00+00:00,28.52333333333333,23.20905113220215,11.885583877563477,42.737693786621094
Chronos2,2025-08-21 00:00:00+00:00,HB_PAN,2025-08-21 17:00:00+00:00,49.45666666666667,26.231159210205078,14.101125717163086,49.80226135253906
Chronos2,2025-08-21 00:00:00+00:00,HB_PAN,2025-08-21 18:00:00+00:00,49.44833333333333,30.02275848388672,16.145545959472656,57.614830017089844
Chronos2,2025-08-21 00:00:00+00:00,HB_PAN,2025-08-21 19:00:00+00:00,40.44916666666666,30.98224449157715,16.109155654907227,62.52281188964844
Chronos2,2025-08-21 00:00:00+00:00,HB_PAN,2025-08-21 20:00:00+00:00,39.85416666666666,32.43904495239258,15.755502700805664,67.86421203613281
Chronos2,2025-08-21 00:00:00+00:00,HB_PAN,2025-08-21 21:00:00+00:00,44.234166666666674,33.80595397949219,14.77726936340332,73.22993469238281
Chronos2,2025-08-21 00:00:00+00:00,HB_PAN,2025-08-21 22:00:00+00:00,34.91416666666667,31.890281677246094,12.425228118896484,77.5767822265625
Chronos2,2025-08-21 00:00:00+00:00,HB_PAN,2025-08-21 23:00:00+00:00,63.38916666666666,38.25384521484375,12.921112060546875,89.52517700195312
Chronos2,2025-08-21 00:00:00+00:00,LZ_WEST,2025-08-21 00:00:00+00:00,104.26916666666666,72.50435638427734,60.763736724853516,88.41557312011719
Chronos2,2025-08-21 00:00:00+00:00,LZ_WEST,2025-08-21 01:00:00+00:00,158.70583333333337,69.83369445800781,56.11730194091797,87.81571960449219
Chronos2,2025-08-21 00:00:00+00:00,LZ_WEST,2025-08-21 02:00:00+00:00,174.3125,68.61572265625,54.72220230102539,87.7968521118164
Chronos2,2025-08-21 00:00:00+00:00,LZ_WEST,2025-08-21 03:00:00+00:00,112.3175,59.300636291503906,44.28799819946289,79.39728546142578
Chronos2,2025-08-21 00:00:00+00:00,LZ_WEST,2025-08-21 04:00:00+00:00,81.08749999999999,52.137603759765625,36.68576431274414,73.31665802001953
Chronos2,2025-08-21 00:00:00+00:00,LZ_WEST,2025-08-21 05:00:00+00:00,75.985,50.758888244628906,35.170631408691406,73.04475402832031
Chronos2,2025-08-21 00:00:00+00:00,LZ_WEST,2025-08-21 06:00:00+00:00,77.02416666666666,47.79771423339844,31.52621841430664,71.43646240234375
Chronos2,2025-08-21 00:00:00+00:00,LZ_WEST,2025-08-21 07:00:00+00:00,78.97416666666668,42.55784606933594,26.618812561035156,68.04155731201172
Chronos2,2025-08-21 00:00:00+00:00,LZ_WEST,2025-08-21 08:00:00+00:00,90.475,37.03566360473633,21.514205932617188,64.83881378173828
Chronos2,2025-08-21 00:00:00+00:00,LZ_WEST,2025-08-21 09:00:00+00:00,86.33,35.0267448425293,19.32610321044922,67.81292724609375
Chronos2,2025-08-21 00:00:00+00:00,LZ_WEST,2025-08-21 10:00:00+00:00,91.685,36.020790100097656,19.592670440673828,69.18933868408203
Chronos2,2025-08-21 00:00:00+00:00,LZ_WEST,2025-08-21 11:00:00+00:00,85.86833333333334,38.74370574951172,19.7003231048584,73.49747467041016
Chronos2,2025-08-21 00:00:00+00:00,LZ_WEST,2025-08-21 12:00:00+00:00,81.44,32.38402557373047,16.615394592285156,62.23472595214844
Chronos2,2025-08-21 00:00:00+00:00,LZ_WEST,2025-08-21 13:00:00+00:00,24.386666666666667,22.746530532836914,11.890357971191406,46.94350051879883
Chronos2,2025-08-21 00:00:00+00:00,LZ_WEST,2025-08-21 14:00:00+00:00,21.938333333333333,19.339588165283203,9.872169494628906,39.87147903442383
Chronos2,2025-08-21 00:00:00+00:00,LZ_WEST,2025-08-21 15:00:00+00:00,19.06416666666667,19.27979278564453,10.16360855102539,38.629695892333984
Chronos2,2025-08-21 00:00:00+00:00,LZ_WEST,2025-08-21 16:00:00+00:00,28.33333333333333,21.865541458129883,12.4840087890625,43.02580642700195
Chronos2,2025-08-21 00:00:00+00:00,LZ_WEST,2025-08-21 17:00:00+00:00,49.24333333333333,25.88724136352539,14.617683410644531,50.58986282348633
Chronos2,2025-08-21 00:00:00+00:00,LZ_WEST,2025-08-21 18:00:00+00:00,49.29333333333333,29.669445037841797,16.18218231201172,57.095420837402344
Chronos2,2025-08-21 00:00:00+00:00,LZ_WEST,2025-08-21 19:00:00+00:00,40.44916666666666,30.538349151611328,16.22632598876953,58.61767578125
Chronos2,2025-08-21 00:00:00+00:00,LZ_WEST,2025-08-21 20:00:00+00:00,39.85416666666666,34.7667350769043,18.51952362060547,65.37409210205078
Chronos2,2025-08-21 00:00:00+00:00,LZ_WEST,2025-08-21 21:00:00+00:00,44.24416666666667,41.639923095703125,22.530445098876953,72.87550354003906
Chronos2,2025-08-21 00:00:00+00:00,LZ_WEST,2025-08-21 22:00:00+00:00,34.93,49.85116958618164,27.59999656677246,84.08935546875
Chronos2,2025-08-21 00:00:00+00:00,LZ_WEST,2025-08-21 23:00:00+00:00,63.43083333333333,67.53482055664062,41.555076599121094,102.20968627929688
Chronos2,2025-08-22 00:00:00+00:00,HB_HUBAVG,2025-08-22 00:00:00+00:00,71.835,81.77334594726562,62.60034942626953,114.2467041015625
Chronos2,2025-08-22 00:00:00+00:00,HB_HUBAVG,2025-08-22 01:00:00+00:00,54.38166666666667,84.00505065917969,61.84817123413086,121.66352844238281
Chronos2,2025-08-22 00:00:00+00:00,HB_HUBAVG,2025-08-22 02:00:00+00:00,43.18416666666667,81.05193328857422,58.04920959472656,119.36092376708984
Chronos2,2025-08-22 00:00:00+00:00,HB_HUBAVG,2025-08-22 03:00:00+00:00,39.36666666666667,58.11603546142578,43.270286560058594,84.86419677734375
Chronos2,2025-08-22 00:00:00+00:00,HB_HUBAVG,2025-08-22 04:00:00+00:00,33.1175,41.501163482666016,32.230262756347656,58.70122528076172
Chronos2,2025-08-22 00:00:00+00:00,HB_HUBAVG,2025-08-22 05:00:00+00:00,30.245833333333337,36.99321365356445,29.291648864746094,49.63980484008789
Chronos2,2025-08-22 00:00:00+00:00,HB_HUBAVG,2025-08-22 06:00:00+00:00,31.02333333333333,33.45233154296875,26.9202938079834,44.381797790527344
Chronos2,2025-08-22 00:00:00+00:00,HB_HUBAVG,2025-08-22 07:00:00+00:00,30.33583333333333,31.57990264892578,25.892822265625,41.18341827392578
Chronos2,2025-08-22 00:00:00+00:00,HB_HUBAVG,2025-08-22 08:00:00+00:00,30.39833333333333,30.854328155517578,24.59609031677246,39.786949157714844
Chronos2,2025-08-22 00:00:00+00:00,HB_HUBAVG,2025-08-22 09:00:00+00:00,31.765833333333333,31.43369483947754,24.97445297241211,41.84754180908203
Chronos2,2025-08-22 00:00:00+00:00,HB_HUBAVG,2025-08-22 10:00:00+00:00,38.1725,35.51286315917969,27.685611724853516,47.70354461669922
Chronos2,2025-08-22 00:00:00+00:00,HB_HUBAVG,2025-08-22 11:00:00+00:00,39.93083333333333,41.33305740356445,32.110595703125,55.81196975708008
Chronos2,2025-08-22 00:00:00+00:00,HB_HUBAVG,2025-08-22 12:00:00+00:00,43.11666666666667,34.90342712402344,26.66044044494629,47.33415222167969
Chronos2,2025-08-22 00:00:00+00:00,HB_HUBAVG,2025-08-22 13:00:00+00:00,23.33333333333333,23.856685638427734,17.675718307495117,34.999107360839844
Chronos2,2025-08-22 00:00:00+00:00,HB_HUBAVG,2025-08-22 14:00:00+00:00,20.7075,20.911972045898438,15.256744384765625,30.94302749633789
Chronos2,2025-08-22 00:00:00+00:00,HB_HUBAVG,2025-08-22 15:00:00+00:00,20.856666666666666,21.10674285888672,15.477239608764648,30.446903228759766
Chronos2,2025-08-22 00:00:00+00:00,HB_HUBAVG,2025-08-22 16:00:00+00:00,24.051666666666662,26.742042541503906,19.904016494750977,41.363929748535156
Chronos2,2025-08-22 00:00:00+00:00,HB_HUBAVG,2025-08-22 17:00:00+00:00,24.844166666666663,32.67217254638672,24.179189682006836,50.52842330932617
Chronos2,2025-08-22 00:00:00+00:00,HB_HUBAVG,2025-08-22 18:00:00+00:00,26.455,37.875980377197266,27.480850219726562,59.09207534790039
Chronos2,2025-08-22 00:00:00+00:00,HB_HUBAVG,2025-08-22 19:00:00+00:00,29.584166666666665,40.57063293457031,29.17452049255371,64.99134826660156
Chronos2,2025-08-22 00:00:00+00:00,HB_HUBAVG,2025-08-22 20:00:00+00:00,29.115,44.278995513916016,30.80252456665039,73.50255584716797
Chronos2,2025-08-22 00:00:00+00:00,HB_HUBAVG,2025-08-22 21:00:00+00:00,41.74666666666667,45.72736740112305,30.361446380615234,80.44673919677734
Chronos2,2025-08-22 00:00:00+00:00,HB_HUBAVG,2025-08-22 22:00:00+00:00,38.02333333333333,47.215023040771484,31.08988380432129,86.16557312011719
Chronos2,2025-08-22 00:00:00+00:00,HB_HUBAVG,2025-08-22 23:00:00+00:00,44.85416666666666,65.51309967041016,42.889801025390625,113.14789581298828
Chronos2,2025-08-22 00:00:00+00:00,HB_PAN,2025-08-22 00:00:00+00:00,72.21249999999999,103.23008728027344,65.6733169555664,149.47923278808594
Chronos2,2025-08-22 00:00:00+00:00,HB_PAN,2025-08-22 01:00:00+00:00,53.45916666666667,104.0260009765625,58.01431655883789,156.89675903320312
Chronos2,2025-08-22 00:00:00+00:00,HB_PAN,2025-08-22 02:00:00+00:00,38.51083333333333,91.74507904052734,47.361968994140625,148.71546936035156
Chronos2,2025-08-22 00:00:00+00:00,HB_PAN,2025-08-22 03:00:00+00:00,34.785833333333336,65.60955047607422,32.598846435546875,118.05899047851562
Chronos2,2025-08-22 00:00:00+00:00,HB_PAN,2025-08-22 04:00:00+00:00,28.194166666666664,45.73456573486328,24.469444274902344,82.39683532714844
Chronos2,2025-08-22 00:00:00+00:00,HB_PAN,2025-08-22 05:00:00+00:00,31.326666666666668,40.25913619995117,22.96536636352539,69.95145416259766
Chronos2,2025-08-22 00:00:00+00:00,HB_PAN,2025-08-22 06:00:00+00:00,33.91166666666667,38.9860725402832,23.0244083404541,66.07894134521484
Chronos2,2025-08-22 00:00:00+00:00,HB_PAN,2025-08-22 07:00:00+00:00,33.57666666666667,37.168174743652344,22.339113235473633,61.91460037231445
Chronos2,2025-08-22 00:00:00+00:00,HB_PAN,2025-08-22 08:00:00+00:00,34.12583333333333,36.30846405029297,21.09903907775879,61.13573455810547
Chronos2,2025-08-22 00:00:00+00:00,HB_PAN,2025-08-22 09:00:00+00:00,35.58083333333333,35.4650993347168,20.051231384277344,62.64349365234375
Chronos2,2025-08-22 00:00:00+00:00,HB_PAN,2025-08-22 10:00:00+00:00,42.92416666666667,36.26054763793945,19.573423385620117,67.32965087890625
Chronos2,2025-08-22 00:00:00+00:00,HB_PAN,2025-08-22 11:00:00+00:00,44.01,37.914737701416016,19.117948532104492,70.27050018310547
Chronos2,2025-08-22 00:00:00+00:00,HB_PAN,2025-08-22 12:00:00+00:00,46.7075,33.18535614013672,17.23887062072754,61.975669860839844
Chronos2,2025-08-22 00:00:00+00:00,HB_PAN,2025-08-22 13:00:00+00:00,23.646666666666665,27.042070388793945,13.960037231445312,51.22492599487305
Chronos2,2025-08-22 00:00:00+00:00,HB_PAN,2025-08-22 14:00:00+00:00,20.70833333333333,24.351091384887695,11.51852035522461,47.82453918457031
Chronos2,2025-08-22 00:00:00+00:00,HB_PAN,2025-08-22 15:00:00+00:00,20.859166666666667,24.053382873535156,11.268613815307617,47.866268157958984
Chronos2,2025-08-22 00:00:00+00:00,HB_PAN,2025-08-22 16:00:00+00:00,24.051666666666662,26.584991455078125,13.738992691040039,53.86697006225586
Chronos2,2025-08-22 00:00:00+00:00,HB_PAN,2025-08-22 17:00:00+00:00,24.844166666666663,32.142112731933594,16.447080612182617,67.10224914550781
Chronos2,2025-08-22 00:00:00+00:00,HB_PAN,2025-08-22 18:00:00+00:00,26.46,36.15876770019531,18.43476104736328,77.1842041015625
Chronos2,2025-08-22 00:00:00+00:00,HB_PAN,2025-08-22 19:00:00+00:00,29.58666666666667,38.75782775878906,18.533140182495117,85.99368286132812
Chronos2,2025-08-22 00:00:00+00:00,HB_PAN,2025-08-22 20:00:00+00:00,26.924166666666668,43.1187744140625,18.647336959838867,101.56964111328125
Chronos2,2025-08-22 00:00:00+00:00,HB_PAN,2025-08-22 21:00:00+00:00,37.31166666666667,45.578704833984375,16.902847290039062,117.38844299316406
Chronos2,2025-08-22 00:00:00+00:00,HB_PAN,2025-08-22 22:00:00+00:00,37.0325,44.949615478515625,16.02037811279297,125.80575561523438
Chronos2,2025-08-22 00:00:00+00:00,HB_PAN,2025-08-22 23:00:00+00:00,44.84333333333333,60.31635284423828,19.31572914123535,146.37660217285156
Chronos2,2025-08-22 00:00:00+00:00,LZ_WEST,2025-08-22 00:00:00+00:00,72.44083333333333,79.89248657226562,61.101261138916016,105.198486328125
Chronos2,2025-08-22 00:00:00+00:00,LZ_WEST,2025-08-22 01:00:00+00:00,56.583333333333336,83.41120910644531,60.873863220214844,115.37892150878906
Chronos2,2025-08-22 00:00:00+00:00,LZ_WEST,2025-08-22 02:00:00+00:00,71.27083333333333,85.83894348144531,61.843605041503906,117.45803833007812
Chronos2,2025-08-22 00:00:00+00:00,LZ_WEST,2025-08-22 03:00:00+00:00,66.89916666666666,77.8924789428711,56.25382995605469,106.27546691894531
Chronos2,2025-08-22 00:00:00+00:00,LZ_WEST,2025-08-22 04:00:00+00:00,73.6825,71.26589965820312,52.01784133911133,97.54559326171875
Chronos2,2025-08-22 00:00:00+00:00,LZ_WEST,2025-08-22 05:00:00+00:00,70.20666666666666,69.51826477050781,50.05620574951172,94.42955780029297
Chronos2,2025-08-22 00:00:00+00:00,LZ_WEST,2025-08-22 06:00:00+00:00,75.06916666666666,66.73212432861328,45.87369918823242,92.65709686279297
Chronos2,2025-08-22 00:00:00+00:00,LZ_WEST,2025-08-22 07:00:00+00:00,78.505,63.332000732421875,41.47624969482422,90.00312805175781
Chronos2,2025-08-22 00:00:00+00:00,LZ_WEST,2025-08-22 08:00:00+00:00,85.69083333333333,60.82815933227539,36.675270080566406,91.37559509277344
Chronos2,2025-08-22 00:00:00+00:00,LZ_WEST,2025-08-22 09:00:00+00:00,87.45333333333333,59.724815368652344,32.900535583496094,93.61929321289062
Chronos2,2025-08-22 00:00:00+00:00,LZ_WEST,2025-08-22 10:00:00+00:00,97.55083333333334,62.62055206298828,32.319671630859375,98.80084991455078
Chronos2,2025-08-22 00:00:00+00:00,LZ_WEST,2025-08-22 11:00:00+00:00,87.20166666666667,64.29165649414062,36.250640869140625,99.76742553710938
Chronos2,2025-08-22 00:00:00+00:00,LZ_WEST,2025-08-22 12:00:00+00:00,81.15166666666666,52.64195251464844,28.85315704345703,82.65325164794922
Chronos2,2025-08-22 00:00:00+00:00,LZ_WEST,2025-08-22 13:00:00+00:00,26.83833333333333,25.915172576904297,14.056297302246094,50.9921989440918
Chronos2,2025-08-22 00:00:00+00:00,LZ_WEST,2025-08-22 14:00:00+00:00,20.72083333333333,20.95294952392578,12.347293853759766,39.385498046875
Chronos2,2025-08-22 00:00:00+00:00,LZ_WEST,2025-08-22 15:00:00+00:00,20.8775,20.38485336303711,12.697296142578125,36.04865646362305
Chronos2,2025-08-22 00:00:00+00:00,LZ_WEST,2025-08-22 16:00:00+00:00,24.051666666666662,23.52887725830078,14.987892150878906,44.64739227294922
Chronos2,2025-08-22 00:00:00+00:00,LZ_WEST,2025-08-22 17:00:00+00:00,24.844166666666663,27.5185489654541,16.9521484375,53.41346740722656
Chronos2,2025-08-22 00:00:00+00:00,LZ_WEST,2025-08-22 18:00:00+00:00,26.46,31.60702896118164,18.891765594482422,59.54179382324219
Chronos2,2025-08-22 00:00:00+00:00,LZ_WEST,2025-08-22 19:00:00+00:00,29.58666666666667,33.42665481567383,18.80777359008789,63.147117614746094
Chronos2,2025-08-22 00:00:00+00:00,LZ_WEST,2025-08-22 20:00:00+00:00,27.786666666666665,39.656639099121094,22.091384887695312,74.19424438476562
Chronos2,2025-08-22 00:00:00+00:00,LZ_WEST,2025-08-22 21:00:00+00:00,39.1075,48.27325439453125,25.101306915283203,87.93321228027344
Chronos2,2025-08-22 00:00:00+00:00,LZ_WEST,2025-08-22 22:00:00+00:00,37.45166666666667,58.04344177246094,31.27547836303711,101.95146179199219
Chronos2,2025-08-22 00:00:00+00:00,LZ_WEST,2025-08-22 23:00:00+00:00,44.84333333333333,80.50206756591797,49.81128692626953,126.77665710449219
Chronos2,2025-08-23 00:00:00+00:00,HB_HUBAVG,2025-08-23 00:00:00+00:00,77.85166666666667,54.972782135009766,43.84946060180664,70.391845703125
Chronos2,2025-08-23 00:00:00+00:00,HB_HUBAVG,2025-08-23 01:00:00+00:00,69.21083333333333,56.31063461303711,40.51239776611328,80.05088806152344
Chronos2,2025-08-23 00:00:00+00:00,HB_HUBAVG,2025-08-23 02:00:00+00:00,39.945,54.936161041259766,37.79082489013672,83.05415344238281
Chronos2,2025-08-23 00:00:00+00:00,HB_HUBAVG,2025-08-23 03:00:00+00:00,33.4675,41.82102584838867,29.851831436157227,61.32261276245117
Chronos2,2025-08-23 00:00:00+00:00,HB_HUBAVG,2025-08-23 04:00:00+00:00,29.77583333333333,33.58586883544922,24.74817657470703,46.17012023925781
Chronos2,2025-08-23 00:00:00+00:00,HB_HUBAVG,2025-08-23 05:00:00+00:00,29.109166666666667,31.135847091674805,23.170602798461914,41.88679885864258
Chronos2,2025-08-23 00:00:00+00:00,HB_HUBAVG,2025-08-23 06:00:00+00:00,27.90833333333333,30.530406951904297,22.919864654541016,40.84197998046875
Chronos2,2025-08-23 00:00:00+00:00,HB_HUBAVG,2025-08-23 07:00:00+00:00,27.3625,29.879716873168945,22.739782333374023,39.356327056884766
Chronos2,2025-08-23 00:00:00+00:00,HB_HUBAVG,2025-08-23 08:00:00+00:00,28.335833333333337,29.615108489990234,21.7912540435791,38.80539321899414
Chronos2,2025-08-23 00:00:00+00:00,HB_HUBAVG,2025-08-23 09:00:00+00:00,28.8875,30.79639434814453,22.57272720336914,41.37757110595703
Chronos2,2025-08-23 00:00:00+00:00,HB_HUBAVG,2025-08-23 10:00:00+00:00,29.36,33.533390045166016,23.790002822875977,46.197662353515625
Chronos2,2025-08-23 00:00:00+00:00,HB_HUBAVG,2025-08-23 11:00:00+00:00,30.56833333333333,36.38283920288086,25.6252384185791,52.414241790771484
Chronos2,2025-08-23 00:00:00+00:00,HB_HUBAVG,2025-08-23 12:00:00+00:00,27.22083333333333,34.22853469848633,23.675403594970703,49.52783203125
Chronos2,2025-08-23 00:00:00+00:00,HB_HUBAVG,2025-08-23 13:00:00+00:00,19.741666666666667,24.398033142089844,16.018951416015625,36.49939727783203
Chronos2,2025-08-23 00:00:00+00:00,HB_HUBAVG,2025-08-23 14:00:00+00:00,17.66,21.53953742980957,13.742183685302734,32.257179260253906
Chronos2,2025-08-23 00:00:00+00:00,HB_HUBAVG,2025-08-23 15:00:00+00:00,18.03833333333333,21.032026290893555,13.65896987915039,30.66943359375
Chronos2,2025-08-23 00:00:00+00:00,HB_HUBAVG,2025-08-23 16:00:00+00:00,21.0125,26.231887817382812,18.137161254882812,39.25971984863281
Chronos2,2025-08-23 00:00:00+00:00,HB_HUBAVG,2025-08-23 17:00:00+00:00,22.425833333333333,32.63694763183594,22.529075622558594,48.294281005859375
Chronos2,2025-08-23 00:00:00+00:00,HB_HUBAVG,2025-08-23 18:00:00+00:00,24.9475,36.9935302734375,24.944528579711914,56.417266845703125
Chronos2,2025-08-23 00:00:00+00:00,HB_HUBAVG,2025-08-23 19:00:00+00:00,23.765,38.120887756347656,25.596323013305664,59.54240798950195
Chronos2,2025-08-23 00:00:00+00:00,HB_HUBAVG,2025-08-23 20:00:00+00:00,32.7125,40.414058685302734,27.274784088134766,62.503257751464844
Chronos2,2025-08-23 00:00:00+00:00,HB_HUBAVG,2025-08-23 21:00:00+00:00,25.944166666666664,44.48158264160156,29.002683639526367,67.97724914550781
Chronos2,2025-08-23 00:00:00+00:00,HB_HUBAVG,2025-08-23 22:00:00+00:00,24.013333333333332,44.784427642822266,29.310291290283203,69.28515625
Chronos2,2025-08-23 00:00:00+00:00,HB_HUBAVG,2025-08-23 23:00:00+00:00,46.36333333333334,55.465816497802734,36.11482620239258,86.0755844116211
Chronos2,2025-08-23 00:00:00+00:00,HB_PAN,2025-08-23 00:00:00+00:00,77.82083333333334,59.955604553222656,40.952152252197266,89.62059783935547
Chronos2,2025-08-23 00:00:00+00:00,HB_PAN,2025-08-23 01:00:00+00:00,69.62916666666666,60.82313919067383,36.1014289855957,105.96405029296875
Chronos2,2025-08-23 00:00:00+00:00,HB_PAN,2025-08-23 02:00:00+00:00,40.08833333333333,57.60875701904297,31.458358764648438,106.32106018066406
Chronos2,2025-08-23 00:00:00+00:00,HB_PAN,2025-08-23 03:00:00+00:00,34.54416666666666,43.430362701416016,25.231456756591797,79.9817123413086
Chronos2,2025-08-23 00:00:00+00:00,HB_PAN,2025-08-23 04:00:00+00:00,31.26,34.9721794128418,21.269756317138672,56.863014221191406
Chronos2,2025-08-23 00:00:00+00:00,HB_PAN,2025-08-23 05:00:00+00:00,31.2925,33.96230697631836,21.852312088012695,51.8621826171875
Chronos2,2025-08-23 00:00:00+00:00,HB_PAN,2025-08-23 06:00:00+00:00,30.284166666666668,35.04934310913086,23.37989044189453,51.02924346923828
Chronos2,2025-08-23 00:00:00+00:00,HB_PAN,2025-08-23 07:00:00+00:00,29.825,35.490699768066406,24.64151954650879,49.47909927368164
Chronos2,2025-08-23 00:00:00+00:00,HB_PAN,2025-08-23 08:00:00+00:00,31.375,35.098201751708984,23.854305267333984,49.418792724609375
Chronos2,2025-08-23 00:00:00+00:00,HB_PAN,2025-08-23 09:00:00+00:00,32.11333333333334,35.61546325683594,23.45403480529785,51.98297882080078
Chronos2,2025-08-23 00:00:00+00:00,HB_PAN,2025-08-23 10:00:00+00:00,32.638333333333335,36.72475051879883,22.603330612182617,57.486671447753906
Chronos2,2025-08-23 00:00:00+00:00,HB_PAN,2025-08-23 11:00:00+00:00,33.83166666666667,37.012813568115234,22.156295776367188,63.66014862060547
Chronos2,2025-08-23 00:00:00+00:00,HB_PAN,2025-08-23 12:00:00+00:00,29.564166666666665,33.97544860839844,20.469573974609375,55.917118072509766
Chronos2,2025-08-23 00:00:00+00:00,HB_PAN,2025-08-23 13:00:00+00:00,19.78833333333333,29.000808715820312,17.02760124206543,45.649383544921875
Chronos2,2025-08-23 00:00:00+00:00,HB_PAN,2025-08-23 14:00:00+00:00,17.66,26.884891510009766,15.525932312011719,42.82134246826172
Chronos2,2025-08-23 00:00:00+00:00,HB_PAN,2025-08-23 15:00:00+00:00,18.03833333333333,26.7154541015625,15.476289749145508,41.122467041015625
Chronos2,2025-08-23 00:00:00+00:00,HB_PAN,2025-08-23 16:00:00+00:00,21.006666666666664,30.01207733154297,17.150901794433594,48.92578125
Chronos2,2025-08-23 00:00:00+00:00,HB_PAN,2025-08-23 17:00:00+00:00,22.415000000000003,34.032588958740234,20.12531089782715,55.865928649902344
Chronos2,2025-08-23 00:00:00+00:00,HB_PAN,2025-08-23 18:00:00+00:00,24.88083333333333,37.049583435058594,21.732147216796875,63.39839172363281
Chronos2,2025-08-23 00:00:00+00:00,HB_PAN,2025-08-23 19:00:00+00:00,22.9975,38.32437515258789,22.10748291015625,69.2094497680664
Chronos2,2025-08-23 00:00:00+00:00,HB_PAN,2025-08-23 20:00:00+00:00,31.80333333333333,39.76150894165039,21.55628776550293,74.5641098022461
Chronos2,2025-08-23 00:00:00+00:00,HB_PAN,2025-08-23 21:00:00+00:00,25.49,41.34207534790039,20.97063446044922,85.37446594238281
Chronos2,2025-08-23 00:00:00+00:00,HB_PAN,2025-08-23 22:00:00+00:00,23.7025,40.38262176513672,19.171157836914062,90.51597595214844
Chronos2,2025-08-23 00:00:00+00:00,HB_PAN,2025-08-23 23:00:00+00:00,46.36833333333333,47.15231704711914,21.618532180786133,106.41677856445312
Chronos2,2025-08-23 00:00:00+00:00,LZ_WEST,2025-08-23 00:00:00+00:00,77.82083333333334,57.33494567871094,41.86088562011719,79.50704193115234
Chronos2,2025-08-23 00:00:00+00:00,LZ_WEST,2025-08-23 01:00:00+00:00,76.01166666666667,63.91028594970703,43.40864562988281,91.38429260253906
Chronos2,2025-08-23 00:00:00+00:00,LZ_WEST,2025-08-23 02:00:00+00:00,60.7525,70.9546890258789,47.52108383178711,100.05438232421875
Chronos2,2025-08-23 00:00:00+00:00,LZ_WEST,2025-08-23 03:00:00+00:00,50.656666666666666,69.4216537475586,45.70086669921875,98.45835876464844
Chronos2,2025-08-23 00:00:00+00:00,LZ_WEST,2025-08-23 04:00:00+00:00,53.7375,68.71372985839844,45.78990173339844,96.6426010131836
Chronos2,2025-08-23 00:00:00+00:00,LZ_WEST,2025-08-23 05:00:00+00:00,64.61,69.91120147705078,46.252655029296875,97.70741271972656
Chronos2,2025-08-23 00:00:00+00:00,LZ_WEST,2025-08-23 06:00:00+00:00,66.68666666666667,70.01201629638672,45.6398811340332,99.51467895507812
Chronos2,2025-08-23 00:00:00+00:00,LZ_WEST,2025-08-23 07:00:00+00:00,66.95083333333334,71.8415298461914,45.60198211669922,102.0978012084961
Chronos2,2025-08-23 00:00:00+00:00,LZ_WEST,2025-08-23 08:00:00+00:00,76.385,74.30393981933594,45.26781463623047,106.45283508300781
Chronos2,2025-08-23 00:00:00+00:00,LZ_WEST,2025-08-23 09:00:00+00:00,79.50750000000001,76.7505111694336,43.83052444458008,112.08160400390625
Chronos2,2025-08-23 00:00:00+00:00,LZ_WEST,2025-08-23 10:00:00+00:00,80.29833333333333,76.64320373535156,40.80876922607422,114.67375183105469
Chronos2,2025-08-23 00:00:00+00:00,LZ_WEST,2025-08-23 11:00:00+00:00,80.62833333333333,75.01817321777344,40.576560974121094,112.65570831298828
Chronos2,2025-08-23 00:00:00+00:00,LZ_WEST,2025-08-23 12:00:00+00:00,61.40583333333333,65.71509552001953,35.03558349609375,104.1759033203125
Chronos2,2025-08-23 00:00:00+00:00,LZ_WEST,2025-08-23 13:00:00+00:00,20.486666666666668,29.966129302978516,14.658191680908203,57.904937744140625
Chronos2,2025-08-23 00:00:00+00:00,LZ_WEST,2025-08-23 14:00:00+00:00,17.6775,23.562328338623047,12.141773223876953,43.96993637084961
Chronos2,2025-08-23 00:00:00+00:00,LZ_WEST,2025-08-23 15:00:00+00:00,18.044166666666666,23.558456420898438,13.1490478515625,41.113311767578125
Chronos2,2025-08-23 00:00:00+00:00,LZ_WEST,2025-08-23 16:00:00+00:00,21.009166666666665,26.950193405151367,16.79352569580078,46.341758728027344
Chronos2,2025-08-23 00:00:00+00:00,LZ_WEST,2025-08-23 17:00:00+00:00,22.42,32.716575622558594,20.306835174560547,54.65509796142578
Chronos2,2025-08-23 00:00:00+00:00,LZ_WEST,2025-08-23 18:00:00+00:00,24.87833333333333,35.64406204223633,21.74634552001953,60.05552673339844
Chronos2,2025-08-23 00:00:00+00:00,LZ_WEST,2025-08-23 19:00:00+00:00,23.30333333333333,36.73856735229492,21.299415588378906,62.78683853149414
Chronos2,2025-08-23 00:00:00+00:00,LZ_WEST,2025-08-23 20:00:00+00:00,32.16916666666666,39.79029846191406,22.436824798583984,69.50531768798828
Chronos2,2025-08-23 00:00:00+00:00,LZ_WEST,2025-08-23 21:00:00+00:00,25.6675,47.50611877441406,25.234394073486328,80.84386444091797
Chronos2,2025-08-23 00:00:00+00:00,LZ_WEST,2025-08-23 22:00:00+00:00,23.824166666666667,54.23017883300781,27.604433059692383,93.1195068359375
Chronos2,2025-08-23 00:00:00+00:00,LZ_WEST,2025-08-23 23:00:00+00:00,46.37833333333333,70.01162719726562,37.18610382080078,106.72980499267578
Chronos2,2025-08-24 00:00:00+00:00,HB_HUBAVG,2025-08-24 00:00:00+00:00,100.8725,62.4691162109375,47.91106033325195,82.62690734863281
Chronos2,2025-08-24 00:00:00+00:00,HB_HUBAVG,2025-08-24 01:00:00+00:00,102.75583333333331,55.91876220703125,40.410831451416016,77.34492492675781
Chronos2,2025-08-24 00:00:00+00:00,HB_HUBAVG,2025-08-24 02:00:00+00:00,90.16,47.019588470458984,34.53910446166992,66.60846710205078
Chronos2,2025-08-24 00:00:00+00:00,HB_HUBAVG,2025-08-24 03:00:00+00:00,54.182500000000005,36.51395797729492,27.834440231323242,49.41145324707031
Chronos2,2025-08-24 00:00:00+00:00,HB_HUBAVG,2025-08-24 04:00:00+00:00,35.64083333333333,29.519620895385742,23.751325607299805,38.225311279296875
Chronos2,2025-08-24 00:00:00+00:00,HB_HUBAVG,2025-08-24 05:00:00+00:00,40.34,27.71373748779297,22.844810485839844,34.82072448730469
Chronos2,2025-08-24 00:00:00+00:00,HB_HUBAVG,2025-08-24 06:00:00+00:00,30.53833333333333,26.922758102416992,22.610708236694336,33.188934326171875
Chronos2,2025-08-24 00:00:00+00:00,HB_HUBAVG,2025-08-24 07:00:00+00:00,29.35166666666667,25.999197006225586,21.87158203125,31.960304260253906
Chronos2,2025-08-24 00:00:00+00:00,HB_HUBAVG,2025-08-24 08:00:00+00:00,29.598333333333333,26.178298950195312,21.55849838256836,31.610599517822266
Chronos2,2025-08-24 00:00:00+00:00,HB_HUBAVG,2025-08-24 09:00:00+00:00,29.919166666666666,26.699806213378906,21.743003845214844,33.26490783691406
Chronos2,2025-08-24 00:00:00+00:00,HB_HUBAVG,2025-08-24 10:00:00+00:00,29.473333333333333,28.47075653076172,21.979827880859375,36.40625762939453
Chronos2,2025-08-24 00:00:00+00:00,HB_HUBAVG,2025-08-24 11:00:00+00:00,30.004166666666663,30.884193420410156,23.57430648803711,40.298805236816406
Chronos2,2025-08-24 00:00:00+00:00,HB_HUBAVG,2025-08-24 12:00:00+00:00,26.876666666666665,28.24504852294922,21.26709747314453,37.26662063598633
Chronos2,2025-08-24 00:00:00+00:00,HB_HUBAVG,2025-08-24 13:00:00+00:00,19.264166666666664,19.651134490966797,14.371213912963867,27.290538787841797
Chronos2,2025-08-24 00:00:00+00:00,HB_HUBAVG,2025-08-24 14:00:00+00:00,16.97583333333333,16.66543960571289,11.427021026611328,23.956287384033203
Chronos2,2025-08-24 00:00:00+00:00,HB_HUBAVG,2025-08-24 15:00:00+00:00,17.383333333333333,16.164182662963867,10.92165756225586,22.587913513183594
Chronos2,2025-08-24 00:00:00+00:00,HB_HUBAVG,2025-08-24 16:00:00+00:00,19.4075,20.289783477783203,15.017271041870117,29.388561248779297
Chronos2,2025-08-24 00:00:00+00:00,HB_HUBAVG,2025-08-24 17:00:00+00:00,28.92333333333333,25.444068908691406,18.516090393066406,38.45234680175781
Chronos2,2025-08-24 00:00:00+00:00,HB_HUBAVG,2025-08-24 18:00:00+00:00,35.59166666666666,28.98366928100586,20.47663116455078,45.23000717163086
Chronos2,2025-08-24 00:00:00+00:00,HB_HUBAVG,2025-08-24 19:00:00+00:00,42.2125,29.74779510498047,21.11018943786621,46.35902404785156
Chronos2,2025-08-24 00:00:00+00:00,HB_HUBAVG,2025-08-24 20:00:00+00:00,43.8,32.10858154296875,22.10875129699707,50.54637908935547
Chronos2,2025-08-24 00:00:00+00:00,HB_HUBAVG,2025-08-24 21:00:00+00:00,53.0525,34.196937561035156,22.73946189880371,56.31277847290039
Chronos2,2025-08-24 00:00:00+00:00,HB_HUBAVG,2025-08-24 22:00:00+00:00,49.26666666666667,35.05646514892578,23.27727508544922,57.40789031982422
Chronos2,2025-08-24 00:00:00+00:00,HB_HUBAVG,2025-08-24 23:00:00+00:00,95.8625,50.38703918457031,33.55057144165039,78.81259155273438
Chronos2,2025-08-24 00:00:00+00:00,HB_PAN,2025-08-24 00:00:00+00:00,100.82416666666666,65.0621337890625,49.229652404785156,87.49378204345703
Chronos2,2025-08-24 00:00:00+00:00,HB_PAN,2025-08-24 01:00:00+00:00,102.70416666666668,58.7102165222168,42.966182708740234,83.2758560180664
Chronos2,2025-08-24 00:00:00+00:00,HB_PAN,2025-08-24 02:00:00+00:00,90.11916666666669,46.77186584472656,34.046939849853516,66.33895874023438
Chronos2,2025-08-24 00:00:00+00:00,HB_PAN,2025-08-24 03:00:00+00:00,55.1225,35.79718780517578,26.62520980834961,49.657470703125
Chronos2,2025-08-24 00:00:00+00:00,HB_PAN,2025-08-24 04:00:00+00:00,37.7075,29.575286865234375,22.534704208374023,39.596900939941406
Chronos2,2025-08-24 00:00:00+00:00,HB_PAN,2025-08-24 05:00:00+00:00,42.16416666666667,29.649059295654297,23.30185890197754,38.15630340576172
Chronos2,2025-08-24 00:00:00+00:00,HB_PAN,2025-08-24 06:00:00+00:00,32.72666666666667,29.968788146972656,23.867019653320312,37.70700454711914
Chronos2,2025-08-24 00:00:00+00:00,HB_PAN,2025-08-24 07:00:00+00:00,32.40416666666667,29.36377716064453,23.51695442199707,36.657466888427734
Chronos2,2025-08-24 00:00:00+00:00,HB_PAN,2025-08-24 08:00:00+00:00,32.66416666666667,29.76158905029297,23.40797233581543,36.58049011230469
Chronos2,2025-08-24 00:00:00+00:00,HB_PAN,2025-08-24 09:00:00+00:00,33.24916666666667,30.297420501708984,23.577144622802734,38.380924224853516
Chronos2,2025-08-24 00:00:00+00:00,HB_PAN,2025-08-24 10:00:00+00:00,33.40333333333333,33.03586959838867,24.741268157958984,42.725284576416016
Chronos2,2025-08-24 00:00:00+00:00,HB_PAN,2025-08-24 11:00:00+00:00,34.11666666666667,35.845645904541016,26.732074737548828,47.439308166503906
Chronos2,2025-08-24 00:00:00+00:00,HB_PAN,2025-08-24 12:00:00+00:00,31.545,32.632102966308594,23.794429779052734,43.09982681274414
Chronos2,2025-08-24 00:00:00+00:00,HB_PAN,2025-08-24 13:00:00+00:00,19.295,22.394447326660156,15.170391082763672,31.890779495239258
Chronos2,2025-08-24 00:00:00+00:00,HB_PAN,2025-08-24 14:00:00+00:00,16.9775,19.319618225097656,12.546728134155273,28.08329963684082
Chronos2,2025-08-24 00:00:00+00:00,HB_PAN,2025-08-24 15:00:00+00:00,17.385,18.299373626708984,11.657081604003906,26.11374282836914
Chronos2,2025-08-24 00:00:00+00:00,HB_PAN,2025-08-24 16:00:00+00:00,19.349166666666665,21.470651626586914,14.341354370117188,31.969635009765625
Chronos2,2025-08-24 00:00:00+00:00,HB_PAN,2025-08-24 17:00:00+00:00,28.799166666666665,25.242395401000977,17.201875686645508,37.7541618347168
Chronos2,2025-08-24 00:00:00+00:00,HB_PAN,2025-08-24 18:00:00+00:00,33.70916666666667,27.515888214111328,18.618162155151367,42.27479934692383
Chronos2,2025-08-24 00:00:00+00:00,HB_PAN,2025-08-24 19:00:00+00:00,40.22,28.200706481933594,19.136009216308594,44.316993713378906
Chronos2,2025-08-24 00:00:00+00:00,HB_PAN,2025-08-24 20:00:00+00:00,40.13583333333333,29.84720230102539,19.00595474243164,48.99739456176758
Chronos2,2025-08-24 00:00:00+00:00,HB_PAN,2025-08-24 21:00:00+00:00,46.89000000000001,30.922149658203125,18.837507247924805,55.8165283203125
Chronos2,2025-08-24 00:00:00+00:00,HB_PAN,2025-08-24 22:00:00+00:00,38.485,29.523895263671875,16.965639114379883,55.501617431640625
Chronos2,2025-08-24 00:00:00+00:00,HB_PAN,2025-08-24 23:00:00+00:00,94.8575,40.75675582885742,24.878276824951172,75.28242492675781
Chronos2,2025-08-24 00:00:00+00:00,LZ_WEST,2025-08-24 00:00:00+00:00,100.82166666666669,66.38260650634766,50.19751739501953,85.62328338623047
Chronos2,2025-08-24 00:00:00+00:00,LZ_WEST,2025-08-24 01:00:00+00:00,102.70083333333334,65.78178405761719,47.348968505859375,87.3551025390625
Chronos2,2025-08-24 00:00:00+00:00,LZ_WEST,2025-08-24 02:00:00+00:00,90.1125,63.793800354003906,45.33289337158203,84.478515625
Chronos2,2025-08-24 00:00:00+00:00,LZ_WEST,2025-08-24 03:00:00+00:00,68.70083333333334,57.677955627441406,40.77840042114258,77.57154846191406
Chronos2,2025-08-24 00:00:00+00:00,LZ_WEST,2025-08-24 04:00:00+00:00,67.35916666666667,58.187522888183594,42.99005889892578,75.76127624511719
Chronos2,2025-08-24 00:00:00+00:00,LZ_WEST,2025-08-24 05:00:00+00:00,68.66166666666666,62.72953796386719,48.80563735961914,78.07151794433594
Chronos2,2025-08-24 00:00:00+00:00,LZ_WEST,2025-08-24 06:00:00+00:00,57.810833333333335,64.5268325805664,50.52961349487305,79.39440155029297
Chronos2,2025-08-24 00:00:00+00:00,LZ_WEST,2025-08-24 07:00:00+00:00,67.38916666666667,63.803794860839844,47.755859375,79.89704895019531
Chronos2,2025-08-24 00:00:00+00:00,LZ_WEST,2025-08-24 08:00:00+00:00,74.50416666666666,65.77300262451172,45.70584487915039,84.98402404785156
Chronos2,2025-08-24 00:00:00+00:00,LZ_WEST,2025-08-24 09:00:00+00:00,81.62416666666667,66.45079803466797,39.4814567565918,89.16482543945312
Chronos2,2025-08-24 00:00:00+00:00,LZ_WEST,2025-08-24 10:00:00+00:00,90.18,67.6515121459961,31.037498474121094,92.083251953125
Chronos2,2025-08-24 00:00:00+00:00,LZ_WEST,2025-08-24 11:00:00+00:00,93.02833333333332,64.67508697509766,29.986417770385742,94.3658447265625
Chronos2,2025-08-24 00:00:00+00:00,LZ_WEST,2025-08-24 12:00:00+00:00,97.83833333333332,50.7139778137207,24.871505737304688,83.60163879394531
Chronos2,2025-08-24 00:00:00+00:00,LZ_WEST,2025-08-24 13:00:00+00:00,19.7425,21.303192138671875,13.2679443359375,36.91441345214844
Chronos2,2025-08-24 00:00:00+00:00,LZ_WEST,2025-08-24 14:00:00+00:00,17.0025,17.931476593017578,12.14108657836914,29.230701446533203
Chronos2,2025-08-24 00:00:00+00:00,LZ_WEST,2025-08-24 15:00:00+00:00,17.405833333333334,17.569320678710938,12.488414764404297,27.181798934936523
Chronos2,2025-08-24 00:00:00+00:00,LZ_WEST,2025-08-24 16:00:00+00:00,19.299166666666668,20.890968322753906,14.888351440429688,31.17805290222168
Chronos2,2025-08-24 00:00:00+00:00,LZ_WEST,2025-08-24 17:00:00+00:00,28.79833333333333,25.013633728027344,18.507427215576172,38.614341735839844
Chronos2,2025-08-24 00:00:00+00:00,LZ_WEST,2025-08-24 18:00:00+00:00,34.4575,27.437000274658203,19.887134552001953,44.18832015991211
Chronos2,2025-08-24 00:00:00+00:00,LZ_WEST,2025-08-24 19:00:00+00:00,41.01083333333333,27.64464569091797,19.079303741455078,46.438270568847656
Chronos2,2025-08-24 00:00:00+00:00,LZ_WEST,2025-08-24 20:00:00+00:00,41.6075,28.507293701171875,19.028682708740234,52.37246322631836
Chronos2,2025-08-24 00:00:00+00:00,LZ_WEST,2025-08-24 21:00:00+00:00,49.69166666666666,33.658599853515625,20.350475311279297,63.276588439941406
Chronos2,2025-08-24 00:00:00+00:00,LZ_WEST,2025-08-24 22:00:00+00:00,42.94833333333333,39.58111572265625,22.424365997314453,74.86266326904297
Chronos2,2025-08-24 00:00:00+00:00,LZ_WEST,2025-08-24 23:00:00+00:00,106.00583333333331,64.95258331298828,36.66679763793945,101.29049682617188
Chronos2,2025-08-25 00:00:00+00:00,HB_HUBAVG,2025-08-25 00:00:00+00:00,116.71750000000002,112.30577087402344,82.58706665039062,150.97015380859375
Chronos2,2025-08-25 00:00:00+00:00,HB_HUBAVG,2025-08-25 01:00:00+00:00,109.4725,106.37684631347656,72.04705810546875,144.6709747314453
Chronos2,2025-08-25 00:00:00+00:00,HB_HUBAVG,2025-08-25 02:00:00+00:00,107.01,93.10855102539062,61.61386489868164,130.66427612304688
Chronos2,2025-08-25 00:00:00+00:00,HB_HUBAVG,2025-08-25 03:00:00+00:00,41.623333333333335,64.5793228149414,45.81010055541992,91.04867553710938
Chronos2,2025-08-25 00:00:00+00:00,HB_HUBAVG,2025-08-25 04:00:00+00:00,34.235,41.822994232177734,31.45577621459961,57.63654327392578
Chronos2,2025-08-25 00:00:00+00:00,HB_HUBAVG,2025-08-25 05:00:00+00:00,27.424166666666668,36.20087432861328,27.84306526184082,48.468353271484375
Chronos2,2025-08-25 00:00:00+00:00,HB_HUBAVG,2025-08-25 06:00:00+00:00,24.955,33.467559814453125,26.579179763793945,44.44084930419922
Chronos2,2025-08-25 00:00:00+00:00,HB_HUBAVG,2025-08-25 07:00:00+00:00,24.4075,31.737335205078125,25.52423858642578,41.167049407958984
Chronos2,2025-08-25 00:00:00+00:00,HB_HUBAVG,2025-08-25 08:00:00+00:00,24.99,31.897510528564453,25.26238250732422,40.523475646972656
Chronos2,2025-08-25 00:00:00+00:00,HB_HUBAVG,2025-08-25 09:00:00+00:00,24.674166666666668,32.564754486083984,25.461517333984375,43.83156204223633
Chronos2,2025-08-25 00:00:00+00:00,HB_HUBAVG,2025-08-25 10:00:00+00:00,25.37,34.913673400878906,25.907625198364258,49.60533905029297
Chronos2,2025-08-25 00:00:00+00:00,HB_HUBAVG,2025-08-25 11:00:00+00:00,25.725,38.198699951171875,27.21232795715332,55.954193115234375
Chronos2,2025-08-25 00:00:00+00:00,HB_HUBAVG,2025-08-25 12:00:00+00:00,24.249166666666667,32.81195831298828,23.72347068786621,48.06610870361328
Chronos2,2025-08-25 00:00:00+00:00,HB_HUBAVG,2025-08-25 13:00:00+00:00,20.48,23.605642318725586,17.43521499633789,35.2076416015625
Chronos2,2025-08-25 00:00:00+00:00,HB_HUBAVG,2025-08-25 14:00:00+00:00,19.563333333333333,20.88981056213379,15.014322280883789,30.85340118408203
Chronos2,2025-08-25 00:00:00+00:00,HB_HUBAVG,2025-08-25 15:00:00+00:00,18.104166666666668,21.409976959228516,15.700363159179688,30.752700805664062
Chronos2,2025-08-25 00:00:00+00:00,HB_HUBAVG,2025-08-25 16:00:00+00:00,20.116666666666664,24.859947204589844,19.24837303161621,36.087738037109375
Chronos2,2025-08-25 00:00:00+00:00,HB_HUBAVG,2025-08-25 17:00:00+00:00,24.43166666666667,34.07762908935547,24.842098236083984,49.296653747558594
Chronos2,2025-08-25 00:00:00+00:00,HB_HUBAVG,2025-08-25 18:00:00+00:00,38.47416666666667,39.485389709472656,27.332035064697266,59.716915130615234
Chronos2,2025-08-25 00:00:00+00:00,HB_HUBAVG,2025-08-25 19:00:00+00:00,35.600833333333334,41.7369384765625,28.3076171875,64.29811096191406
Chronos2,2025-08-25 00:00:00+00:00,HB_HUBAVG,2025-08-25 20:00:00+00:00,28.939166666666665,48.38880920410156,31.943164825439453,74.16222381591797
Chronos2,2025-08-25 00:00:00+00:00,HB_HUBAVG,2025-08-25 21:00:00+00:00,29.436666666666667,54.07268142700195,33.66726303100586,84.47622680664062
Chronos2,2025-08-25 00:00:00+00:00,HB_HUBAVG,2025-08-25 22:00:00+00:00,42.219166666666666,56.631683349609375,33.00120544433594,95.30465698242188
Chronos2,2025-08-25 00:00:00+00:00,HB_HUBAVG,2025-08-25 23:00:00+00:00,57.04333333333333,79.30390930175781,43.98365020751953,129.69964599609375
Chronos2,2025-08-25 00:00:00+00:00,HB_PAN,2025-08-25 00:00:00+00:00,115.20583333333332,117.21759033203125,81.21806335449219,163.83348083496094
Chronos2,2025-08-25 00:00:00+00:00,HB_PAN,2025-08-25 01:00:00+00:00,104.88083333333331,112.45187377929688,70.85137176513672,159.2508544921875
Chronos2,2025-08-25 00:00:00+00:00,HB_PAN,2025-08-25 02:00:00+00:00,97.80833333333334,97.77505493164062,59.42108917236328,144.11669921875
Chronos2,2025-08-25 00:00:00+00:00,HB_PAN,2025-08-25 03:00:00+00:00,28.31083333333333,64.52381134033203,41.69915771484375,98.27928161621094
Chronos2,2025-08-25 00:00:00+00:00,HB_PAN,2025-08-25 04:00:00+00:00,17.341666666666665,41.980098724365234,29.428970336914062,61.74357223510742
Chronos2,2025-08-25 00:00:00+00:00,HB_PAN,2025-08-25 05:00:00+00:00,22.5375,39.263343811035156,28.52767562866211,55.01250076293945
Chronos2,2025-08-25 00:00:00+00:00,HB_PAN,2025-08-25 06:00:00+00:00,27.136666666666667,37.535850524902344,28.24264907836914,50.912132263183594
Chronos2,2025-08-25 00:00:00+00:00,HB_PAN,2025-08-25 07:00:00+00:00,26.221666666666668,35.520240783691406,27.057111740112305,47.19965362548828
Chronos2,2025-08-25 00:00:00+00:00,HB_PAN,2025-08-25 08:00:00+00:00,26.640833333333333,36.030517578125,26.658185958862305,48.94198989868164
Chronos2,2025-08-25 00:00:00+00:00,HB_PAN,2025-08-25 09:00:00+00:00,26.90333333333333,36.54648208618164,26.175464630126953,51.30276107788086
Chronos2,2025-08-25 00:00:00+00:00,HB_PAN,2025-08-25 10:00:00+00:00,27.1775,38.93259811401367,26.59098243713379,58.20387649536133
Chronos2,2025-08-25 00:00:00+00:00,HB_PAN,2025-08-25 11:00:00+00:00,26.344166666666663,42.96571731567383,28.770845413208008,65.49097442626953
Chronos2,2025-08-25 00:00:00+00:00,HB_PAN,2025-08-25 12:00:00+00:00,24.535833333333333,37.1889533996582,25.403560638427734,55.740875244140625
Chronos2,2025-08-25 00:00:00+00:00,HB_PAN,2025-08-25 13:00:00+00:00,20.5075,25.13233757019043,17.160398483276367,39.230262756347656
Chronos2,2025-08-25 00:00:00+00:00,HB_PAN,2025-08-25 14:00:00+00:00,19.535833333333333,21.51419448852539,14.20669937133789,33.23664855957031
Chronos2,2025-08-25 00:00:00+00:00,HB_PAN,2025-08-25 15:00:00+00:00,14.386666666666663,21.84210968017578,14.72134780883789,32.931636810302734
Chronos2,2025-08-25 00:00:00+00:00,HB_PAN,2025-08-25 16:00:00+00:00,14.024166666666666,23.708812713623047,17.10335350036621,37.25602722167969
Chronos2,2025-08-25 00:00:00+00:00,HB_PAN,2025-08-25 17:00:00+00:00,19.79,31.56463050842285,21.283857345581055,50.232208251953125
Chronos2,2025-08-25 00:00:00+00:00,HB_PAN,2025-08-25 18:00:00+00:00,32.32666666666666,36.19878387451172,23.130908966064453,61.582515716552734
Chronos2,2025-08-25 00:00:00+00:00,HB_PAN,2025-08-25 19:00:00+00:00,33.83583333333333,38.30514907836914,23.244497299194336,66.66204071044922
Chronos2,2025-08-25 00:00:00+00:00,HB_PAN,2025-08-25 20:00:00+00:00,28.964166666666667,43.88973617553711,25.43255615234375,76.40766906738281
Chronos2,2025-08-25 00:00:00+00:00,HB_PAN,2025-08-25 21:00:00+00:00,27.49083333333333,49.55131912231445,25.974834442138672,89.30374908447266
Chronos2,2025-08-25 00:00:00+00:00,HB_PAN,2025-08-25 22:00:00+00:00,39.99666666666666,53.026790618896484,26.469743728637695,106.69474792480469
Chronos2,2025-08-25 00:00:00+00:00,HB_PAN,2025-08-25 23:00:00+00:00,57.90833333333333,82.10433197021484,39.471107482910156,147.06640625
Chronos2,2025-08-25 00:00:00+00:00,LZ_WEST,2025-08-25 00:00:00+00:00,127.8725,106.59274291992188,81.34387969970703,149.37802124023438
Chronos2,2025-08-25 00:00:00+00:00,LZ_WEST,2025-08-25 01:00:00+00:00,112.95833333333331,101.84002685546875,74.75563049316406,142.82940673828125
Chronos2,2025-08-25 00:00:00+00:00,LZ_WEST,2025-08-25 02:00:00+00:00,111.91166666666668,97.10245513916016,72.55599975585938,133.07235717773438
Chronos2,2025-08-25 00:00:00+00:00,LZ_WEST,2025-08-25 03:00:00+00:00,62.34583333333333,80.99851989746094,62.62696075439453,107.94282531738281
Chronos2,2025-08-25 00:00:00+00:00,LZ_WEST,2025-08-25 04:00:00+00:00,78.335,74.37740325927734,60.59307861328125,96.21076965332031
Chronos2,2025-08-25 00:00:00+00:00,LZ_WEST,2025-08-25 05:00:00+00:00,69.06583333333333,73.45488739013672,60.68679428100586,92.35821533203125
Chronos2,2025-08-25 00:00:00+00:00,LZ_WEST,2025-08-25 06:00:00+00:00,60.59166666666667,70.49772644042969,57.76811218261719,88.44305419921875
Chronos2,2025-08-25 00:00:00+00:00,LZ_WEST,2025-08-25 07:00:00+00:00,54.16333333333333,68.60301971435547,55.44528579711914,87.88743591308594
Chronos2,2025-08-25 00:00:00+00:00,LZ_WEST,2025-08-25 08:00:00+00:00,62.55833333333333,73.05485534667969,57.60321807861328,94.03138732910156
Chronos2,2025-08-25 00:00:00+00:00,LZ_WEST,2025-08-25 09:00:00+00:00,61.3575,76.33700561523438,58.69762420654297,102.79444885253906
Chronos2,2025-08-25 00:00:00+00:00,LZ_WEST,2025-08-25 10:00:00+00:00,55.15583333333333,78.97239685058594,55.45235061645508,111.11017608642578
Chronos2,2025-08-25 00:00:00+00:00,LZ_WEST,2025-08-25 11:00:00+00:00,35.865,80.82893371582031,54.682918548583984,118.09497833251953
Chronos2,2025-08-25 00:00:00+00:00,LZ_WEST,2025-08-25 12:00:00+00:00,28.90833333333333,70.54655456542969,46.381290435791016,109.44879150390625
Chronos2,2025-08-25 00:00:00+00:00,LZ_WEST,2025-08-25 13:00:00+00:00,20.929166666666667,26.877408981323242,18.785152435302734,47.49180221557617
Chronos2,2025-08-25 00:00:00+00:00,LZ_WEST,2025-08-25 14:00:00+00:00,19.524166666666662,23.30237579345703,17.09823989868164,39.33271408081055
Chronos2,2025-08-25 00:00:00+00:00,LZ_WEST,2025-08-25 15:00:00+00:00,15.434166666666668,22.949031829833984,17.797645568847656,35.76055908203125
Chronos2,2025-08-25 00:00:00+00:00,LZ_WEST,2025-08-25 16:00:00+00:00,16.058333333333334,27.76299476623535,21.61459732055664,43.622962951660156
Chronos2,2025-08-25 00:00:00+00:00,LZ_WEST,2025-08-25 17:00:00+00:00,20.789166666666667,32.14640808105469,24.59676742553711,55.75221633911133
Chronos2,2025-08-25 00:00:00+00:00,LZ_WEST,2025-08-25 18:00:00+00:00,34.03666666666667,35.962913513183594,25.372337341308594,64.80904388427734
Chronos2,2025-08-25 00:00:00+00:00,LZ_WEST,2025-08-25 19:00:00+00:00,34.03333333333334,36.493961334228516,23.910316467285156,71.771484375
Chronos2,2025-08-25 00:00:00+00:00,LZ_WEST,2025-08-25 20:00:00+00:00,28.85083333333333,41.36334228515625,23.61347198486328,86.81097412109375
Chronos2,2025-08-25 00:00:00+00:00,LZ_WEST,2025-08-25 21:00:00+00:00,28.846666666666668,48.17579650878906,23.85320281982422,104.7435531616211
Chronos2,2025-08-25 00:00:00+00:00,LZ_WEST,2025-08-25 22:00:00+00:00,42.65333333333333,47.810150146484375,20.91259765625,114.01611328125
Chronos2,2025-08-25 00:00:00+00:00,LZ_WEST,2025-08-25 23:00:00+00:00,61.37583333333333,82.09951782226562,42.17149353027344,141.78536987304688
Chronos2,2025-08-26 00:00:00+00:00,HB_HUBAVG,2025-08-26 00:00:00+00:00,66.37416666666667,81.0596923828125,57.87690734863281,111.10133361816406
Chronos2,2025-08-26 00:00:00+00:00,HB_HUBAVG,2025-08-26 01:00:00+00:00,53.71833333333333,80.89436340332031,51.155181884765625,117.09588623046875
Chronos2,2025-08-26 00:00:00+00:00,HB_HUBAVG,2025-08-26 02:00:00+00:00,33.45333333333333,69.8421859741211,43.6300048828125,108.97555541992188
Chronos2,2025-08-26 00:00:00+00:00,HB_HUBAVG,2025-08-26 03:00:00+00:00,31.3575,47.6251220703125,34.857688903808594,70.02201843261719
Chronos2,2025-08-26 00:00:00+00:00,HB_HUBAVG,2025-08-26 04:00:00+00:00,26.4725,34.197689056396484,27.26336097717285,45.81233215332031
Chronos2,2025-08-26 00:00:00+00:00,HB_HUBAVG,2025-08-26 05:00:00+00:00,24.3225,29.972309112548828,24.72831916809082,38.44374084472656
Chronos2,2025-08-26 00:00:00+00:00,HB_HUBAVG,2025-08-26 06:00:00+00:00,23.8225,28.31340980529785,24.137744903564453,35.549957275390625
Chronos2,2025-08-26 00:00:00+00:00,HB_HUBAVG,2025-08-26 07:00:00+00:00,24.56833333333333,27.422779083251953,23.285259246826172,33.64155960083008
Chronos2,2025-08-26 00:00:00+00:00,HB_HUBAVG,2025-08-26 08:00:00+00:00,24.410833333333333,27.366762161254883,22.536832809448242,33.29886245727539
Chronos2,2025-08-26 00:00:00+00:00,HB_HUBAVG,2025-08-26 09:00:00+00:00,25.365,27.97991943359375,22.792964935302734,35.907196044921875
Chronos2,2025-08-26 00:00:00+00:00,HB_HUBAVG,2025-08-26 10:00:00+00:00,28.5875,29.872962951660156,23.192710876464844,40.0852165222168
Chronos2,2025-08-26 00:00:00+00:00,HB_HUBAVG,2025-08-26 11:00:00+00:00,41.39833333333333,31.1352481842041,23.421070098876953,42.92707443237305
Chronos2,2025-08-26 00:00:00+00:00,HB_HUBAVG,2025-08-26 12:00:00+00:00,46.465833333333336,27.307689666748047,20.581565856933594,37.55492401123047
Chronos2,2025-08-26 00:00:00+00:00,HB_HUBAVG,2025-08-26 13:00:00+00:00,26.16916666666667,20.674842834472656,16.077415466308594,28.514537811279297
Chronos2,2025-08-26 00:00:00+00:00,HB_HUBAVG,2025-08-26 14:00:00+00:00,23.75583333333333,18.627756118774414,14.213342666625977,26.09680938720703
Chronos2,2025-08-26 00:00:00+00:00,HB_HUBAVG,2025-08-26 15:00:00+00:00,23.4225,18.94353485107422,14.597208023071289,25.190872192382812
Chronos2,2025-08-26 00:00:00+00:00,HB_HUBAVG,2025-08-26 16:00:00+00:00,24.329166666666666,22.583724975585938,17.64592170715332,32.050777435302734
Chronos2,2025-08-26 00:00:00+00:00,HB_HUBAVG,2025-08-26 17:00:00+00:00,36.715833333333336,27.653566360473633,20.428714752197266,41.9690055847168
Chronos2,2025-08-26 00:00:00+00:00,HB_HUBAVG,2025-08-26 18:00:00+00:00,47.4675,33.557701110839844,23.632625579833984,53.248069763183594
Chronos2,2025-08-26 00:00:00+00:00,HB_HUBAVG,2025-08-26 19:00:00+00:00,48.7325,36.2276725769043,25.057897567749023,57.86767578125
Chronos2,2025-08-26 00:00:00+00:00,HB_HUBAVG,2025-08-26 20:00:00+00:00,56.56666666666666,38.57807159423828,25.675893783569336,63.473541259765625
Chronos2,2025-08-26 00:00:00+00:00,HB_HUBAVG,2025-08-26 21:00:00+00:00,51.88166666666666,44.45719909667969,26.852811813354492,75.7705307006836
Chronos2,2025-08-26 00:00:00+00:00,HB_HUBAVG,2025-08-26 22:00:00+00:00,49.8025,47.60512924194336,29.999364852905273,80.97084045410156
Chronos2,2025-08-26 00:00:00+00:00,HB_HUBAVG,2025-08-26 23:00:00+00:00,54.10333333333333,61.13591766357422,37.518253326416016,102.947021484375
Chronos2,2025-08-26 00:00:00+00:00,HB_PAN,2025-08-26 00:00:00+00:00,32.93833333333333,87.7005844116211,61.49231719970703,120.81405639648438
Chronos2,2025-08-26 00:00:00+00:00,HB_PAN,2025-08-26 01:00:00+00:00,36.06666666666667,86.29849243164062,53.98161697387695,123.09403991699219
Chronos2,2025-08-26 00:00:00+00:00,HB_PAN,2025-08-26 02:00:00+00:00,22.609166666666667,71.52951049804688,42.16571807861328,115.29025268554688
Chronos2,2025-08-26 00:00:00+00:00,HB_PAN,2025-08-26 03:00:00+00:00,22.31083333333333,43.78085708618164,29.496601104736328,71.00175476074219
Chronos2,2025-08-26 00:00:00+00:00,HB_PAN,2025-08-26 04:00:00+00:00,25.69833333333333,30.6641788482666,21.949975967407227,45.63959884643555
Chronos2,2025-08-26 00:00:00+00:00,HB_PAN,2025-08-26 05:00:00+00:00,24.910833333333333,30.145626068115234,22.46880340576172,41.663169860839844
Chronos2,2025-08-26 00:00:00+00:00,HB_PAN,2025-08-26 06:00:00+00:00,24.05666666666667,29.533979415893555,22.94355010986328,40.22494125366211
Chronos2,2025-08-26 00:00:00+00:00,HB_PAN,2025-08-26 07:00:00+00:00,24.81083333333333,28.467212677001953,21.942779541015625,38.109893798828125
Chronos2,2025-08-26 00:00:00+00:00,HB_PAN,2025-08-26 08:00:00+00:00,24.5975,28.849550247192383,21.240074157714844,38.297393798828125
Chronos2,2025-08-26 00:00:00+00:00,HB_PAN,2025-08-26 09:00:00+00:00,25.366666666666664,29.15715217590332,21.044010162353516,41.43767166137695
Chronos2,2025-08-26 00:00:00+00:00,HB_PAN,2025-08-26 10:00:00+00:00,28.5875,30.925762176513672,21.325769424438477,45.51544952392578
Chronos2,2025-08-26 00:00:00+00:00,HB_PAN,2025-08-26 11:00:00+00:00,41.39833333333333,32.40180969238281,21.7060604095459,48.82996368408203
Chronos2,2025-08-26 00:00:00+00:00,HB_PAN,2025-08-26 12:00:00+00:00,46.465833333333336,28.821794509887695,19.249530792236328,43.54389190673828
Chronos2,2025-08-26 00:00:00+00:00,HB_PAN,2025-08-26 13:00:00+00:00,26.1925,20.885225296020508,13.887025833129883,32.55017852783203
Chronos2,2025-08-26 00:00:00+00:00,HB_PAN,2025-08-26 14:00:00+00:00,23.75583333333333,18.459299087524414,11.68404769897461,29.268625259399414
Chronos2,2025-08-26 00:00:00+00:00,HB_PAN,2025-08-26 15:00:00+00:00,23.42333333333333,18.472543716430664,11.726909637451172,27.66179084777832
Chronos2,2025-08-26 00:00:00+00:00,HB_PAN,2025-08-26 16:00:00+00:00,24.329166666666666,20.78451156616211,13.731189727783203,33.71170425415039
Chronos2,2025-08-26 00:00:00+00:00,HB_PAN,2025-08-26 17:00:00+00:00,36.715833333333336,25.11444854736328,16.056943893432617,42.55523681640625
Chronos2,2025-08-26 00:00:00+00:00,HB_PAN,2025-08-26 18:00:00+00:00,47.498333333333335,30.694154739379883,19.483551025390625,52.805538177490234
Chronos2,2025-08-26 00:00:00+00:00,HB_PAN,2025-08-26 19:00:00+00:00,48.74916666666667,33.93470001220703,21.44767951965332,58.12728500366211
Chronos2,2025-08-26 00:00:00+00:00,HB_PAN,2025-08-26 20:00:00+00:00,57.22166666666666,36.44148254394531,21.917789459228516,64.06798553466797
Chronos2,2025-08-26 00:00:00+00:00,HB_PAN,2025-08-26 21:00:00+00:00,52.88583333333333,41.52143859863281,23.88429832458496,75.73336791992188
Chronos2,2025-08-26 00:00:00+00:00,HB_PAN,2025-08-26 22:00:00+00:00,49.54666666666666,44.84305191040039,25.999643325805664,81.9349365234375
Chronos2,2025-08-26 00:00:00+00:00,HB_PAN,2025-08-26 23:00:00+00:00,55.81166666666667,59.910736083984375,35.05473709106445,106.60740661621094
Chronos2,2025-08-26 00:00:00+00:00,LZ_WEST,2025-08-26 00:00:00+00:00,79.14583333333333,89.92884826660156,69.88603973388672,124.29764556884766
Chronos2,2025-08-26 00:00:00+00:00,LZ_WEST,2025-08-26 01:00:00+00:00,65.3425,91.72540283203125,69.08368682861328,128.75669860839844
Chronos2,2025-08-26 00:00:00+00:00,LZ_WEST,2025-08-26 02:00:00+00:00,52.0025,85.01139068603516,64.2435073852539,119.5962905883789
Chronos2,2025-08-26 00:00:00+00:00,LZ_WEST,2025-08-26 03:00:00+00:00,48.70666666666667,72.53401947021484,56.46352005004883,96.85545349121094
Chronos2,2025-08-26 00:00:00+00:00,LZ_WEST,2025-08-26 04:00:00+00:00,40.8675,68.51256561279297,58.27939224243164,86.68122100830078
Chronos2,2025-08-26 00:00:00+00:00,LZ_WEST,2025-08-26 05:00:00+00:00,33.559999999999995,68.62772369384766,60.441322326660156,82.8666763305664
Chronos2,2025-08-26 00:00:00+00:00,LZ_WEST,2025-08-26 06:00:00+00:00,27.516666666666666,66.2878189086914,58.76414489746094,79.05778503417969
Chronos2,2025-08-26 00:00:00+00:00,LZ_WEST,2025-08-26 07:00:00+00:00,28.415000000000003,66.82354736328125,59.272037506103516,78.74146270751953
Chronos2,2025-08-26 00:00:00+00:00,LZ_WEST,2025-08-26 08:00:00+00:00,27.249166666666667,70.68509674072266,61.288856506347656,83.3229751586914
Chronos2,2025-08-26 00:00:00+00:00,LZ_WEST,2025-08-26 09:00:00+00:00,25.389166666666668,72.7397232055664,61.57284164428711,89.26478576660156
Chronos2,2025-08-26 00:00:00+00:00,LZ_WEST,2025-08-26 10:00:00+00:00,28.5875,72.04559326171875,57.154972076416016,92.2490234375
Chronos2,2025-08-26 00:00:00+00:00,LZ_WEST,2025-08-26 11:00:00+00:00,41.39833333333333,68.426025390625,50.12896728515625,91.6810302734375
Chronos2,2025-08-26 00:00:00+00:00,LZ_WEST,2025-08-26 12:00:00+00:00,46.465833333333336,51.98499298095703,32.488990783691406,80.58116149902344
Chronos2,2025-08-26 00:00:00+00:00,LZ_WEST,2025-08-26 13:00:00+00:00,26.613333333333333,22.631961822509766,15.367267608642578,38.74469757080078
Chronos2,2025-08-26 00:00:00+00:00,LZ_WEST,2025-08-26 14:00:00+00:00,23.75583333333333,19.302677154541016,13.313358306884766,32.34599304199219
Chronos2,2025-08-26 00:00:00+00:00,LZ_WEST,2025-08-26 15:00:00+00:00,23.43166666666667,19.69913101196289,14.27914810180664,29.408098220825195
Chronos2,2025-08-26 00:00:00+00:00,LZ_WEST,2025-08-26 16:00:00+00:00,24.33666666666667,24.34371566772461,17.918468475341797,38.46189880371094
Chronos2,2025-08-26 00:00:00+00:00,LZ_WEST,2025-08-26 17:00:00+00:00,36.715833333333336,27.902429580688477,20.33425521850586,47.55104446411133
Chronos2,2025-08-26 00:00:00+00:00,LZ_WEST,2025-08-26 18:00:00+00:00,47.49583333333334,34.350502014160156,23.910747528076172,56.04393768310547
Chronos2,2025-08-26 00:00:00+00:00,LZ_WEST,2025-08-26 19:00:00+00:00,48.74666666666667,37.075950622558594,25.320201873779297,60.43915939331055
Chronos2,2025-08-26 00:00:00+00:00,LZ_WEST,2025-08-26 20:00:00+00:00,57.39833333333333,39.58584976196289,25.92514419555664,66.20830535888672
Chronos2,2025-08-26 00:00:00+00:00,LZ_WEST,2025-08-26 21:00:00+00:00,53.615,44.97279739379883,28.340608596801758,78.0619888305664
Chronos2,2025-08-26 00:00:00+00:00,LZ_WEST,2025-08-26 22:00:00+00:00,50.65583333333333,48.69480895996094,31.776029586791992,79.89631652832031
Chronos2,2025-08-26 00:00:00+00:00,LZ_WEST,2025-08-26 23:00:00+00:00,56.35833333333333,65.34230041503906,44.7794303894043,95.91117858886719
Chronos2,2025-08-27 00:00:00+00:00,HB_HUBAVG,2025-08-27 00:00:00+00:00,48.17,73.6964111328125,54.74846267700195,102.12358093261719
Chronos2,2025-08-27 00:00:00+00:00,HB_HUBAVG,2025-08-27 01:00:00+00:00,68.35666666666667,67.88426208496094,45.32981872558594,104.77428436279297
Chronos2,2025-08-27 00:00:00+00:00,HB_HUBAVG,2025-08-27 02:00:00+00:00,56.03083333333333,53.61363220214844,35.50574493408203,89.12222290039062
Chronos2,2025-08-27 00:00:00+00:00,HB_HUBAVG,2025-08-27 03:00:00+00:00,36.10416666666666,41.293067932128906,29.682090759277344,66.1185531616211
Chronos2,2025-08-27 00:00:00+00:00,HB_HUBAVG,2025-08-27 04:00:00+00:00,31.186666666666667,32.656375885009766,24.583715438842773,47.891727447509766
Chronos2,2025-08-27 00:00:00+00:00,HB_HUBAVG,2025-08-27 05:00:00+00:00,27.545,28.776996612548828,23.04596710205078,40.0025749206543
Chronos2,2025-08-27 00:00:00+00:00,HB_HUBAVG,2025-08-27 06:00:00+00:00,27.255,27.777339935302734,23.032217025756836,37.25003433227539
Chronos2,2025-08-27 00:00:00+00:00,HB_HUBAVG,2025-08-27 07:00:00+00:00,26.996666666666663,27.807079315185547,23.16156578063965,36.05729675292969
Chronos2,2025-08-27 00:00:00+00:00,HB_HUBAVG,2025-08-27 08:00:00+00:00,28.194166666666664,28.696918487548828,23.67973518371582,36.18449020385742
Chronos2,2025-08-27 00:00:00+00:00,HB_HUBAVG,2025-08-27 09:00:00+00:00,30.96166666666667,30.064945220947266,24.594154357910156,39.086822509765625
Chronos2,2025-08-27 00:00:00+00:00,HB_HUBAVG,2025-08-27 10:00:00+00:00,35.215833333333336,32.25801086425781,25.307941436767578,43.21031951904297
Chronos2,2025-08-27 00:00:00+00:00,HB_HUBAVG,2025-08-27 11:00:00+00:00,48.32583333333333,35.290313720703125,26.793607711791992,50.104915618896484
Chronos2,2025-08-27 00:00:00+00:00,HB_HUBAVG,2025-08-27 12:00:00+00:00,66.655,33.2513427734375,24.611867904663086,50.008819580078125
Chronos2,2025-08-27 00:00:00+00:00,HB_HUBAVG,2025-08-27 13:00:00+00:00,27.3425,23.57459259033203,18.45194435119629,34.877750396728516
Chronos2,2025-08-27 00:00:00+00:00,HB_HUBAVG,2025-08-27 14:00:00+00:00,23.184166666666663,20.73333168029785,16.140945434570312,30.221691131591797
Chronos2,2025-08-27 00:00:00+00:00,HB_HUBAVG,2025-08-27 15:00:00+00:00,22.629166666666663,20.340253829956055,15.854021072387695,29.124404907226562
Chronos2,2025-08-27 00:00:00+00:00,HB_HUBAVG,2025-08-27 16:00:00+00:00,23.52583333333333,22.446306228637695,17.831356048583984,32.123146057128906
Chronos2,2025-08-27 00:00:00+00:00,HB_HUBAVG,2025-08-27 17:00:00+00:00,27.219166666666663,28.689411163330078,21.03013801574707,45.01903533935547
Chronos2,2025-08-27 00:00:00+00:00,HB_HUBAVG,2025-08-27 18:00:00+00:00,30.18166666666667,36.5851936340332,24.541412353515625,60.35612487792969
Chronos2,2025-08-27 00:00:00+00:00,HB_HUBAVG,2025-08-27 19:00:00+00:00,41.46583333333333,39.510318756103516,25.149654388427734,64.51161193847656
Chronos2,2025-08-27 00:00:00+00:00,HB_HUBAVG,2025-08-27 20:00:00+00:00,59.8,41.988868713378906,27.33072280883789,67.3923568725586
Chronos2,2025-08-27 00:00:00+00:00,HB_HUBAVG,2025-08-27 21:00:00+00:00,63.10999999999999,45.758567810058594,29.64750099182129,71.12884521484375
Chronos2,2025-08-27 00:00:00+00:00,HB_HUBAVG,2025-08-27 22:00:00+00:00,38.594166666666666,48.51069641113281,31.590084075927734,75.09010314941406
Chronos2,2025-08-27 00:00:00+00:00,HB_HUBAVG,2025-08-27 23:00:00+00:00,53.0225,62.01873779296875,38.807830810546875,98.03868103027344
Chronos2,2025-08-27 00:00:00+00:00,HB_PAN,2025-08-27 00:00:00+00:00,49.92083333333333,74.4041976928711,49.025638580322266,108.95301818847656
Chronos2,2025-08-27 00:00:00+00:00,HB_PAN,2025-08-27 01:00:00+00:00,70.15083333333332,70.64042663574219,39.70255661010742,112.86148071289062
Chronos2,2025-08-27 00:00:00+00:00,HB_PAN,2025-08-27 02:00:00+00:00,57.14416666666667,57.08467102050781,32.525333404541016,96.84454345703125
Chronos2,2025-08-27 00:00:00+00:00,HB_PAN,2025-08-27 03:00:00+00:00,35.75833333333333,41.579219818115234,26.661258697509766,68.08497619628906
Chronos2,2025-08-27 00:00:00+00:00,HB_PAN,2025-08-27 04:00:00+00:00,31.73,33.311622619628906,22.4017276763916,49.91653823852539
Chronos2,2025-08-27 00:00:00+00:00,HB_PAN,2025-08-27 05:00:00+00:00,29.365,31.406139373779297,22.33529281616211,44.205196380615234
Chronos2,2025-08-27 00:00:00+00:00,HB_PAN,2025-08-27 06:00:00+00:00,29.75916666666667,30.982730865478516,22.877424240112305,42.411277770996094
Chronos2,2025-08-27 00:00:00+00:00,HB_PAN,2025-08-27 07:00:00+00:00,29.449166666666667,30.349525451660156,22.404508590698242,40.7805061340332
Chronos2,2025-08-27 00:00:00+00:00,HB_PAN,2025-08-27 08:00:00+00:00,29.63833333333333,30.914081573486328,22.15983009338379,42.11358642578125
Chronos2,2025-08-27 00:00:00+00:00,HB_PAN,2025-08-27 09:00:00+00:00,32.97666666666667,31.09282112121582,22.03084373474121,43.084449768066406
Chronos2,2025-08-27 00:00:00+00:00,HB_PAN,2025-08-27 10:00:00+00:00,36.67083333333333,32.373146057128906,22.370412826538086,46.41259765625
Chronos2,2025-08-27 00:00:00+00:00,HB_PAN,2025-08-27 11:00:00+00:00,50.55833333333334,35.04663848876953,23.162729263305664,52.64210510253906
Chronos2,2025-08-27 00:00:00+00:00,HB_PAN,2025-08-27 12:00:00+00:00,68.28833333333333,33.76075744628906,22.09235954284668,52.24728775024414
Chronos2,2025-08-27 00:00:00+00:00,HB_PAN,2025-08-27 13:00:00+00:00,27.593333333333337,24.770427703857422,16.80231475830078,37.181819915771484
Chronos2,2025-08-27 00:00:00+00:00,HB_PAN,2025-08-27 14:00:00+00:00,23.269166666666667,21.512048721313477,14.244224548339844,31.953826904296875
Chronos2,2025-08-27 00:00:00+00:00,HB_PAN,2025-08-27 15:00:00+00:00,22.616666666666664,20.498613357543945,13.54416275024414,30.002315521240234
Chronos2,2025-08-27 00:00:00+00:00,HB_PAN,2025-08-27 16:00:00+00:00,23.46333333333333,21.54510498046875,15.236526489257812,32.00581741333008
Chronos2,2025-08-27 00:00:00+00:00,HB_PAN,2025-08-27 17:00:00+00:00,25.189166666666665,26.47711181640625,17.637460708618164,42.25969314575195
Chronos2,2025-08-27 00:00:00+00:00,HB_PAN,2025-08-27 18:00:00+00:00,29.505,33.34748077392578,20.532560348510742,55.671939849853516
Chronos2,2025-08-27 00:00:00+00:00,HB_PAN,2025-08-27 19:00:00+00:00,42.495,37.009742736816406,21.96648406982422,62.037742614746094
Chronos2,2025-08-27 00:00:00+00:00,HB_PAN,2025-08-27 20:00:00+00:00,59.1375,40.32438659667969,23.875350952148438,65.00459289550781
Chronos2,2025-08-27 00:00:00+00:00,HB_PAN,2025-08-27 21:00:00+00:00,64.3325,44.351009368896484,25.90865707397461,71.70649719238281
Chronos2,2025-08-27 00:00:00+00:00,HB_PAN,2025-08-27 22:00:00+00:00,40.4325,47.66919708251953,27.456844329833984,77.69450378417969
Chronos2,2025-08-27 00:00:00+00:00,HB_PAN,2025-08-27 23:00:00+00:00,55.8025,62.40502166748047,33.13201904296875,107.14247131347656
Chronos2,2025-08-27 00:00:00+00:00,LZ_WEST,2025-08-27 00:00:00+00:00,50.50666666666667,74.02648162841797,59.82587814331055,89.63796997070312
Chronos2,2025-08-27 00:00:00+00:00,LZ_WEST,2025-08-27 01:00:00+00:00,70.75333333333333,66.26188659667969,50.196144104003906,85.21216583251953
Chronos2,2025-08-27 00:00:00+00:00,LZ_WEST,2025-08-27 02:00:00+00:00,58.6925,59.09286117553711,42.40485763549805,78.87471771240234
Chronos2,2025-08-27 00:00:00+00:00,LZ_WEST,2025-08-27 03:00:00+00:00,47.1525,51.78455352783203,35.33856964111328,73.01309204101562
Chronos2,2025-08-27 00:00:00+00:00,LZ_WEST,2025-08-27 04:00:00+00:00,48.36333333333334,48.362548828125,29.99749183654785,72.46012115478516
Chronos2,2025-08-27 00:00:00+00:00,LZ_WEST,2025-08-27 05:00:00+00:00,57.51333333333333,45.316593170166016,25.56897735595703,72.56404113769531
Chronos2,2025-08-27 00:00:00+00:00,LZ_WEST,2025-08-27 06:00:00+00:00,65.23,42.22020721435547,22.627155303955078,73.67715454101562
Chronos2,2025-08-27 00:00:00+00:00,LZ_WEST,2025-08-27 07:00:00+00:00,64.34916666666668,44.12515640258789,22.324317932128906,76.25189208984375
Chronos2,2025-08-27 00:00:00+00:00,LZ_WEST,2025-08-27 08:00:00+00:00,50.2775,48.706703186035156,22.956398010253906,82.53437805175781
Chronos2,2025-08-27 00:00:00+00:00,LZ_WEST,2025-08-27 09:00:00+00:00,61.45666666666667,51.47940444946289,24.369625091552734,85.17622375488281
Chronos2,2025-08-27 00:00:00+00:00,LZ_WEST,2025-08-27 10:00:00+00:00,57.03916666666667,52.10836410522461,24.91667366027832,85.22470092773438
Chronos2,2025-08-27 00:00:00+00:00,LZ_WEST,2025-08-27 11:00:00+00:00,69.24166666666666,54.11177444458008,27.823091506958008,82.55070495605469
Chronos2,2025-08-27 00:00:00+00:00,LZ_WEST,2025-08-27 12:00:00+00:00,81.02416666666666,49.23466491699219,26.79467010498047,74.64221954345703
Chronos2,2025-08-27 00:00:00+00:00,LZ_WEST,2025-08-27 13:00:00+00:00,27.820000000000004,23.504871368408203,15.506473541259766,39.345985412597656
Chronos2,2025-08-27 00:00:00+00:00,LZ_WEST,2025-08-27 14:00:00+00:00,23.366666666666664,20.414390563964844,14.180381774902344,31.984521865844727
Chronos2,2025-08-27 00:00:00+00:00,LZ_WEST,2025-08-27 15:00:00+00:00,22.701666666666668,20.611614227294922,14.843551635742188,30.768260955810547
Chronos2,2025-08-27 00:00:00+00:00,LZ_WEST,2025-08-27 16:00:00+00:00,23.45833333333333,23.636253356933594,16.942951202392578,36.8282356262207
Chronos2,2025-08-27 00:00:00+00:00,LZ_WEST,2025-08-27 17:00:00+00:00,24.96333333333333,31.976388931274414,21.331871032714844,51.71182632446289
Chronos2,2025-08-27 00:00:00+00:00,LZ_WEST,2025-08-27 18:00:00+00:00,29.430833333333336,41.78006362915039,25.500839233398438,63.44099044799805
Chronos2,2025-08-27 00:00:00+00:00,LZ_WEST,2025-08-27 19:00:00+00:00,42.67166666666666,43.79571533203125,26.5428466796875,67.04536437988281
Chronos2,2025-08-27 00:00:00+00:00,LZ_WEST,2025-08-27 20:00:00+00:00,59.1575,46.104061126708984,27.064661026000977,69.91539001464844
Chronos2,2025-08-27 00:00:00+00:00,LZ_WEST,2025-08-27 21:00:00+00:00,64.60916666666667,47.038909912109375,28.039287567138672,71.55747985839844
Chronos2,2025-08-27 00:00:00+00:00,LZ_WEST,2025-08-27 22:00:00+00:00,40.91666666666666,48.07939910888672,29.113887786865234,72.01727294921875
Chronos2,2025-08-27 00:00:00+00:00,LZ_WEST,2025-08-27 23:00:00+00:00,56.43833333333333,60.952144622802734,38.147804260253906,86.28807067871094
Chronos2,2025-08-28 00:00:00+00:00,HB_HUBAVG,2025-08-28 00:00:00+00:00,62.15,71.20280456542969,47.486934661865234,110.24223327636719
Chronos2,2025-08-28 00:00:00+00:00,HB_HUBAVG,2025-08-28 01:00:00+00:00,63.5075,73.80421447753906,44.976898193359375,120.50151062011719
Chronos2,2025-08-28 00:00:00+00:00,HB_HUBAVG,2025-08-28 02:00:00+00:00,50.51333333333333,60.29859161376953,38.91111373901367,101.62493133544922
Chronos2,2025-08-28 00:00:00+00:00,HB_HUBAVG,2025-08-28 03:00:00+00:00,33.19416666666667,42.30411911010742,31.22811508178711,63.73895263671875
Chronos2,2025-08-28 00:00:00+00:00,HB_HUBAVG,2025-08-28 04:00:00+00:00,26.506666666666664,33.0671501159668,26.14350128173828,45.06886672973633
Chronos2,2025-08-28 00:00:00+00:00,HB_HUBAVG,2025-08-28 05:00:00+00:00,24.314166666666665,29.792354583740234,24.905200958251953,38.09494400024414
Chronos2,2025-08-28 00:00:00+00:00,HB_HUBAVG,2025-08-28 06:00:00+00:00,21.70583333333333,28.81220054626465,24.708721160888672,36.33984375
Chronos2,2025-08-28 00:00:00+00:00,HB_HUBAVG,2025-08-28 07:00:00+00:00,19.101666666666667,28.643699645996094,24.431833267211914,34.75277328491211
Chronos2,2025-08-28 00:00:00+00:00,HB_HUBAVG,2025-08-28 08:00:00+00:00,18.05583333333333,29.526042938232422,24.73398208618164,35.98453140258789
Chronos2,2025-08-28 00:00:00+00:00,HB_HUBAVG,2025-08-28 09:00:00+00:00,17.824166666666667,31.497196197509766,25.66537094116211,40.28963088989258
Chronos2,2025-08-28 00:00:00+00:00,HB_HUBAVG,2025-08-28 10:00:00+00:00,18.979166666666668,35.17898941040039,27.053009033203125,47.53718566894531
Chronos2,2025-08-28 00:00:00+00:00,HB_HUBAVG,2025-08-28 11:00:00+00:00,19.988333333333333,41.211605072021484,30.53909683227539,60.20526123046875
Chronos2,2025-08-28 00:00:00+00:00,HB_HUBAVG,2025-08-28 12:00:00+00:00,19.281666666666663,40.08519744873047,29.122404098510742,60.4432373046875
Chronos2,2025-08-28 00:00:00+00:00,HB_HUBAVG,2025-08-28 13:00:00+00:00,13.93,23.951671600341797,20.020509719848633,31.735210418701172
Chronos2,2025-08-28 00:00:00+00:00,HB_HUBAVG,2025-08-28 14:00:00+00:00,9.9225,21.288949966430664,18.017040252685547,26.33753204345703
Chronos2,2025-08-28 00:00:00+00:00,HB_HUBAVG,2025-08-28 15:00:00+00:00,10.480833333333331,21.67160987854004,18.557546615600586,26.325851440429688
Chronos2,2025-08-28 00:00:00+00:00,HB_HUBAVG,2025-08-28 16:00:00+00:00,14.273333333333332,24.36142921447754,20.078237533569336,32.53215789794922
Chronos2,2025-08-28 00:00:00+00:00,HB_HUBAVG,2025-08-28 17:00:00+00:00,20.31833333333333,31.30557632446289,23.751697540283203,46.19133758544922
Chronos2,2025-08-28 00:00:00+00:00,HB_HUBAVG,2025-08-28 18:00:00+00:00,40.6575,37.562103271484375,26.180194854736328,60.52857208251953
Chronos2,2025-08-28 00:00:00+00:00,HB_HUBAVG,2025-08-28 19:00:00+00:00,69.60833333333333,40.639625549316406,27.493850708007812,66.96952819824219
Chronos2,2025-08-28 00:00:00+00:00,HB_HUBAVG,2025-08-28 20:00:00+00:00,71.91833333333334,45.67433166503906,30.153953552246094,76.00845336914062
Chronos2,2025-08-28 00:00:00+00:00,HB_HUBAVG,2025-08-28 21:00:00+00:00,73.28916666666667,47.43348693847656,29.572765350341797,79.88240051269531
Chronos2,2025-08-28 00:00:00+00:00,HB_HUBAVG,2025-08-28 22:00:00+00:00,47.781666666666666,46.84824752807617,30.254413604736328,77.8475112915039
Chronos2,2025-08-28 00:00:00+00:00,HB_HUBAVG,2025-08-28 23:00:00+00:00,53.14166666666667,62.24410629272461,37.31366729736328,110.01588439941406
Chronos2,2025-08-28 00:00:00+00:00,HB_PAN,2025-08-28 00:00:00+00:00,65.71,73.03398132324219,45.75325012207031,114.12544250488281
Chronos2,2025-08-28 00:00:00+00:00,HB_PAN,2025-08-28 01:00:00+00:00,67.24416666666667,76.8461685180664,42.7559700012207,127.5816650390625
Chronos2,2025-08-28 00:00:00+00:00,HB_PAN,2025-08-28 02:00:00+00:00,48.915,60.29148864746094,34.791419982910156,107.9627685546875
Chronos2,2025-08-28 00:00:00+00:00,HB_PAN,2025-08-28 03:00:00+00:00,25.52,39.91329574584961,28.077468872070312,66.52500915527344
Chronos2,2025-08-28 00:00:00+00:00,HB_PAN,2025-08-28 04:00:00+00:00,19.655,32.162601470947266,24.60287094116211,46.211265563964844
Chronos2,2025-08-28 00:00:00+00:00,HB_PAN,2025-08-28 05:00:00+00:00,17.791666666666668,31.072681427001953,24.974071502685547,41.49631881713867
Chronos2,2025-08-28 00:00:00+00:00,HB_PAN,2025-08-28 06:00:00+00:00,18.204166666666666,30.697763442993164,25.50440216064453,39.915924072265625
Chronos2,2025-08-28 00:00:00+00:00,HB_PAN,2025-08-28 07:00:00+00:00,19.12,30.868675231933594,25.553089141845703,38.80531692504883
Chronos2,2025-08-28 00:00:00+00:00,HB_PAN,2025-08-28 08:00:00+00:00,17.995,32.74942398071289,25.94382667541504,41.86143493652344
Chronos2,2025-08-28 00:00:00+00:00,HB_PAN,2025-08-28 09:00:00+00:00,17.684166666666666,35.007781982421875,27.490333557128906,46.26313400268555
Chronos2,2025-08-28 00:00:00+00:00,HB_PAN,2025-08-28 10:00:00+00:00,18.979166666666668,38.29344177246094,28.910404205322266,52.77841567993164
Chronos2,2025-08-28 00:00:00+00:00,HB_PAN,2025-08-28 11:00:00+00:00,19.925833333333333,43.34857177734375,31.69635009765625,62.03338623046875
Chronos2,2025-08-28 00:00:00+00:00,HB_PAN,2025-08-28 12:00:00+00:00,19.273333333333333,41.23076248168945,29.36064910888672,62.22327423095703
Chronos2,2025-08-28 00:00:00+00:00,HB_PAN,2025-08-28 13:00:00+00:00,13.2575,24.526203155517578,19.04901885986328,34.68708801269531
Chronos2,2025-08-28 00:00:00+00:00,HB_PAN,2025-08-28 14:00:00+00:00,3.62,21.426279067993164,16.699979782104492,29.02262306213379
Chronos2,2025-08-28 00:00:00+00:00,HB_PAN,2025-08-28 15:00:00+00:00,3.1666666666666665,21.62987518310547,17.131471633911133,28.00374984741211
Chronos2,2025-08-28 00:00:00+00:00,HB_PAN,2025-08-28 16:00:00+00:00,7.7425,24.14093589782715,18.957719802856445,34.60210418701172
Chronos2,2025-08-28 00:00:00+00:00,HB_PAN,2025-08-28 17:00:00+00:00,17.00166666666667,29.710792541503906,21.88783073425293,45.90068435668945
Chronos2,2025-08-28 00:00:00+00:00,HB_PAN,2025-08-28 18:00:00+00:00,38.81666666666667,35.57647705078125,24.3515625,58.655670166015625
Chronos2,2025-08-28 00:00:00+00:00,HB_PAN,2025-08-28 19:00:00+00:00,76.08333333333333,39.01962661743164,25.95269203186035,65.74601745605469
Chronos2,2025-08-28 00:00:00+00:00,HB_PAN,2025-08-28 20:00:00+00:00,82.16250000000001,43.70047378540039,28.152515411376953,75.08770751953125
Chronos2,2025-08-28 00:00:00+00:00,HB_PAN,2025-08-28 21:00:00+00:00,84.67583333333333,44.85287094116211,27.48307228088379,77.81707000732422
Chronos2,2025-08-28 00:00:00+00:00,HB_PAN,2025-08-28 22:00:00+00:00,43.365833333333335,43.996273040771484,27.77954864501953,75.57577514648438
Chronos2,2025-08-28 00:00:00+00:00,HB_PAN,2025-08-28 23:00:00+00:00,3.7475,61.78411865234375,35.04887390136719,114.00445556640625
Chronos2,2025-08-28 00:00:00+00:00,LZ_WEST,2025-08-28 00:00:00+00:00,66.60083333333334,78.7720718383789,56.05755615234375,108.77131652832031
Chronos2,2025-08-28 00:00:00+00:00,LZ_WEST,2025-08-28 01:00:00+00:00,68.17916666666666,80.93663024902344,56.15694046020508,114.01873779296875
Chronos2,2025-08-28 00:00:00+00:00,LZ_WEST,2025-08-28 02:00:00+00:00,59.053333333333335,75.5988998413086,52.812721252441406,103.54084777832031
Chronos2,2025-08-28 00:00:00+00:00,LZ_WEST,2025-08-28 03:00:00+00:00,48.465833333333336,63.46260070800781,44.83831024169922,86.02056121826172
Chronos2,2025-08-28 00:00:00+00:00,LZ_WEST,2025-08-28 04:00:00+00:00,40.29583333333333,63.58549880981445,47.41688537597656,84.00506591796875
Chronos2,2025-08-28 00:00:00+00:00,LZ_WEST,2025-08-28 05:00:00+00:00,37.10416666666666,67.11762237548828,52.357765197753906,84.4157485961914
Chronos2,2025-08-28 00:00:00+00:00,LZ_WEST,2025-08-28 06:00:00+00:00,33.1825,68.55925750732422,54.079689025878906,85.53292846679688
Chronos2,2025-08-28 00:00:00+00:00,LZ_WEST,2025-08-28 07:00:00+00:00,26.911666666666665,71.4323501586914,55.359798431396484,89.9567642211914
Chronos2,2025-08-28 00:00:00+00:00,LZ_WEST,2025-08-28 08:00:00+00:00,25.046666666666667,74.21510314941406,55.45038986206055,97.15231323242188
Chronos2,2025-08-28 00:00:00+00:00,LZ_WEST,2025-08-28 09:00:00+00:00,21.986666666666665,78.10972595214844,57.810081481933594,103.48573303222656
Chronos2,2025-08-28 00:00:00+00:00,LZ_WEST,2025-08-28 10:00:00+00:00,18.979166666666668,81.42575073242188,59.955955505371094,108.97392272949219
Chronos2,2025-08-28 00:00:00+00:00,LZ_WEST,2025-08-28 11:00:00+00:00,20.102500000000003,83.2813949584961,60.626190185546875,110.79925537109375
Chronos2,2025-08-28 00:00:00+00:00,LZ_WEST,2025-08-28 12:00:00+00:00,19.88833333333333,82.11824035644531,56.874210357666016,110.00810241699219
Chronos2,2025-08-28 00:00:00+00:00,LZ_WEST,2025-08-28 13:00:00+00:00,13.498333333333337,24.367725372314453,19.305522918701172,34.83875274658203
Chronos2,2025-08-28 00:00:00+00:00,LZ_WEST,2025-08-28 14:00:00+00:00,4.486666666666667,22.20870590209961,18.240463256835938,28.96288299560547
Chronos2,2025-08-28 00:00:00+00:00,LZ_WEST,2025-08-28 15:00:00+00:00,2.8441666666666667,22.235706329345703,18.74945068359375,28.201007843017578
Chronos2,2025-08-28 00:00:00+00:00,LZ_WEST,2025-08-28 16:00:00+00:00,7.5075,27.972103118896484,21.714672088623047,39.983619689941406
Chronos2,2025-08-28 00:00:00+00:00,LZ_WEST,2025-08-28 17:00:00+00:00,17.03,33.55320358276367,24.47943687438965,51.458412170410156
Chronos2,2025-08-28 00:00:00+00:00,LZ_WEST,2025-08-28 18:00:00+00:00,38.60833333333333,38.909183502197266,26.446508407592773,60.809051513671875
Chronos2,2025-08-28 00:00:00+00:00,LZ_WEST,2025-08-28 19:00:00+00:00,73.19833333333334,42.349727630615234,27.243152618408203,67.42881774902344
Chronos2,2025-08-28 00:00:00+00:00,LZ_WEST,2025-08-28 20:00:00+00:00,79.16833333333334,48.042747497558594,28.734067916870117,81.34648132324219
Chronos2,2025-08-28 00:00:00+00:00,LZ_WEST,2025-08-28 21:00:00+00:00,80.85166666666667,50.78245162963867,30.274948120117188,86.61424255371094
Chronos2,2025-08-28 00:00:00+00:00,LZ_WEST,2025-08-28 22:00:00+00:00,49.43333333333334,47.39485549926758,29.087629318237305,77.65766143798828
Chronos2,2025-08-28 00:00:00+00:00,LZ_WEST,2025-08-28 23:00:00+00:00,87.51916666666666,69.15573120117188,42.61852264404297,111.94857788085938
Chronos2,2025-08-29 00:00:00+00:00,HB_HUBAVG,2025-08-29 00:00:00+00:00,66.83083333333333,63.072059631347656,45.84516143798828,82.08404541015625
Chronos2,2025-08-29 00:00:00+00:00,HB_HUBAVG,2025-08-29 01:00:00+00:00,56.29166666666666,62.80564880371094,43.946407318115234,81.4393310546875
Chronos2,2025-08-29 00:00:00+00:00,HB_HUBAVG,2025-08-29 02:00:00+00:00,38.79333333333333,48.052818298339844,33.982688903808594,65.45255279541016
Chronos2,2025-08-29 00:00:00+00:00,HB_HUBAVG,2025-08-29 03:00:00+00:00,30.159166666666664,31.631568908691406,23.078121185302734,42.342369079589844
Chronos2,2025-08-29 00:00:00+00:00,HB_HUBAVG,2025-08-29 04:00:00+00:00,28.4475,25.438215255737305,18.451154708862305,34.41593933105469
Chronos2,2025-08-29 00:00:00+00:00,HB_HUBAVG,2025-08-29 05:00:00+00:00,29.405,23.176897048950195,16.692428588867188,31.428394317626953
Chronos2,2025-08-29 00:00:00+00:00,HB_HUBAVG,2025-08-29 06:00:00+00:00,30.54083333333333,21.854106903076172,15.736806869506836,29.89588165283203
Chronos2,2025-08-29 00:00:00+00:00,HB_HUBAVG,2025-08-29 07:00:00+00:00,31.115,20.788522720336914,14.393411636352539,28.00872039794922
Chronos2,2025-08-29 00:00:00+00:00,HB_HUBAVG,2025-08-29 08:00:00+00:00,30.47666666666667,20.67489242553711,13.855079650878906,28.857913970947266
Chronos2,2025-08-29 00:00:00+00:00,HB_HUBAVG,2025-08-29 09:00:00+00:00,34.115833333333335,21.254528045654297,14.080513000488281,30.574447631835938
Chronos2,2025-08-29 00:00:00+00:00,HB_HUBAVG,2025-08-29 10:00:00+00:00,43.40416666666667,22.52838706970215,14.617387771606445,34.55580520629883
Chronos2,2025-08-29 00:00:00+00:00,HB_HUBAVG,2025-08-29 11:00:00+00:00,37.3175,24.759662628173828,14.92732048034668,41.536678314208984
Chronos2,2025-08-29 00:00:00+00:00,HB_HUBAVG,2025-08-29 12:00:00+00:00,36.6525,24.444278717041016,13.426055908203125,45.19329833984375
Chronos2,2025-08-29 00:00:00+00:00,HB_HUBAVG,2025-08-29 13:00:00+00:00,26.474166666666665,17.242877960205078,10.218120574951172,27.936405181884766
Chronos2,2025-08-29 00:00:00+00:00,HB_HUBAVG,2025-08-29 14:00:00+00:00,25.264166666666668,14.609857559204102,7.5697174072265625,23.485427856445312
Chronos2,2025-08-29 00:00:00+00:00,HB_HUBAVG,2025-08-29 15:00:00+00:00,25.581666666666667,15.259836196899414,8.424274444580078,23.09042739868164
Chronos2,2025-08-29 00:00:00+00:00,HB_HUBAVG,2025-08-29 16:00:00+00:00,26.2225,18.5932559967041,12.497011184692383,26.15550422668457
Chronos2,2025-08-29 00:00:00+00:00,HB_HUBAVG,2025-08-29 17:00:00+00:00,32.88166666666667,22.02818489074707,14.184080123901367,35.26841354370117
Chronos2,2025-08-29 00:00:00+00:00,HB_HUBAVG,2025-08-29 18:00:00+00:00,37.13333333333333,31.062881469726562,17.846759796142578,52.21013259887695
Chronos2,2025-08-29 00:00:00+00:00,HB_HUBAVG,2025-08-29 19:00:00+00:00,45.95083333333333,39.84564208984375,19.775230407714844,68.87185668945312
Chronos2,2025-08-29 00:00:00+00:00,HB_HUBAVG,2025-08-29 20:00:00+00:00,45.18416666666667,45.248046875,21.311494827270508,77.85203552246094
Chronos2,2025-08-29 00:00:00+00:00,HB_HUBAVG,2025-08-29 21:00:00+00:00,40.28833333333333,46.176246643066406,21.814807891845703,76.65306091308594
Chronos2,2025-08-29 00:00:00+00:00,HB_HUBAVG,2025-08-29 22:00:00+00:00,35.964166666666664,42.28435134887695,24.2607479095459,67.5780258178711
Chronos2,2025-08-29 00:00:00+00:00,HB_HUBAVG,2025-08-29 23:00:00+00:00,44.27166666666667,50.82086181640625,29.393829345703125,78.92678833007812
Chronos2,2025-08-29 00:00:00+00:00,HB_PAN,2025-08-29 00:00:00+00:00,18.035,1.3691596984863281,-23.693164825439453,49.082122802734375
Chronos2,2025-08-29 00:00:00+00:00,HB_PAN,2025-08-29 01:00:00+00:00,6.664166666666667,6.096355438232422,-23.775711059570312,60.698387145996094
Chronos2,2025-08-29 00:00:00+00:00,HB_PAN,2025-08-29 02:00:00+00:00,2.2,5.803730010986328,-22.138259887695312,47.03736877441406
Chronos2,2025-08-29 00:00:00+00:00,HB_PAN,2025-08-29 03:00:00+00:00,8.350833333333332,3.5172119140625,-19.738265991210938,34.897483825683594
Chronos2,2025-08-29 00:00:00+00:00,HB_PAN,2025-08-29 04:00:00+00:00,21.215,2.038379669189453,-19.342449188232422,27.101776123046875
Chronos2,2025-08-29 00:00:00+00:00,HB_PAN,2025-08-29 05:00:00+00:00,22.2375,2.8452720642089844,-17.90015411376953,24.71509552001953
Chronos2,2025-08-29 00:00:00+00:00,HB_PAN,2025-08-29 06:00:00+00:00,26.53833333333333,4.637998580932617,-16.820106506347656,25.369171142578125
Chronos2,2025-08-29 00:00:00+00:00,HB_PAN,2025-08-29 07:00:00+00:00,33.54833333333334,5.7034759521484375,-16.641387939453125,26.48003387451172
Chronos2,2025-08-29 00:00:00+00:00,HB_PAN,2025-08-29 08:00:00+00:00,33.04916666666667,5.524990081787109,-16.083629608154297,27.767807006835938
Chronos2,2025-08-29 00:00:00+00:00,HB_PAN,2025-08-29 09:00:00+00:00,37.01,6.408977508544922,-15.96453857421875,28.436843872070312
Chronos2,2025-08-29 00:00:00+00:00,HB_PAN,2025-08-29 10:00:00+00:00,45.98833333333334,7.579254150390625,-16.623802185058594,32.625850677490234
Chronos2,2025-08-29 00:00:00+00:00,HB_PAN,2025-08-29 11:00:00+00:00,40.28916666666667,9.057153701782227,-18.571022033691406,39.283626556396484
Chronos2,2025-08-29 00:00:00+00:00,HB_PAN,2025-08-29 12:00:00+00:00,38.0425,7.779369354248047,-19.420886993408203,43.20174789428711
Chronos2,2025-08-29 00:00:00+00:00,HB_PAN,2025-08-29 13:00:00+00:00,27.070833333333336,2.4801902770996094,-22.285873413085938,28.895479202270508
Chronos2,2025-08-29 00:00:00+00:00,HB_PAN,2025-08-29 14:00:00+00:00,27.320000000000004,0.01662445068359375,-23.706012725830078,21.571720123291016
Chronos2,2025-08-29 00:00:00+00:00,HB_PAN,2025-08-29 15:00:00+00:00,26.828333333333333,0.17235565185546875,-22.814411163330078,19.8990478515625
Chronos2,2025-08-29 00:00:00+00:00,HB_PAN,2025-08-29 16:00:00+00:00,26.761666666666667,5.015964508056641,-14.43417739868164,23.672245025634766
Chronos2,2025-08-29 00:00:00+00:00,HB_PAN,2025-08-29 17:00:00+00:00,32.855,9.193611145019531,-14.136661529541016,34.18183898925781
Chronos2,2025-08-29 00:00:00+00:00,HB_PAN,2025-08-29 18:00:00+00:00,32.50333333333333,18.77863311767578,-11.617786407470703,50.89795684814453
Chronos2,2025-08-29 00:00:00+00:00,HB_PAN,2025-08-29 19:00:00+00:00,35.678333333333335,27.38656997680664,-10.67550277709961,71.13642883300781
Chronos2,2025-08-29 00:00:00+00:00,HB_PAN,2025-08-29 20:00:00+00:00,31.14833333333333,31.82113265991211,-10.782951354980469,76.34271240234375
Chronos2,2025-08-29 00:00:00+00:00,HB_PAN,2025-08-29 21:00:00+00:00,29.0175,30.73175621032715,-11.61130142211914,77.03692626953125
Chronos2,2025-08-29 00:00:00+00:00,HB_PAN,2025-08-29 22:00:00+00:00,28.824166666666667,25.903610229492188,-14.303962707519531,75.13786315917969
Chronos2,2025-08-29 00:00:00+00:00,HB_PAN,2025-08-29 23:00:00+00:00,43.975,23.206871032714844,-15.876911163330078,75.02365112304688
Chronos2,2025-08-29 00:00:00+00:00,LZ_WEST,2025-08-29 00:00:00+00:00,98.265,92.22456359863281,71.18364715576172,115.75621795654297
Chronos2,2025-08-29 00:00:00+00:00,LZ_WEST,2025-08-29 01:00:00+00:00,85.85666666666667,86.15850067138672,61.78740692138672,109.7562026977539
Chronos2,2025-08-29 00:00:00+00:00,LZ_WEST,2025-08-29 02:00:00+00:00,92.40083333333332,74.88360595703125,52.522212982177734,99.95378112792969
Chronos2,2025-08-29 00:00:00+00:00,LZ_WEST,2025-08-29 03:00:00+00:00,68.17083333333333,60.47787094116211,41.08981704711914,84.93854522705078
Chronos2,2025-08-29 00:00:00+00:00,LZ_WEST,2025-08-29 04:00:00+00:00,48.59,55.613216400146484,36.33759689331055,81.504638671875
Chronos2,2025-08-29 00:00:00+00:00,LZ_WEST,2025-08-29 05:00:00+00:00,60.29749999999999,53.41596603393555,32.703346252441406,82.78395080566406
Chronos2,2025-08-29 00:00:00+00:00,LZ_WEST,2025-08-29 06:00:00+00:00,54.8825,49.75556564331055,27.642807006835938,84.10257720947266
Chronos2,2025-08-29 00:00:00+00:00,LZ_WEST,2025-08-29 07:00:00+00:00,43.8375,45.6322021484375,23.256725311279297,85.44244384765625
Chronos2,2025-08-29 00:00:00+00:00,LZ_WEST,2025-08-29 08:00:00+00:00,51.310833333333335,43.721771240234375,19.104543685913086,85.50288391113281
Chronos2,2025-08-29 00:00:00+00:00,LZ_WEST,2025-08-29 09:00:00+00:00,62.270833333333336,41.86656951904297,17.497058868408203,87.1673355102539
Chronos2,2025-08-29 00:00:00+00:00,LZ_WEST,2025-08-29 10:00:00+00:00,64.62416666666667,40.34294128417969,16.025123596191406,89.67340087890625
Chronos2,2025-08-29 00:00:00+00:00,LZ_WEST,2025-08-29 11:00:00+00:00,68.50666666666666,41.06038284301758,14.240184783935547,95.43263244628906
Chronos2,2025-08-29 00:00:00+00:00,LZ_WEST,2025-08-29 12:00:00+00:00,48.21833333333333,41.644371032714844,13.437301635742188,96.46749877929688
Chronos2,2025-08-29 00:00:00+00:00,LZ_WEST,2025-08-29 13:00:00+00:00,27.250833333333333,22.752288818359375,7.860809326171875,48.36181640625
Chronos2,2025-08-29 00:00:00+00:00,LZ_WEST,2025-08-29 14:00:00+00:00,27.793333333333333,17.378738403320312,5.288410186767578,35.46131134033203
Chronos2,2025-08-29 00:00:00+00:00,LZ_WEST,2025-08-29 15:00:00+00:00,27.095,18.605066299438477,7.523933410644531,34.5924186706543
Chronos2,2025-08-29 00:00:00+00:00,LZ_WEST,2025-08-29 16:00:00+00:00,26.8725,22.088619232177734,11.207378387451172,37.79461669921875
Chronos2,2025-08-29 00:00:00+00:00,LZ_WEST,2025-08-29 17:00:00+00:00,32.47833333333333,27.246023178100586,14.423194885253906,47.122161865234375
Chronos2,2025-08-29 00:00:00+00:00,LZ_WEST,2025-08-29 18:00:00+00:00,34.52333333333333,39.27378845214844,20.7899227142334,64.59352111816406
Chronos2,2025-08-29 00:00:00+00:00,LZ_WEST,2025-08-29 19:00:00+00:00,40.72,51.96821212768555,27.40650177001953,83.25521087646484
Chronos2,2025-08-29 00:00:00+00:00,LZ_WEST,2025-08-29 20:00:00+00:00,38.42333333333333,59.63631057739258,29.48436737060547,94.9122543334961
Chronos2,2025-08-29 00:00:00+00:00,LZ_WEST,2025-08-29 21:00:00+00:00,35.590833333333336,60.4346923828125,30.72579574584961,95.98821258544922
Chronos2,2025-08-29 00:00:00+00:00,LZ_WEST,2025-08-29 22:00:00+00:00,39.310833333333335,53.28704071044922,26.923763275146484,86.78718566894531
Chronos2,2025-08-29 00:00:00+00:00,LZ_WEST,2025-08-29 23:00:00+00:00,51.68,70.06757354736328,36.96609115600586,110.36167907714844
