model,covariates_used,multivariate_used,n_origins,mae_mean,mae_std,rmse_mean,rmse_std,smape_mean,smape_std,pinball_mean,pinball_std,coverage_mean,coverage_std,mase_mean,spike_f1_mean_signal,spike_precision,spike_recall,spike_f1_q90_signal
Toto2,False,False,30,12.88812883079788,5.0630819474787385,18.266967349129533,7.168959589935519,29.920743420877972,7.278711194374721,4.232622767830091,1.6319478602854,0.7708333333333333,0.1021093126428489,0.8612075959707222,0.3333333333333333,0.5873015873015873,0.23270440251572327,0.336231884057971
SeasonalNaive,False,False,30,14.965182484567901,6.306300547703117,22.552636104834207,9.982589345145927,32.45960674050627,10.106983068995513,5.676103380285418,2.1747684455403267,0.8550925925925926,0.09478990015538451,1.0,0.3221884498480243,0.31176470588235294,0.3333333333333333,0.2882205513784461
