{
  "LZ_LCRA": 85.76162500000001,
  "LZ_RAYBN": 75.23566666666666,
  "LZ_WEST": 86.43350000000002
}