{
  "LZ_LCRA": 90.75741666666667,
  "LZ_RAYBN": 78.45895833333336,
  "LZ_WEST": 91.57604166666667
}