model,covariates_used,n_origins,mae_mean,mae_std,rmse_mean,rmse_std,smape_mean,smape_std,pinball_mean,pinball_std,coverage_mean,coverage_std,mase_mean,spike_f1_mean_signal,spike_precision,spike_recall,spike_f1_q90_signal
SeasonalNaive,False,30,14.965182484567901,6.306300547703117,22.552636104834207,9.982589345145927,32.45960674050627,10.106983068995513,5.676103380285418,2.1747684455403267,0.8550925925925926,0.09478990015538451,1.0,0.4701195219123506,0.4573643410852713,0.48360655737704916,0.364592462751972
MovingAverage,False,30,18.743445473251025,5.762800210250575,24.19120910654136,8.017051811599728,43.01853873083245,9.196756076771624,6.143210934825496,2.0161475437974894,0.8138888888888889,0.13478186919379953,1.2524702249758244,0.02985074626865672,0.16666666666666666,0.01639344262295082,0.24913494809688577
Naive,False,30,31.82317515432099,19.154248130009485,36.73829618267208,21.101952449743294,59.19890227477421,14.681635918527425,11.200432445290721,5.672905477868377,0.8643518518518519,0.1748633848487675,2.1264809291257927,0.2972350230414746,0.20673076923076922,0.5286885245901639,0.19538188277087032
Drift,False,30,32.24504843553633,20.690928287968177,37.46656837464154,22.650462668793132,60.58582335615834,16.321794370741806,11.387082137590664,6.183397649275258,0.8574074074074074,0.1821840143623014,2.154671248999966,0.3026166097838453,0.2094488188976378,0.5450819672131147,0.19766397124887689
