model,origin,naive7_mae,covariates_used,multivariate_used,mae,rmse,smape,rmae,pinball,coverage
Naive,2025-07-01 00:00:00+00:00,25.592407407407407,False,False,17.233819444444446,22.698307109571672,34.54405103190381,0.673395791575916,5.846206273368371,0.9027777777777778
Naive,2025-07-02 00:00:00+00:00,38.74896990740741,False,False,66.70207175925924,71.8269093017097,81.2273301959554,1.7213895470936946,21.29919799751829,0.125
Naive,2025-07-03 00:00:00+00:00,9.429803240740743,False,False,4.636655092592593,5.397409367823925,14.040873268568316,0.49170220992101726,5.133058808337009,1.0
Naive,2025-07-04 00:00:00+00:00,8.454027777777778,False,False,12.849629629629636,15.753314545043931,35.68041587862514,1.5199417327922813,6.469829606515926,1.0
Naive,2025-07-05 00:00:00+00:00,18.460520833333334,False,False,8.245891203703707,14.58240131181776,25.30499642713513,0.4466770617226829,5.49715795798224,0.9583333333333334
Naive,2025-07-06 00:00:00+00:00,14.629305555555554,False,False,11.194363425925925,19.153119659193855,29.331983571181368,0.765201286104439,5.788526723303272,0.9583333333333334
Naive,2025-07-07 00:00:00+00:00,13.49300925925926,False,False,10.348321759259258,16.71127475523128,26.802262807776668,0.7669394988488552,6.078923554526331,0.9166666666666666
Naive,2025-07-08 00:00:00+00:00,12.906782407407407,False,False,21.19599537037037,30.034885107136997,43.17025706085727,1.6422369806285455,7.828321715807441,0.9027777777777778
Naive,2025-07-09 00:00:00+00:00,33.95109953703704,False,False,56.290208333333354,58.91085138232412,86.40430886594203,1.6579789491626544,16.565566734150057,0.4861111111111111
Naive,2025-07-10 00:00:00+00:00,17.20474537037037,False,False,40.53857638888889,43.12247327261926,102.09934168864451,2.356243903423501,10.9698203540951,0.5
Naive,2025-07-11 00:00:00+00:00,11.368680555555557,False,False,22.170648148148146,26.092669344444587,143.61075564583717,1.9501513865049158,7.68981257678755,0.8888888888888888
Naive,2025-07-12 00:00:00+00:00,52.02465277777779,False,False,49.08674768518519,100.33373193033866,56.947134961617564,0.9435285977757161,19.692623409179134,0.7222222222222222
Naive,2025-07-13 00:00:00+00:00,28.16582175925926,False,False,113.7638888888889,118.84156918915967,105.16553498692514,4.0390757941046065,31.854469216412173,1.0
Naive,2025-07-14 00:00:00+00:00,8.859305555555556,False,False,26.558784722222224,29.8810605281835,58.772501365523276,2.997840469061094,17.48212212632571,1.0
Naive,2025-07-15 00:00:00+00:00,24.954976851851853,False,False,17.141967592592593,19.48834076101103,66.29279932995351,0.6869157881555208,15.862848095702992,1.0
Naive,2025-07-16 00:00:00+00:00,23.476076388888888,False,False,9.385613425925925,12.4095521521176,73.19935340131674,0.3997948068684974,14.469397321032725,1.0
Naive,2025-07-17 00:00:00+00:00,10.92471064814815,False,False,13.240763888888889,18.566735144747046,63.79590672836137,1.2120013348942413,15.093342169581865,1.0
Naive,2025-07-18 00:00:00+00:00,8.932384259259258,False,False,13.136805555555554,17.677861189481263,70.59916016033489,1.4706941813366365,15.009120382230606,1.0
Naive,2025-07-19 00:00:00+00:00,60.14989583333334,False,False,16.838125,20.948068393192347,136.47511359777144,0.27993606251049896,15.586966195814531,1.0
Naive,2025-07-20 00:00:00+00:00,38.696168981481485,False,False,10.552604166666665,13.90957720600337,60.616917136153916,0.2727041059727835,4.674133710284894,0.9166666666666666
Naive,2025-07-21 00:00:00+00:00,10.894560185185188,False,False,10.232303240740741,13.555679103134045,38.356762853061326,0.9392121450350049,3.6636559729946363,0.9166666666666666
Naive,2025-07-22 00:00:00+00:00,8.963090277777777,False,False,12.654340277777777,15.264140137010644,102.76774759896936,1.4118278278588503,4.2785312758281835,0.8611111111111112
Naive,2025-07-23 00:00:00+00:00,6.148333333333333,False,False,12.035243055555554,17.084475032140805,73.71283378399495,1.9574805728743108,4.785043806622461,0.8333333333333334
Naive,2025-07-24 00:00:00+00:00,8.587928240740741,False,False,19.622696759259256,23.86523594759731,109.36520503014768,2.2849162462921004,6.178670044596438,0.7777777777777778
Naive,2025-07-25 00:00:00+00:00,21.549166666666665,False,False,16.454861111111107,21.822736085171712,37.17681758290035,0.7635961689676063,5.221416985567335,0.8194444444444444
Naive,2025-07-26 00:00:00+00:00,14.584178240740743,False,False,26.370497685185185,28.78948615835232,60.15272428982138,1.8081579400558536,7.9667403236054275,0.5277777777777778
Naive,2025-07-27 00:00:00+00:00,7.8231828703703705,False,False,10.725046296296295,14.635840933615837,57.654998985991504,1.370931304305372,4.3166781649860395,0.9861111111111112
Naive,2025-07-28 00:00:00+00:00,9.630636574074073,False,False,13.797175925925927,19.736575137734466,77.89899362470078,1.4326338471818456,5.2498563980756,0.8888888888888888
Naive,2025-07-29 00:00:00+00:00,15.900150462962964,False,False,14.603912037037036,21.075956339145513,49.35208477661306,0.9184763421613322,6.263480559007992,0.8472222222222222
Naive,2025-07-30 00:00:00+00:00,23.051689814814814,False,False,23.71489583333333,35.10978692768783,51.212707623596955,1.0287703861992923,9.17958375308668,0.8333333333333334
Naive,2025-07-31 00:00:00+00:00,33.38466435185185,False,False,115.29833333333333,118.32643699754811,112.77235282544412,3.4536316470989985,40.344907270218044,0.05555555555555555
Naive,2025-08-01 00:00:00+00:00,24.084745370370374,False,False,29.81652777777778,33.853865224298985,47.5976610718152,1.2379839321223955,10.822380569539133,0.9722222222222222
Naive,2025-08-02 00:00:00+00:00,24.0771875,False,False,51.23060185185185,54.96473261223291,76.39776217827878,2.1277652072880957,14.956209622305908,0.8888888888888888
Naive,2025-08-03 00:00:00+00:00,11.675173611111111,False,False,17.266909722222223,19.518017901192756,56.50619731187284,1.4789424378057667,8.913090748627923,1.0
Naive,2025-08-04 00:00:00+00:00,12.069548611111111,False,False,24.812743055555554,25.505213243841183,63.36540604663402,2.055813672494196,10.211141633623425,0.9583333333333334
Naive,2025-08-05 00:00:00+00:00,12.442928240740741,False,False,12.544988425925924,14.04273813124093,49.08219286359936,1.008202264226761,8.124554636724083,1.0
Naive,2025-08-06 00:00:00+00:00,20.331157407407407,False,False,10.03008101851852,12.205639017804334,46.73258847522781,0.49333546622703256,7.334929815085405,1.0
Naive,2025-08-07 00:00:00+00:00,29.053194444444443,False,False,16.746712962962963,21.84125335526462,52.669769285840005,0.576415546833793,8.07771354091893,0.875
Naive,2025-08-08 00:00:00+00:00,34.689097222222216,False,False,17.96877314814815,23.357359962740063,76.54932617982256,0.5179948337380529,7.427820806886437,0.9027777777777778
Naive,2025-08-09 00:00:00+00:00,25.395208333333336,False,False,16.711921296296296,22.879395819960365,98.3817968515593,0.6580738018345178,6.691249892841539,0.8194444444444444
Naive,2025-08-10 00:00:00+00:00,10.928773148148148,False,False,13.576979166666668,18.03469600685854,43.735695283473625,1.2423150323114953,5.380398876119066,0.9305555555555556
Naive,2025-08-11 00:00:00+00:00,13.578888888888889,False,False,10.34193287037037,14.034467766330936,27.89646170820479,0.7616184913945939,4.750715304188025,0.9583333333333334
Naive,2025-08-12 00:00:00+00:00,25.48246527777778,False,False,20.48796296296296,25.701351626035013,44.11739448927629,0.8040023890792732,7.313649804797002,0.8611111111111112
Naive,2025-08-13 00:00:00+00:00,23.985937500000002,False,False,61.53930555555556,63.68220001011946,82.54408954787087,2.5656410367764675,18.06704795037488,0.375
Naive,2025-08-14 00:00:00+00:00,13.576927083333334,False,False,33.456128472222225,35.54406297108936,70.85636019695659,2.46419003850231,9.522031072738358,0.8472222222222222
Naive,2025-08-15 00:00:00+00:00,12.374131944444445,False,False,20.267511574074078,22.33092563872645,55.95146900872563,1.6378936045831876,7.24649652842474,0.9166666666666666
Naive,2025-08-16 00:00:00+00:00,14.61224537037037,False,False,14.660648148148148,19.092418463502568,41.17442746815676,1.0033124804950186,6.008265261916775,0.9722222222222222
Naive,2025-08-17 00:00:00+00:00,13.685046296296296,False,False,25.031655092592597,32.96997468133757,58.109088945251244,1.8291246189913974,8.050829566469792,0.8611111111111112
Naive,2025-08-18 00:00:00+00:00,14.104664351851852,False,False,34.60101851851852,41.72995821950393,78.33602013231702,2.4531614262749635,9.978247464143644,0.8472222222222222
Naive,2025-08-19 00:00:00+00:00,23.564027777777778,False,False,74.49678240740744,79.50150528616554,75.6920638650627,3.1614621706422428,23.48548434619782,0.3055555555555556
Naive,2025-08-20 00:00:00+00:00,12.98171296296296,False,False,41.56053240740741,47.94937882684614,72.13856461519028,3.2014675201940057,11.598242930669889,0.9583333333333334
Naive,2025-08-21 00:00:00+00:00,29.798315972222227,False,False,30.59939814814815,39.546282381443916,47.68635037366997,1.0268834714241128,12.052951747781783,0.8333333333333334
Naive,2025-08-22 00:00:00+00:00,13.433124999999999,False,False,27.199710648148145,29.276829154757642,56.156215828282456,2.024823758295121,9.684857889961288,1.0
Naive,2025-08-23 00:00:00+00:00,14.15365740740741,False,False,19.27743055555555,20.878334541834047,48.57998680656986,1.3620105390898172,8.451716763706322,0.9583333333333334
Naive,2025-08-24 00:00:00+00:00,16.118402777777778,False,False,23.09684027777778,28.407662412596903,46.96676652124776,1.432948450054932,9.797780998840237,0.875
Naive,2025-08-25 00:00:00+00:00,14.469074074074074,False,False,59.44506944444444,63.34829003156154,92.59878424325714,4.108422497536252,15.895592860726206,0.8472222222222222
Naive,2025-08-26 00:00:00+00:00,29.61265046296296,False,False,21.958530092592593,25.01529534284758,49.64090176596164,0.741525319392011,8.589543679475272,0.9861111111111112
Naive,2025-08-27 00:00:00+00:00,15.542800925925924,False,False,17.116365740740743,20.175093241118084,38.74075842544211,1.1012407494835799,7.265726069697432,1.0
Naive,2025-08-28 00:00:00+00:00,38.10836805555555,False,False,28.33288194444445,31.523035804824346,73.99958812386464,0.7434819014852565,9.18817341725238,1.0
Naive,2025-08-29 00:00:00+00:00,10.51587962962963,False,False,26.685590277777777,30.579441049529017,81.40646280874314,2.5376469889012645,8.440951599520629,1.0
Naive,2025-08-30 00:00:00+00:00,10.106469907407408,False,False,16.448854166666667,17.97695147585805,44.92190032555568,1.6275568341237219,6.637980030815702,1.0
Naive,2025-08-31 00:00:00+00:00,18.541041666666665,False,False,13.03869212962963,15.09250740769956,35.74283562032546,0.7032340665665385,5.7538382001460775,1.0
Naive,2025-09-01 00:00:00+00:00,15.252546296296297,False,False,10.093981481481483,15.07929347947966,27.81244530620226,0.6617899257865264,4.879175540327776,0.9444444444444444
Naive,2025-09-02 00:00:00+00:00,16.35789351851852,False,False,21.251400462962962,22.715715747629073,53.21781061688914,1.2991526347145235,6.349232039750045,0.9444444444444444
Naive,2025-09-03 00:00:00+00:00,12.73765046296296,False,False,20.66568287037037,23.214063367503723,48.738465978211565,1.6224093234823493,7.096351581618883,0.875
Naive,2025-09-04 00:00:00+00:00,21.25173611111111,False,False,48.64496527777778,52.206690840805585,100.97075194682989,2.288987827791847,14.698198759696153,0.4027777777777778
Naive,2025-09-05 00:00:00+00:00,14.96193287037037,False,False,79.64608796296297,84.11682642428268,109.11429831752915,5.32324858379019,26.504525549556945,0.20833333333333334
Naive,2025-09-06 00:00:00+00:00,12.201678240740742,False,False,33.36914351851851,36.65960187357906,65.61964870094,2.73479949726102,9.751964188779157,0.9305555555555556
Naive,2025-09-07 00:00:00+00:00,6.696481481481481,False,False,18.091400462962962,20.85673197235712,46.29210915925655,2.7016277896075884,6.85516359859007,1.0
Naive,2025-09-08 00:00:00+00:00,11.930543981481483,False,False,15.093020833333334,17.823304516365695,61.07504964455115,1.2650739862960674,6.328362264479067,1.0
Naive,2025-09-09 00:00:00+00:00,14.096458333333334,False,False,14.053020833333335,17.36422405730439,62.1102595102301,0.9969185522368208,6.151621530465125,0.9861111111111112
Naive,2025-09-10 00:00:00+00:00,16.7190625,False,False,12.147268518518517,14.037210072806005,45.03988491321913,0.7265520132195521,5.8315181397523554,0.9166666666666666
Naive,2025-09-11 00:00:00+00:00,12.884409722222223,False,False,22.984768518518518,24.874046805749135,64.26935542816503,1.783920956726161,7.731600653604599,0.8888888888888888
Naive,2025-09-12 00:00:00+00:00,11.97099537037037,False,False,27.886805555555554,29.465305724775288,81.76220570842763,2.3295310617677374,7.70510365684233,0.8888888888888888
Naive,2025-09-13 00:00:00+00:00,17.90605324074074,False,False,16.280682870370374,19.568388843414866,49.54963562702053,0.9092278824083778,5.739615567151404,0.9166666666666666
Naive,2025-09-14 00:00:00+00:00,14.176145833333333,False,False,45.24486111111111,53.11592883157021,81.24566934655047,3.191619333142285,14.839418600144676,0.3888888888888889
Naive,2025-09-15 00:00:00+00:00,15.779490740740739,False,False,15.561006944444443,17.289270878485446,44.16915679035902,0.9861539386862342,5.689052782686999,1.0
Naive,2025-09-16 00:00:00+00:00,12.501087962962963,False,False,34.92600694444444,36.642450010552636,85.01737190363757,2.7938373882273204,9.362950691795753,0.75
Naive,2025-09-17 00:00:00+00:00,12.539756944444443,False,False,21.070196759259257,26.73082214190821,55.469530388955725,1.680271543747433,6.993433626792718,0.9583333333333334
Naive,2025-09-18 00:00:00+00:00,14.145231481481481,False,False,26.78391203703704,30.26857555623825,56.81062062777036,1.8934940776403515,8.002199012845699,0.7638888888888888
Naive,2025-09-19 00:00:00+00:00,12.568773148148146,False,False,42.04351851851852,44.45329411481425,78.27251513653253,3.3450773614060423,11.4871919172747,0.4583333333333333
Naive,2025-09-20 00:00:00+00:00,7.397951388888888,False,False,30.14467592592593,31.92669132681826,72.3916192227525,4.074732901219214,8.069033845717843,0.8611111111111112
Naive,2025-09-21 00:00:00+00:00,14.009953703703705,False,False,13.457175925925926,15.647173759590217,50.636894841689575,0.9605439254498289,4.855833673264235,0.9722222222222222
Naive,2025-09-22 00:00:00+00:00,6.040694444444445,False,False,18.626284722222223,20.77944508707894,48.82813532447338,3.0834674545329133,5.619372928747869,0.9722222222222222
Naive,2025-09-23 00:00:00+00:00,9.803368055555556,False,False,47.455625,50.84672433365755,92.38234085802875,4.84074705051056,14.60660595752708,0.3055555555555556
Naive,2025-09-24 00:00:00+00:00,20.765775462962964,False,False,70.96678240740741,76.32963902035955,101.76366886034964,3.4174877087533293,23.907104609492908,0.2361111111111111
Naive,2025-09-25 00:00:00+00:00,15.485300925925925,False,False,18.616041666666668,22.441757264450406,42.71898042081237,1.2021750016817025,7.329111757063838,0.9722222222222222
Naive,2025-09-26 00:00:00+00:00,12.802858796296297,False,False,49.691469907407416,51.56231068904642,84.52368329207769,3.8812792281816404,13.696873451319716,0.6527777777777778
Naive,2025-09-27 00:00:00+00:00,8.66511574074074,False,False,88.56717592592592,90.72094651338645,125.05647551520049,10.221118629669306,26.812193034218634,0.20833333333333334
Naive,2025-09-28 00:00:00+00:00,7.170092592592592,False,False,42.003310185185185,43.98282582830899,96.61136356638562,5.85812660614435,12.285829821975755,0.8472222222222222
Naive,2025-09-29 00:00:00+00:00,13.71752314814815,False,False,25.31269675925926,29.27453942680603,56.09242672931023,1.8452818694660957,9.32448411898814,0.9583333333333334
Naive,2025-09-30 00:00:00+00:00,12.950011574074075,False,False,35.540844907407404,39.41352486634565,69.17400475768099,2.744464335349335,10.953129968520235,1.0
Naive,2025-10-01 00:00:00+00:00,22.369687499999998,False,False,34.44297453703704,38.15366086161501,83.8853299349374,1.53971639241885,10.991322904884498,0.8888888888888888
Naive,2025-10-02 00:00:00+00:00,15.714699074074073,False,False,35.1667824074074,38.21857935391882,75.64796814950637,2.2378272877923036,10.80117809092913,0.7916666666666666
Naive,2025-10-03 00:00:00+00:00,19.23453703703704,False,False,45.69079861111111,48.4010955834139,84.1790675921671,2.3754561143390793,13.213666973494611,0.6944444444444444
Naive,2025-10-04 00:00:00+00:00,12.940219907407405,False,False,28.9210300925926,32.085650213211395,98.02214391905922,2.2349720715362227,8.174193177086748,0.9444444444444444
Naive,2025-10-05 00:00:00+00:00,11.617731481481481,False,False,15.060740740740743,18.2654435618411,95.00651117746206,1.2963581371068331,5.505553268147349,0.9861111111111112
Naive,2025-10-06 00:00:00+00:00,13.979884259259258,False,False,17.828252314814815,21.23652404606337,51.37306971041819,1.275278963987608,5.88721823829504,0.9583333333333334
Naive,2025-10-07 00:00:00+00:00,16.990526620370375,False,False,42.1204224537037,45.30658929459771,75.46795330018783,2.4790533804411017,13.251611312454912,0.4166666666666667
Naive,2025-10-08 00:00:00+00:00,15.330381944444444,False,False,20.6755787037037,24.754701354963228,43.29864657668996,1.3486669007093,6.547790305560093,0.875
Naive,2025-10-09 00:00:00+00:00,13.605879629629632,False,False,58.42956018518518,61.52004707656879,86.96628944041117,4.294434595609876,18.595445133910573,0.20833333333333334
Naive,2025-10-10 00:00:00+00:00,14.625069444444446,False,False,48.71864583333334,51.717938297218424,82.9408656126783,3.331173641150802,14.360783237060835,0.4027777777777778
Naive,2025-10-11 00:00:00+00:00,14.75380787037037,False,False,108.7723611111111,112.00725627044793,130.27701277300977,7.3724940752112795,40.83776077273156,0.041666666666666664
Naive,2025-10-12 00:00:00+00:00,16.312592592592594,False,False,65.99620370370371,70.1230915723402,127.05154336038274,4.045721324130415,20.513275719020413,0.3472222222222222
Naive,2025-10-13 00:00:00+00:00,22.042025462962965,False,False,87.70673611111111,92.33265566682476,100.67449065293542,3.979068813729665,27.586774552069244,0.3194444444444444
Naive,2025-10-14 00:00:00+00:00,13.35359375,False,False,42.38121527777778,45.26674843949294,93.52099044719535,3.1737685054090985,11.970061480283782,0.9444444444444444
Naive,2025-10-15 00:00:00+00:00,18.150462962962962,False,False,56.67898148148148,60.05452573170768,102.67702719482514,3.1227292437189136,15.450973959884577,0.7777777777777778
Naive,2025-10-16 00:00:00+00:00,25.637511574074075,False,False,48.6928587962963,51.82260755789072,125.57690922765605,1.8992817869865708,13.553574948917841,0.8472222222222222
Naive,2025-10-17 00:00:00+00:00,19.867476851851855,False,False,13.606655092592591,18.779760902379458,70.50514960875743,0.6848708164632547,6.980399189967264,1.0
Naive,2025-10-18 00:00:00+00:00,13.779050925925926,False,False,54.73224537037037,57.972092594721445,115.14009999193027,3.972134631376469,14.11937897957406,0.75
Naive,2025-10-19 00:00:00+00:00,23.621006944444446,False,False,19.545266203703704,24.244666490805475,90.46449310825851,0.8274527097711498,7.299934440676019,1.0
Naive,2025-10-20 00:00:00+00:00,40.448182870370374,False,False,32.698807870370366,37.776321829965894,134.46777137475848,0.8084122833197365,9.36230427288236,0.8472222222222222
Naive,2025-10-21 00:00:00+00:00,16.331168981481483,False,False,49.05863425925926,60.767359888482545,104.37755869912375,3.0039879150652755,15.887810696933242,0.4027777777777778
Naive,2025-10-22 00:00:00+00:00,20.50655092592593,False,False,135.9886111111111,143.76875894555863,137.69595319254793,6.631471650319511,53.28399594782251,0.09722222222222222
Naive,2025-10-23 00:00:00+00:00,18.201620370370367,False,False,96.90253472222223,98.93021284272889,121.20127172258944,5.323841105925145,31.137409503812354,0.2361111111111111
Naive,2025-10-24 00:00:00+00:00,17.438587962962963,False,False,17.9922337962963,22.02221677059616,44.55030408714736,1.0317483178402518,8.036327250782204,1.0
Naive,2025-10-25 00:00:00+00:00,29.684907407407408,False,False,16.06101851851852,20.78400810946089,32.54680095414037,0.5410499786336117,7.879763634576892,0.9583333333333334
Naive,2025-10-26 00:00:00+00:00,27.72028935185185,False,False,27.649745370370375,31.225413823380443,51.04075095016015,0.9974551498872878,9.873419088667564,1.0
Naive,2025-10-27 00:00:00+00:00,37.07189814814814,False,False,67.36246527777777,71.43385626143963,92.39562291159046,1.8170762394895805,18.81062950151367,0.6944444444444444
Naive,2025-10-28 00:00:00+00:00,31.069247685185182,False,False,152.30232638888887,155.22284837450383,154.67769814232673,4.902028138309623,53.209246908225374,0.0
Naive,2025-10-29 00:00:00+00:00,42.35157407407408,False,False,23.012638888888887,29.06720101266457,93.66235153762445,0.5433715131494083,9.526434965650308,0.9444444444444444
Naive,2025-10-30 00:00:00+00:00,22.793622685185184,False,False,22.823217592592584,32.480582877505434,51.8389559237771,1.0012983854219293,8.60209896616147,1.0
Naive,2025-10-31 00:00:00+00:00,27.726145833333334,False,False,37.90083333333334,44.1750232957382,86.28598770802708,1.3669708570805987,11.069612533467511,1.0
Naive,2025-11-01 00:00:00+00:00,18.29991898148148,False,False,13.11931712962963,16.317174809373252,32.52749871912265,0.7169057493044458,7.044961775940409,1.0
Naive,2025-11-02 00:00:00+00:00,21.35304398148148,False,False,45.135185185185186,51.70452096750316,106.52809483518782,2.1137588263448,12.430891227731204,0.8888888888888888
Naive,2025-11-03 00:00:00+00:00,33.91616898148148,False,False,59.89777777777778,61.36755761714425,140.8263403308314,1.7660537606851316,16.971662293695953,0.6111111111111112
Naive,2025-11-04 00:00:00+00:00,21.33646990740741,False,False,48.79537037037038,50.7086872301933,149.65268940447953,2.28694674339873,13.248983800747752,0.7361111111111112
Naive,2025-11-05 00:00:00+00:00,27.436886574074077,False,False,24.974224537037035,29.469334136788085,93.804840264043,0.9102426570745062,8.034784315871219,0.9583333333333334
Naive,2025-11-06 00:00:00+00:00,11.70070601851852,False,False,79.89475694444445,82.2540152771577,112.78063060549808,6.828199667438555,25.148795449079845,0.09722222222222222
Naive,2025-11-07 00:00:00+00:00,32.83537037037038,False,False,37.10506944444445,44.66131456693199,100.23331256829766,1.1300335286586844,10.792094218366914,0.8472222222222222
Naive,2025-11-08 00:00:00+00:00,25.559421296296293,False,False,123.72971064814816,129.64024163821904,124.8342716040957,4.8408651046444975,44.62832416463266,0.05555555555555555
Naive,2025-11-09 00:00:00+00:00,25.30513888888889,False,False,50.53157407407408,66.17920044826359,164.52203263360957,1.9968898134070996,16.143117321302284,0.6944444444444444
Naive,2025-11-10 00:00:00+00:00,24.95175925925926,False,False,28.61872685185185,34.68617254494796,75.1465256196955,1.1469622864861455,9.923973316872667,1.0
Naive,2025-11-11 00:00:00+00:00,6.010625,False,False,42.762037037037025,44.5795445255351,148.7310996560189,7.114407742462228,12.306703544131965,0.9861111111111112
Naive,2025-11-12 00:00:00+00:00,11.540023148148148,False,False,12.315428240740742,16.28984569693222,51.88500980584543,1.0671926808671113,7.1988261694823015,1.0
Naive,2025-11-13 00:00:00+00:00,18.470023148148147,False,False,52.4329050925926,54.727326925876575,115.12198174755217,2.8388110113359364,14.675488848976459,0.6944444444444444
Naive,2025-11-14 00:00:00+00:00,26.308391203703703,False,False,52.13364583333334,54.38014085328033,122.3098596244341,1.9816356473365027,14.575992628318353,0.7083333333333334
Naive,2025-11-15 00:00:00+00:00,36.42067129629629,False,False,36.48436342592592,39.16133075096329,124.24908952767713,1.0017487906554898,10.710655522572035,0.8472222222222222
Naive,2025-11-16 00:00:00+00:00,29.978449074074074,False,False,17.800555555555555,20.921609499255833,44.02401509274825,0.5937784009963948,6.324411113305043,0.9861111111111112
Naive,2025-11-17 00:00:00+00:00,18.24554398148148,False,False,58.84806712962964,62.485618515676485,101.44221396528654,3.2253391397569815,18.13803938939788,0.19444444444444445
Naive,2025-11-18 00:00:00+00:00,54.36366898148148,False,False,32.38640046296296,46.33664126058463,62.72326543365286,0.5957361059275655,10.515933912073193,0.75
Naive,2025-11-19 00:00:00+00:00,42.682905092592584,False,False,91.53636574074073,96.87304317637359,86.96363398055144,2.144567375209576,31.630542655867654,0.20833333333333334
Naive,2025-11-20 00:00:00+00:00,27.63351851851852,False,False,61.603923611111114,64.28436949561447,89.02067277575667,2.2293188458729,15.655878344624384,0.7222222222222222
Naive,2025-11-21 00:00:00+00:00,15.819236111111113,False,False,19.38128472222222,22.438015650777174,60.3710655524197,1.2251719732920097,8.036973760246314,1.0
Naive,2025-11-22 00:00:00+00:00,40.30236111111111,False,False,30.263738425925926,35.20683921180485,49.75857539665001,0.7509172562493467,10.037872358276681,0.9722222222222222
Naive,2025-11-23 00:00:00+00:00,20.285462962962963,False,False,61.75502314814816,65.03460599755292,104.83989970440406,3.044299420767472,15.623528764753871,0.8611111111111112
Naive,2025-11-24 00:00:00+00:00,18.166030092592592,False,False,13.00083333333333,19.504737456735292,37.30669196618196,0.7156672793707729,7.062356726355238,1.0
Naive,2025-11-25 00:00:00+00:00,43.79054398148148,False,False,35.122199074074075,44.871637314688286,54.461914878054586,0.8020498463989589,10.80728917492773,0.9722222222222222
Naive,2025-11-26 00:00:00+00:00,39.472071759259265,False,False,58.38459490740742,71.34977574601449,120.45604947397852,1.4791368252342036,19.548164480824088,0.5972222222222222
Naive,2025-11-27 00:00:00+00:00,13.770243055555556,False,False,20.26430555555556,22.823878364375783,45.46095137013688,1.471601152848206,7.3620543937962735,1.0
Naive,2025-11-28 00:00:00+00:00,18.528738425925926,False,False,25.311296296296298,27.88274618848678,110.87705743950167,1.366056107785516,7.969833860783623,1.0
Naive,2025-11-29 00:00:00+00:00,46.82982638888889,False,False,6.07025462962963,8.602723134670214,64.09874693751786,0.12962368425670467,4.594564943799861,1.0
Naive,2025-11-30 00:00:00+00:00,25.589131944444446,False,False,18.92107638888889,25.539667748687506,78.23113434944813,0.7394184542862842,6.692581160988863,0.9166666666666666
Naive,2025-12-01 00:00:00+00:00,36.573125000000005,False,False,19.125902777777778,27.01787649125021,27.653884510346078,0.5229496461617041,6.868110323897121,0.9305555555555556
Naive,2025-12-02 00:00:00+00:00,69.59319444444444,False,False,87.798125,100.6365052198772,103.1149969158327,1.2615906727789077,30.959119438280894,0.20833333333333334
Naive,2025-12-03 00:00:00+00:00,21.03315972222222,False,False,9.525023148148149,12.320101230456823,61.26139572820948,0.45285745337086236,7.515904128892912,1.0
Naive,2025-12-04 00:00:00+00:00,24.26384259259259,False,False,24.261527777777776,32.91299009823918,68.07246849074279,0.999904598177062,9.93660443434626,0.9722222222222222
Naive,2025-12-05 00:00:00+00:00,33.67545717592592,False,False,71.62286458333331,77.83705328981395,93.64324655365519,2.126856488069757,20.310065870657173,0.8333333333333334
Naive,2025-12-06 00:00:00+00:00,35.794317129629626,False,False,28.63202546296296,36.24230927849864,65.54899675345732,0.7999042238820111,10.945723207919743,1.0
Naive,2025-12-07 00:00:00+00:00,22.03747685185185,False,False,24.597395833333334,29.239655878566538,64.49573423529343,1.116162072395614,10.425988153110788,1.0
Naive,2025-12-08 00:00:00+00:00,28.71826388888889,False,False,30.266180555555554,39.48093945179296,63.942456548548556,1.0539000781055414,11.457975519529535,1.0
Naive,2025-12-09 00:00:00+00:00,79.52473379629629,False,False,31.39327546296296,35.52539616411996,86.28735779992104,0.3947611512083432,11.534922216149104,1.0
Naive,2025-12-10 00:00:00+00:00,25.7221875,False,False,25.367557870370362,28.919625643282586,118.06418718147818,0.9862130843409163,7.931859350819738,1.0
Naive,2025-12-11 00:00:00+00:00,36.84158564814815,False,False,54.24660879629629,60.468024780877776,115.74547050673382,1.4724287199354844,14.797107230050939,0.5694444444444444
Naive,2025-12-12 00:00:00+00:00,20.148663194444445,False,False,21.47133101851852,24.125570213108723,66.19757644056932,1.065645438176701,7.315862501379773,0.9861111111111112
Naive,2025-12-13 00:00:00+00:00,19.73253472222222,False,False,25.795277777777773,30.40586058649551,74.76921286039344,1.3072460350837678,7.890684739396285,1.0
Naive,2025-12-14 00:00:00+00:00,28.067824074074075,False,False,26.66596064814815,33.50342266221389,90.16580065535548,0.9500544316429285,8.432993944579147,0.8888888888888888
Naive,2025-12-15 00:00:00+00:00,88.14015046296295,False,False,109.18480324074073,125.51309266093057,112.15117390225808,1.238763522268105,41.08587841057011,0.125
Naive,2025-12-16 00:00:00+00:00,7.9099652777777765,False,False,26.028009259259257,30.353831752899556,77.64027561174291,3.2905339461327645,10.843285716143606,1.0
Naive,2025-12-17 00:00:00+00:00,36.782916666666665,False,False,17.042627314814816,27.361377060008962,37.56454009389589,0.4633299601893492,9.334385743275218,1.0
Naive,2025-12-18 00:00:00+00:00,18.905335648148153,False,False,37.67074074074074,51.102465733572245,137.65738568471363,1.9925983564555612,12.742893358418348,1.0
Naive,2025-12-19 00:00:00+00:00,23.632916666666667,False,False,26.293738425925923,32.18614642440383,108.3806722440587,1.1125896475999615,10.81436535519772,1.0
Naive,2025-12-20 00:00:00+00:00,17.76171296296296,False,False,11.564884259259259,16.232551974217703,69.59576172365865,0.6511131152369459,8.369179968151034,1.0
Naive,2025-12-21 00:00:00+00:00,18.17896990740741,False,False,19.3437037037037,24.679522647287843,55.79085575980994,1.0640703957500746,9.664578794223695,1.0
Naive,2025-12-22 00:00:00+00:00,101.52644675925927,False,False,35.36745370370371,37.94853856506911,127.95362642315253,0.34835705210453627,12.54470673939513,0.8333333333333334
Naive,2025-12-23 00:00:00+00:00,22.481203703703706,False,False,13.175300925925928,19.924300718575505,91.0253776072109,0.5860585180212277,5.190469109308377,0.9583333333333334
Naive,2025-12-24 00:00:00+00:00,34.32805555555555,False,False,79.48149305555555,81.6099203306994,144.26155070151123,2.315350862996739,28.68154138030131,0.09722222222222222
Naive,2025-12-25 00:00:00+00:00,12.023530092592592,False,False,36.011655092592584,38.20612850465785,133.7669478075685,2.9950983459324063,10.189237600560254,0.5833333333333334
Naive,2025-12-26 00:00:00+00:00,21.210729166666667,False,False,9.467962962962963,12.128338868274735,67.03808381983859,0.4463761188296236,4.364649230111325,1.0
Naive,2025-12-27 00:00:00+00:00,10.18861111111111,False,False,32.10488425925925,34.50895698498229,140.13278365838232,3.1510560084335264,8.314408537083006,0.875
Naive,2025-12-28 00:00:00+00:00,22.232141203703705,False,False,9.959918981481483,12.836719874312077,104.8806649139916,0.44799638911173506,4.231096360343462,1.0
Naive,2025-12-29 00:00:00+00:00,25.714479166666663,False,False,19.867905092592594,28.95747132659872,93.49135252779128,0.772634940953698,6.403351624727473,0.9305555555555556
Naive,2025-12-30 00:00:00+00:00,34.40138888888889,False,False,67.10893518518517,73.42258167949595,97.10181483570453,1.9507623777033116,22.846057074899615,0.05555555555555555
Naive,2025-12-31 00:00:00+00:00,21.10957175925926,False,False,9.921273148148146,11.732260416111234,27.754704672644504,0.4699893139137885,4.210775618739468,1.0
Naive,2026-01-01 00:00:00+00:00,17.20872685185185,False,False,24.802557870370368,26.192355486436398,72.72300764085142,1.4412779099751554,6.704601904112576,0.7916666666666666
Naive,2026-01-02 00:00:00+00:00,11.871331018518518,False,False,16.232071759259256,18.156713294114546,127.64158135938368,1.3673337668655907,4.982862030567737,1.0
Naive,2026-01-03 00:00:00+00:00,11.644849537037036,False,False,9.032210648148148,10.474901412272882,47.74762359872399,0.7756399616346045,3.7136960228394087,1.0
Naive,2026-01-04 00:00:00+00:00,13.408275462962962,False,False,33.34456018518518,36.47003545107228,115.49429983843034,2.4868641964651803,9.005319889801696,0.5
Naive,2026-01-05 00:00:00+00:00,24.661863425925926,False,False,18.625208333333333,20.100046129254235,117.47913971856121,0.7552230750638849,5.654318132214349,0.9722222222222222
Naive,2026-01-06 00:00:00+00:00,23.47164351851852,False,False,13.419328703703703,17.386769851139157,84.08818233711348,0.5717251411523953,4.522971046847307,0.9861111111111112
Naive,2026-01-07 00:00:00+00:00,21.52386574074074,False,False,34.97046296296296,39.41127137508334,96.58691502036079,1.6247296551738972,10.454893341203038,0.3333333333333333
Naive,2026-01-08 00:00:00+00:00,18.982453703703705,False,False,36.091562499999995,40.47972489595738,132.55538956718541,1.9013117620804785,10.062282574697287,0.375
Naive,2026-01-09 00:00:00+00:00,30.61946759259259,False,False,18.871168981481482,22.58698890287699,65.85644651580554,0.6163127730557524,6.243850981291136,0.75
Naive,2026-01-10 00:00:00+00:00,14.342824074074075,False,False,16.39327546296296,20.50631670714915,152.28848419239768,1.1429600877971626,5.2784686424048575,0.9444444444444444
Naive,2026-01-11 00:00:00+00:00,17.911319444444445,False,False,13.542476851851854,16.341016891958457,45.16545179473883,0.7560848263499831,4.807355701061143,0.9722222222222222
Naive,2026-01-12 00:00:00+00:00,25.223206018518518,False,False,27.340659722222224,33.310896746592014,71.11452832421219,1.0839486345292149,8.320340779033794,0.7083333333333334
Naive,2026-01-13 00:00:00+00:00,10.350763888888888,False,False,14.784953703703707,18.47570976528422,49.85744030263597,1.4283925188917443,5.082218134319518,0.9861111111111112
Naive,2026-01-14 00:00:00+00:00,20.590601851851854,False,False,21.82953703703704,28.063619293922663,107.33214116876037,1.0601699354928646,6.327568141610253,0.8611111111111112
Naive,2026-01-15 00:00:00+00:00,18.313819444444444,False,False,23.030497685185185,27.43068250867247,128.58309340156126,1.2575474905739317,7.680262425646595,0.625
Naive,2026-01-16 00:00:00+00:00,35.55108796296296,False,False,21.24917824074074,24.179670777058977,141.1835079933485,0.5977082406838881,6.145024574072214,0.9722222222222222
Naive,2026-01-17 00:00:00+00:00,11.657141203703702,False,False,22.04636574074074,24.78859872006947,101.58607204312653,1.8912326234614176,6.653407339694695,0.8888888888888888
Naive,2026-01-18 00:00:00+00:00,18.301412037037036,False,False,23.59935185185185,27.802967757882133,99.77057991460792,1.2894825712952223,7.411500107386085,0.7222222222222222
Naive,2026-01-19 00:00:00+00:00,21.47127314814815,False,False,29.80827546296296,34.02768024149853,115.79621480531162,1.388286351595963,8.065076635433352,0.8055555555555556
Naive,2026-01-20 00:00:00+00:00,26.999039351851852,False,False,33.90815972222222,45.05283289624791,95.37791604298683,1.2559024519476645,11.22744060838489,0.5833333333333334
Naive,2026-01-21 00:00:00+00:00,16.780833333333334,False,False,10.37858796296296,13.180663609643727,70.40565840937775,0.6184786986917392,5.533875582447927,1.0
Naive,2026-01-22 00:00:00+00:00,24.95273148148148,False,False,14.794687500000002,19.435379679965045,47.78378917013607,0.592908536325163,6.289313010901206,0.9305555555555556
Naive,2026-01-23 00:00:00+00:00,32.32828703703703,False,False,33.053067129629625,36.70424512393178,77.87564765754978,1.0224193781675548,9.248580379428192,0.9722222222222222
Naive,2026-01-24 00:00:00+00:00,94.17333333333333,False,False,90.82243055555556,127.64641429476566,117.37335723723652,0.9644177108405305,34.508525224984844,0.5277777777777778
Naive,2026-01-25 00:00:00+00:00,118.38245370370367,False,False,188.08358796296295,198.3372187649001,81.2928521577796,1.5887792665094813,75.98132524596231,0.041666666666666664
Naive,2026-01-26 00:00:00+00:00,305.5712615740741,False,False,238.9469212962963,310.3188570212493,88.16041293262482,0.7819679117251436,98.256488806976,0.2916666666666667
Naive,2026-01-27 00:00:00+00:00,63.59155092592592,False,False,69.82327546296297,79.05930005034342,61.54579993630887,1.0979961087015477,31.241911974712366,0.9861111111111112
Naive,2026-01-28 00:00:00+00:00,201.86112268518522,False,False,150.4211226851852,240.54643659937636,78.690565034476,0.7451713370274679,54.78182856808676,0.9027777777777778
Naive,2026-01-29 00:00:00+00:00,24.277118055555558,False,False,69.65981481481481,75.28996561250953,141.22348156535892,2.8693609618491727,43.72283285559604,1.0
Naive,2026-01-30 00:00:00+00:00,28.19950231481481,False,False,23.165185185185187,30.01419237950062,42.28700598997261,0.821474965287426,35.99609961855408,1.0
Naive,2026-01-31 00:00:00+00:00,84.77512731481481,False,False,33.61420138888889,37.012529653878616,63.80185521343269,0.39651018469204546,37.76977118579345,1.0
Naive,2026-02-01 00:00:00+00:00,106.90381944444444,False,False,87.52111111111111,117.41981457374722,86.17219104291568,0.8186902167381765,48.45953655019377,0.9583333333333334
Naive,2026-02-02 00:00:00+00:00,305.676875,False,False,34.361111111111114,37.79561854388639,117.42854231499433,0.11240991360930104,35.17921404624137,1.0
Naive,2026-02-03 00:00:00+00:00,85.57872685185185,False,False,8.829340277777778,13.361046738049478,125.80615781067783,0.10317213871459596,28.87046933597503,1.0
Naive,2026-02-04 00:00:00+00:00,198.71862268518518,False,False,22.57321759259259,26.91100195881731,94.93702945549933,0.11359387101003425,31.047504759686575,1.0
Naive,2026-02-05 00:00:00+00:00,14.548518518518518,False,False,21.995023148148146,25.697253737189264,121.26757472432357,1.5118393752704868,13.456731475695465,1.0
Naive,2026-02-06 00:00:00+00:00,25.65394675925926,False,False,19.625659722222224,21.471822813456814,57.09769070717843,0.7650152199344824,13.051584375005772,1.0
Naive,2026-02-07 00:00:00+00:00,23.650266203703705,False,False,32.500023148148145,37.83803436744127,101.11702327903029,1.3741926990681628,15.147777911340464,1.0
Naive,2026-02-08 00:00:00+00:00,99.05208333333333,False,False,15.51715277777778,17.781562374938463,71.83272533856537,0.1566565008588355,12.13512982537189,1.0
Naive,2026-02-09 00:00:00+00:00,27.02111111111111,False,False,18.58615740740741,23.08493013973244,51.18080072154668,0.6878383842537386,6.411229016945316,0.9305555555555556
Naive,2026-02-10 00:00:00+00:00,18.865972222222222,False,False,25.495891203703703,28.30414105222219,104.86176637565157,1.351422068440878,7.554591576814559,0.875
Naive,2026-02-11 00:00:00+00:00,7.56994212962963,False,False,10.16533564814815,12.253289710472892,58.66970118691584,1.3428551333780807,4.849232353427875,0.9861111111111112
Naive,2026-02-12 00:00:00+00:00,15.559560185185186,False,False,14.386180555555553,16.706850546100934,65.35432548865694,0.9245878665165067,5.449214315483002,0.9722222222222222
Naive,2026-02-13 00:00:00+00:00,10.538657407407406,False,False,12.358321759259258,13.73365111770218,42.2323964666869,1.1726656709205527,4.895329449359796,1.0
Naive,2026-02-14 00:00:00+00:00,14.306435185185185,False,False,8.932708333333332,12.61039229856118,44.90919105826932,0.6243839375572375,4.108522817646331,1.0
Naive,2026-02-15 00:00:00+00:00,10.642488425925926,False,False,6.5745254629629635,8.778165729054324,82.80788056140021,0.6177620496111521,3.468112268798587,1.0
Naive,2026-02-16 00:00:00+00:00,28.307430555555555,False,False,23.032685185185183,26.130237894198505,109.75272776406113,0.8136621633666726,6.225631930979567,0.8888888888888888
Naive,2026-02-17 00:00:00+00:00,18.25087962962963,False,False,17.17197916666667,19.03809244734264,148.5832761204701,0.9408850156892491,4.969158920847164,0.9305555555555556
Naive,2026-02-18 00:00:00+00:00,7.208310185185184,False,False,10.78431712962963,13.945209972000939,90.20875003119531,1.4960950420521584,3.9251342725233918,0.875
Naive,2026-02-19 00:00:00+00:00,13.319722222222222,False,False,5.676111111111111,8.841064797602224,100.71547071969644,0.42614335467456366,2.768208684520584,0.9444444444444444
Naive,2026-02-20 00:00:00+00:00,11.553854166666667,False,False,16.278125000000003,18.580941781109853,60.81786253062026,1.408891333159029,4.991460549794632,0.8611111111111112
Naive,2026-02-21 00:00:00+00:00,15.099421296296295,False,False,23.391666666666666,26.41768327433981,103.68216838140887,1.54917636958738,6.299812263697984,0.6388888888888888
Naive,2026-02-22 00:00:00+00:00,16.93173611111111,False,False,20.385381944444443,24.045135303850515,130.91773578974622,1.203974702338229,6.664950401132017,0.6111111111111112
Naive,2026-02-23 00:00:00+00:00,4.224386574074073,False,False,14.131770833333336,17.321319728011044,90.2668060556853,3.3452835306462987,4.665405383004088,0.9583333333333334
Naive,2026-02-24 00:00:00+00:00,8.345173611111111,False,False,17.73909722222222,21.965923531362122,156.23932870726495,2.125671441826405,5.402731119519406,0.8888888888888888
Naive,2026-02-25 00:00:00+00:00,14.710289351851852,False,False,11.146759259259259,14.379154462737771,129.92491345185374,0.7577525494327556,4.23892468023702,1.0
Naive,2026-02-26 00:00:00+00:00,19.328344907407406,False,False,20.73519675925926,25.200110055080998,75.48400799235367,1.0727869798780698,7.023600861274738,0.8888888888888888
Naive,2026-02-27 00:00:00+00:00,13.101145833333332,False,False,33.68278935185185,36.00964895969178,112.72211979794866,2.5709804150223645,8.705058495311896,1.0
Naive,2026-02-28 00:00:00+00:00,11.75699074074074,False,False,23.753680555555558,25.776338212243115,115.42250523719335,2.020387791345575,7.003693608578289,1.0
Naive,2026-03-01 00:00:00+00:00,10.44976851851852,False,False,17.911215277777778,20.73007938782532,94.02149376007061,1.7140298606649977,5.952964109722419,1.0
Naive,2026-03-02 00:00:00+00:00,14.42292824074074,False,False,8.456412037037035,10.451284945034978,33.31321106776854,0.5863172787028113,4.301958793716427,0.9166666666666666
Naive,2026-03-03 00:00:00+00:00,17.70898148148148,False,False,16.917800925925928,19.350354312460198,104.83562394639907,0.9553232038565911,5.701921232580442,0.9722222222222222
Naive,2026-03-04 00:00:00+00:00,23.211018518518514,False,False,17.242546296296297,18.991789790749543,50.77901595884984,0.7428603911775619,5.723432771585138,0.9305555555555556
Naive,2026-03-05 00:00:00+00:00,12.803645833333334,False,False,37.19722222222222,40.687075919448915,108.46652375816461,2.905205494311787,9.173561242549322,0.75
Naive,2026-03-06 00:00:00+00:00,14.406371527777777,False,False,3.459704861111111,5.283952091324669,77.63200414446018,0.24015102306921973,2.6220970359622444,1.0
Naive,2026-03-07 00:00:00+00:00,12.830868055555555,False,False,13.821956018518518,18.03493857339317,99.30018473439097,1.0772424717230131,4.7123084660225425,0.8611111111111112
Naive,2026-03-08 00:00:00+00:00,30.940879629629624,False,False,28.01811342592592,37.90408548482567,72.71926914191222,0.905537068154171,10.047362972020055,0.6805555555555556
Naive,2026-03-09 00:00:00+00:00,16.02903935185185,False,False,10.137372685185186,13.86158621673792,86.17499952366931,0.6324379435760762,4.675101508988361,1.0
Naive,2026-03-10 00:00:00+00:00,14.835335648148149,False,False,31.466122685185187,39.8163575227474,129.54954132235008,2.1210253297580772,9.02309773230389,0.75
Naive,2026-03-11 00:00:00+00:00,22.641238425925923,False,False,16.908506944444444,20.115017899816884,136.81381253741057,0.7468013289009372,6.062401576300352,0.9305555555555556
Naive,2026-03-12 00:00:00+00:00,9.274131944444443,False,False,27.236793981481483,31.374692480570797,165.65274949043348,2.936856424368359,8.51121060827447,0.7083333333333334
Naive,2026-03-13 00:00:00+00:00,5.599207175925926,False,False,6.872141203703704,11.236192910617644,107.87095661565931,1.2273418339029893,4.275059337810791,0.9861111111111112
Naive,2026-03-14 00:00:00+00:00,19.878553240740743,False,False,28.065416666666668,31.452166881830255,101.14486374501794,1.4118440274188109,8.248981873356543,0.9166666666666666
Naive,2026-03-15 00:00:00+00:00,37.76217592592593,False,False,10.347395833333332,12.807761826766935,121.07111394331022,0.2740148198459412,5.370179167587611,0.9861111111111112
Naive,2026-03-16 00:00:00+00:00,15.232303240740741,False,False,23.917291666666667,31.871925048969988,135.30346813507435,1.5701690866222262,7.381631292374865,0.8611111111111112
Naive,2026-03-17 00:00:00+00:00,31.302499999999995,False,False,78.19371527777778,83.2527967397977,143.3345920663966,2.498002245117093,27.07234690292073,0.041666666666666664
Naive,2026-03-18 00:00:00+00:00,18.16048611111111,False,False,16.22820601851852,19.358022144935465,165.89426243675805,0.8935997593472808,7.523813566388902,0.9861111111111112
Naive,2026-03-19 00:00:00+00:00,11.199664351851851,False,False,28.321122685185188,30.226574955025374,139.07963766737325,2.5287474513021744,9.588055722248576,1.0
Naive,2026-03-20 00:00:00+00:00,7.619317129629631,False,False,19.92282407407407,21.400155289437436,110.69080689490514,2.6147781664841276,8.204708561075748,1.0
Naive,2026-03-21 00:00:00+00:00,14.839513888888892,False,False,16.140555555555554,17.78455231165311,78.25513626580234,1.0876741432642762,7.469366534462348,1.0
Naive,2026-03-22 00:00:00+00:00,7.386874999999999,False,False,22.989340277777774,25.049379272137006,142.56329210020425,3.1121875323161388,8.345997515078793,1.0
Naive,2026-03-23 00:00:00+00:00,11.993553240740741,False,False,18.2115625,25.819617172820422,142.0913523901568,1.5184459629642852,7.565676665027691,1.0
Naive,2026-03-24 00:00:00+00:00,70.64513888888888,False,False,93.40623842592592,158.2969279752742,88.1784359769945,1.3221891823701535,33.8937274101005,0.5833333333333334
Naive,2026-03-25 00:00:00+00:00,14.597534722222223,False,False,36.17043981481482,37.691563301573375,137.93643389997484,2.4778457803393046,23.452653652660988,1.0
Naive,2026-03-26 00:00:00+00:00,10.433460648148149,False,False,10.418576388888887,12.511909731809922,118.47263673168311,0.9985734110894544,19.20477448716258,1.0
Naive,2026-03-27 00:00:00+00:00,9.769479166666667,False,False,9.844525462962963,12.157066369093585,105.91171396973411,1.007681709026245,19.09646592010505,1.0
Naive,2026-03-28 00:00:00+00:00,12.610729166666665,False,False,16.476400462962964,21.39923077469942,136.35726023551453,1.3065382853922707,20.19113385752188,1.0
Naive,2026-03-29 00:00:00+00:00,7.557974537037037,False,False,25.89,29.36494866221315,140.80393694169564,3.425520934627241,21.76190466812888,1.0
Naive,2026-03-30 00:00:00+00:00,18.776840277777776,False,False,4.6073611111111115,6.112089552353406,91.88000418272948,0.24537467662031948,18.21072926647085,1.0
Naive,2026-03-31 00:00:00+00:00,95.03800925925925,False,False,7.274456018518517,9.364368216847009,104.09900733585143,0.07654259674857183,18.47116502766629,1.0
Naive,2026-04-01 00:00:00+00:00,21.40883101851852,False,False,17.95244212962963,25.279863593926812,116.87183887059325,0.8385531239001732,6.348552704784108,0.6111111111111112
Naive,2026-04-02 00:00:00+00:00,23.352314814814815,False,False,16.976215277777776,21.792151634227203,73.76229205497434,0.7269607065680695,5.692024026824234,0.9027777777777778
Naive,2026-04-03 00:00:00+00:00,10.264780092592591,False,False,10.510949074074073,15.028434779101987,128.55479703144596,1.0239819050443297,4.668240810263345,0.9027777777777778
Naive,2026-04-04 00:00:00+00:00,25.355775462962963,False,False,30.180833333333325,35.67746776840728,112.08060868795606,1.1902942340461367,8.273439200182905,0.8333333333333334
Naive,2026-04-05 00:00:00+00:00,18.179039351851852,False,False,16.933969907407405,20.53692130669371,121.57237563816916,0.9315107129509781,6.112347775479595,0.8472222222222222
Naive,2026-04-06 00:00:00+00:00,26.292743055555555,False,False,20.931863425925926,21.760607145284443,108.71364901176639,0.7961080128344807,6.650512777537979,0.8888888888888888
Naive,2026-04-07 00:00:00+00:00,16.517430555555556,False,False,23.36769675925926,25.478714655411842,93.96944952279225,1.414729529551414,7.582413452314465,0.875
Naive,2026-04-08 00:00:00+00:00,12.081863425925924,False,False,16.75136574074074,20.217040852159872,82.23872086653081,1.3864885862552248,6.123706995795583,0.9166666666666666
Naive,2026-04-09 00:00:00+00:00,24.245787037037037,False,False,17.303854166666667,28.21009513464616,129.753735650332,0.7136849853640095,7.883118141266411,0.875
Naive,2026-04-10 00:00:00+00:00,13.897326388888889,False,False,23.319918981481482,27.064986158539963,134.1698938285143,1.6780147726922563,7.630794924224939,0.9166666666666666
Naive,2026-04-11 00:00:00+00:00,18.45196759259259,False,False,24.19900462962963,28.508703743587862,142.37477341706278,1.311459306884115,7.694045803416603,0.9444444444444444
Naive,2026-04-12 00:00:00+00:00,27.841828703703708,False,False,42.88815972222222,53.57487919715343,105.05947282484895,1.5404217940798173,13.118708972382834,0.8194444444444444
Naive,2026-04-13 00:00:00+00:00,28.005555555555556,False,False,8.329756944444446,11.321447272114213,100.31890103629597,0.29743230509819485,6.4481773039254024,0.9861111111111112
Naive,2026-04-14 00:00:00+00:00,19.171122685185185,False,False,21.352939814814814,27.23748070986971,108.53491546804221,1.1138074783338414,8.513311034798072,0.9722222222222222
Naive,2026-04-15 00:00:00+00:00,13.328344907407407,False,False,24.51445601851852,26.733037664074814,152.21110351228367,1.8392723319227942,8.976489677334424,1.0
Naive,2026-04-16 00:00:00+00:00,15.951504629629628,False,False,19.04258101851852,25.26447969672174,86.03992123257702,1.1937796126860203,8.929743110414973,0.875
Naive,2026-04-17 00:00:00+00:00,9.495208333333332,False,False,6.667025462962964,8.956074012576604,119.70639612990226,0.7021463067385354,5.571511875404308,1.0
Naive,2026-04-18 00:00:00+00:00,15.681099537037035,False,False,10.768159722222222,15.824336404925484,121.62703492979841,0.6866967266414585,6.33086744608489,0.9305555555555556
Naive,2026-04-19 00:00:00+00:00,23.862974537037037,False,False,25.282916666666665,31.993974902076832,116.97013314635115,1.059503987125569,9.899012721163587,0.8333333333333334
Naive,2026-04-20 00:00:00+00:00,42.85164351851852,False,False,19.900821759259262,32.61094801223293,77.60493675336868,0.4644121001020424,7.743702988538845,0.8611111111111112
Naive,2026-04-21 00:00:00+00:00,37.88981481481481,False,False,23.836319444444445,28.45514661981366,93.47456683102315,0.629095696586105,8.383558223468365,1.0
Naive,2026-04-22 00:00:00+00:00,9.126701388888888,False,False,11.61486111111111,14.356151654801092,99.72840732609431,1.2726242062933473,6.340789441261447,1.0
Naive,2026-04-23 00:00:00+00:00,21.557407407407407,False,False,3.5989699074074064,5.3676917055430975,49.245722265673855,0.16694817885061417,4.828930583940436,0.9861111111111112
Naive,2026-04-24 00:00:00+00:00,19.027233796296297,False,False,21.17361111111111,38.60069062546831,146.45581943146843,1.1128055364113207,8.711182731095361,0.9583333333333334
Naive,2026-04-25 00:00:00+00:00,83.94658564814816,False,False,174.76372685185186,196.8286950068166,140.98312623129195,2.0818443716621498,66.86464978064193,0.041666666666666664
Naive,2026-04-26 00:00:00+00:00,17.95047453703704,False,False,50.90406250000001,54.91263113026486,99.80548073212425,2.8358059501418835,24.53969440201143,1.0
Naive,2026-04-27 00:00:00+00:00,38.92916666666666,False,False,22.768854166666664,52.985889711839036,119.72527197527694,0.5848790538370973,19.76484759079524,1.0
Naive,2026-04-28 00:00:00+00:00,90.53584490740741,False,False,211.4627662037037,229.1183106687141,135.78645012001053,2.335680043854126,63.4329140143581,0.7083333333333334
Naive,2026-04-29 00:00:00+00:00,33.23167824074075,False,False,32.35107638888889,40.67257485175205,60.988665570543034,0.97350113209834,26.629568345320717,0.9861111111111112
Naive,2026-04-30 00:00:00+00:00,39.344965277777774,False,False,23.284398148148153,24.940532851096126,42.92996875496089,0.5918012122709712,25.24447078765608,1.0
Naive,2026-05-01 00:00:00+00:00,31.06582175925926,False,False,18.530104166666668,21.057744120215833,48.687134691495146,0.5964788026617617,24.47674435863583,1.0
Naive,2026-05-02 00:00:00+00:00,99.06234953703705,False,False,39.09797453703704,62.0298486885753,102.8538982641929,0.3946804686115308,24.939476582522627,0.9861111111111112
Naive,2026-05-03 00:00:00+00:00,19.312291666666667,False,False,23.10547453703704,25.15561494616719,123.17163238320765,1.196412882315643,19.353318209586927,1.0
Naive,2026-05-04 00:00:00+00:00,21.448715277777776,False,False,7.155995370370371,9.614150662388484,132.39380230417507,0.33363282032021907,16.694499679129944,1.0
Naive,2026-05-05 00:00:00+00:00,92.80848379629629,False,False,16.415277777777778,20.949382107516403,139.92024524736584,0.17687259942536485,16.70896719924149,1.0
Naive,2026-05-06 00:00:00+00:00,17.578645833333333,False,False,12.779212962962962,21.75010526750104,30.407852535270358,0.7269736863763707,7.259756319943841,0.9444444444444444
Naive,2026-05-07 00:00:00+00:00,16.60119212962963,False,False,16.951284722222223,20.275968702835108,56.77662767325289,1.0210884007521213,7.696903554829743,0.9583333333333334
Naive,2026-05-08 00:00:00+00:00,13.780983796296296,False,False,19.661273148148144,24.776147798435865,62.0306295891176,1.4266959049347554,7.973175443913358,0.9722222222222222
Naive,2026-05-09 00:00:00+00:00,30.85199074074074,False,False,26.104131944444436,34.925658573656506,66.84492892738301,0.8461085109160671,9.129416645186597,0.9444444444444444
Naive,2026-05-10 00:00:00+00:00,11.629861111111113,False,False,13.415104166666666,14.429714205568942,83.96350486228738,1.1535051053920102,4.5673231661133125,0.9583333333333334
Naive,2026-05-11 00:00:00+00:00,15.398796296296297,False,False,12.854861111111111,15.995992776187206,78.5487134364051,0.8347964908272051,4.41312920176422,0.8888888888888888
Naive,2026-05-12 00:00:00+00:00,14.095295138888888,False,False,17.82249421296296,20.414701591526732,77.07808049032789,1.2644285938923505,5.854407482496349,0.8194444444444444
Naive,2026-05-13 00:00:00+00:00,13.792581018518518,False,False,16.193159722222223,17.98292697657075,45.91781133795274,1.1740485483087308,5.392038823894912,0.8472222222222222
Naive,2026-05-14 00:00:00+00:00,18.03478009259259,False,False,21.286504629629633,23.567914498484384,111.45172027393062,1.1803029768226905,6.365066078556915,0.8611111111111112
Naive,2026-05-15 00:00:00+00:00,20.409641203703707,False,False,14.787256944444444,19.515276207357658,108.38203718399089,0.7245231210512914,5.733148489017371,0.8333333333333334
Naive,2026-05-16 00:00:00+00:00,22.702152777777776,False,False,7.511053240740741,10.889464908676615,115.36177951336145,0.3308520259846462,3.9455696626040715,0.9166666666666666
Naive,2026-05-17 00:00:00+00:00,8.22400462962963,False,False,6.777789351851853,8.47368921554727,116.67448861308701,0.8241470739732661,3.5845280028190376,1.0
Naive,2026-05-18 00:00:00+00:00,18.14275462962963,False,False,5.661435185185185,6.508872606529082,105.98487229825848,0.31204937181585857,3.3607312542036385,1.0
Naive,2026-05-19 00:00:00+00:00,12.195399305555554,False,False,19.70747685185185,25.55959773625249,128.86218130846538,1.6159763496119564,6.202294961109938,0.6944444444444444
Naive,2026-05-20 00:00:00+00:00,9.013935185185185,False,False,37.16684027777777,39.1621222914042,85.44654356262471,4.123264646817428,10.404448891120625,0.3888888888888889
Naive,2026-05-21 00:00:00+00:00,26.344768518518517,False,False,7.349120370370368,9.444625169839478,20.265085892166987,0.27895938296836637,3.4705719849921643,1.0
Naive,2026-05-22 00:00:00+00:00,13.070474537037036,False,False,9.33872685185185,10.667584800257227,37.83318809612238,0.7144902677702518,3.70786382417948,0.9583333333333334
Naive,2026-05-23 00:00:00+00:00,18.23252314814815,False,False,6.943368055555556,7.856197386434113,27.718328466554592,0.38082321350354537,3.09117153595289,0.9722222222222222
Naive,2026-05-24 00:00:00+00:00,14.96025462962963,False,False,9.599270833333332,10.555570781695888,38.78460202085792,0.6416515675021622,3.5227324233938124,1.0
Naive,2026-05-25 00:00:00+00:00,22.23644675925926,False,False,5.47980324074074,6.770908115683889,20.265499443921282,0.24643340278540452,2.827459554221115,0.9861111111111112
Naive,2026-05-26 00:00:00+00:00,12.064768518518518,False,False,7.752129629629631,11.630190460627158,25.584385390453868,0.6425427572630749,3.284558946001237,0.9305555555555556
Naive,2026-05-27 00:00:00+00:00,29.80622685185185,False,False,36.798854166666665,41.70009165261877,60.60697779997274,1.2346029019228364,12.783760319098446,0.3055555555555556
Naive,2026-05-28 00:00:00+00:00,16.140972222222224,False,False,18.125879629629626,19.79799397494854,50.69111004595794,1.1229732249135937,5.907876581114462,0.9583333333333334
Naive,2026-05-29 00:00:00+00:00,9.932488425925925,False,False,43.576956018518516,45.93930083005447,93.75664736665657,4.387315056393453,11.803423495502598,0.5416666666666666
Naive,2026-05-30 00:00:00+00:00,10.644780092592592,False,False,20.02148148148148,25.01793011651473,110.98889413310093,1.8808731892370303,6.636321589503193,0.9027777777777778
Naive,2026-05-31 00:00:00+00:00,6.22925925925926,False,False,14.848692129629633,19.045188947822393,129.12820822183957,2.383701096973661,5.724986177047685,0.9305555555555556
Naive,2026-06-01 00:00:00+00:00,7.080347222222223,False,False,15.920127314814815,19.580105735550944,64.82144029044427,2.2484952806902254,5.993789355699015,0.9305555555555556
SeasonalNaive,2025-07-01 00:00:00+00:00,25.592407407407407,False,False,16.09204861111111,24.698473504469927,36.517766204986536,0.6287821366290639,5.766734439246123,0.8055555555555556
SeasonalNaive,2025-07-02 00:00:00+00:00,38.74896990740741,False,False,36.196099537037036,56.45452048839366,52.53919787796411,0.9341177229621695,14.54123387865171,0.5972222222222222
SeasonalNaive,2025-07-03 00:00:00+00:00,9.429803240740743,False,False,31.44155092592593,51.58467853153094,49.14288757232139,3.3342743345995935,12.054108571191582,0.7222222222222222
SeasonalNaive,2025-07-04 00:00:00+00:00,8.454027777777778,False,False,8.59633101851852,15.102704494041339,22.809376664086983,1.016832596778875,4.706508414773296,0.9583333333333334
SeasonalNaive,2025-07-05 00:00:00+00:00,18.460520833333334,False,False,7.523668981481482,12.174961097660743,21.987387792862034,0.4075545348588611,4.266417336063186,1.0
SeasonalNaive,2025-07-06 00:00:00+00:00,14.629305555555554,False,False,7.7286574074074075,11.771101384197994,22.69200591172003,0.5282996775245021,4.255574286075319,1.0
SeasonalNaive,2025-07-07 00:00:00+00:00,13.49300925925926,False,False,10.725925925925926,16.800796636801866,24.593438216213187,0.7949246694962069,4.703144181259072,0.9861111111111112
SeasonalNaive,2025-07-08 00:00:00+00:00,12.906782407407407,False,False,18.2378125,30.096520467034193,33.605550586016406,1.4130409829744268,7.041993412922792,0.875
SeasonalNaive,2025-07-09 00:00:00+00:00,33.95109953703704,False,False,13.396666666666667,20.38898688999684,29.45551389047168,0.39458712234201215,5.012726997888954,0.9027777777777778
SeasonalNaive,2025-07-10 00:00:00+00:00,17.20474537037037,False,False,20.165266203703702,28.140974121520774,64.40979148713333,1.172075829638948,7.123972710000982,0.6388888888888888
SeasonalNaive,2025-07-11 00:00:00+00:00,11.368680555555557,False,False,12.253576388888892,16.977986273159416,50.0925514651848,1.077836282672303,4.076209735171365,0.8472222222222222
SeasonalNaive,2025-07-12 00:00:00+00:00,52.02465277777779,False,False,53.00978009259259,101.08630452265372,73.44750243460422,1.0189357787551752,21.51054157945528,0.5555555555555556
SeasonalNaive,2025-07-13 00:00:00+00:00,28.16582175925926,False,False,49.8290625,88.56407049611843,60.16418352931334,1.7691322101624514,18.67411065574575,0.7638888888888888
SeasonalNaive,2025-07-14 00:00:00+00:00,8.859305555555556,False,False,26.74644675925926,41.134787107836374,45.59071688329358,3.019022946159353,10.366873553620747,0.9305555555555556
SeasonalNaive,2025-07-15 00:00:00+00:00,24.954976851851853,False,False,13.83292824074074,17.225695329962573,55.203424931614784,0.5543154106237622,7.384947066343263,1.0
SeasonalNaive,2025-07-16 00:00:00+00:00,23.476076388888888,False,False,8.30693287037037,11.575130148439712,46.7561323969864,0.35384673029527197,6.446002663273835,1.0
SeasonalNaive,2025-07-17 00:00:00+00:00,10.92471064814815,False,False,8.492581018518518,11.503412400069156,41.06776078411291,0.7773735426080229,6.402625029396268,1.0
SeasonalNaive,2025-07-18 00:00:00+00:00,8.932384259259258,False,False,6.46625,9.088525492132481,29.97396327890623,0.7239108632498789,6.046979130870194,1.0
SeasonalNaive,2025-07-19 00:00:00+00:00,60.14989583333334,False,False,11.445046296296296,13.828439285156934,63.52215398003236,0.19027541341067095,5.336486204953211,1.0
SeasonalNaive,2025-07-20 00:00:00+00:00,38.696168981481485,False,False,4.7912384259259255,6.876541277149625,30.384027970436446,0.12381686745834788,2.44566600073572,1.0
SeasonalNaive,2025-07-21 00:00:00+00:00,10.894560185185188,False,False,8.727430555555555,12.712530072071935,40.131765143571855,0.8010814945447203,2.8517713284250648,0.8472222222222222
SeasonalNaive,2025-07-22 00:00:00+00:00,8.963090277777777,False,False,10.071990740740741,13.829159746631012,56.92268358000465,1.1237185422211204,3.1859218532383733,0.7222222222222222
SeasonalNaive,2025-07-23 00:00:00+00:00,6.148333333333333,False,False,6.82011574074074,10.516786276980199,47.957119478964415,1.1092625222131862,2.364091715077947,0.9166666666666666
SeasonalNaive,2025-07-24 00:00:00+00:00,8.587928240740741,False,False,12.556620370370371,16.378044089639044,56.9524971561433,1.4621245099373719,4.118850456291156,0.6805555555555556
SeasonalNaive,2025-07-25 00:00:00+00:00,21.549166666666665,False,False,16.907997685185183,22.72373653415495,47.80083351384018,0.7846242013311505,5.628274656782319,0.5416666666666666
SeasonalNaive,2025-07-26 00:00:00+00:00,14.584178240740743,False,False,14.75818287037037,23.306225158611685,34.19761054673807,1.0119310547880953,5.246465433170893,0.6805555555555556
SeasonalNaive,2025-07-27 00:00:00+00:00,7.8231828703703705,False,False,16.422766203703702,20.320664792329943,69.01226733032283,2.0992435528899,5.139253657199185,0.7222222222222222
SeasonalNaive,2025-07-28 00:00:00+00:00,9.630636574074073,False,False,9.270925925925926,15.082836851737872,50.55208110568417,0.9626493383504371,3.31988650165925,0.9305555555555556
SeasonalNaive,2025-07-29 00:00:00+00:00,15.900150462962964,False,False,12.195393518518518,17.34708696460035,42.20404243492407,0.7669986234989331,4.222674311300382,0.8194444444444444
SeasonalNaive,2025-07-30 00:00:00+00:00,23.051689814814814,False,False,13.576770833333333,29.484167571335874,24.85182484087761,0.5889707410780723,5.7310164374119035,0.875
SeasonalNaive,2025-07-31 00:00:00+00:00,33.38466435185185,False,False,24.950104166666662,44.82768051166535,36.95317672996119,0.7473522544276434,9.914193179426944,0.7916666666666666
SeasonalNaive,2025-08-01 00:00:00+00:00,24.084745370370374,False,False,24.985046296296296,46.40411755211918,34.665728952032595,1.0373805457388598,9.750547019007861,0.8333333333333334
SeasonalNaive,2025-08-02 00:00:00+00:00,24.0771875,False,False,16.536180555555557,24.63527824798636,28.13203146214882,0.6867986784401441,6.171116606175467,0.8472222222222222
SeasonalNaive,2025-08-03 00:00:00+00:00,11.675173611111111,False,False,24.387650462962963,35.1564799851188,57.98085359443537,2.0888469221351493,8.559272851221973,0.8333333333333334
SeasonalNaive,2025-08-04 00:00:00+00:00,12.069548611111111,False,False,11.477199074074074,16.506748173469713,36.49299500875431,0.9509219809188452,4.896119530964746,0.9583333333333334
SeasonalNaive,2025-08-05 00:00:00+00:00,12.442928240740741,False,False,10.431712962962962,16.06304463816992,36.02355675155682,0.8383647933295443,4.753824353318204,0.9444444444444444
SeasonalNaive,2025-08-06 00:00:00+00:00,20.331157407407407,False,False,5.526087962962963,7.512142277487975,32.15674736257637,0.27180390433402485,3.7109538406811438,1.0
SeasonalNaive,2025-08-07 00:00:00+00:00,29.053194444444443,False,False,12.988946759259258,18.02943293019324,48.39428435494439,0.447074650744404,4.755704089211966,0.9305555555555556
SeasonalNaive,2025-08-08 00:00:00+00:00,34.689097222222216,False,False,11.551574074074075,16.315698395115373,56.28489760450738,0.33300301821270833,4.057638733754524,0.9166666666666666
SeasonalNaive,2025-08-09 00:00:00+00:00,25.395208333333336,False,False,8.969282407407409,13.703413072728305,46.80050186952271,0.3531879829327675,3.43710848519742,0.9305555555555556
SeasonalNaive,2025-08-10 00:00:00+00:00,10.928773148148148,False,False,10.839733796296297,15.490183207455622,43.756919465021646,0.9918527587090653,3.789172474045218,0.8333333333333334
SeasonalNaive,2025-08-11 00:00:00+00:00,13.578888888888889,False,False,9.074166666666665,10.717768254000019,30.54585273538144,0.6682554619098272,2.8348274443926402,0.9305555555555556
SeasonalNaive,2025-08-12 00:00:00+00:00,25.48246527777778,False,False,16.174039351851853,24.465782200424872,35.896228878412856,0.6347125042864896,6.059617667828768,0.7222222222222222
SeasonalNaive,2025-08-13 00:00:00+00:00,23.985937500000002,False,False,11.895231481481481,17.193923795070134,25.434973553844685,0.4959252262489836,4.174433671969281,0.8055555555555556
SeasonalNaive,2025-08-14 00:00:00+00:00,13.576927083333334,False,False,14.235434027777778,18.56552660958954,35.01021640582448,1.0485019136070053,4.547739678709616,0.7916666666666666
SeasonalNaive,2025-08-15 00:00:00+00:00,12.374131944444445,False,False,9.075989583333333,12.300649971868173,27.16083004662735,0.7334647492108032,3.108777966735976,0.9027777777777778
SeasonalNaive,2025-08-16 00:00:00+00:00,14.61224537037037,False,False,10.20195601851852,14.60062578957303,31.33072378176957,0.6981785317679712,3.5434676255907007,0.9027777777777778
SeasonalNaive,2025-08-17 00:00:00+00:00,13.685046296296296,False,False,10.111006944444446,13.081333673338714,35.928675970788596,0.7388361519230575,3.2896125415621262,0.9583333333333334
SeasonalNaive,2025-08-18 00:00:00+00:00,14.104664351851852,False,False,11.739965277777777,21.239282858254597,32.09056941746901,0.8323463065064994,4.3482864730443485,0.9166666666666666
SeasonalNaive,2025-08-19 00:00:00+00:00,23.564027777777778,False,False,32.939745370370375,41.18538485197258,61.75537823859857,1.3978826404811164,11.860124960791838,0.3888888888888889
SeasonalNaive,2025-08-20 00:00:00+00:00,12.98171296296296,False,False,25.16351851851852,31.893451579373366,50.197241761859935,1.9383819832028677,8.390915969520256,0.625
SeasonalNaive,2025-08-21 00:00:00+00:00,29.798315972222227,False,False,19.616203703703704,29.98746649257851,37.06327626367977,0.658299070390078,6.972128250685656,0.8333333333333334
SeasonalNaive,2025-08-22 00:00:00+00:00,13.433124999999999,False,False,21.227280092592594,38.01592955045638,32.89622002742731,1.5802190549550157,8.466776753549548,0.8611111111111112
SeasonalNaive,2025-08-23 00:00:00+00:00,14.15365740740741,False,False,6.749548611111112,8.655579460479935,17.26180763175909,0.4768766416218815,3.742304327018575,1.0
SeasonalNaive,2025-08-24 00:00:00+00:00,16.118402777777778,False,False,12.837997685185185,19.29518633374488,25.473893123001982,0.796480759426409,5.022064458539973,0.9305555555555556
SeasonalNaive,2025-08-25 00:00:00+00:00,14.469074074074074,False,False,11.449756944444443,17.388773228282812,24.165633700246453,0.7913261682003762,4.764254244358504,0.9444444444444444
SeasonalNaive,2025-08-26 00:00:00+00:00,29.61265046296296,False,False,18.73827546296296,27.157515660279916,40.068026577367164,0.6327794091379708,6.609934247217969,0.8055555555555556
SeasonalNaive,2025-08-27 00:00:00+00:00,15.542800925925924,False,False,10.745173611111111,15.053025404006245,24.921945940645113,0.6913280085308043,4.023570620547508,0.9166666666666666
SeasonalNaive,2025-08-28 00:00:00+00:00,38.10836805555555,False,False,17.200590277777778,21.71237835416395,53.06855734828668,0.4513599284205041,5.484395374155123,0.7916666666666666
SeasonalNaive,2025-08-29 00:00:00+00:00,10.51587962962963,False,False,21.516643518518517,25.65072321864747,65.19741379488386,2.0461097194278492,6.603228146093144,0.7083333333333334
SeasonalNaive,2025-08-30 00:00:00+00:00,10.106469907407408,False,False,11.835902777777779,15.90566633155044,33.995946863712525,1.1711213595068248,4.039537786648307,0.9027777777777778
SeasonalNaive,2025-08-31 00:00:00+00:00,18.541041666666665,False,False,7.0637037037037045,13.149599587417619,19.14206732954526,0.3809766371650481,3.22031891930112,0.9583333333333334
SeasonalNaive,2025-09-01 00:00:00+00:00,15.252546296296297,False,False,6.583923611111111,10.802712647745867,16.42016930595524,0.4316606213291648,2.8902672920411394,0.9722222222222222
SeasonalNaive,2025-09-02 00:00:00+00:00,16.35789351851852,False,False,7.0237847222222225,11.815544228135309,17.572822409449586,0.429381980893243,2.9722440676200925,0.9027777777777778
SeasonalNaive,2025-09-03 00:00:00+00:00,12.73765046296296,False,False,7.622291666666666,12.187549913636314,15.365632022799733,0.598406408531139,3.079116771909978,0.8888888888888888
SeasonalNaive,2025-09-04 00:00:00+00:00,21.25173611111111,False,False,16.363518518518518,22.710652028240833,49.83385109911961,0.7699850230101026,5.805330432708113,0.6527777777777778
SeasonalNaive,2025-09-05 00:00:00+00:00,14.96193287037037,False,False,14.977881944444444,19.29906342304099,51.60332830274811,1.0010659768502008,4.658390864283272,0.7361111111111112
SeasonalNaive,2025-09-06 00:00:00+00:00,12.201678240740742,False,False,14.825069444444445,19.341637198383413,40.47768757830373,1.2150024899807914,4.679082759748841,0.75
SeasonalNaive,2025-09-07 00:00:00+00:00,6.696481481481481,False,False,11.333946759259257,15.97051114536454,32.977467221809995,1.6925226763640384,3.827338913922343,0.8472222222222222
SeasonalNaive,2025-09-08 00:00:00+00:00,11.930543981481483,False,False,12.977731481481483,16.547682318785817,50.587837342792675,1.0877736590741744,4.160300127862726,0.7777777777777778
SeasonalNaive,2025-09-09 00:00:00+00:00,14.096458333333334,False,False,7.579699074074073,10.02812102848199,43.361953602684,0.5377023713928668,2.760334762420055,0.9861111111111112
SeasonalNaive,2025-09-10 00:00:00+00:00,16.7190625,False,False,10.830011574074074,15.654735971678933,52.580494589604655,0.6477642854719919,3.752191653078889,0.875
SeasonalNaive,2025-09-11 00:00:00+00:00,12.884409722222223,False,False,5.632152777777778,9.911968628238862,17.242558401171816,0.4371292825362262,2.571824161977697,0.9305555555555556
SeasonalNaive,2025-09-12 00:00:00+00:00,11.97099537037037,False,False,6.274236111111112,8.994326415995205,26.144623724749383,0.5241198343991168,2.392039848727169,0.9444444444444444
SeasonalNaive,2025-09-13 00:00:00+00:00,17.90605324074074,False,False,6.7424884259259255,13.120222317156838,27.305963126123125,0.37654799386975357,2.8625730775717866,0.8472222222222222
SeasonalNaive,2025-09-14 00:00:00+00:00,14.176145833333333,False,False,10.266168981481481,13.665720196096846,32.57855063192678,0.7241861858772602,3.318730812277471,0.8194444444444444
SeasonalNaive,2025-09-15 00:00:00+00:00,15.779490740740739,False,False,9.783900462962963,13.949948817124234,27.96702283109046,0.6200390509246356,3.3450922525365194,0.7916666666666666
SeasonalNaive,2025-09-16 00:00:00+00:00,12.501087962962963,False,False,7.15173611111111,9.770930626144365,24.98575527885785,0.5720890959490562,2.5239769831695944,0.9027777777777778
SeasonalNaive,2025-09-17 00:00:00+00:00,12.539756944444443,False,False,10.89076388888889,14.719512363942396,37.79954009525814,0.8684988024200807,3.6629332525519565,0.7361111111111112
SeasonalNaive,2025-09-18 00:00:00+00:00,14.145231481481481,False,False,13.481932870370372,18.89496315603246,38.72476468623681,0.9531079705567576,4.698774507034121,0.6944444444444444
SeasonalNaive,2025-09-19 00:00:00+00:00,12.568773148148146,False,False,9.084375,14.093829378249543,20.249132769905028,0.722773407787893,3.361681407918392,0.8472222222222222
SeasonalNaive,2025-09-20 00:00:00+00:00,7.397951388888888,False,False,9.766527777777776,13.668415439717801,25.865375379049322,1.320166525079672,3.366199985274463,0.875
SeasonalNaive,2025-09-21 00:00:00+00:00,14.009953703703705,False,False,10.243055555555555,12.652677358120838,40.634510349303554,0.731127009566611,3.169301669769233,0.8472222222222222
SeasonalNaive,2025-09-22 00:00:00+00:00,6.040694444444445,False,False,10.721585648148148,13.580873291421245,38.94828018073615,1.7748928946420495,3.3675574592684256,0.8472222222222222
SeasonalNaive,2025-09-23 00:00:00+00:00,9.803368055555556,False,False,9.422835648148148,13.46788020629666,31.724122757324725,0.961183502929714,3.2370167862700403,0.8333333333333334
SeasonalNaive,2025-09-24 00:00:00+00:00,20.765775462962964,False,False,19.772546296296294,33.935814193175084,56.56999722253312,0.9521698976068506,7.491068619666392,0.7222222222222222
SeasonalNaive,2025-09-25 00:00:00+00:00,15.485300925925925,False,False,20.103310185185187,32.34870713279868,51.44443814378449,1.2982188903754308,6.915725024159733,0.75
SeasonalNaive,2025-09-26 00:00:00+00:00,12.802858796296297,False,False,15.139178240740742,23.708296216733622,27.668991023650435,1.182484199944493,5.582349230285442,0.8055555555555556
SeasonalNaive,2025-09-27 00:00:00+00:00,8.66511574074074,False,False,16.771493055555553,27.65520039526729,38.88671554692308,1.9355186424921125,6.437830568250884,0.8472222222222222
SeasonalNaive,2025-09-28 00:00:00+00:00,7.170092592592592,False,False,7.136296296296296,12.547934052170639,22.317723428141612,0.9952864909539367,3.4640377480153277,0.9583333333333334
SeasonalNaive,2025-09-29 00:00:00+00:00,13.71752314814815,False,False,18.272465277777776,26.023509645193364,49.401940734651504,1.3320528116072134,5.955998713225867,0.8333333333333334
SeasonalNaive,2025-09-30 00:00:00+00:00,12.950011574074075,False,False,17.032245370370372,22.998788293363695,41.864240000980935,1.315230127243201,5.506968070973904,0.8888888888888888
SeasonalNaive,2025-10-01 00:00:00+00:00,22.369687499999998,False,False,12.909768518518518,16.690042335930556,48.23981277201839,0.5771099179869419,4.483479143965787,0.9166666666666666
SeasonalNaive,2025-10-02 00:00:00+00:00,15.714699074074073,False,False,9.60193287037037,11.814512239201052,41.64537575283182,0.6110160191493279,3.4490833387372697,1.0
SeasonalNaive,2025-10-03 00:00:00+00:00,19.23453703703704,False,False,9.227071759259259,12.47132141598176,28.645767322111794,0.4797137431221808,3.3495177377288265,0.9722222222222222
SeasonalNaive,2025-10-04 00:00:00+00:00,12.940219907407405,False,False,16.005717592592596,20.2018952836534,72.9108488610158,1.2368968771102877,5.071453048318987,0.6805555555555556
SeasonalNaive,2025-10-05 00:00:00+00:00,11.617731481481481,False,False,12.829224537037037,16.81495826806338,103.16067601448913,1.1042796571332931,3.978945570895796,0.8888888888888888
SeasonalNaive,2025-10-06 00:00:00+00:00,13.979884259259258,False,False,17.388506944444444,20.833888327561258,97.27652519504397,1.2438233837971557,5.282557907915337,0.7361111111111112
SeasonalNaive,2025-10-07 00:00:00+00:00,16.990526620370375,False,False,9.27208912037037,12.156933207914788,27.622064031362324,0.545721114332844,3.1783815637073745,0.875
SeasonalNaive,2025-10-08 00:00:00+00:00,15.330381944444444,False,False,12.357528935185185,16.187460667688402,28.72839051326808,0.8060809561019067,3.9750479010409348,0.7638888888888888
SeasonalNaive,2025-10-09 00:00:00+00:00,13.605879629629632,False,False,10.631296296296297,16.28491687857482,24.036426359375028,0.7813751543960773,3.8010584784564068,0.9305555555555556
SeasonalNaive,2025-10-10 00:00:00+00:00,14.625069444444446,False,False,11.4671875,17.654572667240796,25.080853711665906,0.78407747351627,4.171862587746511,0.8055555555555556
SeasonalNaive,2025-10-11 00:00:00+00:00,14.75380787037037,False,False,17.948900462962964,25.04380369359429,50.63744668173228,1.2165605395342856,6.347149284691148,0.6666666666666666
SeasonalNaive,2025-10-12 00:00:00+00:00,16.312592592592594,False,False,23.108310185185186,28.518011740213748,100.51404768475258,1.416593349831986,7.525242703770673,0.6111111111111112
SeasonalNaive,2025-10-13 00:00:00+00:00,22.042025462962965,False,False,28.64726851851852,36.676998039178386,96.19440761772677,1.299665884455777,9.686587586149104,0.5555555555555556
SeasonalNaive,2025-10-14 00:00:00+00:00,13.35359375,False,False,24.58123842592593,34.548191528021654,59.84939023006589,1.84079573529979,8.276167537707709,0.7777777777777778
SeasonalNaive,2025-10-15 00:00:00+00:00,18.150462962962962,False,False,9.103622685185185,13.097882222751311,34.50973269126932,0.5015642137482464,3.9038519131366467,0.9583333333333334
SeasonalNaive,2025-10-16 00:00:00+00:00,25.637511574074075,False,False,17.295891203703704,22.8742784091898,91.960329579936,0.6746322143524323,5.791339416722237,0.875
SeasonalNaive,2025-10-17 00:00:00+00:00,19.867476851851855,False,False,16.623125,22.606318086300156,87.04560644043562,0.836700358276776,5.5808065815685985,0.9166666666666666
SeasonalNaive,2025-10-18 00:00:00+00:00,13.779050925925926,False,False,20.54170138888889,25.871596459929115,98.29182054092762,1.4907921815020453,6.51974714440017,0.8611111111111112
SeasonalNaive,2025-10-19 00:00:00+00:00,23.621006944444446,False,False,15.65857638888889,21.95862326021789,83.35662966616144,0.6629089278758167,5.372326920851663,0.875
SeasonalNaive,2025-10-20 00:00:00+00:00,40.448182870370374,False,False,16.62335648148148,21.982847680171684,105.66908257198844,0.41097906758275254,5.406150141010623,0.8472222222222222
SeasonalNaive,2025-10-21 00:00:00+00:00,16.331168981481483,False,False,24.596099537037038,34.96112822985769,112.61152461023312,1.506083218226905,8.198823029922272,0.6805555555555556
SeasonalNaive,2025-10-22 00:00:00+00:00,20.50655092592593,False,False,23.272407407407407,45.60115871867008,70.7394632931186,1.1348767275136782,9.48974982768734,0.8333333333333334
SeasonalNaive,2025-10-23 00:00:00+00:00,18.201620370370367,False,False,29.838553240740744,48.52593280962631,78.90162070882545,1.6393349951037126,11.19277186119352,0.8333333333333334
SeasonalNaive,2025-10-24 00:00:00+00:00,17.438587962962963,False,False,13.61412037037037,18.26544251894294,44.10579253214375,0.7806893768741364,5.230222826427139,0.9722222222222222
SeasonalNaive,2025-10-25 00:00:00+00:00,29.684907407407408,False,False,24.402511574074076,30.24143779430631,55.533860355881394,0.8220511264921382,7.660952161753451,0.8194444444444444
SeasonalNaive,2025-10-26 00:00:00+00:00,27.72028935185185,False,False,14.767800925925927,19.981067080763147,27.36694238077732,0.5327433901745823,5.5317011860343355,0.9583333333333334
SeasonalNaive,2025-10-27 00:00:00+00:00,37.07189814814814,False,False,19.23987268518518,25.31497411033983,39.69966211365738,0.5189880649838339,6.400747508233882,0.9027777777777778
SeasonalNaive,2025-10-28 00:00:00+00:00,31.069247685185182,False,False,30.714930555555554,48.05755974264829,92.86356141768378,0.9885958896327387,10.980887684344383,0.7777777777777778
SeasonalNaive,2025-10-29 00:00:00+00:00,42.35157407407408,False,False,23.277743055555554,32.204568522630154,97.31175021873575,0.5496311191372045,7.581290146771567,0.8055555555555556
SeasonalNaive,2025-10-30 00:00:00+00:00,22.793622685185184,False,False,29.310578703703705,35.604604774843935,129.61559163690833,1.2859113756741374,8.748915925989442,0.7638888888888888
SeasonalNaive,2025-10-31 00:00:00+00:00,27.726145833333334,False,False,14.517939814814817,19.174050953243075,58.78570508789414,0.5236191103547052,5.279610560349076,0.9166666666666666
SeasonalNaive,2025-11-01 00:00:00+00:00,18.29991898148148,False,False,25.88295138888889,29.424261672488313,85.57949200133727,1.4143751901350508,7.4816274064791735,0.7777777777777778
SeasonalNaive,2025-11-02 00:00:00+00:00,21.35304398148148,False,False,25.730613425925924,31.85279162495278,100.94240717808549,1.2050091522426924,7.904369923273239,0.8194444444444444
SeasonalNaive,2025-11-03 00:00:00+00:00,33.91616898148148,False,False,26.319328703703704,36.304338968461074,130.2596949153199,0.7760112505063376,9.245487142246978,0.75
SeasonalNaive,2025-11-04 00:00:00+00:00,21.33646990740741,False,False,8.607453703703705,11.426571752450027,104.29618340729748,0.4034150794886386,4.068894001511128,1.0
SeasonalNaive,2025-11-05 00:00:00+00:00,27.436886574074077,False,False,16.422002314814815,25.451857722489507,106.13007545433055,0.5985373839877463,6.151798127021903,0.8472222222222222
SeasonalNaive,2025-11-06 00:00:00+00:00,11.70070601851852,False,False,22.77444444444445,27.764134085752357,99.18301158460078,1.946416259702594,6.929849692084017,0.7916666666666666
SeasonalNaive,2025-11-07 00:00:00+00:00,32.83537037037038,False,False,27.424664351851852,35.958077603190254,104.02325973099282,0.8352171467083259,8.748355551600715,0.7777777777777778
SeasonalNaive,2025-11-08 00:00:00+00:00,25.559421296296293,False,False,30.58927083333333,48.266740623884246,99.52533654508406,1.1967904311576056,11.375173311334498,0.7916666666666666
SeasonalNaive,2025-11-09 00:00:00+00:00,25.30513888888889,False,False,39.442650462962966,52.17041629996498,150.1890257808296,1.5586814455415474,13.476581682505083,0.6111111111111112
SeasonalNaive,2025-11-10 00:00:00+00:00,24.95175925925926,False,False,28.998194444444444,37.705738656127224,145.11320888603632,1.1621703360929794,9.384120210478597,0.7777777777777778
SeasonalNaive,2025-11-11 00:00:00+00:00,6.010625,False,False,28.401458333333338,34.54490484838244,142.9960377003706,4.725208831582961,8.688812786507748,0.8333333333333334
SeasonalNaive,2025-11-12 00:00:00+00:00,11.540023148148148,False,False,19.275914351851853,24.0776001888592,121.60954290253385,1.6703531790527735,6.682467000017542,0.9583333333333334
SeasonalNaive,2025-11-13 00:00:00+00:00,18.470023148148147,False,False,10.276643518518519,12.74274887460209,58.63812389464719,0.556395811531448,5.096089280098418,1.0
SeasonalNaive,2025-11-14 00:00:00+00:00,26.308391203703703,False,False,7.037314814814816,9.329806233556509,57.747705572404925,0.26749316445560917,4.342212564688484,1.0
SeasonalNaive,2025-11-15 00:00:00+00:00,36.42067129629629,False,False,10.123171296296297,13.562333298173318,78.97919442004654,0.2779512550425106,4.355048482195454,1.0
SeasonalNaive,2025-11-16 00:00:00+00:00,29.978449074074074,False,False,23.048530092592596,26.182190917646125,108.39918526084959,0.7688366411364955,6.469980709244514,0.8194444444444444
SeasonalNaive,2025-11-17 00:00:00+00:00,18.24554398148148,False,False,16.850034722222222,23.181534184579952,52.33046424016416,0.92351506424387,5.760663813510791,0.7638888888888888
SeasonalNaive,2025-11-18 00:00:00+00:00,54.36366898148148,False,False,34.81856481481481,54.80767166643161,80.13240714809122,0.6404748882323498,13.28566926966105,0.5694444444444444
SeasonalNaive,2025-11-19 00:00:00+00:00,42.682905092592584,False,False,28.933368055555555,41.42061989025488,55.94725691622534,0.6778678253691969,9.935869534316343,0.6666666666666666
SeasonalNaive,2025-11-20 00:00:00+00:00,27.63351851851852,False,False,26.3353125,39.16934928177635,45.28279484734374,0.9530206036683844,9.545637635164189,0.7638888888888888
SeasonalNaive,2025-11-21 00:00:00+00:00,15.819236111111113,False,False,22.234930555555554,30.97598336592579,59.266764890950185,1.4055628476231028,7.631811357997258,0.9166666666666666
SeasonalNaive,2025-11-22 00:00:00+00:00,40.30236111111111,False,False,23.981435185185187,27.194919283889277,64.89039553251258,0.595037971077423,7.229651689069492,0.9583333333333334
SeasonalNaive,2025-11-23 00:00:00+00:00,20.285462962962963,False,False,25.092141203703704,28.75432917771274,66.5653648171255,1.2369518629925644,7.606802709874041,0.9027777777777778
SeasonalNaive,2025-11-24 00:00:00+00:00,18.166030092592592,False,False,21.185046296296296,25.882418904961597,67.90613769395648,1.1661902016189405,6.903183956909582,0.9583333333333334
SeasonalNaive,2025-11-25 00:00:00+00:00,43.79054398148148,False,False,30.396967592592596,37.24301280815704,60.535348005318376,0.6941445533411763,9.528788867545506,0.6805555555555556
SeasonalNaive,2025-11-26 00:00:00+00:00,39.472071759259265,False,False,45.32302083333333,53.12367108622911,105.07363687819509,1.1482300982263887,14.733043443441694,0.5
SeasonalNaive,2025-11-27 00:00:00+00:00,13.770243055555556,False,False,14.841469907407408,18.478519126457815,61.32809212673631,1.0777928790022098,5.455660292501888,1.0
SeasonalNaive,2025-11-28 00:00:00+00:00,18.528738425925926,False,False,22.765810185185185,24.874879687499845,109.6957624784562,1.2286756746120735,6.689367604718023,0.9861111111111112
SeasonalNaive,2025-11-29 00:00:00+00:00,46.82982638888889,False,False,11.493587962962962,13.942287517861258,105.72709453029591,0.2454330679664872,4.699561351676219,0.9861111111111112
SeasonalNaive,2025-11-30 00:00:00+00:00,25.589131944444446,False,False,23.768923611111113,30.96597687765184,107.68222819720907,0.9288679140314288,7.55497815818089,0.8333333333333334
SeasonalNaive,2025-12-01 00:00:00+00:00,36.573125000000005,False,False,53.14047453703704,58.94287925445422,102.78617116631612,1.4529924510699328,17.255400968538915,0.375
SeasonalNaive,2025-12-02 00:00:00+00:00,69.59319444444444,False,False,79.31863425925924,92.45901519389551,109.69908734118366,1.139746995269466,27.896649631236055,0.16666666666666666
SeasonalNaive,2025-12-03 00:00:00+00:00,21.03315972222222,False,False,92.94986111111112,119.1634473597136,145.83129414239758,4.419205784516843,34.99344732325017,0.4027777777777778
SeasonalNaive,2025-12-04 00:00:00+00:00,24.26384259259259,False,False,23.587685185185187,33.4260247893403,81.48809419594971,0.9721331275198009,9.84946489163296,0.9722222222222222
SeasonalNaive,2025-12-05 00:00:00+00:00,33.67545717592592,False,False,27.492146990740746,35.17011886054733,63.959633650164015,0.8163852638174269,10.472282956400992,0.9861111111111112
SeasonalNaive,2025-12-06 00:00:00+00:00,35.794317129629626,False,False,29.691359953703707,35.5345028257876,83.87753925929405,0.8294992706852327,10.87494301324758,1.0
SeasonalNaive,2025-12-07 00:00:00+00:00,22.03747685185185,False,False,21.864560185185187,26.93139976400144,76.40482253874067,0.992153517944495,9.625355101580382,1.0
SeasonalNaive,2025-12-08 00:00:00+00:00,28.71826388888889,False,False,22.302743055555556,27.370450354955832,71.09444248209562,0.7766048512488423,9.386314737133164,1.0
SeasonalNaive,2025-12-09 00:00:00+00:00,79.52473379629629,False,False,26.187025462962964,31.005258267733275,84.00964213929988,0.3292940977336862,9.117456521591473,1.0
SeasonalNaive,2025-12-10 00:00:00+00:00,25.7221875,False,False,18.73671296296296,22.820540635231655,116.73502084037335,0.7284261092865045,5.912510662685257,0.9444444444444444
SeasonalNaive,2025-12-11 00:00:00+00:00,36.84158564814815,False,False,16.780324074074073,22.34711125671642,110.16991097183207,0.45547236306094063,5.579440660164586,0.8333333333333334
SeasonalNaive,2025-12-12 00:00:00+00:00,20.148663194444445,False,False,18.630810185185183,22.996849358145443,93.7407213790363,0.9246673094581392,5.760887543676783,0.875
SeasonalNaive,2025-12-13 00:00:00+00:00,19.73253472222222,False,False,11.930150462962963,16.239404342669307,60.72793574630765,0.6045929035932504,4.349006997932932,0.9444444444444444
SeasonalNaive,2025-12-14 00:00:00+00:00,28.067824074074075,False,False,26.833437499999995,34.12894558983164,94.58127912888996,0.9560212943184909,8.432577406162643,0.6805555555555556
SeasonalNaive,2025-12-15 00:00:00+00:00,88.14015046296295,False,False,103.9149074074074,151.6149415098127,133.5831316621934,1.178973564959741,45.03811154427643,0.375
SeasonalNaive,2025-12-16 00:00:00+00:00,7.9099652777777765,False,False,95.85482638888888,144.87730983139977,130.4517124608195,12.118236050692035,36.56979409499697,0.5694444444444444
SeasonalNaive,2025-12-17 00:00:00+00:00,36.782916666666665,False,False,21.933784722222224,31.337167701354634,69.03411624276458,0.5963035754067597,10.256923330089963,0.9861111111111112
SeasonalNaive,2025-12-18 00:00:00+00:00,18.905335648148153,False,False,37.6927199074074,48.195708330669696,137.1624620857428,1.993760947116511,13.604990611050942,0.875
SeasonalNaive,2025-12-19 00:00:00+00:00,23.632916666666667,False,False,13.15017361111111,19.49289759045167,84.8715114776418,0.5564346456507813,9.161716800350975,0.9444444444444444
SeasonalNaive,2025-12-20 00:00:00+00:00,17.76171296296296,False,False,15.689363425925926,20.90287548126852,107.7927591808429,0.8833249055787392,9.60023099092047,0.9305555555555556
SeasonalNaive,2025-12-21 00:00:00+00:00,18.17896990740741,False,False,18.60773148148148,22.123903368756196,114.93404015634117,1.0235855813755081,9.805336630816532,1.0
SeasonalNaive,2025-12-22 00:00:00+00:00,101.52644675925927,False,False,17.081435185185185,20.161463404636883,103.547315541623,0.1682461637378967,7.672934043073866,0.9861111111111112
SeasonalNaive,2025-12-23 00:00:00+00:00,22.481203703703706,False,False,14.163287037037037,22.480345004385583,108.0168130199658,0.630005724947178,5.286330486225098,0.9166666666666666
SeasonalNaive,2025-12-24 00:00:00+00:00,34.32805555555555,False,False,11.77903935185185,20.783480543757136,82.40591256321753,0.3431315628346321,4.985296216765348,0.9166666666666666
SeasonalNaive,2025-12-25 00:00:00+00:00,12.023530092592592,False,False,11.08486111111111,17.13264255603706,81.80666847477158,0.9219306664305041,4.128245371139961,0.9166666666666666
SeasonalNaive,2025-12-26 00:00:00+00:00,21.210729166666667,False,False,9.729131944444443,14.99203565216399,71.10372771802771,0.4586891788583149,3.480065126155497,0.8888888888888888
SeasonalNaive,2025-12-27 00:00:00+00:00,10.18861111111111,False,False,11.513171296296296,15.280262730990145,113.81401146432725,1.130003998654998,3.801740485454731,0.9027777777777778
SeasonalNaive,2025-12-28 00:00:00+00:00,22.232141203703705,False,False,7.874270833333333,11.542805658550472,103.23372089670846,0.35418409595300426,2.9448094989884157,0.9583333333333334
SeasonalNaive,2025-12-29 00:00:00+00:00,25.714479166666663,False,False,26.123726851851853,35.56568103138305,116.4994136517274,1.0159150680257873,9.301418182815295,0.5833333333333334
SeasonalNaive,2025-12-30 00:00:00+00:00,34.40138888888889,False,False,34.832256944444445,43.205667375633055,91.43438914266055,1.0125247284912593,12.200914975443872,0.4722222222222222
SeasonalNaive,2025-12-31 00:00:00+00:00,21.10957175925926,False,False,19.71648148148148,27.973609593339138,50.96348358899502,0.9340067011465198,6.629052323015095,0.7777777777777778
SeasonalNaive,2026-01-01 00:00:00+00:00,17.20872685185185,False,False,13.147303240740742,14.378190521201411,44.81946132979064,0.7639904656471403,4.438162408478991,0.9583333333333334
SeasonalNaive,2026-01-02 00:00:00+00:00,11.871331018518518,False,False,17.95148148148148,19.974046398110946,135.6559725109892,1.512170914405328,5.360372888385303,0.9583333333333334
SeasonalNaive,2026-01-03 00:00:00+00:00,11.644849537037036,False,False,11.460601851851852,13.18858154610656,123.94172519861877,0.9841777530401595,4.2253918239708925,1.0
SeasonalNaive,2026-01-04 00:00:00+00:00,13.408275462962962,False,False,13.922395833333333,19.602390584274186,97.41076191248914,1.0383435119445823,5.050987094903849,0.9166666666666666
SeasonalNaive,2026-01-05 00:00:00+00:00,24.661863425925926,False,False,12.327939814814817,19.649910804819083,105.70541335932306,0.49987868320830126,4.762968179733991,0.9027777777777778
SeasonalNaive,2026-01-06 00:00:00+00:00,23.47164351851852,False,False,13.802569444444446,18.931922342034227,94.32309088542924,0.5880529598855988,4.362974049579118,0.7638888888888888
SeasonalNaive,2026-01-07 00:00:00+00:00,21.52386574074074,False,False,15.077291666666667,23.249603362224736,80.68073117037851,0.7004918098019963,5.35367969510957,0.7638888888888888
SeasonalNaive,2026-01-08 00:00:00+00:00,18.982453703703705,False,False,21.15260416666667,27.956221385051585,118.51162421205204,1.1143240224281197,6.955850142428555,0.7361111111111112
SeasonalNaive,2026-01-09 00:00:00+00:00,30.61946759259259,False,False,27.82972222222222,31.257518214758953,128.14281118849647,0.9088898145621167,8.63948187813699,0.4166666666666667
SeasonalNaive,2026-01-10 00:00:00+00:00,14.342824074074075,False,False,33.228541666666665,38.07208312990384,165.34005265854992,2.316736334145672,10.628691377169593,0.4166666666666667
SeasonalNaive,2026-01-11 00:00:00+00:00,17.911319444444445,False,False,26.618252314814814,30.442287518160473,160.1580661209834,1.4861134266169878,7.501158279508871,0.7916666666666666
SeasonalNaive,2026-01-12 00:00:00+00:00,25.223206018518518,False,False,12.521192129629629,15.675814606899763,52.4642419728648,0.49641556749117255,4.478124257694238,0.9861111111111112
SeasonalNaive,2026-01-13 00:00:00+00:00,10.350763888888888,False,False,11.708298611111111,15.252007644297619,51.9007653361927,1.1311530952492772,4.34513803734454,0.9861111111111112
SeasonalNaive,2026-01-14 00:00:00+00:00,20.590601851851854,False,False,19.470300925925926,25.13128875752689,112.02320244755921,0.9455916376808009,6.1362701779036355,0.7777777777777778
SeasonalNaive,2026-01-15 00:00:00+00:00,18.313819444444444,False,False,15.952858796296299,20.599759435539127,93.35420747708567,0.8710831099263485,5.232066074313157,0.9166666666666666
SeasonalNaive,2026-01-16 00:00:00+00:00,35.55108796296296,False,False,25.03166666666667,32.09586235760608,133.88051939116403,0.7041040964131562,7.85178332665554,0.6388888888888888
SeasonalNaive,2026-01-17 00:00:00+00:00,11.657141203703702,False,False,13.915405092592591,17.804696188255942,127.38433022722731,1.193723645396986,4.381039352900351,0.9305555555555556
SeasonalNaive,2026-01-18 00:00:00+00:00,18.301412037037036,False,False,17.89912037037037,27.159750840207657,108.04743070710703,0.9780185449159584,6.462548793077062,0.7222222222222222
SeasonalNaive,2026-01-19 00:00:00+00:00,21.47127314814815,False,False,12.984918981481481,18.657553440776944,98.5052402941813,0.6047577566494422,4.604271584333262,0.875
SeasonalNaive,2026-01-20 00:00:00+00:00,26.999039351851852,False,False,34.69868055555556,45.357454536400134,120.06762175144257,1.2851820430853809,11.948702471834324,0.4861111111111111
SeasonalNaive,2026-01-21 00:00:00+00:00,16.780833333333334,False,False,36.763645833333335,46.611136209083924,118.75835803508421,2.1908116899240206,11.912864528550779,0.5694444444444444
SeasonalNaive,2026-01-22 00:00:00+00:00,24.95273148148148,False,False,20.30188657407407,22.912525312037705,100.54298999652313,0.8136137957137477,6.203167427958005,0.9722222222222222
SeasonalNaive,2026-01-23 00:00:00+00:00,32.32828703703703,False,False,16.31625,22.91741674361701,65.90123927502543,0.5047050584928061,5.732315829663681,0.8888888888888888
SeasonalNaive,2026-01-24 00:00:00+00:00,94.17333333333333,False,False,83.7184375,125.74885061950945,86.81949835740924,0.8889824171740053,36.10354888550042,0.5555555555555556
SeasonalNaive,2026-01-25 00:00:00+00:00,118.38245370370367,False,False,84.10710648148148,97.66484867941638,77.76553349759166,0.7104693630695554,26.752092674984908,0.4583333333333333
SeasonalNaive,2026-01-26 00:00:00+00:00,305.5712615740741,False,False,251.85655092592594,348.22639066428223,104.96782495913459,0.8242154371080245,107.08802002945788,0.25
SeasonalNaive,2026-01-27 00:00:00+00:00,63.59155092592592,False,False,255.16028935185184,370.51926091861964,112.69468871046612,4.012487282297505,97.16338554017908,0.5138888888888888
SeasonalNaive,2026-01-28 00:00:00+00:00,201.86112268518522,False,False,151.87680555555556,264.78871924948464,81.31537672496977,0.7523826457282552,57.9498253092743,0.875
SeasonalNaive,2026-01-29 00:00:00+00:00,24.277118055555558,False,False,198.51417824074073,303.21874799777146,168.98778472072973,8.177007575053288,69.83289341122472,0.8055555555555556
SeasonalNaive,2026-01-30 00:00:00+00:00,28.19950231481481,False,False,44.54303240740741,51.06205960944626,134.84166066565828,1.5795680331566138,30.49547479715622,1.0
SeasonalNaive,2026-01-31 00:00:00+00:00,84.77512731481481,False,False,25.051145833333333,33.84139645114402,45.40512497469358,0.29550112900810166,26.884871214049923,1.0
SeasonalNaive,2026-02-01 00:00:00+00:00,106.90381944444444,False,False,83.37869212962963,130.87889218808363,78.772492938529,0.7799411897809666,37.32525735717806,0.9722222222222222
SeasonalNaive,2026-02-02 00:00:00+00:00,305.676875,False,False,103.8805787037037,148.5216560346831,160.426822454204,0.3398378719479637,38.861073014527,0.9583333333333334
SeasonalNaive,2026-02-03 00:00:00+00:00,85.57872685185185,False,False,13.673113425925926,18.330872533449604,116.65966961969114,0.1597723397964999,17.938131109068237,1.0
SeasonalNaive,2026-02-04 00:00:00+00:00,198.71862268518518,False,False,13.306608796296295,18.047929596544762,106.60569720046635,0.06696206231952878,14.619791841303098,1.0
SeasonalNaive,2026-02-05 00:00:00+00:00,14.548518518518518,False,False,11.554259259259261,17.753115526003587,90.64815426657502,0.7941880298363078,9.087442150835514,1.0
SeasonalNaive,2026-02-06 00:00:00+00:00,25.65394675925926,False,False,16.91457175925926,19.562386958563863,97.3955545858013,0.6593360436110789,9.77799033077315,1.0
SeasonalNaive,2026-02-07 00:00:00+00:00,23.650266203703705,False,False,9.889363425925925,12.605104416829798,74.77655950858639,0.4181501950441987,8.55648195538021,1.0
SeasonalNaive,2026-02-08 00:00:00+00:00,99.05208333333333,False,False,14.53298611111111,18.18550750031413,101.16385197945156,0.1467206506117012,7.53334996928515,1.0
SeasonalNaive,2026-02-09 00:00:00+00:00,27.02111111111111,False,False,24.21157407407408,29.958048338352345,92.53319815263762,0.8960243705196214,7.89158442550434,0.5833333333333334
SeasonalNaive,2026-02-10 00:00:00+00:00,18.865972222222222,False,False,28.598483796296293,35.7765852478479,102.00254184646727,1.5158764923129775,9.818439183915096,0.4861111111111111
SeasonalNaive,2026-02-11 00:00:00+00:00,7.56994212962963,False,False,20.49835648148148,24.51453934610748,110.81477572851423,2.707861715514117,5.8862025223626135,0.8194444444444444
SeasonalNaive,2026-02-12 00:00:00+00:00,15.559560185185186,False,False,8.924386574074074,10.923346506030919,66.45163331623984,0.5735629071682439,3.5166408704670293,1.0
SeasonalNaive,2026-02-13 00:00:00+00:00,10.538657407407406,False,False,10.379224537037038,12.672638605381596,53.16158781940609,0.9848716146462541,3.7166076492050117,0.9722222222222222
SeasonalNaive,2026-02-14 00:00:00+00:00,14.306435185185185,False,False,10.2996875,13.598037824889083,49.08717483113041,0.7199338875603117,3.7463924313177777,0.9583333333333334
SeasonalNaive,2026-02-15 00:00:00+00:00,10.642488425925926,False,False,14.147534722222222,16.45782626709511,106.95330501996519,1.3293446190420777,4.334526475821884,0.9583333333333334
SeasonalNaive,2026-02-16 00:00:00+00:00,28.307430555555555,False,False,9.06806712962963,12.262121134942731,115.47475585237868,0.32034229005111703,3.2987577270440585,0.9027777777777778
SeasonalNaive,2026-02-17 00:00:00+00:00,18.25087962962963,False,False,12.491400462962964,14.878138112092003,127.08813880210019,0.6844273107080076,3.6664091636405742,0.7777777777777778
SeasonalNaive,2026-02-18 00:00:00+00:00,7.208310185185184,False,False,16.424004629629632,19.52288040375342,143.2642730748559,2.2784819475977773,5.123219047437083,0.5555555555555556
SeasonalNaive,2026-02-19 00:00:00+00:00,13.319722222222222,False,False,13.641909722222222,17.234825354104895,119.2597576911117,1.0241887551875872,4.04965020185973,0.7361111111111112
SeasonalNaive,2026-02-20 00:00:00+00:00,11.553854166666667,False,False,20.950648148148147,26.863527341272174,132.44074881309348,1.8133038418116447,7.02220109296434,0.6111111111111112
SeasonalNaive,2026-02-21 00:00:00+00:00,15.099421296296295,False,False,14.602152777777778,17.09663466417522,97.22546031198225,0.9670670478847762,4.285987631489505,0.8194444444444444
SeasonalNaive,2026-02-22 00:00:00+00:00,16.93173611111111,False,False,14.086817129629631,17.805608806418466,102.44562596203623,0.831977124920193,4.423403709032352,0.8055555555555556
SeasonalNaive,2026-02-23 00:00:00+00:00,4.224386574074073,False,False,10.053263888888889,14.856086050737375,77.60485001772857,2.3798162674287036,3.521472734288715,0.8472222222222222
SeasonalNaive,2026-02-24 00:00:00+00:00,8.345173611111111,False,False,17.957974537037032,19.306274603166063,148.41235685447043,2.151899453970261,5.037696030979524,0.7361111111111112
SeasonalNaive,2026-02-25 00:00:00+00:00,14.710289351851852,False,False,15.560694444444444,20.134587148803867,140.10976988449974,1.0578102219645011,5.080152638947058,0.7083333333333334
SeasonalNaive,2026-02-26 00:00:00+00:00,19.328344907407406,False,False,20.29429398148148,32.11026456451525,122.24713328164269,1.0499757779934837,7.445059012222617,0.75
SeasonalNaive,2026-02-27 00:00:00+00:00,13.101145833333332,False,False,11.668518518518518,21.28295678059902,71.55177850563548,0.890648701034243,4.836759114238112,0.9166666666666666
SeasonalNaive,2026-02-28 00:00:00+00:00,11.75699074074074,False,False,5.567557870370369,6.823871606201033,61.13047106954412,0.47355296887982323,2.7551396024228474,1.0
SeasonalNaive,2026-03-01 00:00:00+00:00,10.44976851851852,False,False,5.6117939814814815,7.453880838489313,72.23176680927739,0.5370256739693862,2.6641013684014454,1.0
SeasonalNaive,2026-03-02 00:00:00+00:00,14.42292824074074,False,False,14.557048611111108,17.60912573779897,88.03296300050152,1.009299108206856,4.425716589797294,0.7777777777777778
SeasonalNaive,2026-03-03 00:00:00+00:00,17.70898148148148,False,False,16.82611111111111,19.935068858896642,97.95333400531861,0.950145615585312,4.930187468592232,0.75
SeasonalNaive,2026-03-04 00:00:00+00:00,23.211018518518514,False,False,16.061249999999998,18.178441201537247,96.25615731724834,0.6919666186637093,4.3982278385340665,0.9305555555555556
SeasonalNaive,2026-03-05 00:00:00+00:00,12.803645833333334,False,False,13.570810185185186,19.12408654267756,71.8513319274167,1.059917648600885,4.50894986419274,0.7777777777777778
SeasonalNaive,2026-03-06 00:00:00+00:00,14.406371527777777,False,False,19.349346064814814,24.282226163952394,138.26528514484932,1.3431103055690459,6.302951088884356,0.5972222222222222
SeasonalNaive,2026-03-07 00:00:00+00:00,12.830868055555555,False,False,16.502667824074074,24.03861938958055,120.05395522117048,1.2861692406640164,5.625955227736526,0.75
SeasonalNaive,2026-03-08 00:00:00+00:00,30.940879629629624,False,False,32.20407407407407,42.13362874085156,116.02739607704564,1.040826067634961,11.249923873727676,0.4305555555555556
SeasonalNaive,2026-03-09 00:00:00+00:00,16.02903935185185,False,False,33.27333333333333,47.87747621364312,94.9772566540483,2.075815811724814,12.110142030618901,0.5277777777777778
SeasonalNaive,2026-03-10 00:00:00+00:00,14.835335648148149,False,False,14.957916666666664,22.799257407836016,82.43565186646242,1.0082627735176195,5.600540168030824,0.8888888888888888
SeasonalNaive,2026-03-11 00:00:00+00:00,22.641238425925923,False,False,15.495347222222222,20.181638775700044,88.44097269836983,0.6843860274214896,5.4635426906132265,0.9583333333333334
SeasonalNaive,2026-03-12 00:00:00+00:00,9.274131944444443,False,False,10.974050925925926,13.243493397178522,89.92076134807809,1.1832968294676678,4.466323882888443,1.0
SeasonalNaive,2026-03-13 00:00:00+00:00,5.599207175925926,False,False,14.506550925925929,18.068979230069047,152.88029985222593,2.5908223200415903,5.05986580722418,0.9722222222222222
SeasonalNaive,2026-03-14 00:00:00+00:00,19.878553240740743,False,False,22.242071759259257,29.732847434779284,151.8684805595148,1.1188979142443085,7.137003240523967,0.8611111111111112
SeasonalNaive,2026-03-15 00:00:00+00:00,37.76217592592593,False,False,19.152418981481482,24.448361407883322,127.02636649430339,0.5071852591082346,6.132141689398979,0.9027777777777778
SeasonalNaive,2026-03-16 00:00:00+00:00,15.232303240740741,False,False,25.698738425925924,33.86735628549864,134.37601768000275,1.68712098359435,8.469394181016783,0.6388888888888888
SeasonalNaive,2026-03-17 00:00:00+00:00,31.302499999999995,False,False,49.92068287037037,74.49924923917692,151.13081017822088,1.5947826170551993,18.933196210292287,0.4583333333333333
SeasonalNaive,2026-03-18 00:00:00+00:00,18.16048611111111,False,False,40.597939814814815,67.79690930424161,161.6054274070853,2.235509532422473,15.127413652982717,0.8333333333333334
SeasonalNaive,2026-03-19 00:00:00+00:00,11.199664351851851,False,False,11.010810185185186,14.233443517177227,131.4323294061296,0.9831375154885389,5.725939471042274,1.0
SeasonalNaive,2026-03-20 00:00:00+00:00,7.619317129629631,False,False,3.8394097222222223,5.134388591124381,94.22003224072033,0.503904701287693,4.514142641697369,1.0
SeasonalNaive,2026-03-21 00:00:00+00:00,14.839513888888892,False,False,5.294027777777779,6.3530422244308475,69.64216311480409,0.3567521023543561,4.623540912333564,1.0
SeasonalNaive,2026-03-22 00:00:00+00:00,7.386874999999999,False,False,11.728900462962963,13.926830243344284,128.4955888160364,1.5878027532566836,5.6087264161802635,1.0
SeasonalNaive,2026-03-23 00:00:00+00:00,11.993553240740741,False,False,19.472546296296297,26.6212611633969,139.8569671318751,1.623584429520875,7.307914617060379,0.9583333333333334
SeasonalNaive,2026-03-24 00:00:00+00:00,70.64513888888888,False,False,86.533125,181.30623183004468,103.73550201266318,1.2248985048511243,37.59751512701758,0.5833333333333334
SeasonalNaive,2026-03-25 00:00:00+00:00,14.597534722222223,False,False,88.03186342592592,175.38189470696787,150.2771734015145,6.030597981172302,34.279173075214025,0.7916666666666666
SeasonalNaive,2026-03-26 00:00:00+00:00,10.433460648148149,False,False,10.587025462962963,18.565002606738155,109.20442554905199,1.0147184927411472,10.625043651522564,1.0
SeasonalNaive,2026-03-27 00:00:00+00:00,9.769479166666667,False,False,5.931018518518519,8.023228813762813,80.3122385989835,0.607096695467152,9.86937532461951,1.0
SeasonalNaive,2026-03-28 00:00:00+00:00,12.610729166666665,False,False,17.44900462962963,21.26193057786964,128.11649052128163,1.383663418587384,11.790994524492836,1.0
SeasonalNaive,2026-03-29 00:00:00+00:00,7.557974537037037,False,False,25.519247685185185,28.44825867523641,157.0037719952321,3.3764664805538667,13.151037062668628,1.0
SeasonalNaive,2026-03-30 00:00:00+00:00,18.776840277777776,False,False,8.249398148148149,11.329820053897754,97.38646705716012,0.4393389955982764,10.279667136086877,1.0
SeasonalNaive,2026-03-31 00:00:00+00:00,95.03800925925925,False,False,5.312465277777777,8.25670509009679,87.24044271097645,0.0558983223573804,7.016288049757527,1.0
SeasonalNaive,2026-04-01 00:00:00+00:00,21.40883101851852,False,False,20.24125,28.939694056958164,121.55570377560183,0.9454626449473786,7.168866895131075,0.5972222222222222
SeasonalNaive,2026-04-02 00:00:00+00:00,23.352314814814815,False,False,14.63800925925926,20.482684321680228,75.26299538892364,0.626833330029143,4.800200208815153,0.875
SeasonalNaive,2026-04-03 00:00:00+00:00,10.264780092592591,False,False,21.4309375,25.867058063728457,128.46257732740543,2.0878126279066884,6.49220460698458,0.7222222222222222
SeasonalNaive,2026-04-04 00:00:00+00:00,25.355775462962963,False,False,17.486296296296295,21.62886692438766,125.72451678921371,0.6896376063054521,5.194521325689446,0.8194444444444444
SeasonalNaive,2026-04-05 00:00:00+00:00,18.179039351851852,False,False,15.020775462962964,17.69900802146998,100.1835553643084,0.8262689338110067,4.289129208461815,0.9166666666666666
SeasonalNaive,2026-04-06 00:00:00+00:00,26.292743055555555,False,False,9.026435185185186,11.43992768457217,84.06789003753384,0.34330519132646886,3.333185985595327,0.9444444444444444
SeasonalNaive,2026-04-07 00:00:00+00:00,16.517430555555556,False,False,14.698472222222222,18.40521561420989,86.38076785837131,0.8898764352472766,4.580438801117315,0.7916666666666666
SeasonalNaive,2026-04-08 00:00:00+00:00,12.081863425925924,False,False,12.52517361111111,15.661147740918793,77.00618253017929,1.036692202978715,3.94780752103936,0.9027777777777778
SeasonalNaive,2026-04-09 00:00:00+00:00,24.245787037037037,False,False,19.135844907407407,23.767327336839895,105.52740122943065,0.7892441222129083,6.099919424994238,0.625
SeasonalNaive,2026-04-10 00:00:00+00:00,13.897326388888889,False,False,12.25173611111111,25.234318168055104,74.96747355356271,0.8815894344185907,5.244785175804425,0.8472222222222222
SeasonalNaive,2026-04-11 00:00:00+00:00,18.45196759259259,False,False,14.61978009259259,20.893136644008997,105.65537549434245,0.7923155088599654,4.879068170254367,0.8333333333333334
SeasonalNaive,2026-04-12 00:00:00+00:00,27.841828703703708,False,False,29.743113425925927,50.5065872996562,96.0754015629988,1.0682887874376332,11.860352694485181,0.6944444444444444
SeasonalNaive,2026-04-13 00:00:00+00:00,28.005555555555556,False,False,36.43277777777777,59.97772020450414,110.25635045340772,1.300912517357667,14.059787264273867,0.6527777777777778
SeasonalNaive,2026-04-14 00:00:00+00:00,19.171122685185185,False,False,7.822465277777777,14.542181638512309,78.81404710810328,0.4080337602670876,4.656411064910324,0.9583333333333334
SeasonalNaive,2026-04-15 00:00:00+00:00,13.328344907407407,False,False,23.114988425925922,26.115554609166683,147.04048240253735,1.7342729788662248,7.078094873390218,0.9722222222222222
SeasonalNaive,2026-04-16 00:00:00+00:00,15.951504629629628,False,False,16.66435185185185,26.03671151746162,80.92546956175451,1.0446884001712367,6.605670857942162,0.8888888888888888
SeasonalNaive,2026-04-17 00:00:00+00:00,9.495208333333332,False,False,19.840995370370372,29.688299746537822,123.64664183336467,2.0895797831752376,7.379694466220364,0.8888888888888888
SeasonalNaive,2026-04-18 00:00:00+00:00,15.681099537037035,False,False,8.905949074074073,14.60442300654725,106.9640769288712,0.5679416199762778,4.736645662272421,0.9861111111111112
SeasonalNaive,2026-04-19 00:00:00+00:00,23.862974537037037,False,False,22.08672453703704,30.415455457397666,112.45032074956782,0.9255646022987146,7.38713819245174,0.7777777777777778
SeasonalNaive,2026-04-20 00:00:00+00:00,42.85164351851852,False,False,34.939270833333325,47.48893480593875,97.2457482749594,0.8153542773274068,12.491200386075976,0.5416666666666666
SeasonalNaive,2026-04-21 00:00:00+00:00,37.88981481481481,False,False,26.592442129629628,34.78097624472148,79.07050882194461,0.7018361599178906,8.401807094714297,0.8472222222222222
SeasonalNaive,2026-04-22 00:00:00+00:00,9.126701388888888,False,False,22.606504629629633,25.164705899978397,97.3301974984898,2.476963326218983,6.505504439273198,0.9722222222222222
SeasonalNaive,2026-04-23 00:00:00+00:00,21.557407407407407,False,False,14.539965277777775,19.186770685510073,125.58774558818573,0.674476526930676,5.119204232825094,1.0
SeasonalNaive,2026-04-24 00:00:00+00:00,19.027233796296297,False,False,21.895497685185187,39.94203100963656,138.16795362929187,1.1507451855375428,8.442989683358167,0.8888888888888888
SeasonalNaive,2026-04-25 00:00:00+00:00,83.94658564814816,False,False,83.43747685185184,193.75646231780573,93.06985331132455,0.9939353245594742,38.32271733430077,0.7777777777777778
SeasonalNaive,2026-04-26 00:00:00+00:00,17.95047453703704,False,False,70.50765046296296,169.06823323586406,72.66607237239025,3.927898970998522,33.4994161451434,0.8611111111111112
SeasonalNaive,2026-04-27 00:00:00+00:00,38.92916666666666,False,False,32.27266203703704,57.9502323102082,111.07842150245429,0.8290098350517917,15.82907074010874,0.9583333333333334
SeasonalNaive,2026-04-28 00:00:00+00:00,90.53584490740741,False,False,103.73435185185184,210.43961411773734,123.37375811670333,1.1457821148954073,45.2333127531787,0.7916666666666666
SeasonalNaive,2026-04-29 00:00:00+00:00,33.23167824074075,False,False,88.83930555555555,189.28848113014203,71.46881596678685,2.6733319007236296,39.89988998201602,0.8611111111111112
SeasonalNaive,2026-04-30 00:00:00+00:00,39.344965277777774,False,False,24.694664351851852,34.928737374952604,52.91718432323207,0.6276448378466232,17.645988344111696,1.0
SeasonalNaive,2026-05-01 00:00:00+00:00,31.06582175925926,False,False,17.698391203703704,21.408709497122334,45.76451194261852,0.5697061980479768,16.475013600008896,1.0
SeasonalNaive,2026-05-02 00:00:00+00:00,99.06234953703705,False,False,29.948194444444443,56.29928172304568,77.99813323602449,0.3023166176090698,17.69415196398648,0.9722222222222222
SeasonalNaive,2026-05-03 00:00:00+00:00,19.312291666666667,False,False,35.64085648148148,65.25454665273652,139.223203136084,1.8455011500783298,17.704932028757217,0.9722222222222222
SeasonalNaive,2026-05-04 00:00:00+00:00,21.448715277777776,False,False,10.193553240740743,15.973217166777069,96.2757837096588,0.4752523919836778,12.085220973733959,1.0
SeasonalNaive,2026-05-05 00:00:00+00:00,92.80848379629629,False,False,14.375416666666666,19.5094310789007,113.14760611926309,0.15489334680026684,9.632673650607739,1.0
SeasonalNaive,2026-05-06 00:00:00+00:00,17.578645833333333,False,False,20.199212962962964,26.21861741163373,71.7376271902128,1.149076735174925,6.46723014443358,0.9722222222222222
SeasonalNaive,2026-05-07 00:00:00+00:00,16.60119212962963,False,False,15.901122685185186,22.21642297267954,45.412886808342165,0.9578301703288544,5.638062411484442,1.0
SeasonalNaive,2026-05-08 00:00:00+00:00,13.780983796296296,False,False,18.066053240740743,24.23963409427431,63.758453780467505,1.3109407505142034,5.996568014070726,0.9722222222222222
SeasonalNaive,2026-05-09 00:00:00+00:00,30.85199074074074,False,False,17.176562500000003,23.61099163225489,59.164325155480476,0.5567408159927253,5.490613634815869,0.9444444444444444
SeasonalNaive,2026-05-10 00:00:00+00:00,11.629861111111113,False,False,16.91175925925926,20.89131009673329,86.30206563118475,1.4541669154674466,5.090360981381084,0.7916666666666666
SeasonalNaive,2026-05-11 00:00:00+00:00,15.398796296296297,False,False,13.543877314814814,16.435001871206424,82.46804699050251,0.8795413001256711,4.138160829026517,0.9166666666666666
SeasonalNaive,2026-05-12 00:00:00+00:00,14.095295138888888,False,False,12.822841435185186,18.66112943440074,66.49618870842431,0.9097249336629352,4.504191178554181,0.8194444444444444
SeasonalNaive,2026-05-13 00:00:00+00:00,13.792581018518518,False,False,12.165792824074073,14.386005323679536,66.78923961576851,0.8820533885383562,3.889969483537701,0.8333333333333334
SeasonalNaive,2026-05-14 00:00:00+00:00,18.03478009259259,False,False,20.060219907407408,22.293583742635278,106.90351255357358,1.1123074306654133,5.670244412574298,0.6388888888888888
SeasonalNaive,2026-05-15 00:00:00+00:00,20.409641203703707,False,False,11.096562499999997,15.575504293564384,83.16050732507799,0.5436921888654427,3.6962343779475613,0.8611111111111112
SeasonalNaive,2026-05-16 00:00:00+00:00,22.702152777777776,False,False,11.28462962962963,16.259240237890143,99.45334888937738,0.4970731075634245,3.819436308924562,0.8472222222222222
SeasonalNaive,2026-05-17 00:00:00+00:00,8.22400462962963,False,False,6.581226851851852,9.56238828809919,109.69833138385172,0.8002460052297222,2.590160645813423,0.9722222222222222
SeasonalNaive,2026-05-18 00:00:00+00:00,18.14275462962963,False,False,3.004594907407408,4.664180396513319,85.27794299828601,0.1656085290653983,1.856210706017018,0.9861111111111112
SeasonalNaive,2026-05-19 00:00:00+00:00,12.195399305555554,False,False,17.598171296296293,23.527009650651564,120.74122854114779,1.4430172276753195,5.926279536419056,0.5555555555555556
SeasonalNaive,2026-05-20 00:00:00+00:00,9.013935185185185,False,False,13.783229166666667,20.171122444746135,63.597629874084916,1.5291023158586756,4.73033482180553,0.7638888888888888
SeasonalNaive,2026-05-21 00:00:00+00:00,26.344768518518517,False,False,15.122187500000003,17.605248606079588,47.02772659633767,0.5740110219366767,4.574011774262671,0.7638888888888888
SeasonalNaive,2026-05-22 00:00:00+00:00,13.070474537037036,False,False,15.123773148148148,18.3992009306958,51.57998942779316,1.157094419586129,4.603739511925887,0.7222222222222222
SeasonalNaive,2026-05-23 00:00:00+00:00,18.23252314814815,False,False,4.936331018518519,7.608922660966596,20.340530263256976,0.2707431647506173,2.284877147952903,0.9722222222222222
SeasonalNaive,2026-05-24 00:00:00+00:00,14.96025462962963,False,False,5.283263888888889,7.733914024484452,21.218735430577578,0.3531533399455038,2.268697507028335,1.0
SeasonalNaive,2026-05-25 00:00:00+00:00,22.23644675925926,False,False,6.81099537037037,8.091151869804873,27.20851033256225,0.30629872857426155,2.545090191186639,1.0
SeasonalNaive,2026-05-26 00:00:00+00:00,12.064768518518518,False,False,7.156655092592593,11.511957776419475,24.364627723157962,0.5931862746979075,2.7811021917036753,0.9444444444444444
SeasonalNaive,2026-05-27 00:00:00+00:00,29.80622685185185,False,False,31.24795138888889,45.33218773541017,57.10270195681686,1.048369910898248,12.879451838910166,0.4722222222222222
SeasonalNaive,2026-05-28 00:00:00+00:00,16.140972222222224,False,False,31.336539351851847,42.777647134878976,61.218498465471114,1.9414282436289056,11.248662486316581,0.5833333333333334
SeasonalNaive,2026-05-29 00:00:00+00:00,9.932488425925925,False,False,8.916238425925926,14.450693269405283,33.89014292211454,0.8976842502683045,3.982722594988315,0.9583333333333334
SeasonalNaive,2026-05-30 00:00:00+00:00,10.644780092592592,False,False,12.082650462962963,16.786187008270232,58.90746758498596,1.1350775082118367,4.549279865702906,0.9444444444444444
SeasonalNaive,2026-05-31 00:00:00+00:00,6.22925925925926,False,False,8.303391203703704,12.44729074321255,58.8957939485655,1.3329660651643973,3.879431689604594,0.9722222222222222
SeasonalNaive,2026-06-01 00:00:00+00:00,7.080347222222223,False,False,13.136805555555558,16.573796902619815,57.90040701009398,1.85539001736026,4.608477377684168,0.9722222222222222
ETS,2025-07-01 00:00:00+00:00,25.592407407407407,False,False,17.597063728197426,23.859986405896983,34.43355238686715,0.687589230980442,5.941996550313815,0.7916666666666666
ETS,2025-07-02 00:00:00+00:00,38.74896990740741,False,False,61.34115326113728,67.21624595940308,77.1421871935603,1.5830395855093702,24.727825657295067,0.125
ETS,2025-07-03 00:00:00+00:00,9.429803240740743,False,False,10.489403245667063,12.377447180521251,41.00738610485305,1.1123671383034166,4.275149229565515,1.0
ETS,2025-07-04 00:00:00+00:00,8.454027777777778,False,False,11.930716620339041,18.057273007104957,35.378744747813705,1.4112464418084918,5.287726484966702,0.9583333333333334
ETS,2025-07-05 00:00:00+00:00,18.460520833333334,False,False,30.07047368880605,33.05341949699502,157.5054669811716,1.6289071126589856,8.235850300173011,0.8888888888888888
ETS,2025-07-06 00:00:00+00:00,14.629305555555554,False,False,20.5309207498792,25.52102357333066,93.93516791691022,1.4034104812365804,6.802027604717676,0.9166666666666666
ETS,2025-07-07 00:00:00+00:00,13.49300925925926,False,False,15.661521706826392,17.891483433057765,60.12574960549109,1.1607137745109781,5.531041495474651,0.9861111111111112
ETS,2025-07-08 00:00:00+00:00,12.906782407407407,False,False,17.895329534981187,29.504051709588932,35.23905162264763,1.3865058672338642,7.046105791021838,0.875
ETS,2025-07-09 00:00:00+00:00,33.95109953703704,False,False,56.0328383598817,58.48516534168098,86.02669024877359,1.6503983412600771,18.948111922354315,0.09722222222222222
ETS,2025-07-10 00:00:00+00:00,17.20474537037037,False,False,34.98547922927482,38.43323672007536,94.01058356389369,2.033478466326275,11.721311591196512,0.1388888888888889
ETS,2025-07-11 00:00:00+00:00,11.368680555555557,False,False,29.4357501378526,32.037310606471564,158.41556082774778,2.5891966964863107,8.837195777593779,0.4027777777777778
ETS,2025-07-12 00:00:00+00:00,52.02465277777779,False,False,51.0601554681556,98.37658545622097,69.15436082039713,0.9814607641161582,20.890743219065833,0.5833333333333334
ETS,2025-07-13 00:00:00+00:00,28.16582175925926,False,False,47.767032969482024,52.4408750872519,67.50186242603617,1.6959218650802916,13.233408484680167,0.7222222222222222
ETS,2025-07-14 00:00:00+00:00,8.859305555555556,False,False,19.17023890134425,25.78142217101002,40.65764360903726,2.163853451168398,8.233120202270692,0.9722222222222222
ETS,2025-07-15 00:00:00+00:00,24.954976851851853,False,False,14.6312651552613,18.73539240395524,75.38298128605247,0.5863065007882604,7.518003218763358,1.0
ETS,2025-07-16 00:00:00+00:00,23.476076388888888,False,False,15.791911333370345,18.94375177595273,116.37983843432514,0.6726810337371615,7.69349907377383,1.0
ETS,2025-07-17 00:00:00+00:00,10.92471064814815,False,False,19.430940873682168,22.42177484409114,103.9341689342867,1.778622931031671,8.225685005256876,1.0
ETS,2025-07-18 00:00:00+00:00,8.932384259259258,False,False,12.420744499644655,15.908809876496525,66.34591611196355,1.3905295763300132,7.03939488081097,1.0
ETS,2025-07-19 00:00:00+00:00,60.14989583333334,False,False,17.16010498370786,21.295142799692545,113.25584689349802,0.2852890224657417,6.402786647406501,0.9722222222222222
ETS,2025-07-20 00:00:00+00:00,38.696168981481485,False,False,26.370439475595433,28.222315503313045,165.15293670334736,0.6814741657815099,7.71239383517707,0.3888888888888889
ETS,2025-07-21 00:00:00+00:00,10.894560185185188,False,False,8.356734687450484,10.326208682843259,31.787892174511967,0.7670557182119448,2.506590376702279,0.8611111111111112
ETS,2025-07-22 00:00:00+00:00,8.963090277777777,False,False,5.467842099940096,7.219581924197598,53.500726894549864,0.6100398334151044,1.842341427453951,0.9166666666666666
ETS,2025-07-23 00:00:00+00:00,6.148333333333333,False,False,7.712538306224677,9.656403143767285,41.523846522099554,1.2544112181444311,2.3734931232379846,0.9027777777777778
ETS,2025-07-24 00:00:00+00:00,8.587928240740741,False,False,11.411146369485104,15.168045658340922,56.544137818873,1.3287426314708994,3.8679312439473095,0.6527777777777778
ETS,2025-07-25 00:00:00+00:00,21.549166666666665,False,False,15.683113879138963,20.295382250062126,34.80510061764874,0.7277828475566247,5.335976685401679,0.5
ETS,2025-07-26 00:00:00+00:00,14.584178240740743,False,False,36.12378250023701,37.838500666314324,72.50958366815277,2.476915867589003,13.606228745954292,0.027777777777777776
ETS,2025-07-27 00:00:00+00:00,7.8231828703703705,False,False,7.831058257329583,10.40572268780698,46.65631020894024,1.001006672998664,2.693380504460272,0.9444444444444444
ETS,2025-07-28 00:00:00+00:00,9.630636574074073,False,False,11.554552324084353,15.391679926226576,71.34922704957137,1.1997703615137458,3.6322884729982032,0.9166666666666666
ETS,2025-07-29 00:00:00+00:00,15.900150462962964,False,False,14.820490773035012,18.72479154845505,61.34644213190206,0.9320975174138849,4.933128687619088,0.8194444444444444
ETS,2025-07-30 00:00:00+00:00,23.051689814814814,False,False,22.228348782303655,32.599763208551835,46.6454130190719,0.9642828339646486,7.533646931241294,0.75
ETS,2025-07-31 00:00:00+00:00,33.38466435185185,False,False,91.33318555459573,103.42325409972108,94.38482323754356,2.735782651339715,38.64476737471727,0.05555555555555555
ETS,2025-08-01 00:00:00+00:00,24.084745370370374,False,False,16.594933009527363,19.466943449379002,29.175575046382857,0.68902256404765,5.145827503482873,0.9166666666666666
ETS,2025-08-02 00:00:00+00:00,24.0771875,False,False,35.719256609325726,38.588929791220956,61.29632557100359,1.4835311063356433,10.156061539900945,0.5833333333333334
ETS,2025-08-03 00:00:00+00:00,11.675173611111111,False,False,13.919595988317218,18.009652176483353,63.30678469160955,1.1922388867151508,5.151561259705293,0.9444444444444444
ETS,2025-08-04 00:00:00+00:00,12.069548611111111,False,False,8.624025997426205,10.614945624389106,33.80094924971277,0.7145276327473431,4.3729591179713,1.0
ETS,2025-08-05 00:00:00+00:00,12.442928240740741,False,False,22.737306410991035,24.47874660578783,147.09014341889605,1.8273276170270236,6.720277161080535,1.0
ETS,2025-08-06 00:00:00+00:00,20.331157407407407,False,False,36.38134154817534,38.635226002483726,172.505365202542,1.7894377983085334,9.624920654720734,0.5555555555555556
ETS,2025-08-07 00:00:00+00:00,29.053194444444443,False,False,41.9514863669251,43.561751282655216,180.8676192457104,1.4439543454384953,12.369589700087412,0.2777777777777778
ETS,2025-08-08 00:00:00+00:00,34.689097222222216,False,False,12.300629293973325,16.528098877566904,80.77892572592363,0.35459640864027464,4.094274732619513,0.8888888888888888
ETS,2025-08-09 00:00:00+00:00,25.395208333333336,False,False,27.771755824672233,31.117209103047298,148.4414353727229,1.0935825160457329,8.449417036499062,0.5138888888888888
ETS,2025-08-10 00:00:00+00:00,10.928773148148148,False,False,11.864908041960954,16.556710615277915,40.295117423026255,1.0856578209761296,4.084374624488636,0.6944444444444444
ETS,2025-08-11 00:00:00+00:00,13.578888888888889,False,False,9.093498833963414,11.096024216824915,31.028019145167658,0.6696791547800567,2.838227764656579,0.9166666666666666
ETS,2025-08-12 00:00:00+00:00,25.48246527777778,False,False,16.366976290222876,20.28277237174049,36.37434469102398,0.6422838650739122,5.166818841893694,0.6527777777777778
ETS,2025-08-13 00:00:00+00:00,23.985937500000002,False,False,62.81794866534111,63.63124879926316,83.59164522060009,2.61894906819219,25.812768594222714,0.0
ETS,2025-08-14 00:00:00+00:00,13.576927083333334,False,False,23.75551407136168,27.214493062576718,53.695167219267525,1.7496974039525706,7.141108516700759,0.5277777777777778
ETS,2025-08-15 00:00:00+00:00,12.374131944444445,False,False,7.877798470945184,11.019258541005234,25.704437067942017,0.6366344327273835,2.9226090159325184,0.9444444444444444
ETS,2025-08-16 00:00:00+00:00,14.61224537037037,False,False,13.998790906802805,16.739965680563756,72.52785082528048,0.9580177824818434,4.142478617985662,0.8333333333333334
ETS,2025-08-17 00:00:00+00:00,13.685046296296296,False,False,19.435969212650004,24.190116947001716,75.09196455065283,1.4202340855733993,6.036309053981765,0.625
ETS,2025-08-18 00:00:00+00:00,14.104664351851852,False,False,23.008305365185727,28.92296775528022,85.08872771055209,1.6312550792578686,7.267328921552264,0.5416666666666666
ETS,2025-08-19 00:00:00+00:00,23.564027777777778,False,False,24.593171715173064,28.451016936926816,34.200572741225734,1.0436743644635247,7.905679075878079,0.5
ETS,2025-08-20 00:00:00+00:00,12.98171296296296,False,False,37.585478773328504,41.77175063284878,68.3317026422291,2.8952634279128255,12.588422315563975,0.2777777777777778
ETS,2025-08-21 00:00:00+00:00,29.798315972222227,False,False,24.52007638473394,36.223913362388785,41.795193389439994,0.8228678562772265,8.922369960183111,0.7638888888888888
ETS,2025-08-22 00:00:00+00:00,13.433124999999999,False,False,16.65181124272727,23.254195114486294,48.857573864155945,1.2396081509497805,5.814219190396483,0.8611111111111112
ETS,2025-08-23 00:00:00+00:00,14.15365740740741,False,False,18.017486421570165,23.10092584003612,73.8394279324264,1.2729915599158557,6.03005163699869,0.9027777777777778
ETS,2025-08-24 00:00:00+00:00,16.118402777777778,False,False,28.91024015007094,31.671822432551807,100.87018073629777,1.7936169326857307,8.232720927041584,0.8194444444444444
ETS,2025-08-25 00:00:00+00:00,14.469074074074074,False,False,29.16808449985896,31.60400778061201,62.126501166903104,2.015891573333142,7.909894601365919,0.8333333333333334
ETS,2025-08-26 00:00:00+00:00,29.61265046296296,False,False,16.470530748505826,22.06813469209591,39.407641215053744,0.556199140941666,5.563510609516336,0.8472222222222222
ETS,2025-08-27 00:00:00+00:00,15.542800925925924,False,False,13.334310090440889,16.54912034276916,37.324026180595254,0.857909083053287,4.483387910493608,0.9444444444444444
ETS,2025-08-28 00:00:00+00:00,38.10836805555555,False,False,16.060083993260452,22.392326023427618,44.35601045396772,0.4214319534714152,5.6181019137871,0.7777777777777778
ETS,2025-08-29 00:00:00+00:00,10.51587962962963,False,False,27.37821990090199,34.21546823582472,84.13843659910637,2.60351210409074,9.443710610939785,0.5972222222222222
ETS,2025-08-30 00:00:00+00:00,10.106469907407408,False,False,10.593338849728648,12.63514899127571,46.552415638535436,1.0481739862466117,3.6051887048749127,0.9722222222222222
ETS,2025-08-31 00:00:00+00:00,18.541041666666665,False,False,19.293065765903993,23.4411934212338,96.51220937101495,1.0405599702949444,5.789385892943275,0.7083333333333334
ETS,2025-09-01 00:00:00+00:00,15.252546296296297,False,False,27.60509383427761,31.242045395484798,133.86593940535636,1.8098678934009087,8.572917707088788,0.4305555555555556
ETS,2025-09-02 00:00:00+00:00,16.35789351851852,False,False,12.654800206671732,16.078579191308584,32.73263645512416,0.7736204048733676,3.8820452682765225,0.875
ETS,2025-09-03 00:00:00+00:00,12.73765046296296,False,False,11.984475662237536,16.360287451489153,27.82839268558932,0.9408701940035631,4.089480367656901,0.8055555555555556
ETS,2025-09-04 00:00:00+00:00,21.25173611111111,False,False,37.11032476961316,40.66838812187733,89.24180371013709,1.7462255589655404,14.177378409138015,0.16666666666666666
ETS,2025-09-05 00:00:00+00:00,14.96193287037037,False,False,51.54830994771497,60.883334461964765,83.31868003212217,3.4452975022898182,20.838276021797224,0.027777777777777776
ETS,2025-09-06 00:00:00+00:00,12.201678240740742,False,False,15.290360770754623,19.529043290064944,39.01313492379857,1.2531358776287786,4.794833747780358,0.7083333333333334
ETS,2025-09-07 00:00:00+00:00,6.696481481481481,False,False,12.966342062982031,15.387165177085723,43.23759893168584,1.936291782309753,3.890637036690695,0.75
ETS,2025-09-08 00:00:00+00:00,11.930543981481483,False,False,44.30872395650517,65.11448084051585,153.470206182987,3.7138896621378623,18.110844065644155,0.4027777777777778
ETS,2025-09-09 00:00:00+00:00,14.096458333333334,False,False,20.29021815438535,22.64268891896663,142.90750190150135,1.439384111568356,5.88104473816322,0.5694444444444444
ETS,2025-09-10 00:00:00+00:00,16.7190625,False,False,27.922542192320627,29.29077886824105,169.4850023309665,1.6701021479117402,8.684390584255555,0.25
ETS,2025-09-11 00:00:00+00:00,12.884409722222223,False,False,15.966853924896157,19.178315502993012,84.16530195678989,1.2392382941189402,5.018283459157957,0.6527777777777778
ETS,2025-09-12 00:00:00+00:00,11.97099537037037,False,False,8.315903635975408,10.759253495683716,34.451591921711675,0.6946710259832072,2.7422736614670082,0.9722222222222222
ETS,2025-09-13 00:00:00+00:00,17.90605324074074,False,False,10.124802368188861,14.855823937721246,37.63207978354429,0.565440202375385,3.4558318901526985,0.8194444444444444
ETS,2025-09-14 00:00:00+00:00,14.176145833333333,False,False,38.50872699583642,45.90530916104572,72.45450037304022,2.716445460464172,16.208224426707638,0.3055555555555556
ETS,2025-09-15 00:00:00+00:00,15.779490740740739,False,False,9.282414004516776,11.42540010353615,29.430760244813065,0.5882581483159468,2.8773326540139266,0.8333333333333334
ETS,2025-09-16 00:00:00+00:00,12.501087962962963,False,False,19.953827332573365,22.47464968204981,57.46957610072917,1.5961672609368618,6.54703580606805,0.4166666666666667
ETS,2025-09-17 00:00:00+00:00,12.539756944444443,False,False,10.71217097049233,13.979361382885328,51.113576323252005,0.8542566668517608,3.4542416741002953,0.7083333333333334
ETS,2025-09-18 00:00:00+00:00,14.145231481481481,False,False,10.186411611726024,14.461238732507187,23.67644769711026,0.7201304287640519,3.504889647320267,0.8333333333333334
ETS,2025-09-19 00:00:00+00:00,12.568773148148146,False,False,18.52465267611562,20.419865491840646,44.50302527550242,1.4738632369098807,5.618392928844801,0.5833333333333334
ETS,2025-09-20 00:00:00+00:00,7.397951388888888,False,False,10.142438257270356,12.590613071544293,38.459577040729606,1.3709793055011772,3.1944700927868355,0.8888888888888888
ETS,2025-09-21 00:00:00+00:00,14.009953703703705,False,False,19.51409788597686,21.728513783911,135.69528941475738,1.3928738308976758,5.8428578226260734,0.4444444444444444
ETS,2025-09-22 00:00:00+00:00,6.040694444444445,False,False,9.753680446323994,12.994011726543032,34.26970110224736,1.6146621114554698,3.2222825594660076,0.875
ETS,2025-09-23 00:00:00+00:00,9.803368055555556,False,False,22.846226653592804,27.299456422374764,57.88890309067886,2.3304466918026074,7.811446648850768,0.3888888888888889
ETS,2025-09-24 00:00:00+00:00,20.765775462962964,False,False,42.13571368760287,49.59998736737536,75.89734914464104,2.0290941584509814,16.654670822628656,0.20833333333333334
ETS,2025-09-25 00:00:00+00:00,15.485300925925925,False,False,22.768964516598462,27.03497422921093,87.90577316996814,1.4703598351439218,7.263889838761131,0.5
ETS,2025-09-26 00:00:00+00:00,12.802858796296297,False,False,17.379758274093362,21.36406815853051,39.85963733146488,1.357490428553434,5.394275920297145,0.8194444444444444
ETS,2025-09-27 00:00:00+00:00,8.66511574074074,False,False,51.4272894040217,52.65806064857471,101.31696651779059,5.934980090597777,18.05797160298793,0.05555555555555555
ETS,2025-09-28 00:00:00+00:00,7.170092592592592,False,False,9.544629889567725,13.882544035321397,33.67853497075337,1.331172473201847,3.8800828476072957,0.9166666666666666
ETS,2025-09-29 00:00:00+00:00,13.71752314814815,False,False,21.636393240072223,28.014471426436064,76.58976989526258,1.5772813361713272,6.633577906977422,0.7916666666666666
ETS,2025-09-30 00:00:00+00:00,12.950011574074075,False,False,8.841378341852744,10.75221773214502,23.61902634821459,0.6827313080980704,3.710552985029843,1.0
ETS,2025-10-01 00:00:00+00:00,22.369687499999998,False,False,15.435807240121019,18.14749723942105,82.52689024448401,0.6900323144934868,4.7070865554191,0.9444444444444444
ETS,2025-10-02 00:00:00+00:00,15.714699074074073,False,False,13.287312335473429,15.611150481061339,61.9610920484624,0.8455339980002978,4.0895046063092195,0.9722222222222222
ETS,2025-10-03 00:00:00+00:00,19.23453703703704,False,False,10.504537725550204,13.034616039423371,36.881385277792404,0.5461289609062701,3.5715655834872724,0.9305555555555556
ETS,2025-10-04 00:00:00+00:00,12.940219907407405,False,False,14.657487837378259,16.695089516950553,105.24778406292003,1.1327077856681427,4.461081149395819,0.6805555555555556
ETS,2025-10-05 00:00:00+00:00,11.617731481481481,False,False,21.889546698478025,25.151975876259197,149.97814183280704,1.8841498216213457,7.412330940909231,0.375
ETS,2025-10-06 00:00:00+00:00,13.979884259259258,False,False,20.70942713960018,24.70131855518467,97.84591474596408,1.4813732900459289,6.734111030284506,0.5
ETS,2025-10-07 00:00:00+00:00,16.990526620370375,False,False,15.603659698655413,18.231483490144356,38.19377539316276,0.9183741061885503,4.516667523936944,0.6944444444444444
ETS,2025-10-08 00:00:00+00:00,15.330381944444444,False,False,15.006339486786636,18.846111013641956,39.72054403886856,0.9788627276977117,4.786688230704477,0.75
ETS,2025-10-09 00:00:00+00:00,13.605879629629632,False,False,33.350187686656376,35.6660761317485,63.25255437058238,2.4511599833670004,11.480040725482882,0.1527777777777778
ETS,2025-10-10 00:00:00+00:00,14.625069444444446,False,False,20.02004818648782,22.929299732828817,47.68680110902853,1.3688856837594532,5.920794068937717,0.5694444444444444
ETS,2025-10-11 00:00:00+00:00,14.75380787037037,False,False,80.58770766588188,83.02878545720924,118.41620059928492,5.462163285162725,34.71959856932906,0.0
ETS,2025-10-12 00:00:00+00:00,16.312592592592594,False,False,19.85164601216872,23.495980479838178,87.79878831859695,1.2169522348754778,6.483215177897997,0.6111111111111112
ETS,2025-10-13 00:00:00+00:00,22.042025462962965,False,False,36.030337272574826,38.52810451399815,62.20995032861656,1.6346200730561857,11.94328148179948,0.25
ETS,2025-10-14 00:00:00+00:00,13.35359375,False,False,12.298262408801378,15.04479917554646,79.69119753794509,0.9209702376037445,4.171851364750483,0.9305555555555556
ETS,2025-10-15 00:00:00+00:00,18.150462962962962,False,False,6.806712432074051,9.22376171942715,26.708515205419914,0.37501591259482087,3.458413650399373,1.0
ETS,2025-10-16 00:00:00+00:00,25.637511574074075,False,False,21.895746323665012,26.32347931194372,162.14195326736905,0.8540511531472921,6.491612433627753,0.8194444444444444
ETS,2025-10-17 00:00:00+00:00,19.867476851851855,False,False,60.267827593798785,63.64554872608807,187.7433546735433,3.033491773676394,21.404457959793902,0.125
ETS,2025-10-18 00:00:00+00:00,13.779050925925926,False,False,13.88611881414479,18.471185674712228,69.59058834511634,1.0077703383777623,4.894619080033727,0.9444444444444444
ETS,2025-10-19 00:00:00+00:00,23.621006944444446,False,False,42.76325168816892,49.025969682187934,157.92562375011795,1.8103907165662405,14.982741703340743,0.3888888888888889
ETS,2025-10-20 00:00:00+00:00,40.448182870370374,False,False,19.103899344083903,22.324556120125635,121.01076333611766,0.47230550270474914,5.61503530334823,0.8472222222222222
ETS,2025-10-21 00:00:00+00:00,16.331168981481483,False,False,33.20311015657022,41.55204803535115,104.20634997200342,2.0331128894827097,10.810295424833852,0.4027777777777778
ETS,2025-10-22 00:00:00+00:00,20.50655092592593,False,False,216.44961097565135,297.6518431426804,141.6188052133137,10.555144634390926,100.03432760756543,0.06944444444444445
ETS,2025-10-23 00:00:00+00:00,18.201620370370367,False,False,53.779372420174795,58.16497085527631,93.20453928013292,2.9546475163123342,17.5680595693688,0.20833333333333334
ETS,2025-10-24 00:00:00+00:00,17.438587962962963,False,False,39.41087898228578,43.197103660332345,163.1122542985892,2.2599810871148964,11.660495099122992,0.5833333333333334
ETS,2025-10-25 00:00:00+00:00,29.684907407407408,False,False,66.5811593750148,70.30971108421504,182.50359535858692,2.242929663253742,22.69861753136686,0.18055555555555555
ETS,2025-10-26 00:00:00+00:00,27.72028935185185,False,False,25.58698781042044,28.734670407408036,82.10246752476031,0.9230418732519869,7.4142841721986805,0.9027777777777778
ETS,2025-10-27 00:00:00+00:00,37.07189814814814,False,False,22.925256447875583,27.34883622490369,46.483911868502204,0.6183998552289066,6.926970457715865,0.9166666666666666
ETS,2025-10-28 00:00:00+00:00,31.069247685185182,False,False,102.27015564636774,106.88238770089582,141.66784972195683,3.2916843266576246,39.83543725774316,0.0
ETS,2025-10-29 00:00:00+00:00,42.35157407407408,False,False,71.60596637852608,76.30818824371283,165.4512325787035,1.6907510038064997,24.725125897323892,0.1388888888888889
ETS,2025-10-30 00:00:00+00:00,22.793622685185184,False,False,30.722945272441493,34.186323770488585,133.5086541505066,1.3478746093489564,8.790377791094347,0.6805555555555556
ETS,2025-10-31 00:00:00+00:00,27.726145833333334,False,False,14.283436744765964,17.82256861346187,61.87808997249289,0.515161278838616,5.174090739881339,0.9861111111111112
ETS,2025-11-01 00:00:00+00:00,18.29991898148148,False,False,36.684582334436904,40.74824725843602,149.23904080787088,2.0046308604731915,11.068130268082479,0.4722222222222222
ETS,2025-11-02 00:00:00+00:00,21.35304398148148,False,False,14.866921907726729,20.40953129051389,85.61140826791694,0.6962436793845472,5.5431820036762325,0.9444444444444444
ETS,2025-11-03 00:00:00+00:00,33.91616898148148,False,False,16.623369596230365,21.485852554957738,94.11430460158594,0.49013111136776283,5.795837254167313,0.875
ETS,2025-11-04 00:00:00+00:00,21.33646990740741,False,False,14.812985352212912,18.491552787467207,108.28909662798702,0.6942566139804724,5.125357378587657,0.9861111111111112
ETS,2025-11-05 00:00:00+00:00,27.436886574074077,False,False,21.1811351463903,27.86541016830353,122.90356157321915,0.7719948504071515,6.974777729740478,0.8055555555555556
ETS,2025-11-06 00:00:00+00:00,11.70070601851852,False,False,46.4765313321981,48.46578210021554,90.94549480266595,3.972113414236751,14.573731241038617,0.18055555555555555
ETS,2025-11-07 00:00:00+00:00,32.83537037037038,False,False,23.470512656911108,34.23862649971274,116.18195160856686,0.7147936019046757,8.009278027768508,0.8611111111111112
ETS,2025-11-08 00:00:00+00:00,25.559421296296293,False,False,84.01637819190526,88.9603035093367,110.51894687517338,3.287100174059094,32.28347891891739,0.06944444444444445
ETS,2025-11-09 00:00:00+00:00,25.30513888888889,False,False,43.104534339515276,49.361710049951554,160.49760956551248,1.7033905456429577,13.370178366164629,0.5138888888888888
ETS,2025-11-10 00:00:00+00:00,24.95175925925926,False,False,29.72272295326796,36.46845814664313,144.51136602337968,1.1912075074320967,9.068794358953594,0.8055555555555556
ETS,2025-11-11 00:00:00+00:00,6.010625,False,False,9.821464111664588,12.602003274283577,101.98310004563882,1.634017113305952,4.947229284372423,1.0
ETS,2025-11-12 00:00:00+00:00,11.540023148148148,False,False,47.69948153746232,50.66110482732714,191.93347844505482,4.133395654853323,13.287107702736465,0.4861111111111111
ETS,2025-11-13 00:00:00+00:00,18.470023148148147,False,False,14.9400101214032,18.296674779817053,64.57334315395863,0.8088787979077938,5.873317047245865,1.0
ETS,2025-11-14 00:00:00+00:00,26.308391203703703,False,False,15.671063026438654,18.613470661765255,85.9920242528446,0.5956678576465929,5.781170599959123,1.0
ETS,2025-11-15 00:00:00+00:00,36.42067129629629,False,False,11.516275196434004,13.69588842496241,123.65394761808612,0.31620161810705344,4.587232465551739,1.0
ETS,2025-11-16 00:00:00+00:00,29.978449074074074,False,False,30.193560877300243,34.61413880408599,138.46638815882466,1.0071755480977234,9.065980492107778,0.6111111111111112
ETS,2025-11-17 00:00:00+00:00,18.24554398148148,False,False,26.928427851347262,30.202364919945044,71.01398650988,1.4758906546540116,8.359263790974728,0.4861111111111111
ETS,2025-11-18 00:00:00+00:00,54.36366898148148,False,False,34.07061498057412,51.88075045376592,88.6299147010609,0.6267166219443353,12.984625160990817,0.5277777777777778
ETS,2025-11-19 00:00:00+00:00,42.682905092592584,False,False,59.803281065868,64.14302628871205,68.51623608549502,1.401106155640905,21.813482545013922,0.1388888888888889
ETS,2025-11-20 00:00:00+00:00,27.63351851851852,False,False,24.494343822719365,33.61279013771266,46.48642238992464,0.8863997469704972,8.331330028123931,0.7777777777777778
ETS,2025-11-21 00:00:00+00:00,15.819236111111113,False,False,28.922961749998194,30.93296014641893,158.1763984861866,1.8283412389099678,7.914512973403515,0.9305555555555556
ETS,2025-11-22 00:00:00+00:00,40.30236111111111,False,False,13.773457710599242,17.776053413737788,29.05446115507473,0.3417531214269723,5.493262873895898,0.9861111111111112
ETS,2025-11-23 00:00:00+00:00,20.285462962962963,False,False,25.595717646330836,29.981786750092077,67.14370918534588,1.2617763613807234,7.920618639057072,0.9027777777777778
ETS,2025-11-24 00:00:00+00:00,18.166030092592592,False,False,46.99897244443048,51.526667559105555,165.0335213037407,2.587190057754823,13.764470472342767,0.3888888888888889
ETS,2025-11-25 00:00:00+00:00,43.79054398148148,False,False,28.79880022272769,35.96425197395695,59.37422560608972,0.6576488347554297,9.062359183598112,0.7638888888888888
ETS,2025-11-26 00:00:00+00:00,39.472071759259265,False,False,50.36267398464862,58.462365310396734,121.55682293668295,1.2759065268175256,17.179028873634255,0.4861111111111111
ETS,2025-11-27 00:00:00+00:00,13.770243055555556,False,False,20.790904244662276,23.31662310421523,97.08469268182185,1.50984293892142,6.4472326820443655,1.0
ETS,2025-11-28 00:00:00+00:00,18.528738425925926,False,False,12.012806646673436,14.777444684321997,112.95239813128563,0.6483337597267164,4.867849927024475,1.0
ETS,2025-11-29 00:00:00+00:00,46.82982638888889,False,False,25.639952970354088,28.843357851250648,155.74754349689897,0.5475133039664134,7.292598632002613,0.8611111111111112
ETS,2025-11-30 00:00:00+00:00,25.589131944444446,False,False,32.48213406237383,40.18413989160424,136.44459565487784,1.2693722527553692,10.066687163912539,0.7222222222222222
ETS,2025-12-01 00:00:00+00:00,36.573125000000005,False,False,22.154931247393154,28.09584233292416,34.71521843596659,0.6057708015761069,7.163405342949907,0.8611111111111112
ETS,2025-12-02 00:00:00+00:00,69.59319444444444,False,False,85.57208788598216,97.49613359763822,107.62359328965599,1.2296042532476867,30.955828036405183,0.1388888888888889
ETS,2025-12-03 00:00:00+00:00,21.03315972222222,False,False,22.931509166889626,28.95824798653022,105.049338775336,1.090255076733038,7.845060657012326,0.9444444444444444
ETS,2025-12-04 00:00:00+00:00,24.26384259259259,False,False,33.17499249365602,41.878661167815274,90.42084504411717,1.3672604562553452,11.51476922861693,0.9722222222222222
ETS,2025-12-05 00:00:00+00:00,33.67545717592592,False,False,69.17124588914959,75.37067114435054,91.56775103851784,2.0540551395572164,18.637049209925724,0.8055555555555556
ETS,2025-12-06 00:00:00+00:00,35.794317129629626,False,False,23.849771097627993,28.199048401387095,63.877683038782884,0.6663004915348911,9.901344870568296,1.0
ETS,2025-12-07 00:00:00+00:00,22.03747685185185,False,False,13.489108432084613,17.57996891829374,47.32771185447415,0.6120985865471754,8.229446476063622,1.0
ETS,2025-12-08 00:00:00+00:00,28.71826388888889,False,False,14.803868784386099,17.787750739157733,49.64069088703924,0.5154862021486515,8.13650235860492,1.0
ETS,2025-12-09 00:00:00+00:00,79.52473379629629,False,False,10.286803364272023,14.045952938239266,54.08962768481067,0.1293535089425362,6.467419505142982,1.0
ETS,2025-12-10 00:00:00+00:00,25.7221875,False,False,10.51662505477556,15.466051643710069,100.01216877068453,0.40885422574481894,4.479513831811485,0.9583333333333334
ETS,2025-12-11 00:00:00+00:00,36.84158564814815,False,False,29.79475310711554,34.11258064198225,101.80996471900995,0.8087261333338724,8.440176982630804,0.6666666666666666
ETS,2025-12-12 00:00:00+00:00,20.148663194444445,False,False,17.385291129211065,23.335066693416273,99.41637492304147,0.8628508482887679,5.723363253165676,0.8194444444444444
ETS,2025-12-13 00:00:00+00:00,19.73253472222222,False,False,14.068925470666787,17.866257656333044,79.63818819700055,0.7129811587166632,4.6398822493919,0.9861111111111112
ETS,2025-12-14 00:00:00+00:00,28.067824074074075,False,False,40.079787513246906,50.50354556389926,105.08003474115388,1.427962046771846,14.239108370999647,0.4166666666666667
ETS,2025-12-15 00:00:00+00:00,88.14015046296295,False,False,96.62287286677582,122.34586425798965,109.24633135957573,1.0962412970621982,40.04346068563878,0.05555555555555555
ETS,2025-12-16 00:00:00+00:00,7.9099652777777765,False,False,17.39535754711249,20.484913082460118,86.73273012941412,2.1991698997697164,7.792854191400161,1.0
ETS,2025-12-17 00:00:00+00:00,36.782916666666665,False,False,26.771210815985736,32.98777028102197,103.40836590501736,0.72781642246022,11.975604373151603,0.7638888888888888
ETS,2025-12-18 00:00:00+00:00,18.905335648148153,False,False,37.97397832265362,49.82723699915072,116.25830271992332,2.0086381447754573,13.150652371301879,0.8611111111111112
ETS,2025-12-19 00:00:00+00:00,23.632916666666667,False,False,17.711404309258786,22.215337556456703,103.69457759579619,0.7494379368857188,9.750227775358306,0.9861111111111112
ETS,2025-12-20 00:00:00+00:00,17.76171296296296,False,False,18.791088462782252,21.672007117024734,109.81995712977168,1.0579547424263507,9.950405322555048,0.9722222222222222
ETS,2025-12-21 00:00:00+00:00,18.17896990740741,False,False,24.869401784158153,30.5204989375387,104.45701454714447,1.3680314072154651,10.966366259507089,0.9305555555555556
ETS,2025-12-22 00:00:00+00:00,101.52644675925927,False,False,24.80176113636758,30.75900288917888,121.05805746048132,0.24428867480389435,8.972714811239177,0.9722222222222222
ETS,2025-12-23 00:00:00+00:00,22.481203703703706,False,False,16.18895155183641,26.002718137065166,111.86768372732921,0.7201105316780406,5.9151078273082645,0.8055555555555556
ETS,2025-12-24 00:00:00+00:00,34.32805555555555,False,False,198.17888313996804,254.06043246030512,152.04966692111537,5.7730879285965075,91.12864395774939,0.1527777777777778
ETS,2025-12-25 00:00:00+00:00,12.023530092592592,False,False,14.999344166044327,18.32468408849417,111.99624967433239,1.2474991995308484,4.444349568784738,0.9027777777777778
ETS,2025-12-26 00:00:00+00:00,21.210729166666667,False,False,23.870928985433153,27.006050355347472,155.76682478938477,1.125417650560881,6.674980672224206,0.5694444444444444
ETS,2025-12-27 00:00:00+00:00,10.18861111111111,False,False,9.120125515650122,12.067251539217793,109.15461122161562,0.8951294161874763,3.269313912772919,0.9722222222222222
ETS,2025-12-28 00:00:00+00:00,22.232141203703705,False,False,24.868675662567956,28.566215080487442,169.98505923920692,1.1185911170096843,7.703049322189176,0.4444444444444444
ETS,2025-12-29 00:00:00+00:00,25.714479166666663,False,False,43.471551406565226,49.04584441050393,183.71819721497857,1.6905476142373834,16.380406779311272,0.1388888888888889
ETS,2025-12-30 00:00:00+00:00,34.40138888888889,False,False,46.89099778697304,54.690750178537535,82.09498433493417,1.363055367863886,17.784572104611946,0.25
ETS,2025-12-31 00:00:00+00:00,21.10957175925926,False,False,21.417833420385605,23.693464519512236,97.90185479348605,1.014602932955811,5.949773907259941,0.8055555555555556
ETS,2026-01-01 00:00:00+00:00,17.20872685185185,False,False,8.78433208533394,10.810359013893617,32.63539472510404,0.5104579880288267,3.7175257216203796,0.9861111111111112
ETS,2026-01-02 00:00:00+00:00,11.871331018518518,False,False,4.986711449630985,6.450854483748494,100.19792957798848,0.4200633814230294,3.092930140808168,1.0
ETS,2026-01-03 00:00:00+00:00,11.644849537037036,False,False,12.850323872337883,14.791203963355592,121.31260502419916,1.1035199580266601,4.457012160718565,1.0
ETS,2026-01-04 00:00:00+00:00,13.408275462962962,False,False,19.07757322045219,21.803848872231846,100.06017051453726,1.4228207999715743,5.503321800340426,0.9861111111111112
ETS,2026-01-05 00:00:00+00:00,24.661863425925926,False,False,5.320751032112399,6.4001308057407815,68.70878748861048,0.21574813468956808,2.9766013544999166,1.0
ETS,2026-01-06 00:00:00+00:00,23.47164351851852,False,False,22.22777031690488,28.798469755250736,111.61036069598651,0.9470052789174199,7.281870163363576,0.6805555555555556
ETS,2026-01-07 00:00:00+00:00,21.52386574074074,False,False,21.913948848883038,24.929903387980403,81.43922227090702,1.0181232829102786,6.431993185097139,0.5
ETS,2026-01-08 00:00:00+00:00,18.982453703703705,False,False,17.370783978105365,22.667892345579315,106.5604723634396,0.9150968704702341,5.352566528798005,0.75
ETS,2026-01-09 00:00:00+00:00,30.61946759259259,False,False,33.0471074972915,37.43068725970292,150.44114479303587,1.0792841971323563,11.031426974185065,0.3055555555555556
ETS,2026-01-10 00:00:00+00:00,14.342824074074075,False,False,10.793386097091032,12.862296927571808,118.95483714053523,0.7525286541442723,3.7736217050315055,0.9722222222222222
ETS,2026-01-11 00:00:00+00:00,17.911319444444445,False,False,15.252333648062915,19.757854888267218,73.76969570863356,0.8515471847493477,4.930259962109024,0.9027777777777778
ETS,2026-01-12 00:00:00+00:00,25.223206018518518,False,False,16.830738790439,22.290554238692756,54.110614084642506,0.6672719866809204,5.566202680545822,0.8888888888888888
ETS,2026-01-13 00:00:00+00:00,10.350763888888888,False,False,9.84585738026759,12.389949285559512,49.353983742128605,0.9512203626668275,4.0258042612427145,0.9861111111111112
ETS,2026-01-14 00:00:00+00:00,20.590601851851854,False,False,8.752787353468445,11.106571631888174,85.94902439638831,0.425086523281069,3.7678944498478746,1.0
ETS,2026-01-15 00:00:00+00:00,18.313819444444444,False,False,23.233385254242908,29.413589915853574,125.20040095510478,1.2686258770171959,7.346524119038907,0.7083333333333334
ETS,2026-01-16 00:00:00+00:00,35.55108796296296,False,False,13.321487858797155,15.809060419884727,116.69697538134463,0.37471392922420405,4.333215827064161,1.0
ETS,2026-01-17 00:00:00+00:00,11.657141203703702,False,False,10.110090492068624,13.807554480547836,76.60826570138887,0.8672872975799976,3.7657632494965108,0.9722222222222222
ETS,2026-01-18 00:00:00+00:00,18.301412037037036,False,False,13.467996181595371,19.683092941953696,91.28737003017223,0.7358992931441488,4.792942949149068,0.8333333333333334
ETS,2026-01-19 00:00:00+00:00,21.47127314814815,False,False,35.80508314975912,50.72754172388259,124.28771594217365,1.667580813802242,14.420951958451289,0.7083333333333334
ETS,2026-01-20 00:00:00+00:00,26.999039351851852,False,False,40.25892709731753,50.93152181009922,131.1162511554973,1.4911244275273146,14.280221936336359,0.4027777777777778
ETS,2026-01-21 00:00:00+00:00,16.780833333333334,False,False,17.37006013794699,23.07113148450453,96.58610375915234,1.035113083653791,5.751889534420402,0.8888888888888888
ETS,2026-01-22 00:00:00+00:00,24.95273148148148,False,False,25.733063125361884,44.47989948439271,74.85162842019055,1.0312723937441288,10.199976644452525,0.8472222222222222
ETS,2026-01-23 00:00:00+00:00,32.32828703703703,False,False,25.85134521656864,30.030627507418977,69.1159110263962,0.7996509430565233,7.4744286122444725,0.8472222222222222
ETS,2026-01-24 00:00:00+00:00,94.17333333333333,False,False,100.20434711141144,139.1710046546885,140.1349573618846,1.064041630094274,42.625384834080286,0.4722222222222222
ETS,2026-01-25 00:00:00+00:00,118.38245370370367,False,False,408.83346851454803,442.1868232859998,114.5617451284184,3.4534971672221504,184.59976418601764,0.013888888888888888
ETS,2026-01-26 00:00:00+00:00,305.5712615740741,False,False,245.0943285598878,316.3453889124838,91.5376688433578,0.8020856650502588,102.0951134061961,0.18055555555555555
ETS,2026-01-27 00:00:00+00:00,63.59155092592592,False,False,62.96149681755737,77.68708119910987,54.786723081641064,0.9900921726362285,23.455071703184,0.9583333333333334
ETS,2026-01-28 00:00:00+00:00,201.86112268518522,False,False,142.5861175875558,243.81101244925975,74.76218756597012,0.7063574981197721,54.44141363725686,0.8888888888888888
ETS,2026-01-29 00:00:00+00:00,24.277118055555558,False,False,68.39053308696165,80.40881643025345,141.89162803490518,2.817077913879947,31.757109092841535,1.0
ETS,2026-01-30 00:00:00+00:00,28.19950231481481,False,False,53.080292358194754,59.3918532913568,113.27621284921933,1.8823130906926908,31.91835145562078,1.0
ETS,2026-01-31 00:00:00+00:00,84.77512731481481,False,False,44.736483271889,56.00542894149407,92.69431805469517,0.5277076506857821,30.165760787142535,1.0
ETS,2026-02-01 00:00:00+00:00,106.90381944444444,False,False,56.63882864313967,89.03287339423464,67.11697215956772,0.5298110856794375,31.918535953762344,0.9861111111111112
ETS,2026-02-02 00:00:00+00:00,305.676875,False,False,72.56945376092102,86.508346248576,164.737366390873,0.23740576960858104,31.425625945365002,1.0
ETS,2026-02-03 00:00:00+00:00,85.57872685185185,False,False,40.208199287028606,46.46609880473788,149.86256497149392,0.4698387177064966,22.36064541925202,1.0
ETS,2026-02-04 00:00:00+00:00,198.71862268518518,False,False,29.33189738625709,41.03736901794905,100.1880775107037,0.14760517655522093,17.29067327296323,1.0
ETS,2026-02-05 00:00:00+00:00,14.548518518518518,False,False,25.070138908617746,29.25942635051329,129.34905286958357,1.7232090591702838,11.340088759061928,1.0
ETS,2026-02-06 00:00:00+00:00,25.65394675925926,False,False,16.895228036664005,22.559364577297213,48.88894110720895,0.6585820184009707,9.774766377007275,1.0
ETS,2026-02-07 00:00:00+00:00,23.650266203703705,False,False,22.00090464066706,28.037841988223807,98.19469324927445,0.9302603383475511,10.575072157837068,1.0
ETS,2026-02-08 00:00:00+00:00,99.05208333333333,False,False,20.953751751931325,24.76716608977544,117.79137457595468,0.21154276666162658,8.60347757608852,1.0
ETS,2026-02-09 00:00:00+00:00,27.02111111111111,False,False,13.662119117361703,17.835273421378062,51.223049852315505,0.5056090795520183,4.320079240381844,0.8472222222222222
ETS,2026-02-10 00:00:00+00:00,18.865972222222222,False,False,22.667621100099414,27.8885112238438,101.971818635639,1.201508241032987,6.9703926215205305,0.5694444444444444
ETS,2026-02-11 00:00:00+00:00,7.56994212962963,False,False,18.396191439550645,20.29947251135157,133.68728488661955,2.4301627574596405,5.240500009306865,0.8472222222222222
ETS,2026-02-12 00:00:00+00:00,15.559560185185186,False,False,7.914710115249672,10.01224219170275,62.24719191534703,0.5086718404023753,3.3483614606629626,1.0
ETS,2026-02-13 00:00:00+00:00,10.538657407407406,False,False,8.533308440884376,10.671006043501224,44.72416462012884,0.809714948593593,3.377135532835178,0.9861111111111112
ETS,2026-02-14 00:00:00+00:00,14.306435185185185,False,False,11.808555803991357,13.906032321743886,89.19653156474914,0.825401691696023,3.938322266111559,0.9444444444444444
ETS,2026-02-15 00:00:00+00:00,10.642488425925926,False,False,8.135100147892746,10.134791421566726,122.62848774009345,0.7643983082072247,3.300441448341959,0.9861111111111112
ETS,2026-02-16 00:00:00+00:00,28.307430555555555,False,False,15.15943742172524,17.637099477104158,103.28220425278217,0.5355285564323351,4.592691378794338,0.7777777777777778
ETS,2026-02-17 00:00:00+00:00,18.25087962962963,False,False,6.890432237639568,8.504761008864657,117.59549161589935,0.3775397338357986,2.4653065327820407,0.9861111111111112
ETS,2026-02-18 00:00:00+00:00,7.208310185185184,False,False,18.42388302628704,20.673142894424664,153.84650181633006,2.5559226161150175,5.617273963676475,0.4305555555555556
ETS,2026-02-19 00:00:00+00:00,13.319722222222222,False,False,12.537772832584002,15.257534620760577,140.80227795195017,0.9412938665992869,3.7141128952801044,0.8194444444444444
ETS,2026-02-20 00:00:00+00:00,11.553854166666667,False,False,11.386261960800956,13.884678904511812,57.18683276452173,0.9854946926412468,3.532702788841918,0.875
ETS,2026-02-21 00:00:00+00:00,15.099421296296295,False,False,16.781903527219377,18.80620048829415,98.18782642255199,1.1114269347088006,4.831993306313883,0.7222222222222222
ETS,2026-02-22 00:00:00+00:00,16.93173611111111,False,False,21.951007201974512,25.696050743668554,147.56483473283518,1.296441608700103,6.953612923064821,0.5555555555555556
ETS,2026-02-23 00:00:00+00:00,4.224386574074073,False,False,7.396493771159082,8.495660755982467,85.99518009092506,1.7509036262336601,2.821596274433593,0.9861111111111112
ETS,2026-02-24 00:00:00+00:00,8.345173611111111,False,False,14.34738629403396,16.505366180499276,134.61096759084927,1.7192435966738011,4.269853061774637,0.8888888888888888
ETS,2026-02-25 00:00:00+00:00,14.710289351851852,False,False,16.073560559596544,20.443099179015437,151.51257996108026,1.0926746697591692,5.006196810206124,0.7222222222222222
ETS,2026-02-26 00:00:00+00:00,19.328344907407406,False,False,14.20010665010954,19.217574373060632,55.30410035271376,0.7346778380733201,4.694948712011894,0.875
ETS,2026-02-27 00:00:00+00:00,13.101145833333332,False,False,28.209831081896198,29.264484692614737,110.81835820131585,2.1532338805146143,7.693103559726301,0.3611111111111111
ETS,2026-02-28 00:00:00+00:00,11.75699074074074,False,False,15.30618706649307,17.23861724218753,104.15510974432725,1.3018796564543962,4.455949849841931,0.9305555555555556
ETS,2026-03-01 00:00:00+00:00,10.44976851851852,False,False,6.321051562324351,7.9213761077774825,76.28706728849903,0.6048987162847218,2.7823109652085907,1.0
ETS,2026-03-02 00:00:00+00:00,14.42292824074074,False,False,22.209205615195803,24.327666170305566,128.13179260718087,1.5398541297918273,6.357495472619019,0.6527777777777778
ETS,2026-03-03 00:00:00+00:00,17.70898148148148,False,False,8.591552575613168,10.329861065764215,84.10585317362082,0.48515227059204225,3.0709194586146773,0.9722222222222222
ETS,2026-03-04 00:00:00+00:00,23.211018518518514,False,False,7.852250455342831,10.313627160901392,24.988681225177977,0.33829840121311555,2.9953289048379,0.9722222222222222
ETS,2026-03-05 00:00:00+00:00,12.803645833333334,False,False,22.631696245814453,25.27208644194984,91.8948147709896,1.7675978030331427,6.834990490146421,0.5
ETS,2026-03-06 00:00:00+00:00,14.406371527777777,False,False,17.884007693574027,19.437714640379482,162.7971449682429,1.2413957018317079,5.133516754399114,0.625
ETS,2026-03-07 00:00:00+00:00,12.830868055555555,False,False,18.97760745870668,23.278733970500667,134.2970418281204,1.4790587337144103,5.832142476990119,0.7083333333333334
ETS,2026-03-08 00:00:00+00:00,30.940879629629624,False,False,25.56039099115097,37.561949266166884,69.83381233617013,0.8261042121980855,8.996842146593417,0.6527777777777778
ETS,2026-03-09 00:00:00+00:00,16.02903935185185,False,False,16.114948313863195,20.170176631524125,100.95392807552854,1.0053595827002209,5.113686889408149,0.9027777777777778
ETS,2026-03-10 00:00:00+00:00,14.835335648148149,False,False,28.292725766051902,36.87611283174127,105.36939494774316,1.9071173337142258,8.65081148854287,0.6944444444444444
ETS,2026-03-11 00:00:00+00:00,22.641238425925923,False,False,16.679470035616944,19.99260340810057,121.58995870342757,0.7366854110116916,5.413816584874767,1.0
ETS,2026-03-12 00:00:00+00:00,9.274131944444443,False,False,30.976277524710593,34.23961166901976,181.69870747677385,3.3400729804439067,8.07484500503701,0.875
ETS,2026-03-13 00:00:00+00:00,5.599207175925926,False,False,12.758485387360421,16.396092732371883,146.20624253445138,2.2786235598168565,4.760736147589521,0.9722222222222222
ETS,2026-03-14 00:00:00+00:00,19.878553240740743,False,False,27.59833687713299,29.875436059748505,105.05786095744602,1.388347358225783,7.500096907228346,0.7361111111111112
ETS,2026-03-15 00:00:00+00:00,37.76217592592593,False,False,7.985335867793954,9.85862589331636,70.11170028878246,0.21146387018210877,3.5956062965327784,1.0
ETS,2026-03-16 00:00:00+00:00,15.232303240740741,False,False,24.398408233292287,33.01504473698261,126.33135291252253,1.60175436686657,7.925288307185205,0.625
ETS,2026-03-17 00:00:00+00:00,31.302499999999995,False,False,76.38912397810864,80.9165720535258,142.624204873369,2.4403521756443944,30.349797152998473,0.041666666666666664
ETS,2026-03-18 00:00:00+00:00,18.16048611111111,False,False,21.319820625089633,24.25743349349345,172.7396828214012,1.1739675080638703,6.713875047727104,0.9583333333333334
ETS,2026-03-19 00:00:00+00:00,11.199664351851851,False,False,27.06874382109735,28.370953350309698,143.92380855457304,2.4169245586919366,8.402261743694302,1.0
ETS,2026-03-20 00:00:00+00:00,7.619317129629631,False,False,12.051278637384424,14.589189731712388,90.37837903479833,1.5816743721717523,5.88278746089107,1.0
ETS,2026-03-21 00:00:00+00:00,14.839513888888892,False,False,7.783551544924778,10.962151464233967,70.07646900593974,0.5245152639907379,5.038461540191396,1.0
ETS,2026-03-22 00:00:00+00:00,7.386874999999999,False,False,11.595065397805728,14.461217546037858,129.67160832115522,1.5696847987553233,5.58642057198739,1.0
ETS,2026-03-23 00:00:00+00:00,11.993553240740741,False,False,27.435774312377095,34.04562930087099,144.0019557690488,2.287543462864773,8.599434022094886,0.9444444444444444
ETS,2026-03-24 00:00:00+00:00,70.64513888888888,False,False,73.13897325158888,153.83055205970976,69.63730028178236,1.0353008629032823,28.688115751750207,0.5416666666666666
ETS,2026-03-25 00:00:00+00:00,14.597534722222223,False,False,30.12808495384277,36.59327987121502,131.43581176443269,2.063915964383902,11.61984347304916,0.9583333333333334
ETS,2026-03-26 00:00:00+00:00,10.433460648148149,False,False,12.301758630159798,21.424382521197447,85.29913348085327,1.179067909010924,10.910832512722036,1.0
ETS,2026-03-27 00:00:00+00:00,9.769479166666667,False,False,19.60216409720197,25.775778985677153,132.6725055369585,2.0064697168385695,12.14789958773342,1.0
ETS,2026-03-28 00:00:00+00:00,12.610729166666665,False,False,27.602866500151585,34.943444860500335,143.07431805447862,2.1888398470338193,13.483304836246495,1.0
ETS,2026-03-29 00:00:00+00:00,7.557974537037037,False,False,27.49654194726749,33.26442491036648,148.87339274173945,3.6380834326079907,13.480586106349014,1.0
ETS,2026-03-30 00:00:00+00:00,18.776840277777776,False,False,13.46201063182188,24.182755453780143,122.69264845536148,0.7169476031467366,11.14843588336583,1.0
ETS,2026-03-31 00:00:00+00:00,95.03800925925925,False,False,33.276718788486136,36.1279047557797,172.51857982507778,0.35014115981437277,11.67699696820892,1.0
ETS,2026-04-01 00:00:00+00:00,21.40883101851852,False,False,25.09992998438809,31.577084337769335,149.34894351043232,1.1724101125688176,8.369389144731946,0.5416666666666666
ETS,2026-04-02 00:00:00+00:00,23.352314814814815,False,False,14.791739975261116,20.25909368580677,67.08940311291158,0.6334164339835453,4.751263608601914,0.8333333333333334
ETS,2026-04-03 00:00:00+00:00,10.264780092592591,False,False,12.001827701637984,15.675265627381714,125.06663416995023,1.1692240450722275,3.9159340875962645,0.8888888888888888
ETS,2026-04-04 00:00:00+00:00,25.355775462962963,False,False,28.20735257384076,33.65188494062902,108.9199668859924,1.112462626711736,8.90174816877575,0.5277777777777778
ETS,2026-04-05 00:00:00+00:00,18.179039351851852,False,False,18.188482677284068,20.69083483527664,143.5817428362652,1.0005194622911278,5.095436384986979,0.7916666666666666
ETS,2026-04-06 00:00:00+00:00,26.292743055555555,False,False,13.09662245148702,14.960777299606093,94.28546905209258,0.4981078780488731,4.2172885573931,0.8888888888888888
ETS,2026-04-07 00:00:00+00:00,16.517430555555556,False,False,18.189345884508285,19.983663451672015,85.49447272471019,1.1012212718757513,4.958284596868846,0.875
ETS,2026-04-08 00:00:00+00:00,12.081863425925924,False,False,9.40853704798602,11.804923935414871,70.56029658066349,0.7787322796412899,3.2455156698161205,0.9722222222222222
ETS,2026-04-09 00:00:00+00:00,24.245787037037037,False,False,15.408916889586884,20.954507410945986,94.16286233482771,0.6355296640215782,5.354709868520949,0.8333333333333334
ETS,2026-04-10 00:00:00+00:00,13.897326388888889,False,False,25.111058911486754,28.054025636787614,134.6233396015779,1.806898550757461,7.973775627213253,0.4166666666666667
ETS,2026-04-11 00:00:00+00:00,18.45196759259259,False,False,23.304471283371313,26.861289102160896,128.28717797302272,1.2629802847001923,6.696196168842132,0.5694444444444444
ETS,2026-04-12 00:00:00+00:00,27.841828703703708,False,False,38.879166097142246,49.76159323044332,99.56914006217197,1.396430044552723,13.94922079860425,0.3611111111111111
ETS,2026-04-13 00:00:00+00:00,28.005555555555556,False,False,12.678328511373497,15.419577346297624,113.73901723370632,0.45270762389351904,4.5159505862549905,0.9722222222222222
ETS,2026-04-14 00:00:00+00:00,19.171122685185185,False,False,19.363951295090043,21.250943343095614,118.10185090891734,1.010058284695756,6.347770301159912,0.9861111111111112
ETS,2026-04-15 00:00:00+00:00,13.328344907407407,False,False,19.482381942722235,23.173087826424073,109.13800270009186,1.4617255239166747,6.336273261484849,1.0
ETS,2026-04-16 00:00:00+00:00,15.951504629629628,False,False,17.472175501494128,22.452619330013597,112.22282000325241,1.095330873618021,6.182440384661073,0.9583333333333334
ETS,2026-04-17 00:00:00+00:00,9.495208333333332,False,False,12.118217680781678,14.45300326238006,130.57978884634525,1.2762455814940004,5.1458711347654535,1.0
ETS,2026-04-18 00:00:00+00:00,15.681099537037035,False,False,9.979138163001823,12.0539440766585,101.24924891797993,0.6363800025267484,4.875646517335844,1.0
ETS,2026-04-19 00:00:00+00:00,23.862974537037037,False,False,19.98186239415368,26.04079503845572,120.21325509722949,0.8373584090759686,6.71827721307546,0.8333333333333334
ETS,2026-04-20 00:00:00+00:00,42.85164351851852,False,False,23.31023716031527,34.948894372467,71.94830586866387,0.5439753355140662,8.211135038373364,0.7361111111111112
ETS,2026-04-21 00:00:00+00:00,37.88981481481481,False,False,26.544806132803757,31.92615918710947,73.67107521002258,0.7005789355936575,7.684888842871719,0.7916666666666666
ETS,2026-04-22 00:00:00+00:00,9.126701388888888,False,False,9.111695386648783,12.697705455246778,66.60969603192952,0.99835581316834,4.216540027499829,1.0
ETS,2026-04-23 00:00:00+00:00,21.557407407407407,False,False,8.772568365812718,10.23518778976085,111.57211289494602,0.4069398606252786,4.157971414164251,1.0
ETS,2026-04-24 00:00:00+00:00,19.027233796296297,False,False,20.126543442143834,38.256065332448614,95.99385282643951,1.0577755893272054,7.9503448508142585,0.9166666666666666
ETS,2026-04-25 00:00:00+00:00,83.94658564814816,False,False,150.52965791021316,183.58959071397928,134.39816799769778,1.79315998081375,63.771350315542,0.013888888888888888
ETS,2026-04-26 00:00:00+00:00,17.95047453703704,False,False,51.96753897772615,55.73001835897417,99.09038317537997,2.895050984334817,15.895724215643261,0.9861111111111112
ETS,2026-04-27 00:00:00+00:00,38.92916666666666,False,False,37.49581392164518,58.91604064917016,163.8566440493747,0.9631804924750984,16.599499226558237,0.9583333333333334
ETS,2026-04-28 00:00:00+00:00,90.53584490740741,False,False,188.00226273594322,205.172106807802,130.8966918136585,2.0765505963766775,59.2450171323286,0.3194444444444444
ETS,2026-04-29 00:00:00+00:00,33.23167824074075,False,False,36.810867232323,50.41434317547623,92.36892346022404,1.107704129946537,17.903676598681443,1.0
ETS,2026-04-30 00:00:00+00:00,39.344965277777774,False,False,35.07691600905824,55.35417287096989,64.39379411021203,0.8915223526418982,19.37636362031276,1.0
ETS,2026-05-01 00:00:00+00:00,31.06582175925926,False,False,37.448565377719305,51.1770416255825,112.82830663151817,1.2054587085422148,19.766709295678165,1.0
ETS,2026-05-02 00:00:00+00:00,99.06234953703705,False,False,122.45087040912738,140.00052817868368,178.4540020875629,1.2360989920125598,34.66147115470475,0.8333333333333334
ETS,2026-05-03 00:00:00+00:00,19.312291666666667,False,False,21.646345457605687,26.349601034470936,126.01405153776817,1.1208584579823655,13.947078052420935,1.0
ETS,2026-05-04 00:00:00+00:00,21.448715277777776,False,False,30.685791131765182,34.374733895455165,165.7751236727729,1.4306587007361509,15.500593955571366,1.0
ETS,2026-05-05 00:00:00+00:00,92.80848379629629,False,False,71.60261704392855,77.6690659587437,181.02769054009835,0.7715093934848443,19.502943526997637,0.9305555555555556
ETS,2026-05-06 00:00:00+00:00,17.578645833333333,False,False,20.72805747224641,26.218530397274098,77.49603670232612,1.1791612203108977,6.537288498791632,0.9861111111111112
ETS,2026-05-07 00:00:00+00:00,16.60119212962963,False,False,21.44295851378541,26.415453305981718,76.33645598638033,1.2916517287643605,6.561701716251146,1.0
ETS,2026-05-08 00:00:00+00:00,13.780983796296296,False,False,16.404966980676306,21.10764434384519,53.76983981823308,1.1904060858909955,6.003002123773263,0.875
ETS,2026-05-09 00:00:00+00:00,30.85199074074074,False,False,29.226625031872054,40.158345513906276,80.2763502823505,0.9473173150307492,8.099044040885298,0.8611111111111112
ETS,2026-05-10 00:00:00+00:00,11.629861111111113,False,False,7.840576457937939,10.190041747847841,71.05311431374747,0.6741762763140042,3.0310347870823424,1.0
ETS,2026-05-11 00:00:00+00:00,15.398796296296297,False,False,13.401093917312885,17.100999133453637,77.24118231405959,0.8702689261845812,4.072671634172561,0.9444444444444444
ETS,2026-05-12 00:00:00+00:00,14.095295138888888,False,False,13.55011625587047,16.467254868117937,66.45058509080032,0.9613219249652836,4.461974222572519,0.7638888888888888
ETS,2026-05-13 00:00:00+00:00,13.792581018518518,False,False,11.054131099039049,12.735897153877545,34.11818398422408,0.8014548607107903,3.7337472234566573,0.8472222222222222
ETS,2026-05-14 00:00:00+00:00,18.03478009259259,False,False,13.431493906363755,15.31948903371833,99.6215949133741,0.7447550697821074,4.095498846670364,0.7916666666666666
ETS,2026-05-15 00:00:00+00:00,20.409641203703707,False,False,14.124868509963417,18.317217332278908,110.21396962246517,0.6920684380968048,4.369917641691627,0.8055555555555556
ETS,2026-05-16 00:00:00+00:00,22.702152777777776,False,False,9.51202572909818,12.135244257440512,102.55733511920846,0.4189922348866016,3.132126886741918,0.9583333333333334
ETS,2026-05-17 00:00:00+00:00,8.22400462962963,False,False,13.432617980776651,14.845666746735445,153.06323570748754,1.6333427065910582,3.8664501172399253,0.8472222222222222
ETS,2026-05-18 00:00:00+00:00,18.14275462962963,False,False,4.871652162937244,6.2093462814893305,87.03031661404954,0.26851777816479766,2.1671942270164277,1.0
ETS,2026-05-19 00:00:00+00:00,12.195399305555554,False,False,23.26849941635544,29.419081515581748,129.20102946664,1.9079735589924955,8.002375380861055,0.4166666666666667
ETS,2026-05-20 00:00:00+00:00,9.013935185185185,False,False,34.93590550733849,36.56074935944664,82.555569736102,3.8757662208129977,12.298298088315427,0.08333333333333333
ETS,2026-05-21 00:00:00+00:00,26.344768518518517,False,False,9.295762177943338,11.373583478357057,25.851932034363656,0.35285040259165956,3.067250291753408,0.9166666666666666
ETS,2026-05-22 00:00:00+00:00,13.070474537037036,False,False,7.909569039794316,10.890793921338576,31.545630427879612,0.6051478098504713,2.828337917269458,0.9583333333333334
ETS,2026-05-23 00:00:00+00:00,18.23252314814815,False,False,4.727027448188384,6.120003849692071,19.377138305880912,0.259263482611758,2.1998444298669795,1.0
ETS,2026-05-24 00:00:00+00:00,14.96025462962963,False,False,6.088273200261109,7.532782766001232,25.432863965687602,0.40696320690979015,2.4028657255903716,1.0
ETS,2026-05-25 00:00:00+00:00,22.23644675925926,False,False,6.062003797670398,7.579712936418111,24.54221095662346,0.2726156684698817,2.4300327745073456,0.9861111111111112
ETS,2026-05-26 00:00:00+00:00,12.064768518518518,False,False,8.632008665749073,11.983816260994262,33.297647159930094,0.7154723816291696,2.988290994105052,0.9027777777777778
ETS,2026-05-27 00:00:00+00:00,29.80622685185185,False,False,29.180724994728784,35.04960144869118,50.45617802472805,0.9790143898376656,10.987095769086205,0.2361111111111111
ETS,2026-05-28 00:00:00+00:00,16.140972222222224,False,False,12.040678683374999,13.860323123776478,36.90720825327066,0.7459698534638384,3.8053562436544865,0.9722222222222222
ETS,2026-05-29 00:00:00+00:00,9.932488425925925,False,False,38.49744739907429,40.042744557347476,87.89739100971752,3.8759116294148095,11.057786069245397,0.3472222222222222
ETS,2026-05-30 00:00:00+00:00,10.644780092592592,False,False,20.749640171649318,24.512589627543253,107.54787076179642,1.9492784248392712,6.028254522251975,0.8888888888888888
ETS,2026-05-31 00:00:00+00:00,6.22925925925926,False,False,25.389285027790308,29.070917505584983,155.59042632281722,4.075811259589383,7.00625604792988,0.7777777777777778
ETS,2026-06-01 00:00:00+00:00,7.080347222222223,False,False,17.567600067089405,20.491852189452796,92.57184027598562,2.4811777608804437,5.408199774027682,0.9305555555555556
Theta,2025-07-01 00:00:00+00:00,25.592407407407407,False,False,18.579263671059696,26.023610160413025,36.44074508898238,0.7259677987809054,6.4952832561797,0.7638888888888888
Theta,2025-07-02 00:00:00+00:00,38.74896990740741,False,False,45.6414414306203,53.06322336681181,61.82440980647041,1.1778749613133663,17.145006897096096,0.2361111111111111
Theta,2025-07-03 00:00:00+00:00,9.429803240740743,False,False,4.941976832411173,5.782496231296178,14.922135050812344,0.5240805885598695,3.350578160689533,1.0
Theta,2025-07-04 00:00:00+00:00,8.454027777777778,False,False,13.41141158327955,16.139695524104415,37.05926110048437,1.5863931295012692,5.410384816831378,0.9861111111111112
Theta,2025-07-05 00:00:00+00:00,18.460520833333334,False,False,8.202319710620252,14.56570755735172,25.121181579320062,0.44431680907993076,4.379525790919648,1.0
Theta,2025-07-06 00:00:00+00:00,14.629305555555554,False,False,11.13530911005564,19.212287837024384,29.076298442842635,0.7611645725607905,5.082151154833487,0.9166666666666666
Theta,2025-07-07 00:00:00+00:00,13.49300925925926,False,False,10.48435354240537,16.955230783339207,27.2491397566358,0.7770211478370349,4.780187275627041,0.9444444444444444
Theta,2025-07-08 00:00:00+00:00,12.906782407407407,False,False,21.187045340031702,30.595742495805425,42.99475193577453,1.6415435444136812,7.552266088843171,0.875
Theta,2025-07-09 00:00:00+00:00,33.95109953703704,False,False,57.60318133606217,60.22032287258195,87.41484874191778,1.6966514228272114,19.94702852636208,0.1388888888888889
Theta,2025-07-10 00:00:00+00:00,17.20474537037037,False,False,32.64523587224604,37.22655150243924,89.56004344434876,1.8974553339491405,10.628758181421583,0.2222222222222222
Theta,2025-07-11 00:00:00+00:00,11.368680555555557,False,False,27.89563889656443,31.678128824252205,134.75573591561232,2.4537270407279244,8.684522123510895,0.4861111111111111
Theta,2025-07-12 00:00:00+00:00,52.02465277777779,False,False,53.070794435441414,99.53002337529391,75.26537736002683,1.020108575488859,21.570171029589357,0.5555555555555556
Theta,2025-07-13 00:00:00+00:00,28.16582175925926,False,False,67.4025058617366,73.10624956672812,82.54906627185176,2.393060157727464,20.896623325420112,0.3611111111111111
Theta,2025-07-14 00:00:00+00:00,8.859305555555556,False,False,18.128347321038696,25.431091989590325,39.52356148118382,2.0462492468916644,8.035399152628875,0.9861111111111112
Theta,2025-07-15 00:00:00+00:00,24.954976851851853,False,False,14.885264779845649,18.780696354152767,73.81444511332445,0.5964848161636762,7.560336489527415,1.0
Theta,2025-07-16 00:00:00+00:00,23.476076388888888,False,False,12.732685211209867,16.611897441017238,99.68738120397579,0.5423685372414355,7.183628053413751,1.0
Theta,2025-07-17 00:00:00+00:00,10.92471064814815,False,False,17.658029063834828,21.336944381373282,95.4301736581193,1.6163383756830252,7.930199703615652,1.0
Theta,2025-07-18 00:00:00+00:00,8.932384259259258,False,False,12.400786263468282,14.888447523736316,71.33694869885238,1.3882952080362752,7.036068508114908,1.0
Theta,2025-07-19 00:00:00+00:00,60.14989583333334,False,False,10.607580278205067,13.83667372415622,83.72056644033043,0.17635242972983922,5.19690853527134,1.0
Theta,2025-07-20 00:00:00+00:00,38.696168981481485,False,False,7.97002271420313,9.592444730393122,54.81154972812943,0.20596412833573471,2.9754633821152545,1.0
Theta,2025-07-21 00:00:00+00:00,10.894560185185188,False,False,10.018010318242947,12.01606211162478,36.73759262548873,0.919542427409396,2.9305004937749035,0.8194444444444444
Theta,2025-07-22 00:00:00+00:00,8.963090277777777,False,False,5.536547128524874,6.644738443524801,48.29130001400983,0.6177051616061099,1.8294789048812394,0.9444444444444444
Theta,2025-07-23 00:00:00+00:00,6.148333333333333,False,False,7.693222708774832,9.792887843792899,40.61813762072257,1.2512696192097856,2.3818399790581672,0.9166666666666666
Theta,2025-07-24 00:00:00+00:00,8.587928240740741,False,False,11.664709163878072,15.29476613907993,56.29482732353155,1.3582681220531423,3.8917112439730785,0.625
Theta,2025-07-25 00:00:00+00:00,21.549166666666665,False,False,16.659338267314926,21.490870983080526,36.02583704366721,0.7730850350275692,5.743072412124604,0.4444444444444444
Theta,2025-07-26 00:00:00+00:00,14.584178240740743,False,False,41.798350618675755,48.03789541466759,74.67289351388185,2.8660065674398107,16.521633529719765,0.08333333333333333
Theta,2025-07-27 00:00:00+00:00,7.8231828703703705,False,False,7.907540472158522,10.233534844742033,46.667917072217016,1.010783028236199,2.68176754942043,0.9583333333333334
Theta,2025-07-28 00:00:00+00:00,9.630636574074073,False,False,9.095586668902481,13.297129121038266,50.216786621647245,0.9444429346849241,3.123678386158512,0.9444444444444444
Theta,2025-07-29 00:00:00+00:00,15.900150462962964,False,False,12.735573724585082,17.469671814588573,45.90292945095092,0.8009718998729419,4.518138186643817,0.875
Theta,2025-07-30 00:00:00+00:00,23.051689814814814,False,False,20.638350197042826,32.52479334424657,43.48390456432374,0.8953074747595732,7.393564307538799,0.7361111111111112
Theta,2025-07-31 00:00:00+00:00,33.38466435185185,False,False,111.42227773065899,124.74471005554977,107.0156241045229,3.3375287693877436,48.74243856802056,0.041666666666666664
Theta,2025-08-01 00:00:00+00:00,24.084745370370374,False,False,14.287797825541329,19.80729862342818,22.148040873907277,0.5932301797601114,4.975030589290845,0.9027777777777778
Theta,2025-08-02 00:00:00+00:00,24.0771875,False,False,31.03291707148166,37.69840241382479,49.189473050804025,1.2888929436414307,9.611992833009465,0.6944444444444444
Theta,2025-08-03 00:00:00+00:00,11.675173611111111,False,False,9.495831892677197,14.873079954997152,29.01412489760784,0.813335390887904,4.393414916165823,0.9444444444444444
Theta,2025-08-04 00:00:00+00:00,12.069548611111111,False,False,5.940049467481558,7.656442731411046,19.781225426905795,0.4921517497359599,3.925629696313859,1.0
Theta,2025-08-05 00:00:00+00:00,12.442928240740741,False,False,6.889842313482841,8.184631688656294,34.78203806191643,0.5537155065255509,4.079033144829171,1.0
Theta,2025-08-06 00:00:00+00:00,20.331157407407407,False,False,9.93570158989007,12.116488048967785,57.99130034823394,0.4886933582182645,4.445889445168995,1.0
Theta,2025-08-07 00:00:00+00:00,29.053194444444443,False,False,15.057038001805608,20.075948935729237,52.17683243346038,0.518257571662135,5.073240810866467,0.8888888888888888
Theta,2025-08-08 00:00:00+00:00,34.689097222222216,False,False,9.26575329835503,15.029646303281705,51.71152894576537,0.2671085165173825,3.714046970054852,0.9166666666666666
Theta,2025-08-09 00:00:00+00:00,25.395208333333336,False,False,17.66299383490093,23.80109600466205,92.97766076820066,0.6955246676089195,5.689763242812397,0.6666666666666666
Theta,2025-08-10 00:00:00+00:00,10.928773148148148,False,False,13.389745902682506,18.170514670979593,45.333545460335436,1.2251828930085682,4.517872660112961,0.6944444444444444
Theta,2025-08-11 00:00:00+00:00,13.578888888888889,False,False,8.218381287723039,10.075767570374921,26.77705079829229,0.605232236228683,2.6896377346485867,0.9583333333333334
Theta,2025-08-12 00:00:00+00:00,25.48246527777778,False,False,16.73687919754506,22.655066652973876,33.83075773870092,0.6567998431509926,5.712317965325152,0.6805555555555556
Theta,2025-08-13 00:00:00+00:00,23.985937500000002,False,False,69.1200778264444,85.10244796209707,79.98111242923235,2.881691734018918,29.020472305602638,0.027777777777777776
Theta,2025-08-14 00:00:00+00:00,13.576927083333334,False,False,25.338500909563948,32.627295901306034,51.87140468752782,1.8662913009725743,8.639442598291767,0.5
Theta,2025-08-15 00:00:00+00:00,12.374131944444445,False,False,7.1451058051500205,10.71692653788043,19.183459505102274,0.5774227911282234,2.809160004995043,0.9444444444444444
Theta,2025-08-16 00:00:00+00:00,14.61224537037037,False,False,10.225370698277422,13.467412777651662,35.07446730953798,0.6997809329845823,3.356199722390796,0.8888888888888888
Theta,2025-08-17 00:00:00+00:00,13.685046296296296,False,False,14.549660135678526,18.773417205093676,48.95003587531842,1.06317946031474,4.53113571385263,0.8055555555555556
Theta,2025-08-18 00:00:00+00:00,14.104664351851852,False,False,17.94551855868412,25.916898722180644,62.05552849406336,1.2723109257348608,5.8159698170353,0.7638888888888888
Theta,2025-08-19 00:00:00+00:00,23.564027777777778,False,False,25.916712759303728,34.25545726394074,32.80099890471302,1.0998422257736713,9.13633475173107,0.4583333333333333
Theta,2025-08-20 00:00:00+00:00,12.98171296296296,False,False,32.43160107564201,39.50833978011473,58.51758639977355,2.4982528244284783,11.09424903998753,0.5138888888888888
Theta,2025-08-21 00:00:00+00:00,29.798315972222227,False,False,22.528860828256782,34.01523007644045,35.16440934002815,0.7560447660618815,8.295733635636397,0.75
Theta,2025-08-22 00:00:00+00:00,13.433124999999999,False,False,14.686242725089677,21.530622891605514,30.807396495596162,1.0932856446351595,5.367076445560891,0.875
Theta,2025-08-23 00:00:00+00:00,14.15365740740741,False,False,11.05173528934747,16.81575014253067,28.641465088013152,0.7808395364694549,4.635900879205279,0.9444444444444444
Theta,2025-08-24 00:00:00+00:00,16.118402777777778,False,False,20.31528478115836,26.692114575902227,44.45192782245545,1.260378280729327,6.791283942648416,0.8333333333333334
Theta,2025-08-25 00:00:00+00:00,14.469074074074074,False,False,21.827228233227654,25.596450813773224,47.8457828716473,1.5085435406221357,6.632754716648542,0.8611111111111112
Theta,2025-08-26 00:00:00+00:00,29.61265046296296,False,False,15.36245449621321,20.585086821528012,35.16811561720198,0.5187801245763966,5.246635640167756,0.8611111111111112
Theta,2025-08-27 00:00:00+00:00,15.542800925925924,False,False,10.231967887245355,14.427640521649188,24.959873445246412,0.6583091384885514,3.92358829533892,0.9722222222222222
Theta,2025-08-28 00:00:00+00:00,38.10836805555555,False,False,15.51415939863984,21.126732543592478,48.21333060313755,0.40710637033899805,5.351225754304103,0.7916666666666666
Theta,2025-08-29 00:00:00+00:00,10.51587962962963,False,False,16.255122373640585,20.19748761483766,69.39946076926566,1.5457691554247175,5.024986688508949,0.6944444444444444
Theta,2025-08-30 00:00:00+00:00,10.106469907407408,False,False,7.8789329856186265,9.349343560388798,26.67746796157348,0.779592979329396,3.1247845465303072,1.0
Theta,2025-08-31 00:00:00+00:00,18.541041666666665,False,False,11.481345688516448,15.385950097956577,37.84746232269942,0.6192395171171945,3.9376515802906464,0.9305555555555556
Theta,2025-09-01 00:00:00+00:00,15.252546296296297,False,False,12.729568806776648,18.36591142736518,41.053328232070456,0.8345864722841528,4.382946443336842,0.8333333333333334
Theta,2025-09-02 00:00:00+00:00,16.35789351851852,False,False,12.590695771817726,15.92005329188544,32.093785415848,0.7697015362989125,3.997359963411659,0.875
Theta,2025-09-03 00:00:00+00:00,12.73765046296296,False,False,14.078808240525543,18.488258854552654,31.92955919106713,1.1052908290631969,4.576891431030563,0.6944444444444444
Theta,2025-09-04 00:00:00+00:00,21.25173611111111,False,False,37.925653561418954,43.17068285419721,87.04219777929832,1.7845908382793332,14.612685050767373,0.2361111111111111
Theta,2025-09-05 00:00:00+00:00,14.96193287037037,False,False,57.069134579733955,67.79863823206118,88.70103348214232,3.814288907334287,23.635838359195713,0.06944444444444445
Theta,2025-09-06 00:00:00+00:00,12.201678240740742,False,False,10.984167249981864,14.904475061239966,29.651106552350235,0.9002177432696369,3.650320360035254,0.8611111111111112
Theta,2025-09-07 00:00:00+00:00,6.696481481481481,False,False,13.207628218453166,16.001224642084267,42.12954993502549,1.9723235634978873,3.961810274872812,0.8194444444444444
Theta,2025-09-08 00:00:00+00:00,11.930543981481483,False,False,14.927026448002083,18.955724563643493,95.28632236951142,1.2511605900931024,4.593056851084121,0.8333333333333334
Theta,2025-09-09 00:00:00+00:00,14.096458333333334,False,False,16.28635074741623,20.514031604286288,88.59499629975389,1.1553505399937616,4.9624863704202316,0.7222222222222222
Theta,2025-09-10 00:00:00+00:00,16.7190625,False,False,15.119612000395712,17.77920792171722,93.744702024753,0.9043337208886989,4.398319575168318,0.7361111111111112
Theta,2025-09-11 00:00:00+00:00,12.884409722222223,False,False,7.522979059913591,12.860846135358772,23.643219683301968,0.583882321511278,3.151403772593806,0.9166666666666666
Theta,2025-09-12 00:00:00+00:00,11.97099537037037,False,False,13.535554943927304,15.837879651002908,50.29204453511961,1.1306958632219843,3.8340949536449394,0.7916666666666666
Theta,2025-09-13 00:00:00+00:00,17.90605324074074,False,False,9.803218154397744,13.912470418581206,35.109749115190596,0.5474806772099268,3.235868115476505,0.8888888888888888
Theta,2025-09-14 00:00:00+00:00,14.176145833333333,False,False,27.07698094120478,35.97381504005401,58.79287969343585,1.9100382614248252,10.4077398242401,0.375
Theta,2025-09-15 00:00:00+00:00,15.779490740740739,False,False,8.915736168140224,12.664421503233056,27.831525705367977,0.5650205266207274,3.020961906699353,0.7916666666666666
Theta,2025-09-16 00:00:00+00:00,12.501087962962963,False,False,11.73962180125761,15.716927194596755,34.941718173754026,0.9390880086628177,3.8692365316358077,0.7361111111111112
Theta,2025-09-17 00:00:00+00:00,12.539756944444443,False,False,9.493945077678795,13.223196122672626,34.83997436181483,0.7571075834835019,3.206736377944354,0.7916666666666666
Theta,2025-09-18 00:00:00+00:00,14.145231481481481,False,False,10.296172768409308,14.861819157563234,24.57021215631709,0.7278900159314291,3.617811269069282,0.8055555555555556
Theta,2025-09-19 00:00:00+00:00,12.568773148148146,False,False,11.613558265510644,13.401368594827185,29.86591739966389,0.9240009449308709,3.3760694058805996,0.8472222222222222
Theta,2025-09-20 00:00:00+00:00,7.397951388888888,False,False,8.707631362891712,11.204769617833364,29.82233442474317,1.1770327899112523,2.84425595968001,0.9305555555555556
Theta,2025-09-21 00:00:00+00:00,14.009953703703705,False,False,11.283244548125074,13.754763694129151,65.73303408313403,0.8053734356839601,3.496234365426774,0.8194444444444444
Theta,2025-09-22 00:00:00+00:00,6.040694444444445,False,False,9.787477298992822,13.27529050699378,34.15436806950797,1.6202569735991612,3.257344691833783,0.875
Theta,2025-09-23 00:00:00+00:00,9.803368055555556,False,False,15.577983718661711,19.373251078619365,45.26305828661713,1.5890440540823814,4.902962345501652,0.6666666666666666
Theta,2025-09-24 00:00:00+00:00,20.765775462962964,False,False,25.568799473187852,32.33700013131056,58.686998851816696,1.2312951913975656,8.931475797943017,0.4444444444444444
Theta,2025-09-25 00:00:00+00:00,15.485300925925925,False,False,20.69421932083452,25.73930743408521,76.92043038812076,1.3363782479801654,6.711038499673492,0.5555555555555556
Theta,2025-09-26 00:00:00+00:00,12.802858796296297,False,False,15.760093135433928,20.637976448486405,35.41447695709223,1.230982344348992,5.164669651277769,0.8472222222222222
Theta,2025-09-27 00:00:00+00:00,8.66511574074074,False,False,42.12205238558876,46.034793761957374,88.18639835010038,4.861106723311689,14.06364429263359,0.2777777777777778
Theta,2025-09-28 00:00:00+00:00,7.170092592592592,False,False,9.213698429935652,13.2139173206617,39.13962608167266,1.2850180539445621,3.7764582901202703,0.9305555555555556
Theta,2025-09-29 00:00:00+00:00,13.71752314814815,False,False,21.505573024032138,27.917902279575486,79.92825328755866,1.5677446133513808,6.645094360980376,0.75
Theta,2025-09-30 00:00:00+00:00,12.950011574074075,False,False,8.41730804929127,11.525316652168557,23.049963774575232,0.6499845966271351,3.639874602936264,1.0
Theta,2025-10-01 00:00:00+00:00,22.369687499999998,False,False,8.884600171185896,11.62259244549299,45.27211708411689,0.3971714030956354,3.5421377760402475,0.9861111111111112
Theta,2025-10-02 00:00:00+00:00,15.714699074074073,False,False,12.470286031130932,15.086389767162478,59.380151638196864,0.7935427826107255,3.9766050882671675,0.9444444444444444
Theta,2025-10-03 00:00:00+00:00,19.23453703703704,False,False,10.013776299500185,13.013839707615762,33.05265646625964,0.5206143657223551,3.542332103604909,0.9305555555555556
Theta,2025-10-04 00:00:00+00:00,12.940219907407405,False,False,13.125438740958426,15.633732507030148,91.61705668677456,1.0143134224052093,3.912857329504094,0.8333333333333334
Theta,2025-10-05 00:00:00+00:00,11.617731481481481,False,False,17.833119467275907,22.921351300386146,104.27849664214126,1.5349915339067421,5.978529003504888,0.6805555555555556
Theta,2025-10-06 00:00:00+00:00,13.979884259259258,False,False,18.445294877829923,23.818709137089616,84.26768711092247,1.3194168517964018,6.216634839624386,0.5555555555555556
Theta,2025-10-07 00:00:00+00:00,16.990526620370375,False,False,15.141359887402992,18.18863265639106,36.49876675190899,0.8911648370715967,4.36888080384866,0.6944444444444444
Theta,2025-10-08 00:00:00+00:00,15.330381944444444,False,False,15.05937713152392,19.051749464117012,39.95788421166691,0.9823223704469586,4.802035955758641,0.7361111111111112
Theta,2025-10-09 00:00:00+00:00,13.605879629629632,False,False,27.72014179953088,32.03575382072392,53.33803557594066,2.0373649153241447,9.200994576841667,0.3888888888888889
Theta,2025-10-10 00:00:00+00:00,14.625069444444446,False,False,19.600695410824883,23.56051825959232,45.10994356376992,1.3402121258487771,6.0151472674071895,0.6527777777777778
Theta,2025-10-11 00:00:00+00:00,14.75380787037037,False,False,64.68980562076639,70.106290189784,105.26810176909376,4.3846175976495525,26.792318848385335,0.027777777777777776
Theta,2025-10-12 00:00:00+00:00,16.312592592592594,False,False,15.333295815551553,19.35844314366742,80.12935421861054,0.9399668218597128,4.8201175075423315,0.7916666666666666
Theta,2025-10-13 00:00:00+00:00,22.042025462962965,False,False,21.91475396762413,27.503662076207558,42.40217112852541,0.9942259618766575,7.061358351372516,0.625
Theta,2025-10-14 00:00:00+00:00,13.35359375,False,False,9.164733830480031,12.04937142384659,54.90522156967226,0.6863121645047822,3.6034921871670895,1.0
Theta,2025-10-15 00:00:00+00:00,18.150462962962962,False,False,7.214190328695963,9.51828356339403,35.241769638789755,0.39746591276580234,3.526326633169692,1.0
Theta,2025-10-16 00:00:00+00:00,25.637511574074075,False,False,14.038544226184287,18.412841038182787,96.79417396747618,0.5475782696625191,4.851120508314607,0.9583333333333334
Theta,2025-10-17 00:00:00+00:00,19.867476851851855,False,False,45.90367096897641,54.44297997822997,153.61281350835563,2.3104932403481175,15.797415952207373,0.3888888888888889
Theta,2025-10-18 00:00:00+00:00,13.779050925925926,False,False,12.86380930777885,18.210143284392057,61.388972932449846,0.9335773107257331,4.7328136052802385,0.9444444444444444
Theta,2025-10-19 00:00:00+00:00,23.621006944444446,False,False,25.971793285404562,36.626684381110714,100.17951309876996,1.09952100460785,9.25737736733924,0.6805555555555556
Theta,2025-10-20 00:00:00+00:00,40.448182870370374,False,False,12.976244345112043,16.639913745836633,71.85897350005885,0.3208115525658773,4.297735268656604,0.9722222222222222
Theta,2025-10-21 00:00:00+00:00,16.331168981481483,False,False,27.363316192174807,37.32088543813945,84.60214009284114,1.675527099327861,9.374789831633663,0.5138888888888888
Theta,2025-10-22 00:00:00+00:00,20.50655092592593,False,False,112.98992665562645,120.46447578358011,131.82291299241166,5.509942996448811,48.36017634270064,0.05555555555555555
Theta,2025-10-23 00:00:00+00:00,18.201620370370367,False,False,63.56246468890309,73.7834329606405,95.35642214404692,3.4921322055685593,22.665957177949846,0.18055555555555555
Theta,2025-10-24 00:00:00+00:00,17.438587962962963,False,False,36.96017482837291,44.23727347152291,127.85150514406386,2.1194476815938863,12.44140034529579,0.5416666666666666
Theta,2025-10-25 00:00:00+00:00,29.684907407407408,False,False,66.13960305134921,70.41233708066552,180.1861646296922,2.228054888082457,22.800564953430477,0.2361111111111111
Theta,2025-10-26 00:00:00+00:00,27.72028935185185,False,False,30.370416488056435,33.289799498179555,106.01776470935714,1.0956024341076203,8.51564807376239,0.7638888888888888
Theta,2025-10-27 00:00:00+00:00,37.07189814814814,False,False,21.3088812283639,25.852587999353187,43.612066345092614,0.574798763829371,6.6825049456138,0.9305555555555556
Theta,2025-10-28 00:00:00+00:00,31.069247685185182,False,False,82.99081819823593,92.26104807881141,127.78486258393195,2.6711563485268623,30.868603208146023,0.19444444444444445
Theta,2025-10-29 00:00:00+00:00,42.35157407407408,False,False,31.001356090840027,45.179817817861846,113.9747961806034,0.7320000913453133,11.453399308054188,0.7361111111111112
Theta,2025-10-30 00:00:00+00:00,22.793622685185184,False,False,27.927289737100033,31.079550001626163,129.57395555346497,1.2252238322454772,7.901931691153744,0.7361111111111112
Theta,2025-10-31 00:00:00+00:00,27.726145833333334,False,False,20.8637548245599,28.117480062122073,68.97902489975843,0.7524938716681195,6.617893853945691,0.8611111111111112
Theta,2025-11-01 00:00:00+00:00,18.29991898148148,False,False,42.0092338521258,45.70763871292847,156.4985766574755,2.295596712457408,12.836691360081382,0.4027777777777778
Theta,2025-11-02 00:00:00+00:00,21.35304398148148,False,False,27.689753196990225,37.661523650382165,97.52934847015653,1.2967590579125057,8.775913155286903,0.75
Theta,2025-11-03 00:00:00+00:00,33.91616898148148,False,False,48.481213415119484,52.87487727808739,132.8012855168111,1.4294425010557836,14.797977294257906,0.2638888888888889
Theta,2025-11-04 00:00:00+00:00,21.33646990740741,False,False,39.68497712377123,44.2741116877551,133.1914399320159,1.85995983852951,11.46089045389551,0.375
Theta,2025-11-05 00:00:00+00:00,27.436886574074077,False,False,22.073895207642234,28.304438862501733,117.30042424134544,0.8045335299997379,7.173332524653358,0.8055555555555556
Theta,2025-11-06 00:00:00+00:00,11.70070601851852,False,False,43.664091936528685,45.82984587707159,88.22184724405034,3.7317484831618044,13.440771162205811,0.25
Theta,2025-11-07 00:00:00+00:00,32.83537037037038,False,False,30.365046558946826,36.52959267982821,97.22245606500276,0.9247663789517448,8.8961207497342,0.8194444444444444
Theta,2025-11-08 00:00:00+00:00,25.559421296296293,False,False,108.97966700746068,118.34013529539111,117.61436060958621,4.263776778985698,44.806675990857535,0.06944444444444445
Theta,2025-11-09 00:00:00+00:00,25.30513888888889,False,False,31.58405380767495,38.38793422556102,156.47821942792578,1.248128055979295,9.858547537321924,0.5555555555555556
Theta,2025-11-10 00:00:00+00:00,24.95175925925926,False,False,32.21701289335913,38.8142215489409,101.5887374668418,1.291171999481513,9.875547032313962,0.6805555555555556
Theta,2025-11-11 00:00:00+00:00,6.010625,False,False,32.378396875509914,37.10968527988135,128.567196499998,5.386860247563259,9.145356013317295,0.8055555555555556
Theta,2025-11-12 00:00:00+00:00,11.540023148148148,False,False,23.646145173592473,33.61604971671237,92.64113277639817,2.0490552635838535,8.377398711249638,0.8333333333333334
Theta,2025-11-13 00:00:00+00:00,18.470023148148147,False,False,40.034214615819096,45.85495577219437,105.27232211570119,2.167523792185016,11.633247554296103,0.5277777777777778
Theta,2025-11-14 00:00:00+00:00,26.308391203703703,False,False,40.025367511612224,45.91312512444042,115.6920058719443,1.5213916807644794,12.03420882039296,0.5277777777777778
Theta,2025-11-15 00:00:00+00:00,36.42067129629629,False,False,27.646077835329216,34.470322078466836,105.40498008862093,0.7590765587602064,8.105662319724093,0.6805555555555556
Theta,2025-11-16 00:00:00+00:00,29.978449074074074,False,False,18.314993584354912,22.343771067651634,61.71488688749574,0.6109386626072681,5.915859842181576,0.8472222222222222
Theta,2025-11-17 00:00:00+00:00,18.24554398148148,False,False,48.4891084240281,54.698385374078484,90.21760576000734,2.6575863385187457,17.541685964302747,0.125
Theta,2025-11-18 00:00:00+00:00,54.36366898148148,False,False,34.68031234553121,51.690458447473496,92.59150217841463,0.6379317841359229,13.09623974420679,0.5277777777777778
Theta,2025-11-19 00:00:00+00:00,42.682905092592584,False,False,60.102749669240694,72.39149096738947,62.354621889175455,1.4081222807786633,22.879430449397933,0.3472222222222222
Theta,2025-11-20 00:00:00+00:00,27.63351851851852,False,False,23.12998342685992,32.12932013819503,44.378844862013025,0.8370263602645979,7.9484692729168644,0.8194444444444444
Theta,2025-11-21 00:00:00+00:00,15.819236111111113,False,False,21.681443402288266,26.229486188466844,113.94394351967784,1.3705746124529778,6.680829242067035,0.9583333333333334
Theta,2025-11-22 00:00:00+00:00,40.30236111111111,False,False,15.240882931014356,19.08317142356524,33.35397364840929,0.3781635246877022,5.741949368403287,0.9861111111111112
Theta,2025-11-23 00:00:00+00:00,20.285462962962963,False,False,20.994390117052344,25.172863468585682,59.3090583720367,1.03494754620014,6.9189719489212065,0.9166666666666666
Theta,2025-11-24 00:00:00+00:00,18.166030092592592,False,False,23.95402264261498,28.314385771384934,74.59342319123198,1.3186162590572008,7.348882902504538,0.9722222222222222
Theta,2025-11-25 00:00:00+00:00,43.79054398148148,False,False,28.7992782865365,35.845662545315065,60.40492998271464,0.6576597518111532,9.005803187886418,0.7638888888888888
Theta,2025-11-26 00:00:00+00:00,39.472071759259265,False,False,65.55851020641886,74.69533921520014,132.0311227421777,1.6608834369338696,23.662793346191098,0.2777777777777778
Theta,2025-11-27 00:00:00+00:00,13.770243055555556,False,False,20.080745444705855,22.754418466495157,45.02742288984842,1.4582709516230616,6.361340600953088,0.9583333333333334
Theta,2025-11-28 00:00:00+00:00,18.528738425925926,False,False,25.099716815659658,27.636366299640848,110.69602382789448,1.3546371176862984,7.056720662952581,0.9722222222222222
Theta,2025-11-29 00:00:00+00:00,46.82982638888889,False,False,5.543385320774442,8.18803797840746,56.29164758471281,0.11837296330634481,3.7180500169011346,0.9861111111111112
Theta,2025-11-30 00:00:00+00:00,25.589131944444446,False,False,18.813704442862072,26.306787465391235,82.09432736394228,0.7352224563032369,6.34912024544749,0.8888888888888888
Theta,2025-12-01 00:00:00+00:00,36.573125000000005,False,False,22.450438976960843,30.17620128620779,32.5539596816047,0.6138507162557435,7.525337945854697,0.875
Theta,2025-12-02 00:00:00+00:00,69.59319444444444,False,False,87.90761470978279,100.76368572319618,103.11847187488775,1.2631639546300548,32.953659385472555,0.20833333333333334
Theta,2025-12-03 00:00:00+00:00,21.03315972222222,False,False,11.579507790195285,16.030116855600845,64.05264099090161,0.5505358178762441,5.907038384612393,1.0
Theta,2025-12-04 00:00:00+00:00,24.26384259259259,False,False,27.92003545003576,34.95971756492971,74.29046173945282,1.1506848242808563,10.561955449726483,0.9861111111111112
Theta,2025-12-05 00:00:00+00:00,33.67545717592592,False,False,73.53505246018433,79.75599662277817,94.83491127165331,2.1836393215398853,19.508936845457225,0.6666666666666666
Theta,2025-12-06 00:00:00+00:00,35.794317129629626,False,False,29.170477967343427,36.933742673423325,65.99590114004747,0.814947184540555,10.7881293488542,1.0
Theta,2025-12-07 00:00:00+00:00,22.03747685185185,False,False,23.912786838544676,28.492431089943306,63.64914991976991,1.0850964018839226,9.966726210473631,1.0
Theta,2025-12-08 00:00:00+00:00,28.71826388888889,False,False,28.55963541110575,37.31353906898035,62.61517359102522,0.9944763904114512,10.42913012972486,1.0
Theta,2025-12-09 00:00:00+00:00,79.52473379629629,False,False,29.82234446379991,33.96983351122837,84.5448012525318,0.375007158655699,9.723343021730964,1.0
Theta,2025-12-10 00:00:00+00:00,25.7221875,False,False,16.992632213118597,21.815674894970112,107.90586442968993,0.6606215825585828,5.569692083710973,0.9722222222222222
Theta,2025-12-11 00:00:00+00:00,36.84158564814815,False,False,38.59276939117084,48.204056687526474,101.51584730576792,1.0475328005625815,12.728327868774992,0.5694444444444444
Theta,2025-12-12 00:00:00+00:00,20.148663194444445,False,False,15.459190920065371,19.52151284687712,80.63465303876625,0.7672564065852223,5.09084691692389,0.9166666666666666
Theta,2025-12-13 00:00:00+00:00,19.73253472222222,False,False,16.15746010115054,20.21537316717651,86.89795911498103,0.8188233457384706,5.058592224117882,0.9166666666666666
Theta,2025-12-14 00:00:00+00:00,28.067824074074075,False,False,39.774550658830805,50.287327474034946,105.3003333922887,1.417087072865406,14.136408218307539,0.4027777777777778
Theta,2025-12-15 00:00:00+00:00,88.14015046296295,False,False,105.9659123385158,129.11405138232323,109.92314590567516,1.2022433792309368,44.64029959123733,0.05555555555555555
Theta,2025-12-16 00:00:00+00:00,7.9099652777777765,False,False,28.102656872644264,33.26323113767477,79.64080454684431,3.5528167173623064,9.612760357559607,0.9305555555555556
Theta,2025-12-17 00:00:00+00:00,36.782916666666665,False,False,17.22610351859815,27.606700098612592,37.589268909830444,0.46831804216898204,9.467070847609728,1.0
Theta,2025-12-18 00:00:00+00:00,18.905335648148153,False,False,38.659279692197956,52.516931808417056,138.13975537885483,2.044887243035263,13.054222675849914,1.0
Theta,2025-12-19 00:00:00+00:00,23.632916666666667,False,False,25.859478713544142,31.704531333364933,108.03274515184165,1.094214441589343,11.776730638068992,0.8611111111111112
Theta,2025-12-20 00:00:00+00:00,17.76171296296296,False,False,10.977532038432251,16.022215854211183,69.17572840827256,0.618044670653264,8.632910285307174,1.0
Theta,2025-12-21 00:00:00+00:00,18.17896990740741,False,False,17.387063244062716,22.071005801480847,53.90732472914058,0.9564383093553604,9.601891924580071,1.0
Theta,2025-12-22 00:00:00+00:00,101.52644675925927,False,False,32.26249536340073,34.58295848330864,124.2325429994014,0.3177742981580154,10.659655409023626,0.6944444444444444
Theta,2025-12-23 00:00:00+00:00,22.481203703703706,False,False,16.280947759900645,26.1575844890464,104.90851911457857,0.7242026705722351,5.938679180186102,0.8472222222222222
Theta,2025-12-24 00:00:00+00:00,34.32805555555555,False,False,78.74043380605093,80.90923437768613,143.8687976916486,2.293763294533815,30.933548056925613,0.041666666666666664
Theta,2025-12-25 00:00:00+00:00,12.023530092592592,False,False,23.354806760005367,31.10039368609829,114.5059356044784,1.9424251097765124,7.780901477227751,0.6666666666666666
Theta,2025-12-26 00:00:00+00:00,21.210729166666667,False,False,15.548607430598192,19.77570681188589,142.4129290329508,0.7330538855322957,4.798421865079426,0.75
Theta,2025-12-27 00:00:00+00:00,10.18861111111111,False,False,15.688626992339348,20.16833618852954,114.21511329180305,1.5398199834352535,4.661102366822258,0.6805555555555556
Theta,2025-12-28 00:00:00+00:00,22.232141203703705,False,False,14.543162414010421,16.85703920708121,151.87693954788668,0.654150325906874,4.617971832520947,0.6805555555555556
Theta,2025-12-29 00:00:00+00:00,25.714479166666663,False,False,27.547906763185026,33.889913465387174,147.08088608431234,1.071299425690683,9.591819410763259,0.4305555555555556
Theta,2025-12-30 00:00:00+00:00,34.40138888888889,False,False,60.14151631442504,69.50894050278016,89.5031347298638,1.7482293086675291,23.796847434537327,0.1388888888888889
Theta,2025-12-31 00:00:00+00:00,21.10957175925926,False,False,10.464653628225541,12.463711358286783,28.93893994445075,0.4957302662303154,3.8613621356510897,0.9722222222222222
Theta,2026-01-01 00:00:00+00:00,17.20872685185185,False,False,21.285530546817498,23.8110520605068,63.76342398664637,1.2369032718144943,5.821411143748473,0.9444444444444444
Theta,2026-01-02 00:00:00+00:00,11.871331018518518,False,False,7.9844792162727,11.24728806371738,102.09673437826416,0.6725850036375384,3.5925581019151207,1.0
Theta,2026-01-03 00:00:00+00:00,11.644849537037036,False,False,9.151752275269528,10.585486968281693,48.180861544650774,0.7859055839375094,3.840583561207172,1.0
Theta,2026-01-04 00:00:00+00:00,13.408275462962962,False,False,32.929849314676886,36.086788660531056,114.95740962234795,2.45593472521037,9.361539053146302,0.5694444444444444
Theta,2026-01-05 00:00:00+00:00,24.661863425925926,False,False,14.285748936848986,17.08897120628738,111.24294225994807,0.5792647818262999,4.476552115642813,0.9722222222222222
Theta,2026-01-06 00:00:00+00:00,23.47164351851852,False,False,9.131683400760624,13.949795271175182,73.0433761369148,0.38905172505521235,3.355093496841002,0.9305555555555556
Theta,2026-01-07 00:00:00+00:00,21.52386574074074,False,False,29.818346085191877,36.16402814861985,86.26662947098424,1.3853620183455801,10.25122582905412,0.4305555555555556
Theta,2026-01-08 00:00:00+00:00,18.982453703703705,False,False,25.00264116308638,30.67907539444523,110.90007095968576,1.3171448514165514,7.7525416383261145,0.5
Theta,2026-01-09 00:00:00+00:00,30.61946759259259,False,False,27.475899629058834,32.31967703105245,123.02279784593328,0.8973343362673543,9.209202211860813,0.4861111111111111
Theta,2026-01-10 00:00:00+00:00,14.342824074074075,False,False,11.577088344736461,15.642640844223328,139.00188460205678,0.8071693750788643,4.583918620776223,0.7777777777777778
Theta,2026-01-11 00:00:00+00:00,17.911319444444445,False,False,13.495115961520826,16.327936426773014,45.03132102624512,0.753440638663089,4.517025076549821,1.0
Theta,2026-01-12 00:00:00+00:00,25.223206018518518,False,False,27.520659887802722,33.59357017159245,71.22122098587185,1.091084926618664,8.416785259074429,0.6111111111111112
Theta,2026-01-13 00:00:00+00:00,10.350763888888888,False,False,14.948562014574618,18.63360438145808,50.282101804152056,1.4441989185572355,4.940990963871113,0.9444444444444444
Theta,2026-01-14 00:00:00+00:00,20.590601851851854,False,False,22.031174485708064,28.334639904995193,107.44963118104467,1.0699626287867174,7.0307949620353805,0.6805555555555556
Theta,2026-01-15 00:00:00+00:00,18.313819444444444,False,False,23.02465814555108,27.438903596103874,128.6039588779849,1.2572286308378826,6.746900359026377,0.7916666666666666
Theta,2026-01-16 00:00:00+00:00,35.55108796296296,False,False,19.28222441335936,22.49502573697982,130.11154723600657,0.5423807123272159,5.943087742863021,0.8194444444444444
Theta,2026-01-17 00:00:00+00:00,11.657141203703702,False,False,15.219195229494668,19.103321834502285,89.24331639860596,1.305568403397158,4.710566222373914,0.9027777777777778
Theta,2026-01-18 00:00:00+00:00,18.301412037037036,False,False,13.527274967673478,19.914086981059615,92.56353556116169,0.739138321146914,4.841192609661273,0.8333333333333334
Theta,2026-01-19 00:00:00+00:00,21.47127314814815,False,False,23.881820250738663,27.72816762100258,115.68995070940358,1.1122684754629195,7.064748285319788,0.5416666666666666
Theta,2026-01-20 00:00:00+00:00,26.999039351851852,False,False,40.674824931478916,50.44041631033227,130.7837397930512,1.5065285990884356,14.130492351731467,0.3611111111111111
Theta,2026-01-21 00:00:00+00:00,16.780833333333334,False,False,10.646067206219172,14.377123080091904,78.87216033279397,0.6344182672425389,4.155877307564102,0.9861111111111112
Theta,2026-01-22 00:00:00+00:00,24.95273148148148,False,False,15.21383663785456,19.885078868559148,51.199478070536685,0.6097062619835997,5.347348325392319,1.0
Theta,2026-01-23 00:00:00+00:00,32.32828703703703,False,False,34.02716950173923,37.77489435333334,78.87429657300594,1.052550958321914,9.839314781950774,0.6944444444444444
Theta,2026-01-24 00:00:00+00:00,94.17333333333333,False,False,90.30808033671399,127.08454637705528,115.89078201126259,0.9589559712945701,38.20696036081518,0.4722222222222222
Theta,2026-01-25 00:00:00+00:00,118.38245370370367,False,False,190.48758476402264,200.71730690563734,81.8684732192888,1.6090863029481464,75.88630870596319,0.05555555555555555
Theta,2026-01-26 00:00:00+00:00,305.5712615740741,False,False,241.7273645310581,312.3852131853005,88.4509244629457,0.7910670764189667,101.65636867415002,0.2638888888888889
Theta,2026-01-27 00:00:00+00:00,63.59155092592592,False,False,77.52428317232956,87.07290642679953,65.35544951612931,1.2190972235074604,25.692345126105547,1.0
Theta,2026-01-28 00:00:00+00:00,201.86112268518522,False,False,153.0958644677195,240.28940761382142,79.30955314752768,0.7584217427864101,55.168007575812595,0.9027777777777778
Theta,2026-01-29 00:00:00+00:00,24.277118055555558,False,False,67.9701344469334,73.94648884969426,139.95018700118757,2.7997612521960433,31.687042652836826,1.0
Theta,2026-01-30 00:00:00+00:00,28.19950231481481,False,False,25.95246212865894,34.27756521901565,48.73485175214874,0.9203163176048191,27.397046417364816,1.0
Theta,2026-01-31 00:00:00+00:00,84.77512731481481,False,False,24.801938229547375,27.867364678650663,52.671227767129125,0.29256149787242053,26.843336613418927,1.0
Theta,2026-02-01 00:00:00+00:00,106.90381944444444,False,False,83.26958134423704,119.29936173344471,84.40210090021452,0.7789205453740632,37.17604465525378,0.9722222222222222
Theta,2026-02-02 00:00:00+00:00,305.676875,False,False,18.493807396583364,21.223251774983833,100.70313116780092,0.06050116613035698,22.413018217975395,1.0
Theta,2026-02-03 00:00:00+00:00,85.57872685185185,False,False,13.466007409256207,17.852273762620417,143.3360734174599,0.15735227555520492,17.903613439623285,1.0
Theta,2026-02-04 00:00:00+00:00,198.71862268518518,False,False,11.95105253197899,14.309007264379519,87.32073625610349,0.06014057651210745,14.393865797250214,1.0
Theta,2026-02-05 00:00:00+00:00,14.548518518518518,False,False,21.618272017712695,25.681382819994482,123.34741531078537,1.4859431900365132,10.764777610577752,1.0
Theta,2026-02-06 00:00:00+00:00,25.65394675925926,False,False,18.095510364486,19.802253234441945,54.097163160626714,0.7053694518935884,9.974813431644275,1.0
Theta,2026-02-07 00:00:00+00:00,23.650266203703705,False,False,30.538942376415314,35.46108671508711,99.87615167460204,1.2912726695496062,11.998078447128442,1.0
Theta,2026-02-08 00:00:00+00:00,99.05208333333333,False,False,13.975967350186604,15.956991598319249,68.5756160174106,0.1410971569689677,7.4405135091310655,1.0
Theta,2026-02-09 00:00:00+00:00,27.02111111111111,False,False,12.313125455198076,16.388181632664125,46.210058436196825,0.45568538631022115,3.9652043270051305,0.875
Theta,2026-02-10 00:00:00+00:00,18.865972222222222,False,False,21.97430288146135,27.04417579676408,99.50009095100201,1.1647585728753393,6.655216467479103,0.6805555555555556
Theta,2026-02-11 00:00:00+00:00,7.56994212962963,False,False,13.442730978542578,15.615975947157201,98.14105704352355,1.7758036651199978,4.379265007271641,0.875
Theta,2026-02-12 00:00:00+00:00,15.559560185185186,False,False,12.383299030531978,15.148297820882778,63.49825231435492,0.7958643356977764,4.09312627987668,1.0
Theta,2026-02-13 00:00:00+00:00,10.538657407407406,False,False,9.911047665885205,11.778038812752797,36.60669961633343,0.9404468978106199,3.593938454488652,0.9861111111111112
Theta,2026-02-14 00:00:00+00:00,14.306435185185185,False,False,11.777776281447224,14.407194828034736,70.90016386008486,0.8232502457106522,3.924733239285075,0.9722222222222222
Theta,2026-02-15 00:00:00+00:00,10.642488425925926,False,False,6.701852206758753,8.663191962220036,95.72876434781716,0.6297260507638911,3.052833020275211,0.9861111111111112
Theta,2026-02-16 00:00:00+00:00,28.307430555555555,False,False,20.171801402185448,23.236601584012273,105.94462304851788,0.7125973995625178,6.017325983951355,0.5555555555555556
Theta,2026-02-17 00:00:00+00:00,18.25087962962963,False,False,14.756455891466844,17.240124361010533,142.61790691120416,0.8085339551256633,4.320309055948802,0.6944444444444444
Theta,2026-02-18 00:00:00+00:00,7.208310185185184,False,False,18.916607160753156,21.376243353059834,157.61606247777152,2.6242776288444616,5.840088755839589,0.4583333333333333
Theta,2026-02-19 00:00:00+00:00,13.319722222222222,False,False,11.782834175261648,14.199252790708552,139.89454589314892,0.8846156082447068,3.5053464934124903,0.8611111111111112
Theta,2026-02-20 00:00:00+00:00,11.553854166666667,False,False,13.284413754094764,16.39254144570008,53.48584085708702,1.1497820175384272,3.9467986984683425,0.7361111111111112
Theta,2026-02-21 00:00:00+00:00,15.099421296296295,False,False,23.452864774134113,26.480527400785718,103.76223541901979,1.553229379717143,7.4809969502704705,0.4722222222222222
Theta,2026-02-22 00:00:00+00:00,16.93173611111111,False,False,21.58529091099269,25.533894875335832,145.6241233431397,1.2748421525910612,6.852891760134649,0.5694444444444444
Theta,2026-02-23 00:00:00+00:00,4.224386574074073,False,False,9.793537837698333,12.620379547082228,85.72883601152132,2.31833371922051,3.2141737918075,0.9861111111111112
Theta,2026-02-24 00:00:00+00:00,8.345173611111111,False,False,15.334366012441668,18.129822236264832,139.1801257878146,1.8375131215993945,4.5548353541215105,0.8333333333333334
Theta,2026-02-25 00:00:00+00:00,14.710289351851852,False,False,16.01669822124634,20.12978121404103,153.74366288750167,1.088809189142838,4.90544008681085,0.7222222222222222
Theta,2026-02-26 00:00:00+00:00,19.328344907407406,False,False,12.741019606558439,18.24307912035685,49.578315073627024,0.6591883406258734,4.418817042822411,0.9027777777777778
Theta,2026-02-27 00:00:00+00:00,13.101145833333332,False,False,27.773655440085076,28.794683568226294,110.66068749069919,2.1199409420678594,7.532466314479193,0.4027777777777778
Theta,2026-02-28 00:00:00+00:00,11.75699074074074,False,False,15.327175900981798,17.105376233908054,104.09897379000243,1.3036648781111586,4.420035553386302,0.9583333333333334
Theta,2026-03-01 00:00:00+00:00,10.44976851851852,False,False,5.704739462457502,7.473444148786824,74.58839577366622,0.5459201753941122,2.6861430691562753,0.9861111111111112
Theta,2026-03-02 00:00:00+00:00,14.42292824074074,False,False,21.545872754075162,23.587560748993802,124.7922020325505,1.4938625773103478,6.1023080165969565,0.6666666666666666
Theta,2026-03-03 00:00:00+00:00,17.70898148148148,False,False,8.375837947811895,9.94669940873969,82.89721676279838,0.47297118451282033,3.018647683230302,0.9722222222222222
Theta,2026-03-04 00:00:00+00:00,23.211018518518514,False,False,11.777529475470974,14.470809793158642,36.64670239780816,0.5074111446714186,3.6313166548247633,0.9583333333333334
Theta,2026-03-05 00:00:00+00:00,12.803645833333334,False,False,20.360472478375527,23.27222295570168,88.17636394940826,1.590208971992068,6.176819602255635,0.5416666666666666
Theta,2026-03-06 00:00:00+00:00,14.406371527777777,False,False,11.660843182042502,14.545769767219412,143.73059995896799,0.8094226335589458,3.774721889093877,0.7083333333333334
Theta,2026-03-07 00:00:00+00:00,12.830868055555555,False,False,15.460339427184115,19.45980324797013,118.76627137387679,1.2049332407007367,4.760546106776172,0.7083333333333334
Theta,2026-03-08 00:00:00+00:00,30.940879629629624,False,False,27.332580503602596,38.14330720792212,71.18943042930262,0.8833808485983816,9.38256541862338,0.5694444444444444
Theta,2026-03-09 00:00:00+00:00,16.02903935185185,False,False,10.183359126170462,13.846599430675333,85.7074040013615,0.6353068891177168,3.9051589909809343,0.9583333333333334
Theta,2026-03-10 00:00:00+00:00,14.835335648148149,False,False,31.723553903939155,40.191353090410146,129.7782497324877,2.138377901001459,9.789152927168193,0.5972222222222222
Theta,2026-03-11 00:00:00+00:00,22.641238425925923,False,False,16.88289614819931,20.067934720521336,135.26570303219475,0.745670171860702,5.447720936971829,1.0
Theta,2026-03-12 00:00:00+00:00,9.274131944444443,False,False,27.475079687221452,31.59723320595784,165.90004678958167,2.9625500102659275,7.5451896443044815,0.7916666666666666
Theta,2026-03-13 00:00:00+00:00,5.599207175925926,False,False,7.160517721305922,11.507529972531934,109.75252714011773,1.2788449322062827,3.8401369426278404,0.9722222222222222
Theta,2026-03-14 00:00:00+00:00,19.878553240740743,False,False,26.708324665008476,29.18117834714666,102.43128042256116,1.3435748739636764,7.697668664629377,0.7222222222222222
Theta,2026-03-15 00:00:00+00:00,37.76217592592593,False,False,9.6774344158124,12.17071862217066,122.64527201577107,0.25627321992237945,3.8776227212025187,1.0
Theta,2026-03-16 00:00:00+00:00,15.232303240740741,False,False,22.559610418191035,31.438909743918614,120.66856629717861,1.481037375743182,7.53727620967084,0.6805555555555556
Theta,2026-03-17 00:00:00+00:00,31.302499999999995,False,False,76.29082302437642,81.64589929225829,142.66131019801585,2.437211820920899,30.287375434114697,0.027777777777777776
Theta,2026-03-18 00:00:00+00:00,18.16048611111111,False,False,15.676123399650502,18.805674061710302,164.35736279543303,0.8631995478391626,5.782871495088442,0.9861111111111112
Theta,2026-03-19 00:00:00+00:00,11.199664351851851,False,False,28.618934456143027,30.53497585392934,139.31557430679143,2.5553385848934766,8.660626849535248,1.0
Theta,2026-03-20 00:00:00+00:00,7.619317129629631,False,False,19.86760780392401,21.33980068214594,110.58799089358682,2.607531287372699,7.185508988647666,1.0
Theta,2026-03-21 00:00:00+00:00,14.839513888888892,False,False,15.594226301389673,17.26205683948011,76.86735972530587,1.0508582975258962,6.34024066626888,1.0
Theta,2026-03-22 00:00:00+00:00,7.386874999999999,False,False,22.680450845064296,24.760545737443397,142.10313211997223,3.070371550224459,7.433984813197152,1.0
Theta,2026-03-23 00:00:00+00:00,11.993553240740741,False,False,18.728505803957006,26.51729060500985,142.15464092938964,1.5615477271855012,7.210666301510792,0.9583333333333334
Theta,2026-03-24 00:00:00+00:00,70.64513888888888,False,False,92.98909341720257,158.1285177393362,87.91037103322252,1.3162843881368314,37.446303747362535,0.19444444444444445
Theta,2026-03-25 00:00:00+00:00,14.597534722222223,False,False,32.323685630153456,33.92444300411364,135.02150778302124,2.214324969609165,11.693284540629781,1.0
Theta,2026-03-26 00:00:00+00:00,10.433460648148149,False,False,10.533389570751138,12.50771000257117,128.39363363472492,1.009577735132468,10.616104336153926,1.0
Theta,2026-03-27 00:00:00+00:00,9.769479166666667,False,False,10.630438082107041,13.202156971770467,107.59930691682966,1.0881274119891626,10.65261191855093,1.0
Theta,2026-03-28 00:00:00+00:00,12.610729166666665,False,False,17.346892276335595,22.374228957102495,137.54834857889557,1.3755661585523382,11.773975798943829,1.0
Theta,2026-03-29 00:00:00+00:00,7.557974537037037,False,False,20.51518292226244,23.585292079616906,136.72095756791512,2.7143757658523464,12.317026268848174,1.0
Theta,2026-03-30 00:00:00+00:00,18.776840277777776,False,False,5.829951156665235,7.0014372966896365,89.45109680422996,0.31048627300541776,9.876425970839724,1.0
Theta,2026-03-31 00:00:00+00:00,95.03800925925925,False,False,8.433133145630023,10.816933813178053,105.19826194942338,0.08873432020892641,7.536399361066235,1.0
Theta,2026-04-01 00:00:00+00:00,21.40883101851852,False,False,17.631636833353873,25.609840762273002,116.35092546599242,0.8235684058649725,6.0113497101696565,0.6944444444444444
Theta,2026-04-02 00:00:00+00:00,23.352314814814815,False,False,16.94167088506791,21.877375904410382,72.78260982105604,0.7254814359696812,5.327471153626201,0.75
Theta,2026-04-03 00:00:00+00:00,10.264780092592591,False,False,9.320666120886683,14.170890864936192,114.41625399571409,0.9080239456481671,3.473651683299243,0.9166666666666666
Theta,2026-04-04 00:00:00+00:00,25.355775462962963,False,False,27.381444740854786,34.09199066561705,105.39980615275535,1.0798898570801239,8.89285498151379,0.5972222222222222
Theta,2026-04-05 00:00:00+00:00,18.179039351851852,False,False,16.694861537923046,20.263901989519585,130.26641120931762,0.9183577423865571,4.815425402309681,0.6944444444444444
Theta,2026-04-06 00:00:00+00:00,26.292743055555555,False,False,16.23347632508531,18.011933891764084,99.89489190035101,0.6174128081951966,4.721155436429557,0.8888888888888888
Theta,2026-04-07 00:00:00+00:00,16.517430555555556,False,False,17.581166011214528,19.423247105360375,85.12730044911827,1.0644007826811288,4.866228544669625,0.8888888888888888
Theta,2026-04-08 00:00:00+00:00,12.081863425925924,False,False,7.918671137363481,9.67057806341392,70.4963472961405,0.6554180309943881,2.96817911195089,1.0
Theta,2026-04-09 00:00:00+00:00,24.245787037037037,False,False,15.378553711980414,21.39773023237385,97.51758086565856,0.6342773566594749,5.438105368400886,0.8055555555555556
Theta,2026-04-10 00:00:00+00:00,13.897326388888889,False,False,24.842204889719895,28.268499849189368,133.1243422074881,1.7875528137254941,7.896145940351907,0.4305555555555556
Theta,2026-04-11 00:00:00+00:00,18.45196759259259,False,False,23.792086211348376,27.75733615278015,129.16714953317597,1.2894064598779988,7.005867676231838,0.4861111111111111
Theta,2026-04-12 00:00:00+00:00,27.841828703703708,False,False,37.839265803216286,49.14946303038283,98.24301691149299,1.359079757508265,13.537836006658866,0.3888888888888889
Theta,2026-04-13 00:00:00+00:00,28.005555555555556,False,False,13.067830975685748,15.849492125241373,117.348226906086,0.46661566665809057,4.58599089498725,0.9722222222222222
Theta,2026-04-14 00:00:00+00:00,19.171122685185185,False,False,14.893370667720566,18.171226962032673,98.89505135622237,0.7768648144550071,5.6303712726067685,0.9722222222222222
Theta,2026-04-15 00:00:00+00:00,13.328344907407407,False,False,22.26278460810317,26.120283247310418,143.40123523352813,1.6703337708292894,6.829039076201265,0.9861111111111112
Theta,2026-04-16 00:00:00+00:00,15.951504629629628,False,False,20.14228316923383,25.32848583740829,109.98013182373923,1.2627199525629644,6.823365024762828,0.9027777777777778
Theta,2026-04-17 00:00:00+00:00,9.495208333333332,False,False,6.533734210436301,8.766289499047794,120.01628888352396,0.6881085681395056,4.215123889707891,1.0
Theta,2026-04-18 00:00:00+00:00,15.681099537037035,False,False,10.601924172379775,15.763345328737678,120.82113487190189,0.6760957130167559,5.010305636970721,0.9861111111111112
Theta,2026-04-19 00:00:00+00:00,23.862974537037037,False,False,25.10120186097671,32.143479193663005,116.72514638628111,1.0518890602685702,8.07551424728438,0.8194444444444444
Theta,2026-04-20 00:00:00+00:00,42.85164351851852,False,False,22.862622100555146,35.458027264412046,98.92454756863955,0.5335296437504192,8.246320882562065,0.7638888888888888
Theta,2026-04-21 00:00:00+00:00,37.88981481481481,False,False,24.92841918509488,29.655100417339934,95.14751204110196,0.6579187390313647,7.1567113358183905,0.7777777777777778
Theta,2026-04-22 00:00:00+00:00,9.126701388888888,False,False,11.683283056025621,13.985797455310667,97.04182841838909,1.2801211038030882,4.64513797239597,1.0
Theta,2026-04-23 00:00:00+00:00,21.557407407407407,False,False,3.627342875942717,5.392114535453913,51.80396014380274,0.16826433751473818,3.3004338325192513,1.0
Theta,2026-04-24 00:00:00+00:00,19.027233796296297,False,False,21.336161587303636,38.95931233389076,145.5900699377616,1.1213485793955387,8.139017538608549,0.9027777777777778
Theta,2026-04-25 00:00:00+00:00,83.94658564814816,False,False,151.45607837558524,185.39245797756197,134.8659616259742,1.804195813399664,64.24038263290562,0.013888888888888888
Theta,2026-04-26 00:00:00+00:00,17.95047453703704,False,False,49.875329870588985,54.19100142986776,98.82601066309608,2.7784964552152482,15.50932315115464,1.0
Theta,2026-04-27 00:00:00+00:00,38.92916666666666,False,False,22.636200736629846,52.82386454448069,119.9602381452513,0.5814714948936277,14.211675006025677,0.9583333333333334
Theta,2026-04-28 00:00:00+00:00,90.53584490740741,False,False,205.49128986670303,223.75287308673242,135.01703728871516,2.269723003931344,67.43452191774558,0.125
Theta,2026-04-29 00:00:00+00:00,33.23167824074075,False,False,33.06451498044545,41.792739395088454,60.04071371150337,0.9949697617109701,17.27928455670185,1.0
Theta,2026-04-30 00:00:00+00:00,39.344965277777774,False,False,24.73643214418366,26.31647869382388,44.912183595177666,0.6287064169339835,17.65294964283366,1.0
Theta,2026-05-01 00:00:00+00:00,31.06582175925926,False,False,18.36677678558125,20.89533632331576,48.392513296473815,0.5912213405430673,16.58641119698849,1.0
Theta,2026-05-02 00:00:00+00:00,99.06234953703705,False,False,38.63661752444969,62.46034670202708,102.77025324289333,0.390023229864989,19.21648365165053,0.9722222222222222
Theta,2026-05-03 00:00:00+00:00,19.312291666666667,False,False,22.717295357222135,24.7822233881929,122.74975195226003,1.1763127726800315,14.125569702357012,1.0
Theta,2026-05-04 00:00:00+00:00,21.448715277777776,False,False,6.883152739868356,9.870150332749539,116.01492150094175,0.3209121222752086,11.533487556921896,1.0
Theta,2026-05-05 00:00:00+00:00,92.80848379629629,False,False,20.30289561830873,24.38429520498274,152.18416688698434,0.21876120358642212,10.62058680921475,1.0
Theta,2026-05-06 00:00:00+00:00,17.578645833333333,False,False,15.599491839289438,23.126799602399696,45.40311797349158,0.8874114642954497,5.65936162854027,1.0
Theta,2026-05-07 00:00:00+00:00,16.60119212962963,False,False,16.521766521915602,19.4630833638198,57.68001406978113,0.9952156684234579,5.741503050939511,1.0
Theta,2026-05-08 00:00:00+00:00,13.780983796296296,False,False,19.40206713237326,24.791390765241182,60.70795168627825,1.4078869418297741,6.33097530031268,0.9027777777777778
Theta,2026-05-09 00:00:00+00:00,30.85199074074074,False,False,24.487717786174464,34.242100475055814,62.706252650994344,0.7937159709385588,6.923930807095875,0.8194444444444444
Theta,2026-05-10 00:00:00+00:00,11.629861111111113,False,False,12.613256366018085,14.208111357632815,80.2098564747784,1.0845577815170502,3.8425746063035446,0.9722222222222222
Theta,2026-05-11 00:00:00+00:00,15.398796296296297,False,False,12.782216930155462,15.96424948724599,78.08181159234157,0.8300789674859085,3.9263354523362106,0.9722222222222222
Theta,2026-05-12 00:00:00+00:00,14.095295138888888,False,False,15.67906047871395,18.555167843025544,71.64700686733822,1.1123612754624383,4.879440888208252,0.7916666666666666
Theta,2026-05-13 00:00:00+00:00,13.792581018518518,False,False,12.920394775090664,14.935354938311272,38.37561512823773,0.9367641022186624,4.088460202816631,0.8333333333333334
Theta,2026-05-14 00:00:00+00:00,18.03478009259259,False,False,17.21521496870557,20.2811674668992,100.71029874945565,0.954556411573677,4.797587560129653,0.8333333333333334
Theta,2026-05-15 00:00:00+00:00,20.409641203703707,False,False,13.544465778004861,19.09689444658249,103.9874195851149,0.6636307636582541,4.442931388162673,0.8333333333333334
Theta,2026-05-16 00:00:00+00:00,22.702152777777776,False,False,6.832730808039215,10.457279557794084,93.54920899139248,0.3009728141168841,2.7024445083849353,0.9583333333333334
Theta,2026-05-17 00:00:00+00:00,8.22400462962963,False,False,10.001281465609534,11.706327680697148,122.93918713149958,1.2161084430298947,3.1328581255130863,0.9583333333333334
Theta,2026-05-18 00:00:00+00:00,18.14275462962963,False,False,5.9961811708324415,7.762105515923589,93.46975171316355,0.3305000422063719,2.3546157283322944,1.0
Theta,2026-05-19 00:00:00+00:00,12.195399305555554,False,False,18.87992467795173,25.06133558127391,116.30247925915822,1.5481186146443826,6.405442117944091,0.6111111111111112
Theta,2026-05-20 00:00:00+00:00,9.013935185185185,False,False,37.098217594299484,39.60550213067181,83.55431496533582,4.115651691757458,13.328560322195349,0.09722222222222222
Theta,2026-05-21 00:00:00+00:00,26.344768518518517,False,False,10.12001075155853,12.356905403287525,27.625641342030633,0.3841373950370782,3.289990006669784,0.8472222222222222
Theta,2026-05-22 00:00:00+00:00,13.070474537037036,False,False,6.215064483253824,8.509548218321406,25.670113397803206,0.47550411927604935,2.4651678537174098,0.9583333333333334
Theta,2026-05-23 00:00:00+00:00,18.23252314814815,False,False,4.790786510259341,6.077437368658541,19.456490417420824,0.26276047869687935,2.2104709402121387,1.0
Theta,2026-05-24 00:00:00+00:00,14.96025462962963,False,False,5.613778896591764,6.846730936814615,23.8556377551574,0.37524621308740014,2.32378334164548,1.0
Theta,2026-05-25 00:00:00+00:00,22.23644675925926,False,False,6.088204527903197,7.50342357974356,23.377244999679768,0.2737939471092911,2.429353454166483,0.9861111111111112
Theta,2026-05-26 00:00:00+00:00,12.064768518518518,False,False,8.058459972803607,11.852743854800979,27.839988247988078,0.6679332438442125,2.9299182232235683,0.9166666666666666
Theta,2026-05-27 00:00:00+00:00,29.80622685185185,False,False,36.62623102262009,41.546880553679244,60.40394856284832,1.2288113891324193,14.529162291930334,0.20833333333333334
Theta,2026-05-28 00:00:00+00:00,16.140972222222224,False,False,18.603691189071267,20.216613823175745,51.6344928924663,1.1525756275980992,5.137923871867002,0.8333333333333334
Theta,2026-05-29 00:00:00+00:00,9.932488425925925,False,False,34.409280823324735,37.4183857331546,80.74385555692636,3.46431622648652,9.952079734520133,0.5138888888888888
Theta,2026-05-30 00:00:00+00:00,10.644780092592592,False,False,18.025774425964915,23.084572483595657,94.9060571533654,1.6933909643195497,5.600209730090743,0.8611111111111112
Theta,2026-05-31 00:00:00+00:00,6.22925925925926,False,False,19.238849494942524,23.819219187233553,132.2655103638512,3.088465047645211,5.82791201167733,0.8333333333333334
Theta,2026-06-01 00:00:00+00:00,7.080347222222223,False,False,17.129141113084042,20.461522684302025,84.91038279973844,2.4192515671156487,5.3776677031851,0.9305555555555556
RandomForest,2025-07-01 00:00:00+00:00,25.592407407407407,False,False,16.89540362452616,25.09043001388717,34.43872789906099,0.6601725017723808,6.080363224984267,0.5555555555555556
RandomForest,2025-07-02 00:00:00+00:00,38.74896990740741,False,False,74.22298009946596,80.62606243198518,85.14441827745057,1.9154826638443672,33.79216645074514,0.06944444444444445
RandomForest,2025-07-03 00:00:00+00:00,9.429803240740743,False,False,5.026497410576596,6.593502889818769,15.189765952746765,0.5330437213005674,1.8720883681567486,0.9583333333333334
RandomForest,2025-07-04 00:00:00+00:00,8.454027777777778,False,False,11.116364920906047,14.59701159021963,31.170371750843028,1.3149193748956536,3.4523628966692583,0.9305555555555556
RandomForest,2025-07-05 00:00:00+00:00,18.460520833333334,False,False,8.785799012448845,15.170889900908795,27.41399376230269,0.4759236801480011,3.544122442903745,0.7777777777777778
RandomForest,2025-07-06 00:00:00+00:00,14.629305555555554,False,False,11.19824247511107,18.859512707566555,29.456599151979223,0.765466442175615,4.268435905458726,0.8055555555555556
RandomForest,2025-07-07 00:00:00+00:00,13.49300925925926,False,False,10.463297977640554,16.980014934932235,27.15107814556036,0.7754606683057275,4.014825061349149,0.7777777777777778
RandomForest,2025-07-08 00:00:00+00:00,12.906782407407407,False,False,21.204139894462717,30.314108562514328,43.12424083264717,1.6428680073116693,7.91889983844204,0.5555555555555556
RandomForest,2025-07-09 00:00:00+00:00,33.95109953703704,False,False,25.94927064364208,29.057293821281505,55.030738267173376,0.7643131149650746,10.100956172461162,0.16666666666666666
RandomForest,2025-07-10 00:00:00+00:00,17.20474537037037,False,False,34.12603592952213,36.952894079123084,94.32725134016376,1.9835246145690264,12.87459491905438,0.125
RandomForest,2025-07-11 00:00:00+00:00,11.368680555555557,False,False,21.57756854975391,25.850285132331624,142.36947296238375,1.8979835385742767,7.3507118576312145,0.3611111111111111
RandomForest,2025-07-12 00:00:00+00:00,52.02465277777779,False,False,49.399101793978666,100.38061688971555,57.973111150502234,0.9495325611299299,21.899588633765926,0.4305555555555556
RandomForest,2025-07-13 00:00:00+00:00,28.16582175925926,False,False,24.3368031084277,28.1934097615966,45.899233859123534,0.8640544315177736,8.869695309485923,0.3333333333333333
RandomForest,2025-07-14 00:00:00+00:00,8.859305555555556,False,False,24.41126135264222,27.594219975155042,55.61411781239626,2.7554373420763474,8.563526842972596,0.3194444444444444
RandomForest,2025-07-15 00:00:00+00:00,24.954976851851853,False,False,16.581041514447122,18.86446606993239,65.26061194105002,0.6644382646749152,5.477621746648403,0.3472222222222222
RandomForest,2025-07-16 00:00:00+00:00,23.476076388888888,False,False,9.731201444829615,12.702104871799406,80.14454555079618,0.41451566623097824,3.127362975115838,0.7916666666666666
RandomForest,2025-07-17 00:00:00+00:00,10.92471064814815,False,False,13.880636429153187,19.63945300476985,72.23530443968488,1.2705724550705695,5.123934284157659,0.5972222222222222
RandomForest,2025-07-18 00:00:00+00:00,8.932384259259258,False,False,13.72690192881286,18.609161467469207,79.0040710751164,1.5367567639719073,4.940986125185433,0.5694444444444444
RandomForest,2025-07-19 00:00:00+00:00,60.14989583333334,False,False,15.724881725234496,20.5344884045354,133.97095971678021,0.26142824534236714,5.307012556427614,0.5833333333333334
RandomForest,2025-07-20 00:00:00+00:00,38.696168981481485,False,False,9.22057376705083,12.790936185142115,49.64995757283292,0.2382813081952233,3.0996635702744695,0.8472222222222222
RandomForest,2025-07-21 00:00:00+00:00,10.894560185185188,False,False,9.306029882869849,13.26987798041904,35.08065716421654,0.8541905065176032,3.219448026824266,0.8055555555555556
RandomForest,2025-07-22 00:00:00+00:00,8.963090277777777,False,False,11.819403840118957,14.773508742161795,99.31210781940162,1.3186750856925817,3.787707958975352,0.6666666666666666
RandomForest,2025-07-23 00:00:00+00:00,6.148333333333333,False,False,12.504142201362846,17.382695421806947,75.38583368127578,2.0337450042878036,4.126801602996292,0.7083333333333334
RandomForest,2025-07-24 00:00:00+00:00,8.587928240740741,False,False,19.335290213926246,23.970170142743058,106.68212526571035,2.25144990408752,6.794068464175621,0.4444444444444444
RandomForest,2025-07-25 00:00:00+00:00,21.549166666666665,False,False,18.885927760612454,24.72171893011297,41.470125441915926,0.8764110488702171,6.746856949142063,0.5
RandomForest,2025-07-26 00:00:00+00:00,14.584178240740743,False,False,18.227071774372334,20.863396196382965,46.5905671732441,1.2497839421253922,5.899058196268011,0.4027777777777778
RandomForest,2025-07-27 00:00:00+00:00,7.8231828703703705,False,False,11.712312755841591,15.092809918368923,60.57885909797738,1.4971288476715743,3.8282312373359404,0.6527777777777778
RandomForest,2025-07-28 00:00:00+00:00,9.630636574074073,False,False,14.144183821588804,20.434198060354635,82.86034366810331,1.4686655147662118,5.126280227682829,0.6944444444444444
RandomForest,2025-07-29 00:00:00+00:00,15.900150462962964,False,False,14.687598760080574,21.161800364507197,49.69682237780593,0.9237396082693149,5.247377269285907,0.6527777777777778
RandomForest,2025-07-30 00:00:00+00:00,23.051689814814814,False,False,24.56750519418419,35.08247172977215,53.18623266742956,1.0657572347861106,9.36695526460587,0.3333333333333333
RandomForest,2025-07-31 00:00:00+00:00,33.38466435185185,False,False,76.83796121340589,116.34186955663814,74.50598433495317,2.301594540642541,34.38712159781918,0.1527777777777778
RandomForest,2025-08-01 00:00:00+00:00,24.084745370370374,False,False,17.0869153159394,24.022250438043212,28.657188000091015,0.7094496974404442,6.116014016000885,0.625
RandomForest,2025-08-02 00:00:00+00:00,24.0771875,False,False,23.971356433155822,27.999404736659628,45.69188643219226,0.9956045087556767,11.000263853158865,0.08333333333333333
RandomForest,2025-08-03 00:00:00+00:00,11.675173611111111,False,False,17.96606917450278,20.41282783168614,57.78585153298669,1.5388267252321375,8.203185960221385,0.09722222222222222
RandomForest,2025-08-04 00:00:00+00:00,12.069548611111111,False,False,23.278646898892454,23.976968165390026,60.646710223813,1.928708988956087,10.677885457707639,0.013888888888888888
RandomForest,2025-08-05 00:00:00+00:00,12.442928240740741,False,False,10.760047033892874,12.62944450687059,43.71525723653084,0.8647519961308012,4.358461887661131,0.16666666666666666
RandomForest,2025-08-06 00:00:00+00:00,20.331157407407407,False,False,9.25167772582062,11.540928933149363,44.19325669724302,0.45504923996357854,3.8343064598436656,0.20833333333333334
RandomForest,2025-08-07 00:00:00+00:00,29.053194444444443,False,False,15.222600571297843,21.471515271137722,47.390072065570585,0.5239561728885448,6.841205260602588,0.25
RandomForest,2025-08-08 00:00:00+00:00,34.689097222222216,False,False,16.77436344922092,22.495235067089162,73.644106808051,0.4835629864266136,7.536166209214941,0.1111111111111111
RandomForest,2025-08-09 00:00:00+00:00,25.395208333333336,False,False,16.474377986084335,22.756399606692487,102.59363717237247,0.6487199384168995,7.449720478984882,0.1527777777777778
RandomForest,2025-08-10 00:00:00+00:00,10.928773148148148,False,False,13.20338876199921,18.100029947292864,42.56627713850206,1.2081309203711024,5.742049780417273,0.25
RandomForest,2025-08-11 00:00:00+00:00,13.578888888888889,False,False,11.735171984804772,15.16215591096292,31.456872048442442,0.8642218137897304,5.120949362063879,0.1388888888888889
RandomForest,2025-08-12 00:00:00+00:00,25.48246527777778,False,False,20.333594267575958,25.793273609133156,43.88461972837275,0.7979445491605577,9.262999132343582,0.06944444444444445
RandomForest,2025-08-13 00:00:00+00:00,23.985937500000002,False,False,55.566386237676106,81.15447760165448,63.95183317270082,2.3166234898125664,26.717207548259896,0.08333333333333333
RandomForest,2025-08-14 00:00:00+00:00,13.576927083333334,False,False,21.641230300383974,24.137154239161397,52.98354437133346,1.5939711664909917,9.905807208368882,0.041666666666666664
RandomForest,2025-08-15 00:00:00+00:00,12.374131944444445,False,False,20.42855591165578,22.505471203379106,56.23013124039932,1.650908201348822,9.290704242177062,0.05555555555555555
RandomForest,2025-08-16 00:00:00+00:00,14.61224537037037,False,False,15.448360605171823,19.926369830994016,42.17714017349474,1.057220174833422,6.813138077605932,0.2361111111111111
RandomForest,2025-08-17 00:00:00+00:00,13.685046296296296,False,False,21.550783097319258,28.152891770859288,54.213653651321316,1.5747687388643863,10.02595487804016,0.1111111111111111
RandomForest,2025-08-18 00:00:00+00:00,14.104664351851852,False,False,37.271967636993764,48.82486578607941,78.59212434499744,2.642527798408772,17.66028624761724,0.08333333333333333
RandomForest,2025-08-19 00:00:00+00:00,23.564027777777778,False,False,56.371311939969736,67.56412793795432,60.18740035890197,2.3922613091269183,27.308605321871187,0.013888888888888888
RandomForest,2025-08-20 00:00:00+00:00,12.98171296296296,False,False,23.973247353386643,28.53367966685095,53.33662306016023,1.8466936853235556,11.312144992610001,0.05555555555555555
RandomForest,2025-08-21 00:00:00+00:00,29.798315972222227,False,False,27.489209529661935,39.57604798914622,41.24252915055687,0.9225088275219034,12.864535133542454,0.1527777777777778
RandomForest,2025-08-22 00:00:00+00:00,13.433124999999999,False,False,20.136752806740123,22.7141364796243,44.63957101101175,1.4990371046752058,9.258959620270625,0.041666666666666664
RandomForest,2025-08-23 00:00:00+00:00,14.15365740740741,False,False,19.649519585194,21.470214614983437,49.23714227452993,1.388299788499211,8.784025139195565,0.027777777777777776
RandomForest,2025-08-24 00:00:00+00:00,16.118402777777778,False,False,22.684140489659665,28.441400978470103,46.006280915444165,1.407344189272524,10.356131950844938,0.09722222222222222
RandomForest,2025-08-25 00:00:00+00:00,14.469074074074074,False,False,52.982021139678785,63.55546250397237,83.45854983039186,3.6617423387591086,25.40184133875591,0.027777777777777776
RandomForest,2025-08-26 00:00:00+00:00,29.61265046296296,False,False,27.825025549922415,32.79249559474038,56.02898428472884,0.939633066102058,13.04478567367857,0.027777777777777776
RandomForest,2025-08-27 00:00:00+00:00,15.542800925925924,False,False,15.518277531903838,18.25391356811878,35.80176744245215,0.9984222023984635,6.779805227605027,0.1527777777777778
RandomForest,2025-08-28 00:00:00+00:00,38.10836805555555,False,False,26.883813280429113,29.952369484597305,72.0172506633436,0.7054569547884355,12.54451998681097,0.05555555555555555
RandomForest,2025-08-29 00:00:00+00:00,10.51587962962963,False,False,44.38493602577045,63.79839004486337,74.02256049504845,4.220753526001865,21.24180353412596,0.027777777777777776
RandomForest,2025-08-30 00:00:00+00:00,10.106469907407408,False,False,17.118655624618672,18.772696510745142,46.054216120191526,1.6938313557013385,7.588292989064875,0.041666666666666664
RandomForest,2025-08-31 00:00:00+00:00,18.541041666666665,False,False,12.904291100488974,15.299304209461832,35.12128498918309,0.6959852273935873,5.513974519419498,0.16666666666666666
RandomForest,2025-09-01 00:00:00+00:00,15.252546296296297,False,False,10.100154620656376,15.508714909875511,27.73638236421036,0.6621946542203874,4.267528750060902,0.2916666666666667
RandomForest,2025-09-02 00:00:00+00:00,16.35789351851852,False,False,21.50121804367105,23.08735259526377,53.556992425581875,1.3144246243765954,9.711383754663425,0.041666666666666664
RandomForest,2025-09-03 00:00:00+00:00,12.73765046296296,False,False,23.77897948483995,29.190367594879156,51.59818004139788,1.8668261901189442,10.99503125948491,0.125
RandomForest,2025-09-04 00:00:00+00:00,21.25173611111111,False,False,41.35264932169249,47.12797047058842,93.29646416822973,1.945848052389092,19.68997710739096,0.027777777777777776
RandomForest,2025-09-05 00:00:00+00:00,14.96193287037037,False,False,102.6567657102159,116.38427228113427,114.13493165422297,6.861196785176774,50.17381672509659,0.013888888888888888
RandomForest,2025-09-06 00:00:00+00:00,12.201678240740742,False,False,32.76418891105811,42.11210683127949,61.42321521369717,2.685219874235026,15.44737190229303,0.06944444444444445
RandomForest,2025-09-07 00:00:00+00:00,6.696481481481481,False,False,31.333901622463525,39.659238512566695,62.51918106588471,4.679159004488345,14.791437127300904,0.09722222222222222
RandomForest,2025-09-08 00:00:00+00:00,11.930543981481483,False,False,15.316137376506358,17.98306753882286,61.67569592097192,1.2837752746463174,6.600405530157048,0.1111111111111111
RandomForest,2025-09-09 00:00:00+00:00,14.096458333333334,False,False,13.50890038429376,16.280141856690296,61.202117351914,0.9583187538922312,5.8152925512744345,0.09722222222222222
RandomForest,2025-09-10 00:00:00+00:00,16.7190625,False,False,11.211425689123539,13.434894354061031,42.25630482520245,0.6705774136033966,4.556496226836069,0.1388888888888889
RandomForest,2025-09-11 00:00:00+00:00,12.884409722222223,False,False,29.267106029448126,35.95166650878042,70.14164346553932,2.2715131434364473,13.748454371914853,0.027777777777777776
RandomForest,2025-09-12 00:00:00+00:00,11.97099537037037,False,False,47.9969907704378,66.90773526968927,94.43952587469349,4.009440258346105,23.198860296907316,0.0
RandomForest,2025-09-13 00:00:00+00:00,17.90605324074074,False,False,24.55858594998029,34.93320675180412,58.40507064228956,1.3715242337213305,11.321061251862957,0.09722222222222222
RandomForest,2025-09-14 00:00:00+00:00,14.176145833333333,False,False,72.05953081498004,92.29925036446227,92.66039099046543,5.0831538883821,35.10124821081225,0.05555555555555555
RandomForest,2025-09-15 00:00:00+00:00,15.779490740740739,False,False,17.23795747901602,19.759534008825344,46.195084959102395,1.092427997977761,7.641836389196869,0.06944444444444445
RandomForest,2025-09-16 00:00:00+00:00,12.501087962962963,False,False,28.386913370732056,29.792927195880566,75.80440144744927,2.270755429834116,13.180920752721477,0.05555555555555555
RandomForest,2025-09-17 00:00:00+00:00,12.539756944444443,False,False,29.115699547102224,38.562976192402424,63.4160579801568,2.321871123666517,13.66534163597578,0.1111111111111111
RandomForest,2025-09-18 00:00:00+00:00,14.145231481481481,False,False,58.08726139590908,82.39578706299211,75.07469558966267,4.106490690658205,28.180377721133016,0.05555555555555555
RandomForest,2025-09-19 00:00:00+00:00,12.568773148148146,False,False,28.69374084060064,31.249350998096396,61.57107815563675,2.2829388757667495,13.164061455194712,0.041666666666666664
RandomForest,2025-09-20 00:00:00+00:00,7.397951388888888,False,False,22.965124894213623,24.586615299547393,61.09769287162299,3.104254635777324,10.72820288410898,0.027777777777777776
RandomForest,2025-09-21 00:00:00+00:00,14.009953703703705,False,False,12.133998396903914,14.135113384950884,47.40822259567346,0.866098393579712,5.330590406353812,0.08333333333333333
RandomForest,2025-09-22 00:00:00+00:00,6.040694444444445,False,False,23.059314319192694,27.197834654431546,54.50821174152923,3.817328376938528,10.555508245827605,0.05555555555555555
RandomForest,2025-09-23 00:00:00+00:00,9.803368055555556,False,False,41.41517578896614,44.72307294932998,87.02604859665426,4.224586443584173,19.721972828570696,0.013888888888888888
RandomForest,2025-09-24 00:00:00+00:00,20.765775462962964,False,False,76.65823214154645,93.02873629925743,97.13211824556723,3.6915660712151643,37.20814529178414,0.0
RandomForest,2025-09-25 00:00:00+00:00,15.485300925925925,False,False,20.128048527167913,23.503685541761257,45.51318800642326,1.2998164274269266,9.12849590285352,0.125
RandomForest,2025-09-26 00:00:00+00:00,12.802858796296297,False,False,48.38846570515966,51.24000580080746,82.77319744276433,3.779504755543959,22.93422077025794,0.013888888888888888
RandomForest,2025-09-27 00:00:00+00:00,8.66511574074074,False,False,63.8049506546402,66.23906966107653,110.63472225090001,7.363427398280293,31.364950383156962,0.0
RandomForest,2025-09-28 00:00:00+00:00,7.170092592592592,False,False,54.57111156749633,63.22044323984866,103.67775991475803,7.610935404638098,26.73412456099204,0.027777777777777776
RandomForest,2025-09-29 00:00:00+00:00,13.71752314814815,False,False,26.329005935172013,30.353975623730367,57.10162456342084,1.9193702573577505,12.60923642244501,0.041666666666666664
RandomForest,2025-09-30 00:00:00+00:00,12.950011574074075,False,False,25.278647560320582,27.904060533263998,55.9509544240776,1.9520173720098009,12.094185434625887,0.027777777777777776
RandomForest,2025-10-01 00:00:00+00:00,22.369687499999998,False,False,29.757964988568606,33.77056409917908,77.39428627964473,1.3302807644750785,14.407539082637632,0.027777777777777776
RandomForest,2025-10-02 00:00:00+00:00,15.714699074074073,False,False,45.373022827824144,53.35999951300949,82.22446977257943,2.887298230398826,22.17666802867745,0.0
RandomForest,2025-10-03 00:00:00+00:00,19.23453703703704,False,False,81.91291300577473,89.71080909276924,107.04285582924487,4.258637098883504,40.44063775232303,0.013888888888888888
RandomForest,2025-10-04 00:00:00+00:00,12.940219907407405,False,False,29.75873087345762,33.033580824552836,98.6506322737733,2.299708280569695,14.364776595039215,0.041666666666666664
RandomForest,2025-10-05 00:00:00+00:00,11.617731481481481,False,False,16.05440322640868,20.716338105190136,101.84547128860548,1.3818879573864484,7.556727176557861,0.1111111111111111
RandomForest,2025-10-06 00:00:00+00:00,13.979884259259258,False,False,32.530357331878776,41.114709488176146,68.25528239223027,2.3269403901060937,15.715243211863319,0.027777777777777776
RandomForest,2025-10-07 00:00:00+00:00,16.990526620370375,False,False,71.41239669653689,79.38725275500414,95.51057463785088,4.20307141103671,35.16336398013224,0.0
RandomForest,2025-10-08 00:00:00+00:00,15.330381944444444,False,False,19.461891975303633,23.496879310365035,41.28678051013084,1.269498179877795,9.17160899213967,0.027777777777777776
RandomForest,2025-10-09 00:00:00+00:00,13.605879629629632,False,False,51.0636831889792,58.480417663829265,78.06849066482049,3.7530600430844183,24.982129901830803,0.0
RandomForest,2025-10-10 00:00:00+00:00,14.625069444444446,False,False,52.23931557203548,57.18148544691787,84.71800748993952,3.5719020528739693,25.564425258710827,0.0
RandomForest,2025-10-11 00:00:00+00:00,14.75380787037037,False,False,83.78929782042462,93.5604849782123,115.67516905112814,5.679164223677886,41.37712783095933,0.0
RandomForest,2025-10-12 00:00:00+00:00,16.312592592592594,False,False,56.97469872958652,61.14472653357556,122.74290149661171,3.4926820127573244,27.91126598467791,0.027777777777777776
RandomForest,2025-10-13 00:00:00+00:00,22.042025462962965,False,False,69.66540014834422,80.5392021218073,85.87375111913138,3.1605716210337578,34.290047994551465,0.0
RandomForest,2025-10-14 00:00:00+00:00,13.35359375,False,False,45.11306336220251,51.538715630835505,93.2839783006346,3.3783462494658045,21.9854112182523,0.013888888888888888
RandomForest,2025-10-15 00:00:00+00:00,18.150462962962962,False,False,80.93986197930356,87.7734098476412,115.94986644503165,4.4593827796274885,39.89885710981695,0.0
RandomForest,2025-10-16 00:00:00+00:00,25.637511574074075,False,False,57.59729634757619,63.43781051918105,131.49233760367613,2.246602451301141,28.317342528214663,0.0
RandomForest,2025-10-17 00:00:00+00:00,19.867476851851855,False,False,14.45455291375939,19.12805252446541,69.53605076099937,0.7275484965476164,6.783808495635474,0.08333333333333333
RandomForest,2025-10-18 00:00:00+00:00,13.779050925925926,False,False,80.83980109560405,85.72437779180424,129.00738771501753,5.8668627854114535,39.925887742950316,0.027777777777777776
RandomForest,2025-10-19 00:00:00+00:00,23.621006944444446,False,False,19.861568959950667,25.776301063998268,102.18702053871094,0.8408434495051033,9.464854313941446,0.06944444444444445
RandomForest,2025-10-20 00:00:00+00:00,40.448182870370374,False,False,34.09918997894548,39.061074642407625,134.81209807174557,0.8430339154722389,16.551241699879455,0.013888888888888888
RandomForest,2025-10-21 00:00:00+00:00,16.331168981481483,False,False,57.496567868016704,70.97945657338585,109.01196422697939,3.520664560706842,28.28055777241698,0.013888888888888888
RandomForest,2025-10-22 00:00:00+00:00,20.50655092592593,False,False,85.04415744967196,90.41158067470396,122.52411305620114,4.147170226571486,42.03633908644743,0.013888888888888888
RandomForest,2025-10-23 00:00:00+00:00,18.201620370370367,False,False,69.7093513909553,75.93816380311294,104.32856340942489,3.829843166294807,34.28616068263536,0.0
RandomForest,2025-10-24 00:00:00+00:00,17.438587962962963,False,False,17.202748364380078,20.223138515814316,44.1464569790049,0.9864759922601661,8.085848151535977,0.06944444444444445
RandomForest,2025-10-25 00:00:00+00:00,29.684907407407408,False,False,16.429390226105532,21.30762929690371,33.425583051345534,0.5534593724892615,7.6953613202484705,0.09722222222222222
RandomForest,2025-10-26 00:00:00+00:00,27.72028935185185,False,False,26.472051779227165,30.122066072649282,49.36894760604676,0.9549702545748753,12.719561128116572,0.041666666666666664
RandomForest,2025-10-27 00:00:00+00:00,37.07189814814814,False,False,56.31146551046102,64.04554096737183,82.34794951266224,1.5189798290183842,27.62450741577651,0.027777777777777776
RandomForest,2025-10-28 00:00:00+00:00,31.069247685185182,False,False,105.40562953538931,110.34692992538143,142.38331497546014,3.3926032134228374,52.14466438279072,0.0
RandomForest,2025-10-29 00:00:00+00:00,42.35157407407408,False,False,21.483624464120645,27.414111152872096,86.80361339307319,0.5072686183173544,10.206019163743433,0.09722222222222222
RandomForest,2025-10-30 00:00:00+00:00,22.793622685185184,False,False,48.01032293371025,66.4009971492941,72.91373162626749,2.106305065974211,23.504889935728148,0.09722222222222222
RandomForest,2025-10-31 00:00:00+00:00,27.726145833333334,False,False,36.10444098787422,49.457741659422574,80.4812550092766,1.3021803032020487,17.540364953984447,0.027777777777777776
RandomForest,2025-11-01 00:00:00+00:00,18.29991898148148,False,False,14.140035187216487,17.57313995860242,34.89810106092761,0.7726829392810663,6.5270014179134614,0.027777777777777776
RandomForest,2025-11-02 00:00:00+00:00,21.35304398148148,False,False,62.23129539749433,72.1542831471262,115.44481886820992,2.914399251528948,30.571522655543234,0.013888888888888888
RandomForest,2025-11-03 00:00:00+00:00,33.91616898148148,False,False,80.92345625583026,84.90720863582202,150.93210481340455,2.3859845815727345,39.94420227746913,0.0
RandomForest,2025-11-04 00:00:00+00:00,21.33646990740741,False,False,90.8411284556646,96.298794215091,162.84759249775792,4.257551921657255,44.92640630379506,0.0
RandomForest,2025-11-05 00:00:00+00:00,27.436886574074077,False,False,31.77909079426418,39.77433790634664,99.5432774722132,1.158261550867553,15.37538858739873,0.0
RandomForest,2025-11-06 00:00:00+00:00,11.70070601851852,False,False,80.28982341710599,85.86386495597257,112.52852700550118,6.861963995166836,39.63338289781786,0.0
RandomForest,2025-11-07 00:00:00+00:00,32.83537037037038,False,False,35.22697188096551,43.68674963166205,98.44256323263151,1.0728361362646068,17.08149697055573,0.013888888888888888
RandomForest,2025-11-08 00:00:00+00:00,25.559421296296293,False,False,91.74424083493666,96.79254113648332,113.67073160170959,3.5894490634743335,45.365697922268645,0.0
RandomForest,2025-11-09 00:00:00+00:00,25.30513888888889,False,False,37.763066190473836,47.50318913753987,138.51666498125473,1.4923081970142846,18.423827263942155,0.16666666666666666
RandomForest,2025-11-10 00:00:00+00:00,24.95175925925926,False,False,45.98736318963251,65.89128642667823,80.11729882582314,1.8430509332750646,22.494185581050868,0.027777777777777776
RandomForest,2025-11-11 00:00:00+00:00,6.010625,False,False,49.10767538228971,56.660112060907444,150.65088076532248,8.170144599320322,24.022510901834817,0.0
RandomForest,2025-11-12 00:00:00+00:00,11.540023148148148,False,False,12.200137246182834,16.131916978751622,51.607919430688774,1.0572021467860415,5.587035863710828,0.013888888888888888
RandomForest,2025-11-13 00:00:00+00:00,18.470023148148147,False,False,78.05321155093897,85.75649986130132,128.91662606858662,4.2259401043991,38.51285423027333,0.0
RandomForest,2025-11-14 00:00:00+00:00,26.308391203703703,False,False,70.49497942868499,77.64879946647433,131.8366051773055,2.679562535118479,34.70658157419417,0.0
RandomForest,2025-11-15 00:00:00+00:00,36.42067129629629,False,False,38.0984982088146,40.64648666247207,126.23166189602308,1.0460679842737806,18.477275805214287,0.013888888888888888
RandomForest,2025-11-16 00:00:00+00:00,29.978449074074074,False,False,17.691223040541118,20.802222011005238,43.725528119126494,0.5901313639283902,8.334773076327552,0.041666666666666664
RandomForest,2025-11-17 00:00:00+00:00,18.24554398148148,False,False,62.1757694958244,67.10476889756885,103.28763289022167,3.407723527395533,30.58292176315903,0.013888888888888888
RandomForest,2025-11-18 00:00:00+00:00,54.36366898148148,False,False,30.110150688428277,45.05400386902493,59.52599106400538,0.5538653157991423,14.587955772213727,0.125
RandomForest,2025-11-19 00:00:00+00:00,42.682905092592584,False,False,51.69750398887683,61.05052995623438,60.694355996387685,1.2111992816967065,25.335205992677718,0.013888888888888888
RandomForest,2025-11-20 00:00:00+00:00,27.63351851851852,False,False,48.7731526373204,53.06310349942206,77.57597572567873,1.764999726858352,23.874184363518854,0.0
RandomForest,2025-11-21 00:00:00+00:00,15.819236111111113,False,False,19.156307186482096,22.96391585695159,59.0258314972566,1.2109502034062878,9.102621883575681,0.09722222222222222
RandomForest,2025-11-22 00:00:00+00:00,40.30236111111111,False,False,35.79250130632545,45.05745098353901,52.907434645754414,0.8880993648895096,17.38378402623361,0.08333333333333333
RandomForest,2025-11-23 00:00:00+00:00,20.285462962962963,False,False,52.10118138136502,55.952207654919896,97.33031676726524,2.5683999165555624,25.514326293731486,0.013888888888888888
RandomForest,2025-11-24 00:00:00+00:00,18.166030092592592,False,False,13.955712930119013,19.746491069796612,40.32800219105074,0.7682313008943883,6.481735024107551,0.1527777777777778
RandomForest,2025-11-25 00:00:00+00:00,43.79054398148148,False,False,40.04186117651401,52.49073117186284,56.87911114135584,0.9143951532880537,19.50431071951355,0.05555555555555555
RandomForest,2025-11-26 00:00:00+00:00,39.472071759259265,False,False,37.40289006628006,43.0600718666036,104.92882400280862,0.9475785890946091,18.16507713826314,0.0
RandomForest,2025-11-27 00:00:00+00:00,13.770243055555556,False,False,23.109290236731276,25.084501265554202,50.75847437398016,1.6782049629405718,11.039929461691642,0.0
RandomForest,2025-11-28 00:00:00+00:00,18.528738425925926,False,False,26.02718687734693,28.631829406656575,111.85821760080898,1.4046928764955182,12.501234363793175,0.0
RandomForest,2025-11-29 00:00:00+00:00,46.82982638888889,False,False,6.08610335451234,8.697769153771588,75.33976125405589,0.1299621165359768,2.593713773455358,0.2222222222222222
RandomForest,2025-11-30 00:00:00+00:00,25.589131944444446,False,False,18.945059666212178,25.665469514483355,76.63606867111415,0.740355698948407,9.015805859571334,0.1388888888888889
RandomForest,2025-12-01 00:00:00+00:00,36.573125000000005,False,False,48.72640096358557,58.78793070964969,51.500380508058406,1.3323007252890082,23.857473829578208,0.027777777777777776
RandomForest,2025-12-02 00:00:00+00:00,69.59319444444444,False,False,82.57276185523735,97.3852810191035,108.51722687436225,1.186506274275919,40.74343808928047,0.0
RandomForest,2025-12-03 00:00:00+00:00,21.03315972222222,False,False,8.409188670449176,11.643299169538682,56.36865054946123,0.39980624792025865,3.645119200794929,0.3194444444444444
RandomForest,2025-12-04 00:00:00+00:00,24.26384259259259,False,False,25.644487907302146,34.726447813324356,78.16558069718477,1.056901346496991,12.236528012557033,0.08333333333333333
RandomForest,2025-12-05 00:00:00+00:00,33.67545717592592,False,False,90.02589776265954,108.47040123193965,95.61715828312794,2.6733385471903173,44.33657676496889,0.0
RandomForest,2025-12-06 00:00:00+00:00,35.794317129629626,False,False,25.57094161631221,32.7195780728361,62.55278656162043,0.7143855133122581,12.173865836368849,0.05555555555555555
RandomForest,2025-12-07 00:00:00+00:00,22.03747685185185,False,False,23.89814385949641,28.357978570322967,63.84923050930138,1.0844319438270087,11.307108570050824,0.027777777777777776
RandomForest,2025-12-08 00:00:00+00:00,28.71826388888889,False,False,30.353574347532337,43.14521055735162,62.75933451650987,1.0569432213928553,14.535625625215225,0.05555555555555555
RandomForest,2025-12-09 00:00:00+00:00,79.52473379629629,False,False,32.60901826879872,36.86217056165487,87.60189028203715,0.4100487573127522,15.652634092051636,0.0
RandomForest,2025-12-10 00:00:00+00:00,25.7221875,False,False,25.06815419279225,28.612607279808447,118.09482981570605,0.9745731848347754,11.888691436416229,0.013888888888888888
RandomForest,2025-12-11 00:00:00+00:00,36.84158564814815,False,False,83.62167700313572,103.34692550737009,128.0545395325268,2.2697632453107777,41.16047337275432,0.027777777777777776
RandomForest,2025-12-12 00:00:00+00:00,20.148663194444445,False,False,21.24047185490402,24.312893011154436,65.06400480793513,1.0541876475835188,10.01054041884996,0.013888888888888888
RandomForest,2025-12-13 00:00:00+00:00,19.73253472222222,False,False,27.741911009043083,33.531132697154625,75.61002277393285,1.4058969817902274,13.25113620068516,0.041666666666666664
RandomForest,2025-12-14 00:00:00+00:00,28.067824074074075,False,False,24.924097825736037,31.894451443771523,87.83838887287519,0.887995370070676,11.834324645524978,0.09722222222222222
RandomForest,2025-12-15 00:00:00+00:00,88.14015046296295,False,False,141.32245400329055,166.8033778598661,115.31052188263176,1.6033833986098667,70.03616728055725,0.05555555555555555
RandomForest,2025-12-16 00:00:00+00:00,7.9099652777777765,False,False,27.85323783657561,31.58242869546906,80.97043353667969,3.5212844631349243,13.240290229554837,0.027777777777777776
RandomForest,2025-12-17 00:00:00+00:00,36.782916666666665,False,False,18.756000406468598,31.008995857214334,38.95275656727708,0.5099106353212501,8.773647147992028,0.1527777777777778
RandomForest,2025-12-18 00:00:00+00:00,18.905335648148153,False,False,35.13371254911551,48.40651056773781,135.0142908351386,1.8584019455140954,16.88954672933725,0.06944444444444445
RandomForest,2025-12-19 00:00:00+00:00,23.632916666666667,False,False,27.10266959139004,32.76705945965516,109.922981970956,1.1468186501760627,12.875562564831233,0.09722222222222222
RandomForest,2025-12-20 00:00:00+00:00,17.76171296296296,False,False,11.33684512391833,16.032764570688332,79.33962778187303,0.6382743121430979,5.0554013685398935,0.2638888888888889
RandomForest,2025-12-21 00:00:00+00:00,18.17896990740741,False,False,29.772189938329706,53.705414713955264,61.827304001640435,1.6377270048837251,14.169040317805775,0.027777777777777776
RandomForest,2025-12-22 00:00:00+00:00,101.52644675925927,False,False,34.74905445864855,36.76541823002645,128.2989763084807,0.34226603577534753,16.698651103876276,0.013888888888888888
RandomForest,2025-12-23 00:00:00+00:00,22.481203703703706,False,False,13.74996643043928,20.092527088688055,91.44420996931221,0.6116205614103313,6.233329938725956,0.125
RandomForest,2025-12-24 00:00:00+00:00,34.32805555555555,False,False,103.84820210403063,113.75869824123153,153.78840581409165,3.0251699498669726,51.22291413779926,0.0
RandomForest,2025-12-25 00:00:00+00:00,12.023530092592592,False,False,36.245863434967355,38.22950746878498,134.47613746572858,3.014577512248051,17.43976874713344,0.0
RandomForest,2025-12-26 00:00:00+00:00,21.210729166666667,False,False,8.660380652880226,11.38607782376365,69.20587178051065,0.4083018827325507,3.8170009456291276,0.3611111111111111
RandomForest,2025-12-27 00:00:00+00:00,10.18861111111111,False,False,30.22190434906655,32.626350326448076,138.70729003946843,2.966243781363712,14.465913500469918,0.013888888888888888
RandomForest,2025-12-28 00:00:00+00:00,22.232141203703705,False,False,7.61260433952717,9.962717175390042,103.91469894325994,0.3424143572036583,3.22003354139613,0.19444444444444445
RandomForest,2025-12-29 00:00:00+00:00,25.714479166666663,False,False,20.96426032095056,29.796234803986373,98.94649319444582,0.8152706568572562,9.873995318361885,0.1111111111111111
RandomForest,2025-12-30 00:00:00+00:00,34.40138888888889,False,False,139.08582109083025,171.55194935009786,118.29148170780017,4.043029237571068,68.84352456084356,0.0
RandomForest,2025-12-31 00:00:00+00:00,21.10957175925926,False,False,8.959334681086839,10.96381407305751,25.33403417114678,0.4244204848521865,3.7980785484770494,0.16666666666666666
RandomForest,2026-01-01 00:00:00+00:00,17.20872685185185,False,False,22.962316135242855,24.350582518205005,69.1197151629511,1.3343413683605452,10.79210543059503,0.027777777777777776
RandomForest,2026-01-02 00:00:00+00:00,11.871331018518518,False,False,16.17684267302348,18.321433734799253,126.48760192054662,1.3626814590367868,7.451672113340592,0.09722222222222222
RandomForest,2026-01-03 00:00:00+00:00,11.644849537037036,False,False,9.301996239474347,10.750627220447434,48.70360766133466,0.7988077656039158,4.037492400682407,0.06944444444444445
RandomForest,2026-01-04 00:00:00+00:00,13.408275462962962,False,False,31.881225729745,34.192899851431484,116.41158341354725,2.3777275323593243,15.23824349881294,0.0
RandomForest,2026-01-05 00:00:00+00:00,24.661863425925926,False,False,18.58854517678789,19.94799783442768,118.5495928525685,0.7537364413934178,8.604748315033428,0.013888888888888888
RandomForest,2026-01-06 00:00:00+00:00,23.47164351851852,False,False,12.7820684458904,17.07588558733443,81.01209295773518,0.5445749223230013,5.793138256896992,0.18055555555555555
RandomForest,2026-01-07 00:00:00+00:00,21.52386574074074,False,False,34.25605532378557,38.234089251109644,97.3246216384506,1.5915382365048452,16.422978896059366,0.027777777777777776
RandomForest,2026-01-08 00:00:00+00:00,18.982453703703705,False,False,38.820794511284696,45.323491962493904,135.03825979409615,2.045088328265502,18.78026037109372,0.0
RandomForest,2026-01-09 00:00:00+00:00,30.61946759259259,False,False,20.931756931698942,24.966732594492488,86.36579924845594,0.6836094346971179,9.795056319057622,0.05555555555555555
RandomForest,2026-01-10 00:00:00+00:00,14.342824074074075,False,False,15.130607058909318,19.069524689377744,131.79868667338783,1.0549252351396563,6.996834468390855,0.2777777777777778
RandomForest,2026-01-11 00:00:00+00:00,17.911319444444445,False,False,12.067917779354076,15.638947252335722,40.45622378109795,0.6737592848357793,5.379556004458159,0.1527777777777778
RandomForest,2026-01-12 00:00:00+00:00,25.223206018518518,False,False,30.738922090811222,36.58942588739162,75.32364730664091,1.218676248699041,14.704563881144438,0.027777777777777776
RandomForest,2026-01-13 00:00:00+00:00,10.350763888888888,False,False,12.927065585947926,16.412123144352385,45.756910568261915,1.248899668151506,5.804060298386047,0.05555555555555555
RandomForest,2026-01-14 00:00:00+00:00,20.590601851851854,False,False,22.1023988168116,28.655095341625422,107.11922125223208,1.0734216986874416,10.413597137680515,0.08333333333333333
RandomForest,2026-01-15 00:00:00+00:00,18.313819444444444,False,False,22.72996530033751,27.448937564838797,127.91085649536728,1.2411373481806778,10.686851838409844,0.05555555555555555
RandomForest,2026-01-16 00:00:00+00:00,35.55108796296296,False,False,20.83471858502011,23.74620081550971,140.7908342291191,0.5860500980089743,9.76319150278749,0.013888888888888888
RandomForest,2026-01-17 00:00:00+00:00,11.657141203703702,False,False,23.27964113094593,26.373170790464364,102.70964138506527,1.997028321450677,10.97890168324484,0.027777777777777776
RandomForest,2026-01-18 00:00:00+00:00,18.301412037037036,False,False,23.964332182380186,28.29091198382771,100.55062157522481,1.3094253128601747,11.351365233415374,0.1111111111111111
RandomForest,2026-01-19 00:00:00+00:00,21.47127314814815,False,False,29.7297718153904,34.45431189852436,114.86925823783653,1.3846301339589882,14.21013728596572,0.05555555555555555
RandomForest,2026-01-20 00:00:00+00:00,26.999039351851852,False,False,33.457199400037894,44.63943102060969,93.38868197915573,1.2391996235133855,16.036933424861996,0.013888888888888888
RandomForest,2026-01-21 00:00:00+00:00,16.780833333333334,False,False,9.815721413818231,12.513621813164468,72.8581147940159,0.5849364700095285,4.392074383903776,0.2777777777777778
RandomForest,2026-01-22 00:00:00+00:00,24.95273148148148,False,False,14.156501553460906,18.66436237139166,46.766992478049744,0.5673327412659038,6.456016527678963,0.125
RandomForest,2026-01-23 00:00:00+00:00,32.32828703703703,False,False,32.45880299365186,36.868286358216515,76.68995749342244,1.004037206068645,15.520690818494458,0.013888888888888888
RandomForest,2026-01-24 00:00:00+00:00,94.17333333333333,False,False,91.33716019565908,128.04605138516766,119.33456551811412,0.9698834793535935,44.999562071599506,0.0
RandomForest,2026-01-25 00:00:00+00:00,118.38245370370367,False,False,105.56234204535778,126.78566616737102,55.63434902473523,0.8917059812729257,52.08437179498089,0.013888888888888888
RandomForest,2026-01-26 00:00:00+00:00,305.5712615740741,False,False,245.59872825296674,345.7928671672755,104.59385063133817,0.8037363428348143,122.01827059142322,0.0
RandomForest,2026-01-27 00:00:00+00:00,63.59155092592592,False,False,76.10336351011398,82.99480902357901,64.69587724022297,1.1967527509867204,35.89811944439693,0.0
RandomForest,2026-01-28 00:00:00+00:00,201.86112268518522,False,False,148.9044827622623,254.39944486623347,79.40661767441412,0.7376580531283775,72.80814693224058,0.013888888888888888
RandomForest,2026-01-29 00:00:00+00:00,24.277118055555558,False,False,63.11466305644123,67.56173846390001,139.42525896028437,2.599759284113137,29.826534548218195,0.05555555555555555
RandomForest,2026-01-30 00:00:00+00:00,28.19950231481481,False,False,24.3828643405733,31.077369907295463,45.22967837375147,0.8646558392544249,10.801306100378056,0.20833333333333334
RandomForest,2026-01-31 00:00:00+00:00,84.77512731481481,False,False,27.77675377289515,31.606927739640327,55.97607903314618,0.3276521622874761,12.347116452139225,0.06944444444444445
RandomForest,2026-02-01 00:00:00+00:00,106.90381944444444,False,False,85.0283707358629,120.9268071932528,86.26961141602946,0.7953726179077284,41.0040424701912,0.027777777777777776
RandomForest,2026-02-02 00:00:00+00:00,305.676875,False,False,32.90233255976436,36.46763025828641,115.76158892214579,0.10763762407530619,14.425671592071424,0.041666666666666664
RandomForest,2026-02-03 00:00:00+00:00,85.57872685185185,False,False,9.024535035412942,13.51874364541677,124.10117828827714,0.10545301814358153,3.6479814840253475,0.5694444444444444
RandomForest,2026-02-04 00:00:00+00:00,198.71862268518518,False,False,20.488325117925008,24.69671002403732,92.35081049878002,0.10310218962408524,8.810516654431611,0.125
RandomForest,2026-02-05 00:00:00+00:00,14.548518518518518,False,False,21.910230470182558,25.995926729147786,123.6395926922562,1.5060111063744026,9.400473002754877,0.06944444444444445
RandomForest,2026-02-06 00:00:00+00:00,25.65394675925926,False,False,19.447486548048598,21.687081140409735,56.48149459469366,0.7580699660191441,8.14465980583428,0.08333333333333333
RandomForest,2026-02-07 00:00:00+00:00,23.650266203703705,False,False,29.15112611129351,34.6057466915398,97.77895492405021,1.2325918812164725,12.92970042855458,0.16666666666666666
RandomForest,2026-02-08 00:00:00+00:00,99.05208333333333,False,False,15.022768047491674,17.616668996081557,70.21396156639138,0.1516653415247871,6.161103823496646,0.1527777777777778
RandomForest,2026-02-09 00:00:00+00:00,27.02111111111111,False,False,19.30617244941058,23.108746232430963,53.988327878788276,0.7144847734063705,8.134153615490368,0.1527777777777778
RandomForest,2026-02-10 00:00:00+00:00,18.865972222222222,False,False,25.883085632572502,28.44117584534003,105.87748876783745,1.3719454967756617,11.51889811530774,0.05555555555555555
RandomForest,2026-02-11 00:00:00+00:00,7.56994212962963,False,False,10.462704329571423,12.334322453038883,62.158290805451124,1.3821379543469938,3.846173245553756,0.3194444444444444
RandomForest,2026-02-12 00:00:00+00:00,15.559560185185186,False,False,12.215541912773853,14.510005638869677,59.78195366066369,0.7850827251791286,4.64674370567354,0.25
RandomForest,2026-02-13 00:00:00+00:00,10.538657407407406,False,False,10.724205093444137,12.214555838372831,37.49607335751914,1.0176063874992571,3.943499369397314,0.25
RandomForest,2026-02-14 00:00:00+00:00,14.306435185185185,False,False,8.131130410622323,11.256665350390135,43.22242643596256,0.5683547512270837,3.0833451471934166,0.5
RandomForest,2026-02-15 00:00:00+00:00,10.642488425925926,False,False,6.748431023736076,9.469576762321644,110.27898052105701,0.6341027355309474,2.4386509435975765,0.6388888888888888
RandomForest,2026-02-16 00:00:00+00:00,28.307430555555555,False,False,23.27521873912928,26.711277435248174,109.53231294049847,0.8222300040072459,9.960608972817353,0.1388888888888889
RandomForest,2026-02-17 00:00:00+00:00,18.25087962962963,False,False,14.936253997860383,17.02950325016171,144.3170800863102,0.8183854313307687,6.099703693568178,0.125
RandomForest,2026-02-18 00:00:00+00:00,7.208310185185184,False,False,12.107067704957835,15.820431197537657,116.48066862404629,1.6795986013255617,4.702510413816512,0.4027777777777778
RandomForest,2026-02-19 00:00:00+00:00,13.319722222222222,False,False,5.652662863679371,8.835079044787518,105.29609178541035,0.42438293902620877,2.0211759503539377,0.6805555555555556
RandomForest,2026-02-20 00:00:00+00:00,11.553854166666667,False,False,21.63789041026536,26.944814533225234,68.50352452086553,1.8727854876939283,9.543610861572803,0.1527777777777778
RandomForest,2026-02-21 00:00:00+00:00,15.099421296296295,False,False,19.57965391306489,22.370306770693503,98.87018303481506,1.2967155183535108,8.288889036664493,0.125
RandomForest,2026-02-22 00:00:00+00:00,16.93173611111111,False,False,21.11605106714278,26.116856563119764,146.09514661293582,1.2471285241261112,9.298040643422018,0.2222222222222222
RandomForest,2026-02-23 00:00:00+00:00,4.224386574074073,False,False,13.800698476732054,17.01352932918316,89.53550676834932,3.2669118308039735,5.4510423856120305,0.3611111111111111
RandomForest,2026-02-24 00:00:00+00:00,8.345173611111111,False,False,16.50938235343509,21.067284398612745,141.24315712268327,1.9783150264787555,7.069440033750627,0.3055555555555556
RandomForest,2026-02-25 00:00:00+00:00,14.710289351851852,False,False,18.04975754836787,21.990967521952804,140.15254812191705,1.2270158061911691,7.393618482880292,0.1527777777777778
RandomForest,2026-02-26 00:00:00+00:00,19.328344907407406,False,False,20.285268865525996,24.948496886615768,74.40683600672396,1.0495088411709717,8.533986556534852,0.027777777777777776
RandomForest,2026-02-27 00:00:00+00:00,13.101145833333332,False,False,29.946749090802566,32.37786669719058,108.11589338448569,2.2858114451797684,13.185573707697179,0.05555555555555555
RandomForest,2026-02-28 00:00:00+00:00,11.75699074074074,False,False,23.008989287057016,25.142659913898505,114.11777343067291,1.9570474957784438,10.095921015375584,0.05555555555555555
RandomForest,2026-03-01 00:00:00+00:00,10.44976851851852,False,False,16.89988209391094,19.778413972695905,92.14124374440854,1.6172494217419147,6.955030898793662,0.1388888888888889
RandomForest,2026-03-02 00:00:00+00:00,14.42292824074074,False,False,10.380724979033737,12.134890641704477,43.397846441345806,0.7197376847311138,3.7323067738967928,0.3055555555555556
RandomForest,2026-03-03 00:00:00+00:00,17.70898148148148,False,False,17.283514789731107,19.863192991080894,104.9618014421452,0.9759745250061225,7.043344539992319,0.1527777777777778
RandomForest,2026-03-04 00:00:00+00:00,23.211018518518514,False,False,16.977484359253495,19.0121994541564,49.68014851576355,0.7314407312935578,6.953759399098151,0.16666666666666666
RandomForest,2026-03-05 00:00:00+00:00,12.803645833333334,False,False,28.839256878594888,31.987706428243172,100.27574345216546,2.2524253836757997,12.924813614269853,0.041666666666666664
RandomForest,2026-03-06 00:00:00+00:00,14.406371527777777,False,False,3.509611825109651,5.343168981997873,79.84011485663942,0.2436152516504632,1.1861624323537094,0.8333333333333334
RandomForest,2026-03-07 00:00:00+00:00,12.830868055555555,False,False,13.45993765619315,17.832041817213604,98.35054317073974,1.0490278286639552,5.610795508274421,0.3472222222222222
RandomForest,2026-03-08 00:00:00+00:00,30.940879629629624,False,False,27.54714168332795,37.80791925211403,72.3518328793648,0.8903154019237463,12.281090220468778,0.125
RandomForest,2026-03-09 00:00:00+00:00,16.02903935185185,False,False,10.505996580080568,14.286720265929338,88.01931286836964,0.6554351979220016,3.991186811224177,0.4027777777777778
RandomForest,2026-03-10 00:00:00+00:00,14.835335648148149,False,False,28.013374438629498,36.07874051157728,121.90903248926377,1.8882872017881391,12.494256321448992,0.16666666666666666
RandomForest,2026-03-11 00:00:00+00:00,22.641238425925923,False,False,16.99250374206261,20.192008573922276,135.1368446554024,0.7505112318681699,7.123784281866915,0.18055555555555555
RandomForest,2026-03-12 00:00:00+00:00,9.274131944444443,False,False,27.987235249661733,32.69149440026111,163.906796578505,3.017774107303611,12.398541528074054,0.027777777777777776
RandomForest,2026-03-13 00:00:00+00:00,5.599207175925926,False,False,6.287349194886501,10.80650855471444,102.38655705706543,1.1228999030289994,2.3509768190078235,0.5972222222222222
RandomForest,2026-03-14 00:00:00+00:00,19.878553240740743,False,False,21.991489908808852,25.68687440408875,93.15931485626625,1.1062922760262897,9.365715637177017,0.125
RandomForest,2026-03-15 00:00:00+00:00,37.76217592592593,False,False,10.827722912980116,13.479746449319643,134.2476049548809,0.28673461333954153,4.121616100143831,0.25
RandomForest,2026-03-16 00:00:00+00:00,15.232303240740741,False,False,22.67686575808147,30.744147679033542,134.59036594309083,1.48873518335883,9.823618166031823,0.18055555555555555
RandomForest,2026-03-17 00:00:00+00:00,31.302499999999995,False,False,70.22861082642818,76.65524968509848,142.0723346945394,2.2435463885130003,33.59375230343084,0.013888888888888888
RandomForest,2026-03-18 00:00:00+00:00,18.16048611111111,False,False,14.36520077426046,17.717482263381118,156.1145598092304,0.791014110876218,5.5470769036872865,0.18055555555555555
RandomForest,2026-03-19 00:00:00+00:00,11.199664351851851,False,False,25.758502252045655,27.78952808785271,136.1480817055605,2.2999351983067706,11.220676337249046,0.08333333333333333
RandomForest,2026-03-20 00:00:00+00:00,7.619317129629631,False,False,17.018493805988772,18.267930630810543,105.26624326515692,2.233598302373854,7.069816712424298,0.06944444444444445
RandomForest,2026-03-21 00:00:00+00:00,14.839513888888892,False,False,18.036563097698192,19.78717642072476,82.43342098924242,1.2154416399854644,7.4530135037167335,0.06944444444444445
RandomForest,2026-03-22 00:00:00+00:00,7.386874999999999,False,False,21.751125984647317,24.06104514474243,139.9490654963877,2.9445639711850164,9.066614064707451,0.06944444444444445
RandomForest,2026-03-23 00:00:00+00:00,11.993553240740741,False,False,19.75806016670464,26.417601057370273,144.49918103520312,1.6473900411421654,8.473567898372254,0.1388888888888889
RandomForest,2026-03-24 00:00:00+00:00,70.64513888888888,False,False,90.48704294956153,159.0361073788425,85.48974602938435,1.2808672241678245,43.69311363737048,0.041666666666666664
RandomForest,2026-03-25 00:00:00+00:00,14.597534722222223,False,False,36.880640265048925,37.99275285997467,140.09719125230257,2.526497861923529,16.752872917378134,0.041666666666666664
RandomForest,2026-03-26 00:00:00+00:00,10.433460648148149,False,False,10.128656591668086,12.120302274591332,114.90344619954007,0.9707859101827194,3.7999219173366385,0.3611111111111111
RandomForest,2026-03-27 00:00:00+00:00,9.769479166666667,False,False,11.023605481051863,14.411813316243709,110.13512748116052,1.1283718704948222,4.149979985445612,0.4583333333333333
RandomForest,2026-03-28 00:00:00+00:00,12.610729166666665,False,False,17.048272888225128,21.958104564980218,138.00704070133668,1.351886370955298,7.1506410979104205,0.2638888888888889
RandomForest,2026-03-29 00:00:00+00:00,7.557974537037037,False,False,27.332887745497167,31.344334448271518,140.53990056936766,3.6164302501358407,12.226274570940832,0.1527777777777778
RandomForest,2026-03-30 00:00:00+00:00,18.776840277777776,False,False,4.716410016811358,6.126534367967502,92.80821200002669,0.25118230474555336,1.5343670327926404,0.6944444444444444
RandomForest,2026-03-31 00:00:00+00:00,95.03800925925925,False,False,7.135973994974096,9.110978541952512,108.95505637370206,0.07508547422860565,2.4431683088259257,0.6388888888888888
RandomForest,2026-04-01 00:00:00+00:00,21.40883101851852,False,False,18.086865208009083,26.159601408342212,112.51895105991368,0.844831985098301,7.7264194663154155,0.3611111111111111
RandomForest,2026-04-02 00:00:00+00:00,23.352314814814815,False,False,16.902365921455083,22.68763633894104,70.34785975611365,0.7237983067414004,7.1509026664383155,0.25
RandomForest,2026-04-03 00:00:00+00:00,10.264780092592591,False,False,10.02622570296869,14.705789421470548,123.04217303723118,0.9767599122950475,4.103916117608482,0.5138888888888888
RandomForest,2026-04-04 00:00:00+00:00,25.355775462962963,False,False,28.767319371644906,34.251594707541436,110.38204847015396,1.1345470152811996,12.66789861056976,0.1388888888888889
RandomForest,2026-04-05 00:00:00+00:00,18.179039351851852,False,False,17.092876619053378,20.832171366624586,124.86895015691444,0.9402519180592549,7.152760834322912,0.2361111111111111
RandomForest,2026-04-06 00:00:00+00:00,26.292743055555555,False,False,21.196030544448902,22.057856778470263,111.0524648850786,0.8061551622690148,8.89412532921257,0.0
RandomForest,2026-04-07 00:00:00+00:00,16.517430555555556,False,False,20.688203680721767,23.244190329874463,88.16590974756497,1.252507380681155,8.724098852201582,0.041666666666666664
RandomForest,2026-04-08 00:00:00+00:00,12.081863425925924,False,False,16.815993931701705,20.123808546189345,82.77220665394795,1.3918377769125434,6.926072423144027,0.2222222222222222
RandomForest,2026-04-09 00:00:00+00:00,24.245787037037037,False,False,17.16485599015475,28.236530478468524,117.43549872654788,0.7079521058208711,7.398141629363786,0.3194444444444444
RandomForest,2026-04-10 00:00:00+00:00,13.897326388888889,False,False,19.901444619870162,23.54658495177099,126.05415807571012,1.4320340519440957,8.447740178877204,0.16666666666666666
RandomForest,2026-04-11 00:00:00+00:00,18.45196759259259,False,False,19.360530910987496,24.529778318239984,132.45657859902045,1.049239373190729,8.039452495522871,0.2777777777777778
RandomForest,2026-04-12 00:00:00+00:00,27.841828703703708,False,False,44.561754860314096,55.688840497214585,106.29153938741607,1.6005326135199658,20.663355734614573,0.05555555555555555
RandomForest,2026-04-13 00:00:00+00:00,28.005555555555556,False,False,7.799655818157678,11.642468292525649,102.50860290698212,0.2785038776568899,3.156033749639666,0.4583333333333333
RandomForest,2026-04-14 00:00:00+00:00,19.171122685185185,False,False,29.46681758853943,41.3765559808518,114.4767647785673,1.537041834869192,13.003884748160667,0.3333333333333333
RandomForest,2026-04-15 00:00:00+00:00,13.328344907407407,False,False,28.09245938712174,32.72930417339049,158.8100652927071,2.1077230205461577,12.762312875390966,0.013888888888888888
RandomForest,2026-04-16 00:00:00+00:00,15.951504629629628,False,False,17.875223904656387,24.568065753343983,82.4634761957186,1.1205979824281582,7.512326409619647,0.25
RandomForest,2026-04-17 00:00:00+00:00,9.495208333333332,False,False,7.039903062747742,9.120884068528927,123.67270063190045,0.7414163876777577,2.348300455151634,0.5833333333333334
RandomForest,2026-04-18 00:00:00+00:00,15.681099537037035,False,False,10.033228782797924,15.863167559596995,120.1292755971651,0.6398294175163253,3.9888587041292136,0.5
RandomForest,2026-04-19 00:00:00+00:00,23.862974537037037,False,False,25.24572774469399,32.39203010188878,118.51955462614288,1.0579455509836304,11.278134183394997,0.1388888888888889
RandomForest,2026-04-20 00:00:00+00:00,42.85164351851852,False,False,21.180974875976286,33.77141149890137,80.29312274835821,0.4942861728704253,9.205365125344843,0.3333333333333333
RandomForest,2026-04-21 00:00:00+00:00,37.88981481481481,False,False,21.42215090335442,24.97249991011011,92.15680388438696,0.565380195391676,9.223215788990943,0.1111111111111111
RandomForest,2026-04-22 00:00:00+00:00,9.126701388888888,False,False,11.827340626419142,14.50766183712301,101.52393046476884,1.2959052917868104,4.38193760717598,0.3472222222222222
RandomForest,2026-04-23 00:00:00+00:00,21.557407407407407,False,False,3.4404201037797355,5.432650247092752,50.9262407788281,0.15959340744275038,1.2416992505549844,0.8333333333333334
RandomForest,2026-04-24 00:00:00+00:00,19.027233796296297,False,False,21.180707000847804,38.53052227003399,146.01383312547455,1.1131784697453335,9.028532473315167,0.2777777777777778
RandomForest,2026-04-25 00:00:00+00:00,83.94658564814816,False,False,221.86574064429007,239.70585214235098,148.3428572189822,2.6429394231018897,108.7888050228238,0.0
RandomForest,2026-04-26 00:00:00+00:00,17.95047453703704,False,False,27.766901970600895,30.79958092054055,76.41570190262222,1.5468617229761652,12.536459277127067,0.05555555555555555
RandomForest,2026-04-27 00:00:00+00:00,38.92916666666666,False,False,22.18595623613359,52.533491450722096,124.45608346252416,0.5699057579655423,10.18186608412149,0.4305555555555556
RandomForest,2026-04-28 00:00:00+00:00,90.53584490740741,False,False,182.75559211682446,211.53134916752404,122.09034249618185,2.018599288532976,90.30492988325153,0.0
RandomForest,2026-04-29 00:00:00+00:00,33.23167824074075,False,False,27.430662646218238,35.26943227420252,56.9492492752253,0.8254371761637157,12.80663805794505,0.1527777777777778
RandomForest,2026-04-30 00:00:00+00:00,39.344965277777774,False,False,14.361507788952995,18.40816976565752,27.835276186599213,0.3650151344030908,6.260575695153281,0.16666666666666666
RandomForest,2026-05-01 00:00:00+00:00,31.06582175925926,False,False,15.880032004547992,18.800406829729866,43.18714922865923,0.5111737306551339,6.840695203772799,0.09722222222222222
RandomForest,2026-05-02 00:00:00+00:00,99.06234953703705,False,False,39.62241662652359,62.07426776021903,104.71615067988031,0.3999745292908656,18.74022588914943,0.041666666666666664
RandomForest,2026-05-03 00:00:00+00:00,19.312291666666667,False,False,20.562513209965594,22.63269972177012,120.32175710227074,1.0647370889420043,9.331018115247629,0.05555555555555555
RandomForest,2026-05-04 00:00:00+00:00,21.448715277777776,False,False,7.0541917665997795,9.67857510937218,108.54921707404128,0.3288864472879813,2.831977929280507,0.4305555555555556
RandomForest,2026-05-05 00:00:00+00:00,92.80848379629629,False,False,17.116560214349114,21.55222427094651,145.0616363760554,0.18442883144086214,7.561136354857408,0.18055555555555555
RandomForest,2026-05-06 00:00:00+00:00,17.578645833333333,False,False,12.49536044181365,21.53092963097346,29.504378532261654,0.7108261102865755,5.420510744419581,0.4166666666666667
RandomForest,2026-05-07 00:00:00+00:00,16.60119212962963,False,False,17.23971267519091,20.26340733572883,61.21887672449233,1.0384623309323462,7.601362754594735,0.125
RandomForest,2026-05-08 00:00:00+00:00,13.780983796296296,False,False,19.155404731664394,25.015284902891562,60.7172634206973,1.389988190597285,8.685864535164788,0.1111111111111111
RandomForest,2026-05-09 00:00:00+00:00,30.85199074074074,False,False,17.790053304376126,22.22560356293651,56.75424608344858,0.5766257825587885,7.8428798088213485,0.1527777777777778
RandomForest,2026-05-10 00:00:00+00:00,11.629861111111113,False,False,13.30179060867014,14.311032762707086,83.67268936479778,1.1437617768248043,5.52975241736954,0.05555555555555555
RandomForest,2026-05-11 00:00:00+00:00,15.398796296296297,False,False,12.589823506098897,15.713457530367256,74.23096821011708,0.8175849114340833,5.391263535587271,0.20833333333333334
RandomForest,2026-05-12 00:00:00+00:00,14.095295138888888,False,False,17.585684492685562,20.237763997242233,76.51408833961469,1.2476279722704562,7.799132429903374,0.05555555555555555
RandomForest,2026-05-13 00:00:00+00:00,13.792581018518518,False,False,13.337467227499351,14.937809436060942,39.54546437982878,0.9670030003515577,5.639860795789467,0.125
RandomForest,2026-05-14 00:00:00+00:00,18.03478009259259,False,False,19.12320089114167,21.275158906299225,108.50312857374414,1.0603512098822945,8.609652187176275,0.06944444444444445
RandomForest,2026-05-15 00:00:00+00:00,20.409641203703707,False,False,14.89428710351347,19.167459638028664,105.6538205240049,0.729767219073436,6.53892260467375,0.2222222222222222
RandomForest,2026-05-16 00:00:00+00:00,22.702152777777776,False,False,6.911551071487939,10.448230098093736,116.99611966977459,0.30444474315463943,2.7492817809694334,0.4722222222222222
RandomForest,2026-05-17 00:00:00+00:00,8.22400462962963,False,False,4.8424754505790055,6.311665431643107,106.3392509606381,0.588822072537803,1.6843283103302422,0.5555555555555556
RandomForest,2026-05-18 00:00:00+00:00,18.14275462962963,False,False,5.650398801402797,6.768154559039364,116.8556377257526,0.3114410637607871,2.0411776117825076,0.4305555555555556
RandomForest,2026-05-19 00:00:00+00:00,12.195399305555554,False,False,18.677290551311916,24.404523066546183,130.94610577010198,1.5315029941498979,8.309796042849419,0.2222222222222222
RandomForest,2026-05-20 00:00:00+00:00,9.013935185185185,False,False,33.7874507748676,37.49096083136942,79.0062406206937,3.748357413352475,15.865462805726835,0.0
RandomForest,2026-05-21 00:00:00+00:00,26.344768518518517,False,False,7.6048888199700695,10.239447078064423,20.59371593785895,0.28866789300594414,2.971476254208562,0.3888888888888889
RandomForest,2026-05-22 00:00:00+00:00,13.070474537037036,False,False,7.241598024405832,9.017942700664507,30.624100394453436,0.5540424721295115,2.7350848996699235,0.4027777777777778
RandomForest,2026-05-23 00:00:00+00:00,18.23252314814815,False,False,7.0471086087586405,8.188753417723218,27.910931247741082,0.38651307619342884,2.5603027396410165,0.3055555555555556
RandomForest,2026-05-24 00:00:00+00:00,14.96025462962963,False,False,8.818464900087264,9.990359604100274,35.99321098288605,0.5894595458704156,3.5180597684188535,0.19444444444444445
RandomForest,2026-05-25 00:00:00+00:00,22.23644675925926,False,False,5.363729819564416,6.631418751926506,19.97465771352797,0.24121344015230123,1.982803825147603,0.4027777777777778
RandomForest,2026-05-26 00:00:00+00:00,12.064768518518518,False,False,8.093024607671232,12.049168837392491,26.65903708874593,0.6707981670140661,3.25529622034675,0.3611111111111111
RandomForest,2026-05-27 00:00:00+00:00,29.80622685185185,False,False,28.20284110121601,37.06803056391009,47.94552036582932,0.946206349478407,13.012240337700339,0.125
RandomForest,2026-05-28 00:00:00+00:00,16.140972222222224,False,False,16.170350940690568,18.604227177762613,46.07834822263922,1.0018201331409204,6.948645272617867,0.18055555555555555
RandomForest,2026-05-29 00:00:00+00:00,9.932488425925925,False,False,26.31398588681681,29.798401589293157,70.47308936434437,2.6492843241711377,12.077618387561424,0.1111111111111111
RandomForest,2026-05-30 00:00:00+00:00,10.644780092592592,False,False,19.992822190380473,25.011246025775744,110.87558457189462,1.8781808563892197,8.98535025599844,0.1111111111111111
RandomForest,2026-05-31 00:00:00+00:00,6.22925925925926,False,False,15.442302816191958,19.334843039918542,142.18174626901288,2.4789950415433903,6.790007969621421,0.125
RandomForest,2026-06-01 00:00:00+00:00,7.080347222222223,False,False,16.09732018016237,19.599053726045923,67.63077402140216,2.2735212942155822,7.010835656394053,0.1388888888888889
LightGBM,2025-07-01 00:00:00+00:00,25.592407407407407,False,False,17.64469730240697,24.447284576314956,35.326911923971885,0.689450469489632,6.089135782963354,0.9166666666666666
LightGBM,2025-07-02 00:00:00+00:00,38.74896990740741,False,False,109.62121236882368,175.86836007417406,75.291455778381,2.8290097164071466,49.70061008100617,0.5277777777777778
LightGBM,2025-07-03 00:00:00+00:00,9.429803240740743,False,False,9.823136299061954,11.703545351511996,29.533736439838354,1.041711693052284,3.7491251609215888,1.0
LightGBM,2025-07-04 00:00:00+00:00,8.454027777777778,False,False,14.196232942876144,18.396937241197467,37.81605671283251,1.6792271466379969,4.808545695709202,0.9444444444444444
LightGBM,2025-07-05 00:00:00+00:00,18.460520833333334,False,False,8.341936617395717,13.972791478359442,26.11898524497483,0.4518798084143464,3.63242933126578,0.9305555555555556
LightGBM,2025-07-06 00:00:00+00:00,14.629305555555554,False,False,11.033405074560543,19.520200619946884,28.613049163662797,0.7541988259566121,4.718006972692886,0.8888888888888888
LightGBM,2025-07-07 00:00:00+00:00,13.49300925925926,False,False,10.633912869693846,16.851179729853843,28.037801301115028,0.7881053562900784,4.240497201884416,0.8888888888888888
LightGBM,2025-07-08 00:00:00+00:00,12.906782407407407,False,False,21.729619113710058,31.89899159125831,44.32042284854533,1.6835814246964513,7.6246938745278525,0.75
LightGBM,2025-07-09 00:00:00+00:00,33.95109953703704,False,False,121.47586686258352,173.11341900461622,97.3641123099402,3.5779656187590114,53.23171480694435,0.18055555555555555
LightGBM,2025-07-10 00:00:00+00:00,17.20474537037037,False,False,33.739820467719,35.891776934794656,96.58734549692751,1.961076420568535,9.697153578393394,0.2916666666666667
LightGBM,2025-07-11 00:00:00+00:00,11.368680555555557,False,False,19.039086332008488,23.785893109538403,111.95722242138118,1.6746962181732354,5.854953862678081,0.8194444444444444
LightGBM,2025-07-12 00:00:00+00:00,52.02465277777779,False,False,48.925081364232796,99.99498296915549,56.954132709682725,0.9404211033029909,20.468798054098468,0.6666666666666666
LightGBM,2025-07-13 00:00:00+00:00,28.16582175925926,False,False,332.98362183478963,351.7775891981465,148.18195097246095,11.822258362666954,158.0600271398843,0.0
LightGBM,2025-07-14 00:00:00+00:00,8.859305555555556,False,False,19.070693314540787,22.519731456017926,46.241451635753386,2.152617176927801,5.710868268401952,0.8333333333333334
LightGBM,2025-07-15 00:00:00+00:00,24.954976851851853,False,False,15.631854092734626,17.393129707367905,63.974869999212245,0.6264022677935132,4.750514908599066,1.0
LightGBM,2025-07-16 00:00:00+00:00,23.476076388888888,False,False,9.182935210168482,11.41343934310155,58.948215798056914,0.3911614129231033,3.693269673784089,0.9861111111111112
LightGBM,2025-07-17 00:00:00+00:00,10.92471064814815,False,False,12.428259473540393,17.74524880023561,57.38929819041596,1.137628251568119,4.573933556408085,0.8611111111111112
LightGBM,2025-07-18 00:00:00+00:00,8.932384259259258,False,False,12.292121071657457,16.765099674599952,60.64444144188156,1.3761299015898822,4.455105626463744,0.9166666666666666
LightGBM,2025-07-19 00:00:00+00:00,60.14989583333334,False,False,15.280365913268563,19.67785594449212,126.53438316020778,0.2540381109820746,5.105830800944122,0.8888888888888888
LightGBM,2025-07-20 00:00:00+00:00,38.696168981481485,False,False,12.222915399463433,16.100508372906344,78.73644869199192,0.3158688759425476,4.330239463889376,0.9027777777777778
LightGBM,2025-07-21 00:00:00+00:00,10.894560185185188,False,False,8.759255702942001,12.885120863451723,33.30086828878041,0.8040026907055091,3.727359819550023,0.9305555555555556
LightGBM,2025-07-22 00:00:00+00:00,8.963090277777777,False,False,12.070382943607902,15.167403492190449,117.56442252219061,1.3466764887478648,4.153758154182312,1.0
LightGBM,2025-07-23 00:00:00+00:00,6.148333333333333,False,False,13.690518112370327,18.497885146776124,104.39016613755514,2.2267039488810507,4.781184428942667,0.9444444444444444
LightGBM,2025-07-24 00:00:00+00:00,8.587928240740741,False,False,19.967102594472042,24.374522344581337,114.78012967574031,2.3250197294091275,6.1992365567915,0.7916666666666666
LightGBM,2025-07-25 00:00:00+00:00,21.549166666666665,False,False,18.989801764665863,25.703430125681408,42.746746754069356,0.8812313746702903,6.261187152501136,0.8055555555555556
LightGBM,2025-07-26 00:00:00+00:00,14.584178240740743,False,False,32.7542504355707,36.28870943612023,67.67773265453062,2.245875625962391,9.970650826488763,0.5416666666666666
LightGBM,2025-07-27 00:00:00+00:00,7.8231828703703705,False,False,11.302160386634617,14.482151041837522,59.26553243372972,1.4447010345930391,4.068085823145238,0.9722222222222222
LightGBM,2025-07-28 00:00:00+00:00,9.630636574074073,False,False,10.912232018459257,15.355380548188348,54.65633952111839,1.1330748424081616,4.17480200895509,0.9166666666666666
LightGBM,2025-07-29 00:00:00+00:00,15.900150462962964,False,False,15.015308048769931,21.39809313133721,49.72020819550603,0.944350060318351,5.2593766893602,0.875
LightGBM,2025-07-30 00:00:00+00:00,23.051689814814814,False,False,22.703337049685743,35.54971627724134,48.26896485767091,0.9848881896326233,8.20083552304727,0.8333333333333334
LightGBM,2025-07-31 00:00:00+00:00,33.38466435185185,False,False,200.31268036436666,253.3141294976252,110.7653724817332,6.000140611066389,93.25787623440898,0.2777777777777778
LightGBM,2025-08-01 00:00:00+00:00,24.084745370370374,False,False,19.31634946191126,25.7475986501923,33.02271128535585,0.8020159302026373,6.436237991108558,0.8055555555555556
LightGBM,2025-08-02 00:00:00+00:00,24.0771875,False,False,32.08893314576213,35.47088767100009,57.184128227320585,1.3327525544984076,14.134543754763227,0.06944444444444445
LightGBM,2025-08-03 00:00:00+00:00,11.675173611111111,False,False,13.579255438126351,16.15885376068698,47.32227281724608,1.1630880953413103,5.201206978190576,0.2916666666666667
LightGBM,2025-08-04 00:00:00+00:00,12.069548611111111,False,False,26.83964814053816,29.76793545791927,64.58315294442161,2.2237491231304074,11.480216529946539,0.041666666666666664
LightGBM,2025-08-05 00:00:00+00:00,12.442928240740741,False,False,11.103012914793087,13.349701351572829,44.31024438105779,0.8923151126468373,3.992740763122402,0.3194444444444444
LightGBM,2025-08-06 00:00:00+00:00,20.331157407407407,False,False,9.174879762118271,11.312825391925557,43.95767348091229,0.45127188670407503,3.230680026800146,0.4444444444444444
LightGBM,2025-08-07 00:00:00+00:00,29.053194444444443,False,False,15.605251345007723,21.78182598252349,48.65893903668029,0.5371268682639393,6.430421497294165,0.4444444444444444
LightGBM,2025-08-08 00:00:00+00:00,34.689097222222216,False,False,16.2252581471028,22.017199905268086,71.57965193797935,0.4677336525410849,6.4814465371320615,0.25
LightGBM,2025-08-09 00:00:00+00:00,25.395208333333336,False,False,17.279408638380175,21.558524571868702,107.12510029429012,0.6804200387558745,6.864624875324556,0.20833333333333334
LightGBM,2025-08-10 00:00:00+00:00,10.928773148148148,False,False,13.008972435545381,17.475944749467985,41.915650173745476,1.1903415195098745,5.100406035471316,0.4305555555555556
LightGBM,2025-08-11 00:00:00+00:00,13.578888888888889,False,False,10.592123242450391,15.091694576752623,28.925015897481305,0.7800434431065667,4.05497477059085,0.5
LightGBM,2025-08-12 00:00:00+00:00,25.48246527777778,False,False,19.89508252698853,26.08114720052367,42.900457336474915,0.7807361772150916,8.313280442644059,0.2361111111111111
LightGBM,2025-08-13 00:00:00+00:00,23.985937500000002,False,False,52.2155665170699,65.1525886729098,68.49428508662903,2.176924146369926,24.21495445249755,0.041666666666666664
LightGBM,2025-08-14 00:00:00+00:00,13.576927083333334,False,False,24.459538309183117,27.1175446926997,57.34905529028185,1.8015518650909585,10.378099024082891,0.08333333333333333
LightGBM,2025-08-15 00:00:00+00:00,12.374131944444445,False,False,15.756027221246377,18.58355737995332,45.43845368461837,1.273303637942885,6.1303301772230965,0.125
LightGBM,2025-08-16 00:00:00+00:00,14.61224537037037,False,False,13.290566440220942,16.80733804685823,38.82069517926842,0.9095499085425002,5.164893143598349,0.3472222222222222
LightGBM,2025-08-17 00:00:00+00:00,13.685046296296296,False,False,20.78074099091549,27.77669755902302,52.25668625871703,1.5184998677380845,8.700793331496032,0.3333333333333333
LightGBM,2025-08-18 00:00:00+00:00,14.104664351851852,False,False,39.12091358680159,50.607740034893006,80.94639705094852,2.7736153524039917,17.593153294171234,0.09722222222222222
LightGBM,2025-08-19 00:00:00+00:00,23.564027777777778,False,False,59.41767473344454,69.05394879028977,64.05288787536217,2.52154153329758,27.752541635875172,0.05555555555555555
LightGBM,2025-08-20 00:00:00+00:00,12.98171296296296,False,False,27.284526635904317,34.151984353050125,56.40179904153938,2.1017662856779777,11.866746951809754,0.19444444444444445
LightGBM,2025-08-21 00:00:00+00:00,29.798315972222227,False,False,24.797695671530487,36.215413220118904,38.2802133073114,0.8321844662177124,10.696824615673725,0.19444444444444445
LightGBM,2025-08-22 00:00:00+00:00,13.433124999999999,False,False,19.49989598042581,22.209238075985812,43.20927278840871,1.4516276726693014,7.894670644709305,0.16666666666666666
LightGBM,2025-08-23 00:00:00+00:00,14.15365740740741,False,False,17.858913521385684,20.0289012840606,45.60898818862037,1.261787890389314,7.008062384301737,0.08333333333333333
LightGBM,2025-08-24 00:00:00+00:00,16.118402777777778,False,False,20.45399741848035,27.35508486806666,41.10198050339315,1.268984135740794,8.618247523976173,0.2777777777777778
LightGBM,2025-08-25 00:00:00+00:00,14.469074074074074,False,False,34.84667796421317,39.71794238976036,69.30495094456082,2.408355765256052,15.616951801757859,0.1111111111111111
LightGBM,2025-08-26 00:00:00+00:00,29.61265046296296,False,False,19.511784993114684,22.59193008997809,45.51689375682475,0.6589003242893912,7.989613430517049,0.18055555555555555
LightGBM,2025-08-27 00:00:00+00:00,15.542800925925924,False,False,16.164250801697975,18.347668268753964,37.24868819769714,1.039983132945842,6.357348031580429,0.2222222222222222
LightGBM,2025-08-28 00:00:00+00:00,38.10836805555555,False,False,25.413803761722168,28.31746002322093,70.61078753621544,0.6668825000502027,10.900705707355678,0.1111111111111111
LightGBM,2025-08-29 00:00:00+00:00,10.51587962962963,False,False,34.23746177095962,46.1074449072322,90.51828582186778,3.255786769800204,15.317166699078056,0.1388888888888889
LightGBM,2025-08-30 00:00:00+00:00,10.106469907407408,False,False,13.993778129534025,15.039493656004042,39.68755217448635,1.3846356104298558,5.17612342745431,0.1527777777777778
LightGBM,2025-08-31 00:00:00+00:00,18.541041666666665,False,False,12.100764241961988,14.290233924280592,33.29237881654752,0.6526474865604183,4.305233802968906,0.3055555555555556
LightGBM,2025-09-01 00:00:00+00:00,15.252546296296297,False,False,9.903376188144387,14.70251083767967,27.03362136348043,0.6492933045906687,3.722063512311084,0.5416666666666666
LightGBM,2025-09-02 00:00:00+00:00,16.35789351851852,False,False,17.494660822100254,19.408959658550604,45.33568231932513,1.0694935018555303,6.884297483460589,0.125
LightGBM,2025-09-03 00:00:00+00:00,12.73765046296296,False,False,18.801752028730494,21.95808227640672,44.812917035455534,1.4760769329791246,7.684909556075762,0.19444444444444445
LightGBM,2025-09-04 00:00:00+00:00,21.25173611111111,False,False,42.83191341230305,46.14772340036843,95.19455126013429,2.0154547933572875,19.43792737465171,0.013888888888888888
LightGBM,2025-09-05 00:00:00+00:00,14.96193287037037,False,False,83.59876898214425,94.57034228996685,105.21994578758873,5.5874310963991665,39.870239484951405,0.041666666666666664
LightGBM,2025-09-06 00:00:00+00:00,12.201678240740742,False,False,24.344000033153936,28.84446742265773,53.381674903416766,1.995135386529915,10.302235264934351,0.125
LightGBM,2025-09-07 00:00:00+00:00,6.696481481481481,False,False,21.077625790298757,23.69826886726765,50.970397071894546,3.147567248350801,8.721556166329112,0.08333333333333333
LightGBM,2025-09-08 00:00:00+00:00,11.930543981481483,False,False,13.863087463943568,16.401092335483316,57.62320463963226,1.1619828471745939,5.248597706273821,0.25
LightGBM,2025-09-09 00:00:00+00:00,14.096458333333334,False,False,16.99735992512758,21.379464794140624,68.47171637749514,1.2057893921435996,6.7842387619864715,0.25
LightGBM,2025-09-10 00:00:00+00:00,16.7190625,False,False,18.288049048321106,23.123954841393044,56.11668844389078,1.0938441702889206,7.347630697395814,0.25
LightGBM,2025-09-11 00:00:00+00:00,12.884409722222223,False,False,21.483181397169346,23.625596709213262,61.20033416556839,1.6673780064690507,8.899083210717718,0.09722222222222222
LightGBM,2025-09-12 00:00:00+00:00,11.97099537037037,False,False,24.15159461357826,25.563275996572422,75.83147964637156,2.0175093103248805,10.177296434242644,0.05555555555555555
LightGBM,2025-09-13 00:00:00+00:00,17.90605324074074,False,False,17.344786990815084,22.197353750554093,49.45282058024097,0.9686549435333615,7.007574266488892,0.2638888888888889
LightGBM,2025-09-14 00:00:00+00:00,14.176145833333333,False,False,54.96944198560365,74.47867549238936,81.12382311347262,3.877601333385713,25.676710147324155,0.09722222222222222
LightGBM,2025-09-15 00:00:00+00:00,15.779490740740739,False,False,18.851405158075238,21.226337253842612,49.767182555746615,1.1946776653192734,7.563486421103604,0.1527777777777778
LightGBM,2025-09-16 00:00:00+00:00,12.501087962962963,False,False,30.182252037111212,33.4838293150463,76.36247800148699,2.4143700233557532,13.226365817413033,0.08333333333333333
LightGBM,2025-09-17 00:00:00+00:00,12.539756944444443,False,False,19.447602643354823,24.087198015379123,53.09779743603378,1.5508755655723296,8.021255074228046,0.2361111111111111
LightGBM,2025-09-18 00:00:00+00:00,14.145231481481481,False,False,48.647043843714464,66.2413788453752,70.37438880833277,3.4391126018263987,22.395312394352846,0.09722222222222222
LightGBM,2025-09-19 00:00:00+00:00,12.568773148148146,False,False,24.40984931310437,27.739850318570067,54.11796185594406,1.9421027832538182,10.286890694619883,0.1111111111111111
LightGBM,2025-09-20 00:00:00+00:00,7.397951388888888,False,False,19.03323002233364,20.670887767391907,53.59403693767519,2.5727703551715653,7.6466669867467045,0.16666666666666666
LightGBM,2025-09-21 00:00:00+00:00,14.009953703703705,False,False,12.151877601273803,14.25565837877695,47.69597140558697,0.8673745722700927,4.434804111964962,0.2916666666666667
LightGBM,2025-09-22 00:00:00+00:00,6.040694444444445,False,False,17.530616996532167,19.70630783593915,46.723354743915344,2.902086367347196,6.9752079582481565,0.2222222222222222
LightGBM,2025-09-23 00:00:00+00:00,9.803368055555556,False,False,48.03661722198305,65.4650036300212,81.1510499614569,4.9000116031306975,22.112654874092883,0.09722222222222222
LightGBM,2025-09-24 00:00:00+00:00,20.765775462962964,False,False,124.07436269389069,129.8286168583645,125.8055219675726,5.974944827617199,60.06718332975615,0.041666666666666664
LightGBM,2025-09-25 00:00:00+00:00,15.485300925925925,False,False,15.58664539770526,17.96572371393307,37.77246140708102,1.0065445594027598,6.085307719356799,0.19444444444444445
LightGBM,2025-09-26 00:00:00+00:00,12.802858796296297,False,False,32.889318632243494,36.14183667182138,64.86236775055464,2.568904270174248,14.462523026355834,0.027777777777777776
LightGBM,2025-09-27 00:00:00+00:00,8.66511574074074,False,False,86.89486100808065,94.91150067892187,118.95455069884227,10.02812467922701,42.5893406151227,0.0
LightGBM,2025-09-28 00:00:00+00:00,7.170092592592592,False,False,50.54532512222907,61.27446257665171,96.24761152915826,7.049466163721141,24.423468095936045,0.0
LightGBM,2025-09-29 00:00:00+00:00,13.71752314814815,False,False,19.853537185256627,22.850078990919066,47.92328920574107,1.4473120964214907,9.135067155531432,0.06944444444444445
LightGBM,2025-09-30 00:00:00+00:00,12.950011574074075,False,False,35.49574251716817,43.848479447584225,65.37393799781796,2.740981528405013,16.90283491242735,0.013888888888888888
LightGBM,2025-10-01 00:00:00+00:00,22.369687499999998,False,False,28.134131214774023,32.1635173902005,75.21483383195579,1.2576899527440437,13.204065105796763,0.013888888888888888
LightGBM,2025-10-02 00:00:00+00:00,15.714699074074073,False,False,42.83281549431156,54.105174433720705,76.52415877980361,2.7256529248451624,20.56270042402811,0.06944444444444445
LightGBM,2025-10-03 00:00:00+00:00,19.23453703703704,False,False,62.30073879002607,73.1534190326647,90.40039682445234,3.23900381226036,30.343347577952187,0.027777777777777776
LightGBM,2025-10-04 00:00:00+00:00,12.940219907407405,False,False,27.978716879822926,30.765922153548058,97.04829021292095,2.1621515770228132,13.182302829351721,0.05555555555555555
LightGBM,2025-10-05 00:00:00+00:00,11.617731481481481,False,False,15.59748299250724,19.969532575477317,99.40429030874462,1.3425584002668192,7.012728313673363,0.16666666666666666
LightGBM,2025-10-06 00:00:00+00:00,13.979884259259258,False,False,23.039658824895525,29.782709764980602,57.68173081991655,1.6480579093232286,10.759623251505552,0.09722222222222222
LightGBM,2025-10-07 00:00:00+00:00,16.990526620370375,False,False,40.94908126623048,51.58949605035123,68.35530224716753,2.410112539839441,19.641961918028755,0.041666666666666664
LightGBM,2025-10-08 00:00:00+00:00,15.330381944444444,False,False,20.262590273838352,24.915502154150293,42.27389026805135,1.3217276873640638,9.317101650068297,0.08333333333333333
LightGBM,2025-10-09 00:00:00+00:00,13.605879629629632,False,False,55.27956123301405,62.903170147967536,81.0092042826719,4.0629171165553535,26.76678063128628,0.013888888888888888
LightGBM,2025-10-10 00:00:00+00:00,14.625069444444446,False,False,44.310551590691716,52.842230664509344,75.21871558880193,3.029766918988802,21.302201610757788,0.041666666666666664
LightGBM,2025-10-11 00:00:00+00:00,14.75380787037037,False,False,100.62872151520664,104.62170590076646,126.96379220932342,6.820525412784877,49.47432275703449,0.0
LightGBM,2025-10-12 00:00:00+00:00,16.312592592592594,False,False,76.55541441153348,84.72524456106602,131.51004640075357,4.693025586030796,37.45293315478386,0.041666666666666664
LightGBM,2025-10-13 00:00:00+00:00,22.042025462962965,False,False,84.05019261296694,88.18527104854049,99.10401827587472,3.8131791814774822,41.21031822939068,0.0
LightGBM,2025-10-14 00:00:00+00:00,13.35359375,False,False,34.00927671289496,37.30082187947762,83.49220028821374,2.546825772118083,16.157881923089928,0.041666666666666664
LightGBM,2025-10-15 00:00:00+00:00,18.150462962962962,False,False,93.27363399970687,99.70202656339856,122.20941337048873,5.13891211425499,45.76967066110871,0.027777777777777776
LightGBM,2025-10-16 00:00:00+00:00,25.637511574074075,False,False,54.722432581168086,65.94678614469593,120.38250573246374,2.1344673964577017,26.783130478275183,0.0
LightGBM,2025-10-17 00:00:00+00:00,19.867476851851855,False,False,12.489790760904178,17.736948113414677,67.31618371300529,0.6286551057307511,5.721805609824524,0.16666666666666666
LightGBM,2025-10-18 00:00:00+00:00,13.779050925925926,False,False,86.1485169564091,90.92716711753725,131.48626749269246,6.252137205931698,42.47824479395882,0.0
LightGBM,2025-10-19 00:00:00+00:00,23.621006944444446,False,False,20.182311970541292,26.16787037570167,104.27973755753494,0.8544221682847472,9.534048313257248,0.08333333333333333
LightGBM,2025-10-20 00:00:00+00:00,40.448182870370374,False,False,36.52919941289758,44.51809996174579,134.22937965731597,0.9031110131688121,17.681289447890887,0.013888888888888888
LightGBM,2025-10-21 00:00:00+00:00,16.331168981481483,False,False,68.7596235311924,77.8312235264,119.9996007779409,4.210330785821975,33.796731638159535,0.013888888888888888
LightGBM,2025-10-22 00:00:00+00:00,20.50655092592593,False,False,87.75779392581154,93.09477771286828,123.75322596002461,4.27950045050538,43.278870846738585,0.0
LightGBM,2025-10-23 00:00:00+00:00,18.201620370370367,False,False,88.58899177224828,91.74280586227604,117.62924606131864,4.867093696584205,43.67340945427941,0.0
LightGBM,2025-10-24 00:00:00+00:00,17.438587962962963,False,False,13.881957889011362,17.45607833746385,36.078049631330494,0.7960482762993559,6.336092757689614,0.1111111111111111
LightGBM,2025-10-25 00:00:00+00:00,29.684907407407408,False,False,16.615757932933654,21.736423043810884,34.24900961340452,0.5597375698327915,7.682884372333768,0.1388888888888889
LightGBM,2025-10-26 00:00:00+00:00,27.72028935185185,False,False,19.2953067648371,24.49347481112588,37.242049026180844,0.6960716217613392,9.027729192328902,0.05555555555555555
LightGBM,2025-10-27 00:00:00+00:00,37.07189814814814,False,False,67.21636186664739,74.76113641098883,90.14583686675977,1.8131351569330165,32.98703851398361,0.013888888888888888
LightGBM,2025-10-28 00:00:00+00:00,31.069247685185182,False,False,114.5494214049545,117.69052496878133,145.69938595797706,3.6869068271509953,56.64403128038466,0.0
LightGBM,2025-10-29 00:00:00+00:00,42.35157407407408,False,False,23.489661870498917,28.893589482410675,92.3320977574792,0.5546349193400663,11.140371176642546,0.06944444444444445
LightGBM,2025-10-30 00:00:00+00:00,22.793622685185184,False,False,37.78567933281537,56.34880902561826,64.3939536582689,1.657730315829714,18.284082763584564,0.041666666666666664
LightGBM,2025-10-31 00:00:00+00:00,27.726145833333334,False,False,39.97595462685006,52.49990370846823,82.95635547164945,1.4418143389691611,19.364111338390916,0.013888888888888888
LightGBM,2025-11-01 00:00:00+00:00,18.29991898148148,False,False,14.027360903255461,17.522022927411896,34.26480407386291,0.7665258473248098,6.393216336218941,0.06944444444444445
LightGBM,2025-11-02 00:00:00+00:00,21.35304398148148,False,False,65.71028390032707,77.26640147012083,114.73221828289715,3.077326303327741,32.244668310763174,0.0
LightGBM,2025-11-03 00:00:00+00:00,33.91616898148148,False,False,59.03074452827385,61.66079515873549,140.56454867349382,1.7404897516728715,28.87175060613363,0.0
LightGBM,2025-11-04 00:00:00+00:00,21.33646990740741,False,False,67.97428352108932,78.36494839215109,152.42883165359206,3.185826137879097,33.38983029017561,0.0
LightGBM,2025-11-05 00:00:00+00:00,27.436886574074077,False,False,33.02117170968106,42.59094738111354,100.86036162170879,1.2035320268766845,15.92824477141825,0.041666666666666664
LightGBM,2025-11-06 00:00:00+00:00,11.70070601851852,False,False,91.96864349826075,94.75640215043227,118.49517219721577,7.860093515101007,45.365787225087196,0.0
LightGBM,2025-11-07 00:00:00+00:00,32.83537037037038,False,False,32.94524040089422,40.05100515373527,97.89569466049338,1.0033460877488072,15.867413180646324,0.013888888888888888
LightGBM,2025-11-08 00:00:00+00:00,25.559421296296293,False,False,91.35061072573144,95.43665063656357,114.24497310723387,3.574048475775493,45.081102721104656,0.0
LightGBM,2025-11-09 00:00:00+00:00,25.30513888888889,False,False,51.85543375793654,66.87751902275215,152.74771416943346,2.049205656828285,25.34741450047527,0.0
LightGBM,2025-11-10 00:00:00+00:00,24.95175925925926,False,False,45.01250163187062,62.710528481181875,80.64430612585114,1.803981080619279,21.925970187354665,0.05555555555555555
LightGBM,2025-11-11 00:00:00+00:00,6.010625,False,False,44.830208349545096,50.1627399185291,149.6811731437539,7.458493642432376,21.823210429219525,0.0
LightGBM,2025-11-12 00:00:00+00:00,11.540023148148148,False,False,13.748053267417715,17.426753301211765,57.42905866924788,1.191336714920186,6.315122646778665,0.08333333333333333
LightGBM,2025-11-13 00:00:00+00:00,18.470023148148147,False,False,96.92147088310445,101.3616440172297,137.80457670230953,5.2475013217740365,47.86643195791972,0.0
LightGBM,2025-11-14 00:00:00+00:00,26.308391203703703,False,False,71.0158870783159,76.4162195427153,131.65602772549983,2.699362592278857,34.91625814532868,0.0
LightGBM,2025-11-15 00:00:00+00:00,36.42067129629629,False,False,35.39575937744522,38.32412241137652,122.90185624440602,0.9718590601882922,17.14187136620092,0.08333333333333333
LightGBM,2025-11-16 00:00:00+00:00,29.978449074074074,False,False,17.125841771274526,21.555295581571734,40.941993972866214,0.5712717735650066,8.015319150571676,0.09722222222222222
LightGBM,2025-11-17 00:00:00+00:00,18.24554398148148,False,False,81.48335041758794,88.41250892997508,112.73961867594909,4.46593154472623,40.14363792803225,0.0
LightGBM,2025-11-18 00:00:00+00:00,54.36366898148148,False,False,31.08836958020253,49.23747020220077,61.59578330436928,0.5718592979953674,14.967008819690045,0.08333333333333333
LightGBM,2025-11-19 00:00:00+00:00,42.682905092592584,False,False,63.33124221983672,69.2713072568032,71.07046311351756,1.4837612876267776,31.0804877248539,0.013888888888888888
LightGBM,2025-11-20 00:00:00+00:00,27.63351851851852,False,False,35.412809275780674,37.79046731751149,64.86330882421957,1.2815164761609668,17.04127877686567,0.0
LightGBM,2025-11-21 00:00:00+00:00,15.819236111111113,False,False,16.7187119313211,20.70572077453925,54.59982163546556,1.056859624187429,7.752155211212593,0.09722222222222222
LightGBM,2025-11-22 00:00:00+00:00,40.30236111111111,False,False,22.72251867455506,26.30793289344985,41.03795517202529,0.5638011780974937,10.758358611067784,0.05555555555555555
LightGBM,2025-11-23 00:00:00+00:00,20.285462962962963,False,False,76.1241730729771,82.81870462930584,111.38433279960994,3.7526465731624667,37.45726938006015,0.0
LightGBM,2025-11-24 00:00:00+00:00,18.166030092592592,False,False,16.266314936564836,20.952647526246654,48.070427843750494,0.8954248591274553,7.533404303566769,0.06944444444444445
LightGBM,2025-11-25 00:00:00+00:00,43.79054398148148,False,False,48.12561490649413,63.14271540681806,63.87570143696516,1.0989955942736382,23.461403954493676,0.041666666666666664
LightGBM,2025-11-26 00:00:00+00:00,39.472071759259265,False,False,53.03778214182325,63.8993963357152,117.66833413700984,1.343678701875631,25.893976001550925,0.0
LightGBM,2025-11-27 00:00:00+00:00,13.770243055555556,False,False,14.804804287969205,17.452665767514432,35.452785500585605,1.0751302085402377,6.793451810595368,0.05555555555555555
LightGBM,2025-11-28 00:00:00+00:00,18.528738425925926,False,False,18.165840705183918,20.646045979476973,100.47948900795025,0.9804143319205029,8.458612421613083,0.0
LightGBM,2025-11-29 00:00:00+00:00,46.82982638888889,False,False,8.177408181786113,10.331390060370792,64.00419709456811,0.17461965615414562,3.499309036695374,0.125
LightGBM,2025-11-30 00:00:00+00:00,25.589131944444446,False,False,20.09378860788233,26.39305712923952,80.78304620825853,0.7852469810819359,9.464546984817263,0.1388888888888889
LightGBM,2025-12-01 00:00:00+00:00,36.573125000000005,False,False,42.133384032492565,56.00652112681483,44.52287552800136,1.15203128068746,20.45659618799078,0.06944444444444445
LightGBM,2025-12-02 00:00:00+00:00,69.59319444444444,False,False,77.28802108835669,90.84337206778123,103.77723436201403,1.1105686655906413,38.022577925188365,0.0
LightGBM,2025-12-03 00:00:00+00:00,21.03315972222222,False,False,19.31183419450901,22.01019839332972,81.01036255635901,0.9181613437806697,8.68288245356367,0.05555555555555555
LightGBM,2025-12-04 00:00:00+00:00,24.26384259259259,False,False,26.52522449651279,35.156719911130814,81.4874936728257,1.0931996609890047,12.323004603120973,0.08333333333333333
LightGBM,2025-12-05 00:00:00+00:00,33.67545717592592,False,False,118.69225099237214,129.97544542629745,113.01912530783005,3.5245921197834087,58.349968731070334,0.013888888888888888
LightGBM,2025-12-06 00:00:00+00:00,35.794317129629626,False,False,26.188930925424774,33.56105954388661,63.00260236901194,0.7316505251540681,12.161519429979444,0.08333333333333333
LightGBM,2025-12-07 00:00:00+00:00,22.03747685185185,False,False,19.09390594002147,22.98243877694478,58.15149101344974,0.8664288597275135,8.586375044584114,0.041666666666666664
LightGBM,2025-12-08 00:00:00+00:00,28.71826388888889,False,False,23.156096739381976,30.246292561170364,58.20341637266044,0.8063195194867291,10.705102484339081,0.125
LightGBM,2025-12-09 00:00:00+00:00,79.52473379629629,False,False,24.898328320705826,29.069836736465952,78.2963453034618,0.3130891124324067,11.476728046853887,0.027777777777777776
LightGBM,2025-12-10 00:00:00+00:00,25.7221875,False,False,26.825124367363,30.780462735093987,119.82884230589184,1.0428788129844322,12.413802765144473,0.05555555555555555
LightGBM,2025-12-11 00:00:00+00:00,36.84158564814815,False,False,58.16888531903098,68.48120318701865,118.25737016048545,1.5788920128076749,28.07731030991428,0.013888888888888888
LightGBM,2025-12-12 00:00:00+00:00,20.148663194444445,False,False,16.605468624139448,19.139601007877413,58.670867726474675,0.8241474118599612,7.40301268333036,0.125
LightGBM,2025-12-13 00:00:00+00:00,19.73253472222222,False,False,26.148475879273445,30.41260636770164,75.64922161299903,1.325145311910982,12.081965408750788,0.027777777777777776
LightGBM,2025-12-14 00:00:00+00:00,28.067824074074075,False,False,30.37152956571702,38.0256951733752,91.49800515343662,1.082076383461832,14.236818935652233,0.05555555555555555
LightGBM,2025-12-15 00:00:00+00:00,88.14015046296295,False,False,150.5547820373752,165.97333509255114,123.06911379109009,1.7081293967229982,74.31227621326646,0.0
LightGBM,2025-12-16 00:00:00+00:00,7.9099652777777765,False,False,23.577442363784353,27.32996544990663,74.6722755929273,2.9807264047065694,10.703964527052376,0.08333333333333333
LightGBM,2025-12-17 00:00:00+00:00,36.782916666666665,False,False,16.829139380095146,27.159514824063667,37.58927024833074,0.4575259632781109,7.461685506262078,0.3333333333333333
LightGBM,2025-12-18 00:00:00+00:00,18.905335648148153,False,False,31.34516949719982,41.96040161739347,133.04170981866122,1.6580065057067734,14.6162865102719,0.1388888888888889
LightGBM,2025-12-19 00:00:00+00:00,23.632916666666667,False,False,26.891177311128246,32.44969150599834,110.2260259164512,1.1378695947867168,12.42384552374257,0.1388888888888889
LightGBM,2025-12-20 00:00:00+00:00,17.76171296296296,False,False,13.886667601963449,18.265837493177415,103.49644737281898,0.7818315514342662,5.944635437692767,0.2361111111111111
LightGBM,2025-12-21 00:00:00+00:00,18.17896990740741,False,False,18.623183258485312,23.3003449258463,55.44842571085812,1.0244355622645538,8.19315887390833,0.05555555555555555
LightGBM,2025-12-22 00:00:00+00:00,101.52644675925927,False,False,31.989308265231937,35.11855131720738,124.44621842286092,0.31508350076591735,14.873230545608079,0.013888888888888888
LightGBM,2025-12-23 00:00:00+00:00,22.481203703703706,False,False,13.670158465470545,21.089626476052096,109.94278721203167,0.6080705751186459,5.858451092143764,0.2222222222222222
LightGBM,2025-12-24 00:00:00+00:00,34.32805555555555,False,False,143.8581657433302,165.7836421611509,156.02351011581968,4.190687862017533,70.77084442402528,0.0
LightGBM,2025-12-25 00:00:00+00:00,12.023530092592592,False,False,38.08632010754041,39.59908886651908,138.54401825554837,3.16764875325629,17.86852656085315,0.0
LightGBM,2025-12-26 00:00:00+00:00,21.210729166666667,False,False,10.193953654579657,12.705421111502002,80.98472784262222,0.48060364047266124,4.182463809371088,0.3333333333333333
LightGBM,2025-12-27 00:00:00+00:00,10.18861111111111,False,False,29.711285867801028,32.85511663443594,136.90145963007905,2.9161271878754524,13.697506613588212,0.027777777777777776
LightGBM,2025-12-28 00:00:00+00:00,22.232141203703705,False,False,10.316866449451446,13.646228642076395,104.26316179083841,0.46405185874461496,4.182741278452963,0.2222222222222222
LightGBM,2025-12-29 00:00:00+00:00,25.714479166666663,False,False,19.514312617760545,28.42221524847578,92.2107386766267,0.7588842259366734,8.733665994313553,0.19444444444444445
LightGBM,2025-12-30 00:00:00+00:00,34.40138888888889,False,False,135.4175276605298,167.14538361690623,115.37465701760057,3.9363971058816043,66.53950638274002,0.027777777777777776
LightGBM,2025-12-31 00:00:00+00:00,21.10957175925926,False,False,8.159308881582966,9.898156700289979,23.826417957080466,0.3865217624798125,3.1562709931634285,0.2638888888888889
LightGBM,2026-01-01 00:00:00+00:00,17.20872685185185,False,False,18.128837878787458,21.10616623266328,55.88245069166773,1.0534676989678986,8.023443431008028,0.1388888888888889
LightGBM,2026-01-02 00:00:00+00:00,11.871331018518518,False,False,15.765133573566986,17.779403556915337,126.41209609126409,1.3280005038166642,6.880273512637242,0.125
LightGBM,2026-01-03 00:00:00+00:00,11.644849537037036,False,False,9.528338161714478,10.852689222303328,49.85025176955025,0.8182448499149013,3.694006370113859,0.08333333333333333
LightGBM,2026-01-04 00:00:00+00:00,13.408275462962962,False,False,31.804548403953124,34.596443428966026,114.72567359503698,2.372008875548933,14.730040739114378,0.013888888888888888
LightGBM,2026-01-05 00:00:00+00:00,24.661863425925926,False,False,18.588049757433126,20.439689580773887,120.47656053319669,0.7537163529132325,8.155755893597776,0.027777777777777776
LightGBM,2026-01-06 00:00:00+00:00,23.47164351851852,False,False,14.02819279273959,18.893760975664335,79.60012340203737,0.5976655525494714,6.13131873105453,0.2777777777777778
LightGBM,2026-01-07 00:00:00+00:00,21.52386574074074,False,False,30.54119298443249,34.31600766700548,93.23207088908893,1.4189455255067682,14.134310948363002,0.041666666666666664
LightGBM,2026-01-08 00:00:00+00:00,18.982453703703705,False,False,31.885410427842846,35.623478962759506,130.91527181433432,1.6797307095036729,14.8059847412083,0.013888888888888888
LightGBM,2026-01-09 00:00:00+00:00,30.61946759259259,False,False,20.041449080000827,23.916381633972332,72.22212811579874,0.6545329052308284,8.927386038615843,0.08333333333333333
LightGBM,2026-01-10 00:00:00+00:00,14.342824074074075,False,False,15.82963543101409,19.79134610941728,147.55409172853174,1.1036623854034129,6.944837515802607,0.3055555555555556
LightGBM,2026-01-11 00:00:00+00:00,17.911319444444445,False,False,12.28348650939106,16.67546246055648,39.7640371721266,0.6857946198486807,5.289553574530949,0.3333333333333333
LightGBM,2026-01-12 00:00:00+00:00,25.223206018518518,False,False,21.688666962969684,26.067973222022253,64.60205836816048,0.8598695561161486,9.728296025462479,0.06944444444444445
LightGBM,2026-01-13 00:00:00+00:00,10.350763888888888,False,False,10.668275163037764,13.594348394439132,40.639007690770704,1.0306751537912782,4.278342441953976,0.2222222222222222
LightGBM,2026-01-14 00:00:00+00:00,20.590601851851854,False,False,22.615012966979506,29.236778144989636,107.94470175245743,1.0983172385971605,10.263479305011913,0.1527777777777778
LightGBM,2026-01-15 00:00:00+00:00,18.313819444444444,False,False,23.3349452036077,28.218876184440816,128.7935203447962,1.274171413254073,10.568299722568156,0.06944444444444445
LightGBM,2026-01-16 00:00:00+00:00,35.55108796296296,False,False,19.481164428483947,22.31040383518387,140.02658343232653,0.5479766033821349,8.60057484648045,0.041666666666666664
LightGBM,2026-01-17 00:00:00+00:00,11.657141203703702,False,False,26.122317618392245,30.076239597479056,105.97586564938184,2.2408854076583267,11.939994966717636,0.027777777777777776
LightGBM,2026-01-18 00:00:00+00:00,18.301412037037036,False,False,23.63572278389222,27.80368198078892,101.76665504311211,1.2914699005770705,10.811899247056267,0.16666666666666666
LightGBM,2026-01-19 00:00:00+00:00,21.47127314814815,False,False,28.251344296927567,33.0287919056901,113.7274514873498,1.3157740624879612,13.03572086688169,0.1111111111111111
LightGBM,2026-01-20 00:00:00+00:00,26.999039351851852,False,False,33.53388031615634,44.71451115351328,95.57998314463487,1.2420397584944542,15.63202157515004,0.041666666666666664
LightGBM,2026-01-21 00:00:00+00:00,16.780833333333334,False,False,10.83061612326925,14.414530353314184,75.29737252128726,0.6454158686955902,4.562791967714223,0.3333333333333333
LightGBM,2026-01-22 00:00:00+00:00,24.95273148148148,False,False,13.97146123166899,18.629826153572534,46.75279865937357,0.5599171073530698,6.025265656811595,0.2361111111111111
LightGBM,2026-01-23 00:00:00+00:00,32.32828703703703,False,False,30.58983146461476,33.964596991328776,75.1145881019892,0.946224940083259,14.172979425974768,0.027777777777777776
LightGBM,2026-01-24 00:00:00+00:00,94.17333333333333,False,False,91.87116566647121,129.10034010600234,120.56201840924021,0.9755539324628828,44.77794846065287,0.0
LightGBM,2026-01-25 00:00:00+00:00,118.38245370370367,False,False,105.78195697592507,125.6062139543516,60.302223368123876,0.8935611120266517,51.76640803171936,0.041666666666666664
LightGBM,2026-01-26 00:00:00+00:00,305.5712615740741,False,False,238.9080374842223,337.25772524039854,102.09903096778419,0.781840662153722,118.29266189651395,0.013888888888888888
LightGBM,2026-01-27 00:00:00+00:00,63.59155092592592,False,False,255.23568796005716,297.0364752530358,110.24714351541401,4.0136729525179575,124.46997387746711,0.027777777777777776
LightGBM,2026-01-28 00:00:00+00:00,201.86112268518522,False,False,150.57798693587569,273.0058945563866,103.19906124097922,0.7459484269822043,71.91022673136523,0.09722222222222222
LightGBM,2026-01-29 00:00:00+00:00,24.277118055555558,False,False,205.207199495996,281.28320422994017,158.44459602392135,8.45270015272824,98.03540111171829,0.06944444444444445
LightGBM,2026-01-30 00:00:00+00:00,28.19950231481481,False,False,34.352264774268455,41.07107922672886,80.3479659207435,1.2181869165904124,13.435453138180433,0.2777777777777778
LightGBM,2026-01-31 00:00:00+00:00,84.77512731481481,False,False,14.980000430089556,21.19216585843295,35.402707232064444,0.17670277715373878,4.9936629623660265,0.6666666666666666
LightGBM,2026-02-01 00:00:00+00:00,106.90381944444444,False,False,76.52652171130164,113.85879618735858,76.60495410441227,0.7158445985278458,34.15378732495389,0.125
LightGBM,2026-02-02 00:00:00+00:00,305.676875,False,False,25.91616922170149,34.71693826499741,106.80004285068156,0.08478289115492132,10.132960715735923,0.4444444444444444
LightGBM,2026-02-03 00:00:00+00:00,85.57872685185185,False,False,8.32550077828873,12.463174964826347,100.40479394094268,0.09728470011830484,2.9509509412895323,0.875
LightGBM,2026-02-04 00:00:00+00:00,198.71862268518518,False,False,25.98543716059832,30.721856364676782,98.69537186605233,0.13076498221188396,9.40808458097989,0.4027777777777778
LightGBM,2026-02-05 00:00:00+00:00,14.548518518518518,False,False,21.18097260959267,25.170590629792006,121.58801915023774,1.4558851873908558,7.044364683156089,0.5138888888888888
LightGBM,2026-02-06 00:00:00+00:00,25.65394675925926,False,False,17.55320089831932,20.477726265540955,51.71546049528164,0.6842300353642021,5.637702550544412,0.5833333333333334
LightGBM,2026-02-07 00:00:00+00:00,23.650266203703705,False,False,30.259768697270587,35.581537023797566,99.08178505928285,1.2794684185217253,11.708691013189766,0.2777777777777778
LightGBM,2026-02-08 00:00:00+00:00,99.05208333333333,False,False,16.519471133374243,20.143671151897724,72.0364036655634,0.16677560509032782,5.284126163466166,0.5555555555555556
LightGBM,2026-02-09 00:00:00+00:00,27.02111111111111,False,False,18.775660114735388,22.77986667068859,52.48644528106705,0.6948515195222603,6.380593899590873,0.4583333333333333
LightGBM,2026-02-10 00:00:00+00:00,18.865972222222222,False,False,25.502427785098174,28.074151983993676,105.26075765802992,1.3517685431052884,8.797920767168389,0.2361111111111111
LightGBM,2026-02-11 00:00:00+00:00,7.56994212962963,False,False,10.724421877587567,12.970294216645868,63.18780016613359,1.4167112104610335,3.1277272975903316,0.8611111111111112
LightGBM,2026-02-12 00:00:00+00:00,15.559560185185186,False,False,11.727972274712249,14.05581997569658,58.28705592119333,0.7537470298086492,3.5123520588907104,0.6944444444444444
LightGBM,2026-02-13 00:00:00+00:00,10.538657407407406,False,False,13.164322978980513,14.79452775021326,44.051400388526375,1.2491461170117912,3.721671234309062,0.6527777777777778
LightGBM,2026-02-14 00:00:00+00:00,14.306435185185185,False,False,9.47760271945647,13.325380709167101,46.433567728362235,0.6624713002768754,3.1819286353764067,0.8472222222222222
LightGBM,2026-02-15 00:00:00+00:00,10.642488425925926,False,False,6.684655174155912,9.910142988338585,102.61041726361648,0.6281101662155981,2.464786976030283,0.9166666666666666
LightGBM,2026-02-16 00:00:00+00:00,28.307430555555555,False,False,23.550142606992235,28.05861248217408,109.09154362866352,0.8319420782742266,8.560761172427197,0.3333333333333333
LightGBM,2026-02-17 00:00:00+00:00,18.25087962962963,False,False,18.079231175744706,20.036738235131157,149.46025146507907,0.9905950585742586,5.444578612656496,0.4305555555555556
LightGBM,2026-02-18 00:00:00+00:00,7.208310185185184,False,False,11.404018538522495,15.271325371464037,106.58128976015968,1.5820654557791511,3.7066050408718554,0.6944444444444444
LightGBM,2026-02-19 00:00:00+00:00,13.319722222222222,False,False,4.899519205886955,8.252335973384104,89.37376707883732,0.3678394432064616,2.0947300816725147,0.9722222222222222
LightGBM,2026-02-20 00:00:00+00:00,11.553854166666667,False,False,23.611450878179205,29.70254223045185,70.91989897004092,2.0435995242435365,8.840443771760429,0.4305555555555556
LightGBM,2026-02-21 00:00:00+00:00,15.099421296296295,False,False,23.695538326764485,26.72241808519337,104.29007285773999,1.569301091862157,8.255069572219387,0.3194444444444444
LightGBM,2026-02-22 00:00:00+00:00,16.93173611111111,False,False,21.28884350739866,26.01669772241494,152.12737083022157,1.2573337646945895,7.514106192138825,0.3333333333333333
LightGBM,2026-02-23 00:00:00+00:00,4.224386574074073,False,False,15.038134792479674,18.242720986348814,91.93220869637967,3.559838695817233,4.989211970844299,0.6111111111111112
LightGBM,2026-02-24 00:00:00+00:00,8.345173611111111,False,False,17.866795319953702,22.152805123654108,155.76550782956065,2.140973471919758,6.22725509976635,0.4722222222222222
LightGBM,2026-02-25 00:00:00+00:00,14.710289351851852,False,False,15.581330931151301,18.760123304101757,152.2425964794091,1.0592130826569903,4.787392760650763,0.6805555555555556
LightGBM,2026-02-26 00:00:00+00:00,19.328344907407406,False,False,21.692422419082643,26.21262493341009,76.52259656305944,1.1223114303371742,7.215773964576388,0.3611111111111111
LightGBM,2026-02-27 00:00:00+00:00,13.101145833333332,False,False,27.700035033057606,30.883377930931395,103.63377256064439,2.1143215551864345,10.016252581495293,0.1388888888888889
LightGBM,2026-02-28 00:00:00+00:00,11.75699074074074,False,False,24.389529060368844,27.111357634027343,114.85635019339901,2.0744703809158738,8.342149648413177,0.20833333333333334
LightGBM,2026-03-01 00:00:00+00:00,10.44976851851852,False,False,16.879276133381328,19.688818652117977,92.69323054330161,1.6152775158099224,5.451277177241831,0.5694444444444444
LightGBM,2026-03-02 00:00:00+00:00,14.42292824074074,False,False,9.333125665818807,11.323155518738584,38.014931437325956,0.6471033835872064,2.8867462693179093,0.8333333333333334
LightGBM,2026-03-03 00:00:00+00:00,17.70898148148148,False,False,15.767991166320598,18.72909539200481,105.83261484635824,0.8903951468247566,5.075545240761815,0.5
LightGBM,2026-03-04 00:00:00+00:00,23.211018518518514,False,False,16.674613131026906,18.475120508314543,49.32496112379543,0.7183921342238105,4.982380268458907,0.3888888888888889
LightGBM,2026-03-05 00:00:00+00:00,12.803645833333334,False,False,34.022857377024785,38.65242860846142,104.68147477000463,2.6572788579053648,13.027102799581561,0.19444444444444445
LightGBM,2026-03-06 00:00:00+00:00,14.406371527777777,False,False,4.335673873457038,6.332759722674497,111.21601326589247,0.3009553005832988,1.8890324486948424,0.9861111111111112
LightGBM,2026-03-07 00:00:00+00:00,12.830868055555555,False,False,15.124309255487617,19.978260952216516,98.2234361883826,1.17874404054362,5.114739291750372,0.6527777777777778
LightGBM,2026-03-08 00:00:00+00:00,30.940879629629624,False,False,27.212456322396562,38.10753431285909,69.75297632983015,0.8794984708947109,10.275086056666249,0.4166666666666667
LightGBM,2026-03-09 00:00:00+00:00,16.02903935185185,False,False,10.041557913161414,13.412992259254837,83.27916369644561,0.62646036937961,3.2373240886187116,0.7777777777777778
LightGBM,2026-03-10 00:00:00+00:00,14.835335648148149,False,False,23.874919999294775,30.113782104107138,117.98135539429519,1.60932792931281,8.773583824320786,0.375
LightGBM,2026-03-11 00:00:00+00:00,22.641238425925923,False,False,16.817600099989853,20.100541677921314,136.72886518649807,0.7427862285453624,5.314275795502228,0.5
LightGBM,2026-03-12 00:00:00+00:00,9.274131944444443,False,False,26.05264572937621,30.646232515163916,154.37033421875233,2.809173503832101,9.028493897258231,0.4305555555555556
LightGBM,2026-03-13 00:00:00+00:00,5.599207175925926,False,False,5.879576316039065,10.376938391414829,101.90181421991815,1.050073006999741,2.419776518236361,0.9583333333333334
LightGBM,2026-03-14 00:00:00+00:00,19.878553240740743,False,False,21.393209900462214,25.524761423435592,91.75805159991684,1.0761955179221598,7.5019175381852845,0.5
LightGBM,2026-03-15 00:00:00+00:00,37.76217592592593,False,False,9.150304476586605,12.047400321225558,122.14114743674062,0.24231401534000027,2.96172342031174,0.8194444444444444
LightGBM,2026-03-16 00:00:00+00:00,15.232303240740741,False,False,26.180252234079305,35.623664286845155,137.05755973277977,1.7187323427265337,9.810909447401494,0.4166666666666667
LightGBM,2026-03-17 00:00:00+00:00,31.302499999999995,False,False,103.40564828199541,131.79158263995353,151.56058785171768,3.3034309809758144,47.382190565955405,0.013888888888888888
LightGBM,2026-03-18 00:00:00+00:00,18.16048611111111,False,False,9.027501670192018,11.55340868770092,90.74168706834054,0.4970958164312977,2.9620859858159085,0.875
LightGBM,2026-03-19 00:00:00+00:00,11.199664351851851,False,False,27.109018367121266,29.081810608458248,138.37315347194857,2.420520608069725,9.77483695116511,0.1388888888888889
LightGBM,2026-03-20 00:00:00+00:00,7.619317129629631,False,False,18.10855356393309,19.654480670244936,106.89450177327417,2.376663584918053,5.452128252239507,0.3472222222222222
LightGBM,2026-03-21 00:00:00+00:00,14.839513888888892,False,False,14.80058510202513,16.771863117390936,74.07682867493074,0.9973766804522546,4.2953312783587,0.5833333333333334
LightGBM,2026-03-22 00:00:00+00:00,7.386874999999999,False,False,21.662260802328376,23.891510216397407,140.90385485954363,2.932533825511922,6.888682756097128,0.3194444444444444
LightGBM,2026-03-23 00:00:00+00:00,11.993553240740741,False,False,20.752314029422784,28.837279085314503,141.50932707896717,1.7302890655397705,7.364688674061611,0.5
LightGBM,2026-03-24 00:00:00+00:00,70.64513888888888,False,False,161.06434502499133,230.59666546991937,105.22531987299621,2.279906976732176,76.43958268219991,0.06944444444444445
LightGBM,2026-03-25 00:00:00+00:00,14.597534722222223,False,False,34.17914377733801,38.33134055231548,129.39760299810342,2.341432606788472,12.75442804801466,0.19444444444444445
LightGBM,2026-03-26 00:00:00+00:00,10.433460648148149,False,False,10.158699137839884,12.021061777329082,134.88435811629216,0.9736653523146194,3.1189207790202036,0.875
LightGBM,2026-03-27 00:00:00+00:00,9.769479166666667,False,False,10.294376435017838,12.801215321540806,111.67462005485945,1.0537282755197548,3.1645030983469855,0.8472222222222222
LightGBM,2026-03-28 00:00:00+00:00,12.610729166666665,False,False,16.252724953758406,21.361573940620016,132.5662759295729,1.2888013642159926,5.471579942664949,0.6666666666666666
LightGBM,2026-03-29 00:00:00+00:00,7.557974537037037,False,False,25.420997801697904,29.291397965315422,139.10209166917815,3.363466981414803,8.858583162819558,0.3055555555555556
LightGBM,2026-03-30 00:00:00+00:00,18.776840277777776,False,False,5.1766913244822135,6.607258346001801,97.02476844517476,0.27569555089674924,2.0575152144741202,1.0
LightGBM,2026-03-31 00:00:00+00:00,95.03800925925925,False,False,7.004186565189617,9.509883689192764,105.80198481621015,0.07369879293328338,2.593842181007197,0.875
LightGBM,2026-04-01 00:00:00+00:00,21.40883101851852,False,False,17.626758710080505,24.045827793838964,105.53308152970493,0.8233405502072232,5.886823286142107,0.6388888888888888
LightGBM,2026-04-02 00:00:00+00:00,23.352314814814815,False,False,13.989929646894792,16.978707597291375,68.6812278102411,0.5990810657459755,4.24368481619218,0.7222222222222222
LightGBM,2026-04-03 00:00:00+00:00,10.264780092592591,False,False,9.60538819861955,14.3669907977849,115.28509069824797,0.9357617125720131,3.362663447334066,0.8055555555555556
LightGBM,2026-04-04 00:00:00+00:00,25.355775462962963,False,False,28.067700508655168,34.580209765050455,106.88500862684329,1.1069549243190568,10.113731932006099,0.3194444444444444
LightGBM,2026-04-05 00:00:00+00:00,18.179039351851852,False,False,16.851695117530667,20.186321117730387,116.61938502235638,0.9269849078033944,5.311229904557622,0.6388888888888888
LightGBM,2026-04-06 00:00:00+00:00,26.292743055555555,False,False,20.50795670160645,21.432624396460692,107.48573776757146,0.7799854377412782,5.859382447396982,0.3055555555555556
LightGBM,2026-04-07 00:00:00+00:00,16.517430555555556,False,False,21.549702133024923,24.493659347720875,89.03759412414176,1.3046643096541906,6.907614099881215,0.5277777777777778
LightGBM,2026-04-08 00:00:00+00:00,12.081863425925924,False,False,17.520998087710154,21.785598339755612,81.26133591377747,1.4501900468525937,5.837467610762636,0.5416666666666666
LightGBM,2026-04-09 00:00:00+00:00,24.245787037037037,False,False,16.77002546107211,27.759927818703698,122.3208904214356,0.6916676054052109,6.422086724759819,0.8055555555555556
LightGBM,2026-04-10 00:00:00+00:00,13.897326388888889,False,False,14.840441331556175,18.47981577162122,116.913940189378,1.0678630490697347,5.051532437641008,0.625
LightGBM,2026-04-11 00:00:00+00:00,18.45196759259259,False,False,25.837575003957998,30.164280758413717,143.76765542335679,1.4002612390415374,8.857374537582693,0.3472222222222222
LightGBM,2026-04-12 00:00:00+00:00,27.841828703703708,False,False,41.666829952594966,53.991115516244044,106.31676222849624,1.4965550717238687,16.609521092088865,0.20833333333333334
LightGBM,2026-04-13 00:00:00+00:00,28.005555555555556,False,False,8.895214294736467,12.088735040436605,121.64267109444704,0.3176232043349661,2.979731623904369,0.8472222222222222
LightGBM,2026-04-14 00:00:00+00:00,19.171122685185185,False,False,16.500626468623075,20.41239230244058,102.36730156844129,0.8607021476824733,5.667344877919754,0.5694444444444444
LightGBM,2026-04-15 00:00:00+00:00,13.328344907407407,False,False,21.881685513211412,24.27851593749479,148.81344054635773,1.6417406411091875,7.632881647529391,0.18055555555555555
LightGBM,2026-04-16 00:00:00+00:00,15.951504629629628,False,False,17.57175952319234,24.160754651047935,82.71393095621961,1.1015737970293484,6.311260308975733,0.5138888888888888
LightGBM,2026-04-17 00:00:00+00:00,9.495208333333332,False,False,6.458644232200448,8.66453546624199,117.11629026483708,0.6802003711205685,2.153731136122694,0.9166666666666666
LightGBM,2026-04-18 00:00:00+00:00,15.681099537037035,False,False,9.864853389062135,15.611825148838888,115.261819436254,0.6290919438246301,3.6147461562744376,0.8472222222222222
LightGBM,2026-04-19 00:00:00+00:00,23.862974537037037,False,False,25.84319546981321,31.65725771419117,115.50969610458368,1.0829829881309527,9.67398069167546,0.2222222222222222
LightGBM,2026-04-20 00:00:00+00:00,42.85164351851852,False,False,27.262540668036017,40.825837276899634,97.0597407681519,0.6362075857429924,11.171449841466421,0.4305555555555556
LightGBM,2026-04-21 00:00:00+00:00,37.88981481481481,False,False,20.65987370118937,26.024649061959437,95.76829574496324,0.545261933903974,7.64706786015842,0.4861111111111111
LightGBM,2026-04-22 00:00:00+00:00,9.126701388888888,False,False,11.202841301661575,13.322786449644383,91.60085147209729,1.2274797678052927,3.435034901005931,0.6805555555555556
LightGBM,2026-04-23 00:00:00+00:00,21.557407407407407,False,False,4.591001392900875,6.003564985283826,89.49905524010688,0.21296630462730629,1.7724209968994493,0.9861111111111112
LightGBM,2026-04-24 00:00:00+00:00,19.027233796296297,False,False,21.5182562206408,39.36966358784543,145.46872459121028,1.130918789930956,8.276741286918506,0.5416666666666666
LightGBM,2026-04-25 00:00:00+00:00,83.94658564814816,False,False,221.58774392462465,239.10290515652187,148.67345837003816,2.6396278325527445,107.01552332003892,0.0
LightGBM,2026-04-26 00:00:00+00:00,17.95047453703704,False,False,93.13518321115066,148.20049143903145,123.01185568672102,5.188452428875111,43.208292795163636,0.3888888888888889
LightGBM,2026-04-27 00:00:00+00:00,38.92916666666666,False,False,68.56263631012104,117.75360602212578,147.29831976120553,1.7612151037599326,31.821786331703787,0.5
LightGBM,2026-04-28 00:00:00+00:00,90.53584490740741,False,False,286.9197076688545,294.77470488387405,146.92715147798097,3.1691282934653375,138.79296739653344,0.0
LightGBM,2026-04-29 00:00:00+00:00,33.23167824074075,False,False,120.06988320567218,197.99645896278975,86.1041619395996,3.6131152431077393,56.6697434414448,0.2916666666666667
LightGBM,2026-04-30 00:00:00+00:00,39.344965277777774,False,False,24.796250981703327,32.102431959631716,43.71114574227564,0.6302267852224632,9.029170135720046,0.3888888888888889
LightGBM,2026-05-01 00:00:00+00:00,31.06582175925926,False,False,15.149139222411897,17.896303795071123,41.88012161436496,0.48764649909499497,4.85556962302383,0.5972222222222222
LightGBM,2026-05-02 00:00:00+00:00,99.06234953703705,False,False,38.78786823418247,61.18044155463066,102.81947642597638,0.3915500532286548,15.557203101599734,0.20833333333333334
LightGBM,2026-05-03 00:00:00+00:00,19.312291666666667,False,False,27.022619711102216,30.295912916559463,124.74329209282477,1.3992445939361875,9.933607785237998,0.25
LightGBM,2026-05-04 00:00:00+00:00,21.448715277777776,False,False,6.35248251054426,8.867383852277056,100.36590954496481,0.2961707695903742,2.2657889404262272,0.9305555555555556
LightGBM,2026-05-05 00:00:00+00:00,92.80848379629629,False,False,16.80350330015859,21.734375179616,139.05222445294797,0.18105568168789724,5.825727872001515,0.5833333333333334
LightGBM,2026-05-06 00:00:00+00:00,17.578645833333333,False,False,12.930682716824672,22.11940702388167,30.957471365733824,0.7355903770644832,5.075939765488509,0.7638888888888888
LightGBM,2026-05-07 00:00:00+00:00,16.60119212962963,False,False,14.535803240835163,17.61024632708941,51.39639232699371,0.8755879172611837,4.666781859362968,0.5138888888888888
LightGBM,2026-05-08 00:00:00+00:00,13.780983796296296,False,False,18.384693540228998,24.04859458278343,59.767597874540044,1.3340624887150634,6.51005566207203,0.5416666666666666
LightGBM,2026-05-09 00:00:00+00:00,30.85199074074074,False,False,17.669817798802164,22.08147607564006,53.20820504371476,0.5727286108467801,6.177846293565641,0.5277777777777778
LightGBM,2026-05-10 00:00:00+00:00,11.629861111111113,False,False,12.011561109384177,12.990203266781348,79.78745971429488,1.0328206841531744,3.257072175662209,0.7777777777777778
LightGBM,2026-05-11 00:00:00+00:00,15.398796296296297,False,False,12.725979993868004,15.23302467063998,79.19864080761756,0.8264269329238964,3.8694338237346613,0.7083333333333334
LightGBM,2026-05-12 00:00:00+00:00,14.095295138888888,False,False,18.96728702007969,21.6884801122787,79.0071317687438,1.3456466738145119,6.147182072456679,0.4861111111111111
LightGBM,2026-05-13 00:00:00+00:00,13.792581018518518,False,False,12.367960646798943,14.435571217947787,37.14304860963761,0.8967111108641075,3.704416314534823,0.6111111111111112
LightGBM,2026-05-14 00:00:00+00:00,18.03478009259259,False,False,17.879715284555022,19.78564470690332,107.10835775332255,0.9914019019227599,5.532910909263772,0.4027777777777778
LightGBM,2026-05-15 00:00:00+00:00,20.409641203703707,False,False,15.51165846315573,19.894738763181504,107.81483749320167,0.7600162250936999,5.150829757381106,0.6111111111111112
LightGBM,2026-05-16 00:00:00+00:00,22.702152777777776,False,False,6.397328405686666,10.06800904528583,109.6976961751671,0.28179391039728857,2.5372769152721193,0.875
LightGBM,2026-05-17 00:00:00+00:00,8.22400462962963,False,False,8.129807489527982,10.225701690084493,121.76547255500189,0.9885460740425326,2.554227388283969,0.9305555555555556
LightGBM,2026-05-18 00:00:00+00:00,18.14275462962963,False,False,5.564338566890834,6.725740589710392,111.10581725732547,0.30669755946561167,2.0258305500014027,1.0
LightGBM,2026-05-19 00:00:00+00:00,12.195399305555554,False,False,18.778364240925832,23.95988656101329,127.9643553388509,1.5397908482071136,6.59751160965397,0.4305555555555556
LightGBM,2026-05-20 00:00:00+00:00,9.013935185185185,False,False,32.058136525783844,36.28631750359573,76.26384898380142,3.5565084357909362,12.184616865134982,0.20833333333333334
LightGBM,2026-05-21 00:00:00+00:00,26.344768518518517,False,False,6.700419804620277,8.991331358352674,19.579201151110503,0.254335876965871,2.3613733563051773,0.9166666666666666
LightGBM,2026-05-22 00:00:00+00:00,13.070474537037036,False,False,7.7653284936156375,9.551625902394438,32.84352357628958,0.5941122085209287,2.4675194879248123,0.8888888888888888
LightGBM,2026-05-23 00:00:00+00:00,18.23252314814815,False,False,6.839046352290157,8.026940126288288,27.68393336117977,0.37510147645060243,2.19332823596411,0.9583333333333334
LightGBM,2026-05-24 00:00:00+00:00,14.96025462962963,False,False,7.700453438415865,8.959160339140917,32.59322822564539,0.514727431387744,2.4004695473263813,0.9305555555555556
LightGBM,2026-05-25 00:00:00+00:00,22.23644675925926,False,False,5.521396779742931,6.791240374575594,20.484168890204206,0.24830391471802124,2.0278979146553855,0.9861111111111112
LightGBM,2026-05-26 00:00:00+00:00,12.064768518518518,False,False,8.075415200773172,12.74181358944977,27.004169462599698,0.669338594302743,2.9539898831616447,0.9305555555555556
LightGBM,2026-05-27 00:00:00+00:00,29.80622685185185,False,False,25.884933010549567,37.83434449775236,43.40907681174385,0.8684404483401208,9.99266706853692,0.5
LightGBM,2026-05-28 00:00:00+00:00,16.140972222222224,False,False,10.679024039220398,13.941950314551523,33.40980720089214,0.6616097154617464,3.436930363384049,0.7777777777777778
LightGBM,2026-05-29 00:00:00+00:00,9.932488425925925,False,False,41.60593759349206,44.74666538756591,90.9735223675639,4.188873503732624,16.961135609091475,0.09722222222222222
LightGBM,2026-05-30 00:00:00+00:00,10.644780092592592,False,False,17.248943213154778,21.21449783375804,107.94498137090893,1.620413297702396,5.788376326461335,0.5833333333333334
LightGBM,2026-05-31 00:00:00+00:00,6.22925925925926,False,False,15.56748948450892,19.519068368454693,140.7957708582124,2.499091599273089,5.044229412222662,0.5416666666666666
LightGBM,2026-06-01 00:00:00+00:00,7.080347222222223,False,False,14.932494649237372,18.698809037366942,78.12511701510144,2.109005982414333,4.879584866050062,0.5972222222222222
XGBoost,2025-07-01 00:00:00+00:00,25.592407407407407,False,False,14.796171143849692,24.04895896339138,28.672779731124603,0.578146905381286,7.238997264448252,0.013888888888888888
XGBoost,2025-07-02 00:00:00+00:00,38.74896990740741,False,False,53.689233146950045,60.19017181541528,70.50253380240902,1.385565429874475,26.675256129726943,0.0
XGBoost,2025-07-03 00:00:00+00:00,9.429803240740743,False,False,6.6254947061891905,7.908427780167505,19.292815972867647,0.7026121899939808,3.153719269064133,0.06944444444444445
XGBoost,2025-07-04 00:00:00+00:00,8.454027777777778,False,False,10.532701990692706,16.17253334486176,28.509058097141516,1.2458797472110184,5.098997306620054,0.013888888888888888
XGBoost,2025-07-05 00:00:00+00:00,18.460520833333334,False,False,8.850129428792883,14.847809845648658,27.866456777621423,0.4794084364517279,4.261585950757971,0.08333333333333333
XGBoost,2025-07-06 00:00:00+00:00,14.629305555555554,False,False,11.090645384611909,19.577398823857028,28.83225959336091,0.75811154141901,5.389893498551143,0.125
XGBoost,2025-07-07 00:00:00+00:00,13.49300925925926,False,False,11.216722226319488,17.719124097321664,29.93492724202539,0.8312987867122582,5.447225580529942,0.1111111111111111
XGBoost,2025-07-08 00:00:00+00:00,12.906782407407407,False,False,21.91209555555273,31.474472465276754,44.89413933973104,1.6977194519818535,10.801613246750675,0.0
XGBoost,2025-07-09 00:00:00+00:00,33.95109953703704,False,False,49.24280633361252,55.477579320453,78.08410827025898,1.450403875134997,24.46714670687245,0.0
XGBoost,2025-07-10 00:00:00+00:00,17.20474537037037,False,False,44.33785211563111,51.73388307182519,101.0789680667797,2.5770711022546586,22.010633827560998,0.0
XGBoost,2025-07-11 00:00:00+00:00,11.368680555555557,False,False,16.69058421029537,22.356358662583563,95.69154809189845,1.4681197284709655,8.181675701460685,0.041666666666666664
XGBoost,2025-07-12 00:00:00+00:00,52.02465277777779,False,False,50.55547809247618,100.9894630941346,60.771880061516704,0.971760029008225,25.104636337880464,0.0
XGBoost,2025-07-13 00:00:00+00:00,28.16582175925926,False,False,22.977147553055374,28.73057950098226,43.06055534073987,0.815781188613886,11.315184151823422,0.0
XGBoost,2025-07-14 00:00:00+00:00,8.859305555555556,False,False,17.391645163076895,20.4970311248414,42.92082105234625,1.9630935014055158,8.525972744064033,0.027777777777777776
XGBoost,2025-07-15 00:00:00+00:00,24.954976851851853,False,False,14.758946787163062,17.097222576436693,60.85927787953196,0.5914229804652307,7.207654266595725,0.041666666666666664
XGBoost,2025-07-16 00:00:00+00:00,23.476076388888888,False,False,9.450096162165757,11.758578998840425,70.62582983781763,0.4025415493467401,4.547290138362577,0.013888888888888888
XGBoost,2025-07-17 00:00:00+00:00,10.92471064814815,False,False,10.747993482307152,15.575396048022318,47.17399650189445,0.9838240872886685,5.203908004708777,0.027777777777777776
XGBoost,2025-07-18 00:00:00+00:00,8.932384259259258,False,False,11.379901556703778,16.512275689836986,54.01299558894053,1.2740049270616003,5.522265418057278,0.041666666666666664
XGBoost,2025-07-19 00:00:00+00:00,60.14989583333334,False,False,13.475540787952918,16.935916576451394,107.99830060612257,0.22403265377701886,6.57735393179421,0.027777777777777776
XGBoost,2025-07-20 00:00:00+00:00,38.696168981481485,False,False,9.585163318492748,13.375257819560353,51.94528948911523,0.24770315953188657,4.626339978976153,0.027777777777777776
XGBoost,2025-07-21 00:00:00+00:00,10.894560185185188,False,False,8.583143209174828,12.972432281355992,32.58131023288256,0.7878375137021587,4.114530290254186,0.027777777777777776
XGBoost,2025-07-22 00:00:00+00:00,8.963090277777777,False,False,12.29640956414208,15.306397309631492,124.00292517953085,1.3718939766375682,5.976293778413254,0.0
XGBoost,2025-07-23 00:00:00+00:00,6.148333333333333,False,False,14.451899748196203,19.38060322800885,114.75388669187274,2.350539400628279,7.059839591416167,0.027777777777777776
XGBoost,2025-07-24 00:00:00+00:00,8.587928240740741,False,False,20.07620257611007,23.83528810735692,124.48572025546858,2.3377236061276663,9.875099132435787,0.013888888888888888
XGBoost,2025-07-25 00:00:00+00:00,21.549166666666665,False,False,18.055378719965617,24.210166701183866,40.91774097192421,0.8378689997277058,8.863137934795683,0.06944444444444445
XGBoost,2025-07-26 00:00:00+00:00,14.584178240740743,False,False,31.144414877008508,35.39867651877174,65.22649996789114,2.1354932971133693,15.381472390059779,0.0
XGBoost,2025-07-27 00:00:00+00:00,7.8231828703703705,False,False,10.502079265735768,13.718621593301323,56.06530363332881,1.3424304966091853,5.071692280313308,0.041666666666666664
XGBoost,2025-07-28 00:00:00+00:00,9.630636574074073,False,False,14.337777332158554,20.431308421691995,83.0602540699221,1.4887673542532203,6.992339807697505,0.05555555555555555
XGBoost,2025-07-29 00:00:00+00:00,15.900150462962964,False,False,16.987199484590025,23.191051486391295,73.65281779865208,1.068367216031017,8.327616316732602,0.027777777777777776
XGBoost,2025-07-30 00:00:00+00:00,23.051689814814814,False,False,22.25669029765659,35.55352568171215,47.11643937691347,0.9655123106572736,10.9522022140132,0.027777777777777776
XGBoost,2025-07-31 00:00:00+00:00,33.38466435185185,False,False,51.604005877176924,58.50415657792242,74.23667371997873,1.5457398442981332,25.626936222822298,0.0
XGBoost,2025-08-01 00:00:00+00:00,24.084745370370374,False,False,18.66030200534397,24.54351331940227,31.338794051174812,0.774776802427827,9.154676371733114,0.027777777777777776
XGBoost,2025-08-02 00:00:00+00:00,24.0771875,False,False,26.596378948070384,30.25948784599175,49.62727469373027,1.1046298056228696,13.18084799727121,0.013888888888888888
XGBoost,2025-08-03 00:00:00+00:00,11.675173611111111,False,False,18.221593644177474,20.636604894887565,58.1861376575083,1.5607128639899812,8.995710299775,0.0
XGBoost,2025-08-04 00:00:00+00:00,12.069548611111111,False,False,25.43290984471639,28.405319860818576,62.070563279910964,2.107196438258105,12.602359967947264,0.0
XGBoost,2025-08-05 00:00:00+00:00,12.442928240740741,False,False,12.28177767753601,14.657722284700343,47.221674836602745,0.9870488232281939,6.026193027296711,0.027777777777777776
XGBoost,2025-08-06 00:00:00+00:00,20.331157407407407,False,False,9.253922976387871,11.521181197052028,44.239622417747505,0.4551596739404673,4.514075923168675,0.027777777777777776
XGBoost,2025-08-07 00:00:00+00:00,29.053194444444443,False,False,15.024582933496548,22.028270755204296,46.534326934788695,0.517140480446189,7.400996880962606,0.041666666666666664
XGBoost,2025-08-08 00:00:00+00:00,34.689097222222216,False,False,18.728178403642445,23.86979211259735,78.27261210486877,0.5398865898316019,9.252567503361872,0.013888888888888888
XGBoost,2025-08-09 00:00:00+00:00,25.395208333333336,False,False,16.572265173764556,20.391958008625597,104.89125366372951,0.6525744918584532,8.170609433011242,0.0
XGBoost,2025-08-10 00:00:00+00:00,10.928773148148148,False,False,13.467975630936799,18.404433567515177,43.5325371008467,1.2323410366715235,6.623043815500018,0.013888888888888888
XGBoost,2025-08-11 00:00:00+00:00,13.578888888888889,False,False,12.022455480010422,15.732408883256587,32.6623861735649,0.8853784413721774,5.897656949481548,0.013888888888888888
XGBoost,2025-08-12 00:00:00+00:00,25.48246527777778,False,False,21.67341469164248,27.18779523510572,45.74162843833042,0.85052268120004,10.725115293474332,0.013888888888888888
XGBoost,2025-08-13 00:00:00+00:00,23.985937500000002,False,False,39.083337718115914,43.19937955692389,61.70330287003763,1.6294271473906705,19.4283109375703,0.013888888888888888
XGBoost,2025-08-14 00:00:00+00:00,13.576927083333334,False,False,22.59069511908072,26.063876968886316,52.99983249544942,1.663903398789881,11.183036298797083,0.027777777777777776
XGBoost,2025-08-15 00:00:00+00:00,12.374131944444445,False,False,19.84813260466964,22.417933244540773,54.42879796412039,1.6040020175783531,9.808802083199886,0.013888888888888888
XGBoost,2025-08-16 00:00:00+00:00,14.61224537037037,False,False,15.018955945615415,18.300601718457994,42.58443760219591,1.0278335440540673,7.402328248714505,0.06944444444444445
XGBoost,2025-08-17 00:00:00+00:00,13.685046296296296,False,False,20.25713900919314,26.972799052841935,51.6104900203518,1.4802389827994595,10.017475081697159,0.027777777777777776
XGBoost,2025-08-18 00:00:00+00:00,14.104664351851852,False,False,32.62437377912027,40.7703091275988,71.95564383236744,2.3130202155315307,16.19682732386639,0.0
XGBoost,2025-08-19 00:00:00+00:00,23.564027777777778,False,False,37.480816742225926,42.14563577606267,48.68968753502949,1.5905946596096137,18.62477704324236,0.0
XGBoost,2025-08-20 00:00:00+00:00,12.98171296296296,False,False,22.082101010923036,26.41369713710648,50.003592229991455,1.7010159656066677,10.927561304708354,0.027777777777777776
XGBoost,2025-08-21 00:00:00+00:00,29.798315972222227,False,False,30.623099291766135,41.6422666053596,45.39168235390931,1.0276788567619983,15.19917395599448,0.027777777777777776
XGBoost,2025-08-22 00:00:00+00:00,13.433124999999999,False,False,21.130723561180965,22.994000380534946,46.838228204063725,1.5730311123570253,10.448140260257917,0.0
XGBoost,2025-08-23 00:00:00+00:00,14.15365740740741,False,False,17.43192771487766,19.62581234424266,43.988349727680614,1.2316200126304135,8.595851189207318,0.0
XGBoost,2025-08-24 00:00:00+00:00,16.118402777777778,False,False,21.54531525505914,27.31881427429373,43.78764753398244,1.336690461958388,10.660330767651933,0.013888888888888888
XGBoost,2025-08-25 00:00:00+00:00,14.469074074074074,False,False,34.6395129832515,38.00873161291563,68.23897636266906,2.3940379879123816,17.198534899534916,0.0
XGBoost,2025-08-26 00:00:00+00:00,29.61265046296296,False,False,16.943347373538547,19.646778368767002,41.4510357514933,0.5721658517102303,8.354535727661615,0.013888888888888888
XGBoost,2025-08-27 00:00:00+00:00,15.542800925925924,False,False,16.398775087285927,18.825551431148117,37.62721658137832,1.0550720661893191,8.081680885874404,0.0
XGBoost,2025-08-28 00:00:00+00:00,38.10836805555555,False,False,27.962606451246476,30.99055351812858,74.1712772977989,0.733765518651487,13.862064472167171,0.0
XGBoost,2025-08-29 00:00:00+00:00,10.51587962962963,False,False,27.09405344599513,30.141869707776035,86.18596096510845,2.5764894997138135,13.43033098401955,0.0
XGBoost,2025-08-30 00:00:00+00:00,10.106469907407408,False,False,13.427743868651213,14.758153049469394,38.402108148581526,1.3286284916169906,6.597732660944605,0.013888888888888888
XGBoost,2025-08-31 00:00:00+00:00,18.541041666666665,False,False,11.524071800090649,13.584860189525408,32.157766661550774,0.6215439244068353,5.643771631092435,0.0
XGBoost,2025-09-01 00:00:00+00:00,15.252546296296297,False,False,9.58205824216207,15.302792021758785,25.910281337659345,0.6282267928266401,4.672017731777903,0.0
XGBoost,2025-09-02 00:00:00+00:00,16.35789351851852,False,False,20.472334104467322,22.087878227710114,51.31460271805608,1.2515263093802944,10.120430399008946,0.0
XGBoost,2025-09-03 00:00:00+00:00,12.73765046296296,False,False,15.578894186726322,19.98370450093419,37.3711551511823,1.2230586976793558,7.678139483933968,0.013888888888888888
XGBoost,2025-09-04 00:00:00+00:00,21.25173611111111,False,False,40.70358551096033,44.53256435323833,93.19677873931703,1.9153063682961482,20.23849826756547,0.0
XGBoost,2025-09-05 00:00:00+00:00,14.96193287037037,False,False,86.86139219284058,108.44666311272795,105.28004061574099,5.80549270909076,43.31413216025309,0.0
XGBoost,2025-09-06 00:00:00+00:00,12.201678240740742,False,False,26.998221751319036,30.674633651083553,57.67051711718343,2.2126646202793183,13.38637241720618,0.0
XGBoost,2025-09-07 00:00:00+00:00,6.696481481481481,False,False,21.944356462690568,26.26949050385092,51.43975562402451,3.2769980060985335,10.856055743903292,0.0
XGBoost,2025-09-08 00:00:00+00:00,11.930543981481483,False,False,15.311050719155206,18.36837587793704,61.21530020153385,1.28334891878534,7.542628191103197,0.013888888888888888
XGBoost,2025-09-09 00:00:00+00:00,14.096458333333334,False,False,20.313919425187287,28.15454021265394,70.76206310764042,1.44106547508829,10.039753968358543,0.013888888888888888
XGBoost,2025-09-10 00:00:00+00:00,16.7190625,False,False,11.943519876268175,14.061088160583322,44.38763108212401,0.7143654063299407,5.860262174692829,0.013888888888888888
XGBoost,2025-09-11 00:00:00+00:00,12.884409722222223,False,False,29.602377701158883,37.38372851468906,68.31418153407802,2.2975346437565203,14.684900895904383,0.0
XGBoost,2025-09-12 00:00:00+00:00,11.97099537037037,False,False,33.6929893317046,35.65694794312921,89.7962203837145,2.814552030911209,16.729590354203978,0.0
XGBoost,2025-09-13 00:00:00+00:00,17.90605324074074,False,False,17.591662421049893,21.11550589209436,52.3224570505966,0.9824422045738405,8.682030903769517,0.013888888888888888
XGBoost,2025-09-14 00:00:00+00:00,14.176145833333333,False,False,46.86291811801769,61.822806109649456,78.59959535376524,3.3057587491676146,23.317517578445948,0.0
XGBoost,2025-09-15 00:00:00+00:00,15.779490740740739,False,False,13.368348849261249,14.790702546003212,39.24287969706467,0.8471977371706798,6.567565279142856,0.0
XGBoost,2025-09-16 00:00:00+00:00,12.501087962962963,False,False,35.47991607877944,38.210296312940926,84.66789689244106,2.838146262460993,17.62320979766631,0.0
XGBoost,2025-09-17 00:00:00+00:00,12.539756944444443,False,False,21.550542805283158,27.510986283080697,55.342442380257125,1.718577393545958,10.663181009361313,0.027777777777777776
XGBoost,2025-09-18 00:00:00+00:00,14.145231481481481,False,False,46.523570250052,60.84146678210688,70.27575687354587,3.2889932067184113,23.149293207016573,0.0
XGBoost,2025-09-19 00:00:00+00:00,12.568773148148146,False,False,34.46521518495348,37.370886487990994,69.117977706293,2.7421304194698988,17.11994493083059,0.0
XGBoost,2025-09-20 00:00:00+00:00,7.397951388888888,False,False,24.658493072368483,26.30202978239571,63.71954647306741,3.3331515410338466,12.211956844573825,0.0
XGBoost,2025-09-21 00:00:00+00:00,14.009953703703705,False,False,11.693180364326196,13.691288738119573,46.32064244014243,0.8346337619399098,5.734520874246409,0.041666666666666664
XGBoost,2025-09-22 00:00:00+00:00,6.040694444444445,False,False,22.249609904819067,24.800291227983497,55.10120598345863,3.683286766024355,11.007059731538819,0.0
XGBoost,2025-09-23 00:00:00+00:00,9.803368055555556,False,False,36.778856437117966,39.777346756288416,81.37942690667174,3.7516551687841035,18.268323734397903,0.0
XGBoost,2025-09-24 00:00:00+00:00,20.765775462962964,False,False,73.54556856014112,101.53687254317713,93.2259948513949,3.5416721466200074,36.65507199464509,0.0
XGBoost,2025-09-25 00:00:00+00:00,15.485300925925925,False,False,18.90594043025264,23.872039791287044,42.07656952080578,1.2208959012607747,9.338264179395638,0.0
XGBoost,2025-09-26 00:00:00+00:00,12.802858796296297,False,False,46.167451560408985,48.711167239634314,80.71628426348992,3.606026770658803,22.968195082784295,0.0
XGBoost,2025-09-27 00:00:00+00:00,8.66511574074074,False,False,58.390121689549204,60.757458454788505,106.37922752545445,6.738527613083874,29.09377256746748,0.0
XGBoost,2025-09-28 00:00:00+00:00,7.170092592592592,False,False,38.939711577804,40.57215441504199,93.37371589558389,5.4308519834224365,19.371399066166866,0.0
XGBoost,2025-09-29 00:00:00+00:00,13.71752314814815,False,False,24.241545639744512,27.947687596380323,54.52739213683184,1.7671955336205933,12.0229822211901,0.027777777777777776
XGBoost,2025-09-30 00:00:00+00:00,12.950011574074075,False,False,22.632669201603644,24.707466668796314,51.71287258653143,1.7476949014404164,11.216822556060096,0.013888888888888888
XGBoost,2025-10-01 00:00:00+00:00,22.369687499999998,False,False,24.14789003089622,28.031159499904,70.09490952930662,1.079491612517887,11.973923306891606,0.013888888888888888
XGBoost,2025-10-02 00:00:00+00:00,15.714699074074073,False,False,28.389150010568123,32.52479153379536,65.95706913239337,1.8065347530201334,14.095370900968318,0.0
XGBoost,2025-10-03 00:00:00+00:00,19.23453703703704,False,False,48.10136292492902,57.22657890450443,79.88082451449405,2.500780904282099,23.949491704314898,0.0
XGBoost,2025-10-04 00:00:00+00:00,12.940219907407405,False,False,26.619897773177534,30.402982381085156,93.61357727078331,2.057144157027767,13.210787570884788,0.027777777777777776
XGBoost,2025-10-05 00:00:00+00:00,11.617731481481481,False,False,14.012379950858929,17.653361823643742,96.6688805492528,1.2061201425764132,6.903475628343732,0.0
XGBoost,2025-10-06 00:00:00+00:00,13.979884259259258,False,False,28.404150830374824,40.5074865537147,60.154007986770296,2.0317872668768326,14.101382048825128,0.0
XGBoost,2025-10-07 00:00:00+00:00,16.990526620370375,False,False,33.33179099259553,39.941990739968475,62.715125180945186,1.9617868084579084,16.56309927744906,0.0
XGBoost,2025-10-08 00:00:00+00:00,15.330381944444444,False,False,14.4715676385385,18.972234141103414,32.96528423311196,0.9439795884395974,7.133495034118746,0.013888888888888888
XGBoost,2025-10-09 00:00:00+00:00,13.605879629629632,False,False,43.808657523967604,50.633968532020106,71.83440844648634,3.219832801443072,21.799503651092284,0.0
XGBoost,2025-10-10 00:00:00+00:00,14.625069444444446,False,False,46.084010443510834,51.98773915612775,78.48718857678153,3.1510284869803846,22.941576999958034,0.0
XGBoost,2025-10-11 00:00:00+00:00,14.75380787037037,False,False,73.61727342393664,78.01651086981109,114.37620061509391,4.989713440133649,36.708001927712,0.0
XGBoost,2025-10-12 00:00:00+00:00,16.312592592592594,False,False,49.436192188969365,53.924306961193544,117.15352737484442,3.0305539667200363,24.612132517133688,0.0
XGBoost,2025-10-13 00:00:00+00:00,22.042025462962965,False,False,67.00158942752415,71.44419479100887,88.60940839805308,3.0397201718193445,33.39694457849862,0.0
XGBoost,2025-10-14 00:00:00+00:00,13.35359375,False,False,36.80089802282828,39.727386571565226,87.41248307660457,2.75587970637704,18.3007431384187,0.0
XGBoost,2025-10-15 00:00:00+00:00,18.150462962962962,False,False,56.149786436292864,61.20900765067391,100.8461764208668,3.093573235617717,27.971097211292065,0.0
XGBoost,2025-10-16 00:00:00+00:00,25.637511574074075,False,False,49.771592581713634,53.566515305369485,126.71736168422385,1.9413581711278538,24.784451748483008,0.0
XGBoost,2025-10-17 00:00:00+00:00,19.867476851851855,False,False,13.77191871041708,19.840831931767386,88.46405206389139,0.6931891157146809,6.783361138292098,0.0
XGBoost,2025-10-18 00:00:00+00:00,13.779050925925926,False,False,66.59167224106965,71.78416197814327,122.31373336878633,4.83281995248122,33.194352853342686,0.0
XGBoost,2025-10-19 00:00:00+00:00,23.621006944444446,False,False,19.05155017949917,23.143031089029265,82.90930878579572,0.8065511442550932,9.42854435764907,0.0
XGBoost,2025-10-20 00:00:00+00:00,40.448182870370374,False,False,38.324204302275625,42.44860970627566,137.45088751283052,0.9474889001836808,19.06339028530155,0.0
XGBoost,2025-10-21 00:00:00+00:00,16.331168981481483,False,False,55.39924723589862,61.90982052530556,113.10873187350074,3.3922401573774588,27.595048538550675,0.0
XGBoost,2025-10-22 00:00:00+00:00,20.50655092592593,False,False,69.67676764594185,73.6068932642703,116.44523817590766,3.3977809285251976,34.73506214537389,0.0
XGBoost,2025-10-23 00:00:00+00:00,18.201620370370367,False,False,30.30037533866035,34.062969612475165,70.94219112560445,1.6647075766938322,15.045869559872669,0.0
XGBoost,2025-10-24 00:00:00+00:00,17.438587962962963,False,False,17.868267441149115,21.647484677508846,44.73686238615488,1.024639579712459,8.829200093216537,0.0
XGBoost,2025-10-25 00:00:00+00:00,29.684907407407408,False,False,16.318809358102303,21.16462440402818,33.27068090498877,0.5497342179356166,8.055018375839763,0.013888888888888888
XGBoost,2025-10-26 00:00:00+00:00,27.72028935185185,False,False,21.093932926036693,24.064837050687366,41.84310536706256,0.7609564481197422,10.443911611447385,0.013888888888888888
XGBoost,2025-10-27 00:00:00+00:00,37.07189814814814,False,False,48.23720179663764,54.19116031013755,76.52328226336377,1.301179713104257,24.012277322552947,0.0
XGBoost,2025-10-28 00:00:00+00:00,31.069247685185182,False,False,92.22557081434462,95.60171198851023,138.0239408590032,2.968387640049641,46.004454840224376,0.0
XGBoost,2025-10-29 00:00:00+00:00,42.35157407407408,False,False,22.852110040982566,28.78104058502635,92.82121659846183,0.5395811263357908,11.323376687755202,0.013888888888888888
XGBoost,2025-10-30 00:00:00+00:00,22.793622685185184,False,False,42.43808539637813,56.58336442172939,70.18851333790079,1.8618403043041047,21.114563757698022,0.0
XGBoost,2025-10-31 00:00:00+00:00,27.726145833333334,False,False,35.18913618299697,41.32010279495256,84.06201763065646,1.2691679685494321,17.488901678766958,0.0
XGBoost,2025-11-01 00:00:00+00:00,18.29991898148148,False,False,15.083043837723912,18.661638754972458,36.150152870629896,0.8242136947702955,7.4340736643071565,0.0
XGBoost,2025-11-02 00:00:00+00:00,21.35304398148148,False,False,43.86889081248531,50.203150989658084,106.8656232308082,2.054456069613812,21.825339240554257,0.013888888888888888
XGBoost,2025-11-03 00:00:00+00:00,33.91616898148148,False,False,50.461344413050895,53.54256359203339,133.27336798559287,1.4878255984808666,25.121162150364118,0.0
XGBoost,2025-11-04 00:00:00+00:00,21.33646990740741,False,False,64.53464872148302,69.43317832579488,155.17555749595812,3.0246169587349803,32.15682026980717,0.0
XGBoost,2025-11-05 00:00:00+00:00,27.436886574074077,False,False,30.710455733405222,37.84138019404775,98.67865165073353,1.1193127051968221,15.249308811948389,0.013888888888888888
XGBoost,2025-11-06 00:00:00+00:00,11.70070601851852,False,False,55.773050660027394,62.26534120799647,96.64269426769062,4.7666397712886965,27.78539409045604,0.0
XGBoost,2025-11-07 00:00:00+00:00,32.83537037037038,False,False,28.636978237010812,38.73073681237334,91.20607468278757,0.8721381216047417,14.217181647505475,0.027777777777777776
XGBoost,2025-11-08 00:00:00+00:00,25.559421296296293,False,False,55.420448783591944,58.32568562072603,97.51953572236457,2.1682982623563034,27.603370171155927,0.0
XGBoost,2025-11-09 00:00:00+00:00,25.30513888888889,False,False,35.2728359120353,40.25406055082463,149.20897323705472,1.39390011123484,17.52701437233402,0.0
XGBoost,2025-11-10 00:00:00+00:00,24.95175925925926,False,False,37.39531622498124,52.321179663458764,76.98859039826554,1.4987045937894878,18.590302080290392,0.0
XGBoost,2025-11-11 00:00:00+00:00,6.010625,False,False,36.35282807597408,38.406032293018015,145.5350705226766,6.048094511964077,18.065320961811175,0.0
XGBoost,2025-11-12 00:00:00+00:00,11.540023148148148,False,False,13.392799981081929,15.639330188820022,55.79185830705573,1.1605522631235883,6.589749685963077,0.0
XGBoost,2025-11-13 00:00:00+00:00,18.470023148148147,False,False,59.372377088334844,63.31138139599815,119.8213649157755,3.214526403790007,29.577175719467196,0.0
XGBoost,2025-11-14 00:00:00+00:00,26.308391203703703,False,False,51.71447740130955,55.5193914810258,119.9951030526944,1.9657027676412677,25.748230359482005,0.0
XGBoost,2025-11-15 00:00:00+00:00,36.42067129629629,False,False,39.7611799649839,42.79875094137184,128.29155586378118,1.0917201289759675,19.771649145485544,0.0
XGBoost,2025-11-16 00:00:00+00:00,29.978449074074074,False,False,20.825282577938506,24.478539611387394,47.62695585669711,0.6946751156632917,10.306702785721567,0.027777777777777776
XGBoost,2025-11-17 00:00:00+00:00,18.24554398148148,False,False,53.95052959088926,59.75511978792806,97.84526574587382,2.9569153786616043,26.866159479143292,0.0
XGBoost,2025-11-18 00:00:00+00:00,54.36366898148148,False,False,33.826136637087224,45.90558753997513,65.54784279423279,0.6222195313677192,16.804415262421145,0.0
XGBoost,2025-11-19 00:00:00+00:00,42.682905092592584,False,False,44.98594899778013,52.46091559301588,55.66862497362458,1.0539570561139529,22.38418441633793,0.0
XGBoost,2025-11-20 00:00:00+00:00,27.63351851851852,False,False,22.194303954795558,25.577411938725326,46.98032149575398,0.8031660513995751,10.985837533225192,0.0
XGBoost,2025-11-21 00:00:00+00:00,15.819236111111113,False,False,14.419547416898938,18.628304683761684,49.64783843690622,0.911519830389973,7.098976860323261,0.0
XGBoost,2025-11-22 00:00:00+00:00,40.30236111111111,False,False,27.329043043631096,32.585490789329185,46.12464871128268,0.6781002971088125,13.55401752832544,0.013888888888888888
XGBoost,2025-11-23 00:00:00+00:00,20.285462962962963,False,False,39.53011546594124,42.0214371656502,86.21668366826492,1.9486918064485397,19.65303193055974,0.0
XGBoost,2025-11-24 00:00:00+00:00,18.166030092592592,False,False,15.9266611289978,20.803501088742266,46.97128123858169,0.876727664097181,7.851665591613288,0.0
XGBoost,2025-11-25 00:00:00+00:00,43.79054398148148,False,False,26.8315101312708,34.13936131460902,50.74897120423003,0.6127238369684912,13.301673232408026,0.0
XGBoost,2025-11-26 00:00:00+00:00,39.472071759259265,False,False,42.546600855368155,49.1025569591983,102.43063139935991,1.0778912521962487,21.155127442949002,0.0
XGBoost,2025-11-27 00:00:00+00:00,13.770243055555556,False,False,21.25067821220115,28.1419611547227,43.66290276108133,1.5432318896962127,10.51098156684484,0.041666666666666664
XGBoost,2025-11-28 00:00:00+00:00,18.528738425925926,False,False,24.356603720629657,27.06576154110929,109.44521590134704,1.314531144038885,12.06206987958995,0.0
XGBoost,2025-11-29 00:00:00+00:00,46.82982638888889,False,False,5.292286331267268,8.714234620745618,73.54838806178886,0.11301101753652765,2.5345182651094142,0.125
XGBoost,2025-11-30 00:00:00+00:00,25.589131944444446,False,False,28.488832275558405,37.71424438483282,87.81833806011544,1.1133176513142136,14.132930370623654,0.013888888888888888
XGBoost,2025-12-01 00:00:00+00:00,36.573125000000005,False,False,25.923731613159177,34.983104496665284,35.50396448588785,0.7088191565024639,12.846504703511075,0.0
XGBoost,2025-12-02 00:00:00+00:00,69.59319444444444,False,False,77.50489384050724,95.51216274285353,104.92822673843389,1.1136849581230048,38.637375072952516,0.0
XGBoost,2025-12-03 00:00:00+00:00,21.03315972222222,False,False,9.859583527285743,12.217484327459589,65.43201247106352,0.468763783354375,4.796381413741446,0.0
XGBoost,2025-12-04 00:00:00+00:00,24.26384259259259,False,False,25.020786631922924,34.40551414902294,77.3651083017947,1.031196379404531,12.374948545698288,0.013888888888888888
XGBoost,2025-12-05 00:00:00+00:00,33.67545717592592,False,False,87.33558930997495,101.96956759336788,96.70464163532314,2.5934492545630485,43.53279497731784,0.0
XGBoost,2025-12-06 00:00:00+00:00,35.794317129629626,False,False,32.86036960955019,47.15414701113329,64.04203771702043,0.9180331472883223,16.29838179872521,0.0
XGBoost,2025-12-07 00:00:00+00:00,22.03747685185185,False,False,19.70290835486518,24.420767889201038,57.64318051736379,0.8940637118903886,9.713543848479656,0.013888888888888888
XGBoost,2025-12-08 00:00:00+00:00,28.71826388888889,False,False,26.344791537390815,35.72101421393739,60.49789178531405,0.9173532090699823,13.035430793503187,0.0
XGBoost,2025-12-09 00:00:00+00:00,79.52473379629629,False,False,23.29662917631644,27.457738865563044,76.66982874509067,0.29294821955633427,11.513987595200739,0.013888888888888888
XGBoost,2025-12-10 00:00:00+00:00,25.7221875,False,False,22.587880027205856,26.440838109170603,114.97226617186965,0.8781477091404397,11.160021313827277,0.0
XGBoost,2025-12-11 00:00:00+00:00,36.84158564814815,False,False,64.32637304447314,75.89134089973767,120.40531695416969,1.7460261797311247,32.029281058066616,0.0
XGBoost,2025-12-12 00:00:00+00:00,20.148663194444445,False,False,18.978368776815913,21.45477658495815,62.99093830601683,0.9419170191920615,9.355832682618699,0.0
XGBoost,2025-12-13 00:00:00+00:00,19.73253472222222,False,False,23.686964463127982,27.02671511258518,73.69800926675114,1.2004015093130633,11.711541923066838,0.0
XGBoost,2025-12-14 00:00:00+00:00,28.067824074074075,False,False,33.104140772642914,40.0510978769946,95.15803857850733,1.1794338130835311,16.41890098695687,0.0
XGBoost,2025-12-15 00:00:00+00:00,88.14015046296295,False,False,133.46398281379982,153.41537511910133,113.46773409806615,1.5142245856487644,66.59722946559673,0.0
XGBoost,2025-12-16 00:00:00+00:00,7.9099652777777765,False,False,22.769344846230965,27.696565773687563,71.5201343821238,2.878564449606254,11.244613064663318,0.013888888888888888
XGBoost,2025-12-17 00:00:00+00:00,36.782916666666665,False,False,18.559648753978585,29.61657702753031,38.84740754303815,0.5045725145226906,9.141258454733965,0.013888888888888888
XGBoost,2025-12-18 00:00:00+00:00,18.905335648148153,False,False,37.199839122579604,51.74731030397002,139.4368910813143,1.9676899587986667,18.456550628372625,0.0
XGBoost,2025-12-19 00:00:00+00:00,23.632916666666667,False,False,28.39912071086742,35.34767248090347,110.0225760821454,1.2016765053347522,14.056007267920295,0.013888888888888888
XGBoost,2025-12-20 00:00:00+00:00,17.76171296296296,False,False,10.652946964838991,15.579856533050782,83.22026867443199,0.5997702466565418,5.184036106605899,0.08333333333333333
XGBoost,2025-12-21 00:00:00+00:00,18.17896990740741,False,False,22.02071210296066,29.327761860349284,60.20576249394922,1.2113289265079783,10.8686808248316,0.013888888888888888
XGBoost,2025-12-22 00:00:00+00:00,101.52644675925927,False,False,39.81743713732119,42.1140792543855,132.79621746258456,0.3921878329075849,19.765680958167717,0.0
XGBoost,2025-12-23 00:00:00+00:00,22.481203703703706,False,False,13.130232052273222,20.303956419457514,91.00603324365089,0.5840537822318677,6.429057496664882,0.027777777777777776
XGBoost,2025-12-24 00:00:00+00:00,34.32805555555555,False,False,93.18192055384318,99.97118217072857,150.58255691719617,2.7144537913905498,46.45004980629594,0.0
XGBoost,2025-12-25 00:00:00+00:00,12.023530092592592,False,False,33.6582833537349,34.94169407629977,134.64306671392274,2.7993678307896412,16.689270744103556,0.0
XGBoost,2025-12-26 00:00:00+00:00,21.210729166666667,False,False,9.191685228104944,11.9838273082783,66.97741812694616,0.43335074225312203,4.455973143611831,0.027777777777777776
XGBoost,2025-12-27 00:00:00+00:00,10.18861111111111,False,False,34.531913936756276,39.9610944553921,139.9590492586357,3.389266069748974,17.126384357268716,0.0
XGBoost,2025-12-28 00:00:00+00:00,22.232141203703705,False,False,6.715859589874054,9.402700836868812,96.30948360504851,0.30207884739213703,3.2280552337902075,0.09722222222222222
XGBoost,2025-12-29 00:00:00+00:00,25.714479166666663,False,False,21.710241111089235,30.960991702865606,100.78700229313051,0.8442808026705799,10.719797815705428,0.041666666666666664
XGBoost,2025-12-30 00:00:00+00:00,34.40138888888889,False,False,106.85917770668313,158.46067689708966,99.64903534860412,3.106246031281515,53.2912248572943,0.013888888888888888
XGBoost,2025-12-31 00:00:00+00:00,21.10957175925926,False,False,9.313133467568292,11.459754024259157,26.18065910447302,0.44118059682964844,4.527505365741162,0.05555555555555555
XGBoost,2026-01-01 00:00:00+00:00,17.20872685185185,False,False,17.06687830218563,18.250489549790725,57.17358545806339,0.9917571735034566,8.399296893605884,0.013888888888888888
XGBoost,2026-01-02 00:00:00+00:00,11.871331018518518,False,False,15.054084324306912,17.07653075216143,125.29287074304136,1.2681041663166077,7.392842352587124,0.013888888888888888
XGBoost,2026-01-03 00:00:00+00:00,11.644849537037036,False,False,8.686068212367871,10.777873460351028,45.35648818358873,0.7459150231818272,4.205839622272843,0.0
XGBoost,2026-01-04 00:00:00+00:00,13.408275462962962,False,False,37.568491508342596,40.57322647106821,121.12744927091872,2.801888401839315,18.64368952883339,0.0
XGBoost,2026-01-05 00:00:00+00:00,24.661863425925926,False,False,18.235522929474158,19.653956195234386,116.55086410121203,0.7394219412594735,8.97742938350303,0.0
XGBoost,2026-01-06 00:00:00+00:00,23.47164351851852,False,False,13.844029034751433,17.734378143452226,86.71394912986644,0.5898193291760269,6.790083708147935,0.013888888888888888
XGBoost,2026-01-07 00:00:00+00:00,21.52386574074074,False,False,38.32766917193377,43.202539601466356,99.32598192185245,1.7807056424528103,19.02642259934089,0.013888888888888888
XGBoost,2026-01-08 00:00:00+00:00,18.982453703703705,False,False,38.58946283870273,43.284351360334405,137.72537146650404,2.032901722877557,19.160456720452427,0.0
XGBoost,2026-01-09 00:00:00+00:00,30.61946759259259,False,False,21.17448287116157,25.22918561767525,72.32428357590801,0.6915366117039887,10.455625821343856,0.0
XGBoost,2026-01-10 00:00:00+00:00,14.342824074074075,False,False,15.248971979725692,19.277476338948794,133.16454807344968,1.0631777884865476,7.493227416396152,0.041666666666666664
XGBoost,2026-01-11 00:00:00+00:00,17.911319444444445,False,False,13.460833766018904,17.072249856358503,44.12713696450796,0.7515266425664723,6.602200424213767,0.013888888888888888
XGBoost,2026-01-12 00:00:00+00:00,25.223206018518518,False,False,19.7251410985876,23.650051791494498,63.0417032539436,0.7820235494292709,9.729990004565343,0.0
XGBoost,2026-01-13 00:00:00+00:00,10.350763888888888,False,False,11.048463236844098,13.923616977300163,41.27566392080041,1.0674055901037565,5.390773130967812,0.0
XGBoost,2026-01-14 00:00:00+00:00,20.590601851851854,False,False,21.37559203889635,27.92257350707691,106.17861001038746,1.038123712589484,10.559304602205204,0.027777777777777776
XGBoost,2026-01-15 00:00:00+00:00,18.313819444444444,False,False,22.958208605820932,28.15598997276251,130.10011594220515,1.2536002484607534,11.34905802423755,0.013888888888888888
XGBoost,2026-01-16 00:00:00+00:00,35.55108796296296,False,False,19.4151698979625,22.174959650133147,140.5098085697051,0.5461202739614939,9.580509445639004,0.0
XGBoost,2026-01-17 00:00:00+00:00,11.657141203703702,False,False,24.284963991023876,28.798153081254707,100.9975648343745,2.083269265307352,12.015501019634089,0.0
XGBoost,2026-01-18 00:00:00+00:00,18.301412037037036,False,False,26.073518379705924,30.80058799871436,101.78034366605795,1.424672496687156,12.905446978413599,0.027777777777777776
XGBoost,2026-01-19 00:00:00+00:00,21.47127314814815,False,False,29.686301621331115,34.96304048041847,114.14018908382435,1.3826055593676565,14.712646805700452,0.0
XGBoost,2026-01-20 00:00:00+00:00,26.999039351851852,False,False,33.89938479176274,45.02311335928961,96.34330389038408,1.255577442959562,16.817274046381655,0.0
XGBoost,2026-01-21 00:00:00+00:00,16.780833333333334,False,False,10.003353165346716,12.414026713590477,66.86066803454355,0.5961177831065233,4.881865843518164,0.09722222222222222
XGBoost,2026-01-22 00:00:00+00:00,24.95273148148148,False,False,17.76501390669081,22.10619937228029,53.05495707770762,0.7119466628282763,8.75617263547272,0.027777777777777776
XGBoost,2026-01-23 00:00:00+00:00,32.32828703703703,False,False,31.476968384495486,36.42689739463706,74.68678303406901,0.9736664472334637,15.606699310048775,0.0
XGBoost,2026-01-24 00:00:00+00:00,94.17333333333333,False,False,89.5929397805532,126.78093866669514,113.0095184630155,0.9513620959282868,44.667700031561964,0.0
XGBoost,2026-01-25 00:00:00+00:00,118.38245370370367,False,False,94.98534035718,116.81450415018028,56.43355347017054,0.8023599561039366,47.361807667788305,0.0
XGBoost,2026-01-26 00:00:00+00:00,305.5712615740741,False,False,234.42598328766996,333.4798778732408,99.75486439571296,0.7671728750933025,117.08125867378676,0.0
XGBoost,2026-01-27 00:00:00+00:00,63.59155092592592,False,False,50.29043246516475,57.806229121008805,50.03587644554742,0.7908351303421602,24.96413473050377,0.0
XGBoost,2026-01-28 00:00:00+00:00,201.86112268518522,False,False,144.21780055081405,257.9275166497949,73.1367141133727,0.7144406938414315,71.93402482939328,0.0
XGBoost,2026-01-29 00:00:00+00:00,24.277118055555558,False,False,74.62854913923475,86.55624048519203,141.14223002708775,3.074028349182773,37.08240043675474,0.0
XGBoost,2026-01-30 00:00:00+00:00,28.19950231481481,False,False,25.73369235497934,32.813118908065704,48.28951624243075,0.9125583872967843,12.654088140858372,0.013888888888888888
XGBoost,2026-01-31 00:00:00+00:00,84.77512731481481,False,False,19.66640655235008,23.130531178591635,44.0531828201181,0.23198321459687493,9.614749036951686,0.027777777777777776
XGBoost,2026-02-01 00:00:00+00:00,106.90381944444444,False,False,86.98558430424444,122.55011786292403,88.10670846539792,0.8136807904178666,43.2785312710694,0.013888888888888888
XGBoost,2026-02-02 00:00:00+00:00,305.676875,False,False,29.400517518785264,32.6775084086294,113.10209571327437,0.09618168701438493,14.476447737591085,0.0
XGBoost,2026-02-03 00:00:00+00:00,85.57872685185185,False,False,8.08935118096846,12.687599401437971,101.4411691928492,0.09452525736883421,3.8453893885077797,0.20833333333333334
XGBoost,2026-02-04 00:00:00+00:00,198.71862268518518,False,False,24.952095827879727,30.177052830354857,96.34026409229813,0.12556495959319042,12.246400963239418,0.0
XGBoost,2026-02-05 00:00:00+00:00,14.548518518518518,False,False,21.83097399217111,26.03496653181019,123.33932097151781,1.5005633710664696,10.694642054485577,0.013888888888888888
XGBoost,2026-02-06 00:00:00+00:00,25.65394675925926,False,False,19.100522030371206,22.192823295135966,54.454326049054224,0.7445451652961457,9.330244924367163,0.013888888888888888
XGBoost,2026-02-07 00:00:00+00:00,23.650266203703705,False,False,31.96981410909582,37.483080901832345,100.04652077066834,1.3517739645606717,15.766500587986117,0.0
XGBoost,2026-02-08 00:00:00+00:00,99.05208333333333,False,False,16.468343454643534,19.414001351913516,72.89676456882368,0.1662594354449237,8.024536870882972,0.013888888888888888
XGBoost,2026-02-09 00:00:00+00:00,27.02111111111111,False,False,18.452743432433515,22.06149275824876,52.61165866943708,0.6829009864381826,9.008366427925127,0.013888888888888888
XGBoost,2026-02-10 00:00:00+00:00,18.865972222222222,False,False,27.548605628190217,29.99044972451287,108.62196090028309,1.460227191246509,13.555855622661023,0.0
XGBoost,2026-02-11 00:00:00+00:00,7.56994212962963,False,False,10.277847834869668,12.276166739865733,63.54584422442624,1.3577181514560042,4.938158442146709,0.06944444444444445
XGBoost,2026-02-12 00:00:00+00:00,15.559560185185186,False,False,11.834534279858625,13.92600954904722,59.07267612137752,0.7605956813050994,5.6981461927847805,0.041666666666666664
XGBoost,2026-02-13 00:00:00+00:00,10.538657407407406,False,False,12.29087606076841,14.468861960086427,41.01207509637015,1.1662658330775042,5.919033945919836,0.0
XGBoost,2026-02-14 00:00:00+00:00,14.306435185185185,False,False,9.017714620696175,12.191073794209252,46.76254702658083,0.6303257592802947,4.299490050389193,0.041666666666666664
XGBoost,2026-02-15 00:00:00+00:00,10.642488425925926,False,False,6.651547864606536,9.677974420715875,92.2971559961339,0.6249993045238227,3.1241127678484264,0.1388888888888889
XGBoost,2026-02-16 00:00:00+00:00,28.307430555555555,False,False,20.672965177606653,24.071937996842102,106.26990839282766,0.7303017183786545,10.11814117090058,0.013888888888888888
XGBoost,2026-02-17 00:00:00+00:00,18.25087962962963,False,False,17.06564404575913,19.181412470293527,147.4477730161396,0.9350587145429246,8.310383895300246,0.0
XGBoost,2026-02-18 00:00:00+00:00,7.208310185185184,False,False,11.191077922181812,15.051927843701632,110.29425302122435,1.5525244661615945,5.390638699108886,0.05555555555555555
XGBoost,2026-02-19 00:00:00+00:00,13.319722222222222,False,False,5.081373608915342,8.433140720499104,90.51160438244959,0.3814924608891417,2.353529672080058,0.16666666666666666
XGBoost,2026-02-20 00:00:00+00:00,11.553854166666667,False,False,21.76768027676476,25.34836726545654,70.47870455411872,1.8840189570304073,10.667825864271089,0.027777777777777776
XGBoost,2026-02-21 00:00:00+00:00,15.099421296296295,False,False,19.7237494023641,22.69565359615419,98.77671700708972,1.3062586317266407,9.671687654376198,0.027777777777777776
XGBoost,2026-02-22 00:00:00+00:00,16.93173611111111,False,False,20.285279305582794,25.36058818205875,126.7535291869032,1.1980625715204118,9.953491417310218,0.09722222222222222
XGBoost,2026-02-23 00:00:00+00:00,4.224386574074073,False,False,12.360732018152873,15.557925878300209,87.01181650339814,2.926041876473432,5.984074853106928,0.06944444444444445
XGBoost,2026-02-24 00:00:00+00:00,8.345173611111111,False,False,14.174589298022568,18.050682246538887,154.03561600078461,1.698537377239214,6.890509113641108,0.0
XGBoost,2026-02-25 00:00:00+00:00,14.710289351851852,False,False,14.02284345176485,17.880537383189065,135.95410175564228,0.9532676833443483,6.8114047900006796,0.0
XGBoost,2026-02-26 00:00:00+00:00,19.328344907407406,False,False,20.417836206577444,24.814608998566257,74.66702666909542,1.0563675423006602,9.999966670822085,0.0
XGBoost,2026-02-27 00:00:00+00:00,13.101145833333332,False,False,27.973920378155178,30.689438764262345,105.26520576096074,2.135227004876241,13.778226072194393,0.0
XGBoost,2026-02-28 00:00:00+00:00,11.75699074074074,False,False,22.9165148667936,24.896748878986934,114.38715372025703,1.9491820119737344,11.257028218265441,0.013888888888888888
XGBoost,2026-03-01 00:00:00+00:00,10.44976851851852,False,False,13.804922229272348,16.747983095504797,86.34466034801306,1.321074452970705,6.712058982335833,0.027777777777777776
XGBoost,2026-03-02 00:00:00+00:00,14.42292824074074,False,False,10.450545295785973,12.162736902056452,43.289224350391464,0.7245786099293002,5.038467970775928,0.027777777777777776
XGBoost,2026-03-03 00:00:00+00:00,17.70898148148148,False,False,14.027530595947196,17.02400209269864,102.24206482019265,0.7921139118371078,6.819604460049587,0.027777777777777776
XGBoost,2026-03-04 00:00:00+00:00,23.211018518518514,False,False,20.572806157712584,23.041476481605734,56.46500877854712,0.8863379321893575,10.095032566493147,0.027777777777777776
XGBoost,2026-03-05 00:00:00+00:00,12.803645833333334,False,False,28.332765279346045,31.447449592048276,99.78690012582967,2.212866994929195,13.958098912929188,0.013888888888888888
XGBoost,2026-03-06 00:00:00+00:00,14.406371527777777,False,False,3.7998563935000584,5.674043962499238,90.76055835598775,0.2637622100869279,1.7168435603684908,0.16666666666666666
XGBoost,2026-03-07 00:00:00+00:00,12.830868055555555,False,False,13.488510534264561,17.656582509481897,107.15574790843279,1.051254714479295,6.551461554363027,0.013888888888888888
XGBoost,2026-03-08 00:00:00+00:00,30.940879629629624,False,False,26.14427553070916,37.23290286596495,68.4959405823303,0.844975186344504,12.86756647369362,0.0
XGBoost,2026-03-09 00:00:00+00:00,16.02903935185185,False,False,10.62040810763836,13.783052984733441,84.90037413920456,0.6625729636387332,5.111950192208523,0.013888888888888888
XGBoost,2026-03-10 00:00:00+00:00,14.835335648148149,False,False,30.335209129761765,36.88014362094336,121.26552930293562,2.044794256714267,14.976180826356524,0.027777777777777776
XGBoost,2026-03-11 00:00:00+00:00,22.641238425925923,False,False,16.194097145900685,19.298672153703446,137.66813118338956,0.7152478517852284,7.901802781114256,0.027777777777777776
XGBoost,2026-03-12 00:00:00+00:00,9.274131944444443,False,False,24.03610999263547,28.97977662780303,152.93766364861992,2.591736901806105,11.820622707503505,0.013888888888888888
XGBoost,2026-03-13 00:00:00+00:00,5.599207175925926,False,False,5.437033247296457,10.035989147239594,98.40976593707981,0.9710362693263531,2.536476070584455,0.19444444444444445
XGBoost,2026-03-14 00:00:00+00:00,19.878553240740743,False,False,22.56414808061388,25.884197725074305,95.3570162506388,1.135100115554137,11.087696617906104,0.0
XGBoost,2026-03-15 00:00:00+00:00,37.76217592592593,False,False,11.344072421064633,14.589661401399864,120.45086122670203,0.3004083356668085,5.479029877973303,0.0
XGBoost,2026-03-16 00:00:00+00:00,15.232303240740741,False,False,21.390133849233386,29.511716643817383,133.9333444875341,1.4042612933297403,10.506989267166448,0.027777777777777776
XGBoost,2026-03-17 00:00:00+00:00,31.302499999999995,False,False,84.7204175292121,89.1094009562633,146.84509212847112,2.7065064301321655,42.16344127237555,0.0
XGBoost,2026-03-18 00:00:00+00:00,18.16048611111111,False,False,13.268280698723265,17.194814896526797,145.62583677054008,0.7306126398568895,6.42691977514328,0.013888888888888888
XGBoost,2026-03-19 00:00:00+00:00,11.199664351851851,False,False,23.715210931919238,25.443181651415525,135.90751075941407,2.117493005761191,11.65351790781761,0.0
XGBoost,2026-03-20 00:00:00+00:00,7.619317129629631,False,False,14.549760014922533,15.915582691129453,99.43663934367912,1.9095884535822945,7.062024767996966,0.013888888888888888
XGBoost,2026-03-21 00:00:00+00:00,14.839513888888892,False,False,12.233717296035202,13.930993741418167,67.74427047453504,0.8244014856305513,5.916092459286479,0.027777777777777776
XGBoost,2026-03-22 00:00:00+00:00,7.386874999999999,False,False,19.57947435008155,22.014825702965876,138.3127962587195,2.6505761028962254,9.57156978296156,0.0
XGBoost,2026-03-23 00:00:00+00:00,11.993553240740741,False,False,16.956339869985047,24.03561879241773,136.63518646821723,1.4137878516590299,8.280724701378105,0.06944444444444445
XGBoost,2026-03-24 00:00:00+00:00,70.64513888888888,False,False,92.82648762596979,161.82083435865817,87.19923529777006,1.3139826615949879,46.21376274284532,0.013888888888888888
XGBoost,2026-03-25 00:00:00+00:00,14.597534722222223,False,False,28.139474758572046,30.775960466780532,128.03311347678502,1.9276867836960552,13.85455635414425,0.013888888888888888
XGBoost,2026-03-26 00:00:00+00:00,10.433460648148149,False,False,9.886006179962445,12.105613299002835,126.70268902541335,0.9475289660211761,4.746507818334835,0.09722222222222222
XGBoost,2026-03-27 00:00:00+00:00,9.769479166666667,False,False,7.849899101113831,9.525616721225195,115.67781691676346,0.8035125483349801,3.7285425166803434,0.027777777777777776
XGBoost,2026-03-28 00:00:00+00:00,12.610729166666665,False,False,15.85472836199044,20.56204886886374,132.38460109649824,1.2572412072648806,7.733781589830414,0.041666666666666664
XGBoost,2026-03-29 00:00:00+00:00,7.557974537037037,False,False,25.62834605852763,29.343374937716504,139.88944795952833,3.390901349685513,12.606900901736251,0.013888888888888888
XGBoost,2026-03-30 00:00:00+00:00,18.776840277777776,False,False,4.589089167995585,6.059480714857829,96.73294282471736,0.24440156597735624,2.0928915760914326,0.1388888888888889
XGBoost,2026-03-31 00:00:00+00:00,95.03800925925925,False,False,5.608749210569594,7.710525107427958,100.95883339491574,0.059015853281071874,2.6196613266320363,0.1111111111111111
XGBoost,2026-04-01 00:00:00+00:00,21.40883101851852,False,False,17.018360782331893,24.26370531336588,106.65619012073786,0.7949224676308158,8.302945907391349,0.0
XGBoost,2026-04-02 00:00:00+00:00,23.352314814814815,False,False,17.687450946172078,24.955721037602,79.73901981699998,0.7574174588872482,8.637786951299992,0.027777777777777776
XGBoost,2026-04-03 00:00:00+00:00,10.264780092592591,False,False,9.376783242422258,14.223180831451062,112.02452755628623,0.913490903637464,4.511185511649365,0.18055555555555555
XGBoost,2026-04-04 00:00:00+00:00,25.355775462962963,False,False,27.70004913153472,32.64525180176079,110.31445287000805,1.0924552148679507,13.645100483911582,0.0
XGBoost,2026-04-05 00:00:00+00:00,18.179039351851852,False,False,17.228657778633966,20.673401624443674,122.06226873471309,0.9477210233817404,8.417797691671993,0.027777777777777776
XGBoost,2026-04-06 00:00:00+00:00,26.292743055555555,False,False,19.272379411944637,20.450860981549074,111.94405332170957,0.732992345881251,9.440511234594753,0.0
XGBoost,2026-04-07 00:00:00+00:00,16.517430555555556,False,False,19.230387927867746,21.89498399071645,86.57333667117412,1.1642481476272772,9.423237705797941,0.0
XGBoost,2026-04-08 00:00:00+00:00,12.081863425925924,False,False,15.52654125602157,18.719689978828654,81.285203653622,1.285111469039111,7.5642258663594255,0.013888888888888888
XGBoost,2026-04-09 00:00:00+00:00,24.245787037037037,False,False,16.209166456321597,27.932483422634657,110.83789544685862,0.66853538025229,7.9194159291311585,0.09722222222222222
XGBoost,2026-04-10 00:00:00+00:00,13.897326388888889,False,False,15.606135683942727,19.75211250083519,118.00664012760728,1.122959571304309,7.603558978737596,0.027777777777777776
XGBoost,2026-04-11 00:00:00+00:00,18.45196759259259,False,False,21.27730102947465,25.11823488510977,138.4463337372069,1.153118274390221,10.437408064187556,0.0
XGBoost,2026-04-12 00:00:00+00:00,27.841828703703708,False,False,45.40688760404234,55.92652803387241,106.5158514208272,1.630887399217495,22.508887452354475,0.0
XGBoost,2026-04-13 00:00:00+00:00,28.005555555555556,False,False,8.477091555709485,12.17635405429652,117.81118161212156,0.3026932116698487,4.063426636177495,0.08333333333333333
XGBoost,2026-04-14 00:00:00+00:00,19.171122685185185,False,False,20.35218700656184,27.60695535418519,112.67779264127957,1.061606424452614,10.013693441244635,0.041666666666666664
XGBoost,2026-04-15 00:00:00+00:00,13.328344907407407,False,False,24.336564858279846,26.660357692808635,154.82033760129005,1.8259255014292488,12.028452116650863,0.013888888888888888
XGBoost,2026-04-16 00:00:00+00:00,15.951504629629628,False,False,17.986607965186792,24.58482131670307,84.49976579281211,1.1275806504031598,8.860926853985005,0.027777777777777776
XGBoost,2026-04-17 00:00:00+00:00,9.495208333333332,False,False,6.385236564638024,9.249385625255677,114.85455583246167,0.6724693488001079,3.059382512662759,0.06944444444444445
XGBoost,2026-04-18 00:00:00+00:00,15.681099537037035,False,False,9.559248956185249,15.294500962078958,112.65294879275747,0.6096032318146666,4.647660173590202,0.06944444444444445
XGBoost,2026-04-19 00:00:00+00:00,23.862974537037037,False,False,25.323922471646913,32.07923153055143,117.84418778491082,1.0612223732771613,12.519019385084627,0.013888888888888888
XGBoost,2026-04-20 00:00:00+00:00,42.85164351851852,False,False,19.46645923956125,32.101821077798775,74.60066676125587,0.45427567395749324,9.593600157672041,0.05555555555555555
XGBoost,2026-04-21 00:00:00+00:00,37.88981481481481,False,False,17.299097231494056,21.961092389453558,83.08500273344008,0.45656325627461647,8.516159326531758,0.013888888888888888
XGBoost,2026-04-22 00:00:00+00:00,9.126701388888888,False,False,11.323925473513427,13.818983771495768,98.57691566965899,1.240746792406236,5.521354765262207,0.013888888888888888
XGBoost,2026-04-23 00:00:00+00:00,21.557407407407407,False,False,3.9729671161925353,5.939500251120297,61.00363989657885,0.18429707437024045,1.8601632177985732,0.125
XGBoost,2026-04-24 00:00:00+00:00,19.027233796296297,False,False,21.233021020116627,39.205817824645585,144.88121205296673,1.1159278982659946,10.4876240083861,0.013888888888888888
XGBoost,2026-04-25 00:00:00+00:00,83.94658564814816,False,False,285.4817942838315,304.3001152027845,155.89921610148699,3.4007552788435436,142.60010556359148,0.0
XGBoost,2026-04-26 00:00:00+00:00,17.95047453703704,False,False,18.80401602073952,23.01501944691651,60.863361724448964,1.0475498005326478,9.256469910282988,0.027777777777777776
XGBoost,2026-04-27 00:00:00+00:00,38.92916666666666,False,False,22.654491347986514,53.112159325410325,118.90611529356829,0.5819413382764385,11.188583285333904,0.013888888888888888
XGBoost,2026-04-28 00:00:00+00:00,90.53584490740741,False,False,286.03412456088597,297.67163294815475,144.67779519886744,3.159346719008566,142.88531365929376,0.0
XGBoost,2026-04-29 00:00:00+00:00,33.23167824074075,False,False,25.335534004282067,31.144057776970104,55.16440776578615,0.7623910481060714,12.524151683432528,0.0
XGBoost,2026-04-30 00:00:00+00:00,39.344965277777774,False,False,15.015924768801092,18.021941525817894,30.58302122120782,0.3816479354547088,7.3719809656705335,0.013888888888888888
XGBoost,2026-05-01 00:00:00+00:00,31.06582175925926,False,False,12.57553314032378,16.132496060843945,35.11994549306623,0.4048028485380595,6.147403293860543,0.041666666666666664
XGBoost,2026-05-02 00:00:00+00:00,99.06234953703705,False,False,38.223349892828196,63.69858628399337,101.47682587769525,0.3858514367109514,18.972994800041974,0.0
XGBoost,2026-05-03 00:00:00+00:00,19.312291666666667,False,False,26.063825576923517,29.5765058351256,123.44576106433551,1.3495977601617373,12.892637730370149,0.0
XGBoost,2026-05-04 00:00:00+00:00,21.448715277777776,False,False,6.651360534212931,9.657809573472697,112.06783770418039,0.31010531158032395,3.1990936852925724,0.125
XGBoost,2026-05-05 00:00:00+00:00,92.80848379629629,False,False,17.28203224052158,21.660074632382482,145.68755415121512,0.1862117721743371,8.501837495723999,0.013888888888888888
XGBoost,2026-05-06 00:00:00+00:00,17.578645833333333,False,False,14.748450382727166,23.982389166659214,37.581746486265125,0.838998095903415,7.235832629097826,0.041666666666666664
XGBoost,2026-05-07 00:00:00+00:00,16.60119212962963,False,False,12.929476923589354,16.12681657198917,45.66404209235577,0.7788282204452631,6.328658260277455,0.06944444444444445
XGBoost,2026-05-08 00:00:00+00:00,13.780983796296296,False,False,16.92865124631811,21.908996991931,56.76702325676472,1.2284065852299868,8.323272644077496,0.027777777777777776
XGBoost,2026-05-09 00:00:00+00:00,30.85199074074074,False,False,15.365331563066555,19.236368108543065,51.13460862035135,0.49803371497763005,7.541922722169353,0.027777777777777776
XGBoost,2026-05-10 00:00:00+00:00,11.629861111111113,False,False,11.270060159541943,12.27174171915406,77.45602557929907,0.9690623174144859,5.494534174489947,0.0
XGBoost,2026-05-11 00:00:00+00:00,15.398796296296297,False,False,12.874889665587151,16.461228591360552,84.74974116589357,0.8360971479753783,6.2995130679778235,0.041666666666666664
XGBoost,2026-05-12 00:00:00+00:00,14.095295138888888,False,False,18.184137273011384,20.711234951549955,77.8235047897945,1.290085599047968,8.95655709063716,0.013888888888888888
XGBoost,2026-05-13 00:00:00+00:00,13.792581018518518,False,False,13.010417166815863,14.805116845950533,38.666475826185334,0.943290972831518,6.369136461560973,0.0
XGBoost,2026-05-14 00:00:00+00:00,18.03478009259259,False,False,18.843265373618515,20.902155782734212,108.18661977754927,1.0448292286834144,9.288220354665041,0.0
XGBoost,2026-05-15 00:00:00+00:00,20.409641203703707,False,False,13.105331902085906,19.69676688791299,100.320053776366,0.6421147619051579,6.42049775313528,0.1111111111111111
XGBoost,2026-05-16 00:00:00+00:00,22.702152777777776,False,False,6.21686470412425,10.005443933411042,105.23309260763527,0.27384472146666583,2.985267525226982,0.09722222222222222
XGBoost,2026-05-17 00:00:00+00:00,8.22400462962963,False,False,6.91401963463536,8.884773249668289,115.81250799571876,0.8407120309399357,3.3223119578479,0.041666666666666664
XGBoost,2026-05-18 00:00:00+00:00,18.14275462962963,False,False,5.3635420719258216,6.596862051201954,108.19271120993454,0.2956299735855114,2.5538777145977467,0.09722222222222222
XGBoost,2026-05-19 00:00:00+00:00,12.195399305555554,False,False,18.703944071563033,23.862775712716992,129.15277396691408,1.5336885331046555,9.220202102131372,0.041666666666666664
XGBoost,2026-05-20 00:00:00+00:00,9.013935185185185,False,False,29.899951497537117,32.20747494629689,75.19595024692826,3.317080818007107,14.812194440441646,0.0
XGBoost,2026-05-21 00:00:00+00:00,26.344768518518517,False,False,7.0687465837266705,9.469639833477517,20.40191989445818,0.26831689861908786,3.409569708117249,0.027777777777777776
XGBoost,2026-05-22 00:00:00+00:00,13.070474537037036,False,False,8.33921714818036,10.12992743516481,34.256088343310594,0.6380194632222427,4.037723972805604,0.027777777777777776
XGBoost,2026-05-23 00:00:00+00:00,18.23252314814815,False,False,7.051204372335364,8.482507072822532,27.66838242665262,0.3867377167186838,3.3878200934270963,0.027777777777777776
XGBoost,2026-05-24 00:00:00+00:00,14.96025462962963,False,False,9.933470017821701,11.072763921276264,39.41077567406535,0.6639907049541726,4.832948854075881,0.027777777777777776
XGBoost,2026-05-25 00:00:00+00:00,22.23644675925926,False,False,5.786636328520597,7.326203462937467,21.182973497594116,0.2602320591580595,2.756621701143706,0.06944444444444445
XGBoost,2026-05-26 00:00:00+00:00,12.064768518518518,False,False,8.746998997441047,12.76270319533893,29.158365911614048,0.7250034664167039,4.242168541385394,0.027777777777777776
XGBoost,2026-05-27 00:00:00+00:00,29.80622685185185,False,False,25.731458525481045,33.913867362258316,43.583644237027706,0.8632913737581098,12.730086448986327,0.0
XGBoost,2026-05-28 00:00:00+00:00,16.140972222222224,False,False,17.856829055856778,20.096783918792543,49.563730640834336,1.1063044288789639,8.788023620509941,0.0
XGBoost,2026-05-29 00:00:00+00:00,9.932488425925925,False,False,28.83725038316515,32.038469815057454,74.90178454293273,2.9033258481221824,14.28361509810882,0.0
XGBoost,2026-05-30 00:00:00+00:00,10.644780092592592,False,False,18.268124895669796,22.11843022063405,109.35616441667631,1.7161580358416308,8.998192451474294,0.013888888888888888
XGBoost,2026-05-31 00:00:00+00:00,6.22925925925926,False,False,15.444256763117197,19.275983741601397,141.42097426407992,2.4793087139792154,7.582014473944679,0.0
XGBoost,2026-06-01 00:00:00+00:00,7.080347222222223,False,False,15.118886984895775,18.44135664232062,72.1419989035875,2.1353312924320953,7.426820544942895,0.027777777777777776
TimesFM,2025-07-01 00:00:00+00:00,25.592407407407407,False,False,20.794209458386455,28.687952037737613,48.10160844737482,0.8125147871930105,6.785683453612857,0.6111111111111112
TimesFM,2025-07-02 00:00:00+00:00,38.74896990740741,False,False,23.604308837608055,40.807682263404885,35.56402209557653,0.6091596471857633,8.267850129457168,0.75
TimesFM,2025-07-03 00:00:00+00:00,9.429803240740743,False,False,4.347764414681328,5.3870896440491265,13.149085187608339,0.4610662920194501,1.8123983784075133,1.0
TimesFM,2025-07-04 00:00:00+00:00,8.454027777777778,False,False,8.35205131036264,14.265528593229819,22.29291059101174,0.9879375287028045,2.9407585920522243,0.7361111111111112
TimesFM,2025-07-05 00:00:00+00:00,18.460520833333334,False,False,8.04463956479673,12.87667497040917,24.902136647226385,0.4357753303618003,2.666318659546935,0.7777777777777778
TimesFM,2025-07-06 00:00:00+00:00,14.629305555555554,False,False,10.05533237245348,16.17379592433685,26.282374687902436,0.6873417425227621,3.156474211539752,0.7638888888888888
TimesFM,2025-07-07 00:00:00+00:00,13.49300925925926,False,False,9.233785808704518,14.969391405706057,23.041713813649046,0.6843385067988484,3.3884137251053326,0.8194444444444444
TimesFM,2025-07-08 00:00:00+00:00,12.906782407407407,False,False,18.1703427194666,30.535528500925555,34.819350546440816,1.4078135158642135,6.889763847927989,0.7083333333333334
TimesFM,2025-07-09 00:00:00+00:00,33.95109953703704,False,False,13.367984118991428,15.85303822818879,35.479538645833955,0.3937423029380353,4.081559320143712,0.7638888888888888
TimesFM,2025-07-10 00:00:00+00:00,17.20474537037037,False,False,14.592890332539879,18.74406022060035,58.73410514214918,0.8481898463706082,5.441833196539938,0.4722222222222222
TimesFM,2025-07-11 00:00:00+00:00,11.368680555555557,False,False,18.69162319989116,22.734742298882864,109.03763504007719,1.6441330292069019,5.508941310795001,0.6111111111111112
TimesFM,2025-07-12 00:00:00+00:00,52.02465277777779,False,False,51.428908077875775,100.35362841876093,65.25493910824639,0.9885488000766344,21.860402502115864,0.375
TimesFM,2025-07-13 00:00:00+00:00,28.16582175925926,False,False,14.042280221515231,19.379480644781797,27.05249411657773,0.49855744815607794,5.213227692548139,0.9444444444444444
TimesFM,2025-07-14 00:00:00+00:00,8.859305555555556,False,False,10.00970296047352,12.644641281509424,25.231862717653712,1.1298518713124828,3.383391024418819,1.0
TimesFM,2025-07-15 00:00:00+00:00,24.954976851851853,False,False,11.51981288627342,14.913119225868053,49.65100201643488,0.4616238658389523,3.8728543889081037,0.6944444444444444
TimesFM,2025-07-16 00:00:00+00:00,23.476076388888888,False,False,5.569745317476767,8.075110830340034,36.870174914927695,0.2372519677143707,2.06846891756043,0.9444444444444444
TimesFM,2025-07-17 00:00:00+00:00,10.92471064814815,False,False,9.867792603086542,12.599869853160078,45.96008676209436,0.9032543671771512,2.75006570023519,0.7916666666666666
TimesFM,2025-07-18 00:00:00+00:00,8.932384259259258,False,False,8.989697017316464,12.107042147995479,43.004691994077845,1.0064162889094024,2.9289552020585092,0.7916666666666666
TimesFM,2025-07-19 00:00:00+00:00,60.14989583333334,False,False,7.51268464759544,10.418452334746581,43.90362156734743,0.12489937918449605,2.480369593582035,0.7916666666666666
TimesFM,2025-07-20 00:00:00+00:00,38.696168981481485,False,False,4.904199611875746,6.216579853153012,26.612444334780005,0.12673605012999373,1.7327494918858564,1.0
TimesFM,2025-07-21 00:00:00+00:00,10.894560185185188,False,False,6.302135744271455,9.267288209483056,26.2834367746792,0.5784662838286325,2.0504456840915446,0.8611111111111112
TimesFM,2025-07-22 00:00:00+00:00,8.963090277777777,False,False,4.809231619658294,6.259765825234196,43.65498694332012,0.5365595425923401,1.6960547363666105,0.8472222222222222
TimesFM,2025-07-23 00:00:00+00:00,6.148333333333333,False,False,6.084896892088431,9.182186960405462,34.04987716516607,0.9896823353898234,2.1654100710595094,0.8333333333333334
TimesFM,2025-07-24 00:00:00+00:00,8.587928240740741,False,False,9.406713705327775,13.143227307957076,40.36485124732345,1.095341442270413,2.9716574159669285,0.7083333333333334
TimesFM,2025-07-25 00:00:00+00:00,21.549166666666665,False,False,18.444609241485598,25.858521222786216,45.959627702750296,0.855931439335733,6.196767424278789,0.5694444444444444
TimesFM,2025-07-26 00:00:00+00:00,14.584178240740743,False,False,9.993961028699523,12.18145471484954,26.800720942602595,0.6852604832256851,3.243810043805911,0.9305555555555556
TimesFM,2025-07-27 00:00:00+00:00,7.8231828703703705,False,False,9.435812120261016,12.209058934016198,52.398416182313355,1.20613467390598,2.8709291483517045,0.7777777777777778
TimesFM,2025-07-28 00:00:00+00:00,9.630636574074073,False,False,7.927489560268542,12.475859289188142,40.31347934250314,0.8231532255728092,2.612187920643224,0.8611111111111112
TimesFM,2025-07-29 00:00:00+00:00,15.900150462962964,False,False,11.455646437274083,17.379537570239172,37.14546933031275,0.7204740901011162,4.02588217496504,0.75
TimesFM,2025-07-30 00:00:00+00:00,23.051689814814814,False,False,15.364927770120126,33.21516576733033,26.88053648928037,0.6665423616903532,6.453711688842302,0.8472222222222222
TimesFM,2025-07-31 00:00:00+00:00,33.38466435185185,False,False,21.788312475769608,43.433915975812916,31.717930254977045,0.6526443473007691,7.554668913586641,0.9027777777777778
TimesFM,2025-08-01 00:00:00+00:00,24.084745370370374,False,False,21.228866481074576,26.987657109664287,40.23957538697803,0.8814237458034674,5.767963982511449,0.7222222222222222
TimesFM,2025-08-02 00:00:00+00:00,24.0771875,False,False,10.238159986778543,15.50930390730175,18.858126747270294,0.42522242212793926,3.6539181437904453,0.9166666666666666
TimesFM,2025-08-03 00:00:00+00:00,11.675173611111111,False,False,10.161472776907463,12.714840348924904,36.805117355614584,0.8703487515797557,3.4645611913998917,0.6527777777777778
TimesFM,2025-08-04 00:00:00+00:00,12.069548611111111,False,False,6.266925644344755,8.311257544551859,18.908308212959334,0.5192344673582476,2.0990352057674784,0.9305555555555556
TimesFM,2025-08-05 00:00:00+00:00,12.442928240740741,False,False,7.794345609523633,9.968122702538642,32.348824559060525,0.626407663752598,2.5307460642743993,0.6805555555555556
TimesFM,2025-08-06 00:00:00+00:00,20.331157407407407,False,False,6.319845209121704,8.495903343933644,32.770317343230346,0.31084532387807623,2.1258284819126128,0.8472222222222222
TimesFM,2025-08-07 00:00:00+00:00,29.053194444444443,False,False,13.005914589210793,17.99800556254291,43.38059492937002,0.4476586770546254,4.318059771303777,0.6388888888888888
TimesFM,2025-08-08 00:00:00+00:00,34.689097222222216,False,False,10.1413729540507,14.452456015638932,52.477476592071795,0.2923504433996635,3.4050974980916506,0.6805555555555556
TimesFM,2025-08-09 00:00:00+00:00,25.395208333333336,False,False,9.405417387419277,13.988362360678956,47.01951345132702,0.3703618912656794,2.8459783169553603,0.8055555555555556
TimesFM,2025-08-10 00:00:00+00:00,10.928773148148148,False,False,11.260486740712768,15.581611999489207,39.72961022422243,1.0303523175079197,3.960446694224705,0.5833333333333334
TimesFM,2025-08-11 00:00:00+00:00,13.578888888888889,False,False,8.374024996227687,10.130736487294591,27.10981899240511,0.616694419164137,2.50066205398536,0.9444444444444444
TimesFM,2025-08-12 00:00:00+00:00,25.48246527777778,False,False,14.773494832780626,23.22814256849885,32.072446381785824,0.5797513965677406,5.189477739334106,0.7083333333333334
TimesFM,2025-08-13 00:00:00+00:00,23.985937500000002,False,False,11.834888624261927,15.116661546270258,26.354884336209256,0.493409466453497,3.7464134148756663,0.9305555555555556
TimesFM,2025-08-14 00:00:00+00:00,13.576927083333334,False,False,11.476859317708898,15.224524311932196,29.79178670396016,0.845320833445263,3.7772136113084387,0.7083333333333334
TimesFM,2025-08-15 00:00:00+00:00,12.374131944444445,False,False,8.235567954028093,12.477152169033683,23.48667437226958,0.6655471261340136,2.7979460124321918,0.8611111111111112
TimesFM,2025-08-16 00:00:00+00:00,14.61224537037037,False,False,9.823909871843126,12.987018775768952,31.659395714573023,0.6723066594380712,2.914768660642483,0.75
TimesFM,2025-08-17 00:00:00+00:00,13.685046296296296,False,False,8.940045177671644,12.526747797802365,30.319589297735817,0.6532710948951022,3.083746364101952,0.6805555555555556
TimesFM,2025-08-18 00:00:00+00:00,14.104664351851852,False,False,11.362648588816326,21.38813220289698,27.45521602691395,0.8055951070770772,4.033484324143257,0.8055555555555556
TimesFM,2025-08-19 00:00:00+00:00,23.564027777777778,False,False,29.805901761231603,36.60235270268185,59.23376442087337,1.26488994336275,9.4097462535346,0.4027777777777778
TimesFM,2025-08-20 00:00:00+00:00,12.98171296296296,False,False,12.306853111761587,14.59213516374666,32.585611940013635,0.9480145761097353,3.99246372046294,0.9027777777777778
TimesFM,2025-08-21 00:00:00+00:00,29.798315972222227,False,False,26.288787411230583,38.963908495491495,43.39904271546245,0.8822239295581938,9.252392234228276,0.5694444444444444
TimesFM,2025-08-22 00:00:00+00:00,13.433124999999999,False,False,10.665942649488096,16.20754671729745,21.023003057325397,0.7940030818955454,3.5394892837971814,0.8472222222222222
TimesFM,2025-08-23 00:00:00+00:00,14.15365740740741,False,False,7.6828646002875445,10.099208144475947,19.234486591708258,0.5428183245601711,2.515386614151943,0.9166666666666666
TimesFM,2025-08-24 00:00:00+00:00,16.118402777777778,False,False,14.101066755365443,20.887262775483496,27.185269893412332,0.8748426844629041,4.5272891319239585,0.8055555555555556
TimesFM,2025-08-25 00:00:00+00:00,14.469074074074074,False,False,10.339579338144372,13.71070118474253,24.803612565299606,0.7145985489611254,3.7055469590646246,0.8333333333333334
TimesFM,2025-08-26 00:00:00+00:00,29.61265046296296,False,False,11.52912849461591,15.563439582522625,27.86060780266183,0.38933119171603986,3.789246967957343,0.7916666666666666
TimesFM,2025-08-27 00:00:00+00:00,15.542800925925924,False,False,7.99595055827388,12.13161544549559,17.393621280717408,0.5144472091215143,2.85404149438128,0.9166666666666666
TimesFM,2025-08-28 00:00:00+00:00,38.10836805555555,False,False,18.516035819230257,23.585162863423584,55.05128424232727,0.4858784766704523,6.714976201263475,0.3194444444444444
TimesFM,2025-08-29 00:00:00+00:00,10.51587962962963,False,False,9.071837247919152,10.835509081382499,30.339536991996024,0.8626798296890227,2.9840709502461515,0.9722222222222222
TimesFM,2025-08-30 00:00:00+00:00,10.106469907407408,False,False,8.847862774531045,12.141708160335416,23.874198176790213,0.8754652074950637,2.953298765170721,0.8611111111111112
TimesFM,2025-08-31 00:00:00+00:00,18.541041666666665,False,False,9.085538229059289,13.001109298629784,25.12592226231092,0.49002307380568544,2.8203280050666244,0.8611111111111112
TimesFM,2025-09-01 00:00:00+00:00,15.252546296296297,False,False,9.467993700769213,13.937463357797379,25.806836299185832,0.620748399437298,2.9631474015595,0.8055555555555556
TimesFM,2025-09-02 00:00:00+00:00,16.35789351851852,False,False,7.859895939297147,10.238834842266545,20.743794199506745,0.4804956047915998,2.5349987669638643,0.9166666666666666
TimesFM,2025-09-03 00:00:00+00:00,12.73765046296296,False,False,11.10392097932321,15.681942215748343,23.998890582551212,0.8717401228436816,3.638872988047423,0.75
TimesFM,2025-09-04 00:00:00+00:00,21.25173611111111,False,False,15.387707666820948,22.20906412658553,48.098492528611025,0.7240682637112055,5.877980991292882,0.375
TimesFM,2025-09-05 00:00:00+00:00,14.96193287037037,False,False,13.65795996206778,18.1699464607996,35.42816860006167,0.912847295894176,4.11372720097318,0.7083333333333334
TimesFM,2025-09-06 00:00:00+00:00,12.201678240740742,False,False,10.161556806211117,13.76644136664119,30.566606405326752,0.832799931757111,3.210369758135007,0.75
TimesFM,2025-09-07 00:00:00+00:00,6.696481481481481,False,False,5.71859810087416,7.845395294075502,16.722352153760756,0.8539705689754283,1.9442956324859901,0.7777777777777778
TimesFM,2025-09-08 00:00:00+00:00,11.930543981481483,False,False,10.545630303488837,13.156360684359655,46.3504137325052,0.8839186477882064,3.6121000892439006,0.5972222222222222
TimesFM,2025-09-09 00:00:00+00:00,14.096458333333334,False,False,6.4203563563912,8.470356614037447,39.44775509034672,0.4554588255128764,2.2832135548157457,0.8611111111111112
TimesFM,2025-09-10 00:00:00+00:00,16.7190625,False,False,6.612611095287182,9.786242279610683,23.850667934390025,0.3955132708719273,2.3918159777993035,0.8888888888888888
TimesFM,2025-09-11 00:00:00+00:00,12.884409722222223,False,False,6.899139780115198,10.929484033064304,21.280213304982144,0.5354641717280997,2.6064537275168633,0.875
TimesFM,2025-09-12 00:00:00+00:00,11.97099537037037,False,False,6.419443120249996,8.656736817327609,28.34379506460522,0.5362497371053102,2.1434907066674884,0.8055555555555556
TimesFM,2025-09-13 00:00:00+00:00,17.90605324074074,False,False,8.077458954740454,13.520166001379613,29.382986790590977,0.4511021410548595,2.7251374055831517,0.8333333333333334
TimesFM,2025-09-14 00:00:00+00:00,14.176145833333333,False,False,12.419356197074606,17.85323641563302,33.826519597509794,0.8760742407059704,3.948792660346738,0.7638888888888888
TimesFM,2025-09-15 00:00:00+00:00,15.779490740740739,False,False,10.26680849852385,13.110410752216175,34.66551106884583,0.6506425756831424,3.1156858663132154,0.6944444444444444
TimesFM,2025-09-16 00:00:00+00:00,12.501087962962963,False,False,8.43559456260116,10.194743900506639,29.71608769959788,0.6747888333874091,2.5269105879171394,0.75
TimesFM,2025-09-17 00:00:00+00:00,12.539756944444443,False,False,10.367334566822757,14.28036910462493,35.760561365602925,0.8267572180827519,3.528605274109193,0.625
TimesFM,2025-09-18 00:00:00+00:00,14.145231481481481,False,False,12.091165586224308,17.041107829658184,30.08194148765203,0.854787396166242,3.7024803707334732,0.7638888888888888
TimesFM,2025-09-19 00:00:00+00:00,12.568773148148146,False,False,4.410912518677888,6.53960919588541,10.949753743175132,0.35094216966814945,1.7577909262386366,0.9861111111111112
TimesFM,2025-09-20 00:00:00+00:00,7.397951388888888,False,False,6.355362796783447,8.909720789976628,19.742169724596785,0.8590706349231595,2.0085299826551366,0.8472222222222222
TimesFM,2025-09-21 00:00:00+00:00,14.009953703703705,False,False,6.819449208577473,9.355097085319295,30.200832677189656,0.48675744065982657,2.4024822972733295,0.6805555555555556
TimesFM,2025-09-22 00:00:00+00:00,6.040694444444445,False,False,5.984592426088121,9.653188693323319,16.303708331364255,0.990712654170429,1.9329030623848056,0.9305555555555556
TimesFM,2025-09-23 00:00:00+00:00,9.803368055555556,False,False,10.800046108740347,15.404472246545954,34.490698152141604,1.101666901368655,3.631290461634412,0.5972222222222222
TimesFM,2025-09-24 00:00:00+00:00,20.765775462962964,False,False,17.05265840548056,26.94392497914643,50.94070866295092,0.8211905419036734,5.726646605943455,0.5694444444444444
TimesFM,2025-09-25 00:00:00+00:00,15.485300925925925,False,False,14.984059166157685,19.079500646218854,44.688995636284574,0.9676311256613007,4.690306304814638,0.625
TimesFM,2025-09-26 00:00:00+00:00,12.802858796296297,False,False,11.685919997957017,21.559889698435367,20.590979210112454,0.9127586411667372,4.192710596161124,0.8055555555555556
TimesFM,2025-09-27 00:00:00+00:00,8.66511574074074,False,False,10.730506561597188,15.224470367656398,33.78135942869036,1.238356980178073,3.828706312621081,0.5
TimesFM,2025-09-28 00:00:00+00:00,7.170092592592592,False,False,7.904578792607342,11.32490110292512,26.307803473679648,1.1024374776936,2.474199451723216,0.8888888888888888
TimesFM,2025-09-29 00:00:00+00:00,13.71752314814815,False,False,16.819780531282778,24.426076432729783,43.71058299581581,1.2261528812184603,5.723830442251983,0.625
TimesFM,2025-09-30 00:00:00+00:00,12.950011574074075,False,False,8.142508750844886,9.56174968800585,23.02658938158894,0.62876459254648,2.5640366148654326,0.9583333333333334
TimesFM,2025-10-01 00:00:00+00:00,22.369687499999998,False,False,9.541625673505994,12.51269300930229,42.306118884577806,0.4265426449746334,3.528044667891514,0.6805555555555556
TimesFM,2025-10-02 00:00:00+00:00,15.714699074074073,False,False,9.32925195287775,12.076975178055333,32.55896406583999,0.593664053565559,2.968601258742956,0.7916666666666666
TimesFM,2025-10-03 00:00:00+00:00,19.23453703703704,False,False,9.339687938336972,12.354774686002491,30.839024485069146,0.4855686373086572,3.013126623203725,0.7777777777777778
TimesFM,2025-10-04 00:00:00+00:00,12.940219907407405,False,False,11.753066361789351,15.334613245987214,64.94440968603615,0.9082586266607039,3.8133671291669207,0.625
TimesFM,2025-10-05 00:00:00+00:00,11.617731481481481,False,False,8.92715331406505,11.997077877180752,83.26691128414267,0.7684076128196645,2.9181776162798023,0.8333333333333334
TimesFM,2025-10-06 00:00:00+00:00,13.979884259259258,False,False,10.770000041546645,13.79863672599164,45.38295165036746,0.7703926471646846,3.3120844493125685,0.9027777777777778
TimesFM,2025-10-07 00:00:00+00:00,16.990526620370375,False,False,10.75536931567722,14.511380346034903,26.08183392981948,0.6330215393548976,3.5253168077527737,0.7638888888888888
TimesFM,2025-10-08 00:00:00+00:00,15.330381944444444,False,False,13.171759144376827,17.056773336999814,35.2780439856455,0.8591931494016118,4.109964085085156,0.6666666666666666
TimesFM,2025-10-09 00:00:00+00:00,13.605879629629632,False,False,11.366913689507378,14.166914336796523,28.04495366400953,0.8354412944205063,3.6310226468392357,0.8333333333333334
TimesFM,2025-10-10 00:00:00+00:00,14.625069444444446,False,False,10.1950223659586,19.128924269123225,21.852641320081382,0.6970922363607193,3.672170121699203,0.9027777777777778
TimesFM,2025-10-11 00:00:00+00:00,14.75380787037037,False,False,12.444957526171649,16.645713651125735,42.272669151138714,0.8435081733146658,4.133344906899663,0.8611111111111112
TimesFM,2025-10-12 00:00:00+00:00,16.312592592592594,False,False,16.043253662497907,23.207575646857183,79.74957124499242,0.9834888949401586,5.0732510955686925,0.5972222222222222
TimesFM,2025-10-13 00:00:00+00:00,22.042025462962965,False,False,13.460625694592794,20.99392617348334,28.029453381849972,0.6106800719022203,4.763328785131006,0.8611111111111112
TimesFM,2025-10-14 00:00:00+00:00,13.35359375,False,False,14.210200405827274,17.510968868761996,48.332907291769864,1.0641480242595573,4.436573781893577,0.6527777777777778
TimesFM,2025-10-15 00:00:00+00:00,18.150462962962962,False,False,8.232885277359573,10.626461814603733,25.92162431695738,0.45359092460391987,2.9095443412882305,0.9861111111111112
TimesFM,2025-10-16 00:00:00+00:00,25.637511574074075,False,False,16.00669719413475,20.62555963970278,90.85963072180179,0.6243467564270752,5.062313948273658,0.4722222222222222
TimesFM,2025-10-17 00:00:00+00:00,19.867476851851855,False,False,8.414055631204887,11.95347970718329,58.680960227476476,0.42350901898348553,2.7684347121987813,0.9722222222222222
TimesFM,2025-10-18 00:00:00+00:00,13.779050925925926,False,False,12.822380980915492,18.458630585301364,58.015517414234786,0.930570693863217,4.293252289361424,0.6944444444444444
TimesFM,2025-10-19 00:00:00+00:00,23.621006944444446,False,False,10.13937996155686,15.196500193755298,66.07073205592762,0.42925265571464544,3.414479449954298,0.875
TimesFM,2025-10-20 00:00:00+00:00,40.448182870370374,False,False,14.690609656859326,18.060863462827424,108.34958814882316,0.36319578815049025,4.879883509390516,0.5138888888888888
TimesFM,2025-10-21 00:00:00+00:00,16.331168981481483,False,False,15.654736894280822,29.077035538628788,65.65902125017408,0.9585803019999553,5.338071155583049,0.8611111111111112
TimesFM,2025-10-22 00:00:00+00:00,20.50655092592593,False,False,19.66190632034231,30.57609903165656,58.775981618900055,0.9588109863704211,6.711137006378467,0.9166666666666666
TimesFM,2025-10-23 00:00:00+00:00,18.201620370370367,False,False,20.616924231538068,27.25612077158899,70.57079649109626,1.1326971891524267,6.404448260790036,0.7638888888888888
TimesFM,2025-10-24 00:00:00+00:00,17.438587962962963,False,False,15.89772883556507,19.775895757992775,57.74065494636136,0.9116408317766064,4.685738613002093,0.875
TimesFM,2025-10-25 00:00:00+00:00,29.684907407407408,False,False,23.11864584428293,28.784208030003878,54.60733800494116,0.7788013459834485,7.1741078263815545,0.6666666666666666
TimesFM,2025-10-26 00:00:00+00:00,27.72028935185185,False,False,11.217907657270079,16.361542055010062,22.885262903727384,0.4046821991964766,4.073175425154192,0.9444444444444444
TimesFM,2025-10-27 00:00:00+00:00,37.07189814814814,False,False,17.338817485879968,27.188146250154855,35.04272169089091,0.46770784211237093,5.682481405308216,0.7916666666666666
TimesFM,2025-10-28 00:00:00+00:00,31.069247685185182,False,False,29.079293346758238,37.70703217227991,91.45622985599485,0.9359509969925722,10.768357254435985,0.4444444444444444
TimesFM,2025-10-29 00:00:00+00:00,42.35157407407408,False,False,18.740775314083805,25.935311515520937,90.38708737283048,0.44250481177643286,6.441674665190555,0.6944444444444444
TimesFM,2025-10-30 00:00:00+00:00,22.793622685185184,False,False,18.112487213589525,22.366778510705725,80.58673919330937,0.7946295972233416,5.587343631154961,0.8888888888888888
TimesFM,2025-10-31 00:00:00+00:00,27.726145833333334,False,False,13.822246852274295,16.756350703309852,59.65725393628297,0.498527524718445,4.20836168297279,0.875
TimesFM,2025-11-01 00:00:00+00:00,18.29991898148148,False,False,18.18362104150984,21.83031576994084,67.5348366218579,0.9936448931774329,5.555410126020878,0.6805555555555556
TimesFM,2025-11-02 00:00:00+00:00,21.35304398148148,False,False,18.7374512358065,21.97904506211418,89.68959125702133,0.8775072655709713,5.644047039993751,0.7361111111111112
TimesFM,2025-11-03 00:00:00+00:00,33.91616898148148,False,False,20.009788959732763,27.015354816642468,95.02460413248974,0.58997786485432,7.46284757391906,0.6527777777777778
TimesFM,2025-11-04 00:00:00+00:00,21.33646990740741,False,False,19.34830476866828,21.955031101794688,120.63063660805642,0.9068184593155734,5.871227841999059,0.7361111111111112
TimesFM,2025-11-05 00:00:00+00:00,27.436886574074077,False,False,15.248214085687088,23.85956168059109,101.42043886858951,0.5557559909182835,5.136763170731288,0.7222222222222222
TimesFM,2025-11-06 00:00:00+00:00,11.70070601851852,False,False,15.589575446976555,20.20224459438669,51.03652089506787,1.3323619465614454,5.148686162398921,0.8333333333333334
TimesFM,2025-11-07 00:00:00+00:00,32.83537037037038,False,False,20.618177193094184,31.73908233958229,86.3040615776787,0.6279258299976233,6.69635772768914,0.7916666666666666
TimesFM,2025-11-08 00:00:00+00:00,25.559421296296293,False,False,18.37005014507859,27.5557658068038,51.424701335225976,0.7187193298363338,6.487420517025906,0.8888888888888888
TimesFM,2025-11-09 00:00:00+00:00,25.30513888888889,False,False,17.268476013563298,22.798785150724303,124.89168057566673,0.6824098492162645,5.361188256155561,0.6111111111111112
TimesFM,2025-11-10 00:00:00+00:00,24.95175925925926,False,False,22.753723861586163,29.930491893763726,110.28558021091195,0.9119086003181345,7.392457194871006,0.6111111111111112
TimesFM,2025-11-11 00:00:00+00:00,6.010625,False,False,15.376775917234246,19.540927806783966,118.01536526472032,2.558265723986149,4.567449856198128,0.75
TimesFM,2025-11-12 00:00:00+00:00,11.540023148148148,False,False,12.281911042354725,16.85187014503768,79.53963302569497,1.0642882500912167,3.7167641268431404,0.875
TimesFM,2025-11-13 00:00:00+00:00,18.470023148148147,False,False,17.909523247392087,21.42481466295672,71.91792461654222,0.9696535355554085,5.64419205583172,0.5555555555555556
TimesFM,2025-11-14 00:00:00+00:00,26.308391203703703,False,False,11.53609890990787,14.203625955758627,70.89249068251551,0.4384950345532271,3.6612900461679616,0.875
TimesFM,2025-11-15 00:00:00+00:00,36.42067129629629,False,False,7.111687904463874,8.405483607262765,82.70488458940846,0.19526515166641312,2.443915323946211,0.9583333333333334
TimesFM,2025-11-16 00:00:00+00:00,29.978449074074074,False,False,22.794722535223872,26.572350396351048,101.61389603452082,0.7603703073131017,6.6243614946232166,0.3611111111111111
TimesFM,2025-11-17 00:00:00+00:00,18.24554398148148,False,False,9.751360178523592,13.451474140953021,40.266875056767276,0.534451600260362,3.6144349521637693,0.9444444444444444
TimesFM,2025-11-18 00:00:00+00:00,54.36366898148148,False,False,40.65816622141334,58.9328593489371,103.13712077489494,0.7478922409608372,15.886491318591581,0.2777777777777778
TimesFM,2025-11-19 00:00:00+00:00,42.682905092592584,False,False,22.155286621164393,29.686361671182546,39.06386188535882,0.5190669794640885,6.998342099092256,0.8888888888888888
TimesFM,2025-11-20 00:00:00+00:00,27.63351851851852,False,False,17.950433173356235,24.61683417987038,38.820795418591786,0.6495891271076032,6.077026147901276,0.8333333333333334
TimesFM,2025-11-21 00:00:00+00:00,15.819236111111113,False,False,8.821514775664719,11.78697733588825,38.6772854162411,0.5576448011588033,3.4014749408651284,0.9861111111111112
TimesFM,2025-11-22 00:00:00+00:00,40.30236111111111,False,False,15.408921053851092,19.294130172446607,32.46600987727851,0.3823329608746657,4.844089098580089,0.8888888888888888
TimesFM,2025-11-23 00:00:00+00:00,20.285462962962963,False,False,18.678696300012096,20.65942755818795,56.81210292884759,0.9207922113542841,5.572077718539003,0.6111111111111112
TimesFM,2025-11-24 00:00:00+00:00,18.166030092592592,False,False,18.319020689505116,21.149232024305732,60.66088809021895,1.0084217958537296,4.834956480522215,0.7777777777777778
TimesFM,2025-11-25 00:00:00+00:00,43.79054398148148,False,False,25.43981983538027,31.648315370693783,51.864665428301706,0.5809432247778991,7.461768534135669,0.7777777777777778
TimesFM,2025-11-26 00:00:00+00:00,39.472071759259265,False,False,22.69362100089038,26.792891117754824,82.91173001356856,0.5749285504773882,7.394912896553675,0.6805555555555556
TimesFM,2025-11-27 00:00:00+00:00,13.770243055555556,False,False,6.496682174470688,8.599053974688886,17.61207192451083,0.4717913945498315,3.007871156180346,1.0
TimesFM,2025-11-28 00:00:00+00:00,18.528738425925926,False,False,19.089408230958163,21.354505678837295,105.15870293522136,1.0302594700267198,6.162604903817914,0.4444444444444444
TimesFM,2025-11-29 00:00:00+00:00,46.82982638888889,False,False,6.3511558300919,9.181058727437774,68.39715901507643,0.13562202382195487,2.5501018950011995,0.9722222222222222
TimesFM,2025-11-30 00:00:00+00:00,25.589131944444446,False,False,15.688081289871974,21.48295728625284,76.88488731381136,0.6130759466140449,4.78603630343889,0.9305555555555556
TimesFM,2025-12-01 00:00:00+00:00,36.573125000000005,False,False,28.321257363778575,34.91432316448182,45.37120697307405,0.7743734603969054,8.376635737084312,0.7638888888888888
TimesFM,2025-12-02 00:00:00+00:00,69.59319444444444,False,False,80.92926047360456,99.19899630781377,111.03976095728146,1.1628904394985,29.034055117324545,0.2916666666666667
TimesFM,2025-12-03 00:00:00+00:00,21.03315972222222,False,False,15.587972237202855,21.04156247419804,77.87000760933655,0.7411141475207671,6.565498764018218,1.0
TimesFM,2025-12-04 00:00:00+00:00,24.26384259259259,False,False,23.33301339476197,31.821585997717435,64.02673101720845,0.9616371893990613,7.755595705740983,0.7777777777777778
TimesFM,2025-12-05 00:00:00+00:00,33.67545717592592,False,False,41.32668423970541,49.60479873525247,68.62027472212687,1.227204846063656,13.300888707461178,0.8472222222222222
TimesFM,2025-12-06 00:00:00+00:00,35.794317129629626,False,False,24.84635416878594,28.963530590027187,65.22473556122024,0.694142427101054,7.950576460354121,0.7222222222222222
TimesFM,2025-12-07 00:00:00+00:00,22.03747685185185,False,False,18.647011444303725,22.50723919018569,56.42573857984657,0.8461500184281207,6.60635610875524,0.9444444444444444
TimesFM,2025-12-08 00:00:00+00:00,28.71826388888889,False,False,16.916354258855183,20.858415421207305,53.704007868146,0.5890451569184211,6.620519114592928,0.9444444444444444
TimesFM,2025-12-09 00:00:00+00:00,79.52473379629629,False,False,23.201609581488153,24.60383937390604,79.33067499667168,0.2917533762630303,7.2766733724541135,0.8888888888888888
TimesFM,2025-12-10 00:00:00+00:00,25.7221875,False,False,21.129551985440433,23.78539589920012,118.24984133130631,0.8214523739647117,6.115426295105323,0.7083333333333334
TimesFM,2025-12-11 00:00:00+00:00,36.84158564814815,False,False,16.951982601836878,22.372106695939628,86.20901311883654,0.4601317316723303,5.677575346511087,0.8888888888888888
TimesFM,2025-12-12 00:00:00+00:00,20.148663194444445,False,False,14.955335201157462,17.46023842918468,76.04345996398477,0.7422495009634719,4.325030884212917,0.8611111111111112
TimesFM,2025-12-13 00:00:00+00:00,19.73253472222222,False,False,10.77130023792938,14.049005604791436,57.67722884658624,0.5458650087055996,3.466978438080829,0.9444444444444444
TimesFM,2025-12-14 00:00:00+00:00,28.067824074074075,False,False,25.244836423374988,31.41848190768503,97.34833453630665,0.8994226398437972,8.387567906894802,0.4305555555555556
TimesFM,2025-12-15 00:00:00+00:00,88.14015046296295,False,False,84.40123001239918,130.1866788257921,100.44178945857583,0.9575798267767323,35.585520409152466,0.4722222222222222
TimesFM,2025-12-16 00:00:00+00:00,7.9099652777777765,False,False,12.474237726098961,14.898615393146407,74.26482432811186,1.5770281269304725,5.3303873690134935,1.0
TimesFM,2025-12-17 00:00:00+00:00,36.782916666666665,False,False,22.272747528166683,32.644468897519246,75.6169023647482,0.6055187991209692,6.787716677477698,0.8472222222222222
TimesFM,2025-12-18 00:00:00+00:00,18.905335648148153,False,False,29.095809152523675,36.75048484220432,131.01234082436542,1.539026320084072,9.255063256371168,0.375
TimesFM,2025-12-19 00:00:00+00:00,23.632916666666667,False,False,19.803094260339385,22.111619249121503,113.6267286366768,0.8379454190802822,6.219694988889459,0.8888888888888888
TimesFM,2025-12-20 00:00:00+00:00,17.76171296296296,False,False,10.011579410919435,13.077923093601951,111.42967508113853,0.5636606914995056,3.893180682927737,1.0
TimesFM,2025-12-21 00:00:00+00:00,18.17896990740741,False,False,18.4316491555119,22.452797920411165,80.51073222339492,1.0138995360788583,5.838951622760038,0.8472222222222222
TimesFM,2025-12-22 00:00:00+00:00,101.52644675925927,False,False,22.959081999284248,25.96706881059539,115.12970885149949,0.2261389296300805,7.184897419931711,0.5416666666666666
TimesFM,2025-12-23 00:00:00+00:00,22.481203703703706,False,False,14.086184198525217,20.489756394094307,102.84879618439602,0.6265760670192478,4.606714675363936,0.6805555555555556
TimesFM,2025-12-24 00:00:00+00:00,34.32805555555555,False,False,26.829852160877653,31.27902876596254,103.52606405230482,0.7815721492718101,8.482788468715219,0.6805555555555556
TimesFM,2025-12-25 00:00:00+00:00,12.023530092592592,False,False,10.357916903578575,12.07089131324647,100.90324004769053,0.8614705351766732,3.163383409682615,0.75
TimesFM,2025-12-26 00:00:00+00:00,21.210729166666667,False,False,7.755198513092818,11.594896456656425,69.28136693008402,0.3656262098372534,2.5610013508208005,0.9166666666666666
TimesFM,2025-12-27 00:00:00+00:00,10.18861111111111,False,False,11.093384931970526,12.745309605783069,113.27393501384995,1.0888024688539464,3.404612006040083,0.5833333333333334
TimesFM,2025-12-28 00:00:00+00:00,22.232141203703705,False,False,7.580383522516048,10.739888153366014,108.84537328076584,0.3409650673347295,2.652972695975576,0.8055555555555556
TimesFM,2025-12-29 00:00:00+00:00,25.714479166666663,False,False,24.3368149613182,32.29328289902055,110.92660929822986,0.9464245728478797,9.243691087892325,0.2638888888888889
TimesFM,2025-12-30 00:00:00+00:00,34.40138888888889,False,False,16.156510816238544,19.9912644780008,54.85329158231449,0.46964705025199854,4.9215911157631576,0.8194444444444444
TimesFM,2025-12-31 00:00:00+00:00,21.10957175925926,False,False,14.06109163529343,17.133665835726028,57.012716811365905,0.6661002788522147,4.076779141946706,0.8055555555555556
TimesFM,2026-01-01 00:00:00+00:00,17.20872685185185,False,False,9.635697573202627,11.242985603345321,35.32495649749714,0.5599308801955747,3.1951754761514835,0.9166666666666666
TimesFM,2026-01-02 00:00:00+00:00,11.871331018518518,False,False,12.55813900064539,14.307851876944355,123.5604751733427,1.0578543367256372,3.9753539508765123,0.4722222222222222
TimesFM,2026-01-03 00:00:00+00:00,11.644849537037036,False,False,6.89390207224422,8.49995694319234,44.64411331317366,0.5920129796712112,2.449866055908762,0.9722222222222222
TimesFM,2026-01-04 00:00:00+00:00,13.408275462962962,False,False,17.42279695864077,20.150982631147997,96.02945007522614,1.2994062515173506,5.15374125043919,0.6388888888888888
TimesFM,2026-01-05 00:00:00+00:00,24.661863425925926,False,False,8.734024612638684,11.040516156005774,93.33779674032061,0.35415104129791714,3.061773889859517,0.7916666666666666
TimesFM,2026-01-06 00:00:00+00:00,23.47164351851852,False,False,9.838693207988033,14.186888471893445,72.4922660078319,0.4191735955867581,3.073644490448045,0.9861111111111112
TimesFM,2026-01-07 00:00:00+00:00,21.52386574074074,False,False,13.419213068573564,17.865053770602806,65.05290882874185,0.6234573858716025,4.1263515392313765,0.6527777777777778
TimesFM,2026-01-08 00:00:00+00:00,18.982453703703705,False,False,12.666341147091654,15.049694847658538,107.4124895392953,0.6672657468207231,4.247616652861053,0.6666666666666666
TimesFM,2026-01-09 00:00:00+00:00,30.61946759259259,False,False,26.547570523078793,31.04627576839516,121.98144858072757,0.8670160721377512,9.15727825889065,0.3472222222222222
TimesFM,2026-01-10 00:00:00+00:00,14.342824074074075,False,False,12.349902151491907,15.82014770993615,124.55788348393597,0.8610509400178343,4.331749674405581,0.5694444444444444
TimesFM,2026-01-11 00:00:00+00:00,17.911319444444445,False,False,12.804135793331596,16.638205829139086,62.297629143508445,0.7148627901504518,3.8865211846348315,0.9722222222222222
TimesFM,2026-01-12 00:00:00+00:00,25.223206018518518,False,False,12.243448953981753,16.721601464320873,46.94166035413281,0.48540415302451195,4.0934618451897,0.8888888888888888
TimesFM,2026-01-13 00:00:00+00:00,10.350763888888888,False,False,7.8522940338982465,10.6874153655988,34.495941660521545,0.7586197616127014,2.9341079499581713,0.9722222222222222
TimesFM,2026-01-14 00:00:00+00:00,20.590601851851854,False,False,15.782623866222524,20.286783792952114,103.86934234344419,0.766496481247977,5.355398777222928,0.5972222222222222
TimesFM,2026-01-15 00:00:00+00:00,18.313819444444444,False,False,14.87676230174524,20.19121024872476,80.55423012657508,0.8123243950763178,4.8659434257926035,0.7222222222222222
TimesFM,2026-01-16 00:00:00+00:00,35.55108796296296,False,False,25.089755838005633,28.404878745901474,152.56048148764262,0.7057380596662494,7.57398114586686,0.4861111111111111
TimesFM,2026-01-17 00:00:00+00:00,11.657141203703702,False,False,9.107287162122903,12.787813730663206,94.50784572251536,0.7812624899172826,3.4859654736886783,0.9444444444444444
TimesFM,2026-01-18 00:00:00+00:00,18.301412037037036,False,False,13.856547849973042,19.632108069469773,91.71310898692127,0.7571299865786963,5.073084351942863,0.7083333333333334
TimesFM,2026-01-19 00:00:00+00:00,21.47127314814815,False,False,11.493494056132105,13.185762773282026,105.13330989373628,0.5352963458118641,3.7273535233165744,0.8611111111111112
TimesFM,2026-01-20 00:00:00+00:00,26.999039351851852,False,False,34.26600454696903,44.86094619427046,115.06841066320676,1.2691564355462424,12.579188117309487,0.3194444444444444
TimesFM,2026-01-21 00:00:00+00:00,16.780833333333334,False,False,17.01450580600235,19.33707227357113,120.69474417559918,1.0139249623679207,4.841552768680784,0.8611111111111112
TimesFM,2026-01-22 00:00:00+00:00,24.95273148148148,False,False,17.144843764879088,20.699115628798143,76.08526382641281,0.6870928650678196,5.056429985923532,0.8472222222222222
TimesFM,2026-01-23 00:00:00+00:00,32.32828703703703,False,False,14.88960900783539,19.147897891730018,56.74689261464534,0.46057525382576103,4.960545083468342,0.8333333333333334
TimesFM,2026-01-24 00:00:00+00:00,94.17333333333333,False,False,87.23392906758521,127.22791450988696,100.12787061309088,0.9263124281564337,38.0042348935078,0.4861111111111111
TimesFM,2026-01-25 00:00:00+00:00,118.38245370370367,False,False,67.98753878063627,82.00587827926987,53.83789068665094,0.5743041865883308,20.47761556160303,0.8611111111111112
TimesFM,2026-01-26 00:00:00+00:00,305.5712615740741,False,False,221.38734220575404,313.84240681428,93.87315618165906,0.7245031521136261,84.57001534300086,0.4583333333333333
TimesFM,2026-01-27 00:00:00+00:00,63.59155092592592,False,False,34.73288380870113,47.63818834436025,38.26112516630094,0.5461870846515355,18.666554346290635,0.9722222222222222
TimesFM,2026-01-28 00:00:00+00:00,201.86112268518522,False,False,141.40226363288033,258.12079632565826,73.41694995252406,0.7004928029326668,50.63547978290806,0.7638888888888888
TimesFM,2026-01-29 00:00:00+00:00,24.277118055555558,False,False,64.29177594078912,67.76136894720337,143.185698624706,2.648245800579144,19.781805905751238,0.8194444444444444
TimesFM,2026-01-30 00:00:00+00:00,28.19950231481481,False,False,23.532799693919994,32.40560655842877,43.49850974022407,0.8345111708427871,10.061168133049835,1.0
TimesFM,2026-01-31 00:00:00+00:00,84.77512731481481,False,False,15.700577870828134,20.92636214325795,35.69242684142353,0.1852026457303166,7.467298327036846,0.9722222222222222
TimesFM,2026-02-01 00:00:00+00:00,106.90381944444444,False,False,81.3115889203107,115.49246366604571,81.22479406422508,0.7606050872912594,26.54810705813361,0.6666666666666666
TimesFM,2026-02-02 00:00:00+00:00,305.676875,False,False,25.938704429555823,28.32419894157729,118.1816175005159,0.08485661347315142,9.234842542821978,0.7777777777777778
TimesFM,2026-02-03 00:00:00+00:00,85.57872685185185,False,False,8.687688112303062,10.394909979859712,105.96074972284688,0.10151691234367864,4.203063837694533,1.0
TimesFM,2026-02-04 00:00:00+00:00,198.71862268518518,False,False,6.974094267906966,9.521917526807773,73.43560907174209,0.035095323093877785,3.617383527571772,1.0
TimesFM,2026-02-05 00:00:00+00:00,14.548518518518518,False,False,15.71935446255737,23.252909463763288,96.28710482810703,1.0804780186070848,5.0896011202570834,0.75
TimesFM,2026-02-06 00:00:00+00:00,25.65394675925926,False,False,14.045354591630122,17.207804326331768,73.84395366194335,0.5474929344569854,4.231732675639199,0.9166666666666666
TimesFM,2026-02-07 00:00:00+00:00,23.650266203703705,False,False,13.607928552980777,16.83041356643023,85.4595392127774,0.5753816230131792,4.677611373409077,0.7638888888888888
TimesFM,2026-02-08 00:00:00+00:00,99.05208333333333,False,False,11.97283190906048,14.662672182975781,86.94112384860581,0.12087410487641247,3.6538870980820537,0.8194444444444444
TimesFM,2026-02-09 00:00:00+00:00,27.02111111111111,False,False,17.99136333485444,21.969892227626357,75.94790703022372,0.6658261853435173,5.4925312728444,0.5555555555555556
TimesFM,2026-02-10 00:00:00+00:00,18.865972222222222,False,False,20.713297155609837,24.599092686379414,103.11154753543354,1.0979183532991559,6.593677815364466,0.4305555555555556
TimesFM,2026-02-11 00:00:00+00:00,7.56994212962963,False,False,9.340724455979135,11.136717347673244,66.77518771295769,1.2339228353435436,3.0501588025578745,1.0
TimesFM,2026-02-12 00:00:00+00:00,15.559560185185186,False,False,8.719688970777723,11.281739691711653,49.10641300433281,0.560407162348975,2.8393062670216147,0.9305555555555556
TimesFM,2026-02-13 00:00:00+00:00,10.538657407407406,False,False,7.859700475268893,9.817134907122389,36.758127838888505,0.7457971325402865,2.4942528819338774,0.9027777777777778
TimesFM,2026-02-14 00:00:00+00:00,14.306435185185185,False,False,7.481468745072681,9.527850957913005,43.99735508805349,0.5229443008150629,2.5406557900743714,0.9027777777777778
TimesFM,2026-02-15 00:00:00+00:00,10.642488425925926,False,False,10.061345395335444,11.781311682666548,92.19044368163584,0.9453940650595614,3.177766040574621,0.6944444444444444
TimesFM,2026-02-16 00:00:00+00:00,28.307430555555555,False,False,11.348286321339783,14.030410754642126,92.36765014903074,0.40089425633555403,3.617688751413866,0.7777777777777778
TimesFM,2026-02-17 00:00:00+00:00,18.25087962962963,False,False,13.64157613016941,14.830241187770053,146.35422258568113,0.74744759743102,3.8033851329595953,0.6666666666666666
TimesFM,2026-02-18 00:00:00+00:00,7.208310185185184,False,False,14.80441710192848,17.09028594375734,137.69144409008203,2.053798563268702,4.3256799301357916,0.5277777777777778
TimesFM,2026-02-19 00:00:00+00:00,13.319722222222222,False,False,4.290543260557784,6.491453406917318,91.35957653940123,0.322119574941253,1.818231882251523,0.9722222222222222
TimesFM,2026-02-20 00:00:00+00:00,11.553854166666667,False,False,8.746913959163205,12.682584858705361,36.817522047737064,0.7570559428037791,3.14381573131239,0.8888888888888888
TimesFM,2026-02-21 00:00:00+00:00,15.099421296296295,False,False,10.189592850782255,12.331580535474176,88.25341049940079,0.6748333363796954,3.188363146081935,0.7777777777777778
TimesFM,2026-02-22 00:00:00+00:00,16.93173611111111,False,False,16.551900503337386,21.03664608249476,122.12707148942405,0.9775666473135932,5.092752089009242,0.6111111111111112
TimesFM,2026-02-23 00:00:00+00:00,4.224386574074073,False,False,5.039280190931426,6.419891617919134,57.19155541879973,1.1929022362343737,2.1072365017456036,1.0
TimesFM,2026-02-24 00:00:00+00:00,8.345173611111111,False,False,14.904020781969583,17.172106365238673,146.234306222321,1.7859449637004257,5.413368173964597,0.4027777777777778
TimesFM,2026-02-25 00:00:00+00:00,14.710289351851852,False,False,9.741859582795037,12.854020306916398,136.92920410461994,0.6622479918499123,3.1376669028953263,0.9027777777777778
TimesFM,2026-02-26 00:00:00+00:00,19.328344907407406,False,False,9.11784851581962,16.79036394588969,34.39576624481665,0.4717345721787741,3.6313876687413384,0.9166666666666666
TimesFM,2026-02-27 00:00:00+00:00,13.101145833333332,False,False,10.270140861206585,13.810670588610563,73.69844607724363,0.7839116510768239,3.5911537853950333,0.8194444444444444
TimesFM,2026-02-28 00:00:00+00:00,11.75699074074074,False,False,8.89658856427228,11.586133665889228,74.93017973968033,0.7567062661233123,2.859945845729039,0.7361111111111112
TimesFM,2026-03-01 00:00:00+00:00,10.44976851851852,False,False,4.8908595059646505,6.256226975645473,58.17449134683199,0.46803520071256427,1.554158463358511,0.9166666666666666
TimesFM,2026-03-02 00:00:00+00:00,14.42292824074074,False,False,22.73105503514961,24.810038308881325,127.75825890160901,1.5760360625618821,7.708958232437755,0.05555555555555555
TimesFM,2026-03-03 00:00:00+00:00,17.70898148148148,False,False,10.50551468314948,12.062959416290411,89.79758772580371,0.5932308808462665,3.1238280503856544,0.8611111111111112
TimesFM,2026-03-04 00:00:00+00:00,23.211018518518514,False,False,12.96991461906168,14.826084296048098,67.27143863294441,0.5587826578447583,3.3972166181530477,0.8055555555555556
TimesFM,2026-03-05 00:00:00+00:00,12.803645833333334,False,False,11.005084472762213,15.010955493797784,67.75172465271649,0.859527404617152,3.569981405587844,0.75
TimesFM,2026-03-06 00:00:00+00:00,14.406371527777777,False,False,4.03197543574704,5.4861826964218405,98.51103521337724,0.27987445887902795,1.5691990846064352,1.0
TimesFM,2026-03-07 00:00:00+00:00,12.830868055555555,False,False,12.448988399306934,16.559320223397727,101.81238006451265,0.9702374262914134,3.8190729516818203,0.6805555555555556
TimesFM,2026-03-08 00:00:00+00:00,30.940879629629624,False,False,24.905547412766353,36.64409335976625,69.86269297919966,0.8049398630837983,9.400730775370276,0.5
TimesFM,2026-03-09 00:00:00+00:00,16.02903935185185,False,False,11.852040483598355,16.557852929227337,82.50241950710075,0.7394105300658007,3.704322011308905,0.8888888888888888
TimesFM,2026-03-10 00:00:00+00:00,14.835335648148149,False,False,14.551871516925315,19.31493672370398,89.37412301194585,0.980892637824597,4.600716392055705,0.7916666666666666
TimesFM,2026-03-11 00:00:00+00:00,22.641238425925923,False,False,15.418278025686739,19.088638914446896,115.57145388369659,0.6809820971644223,5.334628399623397,0.5833333333333334
TimesFM,2026-03-12 00:00:00+00:00,9.274131944444443,False,False,17.44267135221649,20.364831892089956,152.27580201815402,1.8807874911317508,4.787707303955599,0.8194444444444444
TimesFM,2026-03-13 00:00:00+00:00,5.599207175925926,False,False,12.170062864356572,15.416781027101678,134.50255918946067,2.173533231040704,3.74524525926069,0.7222222222222222
TimesFM,2026-03-14 00:00:00+00:00,19.878553240740743,False,False,10.103587431488215,14.972357819619639,79.10861065542011,0.5082657328794478,3.8964967623224225,0.9444444444444444
TimesFM,2026-03-15 00:00:00+00:00,37.76217592592593,False,False,10.663140825187718,12.596161295333866,107.5604427399077,0.282376228692554,3.4703390452100167,0.8333333333333334
TimesFM,2026-03-16 00:00:00+00:00,15.232303240740741,False,False,21.39615090297328,29.397912324690658,126.46659332437117,1.4046563126281875,7.186082974330142,0.4861111111111111
TimesFM,2026-03-17 00:00:00+00:00,31.302499999999995,False,False,33.92683500329653,46.740133249269356,123.19154605118467,1.0838378724797233,11.743822688629598,0.4166666666666667
TimesFM,2026-03-18 00:00:00+00:00,18.16048611111111,False,False,12.507288116669214,16.179493713846185,130.1179196589681,0.6887088836799856,3.614850676190338,0.875
TimesFM,2026-03-19 00:00:00+00:00,11.199664351851851,False,False,10.001663754229194,11.795955834030183,119.15308499741346,0.8930324552606285,3.698425915132702,0.9027777777777778
TimesFM,2026-03-20 00:00:00+00:00,7.619317129629631,False,False,4.653934439409663,5.74436978189306,69.60854240912103,0.6108072889251017,2.195329575387784,1.0
TimesFM,2026-03-21 00:00:00+00:00,14.839513888888892,False,False,4.3130146148469715,5.566104998365691,43.429820658056215,0.2906439285774952,1.8325536639031803,0.9861111111111112
TimesFM,2026-03-22 00:00:00+00:00,7.386874999999999,False,False,9.542042490243912,11.59730094753578,123.74265470278405,1.291756323241413,3.104194399972021,0.6666666666666666
TimesFM,2026-03-23 00:00:00+00:00,11.993553240740741,False,False,18.5252064150627,24.470952569161867,149.26242701528818,1.5445970050088804,5.358302922165137,0.7361111111111112
TimesFM,2026-03-24 00:00:00+00:00,70.64513888888888,False,False,64.90615020169152,155.53357169146892,69.76846352392407,0.9187631480741558,27.215036278596997,0.7361111111111112
TimesFM,2026-03-25 00:00:00+00:00,14.597534722222223,False,False,15.124016377396053,18.084842027137302,113.79610553939503,1.0360664773328028,4.770937858257029,0.8194444444444444
TimesFM,2026-03-26 00:00:00+00:00,10.433460648148149,False,False,6.007531842512113,8.025613124906448,91.84831947432586,0.5757947477933315,2.1764361563858423,0.8611111111111112
TimesFM,2026-03-27 00:00:00+00:00,9.769479166666667,False,False,9.607614482155551,11.652337701383189,108.57226569983484,0.9834315953031154,2.6415478049531393,0.7083333333333334
TimesFM,2026-03-28 00:00:00+00:00,12.610729166666665,False,False,19.08074484654047,23.38151517358056,144.50317933348126,1.5130564295184203,6.449142597308497,0.3888888888888889
TimesFM,2026-03-29 00:00:00+00:00,7.557974537037037,False,False,18.451516244852982,20.571781842948518,137.16186979360913,2.4413308293688107,6.16371251044082,0.3888888888888889
TimesFM,2026-03-30 00:00:00+00:00,18.776840277777776,False,False,3.877179076737827,4.9758921482562135,76.39618387225948,0.20648730134464818,1.7045641680742485,0.9861111111111112
TimesFM,2026-03-31 00:00:00+00:00,95.03800925925925,False,False,5.406065037382974,7.514018600686985,96.78474773010386,0.05688318894217871,1.9685480648573535,0.9722222222222222
TimesFM,2026-04-01 00:00:00+00:00,21.40883101851852,False,False,18.067234415792754,26.381603205564737,108.50982206699724,0.8439150367511751,6.683439154029813,0.5277777777777778
TimesFM,2026-04-02 00:00:00+00:00,23.352314814814815,False,False,11.121480430761974,14.42562146224418,71.10865078744104,0.47624745208155794,3.4860496479843133,0.9027777777777778
TimesFM,2026-04-03 00:00:00+00:00,10.264780092592591,False,False,10.00608704644221,13.475863348947772,116.80568785091494,0.9747979943245872,3.3386563554332582,0.9027777777777778
TimesFM,2026-04-04 00:00:00+00:00,25.355775462962963,False,False,12.821726614457589,17.136727519509968,85.42436862793717,0.5056728252380296,4.570503512142617,0.7777777777777778
TimesFM,2026-04-05 00:00:00+00:00,18.179039351851852,False,False,16.912453422667802,19.365843969871264,125.06812098580436,0.9303271253959288,4.654404365782752,0.625
TimesFM,2026-04-06 00:00:00+00:00,26.292743055555555,False,False,11.406333587589087,14.481039794021648,87.16904767405293,0.4338206007447737,3.662919591450029,0.6666666666666666
TimesFM,2026-04-07 00:00:00+00:00,16.517430555555556,False,False,10.902845887850832,13.459468779014644,69.64314372460754,0.660081230623592,3.3002928190761143,0.8055555555555556
TimesFM,2026-04-08 00:00:00+00:00,12.081863425925924,False,False,7.873223694320079,10.082917896268185,56.472054118707504,0.6516564057018956,2.5270178170410205,0.9583333333333334
TimesFM,2026-04-09 00:00:00+00:00,24.245787037037037,False,False,17.27530449959967,24.870955079784174,110.35373819204426,0.7125074749361819,6.004956932314385,0.7777777777777778
TimesFM,2026-04-10 00:00:00+00:00,13.897326388888889,False,False,9.650531209442352,12.647982183574813,105.62361422975171,0.6944163891234568,3.113156711153778,0.9166666666666666
TimesFM,2026-04-11 00:00:00+00:00,18.45196759259259,False,False,16.841659117683214,21.288928201299893,120.44371168558818,0.9127297147673388,5.287359694306865,0.5555555555555556
TimesFM,2026-04-12 00:00:00+00:00,27.841828703703708,False,False,21.469482589297822,40.99088076114098,78.83142145308119,0.7711232914252434,8.152993166240645,0.6527777777777778
TimesFM,2026-04-13 00:00:00+00:00,28.005555555555556,False,False,13.37238185517214,16.143543180822117,104.36911593428735,0.477490326112078,4.000276288399358,0.7916666666666666
TimesFM,2026-04-14 00:00:00+00:00,19.171122685185185,False,False,6.545817474744939,8.688413129876091,75.58774929411531,0.3414415306936266,2.4044819550602523,0.8472222222222222
TimesFM,2026-04-15 00:00:00+00:00,13.328344907407407,False,False,18.21046781904168,21.364284974576623,113.56255002809432,1.36629626150513,5.710873130429306,0.4722222222222222
TimesFM,2026-04-16 00:00:00+00:00,15.951504629629628,False,False,12.812299718183501,17.766987582627305,69.83661742893248,0.8032032097075588,4.288833285104713,0.8194444444444444
TimesFM,2026-04-17 00:00:00+00:00,9.495208333333332,False,False,6.659218610216071,7.640771900458949,103.74004254941758,0.7013241180647507,2.4340231830047236,0.8472222222222222
TimesFM,2026-04-18 00:00:00+00:00,15.681099537037035,False,False,7.669128288472141,12.201707950934843,92.9684149441377,0.4890682742213645,2.6151262432502373,0.8611111111111112
TimesFM,2026-04-19 00:00:00+00:00,23.862974537037037,False,False,21.849987696078088,29.963171317009767,99.12600371603956,0.915643926207328,7.383897265611608,0.5555555555555556
TimesFM,2026-04-20 00:00:00+00:00,42.85164351851852,False,False,31.71970799858923,44.773832949682706,98.7731749585031,0.7402215036368773,10.878242951855981,0.5694444444444444
TimesFM,2026-04-21 00:00:00+00:00,37.88981481481481,False,False,18.538197906900333,22.493983264469364,86.0968037713127,0.48926599397503384,5.90156625441563,0.7638888888888888
TimesFM,2026-04-22 00:00:00+00:00,9.126701388888888,False,False,8.444213211492256,10.08001299679464,77.21534097248092,0.9252207179444358,3.0288078386952844,1.0
TimesFM,2026-04-23 00:00:00+00:00,21.557407407407407,False,False,6.871865495664102,8.537103791398515,115.10598620745401,0.3187704980378503,2.486435395170141,0.9722222222222222
TimesFM,2026-04-24 00:00:00+00:00,19.027233796296297,False,False,20.824079963851858,39.64671676053129,135.88777895511745,1.0944354910856944,7.409770191046927,0.7083333333333334
TimesFM,2026-04-25 00:00:00+00:00,83.94658564814816,False,False,72.56659860928852,171.40776468519496,75.34062320807506,0.8644377618101412,32.09188804426311,0.8472222222222222
TimesFM,2026-04-26 00:00:00+00:00,17.95047453703704,False,False,10.960931918885972,15.51890666854863,44.18430488149615,0.6106207329656043,5.361529737909634,1.0
TimesFM,2026-04-27 00:00:00+00:00,38.92916666666666,False,False,21.47858027043166,51.666015454300684,121.17151762372866,0.5517349100827998,8.392904927009418,0.7777777777777778
TimesFM,2026-04-28 00:00:00+00:00,90.53584490740741,False,False,72.4070887852598,166.03822512551702,65.76499488902928,0.7997615624983873,29.08214111356823,0.8333333333333334
TimesFM,2026-04-29 00:00:00+00:00,33.23167824074075,False,False,24.36634832461675,34.02162525072611,70.12968638302785,0.7332265360810022,6.9585073950629175,0.8611111111111112
TimesFM,2026-04-30 00:00:00+00:00,39.344965277777774,False,False,19.64065209530018,22.36385275923651,53.67788017707888,0.4991909881387877,5.891542678166318,0.9861111111111112
TimesFM,2026-05-01 00:00:00+00:00,31.06582175925926,False,False,11.834890933566623,14.690935708649572,33.953989567556434,0.3809617857618461,4.802604960537987,0.9027777777777778
TimesFM,2026-05-02 00:00:00+00:00,99.06234953703705,False,False,35.96013942224008,59.566910129294996,96.40324270064204,0.3630051133482903,11.813803279642707,0.5277777777777778
TimesFM,2026-05-03 00:00:00+00:00,19.312291666666667,False,False,17.35959560588554,19.939833944827352,117.08090366744936,0.898888433621189,5.368156606937632,0.6944444444444444
TimesFM,2026-05-04 00:00:00+00:00,21.448715277777776,False,False,7.13432606348285,8.572735827435288,119.77312429100844,0.3326225357131046,2.710654834045304,0.9722222222222222
TimesFM,2026-05-05 00:00:00+00:00,92.80848379629629,False,False,15.601159251530966,19.90615823604491,128.54140149196016,0.16810057241936713,4.2087998178711645,0.8611111111111112
TimesFM,2026-05-06 00:00:00+00:00,17.578645833333333,False,False,13.06355069231104,20.81472178150693,34.52429638352806,0.7431488646036324,4.614433357974997,0.8611111111111112
TimesFM,2026-05-07 00:00:00+00:00,16.60119212962963,False,False,12.949161443003902,16.349749702700453,41.61529411393255,0.7800139497146339,4.1307486683682155,0.8888888888888888
TimesFM,2026-05-08 00:00:00+00:00,13.780983796296296,False,False,16.62748333754363,21.72904698159407,58.29407003216291,1.2065527093945458,4.981977486187293,0.7083333333333334
TimesFM,2026-05-09 00:00:00+00:00,30.85199074074074,False,False,16.970966150054224,22.31950985135948,61.60109995842937,0.5500768586593566,5.084097245420202,0.7916666666666666
TimesFM,2026-05-10 00:00:00+00:00,11.629861111111113,False,False,11.053891540280095,13.162009066535916,74.23906698605319,0.9504749398700265,3.4670755548241696,0.7083333333333334
TimesFM,2026-05-11 00:00:00+00:00,15.398796296296297,False,False,12.056357190498598,14.774275508509657,73.29775485024835,0.7829415337741938,3.294195362667978,0.8055555555555556
TimesFM,2026-05-12 00:00:00+00:00,14.095295138888888,False,False,11.537958002796879,14.859547517864314,61.391846260778024,0.8185680320352908,3.928622548973855,0.6666666666666666
TimesFM,2026-05-13 00:00:00+00:00,13.792581018518518,False,False,7.529127879495974,9.452101664411165,27.289602425671838,0.5458824471929539,2.7528052325712307,0.9444444444444444
TimesFM,2026-05-14 00:00:00+00:00,18.03478009259259,False,False,15.658447507928916,18.036786835033887,101.36637510665747,0.8682361208474227,5.0224013764696345,0.4861111111111111
TimesFM,2026-05-15 00:00:00+00:00,20.409641203703707,False,False,12.019851853670897,16.3625922861923,91.90872860946251,0.5889300911125117,3.654680263613477,0.8333333333333334
TimesFM,2026-05-16 00:00:00+00:00,22.702152777777776,False,False,7.226474923822615,9.1365268737473,105.0720640231428,0.31831672505068864,2.33861597262047,0.9583333333333334
TimesFM,2026-05-17 00:00:00+00:00,8.22400462962963,False,False,2.8729555055609457,3.7896741575397352,97.83963368143253,0.34933777824129586,1.4134189394631502,1.0
TimesFM,2026-05-18 00:00:00+00:00,18.14275462962963,False,False,3.544406016369661,4.952976745411091,83.05013432720698,0.19536206539337503,1.5149942682168367,0.9166666666666666
TimesFM,2026-05-19 00:00:00+00:00,12.195399305555554,False,False,16.50693671314805,22.482946108611163,114.74088046736557,1.3535380268875983,5.905377892980606,0.4305555555555556
TimesFM,2026-05-20 00:00:00+00:00,9.013935185185185,False,False,6.825973289277818,8.284130474132708,25.441910377040717,0.7572689562375174,2.573170135319233,1.0
TimesFM,2026-05-21 00:00:00+00:00,26.344768518518517,False,False,14.041782504540901,17.492026534974876,49.87693382735407,0.5330007927255279,4.682479450331058,0.6388888888888888
TimesFM,2026-05-22 00:00:00+00:00,13.070474537037036,False,False,7.469150845033151,9.450595086748951,32.22376241945232,0.5714521553037923,2.595493189503013,0.9583333333333334
TimesFM,2026-05-23 00:00:00+00:00,18.23252314814815,False,False,4.543437627333181,5.633121384387211,18.980827443434933,0.24919412362268967,1.7374372333361776,1.0
TimesFM,2026-05-24 00:00:00+00:00,14.96025462962963,False,False,5.526730546421475,6.74023802353089,23.838400196724002,0.3694275721400806,1.9144642344669058,0.8611111111111112
TimesFM,2026-05-25 00:00:00+00:00,22.23644675925926,False,False,5.274955869427433,6.5982554767586015,20.474318106913962,0.23722116786626177,1.8021072050616327,0.9305555555555556
TimesFM,2026-05-26 00:00:00+00:00,12.064768518518518,False,False,6.505110881946705,10.888587365181191,21.01135112011979,0.5391824030408744,2.379800443708161,0.8194444444444444
TimesFM,2026-05-27 00:00:00+00:00,29.80622685185185,False,False,25.007501420268305,39.165173059513926,40.0584024997401,0.8390025864248094,9.434658970773954,0.6527777777777778
TimesFM,2026-05-28 00:00:00+00:00,16.140972222222224,False,False,9.728052854184751,11.93303744418644,30.53484454268424,0.6026931166383874,3.0828650921362417,0.7777777777777778
TimesFM,2026-05-29 00:00:00+00:00,9.932488425925925,False,False,10.535869370566473,13.197524258373694,37.818529075708554,1.0607482152272731,3.5039850135791446,0.7777777777777778
TimesFM,2026-05-30 00:00:00+00:00,10.644780092592592,False,False,8.685633543553175,11.14978087367722,66.74715348969681,0.8159523698941669,3.0320259724502208,0.625
TimesFM,2026-05-31 00:00:00+00:00,6.22925925925926,False,False,9.4750556736743,13.1537392187581,65.215673447083,1.5210565621571202,2.878606501004578,0.7916666666666666
TimesFM,2026-06-01 00:00:00+00:00,7.080347222222223,False,False,10.997055931091309,13.791484466848692,42.88182634455066,1.5531803153065982,3.4293220977246026,0.7222222222222222
Chronos2,2025-07-01 00:00:00+00:00,25.592407407407407,True,False,19.735789330093947,27.32665047844079,44.02250052525846,0.7711579850976297,6.856131507379037,0.4027777777777778
Chronos2,2025-07-02 00:00:00+00:00,38.74896990740741,True,False,21.63377094939903,37.401853028297005,31.633768108738604,0.5583057046701887,7.429397920855769,0.8472222222222222
Chronos2,2025-07-03 00:00:00+00:00,9.429803240740743,True,False,7.832739645286842,9.608319893823678,21.40999741711698,0.8306365939265933,2.6825632799996266,0.9861111111111112
Chronos2,2025-07-04 00:00:00+00:00,8.454027777777778,True,False,10.057140739228991,14.8812224354891,27.711821015084553,1.1896271225492243,3.2757276208312422,0.6805555555555556
Chronos2,2025-07-05 00:00:00+00:00,18.460520833333334,True,False,8.782640149858263,13.480016259568025,27.46081962890331,0.4757525656589192,3.1415653492491926,0.8194444444444444
Chronos2,2025-07-06 00:00:00+00:00,14.629305555555554,True,False,10.343983473601165,16.128892453160955,27.375222235807716,0.7070727611997265,2.9412022139113625,0.7916666666666666
Chronos2,2025-07-07 00:00:00+00:00,13.49300925925926,True,False,9.016556752876,14.686269355831575,21.445006379114933,0.6682391288428561,3.1345534333476315,0.7916666666666666
Chronos2,2025-07-08 00:00:00+00:00,12.906782407407407,True,False,17.78746839841207,28.719684451811368,34.0369562583587,1.3781489326265823,5.518431158713352,0.6944444444444444
Chronos2,2025-07-09 00:00:00+00:00,33.95109953703704,True,False,37.09625369707744,46.14313059061874,57.72463472237599,1.0926377702910437,10.90839870688356,0.5694444444444444
Chronos2,2025-07-10 00:00:00+00:00,17.20474537037037,True,False,18.35808292106346,25.986354379975424,60.49008805560692,1.067036013952252,6.7159602662663405,0.4444444444444444
Chronos2,2025-07-11 00:00:00+00:00,11.368680555555557,True,False,9.005317114370841,15.328658444042544,34.99308039866199,0.7921162944428229,3.6285668527344126,0.9166666666666666
Chronos2,2025-07-12 00:00:00+00:00,52.02465277777779,True,False,49.171977444401506,97.66952871177517,62.83644537634451,0.945166854922388,20.11859121287311,0.375
Chronos2,2025-07-13 00:00:00+00:00,28.16582175925926,True,False,13.467306493476585,18.657755380267904,26.21875857960527,0.47814356735568453,5.589984038258776,0.9166666666666666
Chronos2,2025-07-14 00:00:00+00:00,8.859305555555556,True,False,11.174860332983512,14.079442016670741,30.19778591181037,1.261369783772262,3.4365358856577934,0.8888888888888888
Chronos2,2025-07-15 00:00:00+00:00,24.954976851851853,True,False,15.12686993740223,20.33850694167443,56.61179384500553,0.6061664583864239,4.850286927517549,0.6388888888888888
Chronos2,2025-07-16 00:00:00+00:00,23.476076388888888,True,False,7.293320619088632,8.615152350226934,42.68842680567167,0.31067033938177696,2.8270320453761535,0.9444444444444444
Chronos2,2025-07-17 00:00:00+00:00,10.92471064814815,True,False,6.481908266632645,9.110351808244975,27.470627573531182,0.5933253955546544,2.165121429054825,0.8888888888888888
Chronos2,2025-07-18 00:00:00+00:00,8.932384259259258,True,False,6.5186726587790025,8.496444911349371,31.864459596532846,0.7297796948246806,2.1856765608139974,0.8888888888888888
Chronos2,2025-07-19 00:00:00+00:00,60.14989583333334,True,False,9.047804827866733,11.154902018511104,49.46190462462664,0.15042095588888285,3.0724742143536794,0.5555555555555556
Chronos2,2025-07-20 00:00:00+00:00,38.696168981481485,True,False,4.91411761548784,6.995509649358397,24.588668297964972,0.12699235466538175,1.7463499108361606,0.9305555555555556
Chronos2,2025-07-21 00:00:00+00:00,10.894560185185188,True,False,6.326756951367413,9.36536453566349,24.16465722757204,0.5807262380330656,2.1047236165882626,0.7361111111111112
Chronos2,2025-07-22 00:00:00+00:00,8.963090277777777,True,False,7.537917257591529,9.47097814094499,49.685639290365636,0.8409953513778964,2.3321615989119917,0.625
Chronos2,2025-07-23 00:00:00+00:00,6.148333333333333,True,False,6.677893110204626,9.026875393822737,36.69039683845352,1.0861306224241734,2.0847759355733424,0.7777777777777778
Chronos2,2025-07-24 00:00:00+00:00,8.587928240740741,True,False,8.567767687903508,12.180285173055891,36.55411464756434,0.9976524544369628,3.0039160105917184,0.6805555555555556
Chronos2,2025-07-25 00:00:00+00:00,21.549166666666665,True,False,19.075979956520925,26.574628503212562,47.734648770144695,0.8852305173372951,6.438440986032838,0.5694444444444444
Chronos2,2025-07-26 00:00:00+00:00,14.584178240740743,True,False,18.008471594210025,20.880586964629625,43.76201880654334,1.2347950838877955,5.546876558374476,0.6388888888888888
Chronos2,2025-07-27 00:00:00+00:00,7.8231828703703705,True,False,9.432614942126804,12.171832193562425,52.527918186533185,1.2057259939368181,2.9373033642474518,0.7083333333333334
Chronos2,2025-07-28 00:00:00+00:00,9.630636574074073,True,False,7.25225105215002,12.256856820433985,35.828737103835834,0.7530396351652673,2.388112673965501,0.8611111111111112
Chronos2,2025-07-29 00:00:00+00:00,15.900150462962964,True,False,9.911007070717988,15.998360312324719,26.570522792281665,0.6233278794313428,3.6317299320374006,0.75
Chronos2,2025-07-30 00:00:00+00:00,23.051689814814814,True,False,14.572558015187582,31.07649229342705,25.566761411999096,0.632168753451737,5.500177008958509,0.7638888888888888
Chronos2,2025-07-31 00:00:00+00:00,33.38466435185185,True,False,20.365349017602426,40.45780032466561,33.37830887413468,0.6100210804267905,6.540884043934906,0.7222222222222222
Chronos2,2025-08-01 00:00:00+00:00,24.084745370370374,True,False,20.429168026182385,26.896685909229117,34.93285108392877,0.8482202203937282,6.235052386978526,0.5555555555555556
Chronos2,2025-08-02 00:00:00+00:00,24.0771875,True,False,14.686038082264089,17.17267481920905,30.464339374165295,0.6099565442294325,4.54529396104224,0.8055555555555556
Chronos2,2025-08-03 00:00:00+00:00,11.675173611111111,True,False,12.100389788945515,15.753083269113997,40.275783629332864,1.0364205443103416,3.976085858168425,0.5833333333333334
Chronos2,2025-08-04 00:00:00+00:00,12.069548611111111,True,False,6.552894045511882,8.12484223027161,21.388115640513178,0.5429278473164564,2.3002522058840147,0.9861111111111112
Chronos2,2025-08-05 00:00:00+00:00,12.442928240740741,True,False,11.536448660956488,15.788583074918032,40.31457527325654,0.9271490149066157,3.540496710553581,0.5972222222222222
Chronos2,2025-08-06 00:00:00+00:00,20.331157407407407,True,False,6.455257771809895,8.32001221366182,33.92257220060213,0.31750567085069153,2.0186125953697864,0.7777777777777778
Chronos2,2025-08-07 00:00:00+00:00,29.053194444444443,True,False,10.296138233961882,13.883354482104732,36.09468870374356,0.35438919646685224,2.9532667978898974,0.8888888888888888
Chronos2,2025-08-08 00:00:00+00:00,34.689097222222216,True,False,10.490593398588677,12.931496444592259,57.253335374612234,0.3024175962661919,3.071949948116585,0.5972222222222222
Chronos2,2025-08-09 00:00:00+00:00,25.395208333333336,True,False,7.357953733514857,10.767661104831427,35.14625305893031,0.2897378764109971,2.2281163798732524,0.8194444444444444
Chronos2,2025-08-10 00:00:00+00:00,10.928773148148148,True,False,12.4136158547578,16.74328402062526,45.075569300228466,1.135865452277345,4.4483077111656275,0.5416666666666666
Chronos2,2025-08-11 00:00:00+00:00,13.578888888888889,True,False,7.92121882120768,9.703313515312242,25.32393855887151,0.5833480843700934,2.45469355892252,0.9444444444444444
Chronos2,2025-08-12 00:00:00+00:00,25.48246527777778,True,False,18.464899427272655,26.39804877318753,45.193372362562535,0.7246119724285524,6.091510681458462,0.625
Chronos2,2025-08-13 00:00:00+00:00,23.985937500000002,True,False,8.386453455112598,11.209176974185375,16.825901514513454,0.34964042806801265,2.95009601328108,0.9722222222222222
Chronos2,2025-08-14 00:00:00+00:00,13.576927083333334,True,False,13.9340772346214,16.850757158974364,36.47440162745441,1.0263056691028778,4.606537054262043,0.5
Chronos2,2025-08-15 00:00:00+00:00,12.374131944444445,True,False,7.411083233091564,10.392032042032378,21.396668237835506,0.5989174243789184,2.2853666631086367,0.8611111111111112
Chronos2,2025-08-16 00:00:00+00:00,14.61224537037037,True,False,9.584673087685196,12.828333132003122,30.925704798423027,0.6559343102135615,2.8581478371443567,0.7777777777777778
Chronos2,2025-08-17 00:00:00+00:00,13.685046296296296,True,False,9.411117398827166,13.144473725153663,31.112680332946415,0.6876935009985446,3.1353307499708953,0.6388888888888888
Chronos2,2025-08-18 00:00:00+00:00,14.104664351851852,True,False,11.611863461953625,22.03038314989991,29.95737086583652,0.8232640757898689,4.182736434995393,0.6944444444444444
Chronos2,2025-08-19 00:00:00+00:00,23.564027777777778,True,False,28.717736140357122,35.46922687221043,55.118917267038505,1.2187108422711836,10.653143758773803,0.25
Chronos2,2025-08-20 00:00:00+00:00,12.98171296296296,True,False,18.10055933493155,21.35314953628112,43.853742460267796,1.3943120901357733,5.869915941497426,0.5555555555555556
Chronos2,2025-08-21 00:00:00+00:00,29.798315972222227,True,False,25.619597042225028,38.186225211444324,41.54601234613617,0.8597666078213088,9.455704970595278,0.4861111111111111
Chronos2,2025-08-22 00:00:00+00:00,13.433124999999999,True,False,13.201572586695354,18.259765299335363,25.9109966743371,0.9827625803151058,4.2282989354192475,0.8472222222222222
Chronos2,2025-08-23 00:00:00+00:00,14.15365740740741,True,False,7.671100531330818,10.01377164429679,20.15520360887232,0.5419871564304005,2.611368895342321,0.8888888888888888
Chronos2,2025-08-24 00:00:00+00:00,16.118402777777778,True,False,13.333442876603868,19.87865924761374,25.22906668488696,0.8272186183972586,4.127030050548506,0.7361111111111112
Chronos2,2025-08-25 00:00:00+00:00,14.469074074074074,True,False,11.692120986514622,15.071659168365192,27.424869472438534,0.8080766555383636,3.979556414168558,0.5694444444444444
Chronos2,2025-08-26 00:00:00+00:00,29.61265046296296,True,False,16.31089131390607,22.06861145262824,35.223589582159235,0.5508082207739687,5.865423191211842,0.5972222222222222
Chronos2,2025-08-27 00:00:00+00:00,15.542800925925924,True,False,9.184294120647287,11.515548105417361,21.23555383775311,0.5909034133820482,3.2140696621529847,0.9444444444444444
Chronos2,2025-08-28 00:00:00+00:00,38.10836805555555,True,False,19.935236699492847,24.46693496681687,57.64116148690614,0.5231196641753498,7.042206997047237,0.3333333333333333
Chronos2,2025-08-29 00:00:00+00:00,10.51587962962963,True,False,16.815487034762345,21.458429411335743,71.71193203266851,1.599056629307822,5.6868322116945995,0.75
Chronos2,2025-08-30 00:00:00+00:00,10.106469907407408,True,False,7.3909052689870185,9.577096351762826,21.565066185177155,0.7313043364003834,2.455966357242913,0.9305555555555556
Chronos2,2025-08-31 00:00:00+00:00,18.541041666666665,True,False,10.36128640881291,14.697396427844403,29.175523386819012,0.5588297893446068,2.959197886902609,0.9166666666666666
Chronos2,2025-09-01 00:00:00+00:00,15.252546296296297,True,False,9.803194466696846,15.65013720908595,27.09835179286112,0.6427251080744013,3.570259980331233,0.6388888888888888
Chronos2,2025-09-02 00:00:00+00:00,16.35789351851852,True,False,5.927318392859565,7.557128173361881,16.10944919525035,0.3623521809913568,2.0232044612331155,0.9861111111111112
Chronos2,2025-09-03 00:00:00+00:00,12.73765046296296,True,False,9.064635132683646,12.76418672817998,19.812994672592822,0.7116410643423389,2.686673099170496,0.8888888888888888
Chronos2,2025-09-04 00:00:00+00:00,21.25173611111111,True,False,18.232397327069886,24.248687827755155,54.73966053961228,0.8579250764146928,6.923127416387016,0.375
Chronos2,2025-09-05 00:00:00+00:00,14.96193287037037,True,False,17.58863859512188,25.168276940702366,39.42959763926735,1.1755592507672097,6.018537671153928,0.6111111111111112
Chronos2,2025-09-06 00:00:00+00:00,12.201678240740742,True,False,10.659723700770623,15.064356115004392,29.656852874270673,0.8736276674776084,3.3880131390948356,0.8888888888888888
Chronos2,2025-09-07 00:00:00+00:00,6.696481481481481,True,False,6.308311294273095,7.7753368931858216,18.703183218404178,0.9420337100488015,2.179339760909846,0.9722222222222222
Chronos2,2025-09-08 00:00:00+00:00,11.930543981481483,True,False,9.400650657371237,11.917293630268631,44.18461334389405,0.787948200179545,3.251491741486537,0.5694444444444444
Chronos2,2025-09-09 00:00:00+00:00,14.096458333333334,True,False,5.910885114493193,8.440887674185328,37.68267599715911,0.4193170351531461,2.0419419002238612,0.8194444444444444
Chronos2,2025-09-10 00:00:00+00:00,16.7190625,True,False,6.478120582721851,9.137683427126746,25.712639630954282,0.38746912888936513,2.2041629817162027,0.8472222222222222
Chronos2,2025-09-11 00:00:00+00:00,12.884409722222223,True,False,6.154840627599645,8.861936036546304,20.09054536015405,0.47769674826345837,2.0257894665223577,0.9166666666666666
Chronos2,2025-09-12 00:00:00+00:00,11.97099537037037,True,False,9.063429212746797,10.99101267654695,37.248631380891226,0.757115756236934,2.6850055230694054,0.5972222222222222
Chronos2,2025-09-13 00:00:00+00:00,17.90605324074074,True,False,6.904798116860565,12.422312663434836,25.617195456484566,0.3856125090229502,2.5086218687340063,0.8472222222222222
Chronos2,2025-09-14 00:00:00+00:00,14.176145833333333,True,False,13.808695854964082,18.55488968316175,36.276443773901605,0.9740796981994048,4.244501720446127,0.6527777777777778
Chronos2,2025-09-15 00:00:00+00:00,15.779490740740739,True,False,8.151633761547227,9.96471183407392,26.76769974325211,0.5165967581260841,2.350904086813514,0.8333333333333334
Chronos2,2025-09-16 00:00:00+00:00,12.501087962962963,True,False,6.488370310288889,8.049234130926047,23.28119183180697,0.5190244504727922,1.9561333706349504,0.9027777777777778
Chronos2,2025-09-17 00:00:00+00:00,12.539756944444443,True,False,10.599955790307785,14.23602149122926,36.147922865327665,0.8453079144411919,3.7679485955061733,0.4583333333333333
Chronos2,2025-09-18 00:00:00+00:00,14.145231481481481,True,False,11.342797556276672,16.038433539212566,27.856902548339217,0.801881366955806,3.553977983292237,0.7083333333333334
Chronos2,2025-09-19 00:00:00+00:00,12.568773148148146,True,False,7.254050312042235,10.084100975518332,18.01558519066827,0.5771486386569902,2.28604128808151,0.9027777777777778
Chronos2,2025-09-20 00:00:00+00:00,7.397951388888888,True,False,7.352144922680324,10.370443407740414,22.00489030106961,0.9938082228713531,2.1975983849572542,0.7916666666666666
Chronos2,2025-09-21 00:00:00+00:00,14.009953703703705,True,False,6.22947777695126,8.664838584424228,27.40108069272506,0.44464656405712605,2.1380805445011752,0.7638888888888888
Chronos2,2025-09-22 00:00:00+00:00,6.040694444444445,True,False,5.790494364279287,9.407429044406385,15.220730459089793,0.9585809077969067,1.8122397335370382,0.9027777777777778
Chronos2,2025-09-23 00:00:00+00:00,9.803368055555556,True,False,9.546439698537192,15.046614810469611,30.91842277990492,0.9737918279144112,3.2593911921830827,0.6527777777777778
Chronos2,2025-09-24 00:00:00+00:00,20.765775462962964,True,False,16.331208016077678,27.0998945391345,51.34681497828044,0.7864482617182003,5.273904979994267,0.6805555555555556
Chronos2,2025-09-25 00:00:00+00:00,15.485300925925925,True,False,15.525119161076013,20.02966792017843,46.631953090576275,1.002571356884865,4.950899695202156,0.6805555555555556
Chronos2,2025-09-26 00:00:00+00:00,12.802858796296297,True,False,13.984709179136487,23.832223573525543,26.362633543835912,1.092311444002029,4.179169095180653,0.8472222222222222
Chronos2,2025-09-27 00:00:00+00:00,8.66511574074074,True,False,12.575177610538624,19.303977833732123,32.59601748149638,1.451241736035211,3.9810390893323926,0.75
Chronos2,2025-09-28 00:00:00+00:00,7.170092592592592,True,False,6.712761471713031,11.18037101968634,21.450352593623524,0.9362168458811775,2.2374247872387922,0.8333333333333334
Chronos2,2025-09-29 00:00:00+00:00,13.71752314814815,True,False,17.430395131287753,25.15375784396947,45.94977844244721,1.2706663544898655,6.458076991357921,0.4027777777777778
Chronos2,2025-09-30 00:00:00+00:00,12.950011574074075,True,False,8.622875043727735,11.135182170336293,22.94135975807739,0.6658584816241193,2.9192372098675485,0.9444444444444444
Chronos2,2025-10-01 00:00:00+00:00,22.369687499999998,True,False,9.005435427912959,12.503556827051458,39.978770866202765,0.402573144033101,3.46293048352371,0.7361111111111112
Chronos2,2025-10-02 00:00:00+00:00,15.714699074074073,True,False,7.74120861918838,9.594308509696793,28.83540117358528,0.4926094087261102,2.455408849156933,0.8472222222222222
Chronos2,2025-10-03 00:00:00+00:00,19.23453703703704,True,False,11.507445714032208,15.99650881662405,33.8351156096383,0.5982699605337035,3.9107526381810502,0.7222222222222222
Chronos2,2025-10-04 00:00:00+00:00,12.940219907407405,True,False,12.6229678856885,15.622452839172729,69.85379927450101,0.9754832588635298,3.8204199820977673,0.625
Chronos2,2025-10-05 00:00:00+00:00,11.617731481481481,True,False,7.672157232143261,10.693937308577327,91.98115494704636,0.6603834186022103,2.4848691851710094,0.9861111111111112
Chronos2,2025-10-06 00:00:00+00:00,13.979884259259258,True,False,13.00199282169342,17.232903778215622,59.257065650278896,0.9300501048913796,3.7523037843645355,0.8472222222222222
Chronos2,2025-10-07 00:00:00+00:00,16.990526620370375,True,False,9.682399048981843,12.828040031907168,23.856151800536562,0.5698704498878433,3.2601145749327576,0.7222222222222222
Chronos2,2025-10-08 00:00:00+00:00,15.330381944444444,True,False,12.20275225798289,16.351710821214326,30.2810582595866,0.7959848816685894,3.943869352399567,0.6805555555555556
Chronos2,2025-10-09 00:00:00+00:00,13.605879629629632,True,False,11.45755634519789,14.215959960379026,27.47147847643292,0.8421033154112785,3.501443587615166,0.7777777777777778
Chronos2,2025-10-10 00:00:00+00:00,14.625069444444446,True,False,10.087215122999968,17.9196933774171,22.79668870304358,0.6897208359466457,3.394408559593154,0.875
Chronos2,2025-10-11 00:00:00+00:00,14.75380787037037,True,False,14.142203535327205,19.439610136546708,43.36410316559642,0.9585460011126056,4.613886092562734,0.7638888888888888
Chronos2,2025-10-12 00:00:00+00:00,16.312592592592594,True,False,13.720025562710232,21.816000549818774,79.61569017258286,0.8410695899400059,4.23161210725337,0.8472222222222222
Chronos2,2025-10-13 00:00:00+00:00,22.042025462962965,True,False,17.07166551784233,24.254274167271237,39.299442317886204,0.774505298822366,5.626430743770835,0.7083333333333334
Chronos2,2025-10-14 00:00:00+00:00,13.35359375,True,False,12.125883769282588,14.732569286616531,43.98605254444995,0.9080614549384945,3.6126536553583026,0.7777777777777778
Chronos2,2025-10-15 00:00:00+00:00,18.150462962962962,True,False,6.943939726440995,9.182474413367267,22.145328640064054,0.3825764522155988,2.236432142022215,0.9444444444444444
Chronos2,2025-10-16 00:00:00+00:00,25.637511574074075,True,False,16.77999332798852,22.427968061221165,95.9034860533807,0.6545094394011813,5.777179362950502,0.3333333333333333
Chronos2,2025-10-17 00:00:00+00:00,19.867476851851855,True,False,6.440370091155724,9.496628962801605,46.51408648923879,0.324166482698351,2.3751641179308476,0.9444444444444444
Chronos2,2025-10-18 00:00:00+00:00,13.779050925925926,True,False,17.30472229639689,24.08649542213625,65.20002956320633,1.2558718586225157,5.868971497835936,0.5833333333333334
Chronos2,2025-10-19 00:00:00+00:00,23.621006944444446,True,False,11.423650782020003,15.259984858169263,68.58495944345367,0.4836225148609422,3.7606405990506393,0.9027777777777778
Chronos2,2025-10-20 00:00:00+00:00,40.448182870370374,True,False,10.350213236455565,15.609564640095478,71.71012879441653,0.25588821306574533,3.5372478994322414,0.8611111111111112
Chronos2,2025-10-21 00:00:00+00:00,16.331168981481483,True,False,14.217294157169484,28.523725300012075,54.798530507115096,0.8705619403786098,4.88407862159941,0.9305555555555556
Chronos2,2025-10-22 00:00:00+00:00,20.50655092592593,True,False,21.30341153180158,26.700787068835005,66.37586756738347,1.0388588314414298,6.716734432762053,0.75
Chronos2,2025-10-23 00:00:00+00:00,18.201620370370367,True,False,26.00645392832933,39.5526891320872,74.5249519016149,1.428798832144863,8.219244740730451,0.5833333333333334
Chronos2,2025-10-24 00:00:00+00:00,17.438587962962963,True,False,15.017714068006585,19.097536600984736,52.2685182679314,0.8611771836058078,4.83616934598228,0.9027777777777778
Chronos2,2025-10-25 00:00:00+00:00,29.684907407407408,True,False,22.142501453117088,27.565176325581014,49.37028231221775,0.7459178211076977,7.583205000206276,0.5972222222222222
Chronos2,2025-10-26 00:00:00+00:00,27.72028935185185,True,False,12.434016710917156,17.864962962889592,24.32088271375884,0.44855291923879226,4.306322095747347,1.0
Chronos2,2025-10-27 00:00:00+00:00,37.07189814814814,True,False,15.367188981727317,23.787597100068822,31.14476526279907,0.41452393185577835,4.759463410995624,0.7916666666666666
Chronos2,2025-10-28 00:00:00+00:00,31.069247685185182,True,False,34.06934684576812,45.63056813101926,95.22282168698565,1.0965616931244038,11.707022443524115,0.4444444444444444
Chronos2,2025-10-29 00:00:00+00:00,42.35157407407408,True,False,24.320747355355156,28.030436556522247,125.25696624896376,0.5742584044885202,7.890177920247301,0.6666666666666666
Chronos2,2025-10-30 00:00:00+00:00,22.793622685185184,True,False,28.737992700824027,32.92301389360238,126.88787267220623,1.2607909281354566,9.10995803164847,0.7361111111111112
Chronos2,2025-10-31 00:00:00+00:00,27.726145833333334,True,False,13.647391144787823,17.650117830475693,58.418038177418374,0.49222099699051775,4.837677577689842,0.9166666666666666
Chronos2,2025-11-01 00:00:00+00:00,18.29991898148148,True,False,21.416441805451004,28.03039823112032,81.55364205360844,1.1703025476300346,7.241515063533076,0.5833333333333334
Chronos2,2025-11-02 00:00:00+00:00,21.35304398148148,True,False,25.275785956206146,28.817247491152127,95.26560622727396,1.183708794780111,7.899528418852957,0.4027777777777778
Chronos2,2025-11-03 00:00:00+00:00,33.91616898148148,True,False,17.196913510958353,23.478399345929837,88.93317682464063,0.5070417452026499,6.5162928861158855,0.6527777777777778
Chronos2,2025-11-04 00:00:00+00:00,21.33646990740741,True,False,33.63854740566678,38.503052025942566,143.1470761822335,1.5765751106741628,11.681063850544115,0.3888888888888889
Chronos2,2025-11-05 00:00:00+00:00,27.436886574074077,True,False,14.33230139573415,22.200044703378776,90.39754617999631,0.5223734608895881,4.360958458199913,0.8888888888888888
Chronos2,2025-11-06 00:00:00+00:00,11.70070601851852,True,False,19.12612342958097,25.09082075900002,55.201377707310996,1.6346127660425245,6.501687462270996,0.8333333333333334
Chronos2,2025-11-07 00:00:00+00:00,32.83537037037038,True,False,18.920665757567797,26.780724265135703,77.58133453435211,0.5762281815051863,5.7140705463327,0.5972222222222222
Chronos2,2025-11-08 00:00:00+00:00,25.559421296296293,True,False,26.11600895775689,33.44985493997988,66.8856144400244,1.021776223139342,8.234963030197003,0.7777777777777778
Chronos2,2025-11-09 00:00:00+00:00,25.30513888888889,True,False,23.43978923426734,31.091253294494415,137.2015246111466,0.926285737343232,7.87791921109329,0.4027777777777778
Chronos2,2025-11-10 00:00:00+00:00,24.95175925925926,True,False,23.973675762282475,31.168407660359588,121.17718606945802,0.9608010206088443,7.784994676319169,0.5972222222222222
Chronos2,2025-11-11 00:00:00+00:00,6.010625,True,False,6.684817198647393,8.939663975278238,78.21929352768366,1.1121667378429687,2.7673011445410456,0.9305555555555556
Chronos2,2025-11-12 00:00:00+00:00,11.540023148148148,True,False,10.757791469362047,13.938165671656911,49.762834069352465,0.9322157617238725,3.6935534760098396,0.9861111111111112
Chronos2,2025-11-13 00:00:00+00:00,18.470023148148147,True,False,13.020213190891123,15.916391973155374,78.2969026087097,0.7049375675631767,4.082979329397649,0.6666666666666666
Chronos2,2025-11-14 00:00:00+00:00,26.308391203703703,True,False,15.311814691755508,19.06369391030853,85.33778497456017,0.582012581962819,4.671433760972671,0.5972222222222222
Chronos2,2025-11-15 00:00:00+00:00,36.42067129629629,True,False,21.52754330864659,24.715179816762863,109.67624781465899,0.5910803547115228,6.67740803150483,0.3194444444444444
Chronos2,2025-11-16 00:00:00+00:00,29.978449074074074,True,False,17.3665166120176,22.50212380782157,75.26869201825947,0.5793000354723651,4.8529013035179664,0.7361111111111112
Chronos2,2025-11-17 00:00:00+00:00,18.24554398148148,True,False,15.491259279957525,20.215267415814377,49.51191940196872,0.8490434319568961,4.923632092358154,0.7361111111111112
Chronos2,2025-11-18 00:00:00+00:00,54.36366898148148,True,False,36.66624977888884,55.08436576125684,82.25279834258615,0.6744623839016253,13.971710037213782,0.4166666666666667
Chronos2,2025-11-19 00:00:00+00:00,42.682905092592584,True,False,23.65335865939105,30.933851202309032,37.88688660660481,0.5541646850906589,7.446852379581074,0.8055555555555556
Chronos2,2025-11-20 00:00:00+00:00,27.63351851851852,True,False,24.579824336723046,35.04455673726724,45.213043737491866,0.8894931103417377,7.845213049694343,0.6388888888888888
Chronos2,2025-11-21 00:00:00+00:00,15.819236111111113,True,False,11.621977857660363,15.143337871577128,43.10971744041523,0.734673771605022,4.251532592361356,1.0
Chronos2,2025-11-22 00:00:00+00:00,40.30236111111111,True,False,24.238063399703414,27.89295256620063,61.939145741662195,0.601405543781432,7.293156100614571,0.6111111111111112
Chronos2,2025-11-23 00:00:00+00:00,20.285462962962963,True,False,15.872772520559806,18.58230143543541,49.82878721437466,0.7824703113525281,4.9676041945704705,0.7083333333333334
Chronos2,2025-11-24 00:00:00+00:00,18.166030092592592,True,False,20.740199140972564,24.15373495791911,67.62315671177348,1.141702344169826,6.474179709870139,0.4722222222222222
Chronos2,2025-11-25 00:00:00+00:00,43.79054398148148,True,False,27.436986242223668,34.54753683054274,57.20716036659016,0.6265504775146538,8.704258057394146,0.5833333333333334
Chronos2,2025-11-26 00:00:00+00:00,39.472071759259265,True,False,19.30093662897746,24.039085337364288,74.9782985338952,0.4889770353756487,6.108292408931402,0.75
Chronos2,2025-11-27 00:00:00+00:00,13.770243055555556,True,False,15.779059525948988,18.841587149284504,37.39059188203692,1.1458809740894866,5.117162133205084,0.8333333333333334
Chronos2,2025-11-28 00:00:00+00:00,18.528738425925926,True,False,13.838774129019844,15.77775431340977,97.00910835379659,0.7468816176743176,4.31231081986133,0.5972222222222222
Chronos2,2025-11-29 00:00:00+00:00,46.82982638888889,True,False,14.501998494112932,17.73640105551481,97.57077856331968,0.3096744022427928,4.578392456195972,0.8888888888888888
Chronos2,2025-11-30 00:00:00+00:00,25.589131944444446,True,False,23.82064053888674,31.418544809257575,106.38999832825078,0.930888964526143,7.422090491954191,0.6388888888888888
Chronos2,2025-12-01 00:00:00+00:00,36.573125000000005,True,False,22.291859534934716,29.767793062067167,34.024185096239826,0.6095147607685893,7.2064393713444845,0.9166666666666666
Chronos2,2025-12-02 00:00:00+00:00,69.59319444444444,True,False,82.21152915813305,96.54279220726141,112.95655993955585,1.1813156417724395,28.26428997451876,0.3472222222222222
Chronos2,2025-12-03 00:00:00+00:00,21.03315972222222,True,False,21.897577763310185,27.987613970397508,103.79223413325292,1.0410978689128996,8.075624825454051,1.0
Chronos2,2025-12-04 00:00:00+00:00,24.26384259259259,True,False,21.17844607812387,29.080480306958314,54.654338400398174,0.8728397407502698,6.948923563927781,0.6805555555555556
Chronos2,2025-12-05 00:00:00+00:00,33.67545717592592,True,False,36.19593047530563,50.34784247898602,58.496968044091936,1.0748460009380825,12.89268758614858,0.7777777777777778
Chronos2,2025-12-06 00:00:00+00:00,35.794317129629626,True,False,19.583575922294898,22.65597368725907,64.01448798734779,0.5471141089624004,6.159377514344674,0.8611111111111112
Chronos2,2025-12-07 00:00:00+00:00,22.03747685185185,True,False,23.287250852938055,30.082575329987343,69.00780776403414,1.0567113018195269,7.23992558773653,0.875
Chronos2,2025-12-08 00:00:00+00:00,28.71826388888889,True,False,22.8014641655816,31.956117582504852,56.62253416165968,0.7939708421720958,7.8170604102405505,0.7222222222222222
Chronos2,2025-12-09 00:00:00+00:00,79.52473379629629,True,False,13.331253425810072,16.18735249017024,61.33359810553789,0.16763656776215388,4.473158848903797,0.9444444444444444
Chronos2,2025-12-10 00:00:00+00:00,25.7221875,True,False,20.42693487520571,23.284021242930674,113.75032022609525,0.794136769091109,6.2072218458152095,0.625
Chronos2,2025-12-11 00:00:00+00:00,36.84158564814815,True,False,17.987900010921337,22.30716205586204,87.76438752890043,0.4882498864927521,5.504080002661104,0.875
Chronos2,2025-12-12 00:00:00+00:00,20.148663194444445,True,False,12.863940751817491,15.804989199366279,70.94081400504932,0.6384513269031388,3.852263100294419,0.8888888888888888
Chronos2,2025-12-13 00:00:00+00:00,19.73253472222222,True,False,11.412171085322345,14.532484024995805,58.2464697520145,0.5783428863029079,3.6242297240245485,0.875
Chronos2,2025-12-14 00:00:00+00:00,28.067824074074075,True,False,23.547788863182067,29.672959634820057,74.5714847419085,0.8389602557375614,8.384514401547703,0.5138888888888888
Chronos2,2025-12-15 00:00:00+00:00,88.14015046296295,True,False,91.77131441946383,137.83477083008822,110.9625748796937,1.0411976146787578,39.500570653132456,0.4305555555555556
Chronos2,2025-12-16 00:00:00+00:00,7.9099652777777765,True,False,10.692253075617332,13.872622917430597,72.16487552991997,1.3517446284696222,3.9535081625131916,0.9027777777777778
Chronos2,2025-12-17 00:00:00+00:00,36.782916666666665,True,False,21.881555879734183,33.1766396843544,64.58229654199559,0.5948836542253768,7.29237797267643,0.6388888888888888
Chronos2,2025-12-18 00:00:00+00:00,18.905335648148153,True,False,25.53145175059636,32.164234902379945,117.00608140569638,1.3504892071618555,8.971428074233325,0.4305555555555556
Chronos2,2025-12-19 00:00:00+00:00,23.632916666666667,True,False,19.326081605928916,21.662024081567978,115.71329635885164,0.8177611709344206,5.835707169167789,0.6388888888888888
Chronos2,2025-12-20 00:00:00+00:00,17.76171296296296,True,False,13.330377145519963,19.667661323034732,125.94723905011138,0.750511911397099,4.631637000993446,0.8472222222222222
Chronos2,2025-12-21 00:00:00+00:00,18.17896990740741,True,False,15.195369381904603,17.87254729844302,81.01074181425372,0.8358762602777028,4.504452097636682,0.7361111111111112
Chronos2,2025-12-22 00:00:00+00:00,101.52644675925927,True,False,11.570780624901808,15.161410544127154,91.9608850538981,0.11396814322024469,4.18111408367569,0.875
Chronos2,2025-12-23 00:00:00+00:00,22.481203703703706,True,False,11.437142387849313,16.731820308557698,90.213707904595,0.5087424382870158,3.9957668324017237,0.7916666666666666
Chronos2,2025-12-24 00:00:00+00:00,34.32805555555555,True,False,31.182963499846284,36.06374332299384,109.62419722656307,0.9083812932363926,10.460832678123758,0.4166666666666667
Chronos2,2025-12-25 00:00:00+00:00,12.023530092592592,True,False,10.171512541329419,12.3879201663653,100.38868971353357,0.8459672378244258,3.3140667986354706,0.5694444444444444
Chronos2,2025-12-26 00:00:00+00:00,21.210729166666667,True,False,6.57447529245306,10.115236716341078,55.18145252337816,0.3099598906191804,2.3831968351058017,0.9166666666666666
Chronos2,2025-12-27 00:00:00+00:00,10.18861111111111,True,False,6.877874890698326,9.176012455144878,96.42438573196308,0.6750551979746988,2.213283325889964,0.6527777777777778
Chronos2,2025-12-28 00:00:00+00:00,22.232141203703705,True,False,9.69739531742202,13.341019734938982,93.3772134951272,0.4361880949103772,3.2174329109986624,0.6388888888888888
Chronos2,2025-12-29 00:00:00+00:00,25.714479166666663,True,False,24.57300868389783,32.81375273880485,112.26875920024146,0.9556098151795932,9.462024098914346,0.2638888888888889
Chronos2,2025-12-30 00:00:00+00:00,34.40138888888889,True,False,19.319518825566327,23.632099965464633,53.6007140803594,0.5615912452827225,6.998008204558748,0.9027777777777778
Chronos2,2025-12-31 00:00:00+00:00,21.10957175925926,True,False,8.962184291062531,11.126337185812734,28.248414815791495,0.42455547622047146,4.2304206306698875,1.0
Chronos2,2026-01-01 00:00:00+00:00,17.20872685185185,True,False,10.767036087601273,12.035529758320349,39.161317406623354,0.6256730192938486,3.3369188948913853,0.9027777777777778
Chronos2,2026-01-02 00:00:00+00:00,11.871331018518518,True,False,9.245899140746506,11.082436813191167,120.81253778402792,0.7788426694802372,2.758122898884762,0.7361111111111112
Chronos2,2026-01-03 00:00:00+00:00,11.644849537037036,True,False,8.947967749171786,11.88816120572694,85.43000756142365,0.7684056132037017,2.4782460742820924,0.9583333333333334
Chronos2,2026-01-04 00:00:00+00:00,13.408275462962962,True,False,16.179852351789123,18.386609749237838,98.08337697348435,1.2067064400997694,4.868192973490114,0.6944444444444444
Chronos2,2026-01-05 00:00:00+00:00,24.661863425925926,True,False,6.000948753886752,8.499369327105603,87.12762660154277,0.243329088732939,2.408323226033905,0.8888888888888888
Chronos2,2026-01-06 00:00:00+00:00,23.47164351851852,True,False,6.45171700919116,8.914002742997095,46.467337846055365,0.2748728270391855,2.211112044357959,0.9722222222222222
Chronos2,2026-01-07 00:00:00+00:00,21.52386574074074,True,False,11.195258344897518,15.822919987258008,63.46086569010273,0.5201323256587195,3.5158687811869167,0.6527777777777778
Chronos2,2026-01-08 00:00:00+00:00,18.982453703703705,True,False,17.570177152598344,22.834316699334984,105.65792753954915,0.9256009484785516,6.140618581050707,0.3055555555555556
Chronos2,2026-01-09 00:00:00+00:00,30.61946759259259,True,False,24.833025998848452,30.102195859236925,109.5740402548403,0.8110208292732045,8.93765868395199,0.4444444444444444
Chronos2,2026-01-10 00:00:00+00:00,14.342824074074075,True,False,12.532428800794813,15.74130094577644,130.28112089322866,0.8737769309635672,3.9228428266372206,0.6805555555555556
Chronos2,2026-01-11 00:00:00+00:00,17.911319444444445,True,False,24.209751754601793,27.149503742505278,148.01472905726956,1.3516453564291118,6.499755916227528,0.7916666666666666
Chronos2,2026-01-12 00:00:00+00:00,25.223206018518518,True,False,13.919087111949919,17.52621026814417,67.00301494392808,0.5518365548666068,4.551996434058672,0.75
Chronos2,2026-01-13 00:00:00+00:00,10.350763888888888,True,False,9.108906388724291,11.878035202905457,52.672272833386835,0.8800226231130942,2.9699451722186283,0.9444444444444444
Chronos2,2026-01-14 00:00:00+00:00,20.590601851851854,True,False,18.35976076602936,22.93974364304471,106.95151620645447,0.8916573152220969,6.53961771329244,0.4305555555555556
Chronos2,2026-01-15 00:00:00+00:00,18.313819444444444,True,False,17.731177475187515,21.41725969395959,111.5734161555114,0.9681856659652897,5.894806262107544,0.5694444444444444
Chronos2,2026-01-16 00:00:00+00:00,35.55108796296296,True,False,20.235515968622988,22.663072519093596,147.60669367502706,0.5691954066132744,5.695997198908418,0.5972222222222222
Chronos2,2026-01-17 00:00:00+00:00,11.657141203703702,True,False,8.351203812581522,11.798170792948026,86.7695236798227,0.7164023894579042,3.0201149902373188,0.9305555555555556
Chronos2,2026-01-18 00:00:00+00:00,18.301412037037036,True,False,14.176960400475398,19.84282550267863,94.85465125109923,0.7746375182300208,5.162219257737384,0.7083333333333334
Chronos2,2026-01-19 00:00:00+00:00,21.47127314814815,True,False,13.661392494042715,15.590551156376113,106.73510505117605,0.6362637371236172,4.068254371292798,0.7638888888888888
Chronos2,2026-01-20 00:00:00+00:00,26.999039351851852,True,False,34.98294433849829,45.642508628251086,118.4161384028125,1.295710705947722,12.859011027562767,0.2916666666666667
Chronos2,2026-01-21 00:00:00+00:00,16.780833333333334,True,False,10.825936566723719,13.951048777118045,100.4987413291814,0.645137005515641,3.397632862550241,0.7638888888888888
Chronos2,2026-01-22 00:00:00+00:00,24.95273148148148,True,False,14.197966861636552,17.416654270955398,62.70447403188586,0.5689944955394357,4.184405030777425,0.9166666666666666
Chronos2,2026-01-23 00:00:00+00:00,32.32828703703703,True,False,20.555650939146673,26.305999728748407,80.51674410801171,0.635841017978992,6.489956967845374,0.5694444444444444
Chronos2,2026-01-24 00:00:00+00:00,94.17333333333333,True,False,75.73506075629481,116.6834353473494,73.07041760893786,0.8042091967608822,32.86723120779167,0.5277777777777778
Chronos2,2026-01-25 00:00:00+00:00,118.38245370370367,True,False,132.7985656625253,142.49545665907874,65.97293034888708,1.1217757489205566,37.123757822484144,0.7222222222222222
Chronos2,2026-01-26 00:00:00+00:00,305.5712615740741,True,False,235.20889819109885,330.94853327903047,96.87140516988067,0.7697350103523445,93.5296004902875,0.3888888888888889
Chronos2,2026-01-27 00:00:00+00:00,63.59155092592592,True,False,218.9252548203645,262.5853254636091,128.64988889007302,3.442678337494516,59.47138517697652,0.875
Chronos2,2026-01-28 00:00:00+00:00,201.86112268518522,True,False,134.3731567453455,259.7483690549624,63.12852802646154,0.665671303903866,46.99840949682542,0.8055555555555556
Chronos2,2026-01-29 00:00:00+00:00,24.277118055555558,True,False,31.01195600156431,35.38955590943384,122.73377834217425,1.2774150511027218,10.428014031398442,0.8472222222222222
Chronos2,2026-01-30 00:00:00+00:00,28.19950231481481,True,False,83.4860232558074,109.29844253781735,66.55445673728634,2.9605495275690528,27.525323311370098,0.875
Chronos2,2026-01-31 00:00:00+00:00,84.77512731481481,True,False,11.232573324132849,16.379346744039257,34.7782299932844,0.13249845420367667,5.855814090540378,1.0
Chronos2,2026-02-01 00:00:00+00:00,106.90381944444444,True,False,73.38332588831584,113.19650685583653,72.73374940765736,0.6864425075705695,26.090911514494152,0.7638888888888888
Chronos2,2026-02-02 00:00:00+00:00,305.676875,True,False,51.585890170909735,57.09065776823353,136.07400908902437,0.1687595444402189,18.243881013422833,0.4444444444444444
Chronos2,2026-02-03 00:00:00+00:00,85.57872685185185,True,False,20.32402147363733,22.841257612199588,126.38103319324954,0.2374891777581701,7.459719392752941,0.6666666666666666
Chronos2,2026-02-04 00:00:00+00:00,198.71862268518518,True,False,13.429019459618464,14.760245183384793,95.05913202158493,0.0675780622780032,5.5252358609658705,1.0
Chronos2,2026-02-05 00:00:00+00:00,14.548518518518518,True,False,16.157656459808347,23.967967762575004,104.57303414297448,1.110604934738997,5.731302263589552,0.7222222222222222
Chronos2,2026-02-06 00:00:00+00:00,25.65394675925926,True,False,13.959926445925678,16.743982135643083,69.97397363306685,0.5441629148500174,4.383948953122268,0.9444444444444444
Chronos2,2026-02-07 00:00:00+00:00,23.650266203703705,True,False,23.027711699450457,26.164859503951234,97.39764757172719,0.973676638609854,7.935264245139227,0.4166666666666667
Chronos2,2026-02-08 00:00:00+00:00,99.05208333333333,True,False,10.654235938390096,13.199249135317439,74.19721156720018,0.1075619571022662,3.246895235968225,0.8611111111111112
Chronos2,2026-02-09 00:00:00+00:00,27.02111111111111,True,False,13.638673234162505,17.72199533157242,54.32720408924232,0.504741391946472,4.271371447186411,0.8472222222222222
Chronos2,2026-02-10 00:00:00+00:00,18.865972222222222,True,False,21.71443914272167,26.3121539459482,101.70087734870039,1.150984369474701,7.003429318534003,0.4027777777777778
Chronos2,2026-02-11 00:00:00+00:00,7.56994212962963,True,False,8.57014983707004,11.99167436581076,56.278389416723364,1.1321288446216098,3.19658319234848,1.0
Chronos2,2026-02-12 00:00:00+00:00,15.559560185185186,True,False,7.071869140730963,8.797189510281639,63.811044284088034,0.45450315153922816,2.5392471704659636,0.9722222222222222
Chronos2,2026-02-13 00:00:00+00:00,10.538657407407406,True,False,6.412107250778764,8.2100289608345,28.958246568983153,0.6084368248152583,2.2295353591883624,0.9861111111111112
Chronos2,2026-02-14 00:00:00+00:00,14.306435185185185,True,False,12.648824369642469,16.756806662957153,52.08946658041126,0.8841353003675416,3.7471435080339877,0.875
Chronos2,2026-02-15 00:00:00+00:00,10.642488425925926,True,False,11.320031335088942,12.700338930176422,98.55267631003402,1.0636639554629412,3.3431015263663397,0.7916666666666666
Chronos2,2026-02-16 00:00:00+00:00,28.307430555555555,True,False,15.514421328262046,17.88875608103581,102.2209495883091,0.5480688647390224,4.670749472571008,0.6388888888888888
Chronos2,2026-02-17 00:00:00+00:00,18.25087962962963,True,False,12.797807669286374,13.964559319710661,141.4644238975383,0.701215937477863,3.670912161933051,0.4444444444444444
Chronos2,2026-02-18 00:00:00+00:00,7.208310185185184,True,False,13.902509488088112,16.58108126831925,128.994950102933,1.9286780300688395,4.277510370590068,0.4861111111111111
Chronos2,2026-02-19 00:00:00+00:00,13.319722222222222,True,False,3.725732182573389,6.05693143206068,72.51865643114382,0.279715456554904,1.6538472832868127,0.9722222222222222
Chronos2,2026-02-20 00:00:00+00:00,11.553854166666667,True,False,7.861285381935261,12.450939569876564,33.21233369963498,0.6804037223020682,2.959056720041934,0.8194444444444444
Chronos2,2026-02-21 00:00:00+00:00,15.099421296296295,True,False,13.611537218711995,16.74879490125392,109.08217647271468,0.9014608541355648,4.431635180373251,0.5277777777777778
Chronos2,2026-02-22 00:00:00+00:00,16.93173611111111,True,False,16.70960963425813,20.937012995700236,117.08058997731862,0.9868810572409514,5.512479307239438,0.5972222222222222
Chronos2,2026-02-23 00:00:00+00:00,4.224386574074073,True,False,4.119649827127103,4.914638874329638,54.32049519288594,0.9752066376714288,1.857900940430017,1.0
Chronos2,2026-02-24 00:00:00+00:00,8.345173611111111,True,False,20.191265675403454,23.09178166729904,155.12637898326895,2.4195141546869636,6.689442394353724,0.4305555555555556
Chronos2,2026-02-25 00:00:00+00:00,14.710289351851852,True,False,13.304892103230511,16.642889783595045,147.71725220209524,0.9044616176469419,4.098565556826415,0.7777777777777778
Chronos2,2026-02-26 00:00:00+00:00,19.328344907407406,True,False,9.926999781484957,17.75897009807708,47.510718667154194,0.5135980255443666,3.769677136179842,0.9027777777777778
Chronos2,2026-02-27 00:00:00+00:00,13.101145833333332,True,False,14.499961493368504,18.793878071131545,84.25018097279688,1.1067704823555322,4.884042432558389,0.5555555555555556
Chronos2,2026-02-28 00:00:00+00:00,11.75699074074074,True,False,8.954929523468017,10.844026027746702,87.07542053150227,0.7616685018247976,2.941582922405667,0.5833333333333334
Chronos2,2026-03-01 00:00:00+00:00,10.44976851851852,True,False,5.455844469600255,6.901159513359719,75.4891857077013,0.522101945122679,1.6215217059629936,0.8472222222222222
Chronos2,2026-03-02 00:00:00+00:00,14.42292824074074,True,False,16.0485083133203,18.134154794777874,91.14717239018468,1.1127080468990862,5.729494604887786,0.2222222222222222
Chronos2,2026-03-03 00:00:00+00:00,17.70898148148148,True,False,8.169905842940011,9.989030422242218,82.91303092448534,0.46134250303911556,2.701983215073008,0.7222222222222222
Chronos2,2026-03-04 00:00:00+00:00,23.211018518518514,True,False,6.664412043889364,8.27258957852892,21.99995274475611,0.28712277483955634,2.6648542914861513,0.9583333333333334
Chronos2,2026-03-05 00:00:00+00:00,12.803645833333334,True,False,12.504395838843452,16.79826755948073,70.59541846398399,0.9766277513151131,4.302099476890799,0.6527777777777778
Chronos2,2026-03-06 00:00:00+00:00,14.406371527777777,True,False,16.987196105674464,20.192658669611642,144.25835201563294,1.1791446633817853,5.284897884498408,0.4166666666666667
Chronos2,2026-03-07 00:00:00+00:00,12.830868055555555,True,False,12.343966812557644,16.51087171018415,96.43251154996484,0.9620523536763289,3.830092519418693,0.6666666666666666
Chronos2,2026-03-08 00:00:00+00:00,30.940879629629624,True,False,32.64438220200715,43.47286179082425,122.96556885016865,1.0550566949863383,11.97945962237723,0.4444444444444444
Chronos2,2026-03-09 00:00:00+00:00,16.02903935185185,True,False,10.676342651755723,14.586842731042806,79.55733856487038,0.6660625392077708,3.337619476877613,0.9305555555555556
Chronos2,2026-03-10 00:00:00+00:00,14.835335648148149,True,False,18.126321813618695,22.819027512616284,90.14198518053527,1.2218342910145987,5.397145965688022,0.6805555555555556
Chronos2,2026-03-11 00:00:00+00:00,22.641238425925923,True,False,15.976517365155397,19.92270466532221,110.02974647733446,0.7056379631098748,5.213859343749505,0.625
Chronos2,2026-03-12 00:00:00+00:00,9.274131944444443,True,False,19.811403216609246,22.85514027996219,152.74151165659018,2.136200275700954,5.547299778432021,0.6944444444444444
Chronos2,2026-03-13 00:00:00+00:00,5.599207175925926,True,False,9.166659052371978,12.198030137152815,124.8123392284113,1.6371351808135428,3.196737355111557,0.9305555555555556
Chronos2,2026-03-14 00:00:00+00:00,19.878553240740743,True,False,11.27275217126917,17.01454840243902,86.78224540843502,0.5670811167568203,4.252491018139286,0.9027777777777778
Chronos2,2026-03-15 00:00:00+00:00,37.76217592592593,True,False,11.034789343321766,12.8610754260686,103.99817061075143,0.292218048159289,3.4545362324920696,0.8472222222222222
Chronos2,2026-03-16 00:00:00+00:00,15.232303240740741,True,False,21.801438647376166,30.11304097013916,114.30593277887083,1.4312634342169235,7.268646822564396,0.4861111111111111
Chronos2,2026-03-17 00:00:00+00:00,31.302499999999995,True,False,48.003971951802576,55.59067073338143,131.45028552854373,1.5335507372191546,14.80458225423907,0.4027777777777778
Chronos2,2026-03-18 00:00:00+00:00,18.16048611111111,True,False,10.047994967743202,12.591229351109437,122.37993172004764,0.5532888770854845,3.9625884756629848,1.0
Chronos2,2026-03-19 00:00:00+00:00,11.199664351851851,True,False,16.152077625945765,19.48537197979616,135.44415826619792,1.4421930085141381,5.048207616026019,0.5833333333333334
Chronos2,2026-03-20 00:00:00+00:00,7.619317129629631,True,False,8.93497346136305,10.763386914440343,102.05574715260357,1.1726737855046299,2.6911255505055554,0.8611111111111112
Chronos2,2026-03-21 00:00:00+00:00,14.839513888888892,True,False,10.242364599439831,13.263571315781187,55.1715147090929,0.6902089028070398,3.5760112016436487,0.8472222222222222
Chronos2,2026-03-22 00:00:00+00:00,7.386874999999999,True,False,14.13275431950887,15.926694821629871,133.23474194532196,1.9132250538297821,5.043949966298208,0.1527777777777778
Chronos2,2026-03-23 00:00:00+00:00,11.993553240740741,True,False,19.470917855898538,27.427233466018027,143.87103132436488,1.6234486532112966,5.966960699146177,0.5416666666666666
Chronos2,2026-03-24 00:00:00+00:00,70.64513888888888,True,False,65.80331999063492,152.64258060374803,90.13175635397874,0.9314628157803015,26.115276668263068,0.8055555555555556
Chronos2,2026-03-25 00:00:00+00:00,14.597534722222223,True,False,20.753525623745393,23.0273027685438,120.89068969358969,1.4217144208707884,6.2519593278861345,0.4861111111111111
Chronos2,2026-03-26 00:00:00+00:00,10.433460648148149,True,False,11.300623979568481,13.3156983974692,138.18305692164444,1.083113682091114,3.4576066442477846,0.5138888888888888
Chronos2,2026-03-27 00:00:00+00:00,9.769479166666667,True,False,4.328090291906286,5.276882586260811,82.98878396301474,0.44302160003305735,1.5232863380290844,0.9583333333333334
Chronos2,2026-03-28 00:00:00+00:00,12.610729166666665,True,False,11.779456087218389,14.042445575729486,65.92178806442321,0.9340820765824119,4.129481338071233,0.9305555555555556
Chronos2,2026-03-29 00:00:00+00:00,7.557974537037037,True,False,25.045693689628884,27.063278583977795,144.3352568226257,3.3138102764034425,7.982060315873888,0.5694444444444444
Chronos2,2026-03-30 00:00:00+00:00,18.776840277777776,True,False,5.868437559869554,7.47943977344719,106.10177263791356,0.312535947105797,2.285175427595774,1.0
Chronos2,2026-03-31 00:00:00+00:00,95.03800925925925,True,False,5.353313874491939,7.254188116959235,102.29937278474179,0.05632813561875385,1.869115164662585,0.8472222222222222
Chronos2,2026-04-01 00:00:00+00:00,21.40883101851852,True,False,18.287549960480796,26.360734933780044,111.51836407652532,0.854205908985043,7.2330386801560715,0.5
Chronos2,2026-04-02 00:00:00+00:00,23.352314814814815,True,False,16.838914286339723,21.464060156179148,69.62310527499054,0.7210811613269721,5.555955401482405,0.8194444444444444
Chronos2,2026-04-03 00:00:00+00:00,10.264780092592591,True,False,11.257234792621047,13.864015006160868,116.0539008607034,1.096685432232946,3.7172851151154362,0.7638888888888888
Chronos2,2026-04-04 00:00:00+00:00,25.355775462962963,True,False,12.713505644886581,16.015123085568725,87.78954997048396,0.5014047258565263,4.941620831769189,0.6666666666666666
Chronos2,2026-04-05 00:00:00+00:00,18.179039351851852,True,False,17.81244862962652,19.735756606399345,124.72557235061683,0.9798344282593795,4.966119559627992,0.5833333333333334
Chronos2,2026-04-06 00:00:00+00:00,26.292743055555555,True,False,14.433525296140601,16.68261389402591,105.59350923503341,0.5489547159702248,4.415805260737737,0.6527777777777778
Chronos2,2026-04-07 00:00:00+00:00,16.517430555555556,True,False,17.529302848180137,22.03445963576999,89.63839068459623,1.0612608776662447,5.298515536461347,0.6666666666666666
Chronos2,2026-04-08 00:00:00+00:00,12.081863425925924,True,False,9.686933152587326,12.041714418248235,65.68975544719,0.8017747603238565,2.836790494506742,0.7916666666666666
Chronos2,2026-04-09 00:00:00+00:00,24.245787037037037,True,False,16.011173344541483,21.8394360630334,91.04849272233609,0.6603692971518459,5.295656342476975,0.7777777777777778
Chronos2,2026-04-10 00:00:00+00:00,13.897326388888889,True,False,8.878938461939494,11.895807884406143,92.20228507595327,0.6388954402796737,2.9526570245807555,0.8888888888888888
Chronos2,2026-04-11 00:00:00+00:00,18.45196759259259,True,False,15.320853476877566,20.470202227760474,110.06908150407386,0.8303100143655147,5.019599734956835,0.6527777777777778
Chronos2,2026-04-12 00:00:00+00:00,27.841828703703708,True,False,23.572851809483986,44.57117903450179,89.33276760083706,0.8466703843468503,9.29747117806364,0.5277777777777778
Chronos2,2026-04-13 00:00:00+00:00,28.005555555555556,True,False,15.413237050904165,18.654884200197756,111.95948310146564,0.5503635527004066,4.531584609143526,0.7083333333333334
Chronos2,2026-04-14 00:00:00+00:00,19.171122685185185,True,False,7.557899983812261,8.97845050956818,100.21790708357385,0.39423356200483545,2.694570244521271,0.7083333333333334
Chronos2,2026-04-15 00:00:00+00:00,13.328344907407407,True,False,12.435369825186552,14.605795625946326,86.9355222706104,0.9330018026675936,3.5120941412154543,0.8333333333333334
Chronos2,2026-04-16 00:00:00+00:00,15.951504629629628,True,False,11.980993510043179,17.988973749117505,69.58527221504663,0.7510886144112514,3.9358743793360973,0.875
Chronos2,2026-04-17 00:00:00+00:00,9.495208333333332,True,False,5.670998957510347,7.144884955166017,96.13455363707222,0.5972485024474992,2.0792609582565444,0.8333333333333334
Chronos2,2026-04-18 00:00:00+00:00,15.681099537037035,True,False,8.872197968341686,13.375778392666694,109.32600131732191,0.5657892769181477,3.0052819224492997,0.7222222222222222
Chronos2,2026-04-19 00:00:00+00:00,23.862974537037037,True,False,19.588993035245828,24.402310843859713,89.44908942948557,0.8208948555362331,7.000673659436497,0.7777777777777778
Chronos2,2026-04-20 00:00:00+00:00,42.85164351851852,True,False,32.83717933089645,46.26397713739121,106.02059660550928,0.7662991809568686,11.593324410267819,0.5972222222222222
Chronos2,2026-04-21 00:00:00+00:00,37.88981481481481,True,False,16.99817761350561,21.091615330606448,80.53544991467348,0.44862129035424503,5.817706156983788,0.8194444444444444
Chronos2,2026-04-22 00:00:00+00:00,9.126701388888888,True,False,11.781045791837904,15.373449441620867,71.52260288104617,1.2908328310358101,3.9405767576194095,0.9305555555555556
Chronos2,2026-04-23 00:00:00+00:00,21.557407407407407,True,False,5.588182307172705,7.88819135336364,87.66726744083248,0.2592233009082777,2.1494330056802724,0.9305555555555556
Chronos2,2026-04-24 00:00:00+00:00,19.027233796296297,True,False,20.457736067330398,39.68647022909362,124.43824756409833,1.075181830756321,7.7326507013668255,0.6666666666666666
Chronos2,2026-04-25 00:00:00+00:00,83.94658564814816,True,False,77.64508942568743,160.0750284813656,81.40697887771753,0.9249344547630243,31.154676392784825,0.8055555555555556
Chronos2,2026-04-26 00:00:00+00:00,17.95047453703704,True,False,13.002729389225996,19.96768008268403,45.567712076993566,0.724366888596599,5.8690014806500175,0.9305555555555556
Chronos2,2026-04-27 00:00:00+00:00,38.92916666666666,True,False,20.856878113040217,50.28787664051669,103.64020880280836,0.5357648236251368,7.873489206838019,0.8055555555555556
Chronos2,2026-04-28 00:00:00+00:00,90.53584490740741,True,False,46.87737562674063,112.90773819227243,61.25145207524536,0.5177769719240257,16.79710460174231,0.9583333333333334
Chronos2,2026-04-29 00:00:00+00:00,33.23167824074075,True,False,18.0903363609314,28.208318885541647,39.45867034405294,0.5443702310150965,7.205515821833669,0.8055555555555556
Chronos2,2026-04-30 00:00:00+00:00,39.344965277777774,True,False,16.050115509386416,19.938523306510906,44.774775950270836,0.40793314712750806,5.173144726223415,0.9444444444444444
Chronos2,2026-05-01 00:00:00+00:00,31.06582175925926,True,False,15.669992209540473,19.29383360251484,42.27787121713244,0.5044126091681442,4.82032691584693,0.8194444444444444
Chronos2,2026-05-02 00:00:00+00:00,99.06234953703705,True,False,38.60426925871108,60.17884100610706,101.79349624391232,0.38969668536155466,15.008361345279363,0.25
Chronos2,2026-05-03 00:00:00+00:00,19.312291666666667,True,False,17.02573143358584,18.897485640037605,117.51275139842986,0.8816007818985321,7.403408979604273,0.9722222222222222
Chronos2,2026-05-04 00:00:00+00:00,21.448715277777776,True,False,5.386794280299434,6.76030216901665,110.46849276813724,0.25114764266932543,3.3381056369381183,1.0
Chronos2,2026-05-05 00:00:00+00:00,92.80848379629629,True,False,13.545798505853723,18.247684997958174,117.11424327079716,0.14595431313785018,4.310201962553425,0.5555555555555556
Chronos2,2026-05-06 00:00:00+00:00,17.578645833333333,True,False,9.356722863868432,16.151813613890802,21.86327926907066,0.5322777961727768,3.4974542514777482,0.9305555555555556
Chronos2,2026-05-07 00:00:00+00:00,16.60119212962963,True,False,14.951839984611228,18.95496972592103,44.346434352729844,0.9006485719736562,4.540567885799172,0.6388888888888888
Chronos2,2026-05-08 00:00:00+00:00,13.780983796296296,True,False,15.419008881604233,20.512438360243795,58.70874275156402,1.1188612590741283,4.7670168330934315,0.6805555555555556
Chronos2,2026-05-09 00:00:00+00:00,30.85199074074074,True,False,21.786072773580198,30.30413279480283,58.633820123068624,0.7061480394135865,6.634233168319419,0.625
Chronos2,2026-05-10 00:00:00+00:00,11.629861111111113,True,False,11.844195311511006,13.9483183848278,76.96825922081115,1.0184296440303247,3.824306912275008,0.5833333333333334
Chronos2,2026-05-11 00:00:00+00:00,15.398796296296297,True,False,9.648056536427251,12.064034022353791,52.862254694563006,0.626546150152515,2.77075749485581,0.8611111111111112
Chronos2,2026-05-12 00:00:00+00:00,14.095295138888888,True,False,9.820748241565846,13.24552454767602,61.0077014087334,0.6967394541793186,3.3881449624932842,0.7777777777777778
Chronos2,2026-05-13 00:00:00+00:00,13.792581018518518,True,False,10.043191179522761,12.577115131016527,42.2005176098053,0.7281589403780435,3.1736463432841826,0.7916666666666666
Chronos2,2026-05-14 00:00:00+00:00,18.03478009259259,True,False,14.431628378938747,16.66385779000673,98.0937134392549,0.8002109426810387,4.389208809829053,0.5277777777777778
Chronos2,2026-05-15 00:00:00+00:00,20.409641203703707,True,False,10.659315485777677,13.77389016320543,82.52443205787883,0.5222686366403809,3.1869164439483924,0.8055555555555556
Chronos2,2026-05-16 00:00:00+00:00,22.702152777777776,True,False,6.284419559902615,8.441532741716319,92.38130766629651,0.2768204240989066,2.013046007568453,0.875
Chronos2,2026-05-17 00:00:00+00:00,8.22400462962963,True,False,5.058102963942068,7.1776287858990955,100.8859108059692,0.6150413565817584,1.7003171489268174,0.9166666666666666
Chronos2,2026-05-18 00:00:00+00:00,18.14275462962963,True,False,2.5141770756686177,3.795175800991299,65.07149878383291,0.13857747221927472,1.0033667692137354,0.8888888888888888
Chronos2,2026-05-19 00:00:00+00:00,12.195399305555554,True,False,16.92212688163475,23.29095488545847,117.1195652531221,1.3875828464202855,6.466250782675213,0.4027777777777778
Chronos2,2026-05-20 00:00:00+00:00,9.013935185185185,True,False,12.243608423868814,16.536880805488725,36.92897144956489,1.3582978102606889,4.599772866257914,1.0
Chronos2,2026-05-21 00:00:00+00:00,26.344768518518517,True,False,12.195430099522627,14.961078439864778,39.03173150680413,0.46291657833129557,4.021442765865797,0.7361111111111112
Chronos2,2026-05-22 00:00:00+00:00,13.070474537037036,True,False,16.540962314252496,19.24096329014401,55.297280016065386,1.2655211765557053,6.017632474104563,0.375
Chronos2,2026-05-23 00:00:00+00:00,18.23252314814815,True,False,4.465910578127261,5.4179668836186154,19.13028106711046,0.24494199414088536,1.7431599304116803,1.0
Chronos2,2026-05-24 00:00:00+00:00,14.96025462962963,True,False,4.83989229661447,6.114154589642828,20.850980255844238,0.3235167058606603,1.6699661331706575,0.7916666666666666
Chronos2,2026-05-25 00:00:00+00:00,22.23644675925926,True,False,5.511403584656891,7.11952169264874,21.689715410343563,0.24785450860587438,1.7706782621218835,0.75
Chronos2,2026-05-26 00:00:00+00:00,12.064768518518518,True,False,7.4140244282616505,11.54098747545081,25.123617976491236,0.6145185808481677,2.586914849899433,0.6666666666666666
Chronos2,2026-05-27 00:00:00+00:00,29.80622685185185,True,False,25.74623461652685,40.11179727518611,42.06741001697274,0.8637871121526153,9.674995811250474,0.5555555555555556
Chronos2,2026-05-28 00:00:00+00:00,16.140972222222224,True,False,10.198925972691288,13.202726051427515,32.38917252014371,0.6318656542045111,3.364455492996875,0.8888888888888888
Chronos2,2026-05-29 00:00:00+00:00,9.932488425925925,True,False,21.388228193918863,28.946803603017383,52.87188416035763,2.153360495048854,7.017323172681125,0.5277777777777778
Chronos2,2026-05-30 00:00:00+00:00,10.644780092592592,True,False,14.612856525844999,25.31280972809271,62.038630894459345,1.372772044019367,5.013898900938622,0.7222222222222222
Chronos2,2026-05-31 00:00:00+00:00,6.22925925925926,True,False,9.090812715777645,13.339567137215875,59.965945443510726,1.4593729908198845,2.854378576484727,0.8055555555555556
Chronos2,2026-06-01 00:00:00+00:00,7.080347222222223,True,False,11.72162274678548,14.8670104891793,48.711774391284834,1.655515242246348,3.9618732869183577,0.5416666666666666
Toto,2025-07-01 00:00:00+00:00,25.592407407407407,False,False,21.98434246122837,33.5819355158843,54.08921939250856,0.8590181498464764,6.864086853733032,0.5277777777777778
Toto,2025-07-02 00:00:00+00:00,38.74896990740741,False,False,53.280144248008725,121.46812474506864,63.7146077755258,1.3750080163504805,12.984216705442947,0.8611111111111112
Toto,2025-07-03 00:00:00+00:00,9.429803240740743,False,False,20.798676440561263,47.76871167720301,42.91522292050669,2.2056320698932694,4.849723322321604,1.0
Toto,2025-07-04 00:00:00+00:00,8.454027777777778,False,False,27.811895509294956,53.758597743944705,55.71139627214207,3.289780473918147,6.173712872399051,0.7222222222222222
Toto,2025-07-05 00:00:00+00:00,18.460520833333334,False,False,10.910427904835453,19.717043652271393,33.78721674502632,0.5910140891114504,3.708382105797897,0.7638888888888888
Toto,2025-07-06 00:00:00+00:00,14.629305555555554,False,False,24.06834981902882,74.92218276783117,41.49322095453133,1.6452147866915487,5.647367754545477,0.6388888888888888
Toto,2025-07-07 00:00:00+00:00,13.49300925925926,False,False,18.350181624182948,35.78611695533082,42.99319037485059,1.3599769533686912,5.12469346265734,0.7916666666666666
Toto,2025-07-08 00:00:00+00:00,12.906782407407407,False,False,25.29445718671437,43.41193334033356,51.237213716938534,1.9597802448577333,7.982840142152561,0.7083333333333334
Toto,2025-07-09 00:00:00+00:00,33.95109953703704,False,False,62.796800784358275,152.76970897407128,78.32560155676983,1.84962495002124,12.966465963316551,0.8472222222222222
Toto,2025-07-10 00:00:00+00:00,17.20474537037037,False,False,25.918870168703577,31.596618434746254,89.18457571193463,1.5064954238346635,7.640567149924645,0.5277777777777778
Toto,2025-07-11 00:00:00+00:00,11.368680555555557,False,False,60.37625515994099,343.55236321138017,78.6437944827155,5.310753069795492,13.018173891890013,0.8333333333333334
Toto,2025-07-12 00:00:00+00:00,52.02465277777779,False,False,57.90583481318421,108.89069546436413,77.54479634424497,1.1130460603077499,21.988550557468404,0.5555555555555556
Toto,2025-07-13 00:00:00+00:00,28.16582175925926,False,False,65.18936141190706,105.96967452199534,79.05369173437177,2.3144846249861906,15.75796388168394,0.9583333333333334
Toto,2025-07-14 00:00:00+00:00,8.859305555555556,False,False,25.590152875229162,68.55331401572468,45.66597297259136,2.8885055058499374,6.762431422700115,1.0
Toto,2025-07-15 00:00:00+00:00,24.954976851851853,False,False,35.785434998229704,64.22498623168299,80.60656120559145,1.4339999275765365,8.780063806051091,0.6527777777777778
Toto,2025-07-16 00:00:00+00:00,23.476076388888888,False,False,23.54111216965097,76.00086503057346,63.72057353105595,1.002770300270145,5.654173715941515,0.875
Toto,2025-07-17 00:00:00+00:00,10.92471064814815,False,False,91.61090697412138,568.3343531190528,57.44600689657345,8.385659805978511,16.618653978496834,1.0
Toto,2025-07-18 00:00:00+00:00,8.932384259259258,False,False,11.321275540811044,20.05834600082828,43.64598363653425,1.267441616058498,2.9950678940016178,0.8055555555555556
Toto,2025-07-19 00:00:00+00:00,60.14989583333334,False,False,10.820374675238574,15.880996408255994,52.629138503041105,0.179890164817912,3.199416268660491,0.8194444444444444
Toto,2025-07-20 00:00:00+00:00,38.696168981481485,False,False,6.207718085359643,10.869825947999844,32.779810105016885,0.16042203269089558,2.066714241525825,1.0
Toto,2025-07-21 00:00:00+00:00,10.894560185185188,False,False,9.913004558174698,15.717490349270573,34.09561879437906,0.9099040612630472,2.925333496668825,0.9027777777777778
Toto,2025-07-22 00:00:00+00:00,8.963090277777777,False,False,7.525951631157486,9.940871986436564,53.707019977819215,0.8396603624328772,2.165499566508756,0.8611111111111112
Toto,2025-07-23 00:00:00+00:00,6.148333333333333,False,False,6.885685750290199,10.217635673185915,39.388605023973675,1.1199272025411005,2.129553291529279,0.8472222222222222
Toto,2025-07-24 00:00:00+00:00,8.587928240740741,False,False,10.119339809638483,13.353483415213564,44.974451171230854,1.178321421181979,3.1201504640106434,0.6805555555555556
Toto,2025-07-25 00:00:00+00:00,21.549166666666665,False,False,21.661178132163155,31.72104901881532,56.201627769835895,1.0051979488222973,7.496390419878341,0.4722222222222222
Toto,2025-07-26 00:00:00+00:00,14.584178240740743,False,False,15.584553313431918,27.11314776881852,42.227788541847886,1.0685931737927228,4.225973300389302,0.9583333333333334
Toto,2025-07-27 00:00:00+00:00,7.8231828703703705,False,False,18.7328281183596,33.064416669850935,74.96201609661894,2.3945277042300224,4.864055430142231,0.75
Toto,2025-07-28 00:00:00+00:00,9.630636574074073,False,False,18.04535670134756,24.123130381757907,81.33708662079819,1.8737449557515373,4.656440119393814,0.7638888888888888
Toto,2025-07-29 00:00:00+00:00,15.900150462962964,False,False,13.146232466874299,22.041935412267723,39.4935608455359,0.8267992493213503,4.7191045611018865,0.7916666666666666
Toto,2025-07-30 00:00:00+00:00,23.051689814814814,False,False,32.371552108923595,94.9032367051645,46.74889413443479,1.404302780793064,9.17628162474544,0.8472222222222222
Toto,2025-07-31 00:00:00+00:00,33.38466435185185,False,False,42.14511142801356,88.36153588853195,55.50338546414966,1.2624093201546824,10.556393225021246,0.9583333333333334
Toto,2025-08-01 00:00:00+00:00,24.084745370370374,False,False,23.73744406684681,33.26134945606625,43.282296349022346,0.9855800300902984,7.163190176564233,0.6805555555555556
Toto,2025-08-02 00:00:00+00:00,24.0771875,False,False,24.285061941500064,35.44233265481489,44.63100102438187,1.0086336679273717,6.493984097139335,0.875
Toto,2025-08-03 00:00:00+00:00,11.675173611111111,False,False,15.060970993483506,19.00976736233444,53.87833627601301,1.2899997460551829,4.567114005839382,0.8194444444444444
Toto,2025-08-04 00:00:00+00:00,12.069548611111111,False,False,11.702337634134349,18.87110864364701,32.84782782721172,0.9695754175397486,3.5029985439430136,0.9722222222222222
Toto,2025-08-05 00:00:00+00:00,12.442928240740741,False,False,16.29039149355005,26.3374236463896,51.72376097266789,1.3092088275661602,4.17229875622892,0.9444444444444444
Toto,2025-08-06 00:00:00+00:00,20.331157407407407,False,False,12.8079492256818,27.379130691940663,49.007767931846935,0.6299665567005733,3.151295374839762,0.9027777777777778
Toto,2025-08-07 00:00:00+00:00,29.053194444444443,False,False,20.652400010073627,39.39590015392194,55.527954186429305,0.7108478225884997,5.7222757634474535,0.6111111111111112
Toto,2025-08-08 00:00:00+00:00,34.689097222222216,False,False,14.47236274295383,22.85421357985033,69.62894470974086,0.4172020577601736,4.171386489139663,0.8333333333333334
Toto,2025-08-09 00:00:00+00:00,25.395208333333336,False,False,22.921178413099714,42.49462054979612,70.59286426853349,0.9025788689047197,5.353092807207694,0.8888888888888888
Toto,2025-08-10 00:00:00+00:00,10.928773148148148,False,False,20.805352344159726,32.43025257400052,64.27920940985463,1.9037225919256215,5.308808060345918,0.75
Toto,2025-08-11 00:00:00+00:00,13.578888888888889,False,False,11.54516039300848,20.04760273150995,35.468179725640866,0.8502286518048958,3.1954038043596125,0.9444444444444444
Toto,2025-08-12 00:00:00+00:00,25.48246527777778,False,False,16.29068138069577,25.264803267889,35.72005521762526,0.6392898490438524,5.332311304454451,0.7638888888888888
Toto,2025-08-13 00:00:00+00:00,23.985937500000002,False,False,27.584198606212933,66.0837260474311,49.59182273309452,1.1500154457674598,7.151720506317086,1.0
Toto,2025-08-14 00:00:00+00:00,13.576927083333334,False,False,18.285189012686413,24.13681241257229,49.03766103484681,1.3467840624358078,5.113970222252386,0.625
Toto,2025-08-15 00:00:00+00:00,12.374131944444445,False,False,10.26670541251147,14.004753396195753,30.838980346758316,0.8296909600289872,3.3100918318607184,0.8888888888888888
Toto,2025-08-16 00:00:00+00:00,14.61224537037037,False,False,11.450256605716078,15.694845577928529,42.62341601793131,0.783606921146702,3.2643365127316186,0.8611111111111112
Toto,2025-08-17 00:00:00+00:00,13.685046296296296,False,False,10.919275863325154,14.68422266666499,41.10375165000421,0.7978983502803592,3.4769702528739046,0.6944444444444444
Toto,2025-08-18 00:00:00+00:00,14.104664351851852,False,False,15.831632098312733,26.007514241389426,43.29811007208678,1.1224394784151062,5.1027286060890304,0.7916666666666666
Toto,2025-08-19 00:00:00+00:00,23.564027777777778,False,False,47.76788477751944,82.11207175565447,67.73819839104898,2.0271527952690365,12.668147118495156,0.7916666666666666
Toto,2025-08-20 00:00:00+00:00,12.98171296296296,False,False,28.879149204823705,38.693651696346436,64.59151882089779,2.2246023531113646,7.7069363580257795,0.8194444444444444
Toto,2025-08-21 00:00:00+00:00,29.798315972222227,False,False,27.41764989437881,41.19132757030708,44.85275411086343,0.9201073617696162,9.23129320325675,0.6805555555555556
Toto,2025-08-22 00:00:00+00:00,13.433124999999999,False,False,18.29184974759541,32.679798805369224,39.444271110891854,1.3616972780045904,5.07399540770339,0.9305555555555556
Toto,2025-08-23 00:00:00+00:00,14.15365740740741,False,False,16.355518694630376,23.899654317497642,40.99520916553019,1.155568361155231,4.576656957540982,0.9583333333333334
Toto,2025-08-24 00:00:00+00:00,16.118402777777778,False,False,18.852445157633888,32.788171108212865,38.99893313037212,1.1696224134332651,5.567860265199418,0.7222222222222222
Toto,2025-08-25 00:00:00+00:00,14.469074074074074,False,False,20.88483933854986,38.40846232157727,44.840327358645624,1.4434122896621049,5.627730501639991,0.8333333333333334
Toto,2025-08-26 00:00:00+00:00,29.61265046296296,False,False,18.740304731969484,29.1945367136085,42.995812682714494,0.6328479362361805,5.371513025917022,0.7916666666666666
Toto,2025-08-27 00:00:00+00:00,15.542800925925924,False,False,10.74361047797733,18.8213427585986,23.777536900445597,0.6912274389396971,3.3844475579997635,0.9444444444444444
Toto,2025-08-28 00:00:00+00:00,38.10836805555555,False,False,17.401539111126354,20.6186946790733,58.57279046744117,0.45663301786520627,5.170534170687567,0.5138888888888888
Toto,2025-08-29 00:00:00+00:00,10.51587962962963,False,False,16.96595683580161,24.649392075952996,63.812038325552045,1.613365446671545,5.063395507803796,0.9583333333333334
Toto,2025-08-30 00:00:00+00:00,10.106469907407408,False,False,10.495199237090569,13.002048929453665,31.41832628202633,1.0384634133623893,3.1349348763845577,0.9305555555555556
Toto,2025-08-31 00:00:00+00:00,18.541041666666665,False,False,10.683850313999036,17.355646704469223,31.637354630993798,0.5762270807689628,3.3567779815785683,0.9027777777777778
Toto,2025-09-01 00:00:00+00:00,15.252546296296297,False,False,16.399621830074878,29.634223539469883,43.01070664812035,1.0752055107059153,4.33333782789148,0.8472222222222222
Toto,2025-09-02 00:00:00+00:00,16.35789351851852,False,False,10.097066068472685,14.356620857661165,29.52709213353511,0.6172595546634383,2.944886324376236,0.9583333333333334
Toto,2025-09-03 00:00:00+00:00,12.73765046296296,False,False,12.548362589831704,17.30138922171319,32.08223726125905,0.9851394985533913,4.0465547018397,0.8055555555555556
Toto,2025-09-04 00:00:00+00:00,21.25173611111111,False,False,17.425123616059622,23.998303057421737,57.93688636253369,0.8199388287599332,5.489014833370844,0.6527777777777778
Toto,2025-09-05 00:00:00+00:00,14.96193287037037,False,False,22.97406685087416,37.61470632746325,58.360837326803924,1.5355012651052922,6.039590312365075,0.9861111111111112
Toto,2025-09-06 00:00:00+00:00,12.201678240740742,False,False,11.820823792086706,17.648889166519528,33.67658531326656,0.9687867159631874,3.5904590496310473,0.9027777777777778
Toto,2025-09-07 00:00:00+00:00,6.696481481481481,False,False,10.343268139274032,13.170025789259315,29.038922210815958,1.5445825046895767,3.2133642190326874,0.9861111111111112
Toto,2025-09-08 00:00:00+00:00,11.930543981481483,False,False,14.13557710621092,23.486356028389743,56.39811723659726,1.1848225133868227,4.085914250775988,0.8611111111111112
Toto,2025-09-09 00:00:00+00:00,14.096458333333334,False,False,8.583000091259127,12.896192138312092,49.8024021381424,0.6088763495269764,2.7071610725319224,0.9027777777777778
Toto,2025-09-10 00:00:00+00:00,16.7190625,False,False,16.939294737754047,55.71378884870548,42.29229882587426,1.013172523145604,4.285503235293759,0.9305555555555556
Toto,2025-09-11 00:00:00+00:00,12.884409722222223,False,False,17.690394962639722,44.54438095515703,45.851108046119684,1.3730077934519915,4.643835889301551,0.9305555555555556
Toto,2025-09-12 00:00:00+00:00,11.97099537037037,False,False,10.378842908364756,14.526863582200079,46.17162182795277,0.8669991581530155,3.0522328274184267,0.9722222222222222
Toto,2025-09-13 00:00:00+00:00,17.90605324074074,False,False,10.0104986388595,16.05992892672749,37.739031340175806,0.5590566778882975,3.1295101145473248,0.9166666666666666
Toto,2025-09-14 00:00:00+00:00,14.176145833333333,False,False,22.076649089113427,33.207940681366416,58.27348784827563,1.5573096770211763,5.89940463685327,0.8888888888888888
Toto,2025-09-15 00:00:00+00:00,15.779490740740739,False,False,8.044441924889883,11.149951711597032,28.188429273427957,0.5098036468388746,2.415899371602285,0.8888888888888888
Toto,2025-09-16 00:00:00+00:00,12.501087962962963,False,False,11.625246903101603,17.92142694513142,36.96993496227734,0.9299388131292078,3.180113675130738,0.9166666666666666
Toto,2025-09-17 00:00:00+00:00,12.539756944444443,False,False,8.635388658311633,12.18057588019046,30.68977851866673,0.6886408322401669,2.9887673366658483,0.7222222222222222
Toto,2025-09-18 00:00:00+00:00,14.145231481481481,False,False,16.16765912939001,34.94082287368038,33.19236882553104,1.142975931539631,4.654018984363403,0.75
Toto,2025-09-19 00:00:00+00:00,12.568773148148146,False,False,8.885708602446094,11.803350026342864,25.798762450241075,0.7069670601665122,2.7205361680925626,0.9861111111111112
Toto,2025-09-20 00:00:00+00:00,7.397951388888888,False,False,8.10745488440549,11.63000553953271,24.953379604157696,1.0959054011333755,2.422541784879602,0.9166666666666666
Toto,2025-09-21 00:00:00+00:00,14.009953703703705,False,False,12.523406020932729,23.002257784954338,45.125487352233066,0.8938934621619778,3.485870122404562,0.7638888888888888
Toto,2025-09-22 00:00:00+00:00,6.040694444444445,False,False,7.168747101889717,10.930552757687446,21.61373483445711,1.1867422144622344,2.5967401249973388,0.9444444444444444
Toto,2025-09-23 00:00:00+00:00,9.803368055555556,False,False,10.246668552292718,14.407018405740436,33.95488900198272,1.0452192036680643,3.1501089012917176,0.8194444444444444
Toto,2025-09-24 00:00:00+00:00,20.765775462962964,False,False,18.448472852751056,28.69187265994859,59.87932140498842,0.888407605372361,5.554150961675209,0.8194444444444444
Toto,2025-09-25 00:00:00+00:00,15.485300925925925,False,False,14.618698040909237,19.66703023366228,40.19762824842213,0.9440370652684058,4.298647498227196,0.7361111111111112
Toto,2025-09-26 00:00:00+00:00,12.802858796296297,False,False,17.895651747032446,33.41239745368415,37.33603094654769,1.3977856064623182,4.997363015564135,0.8888888888888888
Toto,2025-09-27 00:00:00+00:00,8.66511574074074,False,False,16.943201136119942,24.811341843468295,51.87085969202754,1.9553346594619805,4.696294197996642,0.8194444444444444
Toto,2025-09-28 00:00:00+00:00,7.170092592592592,False,False,13.357616203979212,25.882752765562813,37.93347691512683,1.8629628601698864,3.7359978920037364,0.9027777777777778
Toto,2025-09-29 00:00:00+00:00,13.71752314814815,False,False,20.998018164104888,38.57549070375022,50.24233738311295,1.5307441392537104,6.800127973180312,0.7361111111111112
Toto,2025-09-30 00:00:00+00:00,12.950011574074075,False,False,14.981808140266825,23.282305148884888,42.482386984147944,1.1568953475115347,4.069222561678401,0.8472222222222222
Toto,2025-10-01 00:00:00+00:00,22.369687499999998,False,False,18.13672859651071,50.48830794957816,49.23330074879645,0.8107725508687018,4.955563961620684,0.7638888888888888
Toto,2025-10-02 00:00:00+00:00,15.714699074074073,False,False,9.283900972797916,12.628239446462329,33.712500670125095,0.5907781580185896,2.8776740946425243,0.8472222222222222
Toto,2025-10-03 00:00:00+00:00,19.23453703703704,False,False,9.253633327881495,13.954577587645877,29.869938014485303,0.4810946741303507,2.96997692114777,0.9027777777777778
Toto,2025-10-04 00:00:00+00:00,12.940219907407405,False,False,13.711261695800003,17.86829506347219,69.84153605742203,1.0595849061229035,4.024569556196162,0.7222222222222222
Toto,2025-10-05 00:00:00+00:00,11.617731481481481,False,False,13.539591515097351,22.340539583496113,93.50189460819236,1.165424724842306,3.6601725867832573,0.7222222222222222
Toto,2025-10-06 00:00:00+00:00,13.979884259259258,False,False,8.825951787145051,15.73572794038528,29.183641218069894,0.6313322502151177,2.8288753800199906,0.9305555555555556
Toto,2025-10-07 00:00:00+00:00,16.990526620370375,False,False,14.43708420717054,21.77076692978482,40.75722605501962,0.8497137569509796,4.096251444387951,0.8472222222222222
Toto,2025-10-08 00:00:00+00:00,15.330381944444444,False,False,13.08738441467285,18.16523666713612,32.703088983598064,0.8536893902643808,4.339337619197221,0.7638888888888888
Toto,2025-10-09 00:00:00+00:00,13.605879629629632,False,False,15.48098724599238,22.138692722321856,40.0068558115254,1.1378159786361266,4.578532323358971,0.9166666666666666
Toto,2025-10-10 00:00:00+00:00,14.625069444444446,False,False,13.425053325670737,22.576254819889957,36.44899660587588,0.9179480054209552,4.721435120618172,0.875
Toto,2025-10-11 00:00:00+00:00,14.75380787037037,False,False,17.63619527208032,22.81602357566043,56.12487110882562,1.1953656592952226,5.010599483327916,0.8194444444444444
Toto,2025-10-12 00:00:00+00:00,16.312592592592594,False,False,21.07138434321792,31.82540747561341,94.42753275711469,1.291725041474171,7.127348707942637,0.6805555555555556
Toto,2025-10-13 00:00:00+00:00,22.042025462962965,False,False,24.492420288545112,43.19658968810858,56.13656125029299,1.1111692221615261,7.118118220831232,0.75
Toto,2025-10-14 00:00:00+00:00,13.35359375,False,False,15.538164407412214,18.233508887187032,55.18446324431472,1.1635942127872667,4.493655438039361,0.8333333333333334
Toto,2025-10-15 00:00:00+00:00,18.150462962962962,False,False,12.677777611767803,22.165780411705775,35.75245437173378,0.6984823272903573,4.04497736065246,0.9861111111111112
Toto,2025-10-16 00:00:00+00:00,25.637511574074075,False,False,25.001672844798478,34.77934224606642,98.51446153727872,0.9751988906006545,7.558605022820426,0.5416666666666666
Toto,2025-10-17 00:00:00+00:00,19.867476851851855,False,False,15.390858399691403,31.425624399854776,63.00202691355915,0.774676045401146,4.145500585212843,0.9861111111111112
Toto,2025-10-18 00:00:00+00:00,13.779050925925926,False,False,17.03206791577516,29.25996279956683,73.02915223445665,1.2360842562624201,4.868831025714078,0.8194444444444444
Toto,2025-10-19 00:00:00+00:00,23.621006944444446,False,False,14.552577961683275,23.30623011883778,83.81632857922416,0.616086265751087,4.055686066330419,0.8333333333333334
Toto,2025-10-20 00:00:00+00:00,40.448182870370374,False,False,29.05855651046391,65.50528499933628,116.811673179588,0.7184143872072497,7.27998319161343,0.5833333333333334
Toto,2025-10-21 00:00:00+00:00,16.331168981481483,False,False,20.98580768364447,37.022961533645635,74.76202819976506,1.285015647529032,6.37307777836229,0.9166666666666666
Toto,2025-10-22 00:00:00+00:00,20.50655092592593,False,False,45.11108373352775,130.73410404515215,89.34887122891404,2.199837695596821,11.4184172905632,0.9583333333333334
Toto,2025-10-23 00:00:00+00:00,18.201620370370367,False,False,47.779481665558286,88.2179205065619,81.47284629366155,2.6250125369792046,11.122752503089744,0.8055555555555556
Toto,2025-10-24 00:00:00+00:00,17.438587962962963,False,False,24.08403032285196,51.62482871797518,44.97175598684275,1.3810768609249187,6.227530507016784,0.8333333333333334
Toto,2025-10-25 00:00:00+00:00,29.684907407407408,False,False,26.18493472646784,31.381742788491287,56.400189240187835,0.8820958868793304,8.57981808775415,0.5416666666666666
Toto,2025-10-26 00:00:00+00:00,27.72028935185185,False,False,24.024224998332837,46.88427513158823,43.35872626429171,0.8666657369046511,6.049266313888409,0.9583333333333334
Toto,2025-10-27 00:00:00+00:00,37.07189814814814,False,False,26.53023265993154,47.90895136424045,53.94262107610697,0.7156426831426436,7.075206696714884,0.9027777777777778
Toto,2025-10-28 00:00:00+00:00,31.069247685185182,False,False,43.23366583400303,63.16242310565521,105.59665169821947,1.3915259961256876,12.926575568870263,0.5416666666666666
Toto,2025-10-29 00:00:00+00:00,42.35157407407408,False,False,36.67365290604256,79.67533870758895,106.64224223253964,0.865933644919533,9.960358549102589,0.6666666666666666
Toto,2025-10-30 00:00:00+00:00,22.793622685185184,False,False,26.92704679379171,38.97390972455531,96.71781309420528,1.1813412534591556,7.508559931138369,0.9444444444444444
Toto,2025-10-31 00:00:00+00:00,27.726145833333334,False,False,24.681928425144267,50.107301750887586,79.51530349727349,0.8902040901577744,6.270174275634833,0.8472222222222222
Toto,2025-11-01 00:00:00+00:00,18.29991898148148,False,False,19.134518129063288,29.00429660551958,63.66204469893354,1.045606712708749,5.549891357381288,0.8333333333333334
Toto,2025-11-02 00:00:00+00:00,21.35304398148148,False,False,35.89158877408063,60.724353248475666,100.13819072394301,1.6808652108433704,9.424520922996747,0.6388888888888888
Toto,2025-11-03 00:00:00+00:00,33.91616898148148,False,False,29.38531804804449,42.23519600113916,110.0076178991948,0.8664102972269399,9.046705258686417,0.5972222222222222
Toto,2025-11-04 00:00:00+00:00,21.33646990740741,False,False,24.33400451351095,27.177164419723066,135.21149246463247,1.1404887790300722,7.243407276342681,0.5555555555555556
Toto,2025-11-05 00:00:00+00:00,27.436886574074077,False,False,14.737829837473454,20.82631228996003,88.05599474703773,0.5371538712194722,4.340691151522376,0.8888888888888888
Toto,2025-11-06 00:00:00+00:00,11.70070601851852,False,False,22.13999411602815,33.89749052407482,70.51457952164897,1.892193007925123,6.198026095840298,0.9027777777777778
Toto,2025-11-07 00:00:00+00:00,32.83537037037038,False,False,20.815708717416832,31.468550148189987,77.91811750356155,0.6339416453240401,6.225719246478107,0.75
Toto,2025-11-08 00:00:00+00:00,25.559421296296293,False,False,42.488537929852804,99.89033164023137,84.02761137076318,1.6623435029027687,10.623244850516755,0.9583333333333334
Toto,2025-11-09 00:00:00+00:00,25.30513888888889,False,False,28.49377648887811,35.457640176161334,138.70835240047313,1.12600751230768,9.374115907336458,0.25
Toto,2025-11-10 00:00:00+00:00,24.95175925925926,False,False,51.23270745347496,117.15503221807228,110.75635260429459,2.0532703494429234,12.020439815135374,0.6666666666666666
Toto,2025-11-11 00:00:00+00:00,6.010625,False,False,18.76379640943474,25.365633944507202,131.16923943953148,3.121771264957428,5.564088136299891,0.6111111111111112
Toto,2025-11-12 00:00:00+00:00,11.540023148148148,False,False,19.589581611338588,45.00318916113741,91.4391124115458,1.697533996236582,5.138793490738033,0.7638888888888888
Toto,2025-11-13 00:00:00+00:00,18.470023148148147,False,False,20.517700910904892,39.50453460309618,75.35024732088597,1.110864926715701,5.552955537166124,0.9166666666666666
Toto,2025-11-14 00:00:00+00:00,26.308391203703703,False,False,25.564078739307547,42.04522862963577,89.42006368466355,0.9717081725509931,6.301389881918598,0.875
Toto,2025-11-15 00:00:00+00:00,36.42067129629629,False,False,19.85303158124288,32.708222901561655,100.10049821303993,0.5451033952595428,4.82644723944274,0.9861111111111112
Toto,2025-11-16 00:00:00+00:00,29.978449074074074,False,False,23.191460121795537,30.889517086604553,84.15777139067708,0.7736044004308397,6.3206539467621,0.5833333333333334
Toto,2025-11-17 00:00:00+00:00,18.24554398148148,False,False,28.951617104742265,130.21274794706468,53.194880811129565,1.5867774144814228,6.516934846789565,0.9166666666666666
Toto,2025-11-18 00:00:00+00:00,54.36366898148148,False,False,40.648899469352145,59.01303299276968,99.06199628330322,0.7477217824131562,15.805275410398792,0.3055555555555556
Toto,2025-11-19 00:00:00+00:00,42.682905092592584,False,False,40.88469439930387,74.23832381189558,60.32700380510022,0.9578704708738116,10.443664610200091,0.8333333333333334
Toto,2025-11-20 00:00:00+00:00,27.63351851851852,False,False,26.15919740782844,38.669125942086026,50.51741342518095,0.9466473619817155,7.719700269367961,0.8055555555555556
Toto,2025-11-21 00:00:00+00:00,15.819236111111113,False,False,31.421367954501395,90.13892558432138,62.17546249261818,1.9862759322766323,7.271553126608286,1.0
Toto,2025-11-22 00:00:00+00:00,40.30236111111111,False,False,28.554925809767514,54.748169247972605,48.569534495828684,0.7085174422174263,7.017423627007017,0.9166666666666666
Toto,2025-11-23 00:00:00+00:00,20.285462962962963,False,False,31.375018126611355,83.70261463878383,65.93489825153934,1.5466749851307615,7.3983262703963275,0.9444444444444444
Toto,2025-11-24 00:00:00+00:00,18.166030092592592,False,False,24.536390559055185,37.09387925350367,66.11045383918355,1.3506743319257288,6.196988889575923,0.8888888888888888
Toto,2025-11-25 00:00:00+00:00,43.79054398148148,False,False,40.27498863944301,65.87974580514744,72.37128783284281,0.9197188474405534,10.250126247394968,0.7638888888888888
Toto,2025-11-26 00:00:00+00:00,39.472071759259265,False,False,29.310543048857124,72.08912039101071,91.80864697179258,0.742564090064047,7.757694261727257,0.8472222222222222
Toto,2025-11-27 00:00:00+00:00,13.770243055555556,False,False,16.681205716486332,25.53111266243379,42.46100705663638,1.2113951546960064,4.8710303268940365,0.9583333333333334
Toto,2025-11-28 00:00:00+00:00,18.528738425925926,False,False,25.582756574065595,28.72411027406508,111.60763449677613,1.3807068773915816,7.331194670572876,0.4305555555555556
Toto,2025-11-29 00:00:00+00:00,46.82982638888889,False,False,28.729700134413108,56.372644193618115,108.56107660572798,0.6134914935586795,6.795417398384507,0.9722222222222222
Toto,2025-11-30 00:00:00+00:00,25.589131944444446,False,False,20.966844521209048,43.04759857726001,78.21598816170072,0.8193652120255324,5.7348192421473385,0.9166666666666666
Toto,2025-12-01 00:00:00+00:00,36.573125000000005,False,False,32.871855054608105,49.84681982843535,55.149999487354094,0.8987980943550243,9.336573054641486,0.75
Toto,2025-12-02 00:00:00+00:00,69.59319444444444,False,False,81.09288596771381,102.07332610640046,103.90416285580659,1.1652416104055903,27.446608698057172,0.4027777777777778
Toto,2025-12-03 00:00:00+00:00,21.03315972222222,False,False,19.38233298744868,32.0280463143736,81.9914267908389,0.9215131365626732,6.114161387100861,1.0
Toto,2025-12-04 00:00:00+00:00,24.26384259259259,False,False,44.626210517706696,97.61323535832337,64.4347445559329,1.839206232376831,10.722344350199927,0.8333333333333334
Toto,2025-12-05 00:00:00+00:00,33.67545717592592,False,False,71.82152613286618,118.9192003342821,85.42426159951302,2.1327557858430595,18.402103072390144,0.9305555555555556
Toto,2025-12-06 00:00:00+00:00,35.794317129629626,False,False,35.74107790531936,58.5172162241668,77.50689455139391,0.9985126347258572,8.752477600211163,0.8888888888888888
Toto,2025-12-07 00:00:00+00:00,22.03747685185185,False,False,64.32773733810141,159.36637028720938,82.58618715542447,2.919015537511312,14.155543009824761,1.0
Toto,2025-12-08 00:00:00+00:00,28.71826388888889,False,False,59.473631306401,243.1973769558517,68.5592907819963,2.0709340765341797,13.533601859273318,0.9722222222222222
Toto,2025-12-09 00:00:00+00:00,79.52473379629629,False,False,30.21198782373358,49.92437152626856,78.91264941771499,0.3799068086304068,7.670980855760246,0.875
Toto,2025-12-10 00:00:00+00:00,25.7221875,False,False,21.483340126408468,24.350934994232887,119.33362091753803,0.8352065751176282,6.019561245348534,0.6666666666666666
Toto,2025-12-11 00:00:00+00:00,36.84158564814815,False,False,22.31978215323554,29.774476822348802,102.56822066972306,0.6058312029888825,5.969772004374865,0.9861111111111112
Toto,2025-12-12 00:00:00+00:00,20.148663194444445,False,False,17.581816659746345,26.561204079948055,73.68832595401594,0.8726046234468869,5.222747632197943,0.7916666666666666
Toto,2025-12-13 00:00:00+00:00,19.73253472222222,False,False,18.846123316574978,33.389315594915956,69.56224913454201,0.9550786851195052,4.980838906007393,0.875
Toto,2025-12-14 00:00:00+00:00,28.067824074074075,False,False,26.515548329328496,37.61351144669667,87.20484250888168,0.9446955438850924,7.543438365706415,0.5555555555555556
Toto,2025-12-15 00:00:00+00:00,88.14015046296295,False,False,109.79890380268847,188.06411507626075,108.63253044603111,1.2457308414605743,39.53659698358104,0.5694444444444444
Toto,2025-12-16 00:00:00+00:00,7.9099652777777765,False,False,74.74458601315817,169.72956066234872,102.27320269746853,9.449420242481379,15.97364640818518,0.9166666666666666
Toto,2025-12-17 00:00:00+00:00,36.782916666666665,False,False,62.29608793987168,208.10730921586548,74.18511393143868,1.6936146881556433,12.95853040598425,0.9027777777777778
Toto,2025-12-18 00:00:00+00:00,18.905335648148153,False,False,67.9735395432843,151.2582110737824,139.18671192482856,3.595468539059901,15.25608006208031,0.6111111111111112
Toto,2025-12-19 00:00:00+00:00,23.632916666666667,False,False,23.88483749067342,31.846042335162295,116.48479223390935,1.010659743253869,6.714932217665108,0.9444444444444444
Toto,2025-12-20 00:00:00+00:00,17.76171296296296,False,False,23.85972293996183,68.80256230802401,102.49764928768097,1.3433233038792232,5.683645709410919,1.0
Toto,2025-12-21 00:00:00+00:00,18.17896990740741,False,False,36.49921115866414,79.84321145006432,89.31828016842971,2.0077711413005725,9.164967037323448,0.6111111111111112
Toto,2025-12-22 00:00:00+00:00,101.52644675925927,False,False,34.63594567594705,91.17919314069685,112.41379588761737,0.341151953816292,8.150848138639589,0.7083333333333334
Toto,2025-12-23 00:00:00+00:00,22.481203703703706,False,False,23.070690385028723,47.627256986247055,109.6639458058164,1.0262213131064641,6.280783134664375,0.7222222222222222
Toto,2025-12-24 00:00:00+00:00,34.32805555555555,False,False,91.73059196494243,302.0681664475961,121.56994229524274,2.672175585840807,19.680228904222172,0.8472222222222222
Toto,2025-12-25 00:00:00+00:00,12.023530092592592,False,False,16.40473888942489,24.8881477616771,99.74470379675763,1.3643862295925433,4.683601165387642,0.5694444444444444
Toto,2025-12-26 00:00:00+00:00,21.210729166666667,False,False,7.752029021989415,13.094198614884444,73.42620919142094,0.3654767811646935,2.347389370260909,0.9305555555555556
Toto,2025-12-27 00:00:00+00:00,10.18861111111111,False,False,15.839446448890701,31.32226723621554,119.38128985121013,1.554622732790058,4.068427730984066,0.6666666666666666
Toto,2025-12-28 00:00:00+00:00,22.232141203703705,False,False,17.748919002391673,42.06851797699182,108.96493994288157,0.7983450104857573,4.733413059101383,0.7222222222222222
Toto,2025-12-29 00:00:00+00:00,25.714479166666663,False,False,28.300527534672508,38.70684946634279,119.49058589804338,1.1005677910582807,10.148130897075559,0.2222222222222222
Toto,2025-12-30 00:00:00+00:00,34.40138888888889,False,False,57.14767680594215,107.22456782761526,94.2064698378115,1.6612026040727663,12.401592894958123,0.9861111111111112
Toto,2025-12-31 00:00:00+00:00,21.10957175925926,False,False,41.07872077553361,132.64610308118233,70.57738557590453,1.945976036084925,8.547804199013585,0.8472222222222222
Toto,2026-01-01 00:00:00+00:00,17.20872685185185,False,False,12.413877645421913,16.524717400569408,48.201097055484574,0.7213710666856242,3.555862313459317,0.9861111111111112
Toto,2026-01-02 00:00:00+00:00,11.871331018518518,False,False,17.168365511143648,25.108711245437448,133.12747962983497,1.44620392476312,4.728020955820418,0.5416666666666666
Toto,2026-01-03 00:00:00+00:00,11.644849537037036,False,False,20.19845090702728,34.642363386586176,93.66517856942089,1.7345394496326534,4.745367869639102,0.9444444444444444
Toto,2026-01-04 00:00:00+00:00,13.408275462962962,False,False,19.305360978621025,24.072243275575218,99.2478372219129,1.4398093947239747,5.5789015194608105,0.5138888888888888
Toto,2026-01-05 00:00:00+00:00,24.661863425925926,False,False,16.6947142485336,35.706149425899774,93.83287835649402,0.6769445584952508,4.382566870708524,0.8888888888888888
Toto,2026-01-06 00:00:00+00:00,23.47164351851852,False,False,16.982245923534588,27.55882448980626,91.03452697082098,0.7235218066487775,4.790841408827238,0.7222222222222222
Toto,2026-01-07 00:00:00+00:00,21.52386574074074,False,False,15.492481754002748,24.606164865719506,75.46914536121403,0.7197815643626839,4.550225153109519,0.875
Toto,2026-01-08 00:00:00+00:00,18.982453703703705,False,False,24.419192867466695,51.4747958912376,110.46419263343945,1.2864086618423949,6.436020476297117,0.5555555555555556
Toto,2026-01-09 00:00:00+00:00,30.61946759259259,False,False,32.44743414979842,47.84752394993597,108.3025315928758,1.059699488623638,9.888379357956396,0.375
Toto,2026-01-10 00:00:00+00:00,14.342824074074075,False,False,18.966676492249526,26.02559643292362,146.27142633209178,1.32238089195652,5.524844011598163,0.4861111111111111
Toto,2026-01-11 00:00:00+00:00,17.911319444444445,False,False,21.45015964092204,30.36394283200617,92.04477754337701,1.1975756284987278,5.662620418259391,0.875
Toto,2026-01-12 00:00:00+00:00,25.223206018518518,False,False,14.673997530732992,19.13050237985874,75.3186853565258,0.5817657565005635,4.6689892736859155,0.7083333333333334
Toto,2026-01-13 00:00:00+00:00,10.350763888888888,False,False,8.802614400193647,12.626403463113387,39.23519840379105,0.8504313782717897,2.9157862218676343,0.9444444444444444
Toto,2026-01-14 00:00:00+00:00,20.590601851851854,False,False,16.96106085518996,23.268846354741633,107.68205345241522,0.8237282706558932,5.276721957354378,0.6111111111111112
Toto,2026-01-15 00:00:00+00:00,18.313819444444444,False,False,16.7397318961968,21.250366678978565,113.25242616360865,0.9140491936691476,5.532610192119063,0.6388888888888888
Toto,2026-01-16 00:00:00+00:00,35.55108796296296,False,False,20.425297148034527,27.142932266799356,135.62158402022075,0.5745336730429615,5.5616216056554775,0.5555555555555556
Toto,2026-01-17 00:00:00+00:00,11.657141203703702,False,False,10.762314228509313,16.4417313413544,91.07072867273105,0.9232378711420185,3.353269840685858,0.9444444444444444
Toto,2026-01-18 00:00:00+00:00,18.301412037037036,False,False,15.721467656139973,22.128443002398743,106.92802179693972,0.8590303100287583,5.25867114521839,0.7361111111111112
Toto,2026-01-19 00:00:00+00:00,21.47127314814815,False,False,15.136285212840196,25.097787195959107,105.03076753020264,0.7049551793413642,4.240114788877559,0.9027777777777778
Toto,2026-01-20 00:00:00+00:00,26.999039351851852,False,False,41.55313765609706,54.20757988945134,131.00952490326185,1.5390598574481111,14.7317103014776,0.25
Toto,2026-01-21 00:00:00+00:00,16.780833333333334,False,False,16.334745740542807,22.573827709524668,103.66578448679032,0.9734168390848373,4.452632810774225,0.9305555555555556
Toto,2026-01-22 00:00:00+00:00,24.95273148148148,False,False,21.33665631400214,28.442850961574024,75.90253919908896,0.8550829928113086,5.465298026486582,0.8194444444444444
Toto,2026-01-23 00:00:00+00:00,32.32828703703703,False,False,21.28494159049458,28.5572749617596,73.3257762288617,0.6583999197393108,6.135032763940592,0.7083333333333334
Toto,2026-01-24 00:00:00+00:00,94.17333333333333,False,False,92.38912778019906,137.25763024414198,99.79435660123615,0.9810540256994096,38.52760936683021,0.5
Toto,2026-01-25 00:00:00+00:00,118.38245370370367,False,False,187.65058155307062,500.7839539966562,73.82220078613852,1.5851215757255406,43.03999939628658,1.0
Toto,2026-01-26 00:00:00+00:00,305.5712615740741,False,False,354.6022597143385,493.68152363139484,123.73017547593885,1.1604568370981403,106.94801158633497,0.4444444444444444
Toto,2026-01-27 00:00:00+00:00,63.59155092592592,False,False,169.1267309731466,296.4491750843293,92.2607541673534,2.6595786470147966,41.483452943149544,0.9583333333333334
Toto,2026-01-28 00:00:00+00:00,201.86112268518522,False,False,262.69910226062495,581.6216580785053,94.3015363906077,1.3013853225730856,73.69824104155288,0.6944444444444444
Toto,2026-01-29 00:00:00+00:00,24.277118055555558,False,False,137.86952152534766,195.445863649568,159.61308953900763,5.678990447294781,33.327855673331165,0.8888888888888888
Toto,2026-01-30 00:00:00+00:00,28.19950231481481,False,False,70.1671164367817,169.8689984949474,61.41848699565718,2.4882395317990738,19.08584178323363,1.0
Toto,2026-01-31 00:00:00+00:00,84.77512731481481,False,False,126.12304047478568,271.53453723790346,93.38060646458872,1.4877363735052174,27.07870484276594,0.9444444444444444
Toto,2026-02-01 00:00:00+00:00,106.90381944444444,False,False,81.28570685068765,133.35169526828128,75.4831293356356,0.7603629811648595,24.604726682289925,0.7777777777777778
Toto,2026-02-02 00:00:00+00:00,305.676875,False,False,43.74902376015981,60.42734347861088,133.4434970080733,0.1431217973559819,10.73072704648898,0.7638888888888888
Toto,2026-02-03 00:00:00+00:00,85.57872685185185,False,False,84.18491184678894,249.45963199930839,140.1702312125177,0.9837130668293792,16.788021936657618,0.875
Toto,2026-02-04 00:00:00+00:00,198.71862268518518,False,False,74.27844773221899,109.21744625459739,138.45758281128295,0.37378704989261474,16.827089537742697,0.9861111111111112
Toto,2026-02-05 00:00:00+00:00,14.548518518518518,False,False,29.22612609878734,64.16570495449089,111.76435946180776,2.0088730039134903,6.9558197712355545,0.875
Toto,2026-02-06 00:00:00+00:00,25.65394675925926,False,False,39.903361677317704,161.67707660439666,59.88077416026333,1.5554472788057616,8.933579329875423,0.9444444444444444
Toto,2026-02-07 00:00:00+00:00,23.650266203703705,False,False,60.151163502799136,192.1482250237041,113.34473583075619,2.5433609492894114,12.979956215427336,0.7222222222222222
Toto,2026-02-08 00:00:00+00:00,99.05208333333333,False,False,25.463905861951687,48.6176451554223,86.40293794521058,0.2570759241505271,6.125583065645195,0.8472222222222222
Toto,2026-02-09 00:00:00+00:00,27.02111111111111,False,False,21.97802646422828,30.369355677194743,84.15648692242674,0.813365015741003,6.643806380336116,0.5416666666666666
Toto,2026-02-10 00:00:00+00:00,18.865972222222222,False,False,21.52230794292909,26.30427378347378,104.3056282947176,1.1408003621238225,7.0354999502734445,0.4444444444444444
Toto,2026-02-11 00:00:00+00:00,7.56994212962963,False,False,14.325961422257953,22.33664805957562,78.23119787662776,1.8924796487128324,4.01752107717068,0.8611111111111112
Toto,2026-02-12 00:00:00+00:00,15.559560185185186,False,False,9.969400842719608,12.878420080646833,53.64012243218439,0.6407251055985395,2.9549453788692204,0.9027777777777778
Toto,2026-02-13 00:00:00+00:00,10.538657407407406,False,False,9.459445767402649,18.331316705747245,29.96190220868617,0.8975949593687141,2.965019083380883,0.9305555555555556
Toto,2026-02-14 00:00:00+00:00,14.306435185185185,False,False,12.373605823715529,18.91259157767921,60.18123991169916,0.8648979052817316,3.285866112040333,0.9166666666666666
Toto,2026-02-15 00:00:00+00:00,10.642488425925926,False,False,13.725211397859233,18.657057496975714,106.53524034735935,1.289661858069167,3.86330407059625,0.6944444444444444
Toto,2026-02-16 00:00:00+00:00,28.307430555555555,False,False,15.184680601998613,21.285033683332973,106.40459981590307,0.5364203074594667,4.152695705238845,0.7222222222222222
Toto,2026-02-17 00:00:00+00:00,18.25087962962963,False,False,14.405122021696084,17.98016586915204,146.61847812307715,0.789283712019551,4.260409706844546,0.5416666666666666
Toto,2026-02-18 00:00:00+00:00,7.208310185185184,False,False,18.48065446799552,22.382169471994914,148.8841849228604,2.5637984483489245,5.122603472557701,0.5138888888888888
Toto,2026-02-19 00:00:00+00:00,13.319722222222222,False,False,8.71647809591972,16.44915620222342,97.71661714896287,0.6544038945029509,2.5124212891146263,0.9444444444444444
Toto,2026-02-20 00:00:00+00:00,11.553854166666667,False,False,15.300515240657107,20.369146621620338,76.64871729077417,1.3242780305120787,4.458149693218968,0.7638888888888888
Toto,2026-02-21 00:00:00+00:00,15.099421296296295,False,False,16.06540471613407,21.19181327855738,113.79943654714242,1.0639748637303548,4.631030748194013,0.5277777777777778
Toto,2026-02-22 00:00:00+00:00,16.93173611111111,False,False,21.502085493431878,34.74971495669157,120.81324185832175,1.2699279833047699,5.989758738792375,0.5555555555555556
Toto,2026-02-23 00:00:00+00:00,4.224386574074073,False,False,9.793303227181788,27.37626469147349,75.80178315266627,2.3182781820407485,2.670467860818277,1.0
Toto,2026-02-24 00:00:00+00:00,8.345173611111111,False,False,16.859664267423838,19.1094554394999,150.8513159041579,2.0202892178271976,6.463562419648299,0.2777777777777778
Toto,2026-02-25 00:00:00+00:00,14.710289351851852,False,False,15.45672146272397,23.15826336637124,142.07067679460752,1.050742177330329,4.449426347107086,0.8194444444444444
Toto,2026-02-26 00:00:00+00:00,19.328344907407406,False,False,12.195545456409453,19.27348472022248,50.40499055060407,0.630966878686836,4.0835788921558835,0.9027777777777778
Toto,2026-02-27 00:00:00+00:00,13.101145833333332,False,False,16.881643377879154,22.997874189319347,90.33681118276895,1.2885623587920896,4.925218685396751,0.8333333333333334
Toto,2026-02-28 00:00:00+00:00,11.75699074074074,False,False,27.073191854070732,64.63590615548767,115.8970783904384,2.302731409003815,6.791961968040759,0.5555555555555556
Toto,2026-03-01 00:00:00+00:00,10.44976851851852,False,False,7.937581056201901,10.290936363266121,79.80741972412764,0.7595939605872939,2.3727993059572245,0.9861111111111112
Toto,2026-03-02 00:00:00+00:00,14.42292824074074,False,False,19.804434584141877,22.063409986851376,112.63222402463767,1.3731216195196676,7.236615685579067,0.18055555555555555
Toto,2026-03-03 00:00:00+00:00,17.70898148148148,False,False,15.593663199422537,40.9007641333395,95.99132589069418,0.8805511042929849,3.8323414821311097,0.9722222222222222
Toto,2026-03-04 00:00:00+00:00,23.211018518518514,False,False,15.161922091179422,22.03511369187505,69.3178875506366,0.6532208864114576,4.086151179528715,0.7361111111111112
Toto,2026-03-05 00:00:00+00:00,12.803645833333334,False,False,12.129753415915701,18.410757318625723,72.5208624426629,0.9473671463433325,3.6267760018201796,0.7777777777777778
Toto,2026-03-06 00:00:00+00:00,14.406371527777777,False,False,12.896389182739787,17.67203874457635,137.458329321181,0.8951864914682712,3.3628623210923902,0.8333333333333334
Toto,2026-03-07 00:00:00+00:00,12.830868055555555,False,False,16.054010687415243,23.185684234421696,105.08304873587919,1.2512022271528325,4.320791909724105,0.7222222222222222
Toto,2026-03-08 00:00:00+00:00,30.940879629629624,False,False,31.502187769192233,43.18574367358062,93.55187553982441,1.0181413116330762,11.156074859062095,0.5277777777777778
Toto,2026-03-09 00:00:00+00:00,16.02903935185185,False,False,46.288718638508406,169.10870106044553,81.16901008406074,2.8878036682317227,9.60189324390649,0.9583333333333334
Toto,2026-03-10 00:00:00+00:00,14.835335648148149,False,False,27.546592379057852,42.61837161904516,109.03255199032544,1.8568229956088935,6.748090100708176,0.75
Toto,2026-03-11 00:00:00+00:00,22.641238425925923,False,False,27.02285837832028,43.689554524752054,107.0575333327326,1.193523864285492,6.999045311338814,0.5833333333333334
Toto,2026-03-12 00:00:00+00:00,9.274131944444443,False,False,23.99697072904695,51.68257317128649,153.3523819509442,2.587516640133856,6.098448154144909,0.6666666666666666
Toto,2026-03-13 00:00:00+00:00,5.599207175925926,False,False,13.123500363026503,16.970391988179745,139.2792694687439,2.3438140348604453,4.345260193949726,0.5138888888888888
Toto,2026-03-14 00:00:00+00:00,19.878553240740743,False,False,34.43402417999727,123.35637566211308,103.51744205559797,1.7322198332535261,7.84350474321272,0.9444444444444444
Toto,2026-03-15 00:00:00+00:00,37.76217592592593,False,False,24.58117236484532,50.51840661348915,118.16159131069422,0.6509469267095097,6.2525641035734685,0.6388888888888888
Toto,2026-03-16 00:00:00+00:00,15.232303240740741,False,False,21.1360548675557,30.12359636807952,120.32705817047882,1.3875810199881409,7.098592274590729,0.5277777777777778
Toto,2026-03-17 00:00:00+00:00,31.302499999999995,False,False,40.47531743094325,56.598438903986356,135.46630870967226,1.2930378541951364,12.033472436301778,0.5555555555555556
Toto,2026-03-18 00:00:00+00:00,18.16048611111111,False,False,22.19716895944542,52.9750757659015,144.8816249715621,1.222278347817163,5.439079287379612,0.8055555555555556
Toto,2026-03-19 00:00:00+00:00,11.199664351851851,False,False,32.62262819323275,86.82648268252134,141.71253626414588,2.9128219532613615,7.3375433166695325,0.9305555555555556
Toto,2026-03-20 00:00:00+00:00,7.619317129629631,False,False,28.566106279779362,59.15189518033811,103.01414816525825,3.7491688288826923,6.440560393874292,0.9861111111111112
Toto,2026-03-21 00:00:00+00:00,14.839513888888892,False,False,19.18019653868689,39.80525720690797,73.4431607427264,1.2925084124924127,4.436379085679504,0.9305555555555556
Toto,2026-03-22 00:00:00+00:00,7.386874999999999,False,False,14.274282854762342,17.375141826021963,132.83973994426006,1.9323845137168754,4.031269460371063,0.4444444444444444
Toto,2026-03-23 00:00:00+00:00,11.993553240740741,False,False,18.545505932979285,29.942748947970973,116.65767209669843,1.5462895407828186,5.174325309728997,0.6666666666666666
Toto,2026-03-24 00:00:00+00:00,70.64513888888888,False,False,84.02522261019105,177.71267229006412,85.50094204998513,1.1893985054279028,31.759350314850423,0.5694444444444444
Toto,2026-03-25 00:00:00+00:00,14.597534722222223,False,False,43.09289818207423,88.80534850307355,134.2341982955886,2.9520668388253766,9.79527378576819,0.8194444444444444
Toto,2026-03-26 00:00:00+00:00,10.433460648148149,False,False,77.77752912413845,375.5019790251546,127.51371740615873,7.454624284986719,15.428513674626736,0.9166666666666666
Toto,2026-03-27 00:00:00+00:00,9.769479166666667,False,False,25.016416108782096,68.65615736976281,105.15844572309534,2.560670398288762,5.727921999950468,0.8055555555555556
Toto,2026-03-28 00:00:00+00:00,12.610729166666665,False,False,30.84018968706054,75.38133863217118,120.27922983298384,2.445551663148784,7.735490983606398,0.5277777777777778
Toto,2026-03-29 00:00:00+00:00,7.557974537037037,False,False,115.36333828546383,473.92860813607166,148.71846438962456,15.26379028139593,22.57776501632399,0.3888888888888889
Toto,2026-03-30 00:00:00+00:00,18.776840277777776,False,False,9.193974784863766,28.498414728271353,93.76028676445797,0.48964440496118794,2.3061822025896404,1.0
Toto,2026-03-31 00:00:00+00:00,95.03800925925925,False,False,13.496215209355233,36.192627408501444,114.98256518850873,0.14200860597298695,3.3131318166501313,0.9027777777777778
Toto,2026-04-01 00:00:00+00:00,21.40883101851852,False,False,17.848679583828414,26.84295161812445,97.9469615641963,0.833706406874313,7.321936403782637,0.5138888888888888
Toto,2026-04-02 00:00:00+00:00,23.352314814814815,False,False,20.892933226603052,40.34570866046445,90.88209407444938,0.8946836059844688,5.336394358295718,0.8194444444444444
Toto,2026-04-03 00:00:00+00:00,10.264780092592591,False,False,16.433781619458287,27.00030717625536,121.43700508544335,1.6009872078328744,4.346206613983269,0.75
Toto,2026-04-04 00:00:00+00:00,25.355775462962963,False,False,25.27226271080198,64.62959565444996,102.52711294106982,0.9967063617406231,7.122319357185451,0.6666666666666666
Toto,2026-04-05 00:00:00+00:00,18.179039351851852,False,False,18.09881574343752,36.08329812909183,109.43710996681138,0.9955870270776349,4.61407194705657,0.7638888888888888
Toto,2026-04-06 00:00:00+00:00,26.292743055555555,False,False,11.654421608784684,14.657113696334136,93.19331630678604,0.44325620891511164,3.4639766918148065,0.7777777777777778
Toto,2026-04-07 00:00:00+00:00,16.517430555555556,False,False,13.145910132698438,16.49387704399628,78.33469900856905,0.7958810596165562,3.680793150473891,0.7916666666666666
Toto,2026-04-08 00:00:00+00:00,12.081863425925924,False,False,9.548717316017246,12.27401888233073,76.21171387254306,0.7903348166911973,2.8773685393929713,0.9027777777777778
Toto,2026-04-09 00:00:00+00:00,24.245787037037037,False,False,21.454996734200805,28.34339648323782,111.20346990244774,0.8848958667098281,7.086325879423522,0.4583333333333333
Toto,2026-04-10 00:00:00+00:00,13.897326388888889,False,False,9.860077226327526,13.880255396650028,92.88655692374488,0.7094945423610975,3.111032477578631,0.9722222222222222
Toto,2026-04-11 00:00:00+00:00,18.45196759259259,False,False,14.762491520932977,22.16428559147709,88.74995215906272,0.8000497208145582,4.08044362421067,0.8472222222222222
Toto,2026-04-12 00:00:00+00:00,27.841828703703708,False,False,27.966767641559798,50.994785262275705,87.54101363615678,1.0044874544407878,9.459174659360706,0.625
Toto,2026-04-13 00:00:00+00:00,28.005555555555556,False,False,33.88306381391155,60.29813853867342,137.11750156765714,1.2098693684792856,7.572718168410392,0.6805555555555556
Toto,2026-04-14 00:00:00+00:00,19.171122685185185,False,False,16.999606610122655,25.46695032777712,134.62213751894055,0.8867298430706613,4.315261784174743,0.7361111111111112
Toto,2026-04-15 00:00:00+00:00,13.328344907407407,False,False,18.957574408937386,30.848030963363733,89.08051763059183,1.4223502273265347,5.756250834093418,0.6666666666666666
Toto,2026-04-16 00:00:00+00:00,15.951504629629628,False,False,22.72997435953882,32.25297851769777,96.86652384630115,1.4249423416345506,6.367343949901145,0.7361111111111112
Toto,2026-04-17 00:00:00+00:00,9.495208333333332,False,False,12.686266465915574,22.089592247430417,113.04424534651265,1.336070365236737,3.1855950978885823,0.8472222222222222
Toto,2026-04-18 00:00:00+00:00,15.681099537037035,False,False,17.329014326339518,22.15930258062982,118.57214703712833,1.1050892372317571,5.222168620357772,0.5694444444444444
Toto,2026-04-19 00:00:00+00:00,23.862974537037037,False,False,23.385533294959203,48.84857418335985,80.47510689386993,0.9799923835422608,6.61602933695011,0.7638888888888888
Toto,2026-04-20 00:00:00+00:00,42.85164351851852,False,False,37.31480837894811,61.116977773596304,94.04994063757528,0.870790600197688,12.798107761626168,0.5833333333333334
Toto,2026-04-21 00:00:00+00:00,37.88981481481481,False,False,21.47737299618622,34.57312972644859,71.320664832194,0.5668376343657564,6.18216909200643,0.8611111111111112
Toto,2026-04-22 00:00:00+00:00,9.126701388888888,False,False,18.974831573609954,29.87805019038024,97.97472803307117,2.0790459515538076,4.955672410955642,0.9027777777777778
Toto,2026-04-23 00:00:00+00:00,21.557407407407407,False,False,31.6697102500995,51.65052650722677,130.13636427961384,1.469087151881602,6.915675419414485,0.8055555555555556
Toto,2026-04-24 00:00:00+00:00,19.027233796296297,False,False,22.848577216951934,45.830404701359406,95.97340453858601,1.2008354688635545,7.925616341693167,0.8055555555555556
Toto,2026-04-25 00:00:00+00:00,83.94658564814816,False,False,129.35708782251234,228.121488459042,125.42138555967472,1.5409451953733622,39.28308466101594,0.8472222222222222
Toto,2026-04-26 00:00:00+00:00,17.95047453703704,False,False,109.43383718066747,251.2362257777207,104.08706110494875,6.096431431652333,21.743396038612996,0.9861111111111112
Toto,2026-04-27 00:00:00+00:00,38.92916666666666,False,False,57.10505019079773,167.58086983457844,136.12612972831764,1.4668962908906624,14.575857901464671,0.75
Toto,2026-04-28 00:00:00+00:00,90.53584490740741,False,False,230.7887482270488,404.4059083252775,124.08016034497138,2.5491422592132484,50.91487565075173,0.9166666666666666
Toto,2026-04-29 00:00:00+00:00,33.23167824074075,False,False,105.8499465228893,275.42865885158966,74.10101085166657,3.185212186880209,21.815651708156974,0.8194444444444444
Toto,2026-04-30 00:00:00+00:00,39.344965277777774,False,False,134.5034177735117,525.6293176694498,59.15980174400277,3.418567453901907,25.119914092915483,0.9861111111111112
Toto,2026-05-01 00:00:00+00:00,31.06582175925926,False,False,68.8233415278682,170.4222318007808,69.54730045075158,2.215403862843422,13.888742416655575,0.8888888888888888
Toto,2026-05-02 00:00:00+00:00,99.06234953703705,False,False,71.78482647313012,139.59193828755258,104.92396826676995,0.7246428820698573,18.291577368472463,0.4583333333333333
Toto,2026-05-03 00:00:00+00:00,19.312291666666667,False,False,42.97301850778085,91.97327375882129,131.02160804807914,2.2251641208356947,10.195033736930538,0.9166666666666666
Toto,2026-05-04 00:00:00+00:00,21.448715277777776,False,False,54.49172050069879,206.74554625037274,129.95931019022024,2.540558713889762,10.396182755717064,0.9027777777777778
Toto,2026-05-05 00:00:00+00:00,92.80848379629629,False,False,28.305376634840613,70.18145497080889,71.41479957808423,0.3049869524532648,6.362606696007475,0.9027777777777778
Toto,2026-05-06 00:00:00+00:00,17.578645833333333,False,False,17.044594271977743,28.55725504888403,46.10599854247626,0.9696193002339862,4.895997283543793,0.9305555555555556
Toto,2026-05-07 00:00:00+00:00,16.60119212962963,False,False,19.014323006735907,32.50245090122485,51.91000279773763,1.1453588909918913,5.093797760186372,0.8333333333333334
Toto,2026-05-08 00:00:00+00:00,13.780983796296296,False,False,20.188903500062445,34.384955474619495,65.5729601716484,1.464982747130746,5.480872847960318,0.8055555555555556
Toto,2026-05-09 00:00:00+00:00,30.85199074074074,False,False,18.983019846457026,29.142129915962336,51.70209375519232,0.615293191482439,5.673524542705466,0.8333333333333334
Toto,2026-05-10 00:00:00+00:00,11.629861111111113,False,False,13.646061747692249,18.883298859132104,86.68241089585457,1.1733641199424873,4.041036865700174,0.5972222222222222
Toto,2026-05-11 00:00:00+00:00,15.398796296296297,False,False,12.967507676151065,21.548137225536763,60.920434716014114,0.842111774624228,3.444281059252788,0.75
Toto,2026-05-12 00:00:00+00:00,14.095295138888888,False,False,14.727273630941356,18.135346388402002,77.73328410371883,1.044836130483628,4.470882850201042,0.6527777777777778
Toto,2026-05-13 00:00:00+00:00,13.792581018518518,False,False,11.904734066791004,25.74637724625663,34.83327421813141,0.8631259117352431,3.612636231307262,0.9583333333333334
Toto,2026-05-14 00:00:00+00:00,18.03478009259259,False,False,16.8741004308727,19.83370838040099,99.92176185813142,0.9356421505690211,5.075063191960783,0.5277777777777778
Toto,2026-05-15 00:00:00+00:00,20.409641203703707,False,False,16.359906856218974,23.18677277113178,103.14357910832538,0.801577386536818,4.310518269868177,0.8888888888888888
Toto,2026-05-16 00:00:00+00:00,22.702152777777776,False,False,9.459579611987705,15.329426798844418,109.4315766621689,0.41668205234030964,2.6929521390968176,0.9583333333333334
Toto,2026-05-17 00:00:00+00:00,8.22400462962963,False,False,10.328130874280577,20.562534389029178,112.67816816384924,1.2558517826060256,2.7287304096880516,1.0
Toto,2026-05-18 00:00:00+00:00,18.14275462962963,False,False,11.678088165667873,31.52359638504809,112.32646665074324,0.6436777878589582,2.9452805601175367,0.9166666666666666
Toto,2026-05-19 00:00:00+00:00,12.195399305555554,False,False,17.576914358243897,25.048589047109733,106.88306230586385,1.4412741983968347,6.095814688867073,0.4444444444444444
Toto,2026-05-20 00:00:00+00:00,9.013935185185185,False,False,16.908026365163145,31.600722145382125,63.64615010419903,1.8757652476747626,4.608438846422934,1.0
Toto,2026-05-21 00:00:00+00:00,26.344768518518517,False,False,15.072599608633254,19.033150162768827,49.11828948231772,0.5721287548242558,4.689772058642113,0.5833333333333334
Toto,2026-05-22 00:00:00+00:00,13.070474537037036,False,False,12.795425274548709,25.09414640407107,49.69535476083158,0.9789564440289497,3.4187609019220155,0.9305555555555556
Toto,2026-05-23 00:00:00+00:00,18.23252314814815,False,False,5.654328258655689,9.931127174459295,25.437821395746198,0.31012319099838853,1.8353038858925856,0.9722222222222222
Toto,2026-05-24 00:00:00+00:00,14.96025462962963,False,False,5.351927786226625,7.498289761464681,23.98535410152861,0.35774309453442255,1.6565540906823708,0.9305555555555556
Toto,2026-05-25 00:00:00+00:00,22.23644675925926,False,False,6.714794074694315,11.363159986471917,25.494164390699915,0.3019724395444733,1.8643818105297327,0.8333333333333334
Toto,2026-05-26 00:00:00+00:00,12.064768518518518,False,False,8.919067550632688,15.368808727678282,32.977961992601905,0.7392655347628582,2.841688774787349,0.75
Toto,2026-05-27 00:00:00+00:00,29.80622685185185,False,False,28.531311604093624,45.88773180677838,53.994607237880075,0.9572265468522724,9.86517496301804,0.625
Toto,2026-05-28 00:00:00+00:00,16.140972222222224,False,False,29.700568563838797,59.358872547172425,61.01850340246483,1.8400730857431424,6.275751405555156,0.8333333333333334
Toto,2026-05-29 00:00:00+00:00,9.932488425925925,False,False,22.79428927509873,45.449519051092594,59.067407334093566,2.294922309257441,5.752955216916255,0.8888888888888888
Toto,2026-05-30 00:00:00+00:00,10.644780092592592,False,False,14.5348604241731,20.35746514629848,94.45997491298796,1.3654448751165378,4.187691857574714,0.9027777777777778
Toto,2026-05-31 00:00:00+00:00,6.22925925925926,False,False,17.49714301846852,30.7326967447031,125.24438957084018,2.808864150654914,5.313515840152876,0.6527777777777778
Toto,2026-06-01 00:00:00+00:00,7.080347222222223,False,False,14.567304888213123,21.44311036773061,56.067596076267776,2.057428037214404,4.346559845427537,0.7083333333333334
Toto2,2025-07-01 00:00:00+00:00,25.592407407407407,False,False,18.653608926843713,27.632065604280996,40.97119768535557,0.7288727719083065,5.680017002099826,0.7916666666666666
Toto2,2025-07-02 00:00:00+00:00,38.74896990740741,False,False,22.143291102162113,37.914624219170555,32.22203386545349,0.5714549613854152,7.426392526862062,0.8055555555555556
Toto2,2025-07-03 00:00:00+00:00,9.429803240740743,False,False,4.2055999211911805,5.318150261814016,12.198658433000126,0.44599020932072136,2.007646803267208,1.0
Toto2,2025-07-04 00:00:00+00:00,8.454027777777778,False,False,8.331637819784659,13.7360199717006,22.796022267923917,0.9855228819670036,2.9047049741980473,0.6944444444444444
Toto2,2025-07-05 00:00:00+00:00,18.460520833333334,False,False,8.225057076701411,14.048101384247524,25.216198380600275,0.44554848430114685,3.0498448480794456,0.7361111111111112
Toto2,2025-07-06 00:00:00+00:00,14.629305555555554,False,False,10.453587659200032,17.54829155196156,27.15438513391726,0.7145648588377613,3.324497810940684,0.6944444444444444
Toto2,2025-07-07 00:00:00+00:00,13.49300925925926,False,False,9.187901364785652,15.23110670406167,23.109767198807223,0.6809378981549776,3.4359229552892985,0.8333333333333334
Toto2,2025-07-08 00:00:00+00:00,12.906782407407407,False,False,18.224580690949054,30.310270196961753,34.443622081163355,1.4120158003508045,6.565505738611576,0.7638888888888888
Toto2,2025-07-09 00:00:00+00:00,33.95109953703704,False,False,10.908413053441931,13.152950820033121,29.238392081188447,0.3212977842305818,4.065768266666082,0.8194444444444444
Toto2,2025-07-10 00:00:00+00:00,17.20474537037037,False,False,17.574868236471108,23.63217171980618,62.659683600296134,1.0215128360305845,6.57439371921398,0.4166666666666667
Toto2,2025-07-11 00:00:00+00:00,11.368680555555557,False,False,17.192634586758086,21.708590789762148,92.42933006896554,1.5122805590976454,5.678128456716185,0.8611111111111112
Toto2,2025-07-12 00:00:00+00:00,52.02465277777779,False,False,49.60918091809309,99.02422722314563,61.05747710835991,0.9535706298703743,19.248721748664057,0.6111111111111112
Toto2,2025-07-13 00:00:00+00:00,28.16582175925926,False,False,17.80747966978285,23.41366180416301,33.75388104652194,0.63223717816537,8.003824035032295,0.8055555555555556
Toto2,2025-07-14 00:00:00+00:00,8.859305555555556,False,False,11.276044170591566,14.921066733505848,29.101088086249916,1.2727909766607501,3.895562065030321,0.9583333333333334
Toto2,2025-07-15 00:00:00+00:00,24.954976851851853,False,False,14.755257550698738,18.156128845841682,59.36585431269028,0.5912751447655133,4.692435278068354,0.6944444444444444
Toto2,2025-07-16 00:00:00+00:00,23.476076388888888,False,False,7.550876393847994,10.23179774215536,53.4902978698915,0.32164132833635634,2.8260509980755084,0.9444444444444444
Toto2,2025-07-17 00:00:00+00:00,10.92471064814815,False,False,10.424644142433449,12.952312404798803,48.38154314378674,0.9542261097963756,2.9785924809656024,0.8888888888888888
Toto2,2025-07-18 00:00:00+00:00,8.932384259259258,False,False,6.6569034050129074,9.224739835726288,32.35410273012407,0.7452549299043422,2.433716941291903,0.8888888888888888
Toto2,2025-07-19 00:00:00+00:00,60.14989583333334,False,False,8.7405706999037,10.927799907192426,50.477929455888116,0.14531314774214335,2.8394621152053645,0.7222222222222222
Toto2,2025-07-20 00:00:00+00:00,38.696168981481485,False,False,4.615212757852342,5.680823543213123,24.930499345827105,0.11926795027334638,1.825980210215957,1.0
Toto2,2025-07-21 00:00:00+00:00,10.894560185185188,False,False,6.816398234720584,10.331133749237855,25.65419160186992,0.6256698865172883,2.2730136123998665,0.7916666666666666
Toto2,2025-07-22 00:00:00+00:00,8.963090277777777,False,False,6.729897508444609,8.47918681217647,49.71636135276414,0.7508456681653726,2.0741223068296173,0.7361111111111112
Toto2,2025-07-23 00:00:00+00:00,6.148333333333333,False,False,6.3154805824491715,8.447402049528499,36.43630229256197,1.0271857819109522,2.1198054445525747,0.7777777777777778
Toto2,2025-07-24 00:00:00+00:00,8.587928240740741,False,False,8.321866848910297,11.100656844574383,35.048763117479545,0.9690191412443037,2.7202559837882903,0.75
Toto2,2025-07-25 00:00:00+00:00,21.549166666666665,False,False,19.709618475525467,27.051243109976888,50.2362597824093,0.9146348339313416,6.619148600395815,0.5416666666666666
Toto2,2025-07-26 00:00:00+00:00,14.584178240740743,False,False,14.264166407761751,16.377322277752018,37.26549266058938,0.9780576027187434,4.881424481221187,0.9583333333333334
Toto2,2025-07-27 00:00:00+00:00,7.8231828703703705,False,False,10.344757807696308,13.43046060541049,55.06441678522064,1.3223208480625175,3.16753363703504,0.8472222222222222
Toto2,2025-07-28 00:00:00+00:00,9.630636574074073,False,False,7.911895899242825,12.798234912796008,38.07702283704481,0.8215340531634074,2.6147099656234554,0.8611111111111112
Toto2,2025-07-29 00:00:00+00:00,15.900150462962964,False,False,10.180059141582912,16.367524407624302,29.821314978759112,0.6402492331941038,3.88020872592926,0.8333333333333334
Toto2,2025-07-30 00:00:00+00:00,23.051689814814814,False,False,14.95771996392144,32.18034512245397,25.56032684697383,0.6488773744607843,6.190920831097496,0.8472222222222222
Toto2,2025-07-31 00:00:00+00:00,33.38466435185185,False,False,21.081953581704038,43.024497346946035,30.836168772222937,0.6314861626139014,6.877824770933316,0.9444444444444444
Toto2,2025-08-01 00:00:00+00:00,24.084745370370374,False,False,18.119774929329203,24.379794786661066,30.828016982794715,0.7523340874353017,5.410358176525729,0.8194444444444444
Toto2,2025-08-02 00:00:00+00:00,24.0771875,False,False,12.072595523551659,15.967308747126037,23.670782696758053,0.5014121987275988,4.296842946711881,0.9166666666666666
Toto2,2025-08-03 00:00:00+00:00,11.675173611111111,False,False,8.873207458566737,11.314723164852868,33.37725710409373,0.76000646792286,3.014638659512555,0.8888888888888888
Toto2,2025-08-04 00:00:00+00:00,12.069548611111111,False,False,9.090383774439495,12.033502849226599,26.70405588980981,0.7531668389048928,2.8896840969132787,0.8333333333333334
Toto2,2025-08-05 00:00:00+00:00,12.442928240740741,False,False,6.045358391161319,7.79134613595975,27.24066372085112,0.4858469223801802,2.2189668832590552,0.6944444444444444
Toto2,2025-08-06 00:00:00+00:00,20.331157407407407,False,False,6.394777991330182,8.81257901419316,33.209015829223596,0.31453093708282065,2.066310888514107,0.8333333333333334
Toto2,2025-08-07 00:00:00+00:00,29.053194444444443,False,False,12.817991920753762,18.186220532866493,41.77037022682862,0.4411904496513918,4.295783650492445,0.7222222222222222
Toto2,2025-08-08 00:00:00+00:00,34.689097222222216,False,False,9.532302954638446,13.966461277654115,52.65442701947691,0.2747924771167567,3.1600923829019805,0.7777777777777778
Toto2,2025-08-09 00:00:00+00:00,25.395208333333336,False,False,10.512652007208931,15.216988953725378,67.45903904513209,0.4139620305225138,3.146349016707621,0.8333333333333334
Toto2,2025-08-10 00:00:00+00:00,10.928773148148148,False,False,12.487556823094685,17.018755579942873,42.643574057785244,1.1426311676357441,4.2678182754987555,0.7083333333333334
Toto2,2025-08-11 00:00:00+00:00,13.578888888888889,False,False,7.187304601669311,9.342197571294983,20.731777337672355,0.5292999052043516,2.42884997194196,0.9861111111111112
Toto2,2025-08-12 00:00:00+00:00,25.48246527777778,False,False,15.934842704137168,24.184885489185234,34.39845223552477,0.6253257889468526,5.5173136832684655,0.7361111111111112
Toto2,2025-08-13 00:00:00+00:00,23.985937500000002,False,False,9.73549857740049,13.795434945483109,18.954490498379062,0.40588359647816513,3.694467239438751,0.9583333333333334
Toto2,2025-08-14 00:00:00+00:00,13.576927083333334,False,False,14.676918316240663,17.89190723826841,37.2864140945701,1.0810191603855372,4.720749993500886,0.5555555555555556
Toto2,2025-08-15 00:00:00+00:00,12.374131944444445,False,False,10.419549510390672,14.360914977256778,30.379345490877707,0.8420428646769592,3.3294103092911804,0.8333333333333334
Toto2,2025-08-16 00:00:00+00:00,14.61224537037037,False,False,9.553963598675198,12.725039436770588,31.139424883026113,0.6538326832403196,2.9873733406008025,0.8055555555555556
Toto2,2025-08-17 00:00:00+00:00,13.685046296296296,False,False,9.315153421649228,12.463444886724709,31.56447144846763,0.680681177101335,2.9567659337432297,0.6666666666666666
Toto2,2025-08-18 00:00:00+00:00,14.104664351851852,False,False,11.566961524928058,21.467353444874387,28.841393989360203,0.8200805943609278,4.179404306647219,0.7777777777777778
Toto2,2025-08-19 00:00:00+00:00,23.564027777777778,False,False,30.190077277289497,37.543540585710694,55.90435058622333,1.2811934174411583,9.155871978100436,0.8333333333333334
Toto2,2025-08-20 00:00:00+00:00,12.98171296296296,False,False,17.351350800549543,20.51180347738583,43.10562017645951,1.3365994803654364,6.087339621355504,0.7222222222222222
Toto2,2025-08-21 00:00:00+00:00,29.798315972222227,False,False,26.072653704042793,37.74208261882419,43.46420347559131,0.8749707107055154,8.883370977625438,0.6805555555555556
Toto2,2025-08-22 00:00:00+00:00,13.433124999999999,False,False,12.14233503235711,16.857064234300314,25.634609891522825,0.9039099265701102,4.408037698180586,0.9305555555555556
Toto2,2025-08-23 00:00:00+00:00,14.15365740740741,False,False,8.610166938923024,10.491266896359777,23.1053756470211,0.608335124348625,3.054354936988265,0.8888888888888888
Toto2,2025-08-24 00:00:00+00:00,16.118402777777778,False,False,15.036723329402783,21.89233101363925,30.214656544947548,0.932891647932617,4.558823175665773,0.7222222222222222
Toto2,2025-08-25 00:00:00+00:00,14.469074074074074,False,False,13.344518745563649,16.56163142742076,32.47888949694416,0.9222786943550575,4.556993108561009,0.7361111111111112
Toto2,2025-08-26 00:00:00+00:00,29.61265046296296,False,False,16.390827432915014,20.37241411473877,41.711819544806396,0.5535076116680369,5.108327343905413,0.5694444444444444
Toto2,2025-08-27 00:00:00+00:00,15.542800925925924,False,False,8.50462606359411,12.595636243217736,18.12570184321211,0.5471746118428438,2.928736927774217,0.9166666666666666
Toto2,2025-08-28 00:00:00+00:00,38.10836805555555,False,False,16.299270098650897,20.494568871271383,51.19650861805967,0.4277084254799187,5.254948454433017,0.4583333333333333
Toto2,2025-08-29 00:00:00+00:00,10.51587962962963,False,False,14.011331816072818,17.205865922545392,54.99897216536939,1.3323975082972968,4.296014647483826,0.7916666666666666
Toto2,2025-08-30 00:00:00+00:00,10.106469907407408,False,False,8.377715086053918,10.32119174413424,24.174472188443186,0.8289457310819852,2.757774553357819,0.9166666666666666
Toto2,2025-08-31 00:00:00+00:00,18.541041666666665,False,False,8.25441184255812,12.605390499702809,22.31013078658387,0.4451967689279299,2.8154863219202304,0.9166666666666666
Toto2,2025-09-01 00:00:00+00:00,15.252546296296297,False,False,8.222093513630055,11.87294514653078,22.262560204995893,0.5390636654305115,2.5411318092581667,0.7222222222222222
Toto2,2025-09-02 00:00:00+00:00,16.35789351851852,False,False,6.635631486751415,8.22199831005288,18.5326784416061,0.4056531777297192,2.2454383840089958,0.9861111111111112
Toto2,2025-09-03 00:00:00+00:00,12.73765046296296,False,False,10.204887111451889,15.204967664191168,21.358879684479533,0.8011592986575081,3.4832050236066174,0.7777777777777778
Toto2,2025-09-04 00:00:00+00:00,21.25173611111111,False,False,15.802128249980784,22.427145599876035,49.64727222939966,0.7435688156187348,5.7447632155006305,0.4861111111111111
Toto2,2025-09-05 00:00:00+00:00,14.96193287037037,False,False,14.989116007486977,21.517831650043913,36.57187262382142,1.0018168198823054,4.661047200509059,0.8055555555555556
Toto2,2025-09-06 00:00:00+00:00,12.201678240740742,False,False,11.685515245508263,15.603189400384071,33.73099469719871,0.9576973769469647,3.5065007020514685,0.8055555555555556
Toto2,2025-09-07 00:00:00+00:00,6.696481481481481,False,False,10.516924338517365,13.300493525029172,29.6567049391361,1.5705149588781775,3.306643495736299,0.6666666666666666
Toto2,2025-09-08 00:00:00+00:00,11.930543981481483,False,False,9.384399956597223,11.933852592114793,45.098194116340984,0.7865860912263205,3.2155553690886793,0.6944444444444444
Toto2,2025-09-09 00:00:00+00:00,14.096458333333334,False,False,6.538458290629916,9.19990934730717,40.212967414746906,0.4638369536530097,2.468001410902282,0.8333333333333334
Toto2,2025-09-10 00:00:00+00:00,16.7190625,False,False,7.885550352379127,10.585039409823908,29.398301873710015,0.4716502706045346,2.675810315373503,0.8888888888888888
Toto2,2025-09-11 00:00:00+00:00,12.884409722222223,False,False,6.571190834398623,10.570566481293612,20.236779100076994,0.5100110114524722,2.4272356648503997,0.9305555555555556
Toto2,2025-09-12 00:00:00+00:00,11.97099537037037,False,False,6.437605821115,8.508053801047138,28.764958221493075,0.5377669627246566,2.100290942663028,0.8888888888888888
Toto2,2025-09-13 00:00:00+00:00,17.90605324074074,False,False,8.374326466807611,13.639586762318856,32.555009525160195,0.46768131168927435,2.9563265398990954,0.8333333333333334
Toto2,2025-09-14 00:00:00+00:00,14.176145833333333,False,False,8.733211335076227,11.638031017916328,26.417113283489158,0.6160497668231681,3.0042529232413684,0.8888888888888888
Toto2,2025-09-15 00:00:00+00:00,15.779490740740739,False,False,6.647000270772862,9.01647839385506,21.444157683600384,0.4212430160126214,2.060975752642125,0.8611111111111112
Toto2,2025-09-16 00:00:00+00:00,12.501087962962963,False,False,8.249055704187462,9.818371542860154,29.471179318157493,0.6598670234644362,2.521467641783349,0.625
Toto2,2025-09-17 00:00:00+00:00,12.539756944444443,False,False,10.513488082532527,14.40059832472193,35.48720147637322,0.8384124292927683,3.5477439034132305,0.5833333333333334
Toto2,2025-09-18 00:00:00+00:00,14.145231481481481,False,False,12.065532519375836,17.532097199234485,29.154910540742744,0.8529752613219285,4.006257695415873,0.75
Toto2,2025-09-19 00:00:00+00:00,12.568773148148146,False,False,8.572500167069611,11.053729079825944,21.615265255451792,0.6820474891244785,2.874876709249284,0.9166666666666666
Toto2,2025-09-20 00:00:00+00:00,7.397951388888888,False,False,5.907809641096327,8.632453977309986,17.918947550619013,0.798573730826262,1.9083685317157224,0.9583333333333334
Toto2,2025-09-21 00:00:00+00:00,14.009953703703705,False,False,7.371258448141593,9.794959326110371,32.39576209185555,0.5261443830605171,2.3851299787745064,0.6805555555555556
Toto2,2025-09-22 00:00:00+00:00,6.040694444444445,False,False,5.244533999407733,9.073088247327265,13.090677389400055,0.868200510328919,1.7576841377034598,0.9583333333333334
Toto2,2025-09-23 00:00:00+00:00,9.803368055555556,False,False,11.280024105707804,15.722100998268045,35.939392269189824,1.1506274212886896,3.811064418186376,0.5277777777777778
Toto2,2025-09-24 00:00:00+00:00,20.765775462962964,False,False,15.99379024858828,27.35328728764255,48.19788461640537,0.7701995178130567,5.317403183513218,0.5972222222222222
Toto2,2025-09-25 00:00:00+00:00,15.485300925925925,False,False,14.469842444172615,18.008355406036454,43.834132192545006,0.9344243623930355,4.27423813978831,0.6666666666666666
Toto2,2025-09-26 00:00:00+00:00,12.802858796296297,False,False,12.321952025095621,20.554446197900475,25.202650254430193,0.9624375478280057,3.979804499414232,0.7916666666666666
Toto2,2025-09-27 00:00:00+00:00,8.66511574074074,False,False,13.318326000460871,21.070858965226122,36.70676172952813,1.5370049747682135,4.568868686799649,0.6388888888888888
Toto2,2025-09-28 00:00:00+00:00,7.170092592592592,False,False,7.994480740935716,12.340539637649224,26.167087386587024,1.1149759417604728,2.702674501736959,0.8611111111111112
Toto2,2025-09-29 00:00:00+00:00,13.71752314814815,False,False,16.47709649792424,23.965258380004023,43.395297406039816,1.201171400986382,5.808284619590382,0.6527777777777778
Toto2,2025-09-30 00:00:00+00:00,12.950011574074075,False,False,9.908953904399166,13.387147128787603,26.09659696768932,0.7651695017969631,3.095566888974037,0.8611111111111112
Toto2,2025-10-01 00:00:00+00:00,22.369687499999998,False,False,8.495004439530549,11.052695405870992,39.95987770266717,0.37975516821728283,3.059015450654206,0.7361111111111112
Toto2,2025-10-02 00:00:00+00:00,15.714699074074073,False,False,8.377756794823542,10.096904982057964,31.197741514145733,0.5331159543898023,2.6122400082482238,0.8472222222222222
Toto2,2025-10-03 00:00:00+00:00,19.23453703703704,False,False,8.300570603123418,10.852521215907107,28.063683334129298,0.43154512048510785,2.7420076183919555,0.875
Toto2,2025-10-04 00:00:00+00:00,12.940219907407405,False,False,12.211838894066988,15.069917689681702,62.422594015627865,0.9437118519969303,3.8030955802069766,0.6666666666666666
Toto2,2025-10-05 00:00:00+00:00,11.617731481481481,False,False,9.654735906035812,12.28064093207281,88.00187725471146,0.8310345200717835,2.9020140256410762,0.7361111111111112
Toto2,2025-10-06 00:00:00+00:00,13.979884259259258,False,False,9.361049221356708,13.622964988141915,39.14528149750029,0.669608492298971,2.9440136725814248,0.8611111111111112
Toto2,2025-10-07 00:00:00+00:00,16.990526620370375,False,False,9.357261452674866,13.230305901339655,24.05818768181013,0.550734045021077,3.136903310145861,0.7638888888888888
Toto2,2025-10-08 00:00:00+00:00,15.330381944444444,False,False,11.123372664981417,15.621035301589233,26.37852141862726,0.7255770081457364,3.782323763900333,0.7083333333333334
Toto2,2025-10-09 00:00:00+00:00,13.605879629629632,False,False,10.741239436114277,13.194922103093564,26.616355601046777,0.7894557153602179,3.4749921923802223,0.8611111111111112
Toto2,2025-10-10 00:00:00+00:00,14.625069444444446,False,False,10.588330447408888,18.73168112131169,23.676527005063964,0.7239849689350382,3.641576079174324,0.875
Toto2,2025-10-11 00:00:00+00:00,14.75380787037037,False,False,11.510179920902958,15.757049965630745,41.196722012204056,0.7801497770632155,4.000988047623339,0.8472222222222222
Toto2,2025-10-12 00:00:00+00:00,16.312592592592594,False,False,15.85825234607414,24.684594373396788,85.2055657405265,0.9721478824448319,5.233388862344954,0.7083333333333334
Toto2,2025-10-13 00:00:00+00:00,22.042025462962965,False,False,17.326305103302005,22.70076050589393,49.05676995509707,0.786057757369678,5.410218254784007,0.8055555555555556
Toto2,2025-10-14 00:00:00+00:00,13.35359375,False,False,13.440494874318441,16.554584849396168,46.60935453673378,1.0065076956769365,4.040347018418489,0.8611111111111112
Toto2,2025-10-15 00:00:00+00:00,18.150462962962962,False,False,6.841462960419831,8.905403747091846,22.849972337521088,0.37693049341938106,2.550748627156387,0.9861111111111112
Toto2,2025-10-16 00:00:00+00:00,25.637511574074075,False,False,18.141321847703722,23.60937751125286,94.65284130043324,0.7076085288265311,5.73101394718076,0.4861111111111111
Toto2,2025-10-17 00:00:00+00:00,19.867476851851855,False,False,8.442487939905236,13.483176046587273,58.12924849618969,0.4249401170998877,2.840643918278776,0.9861111111111112
Toto2,2025-10-18 00:00:00+00:00,13.779050925925926,False,False,10.626779528194001,14.793534064272022,57.17740753527004,0.7712272481843594,3.4809208114647565,0.7777777777777778
Toto2,2025-10-19 00:00:00+00:00,23.621006944444446,False,False,10.06948434441178,15.75164126439968,59.60891719922643,0.42629361094108975,3.49802262056021,0.8472222222222222
Toto2,2025-10-20 00:00:00+00:00,40.448182870370374,False,False,13.383059019335994,17.836493950420472,106.96126249097078,0.3308692274811565,4.531507196602997,0.5833333333333334
Toto2,2025-10-21 00:00:00+00:00,16.331168981481483,False,False,17.049040343849747,33.123421111027014,72.5190359231067,1.0439571327185633,6.3334041569851065,0.8194444444444444
Toto2,2025-10-22 00:00:00+00:00,20.50655092592593,False,False,21.595847808873213,28.758260845502516,70.04234465034521,1.0531194586004278,11.465678993713707,0.9861111111111112
Toto2,2025-10-23 00:00:00+00:00,18.201620370370367,False,False,22.251860971274198,30.271246142215162,60.252048023446136,1.2225208810253532,8.585158632905392,0.6944444444444444
Toto2,2025-10-24 00:00:00+00:00,17.438587962962963,False,False,15.963328038674812,19.929957346736167,58.17333768967049,0.9154025585430776,4.831032291694923,0.8888888888888888
Toto2,2025-10-25 00:00:00+00:00,29.684907407407408,False,False,23.245025476879547,28.374014588726585,52.59223853717826,0.783058715927782,7.458015585357761,0.6527777777777778
Toto2,2025-10-26 00:00:00+00:00,27.72028935185185,False,False,11.778029759724935,16.483468615654136,23.65514257122464,0.4248884133288495,4.019926786187254,0.9861111111111112
Toto2,2025-10-27 00:00:00+00:00,37.07189814814814,False,False,15.989654543841324,26.49298089455486,31.948379004323225,0.4313146977244826,5.373551162378287,0.7777777777777778
Toto2,2025-10-28 00:00:00+00:00,31.069247685185182,False,False,27.827119711769953,36.5142730180681,90.13164358392197,0.895648327044585,9.910430571709151,0.5138888888888888
Toto2,2025-10-29 00:00:00+00:00,42.35157407407408,False,False,20.85534302216989,26.17272819357551,99.37583938039351,0.4924337165294805,7.074478843712512,0.7222222222222222
Toto2,2025-10-30 00:00:00+00:00,22.793622685185184,False,False,19.08135504969844,23.687978505673698,85.01492935338302,0.8371356898041684,5.802645706482875,0.9166666666666666
Toto2,2025-10-31 00:00:00+00:00,27.726145833333334,False,False,15.637303839436287,18.865156563842852,64.46391819603267,0.5639912569685966,4.558993954393599,0.7361111111111112
Toto2,2025-11-01 00:00:00+00:00,18.29991898148148,False,False,16.89113515023832,21.465833356567533,63.973239425113704,0.923016936158637,5.366990245683694,0.6388888888888888
Toto2,2025-11-02 00:00:00+00:00,21.35304398148148,False,False,23.699967755211723,27.508370628018103,93.76194633866616,1.109910501554983,7.0389216072765395,0.5694444444444444
Toto2,2025-11-03 00:00:00+00:00,33.91616898148148,False,False,22.384400803424697,29.064685730166325,99.23421818263365,0.6599920178380633,8.150766156131839,0.6388888888888888
Toto2,2025-11-04 00:00:00+00:00,21.33646990740741,False,False,21.214221209420096,23.803355485124822,128.15329584905456,0.9942704346821274,6.106973308133489,0.7638888888888888
Toto2,2025-11-05 00:00:00+00:00,27.436886574074077,False,False,14.644034438486452,23.50507321607094,92.65973975896736,0.5337352836645843,4.4628928867975866,0.875
Toto2,2025-11-06 00:00:00+00:00,11.70070601851852,False,False,15.240998333648399,19.7759040502475,66.77216141604939,1.3025708285916007,4.568630416187239,0.9166666666666666
Toto2,2025-11-07 00:00:00+00:00,32.83537037037038,False,False,16.471927701632183,27.285127240465737,69.25608934089408,0.5016519538484007,5.409451423397772,0.7638888888888888
Toto2,2025-11-08 00:00:00+00:00,25.559421296296293,False,False,14.779538926725037,27.056064908584656,52.55670019204571,0.5782423144637737,5.719274201540299,0.9027777777777778
Toto2,2025-11-09 00:00:00+00:00,25.30513888888889,False,False,25.499938009579974,32.366018711178526,142.1772787066229,1.0076980063830678,8.399993057486451,0.3472222222222222
Toto2,2025-11-10 00:00:00+00:00,24.95175925925926,False,False,24.2891942080745,32.263753620613194,120.67384556264851,0.9734461588739923,7.295797141216418,0.625
Toto2,2025-11-11 00:00:00+00:00,6.010625,False,False,12.337156756542347,15.605274533475848,114.65919897671348,2.0525580545354845,3.785223602188958,0.8611111111111112
Toto2,2025-11-12 00:00:00+00:00,11.540023148148148,False,False,12.687059887603475,17.870373469483418,82.5927610836759,1.0993963984933075,4.040501059779414,0.875
Toto2,2025-11-13 00:00:00+00:00,18.470023148148147,False,False,11.36219971515514,13.73463921172922,74.6603302060643,0.6151697604284998,3.5151992551485693,0.9305555555555556
Toto2,2025-11-14 00:00:00+00:00,26.308391203703703,False,False,11.034464119098805,13.435086145101161,71.10919544828079,0.4194275519798934,3.7339626022621437,0.9444444444444444
Toto2,2025-11-15 00:00:00+00:00,36.42067129629629,False,False,7.4389642434650005,9.062335213870947,82.17022772786883,0.20425115679351818,2.568194158783665,0.9583333333333334
Toto2,2025-11-16 00:00:00+00:00,29.978449074074074,False,False,20.556325715647805,25.25964601936437,84.24439442903052,0.6857034419911102,6.075812503923605,0.6805555555555556
Toto2,2025-11-17 00:00:00+00:00,18.24554398148148,False,False,9.409037774227283,12.221152076873118,40.471824174066064,0.5156896272195058,3.5328481630925777,0.9305555555555556
Toto2,2025-11-18 00:00:00+00:00,54.36366898148148,False,False,37.69792580083564,56.44514404402674,88.15855316595588,0.6934396906448149,13.714774846368364,0.4861111111111111
Toto2,2025-11-19 00:00:00+00:00,42.682905092592584,False,False,22.936635876761542,30.814401197632783,39.964874460536386,0.5373728856319596,7.73808156705197,0.9027777777777778
Toto2,2025-11-20 00:00:00+00:00,27.63351851851852,False,False,20.649279857211646,26.39460687505246,43.04693374782048,0.747254818215552,7.397748364519189,0.6944444444444444
Toto2,2025-11-21 00:00:00+00:00,15.819236111111113,False,False,9.731861447228326,14.002655452100619,39.169327555426,0.6151916172736598,3.6542282976927574,1.0
Toto2,2025-11-22 00:00:00+00:00,40.30236111111111,False,False,19.378057969764427,22.95486015318079,43.39394259331387,0.4808169406338334,5.598019727895289,0.8333333333333334
Toto2,2025-11-23 00:00:00+00:00,20.285462962962963,False,False,19.074665244773584,21.285860669694795,56.525122737680334,0.9403120490569998,5.729241225984361,0.4305555555555556
Toto2,2025-11-24 00:00:00+00:00,18.166030092592592,False,False,20.61901748975118,23.487119597739127,68.60153354225785,1.1350315608118926,5.803737749111505,0.6111111111111112
Toto2,2025-11-25 00:00:00+00:00,43.79054398148148,False,False,25.305801543129817,31.945657421296392,55.52390941724021,0.5778827856952714,7.599039213510207,0.7083333333333334
Toto2,2025-11-26 00:00:00+00:00,39.472071759259265,False,False,16.199865855111014,20.630571460433185,72.97362986552959,0.4104133665421524,5.845972605516881,0.75
Toto2,2025-11-27 00:00:00+00:00,13.770243055555556,False,False,11.528417409261069,15.115187269128544,28.384388111723414,0.8371978158083397,4.025732214656877,0.9166666666666666
Toto2,2025-11-28 00:00:00+00:00,18.528738425925926,False,False,18.197852264333658,21.081443881556826,100.93774274697044,0.9821420026563016,5.689499997386226,0.5416666666666666
Toto2,2025-11-29 00:00:00+00:00,46.82982638888889,False,False,5.585088894808734,8.260614551543362,59.231111808806446,0.11926349776376458,2.805151831338435,1.0
Toto2,2025-11-30 00:00:00+00:00,25.589131944444446,False,False,20.65235713534885,28.64967515206354,90.33175126668547,0.8070753310501648,6.102833572346487,0.8472222222222222
Toto2,2025-12-01 00:00:00+00:00,36.573125000000005,False,False,25.43806819421274,31.693409474704506,40.58901840774227,0.6955399133711636,7.557235001075416,0.7638888888888888
Toto2,2025-12-02 00:00:00+00:00,69.59319444444444,False,False,83.40922462392737,100.14188796167026,114.46183996708984,1.198525592764852,29.96015592162992,0.2222222222222222
Toto2,2025-12-03 00:00:00+00:00,21.03315972222222,False,False,22.95884721508732,28.764410043551152,101.79260401723313,1.091554836187097,7.888781661398615,1.0
Toto2,2025-12-04 00:00:00+00:00,24.26384259259259,False,False,22.62776943065502,31.684654241044157,63.21418125939551,0.9325715555689832,8.182878050450926,0.6805555555555556
Toto2,2025-12-05 00:00:00+00:00,33.67545717592592,False,False,36.163001757021306,48.56818910266321,60.73281032456565,1.0738681755113244,13.05430524137285,0.875
Toto2,2025-12-06 00:00:00+00:00,35.794317129629626,False,False,23.708625982072622,29.644957210787933,62.05877934858175,0.6623572645962625,7.323743001973188,0.7638888888888888
Toto2,2025-12-07 00:00:00+00:00,22.03747685185185,False,False,21.871491898783933,27.043147131326457,60.024832930163775,0.9924680600150481,7.226769682389718,0.875
Toto2,2025-12-08 00:00:00+00:00,28.71826388888889,False,False,21.13806413933083,24.583454713836378,58.37602502494366,0.7360495126416453,6.960661464031831,0.9305555555555556
Toto2,2025-12-09 00:00:00+00:00,79.52473379629629,False,False,19.083512878771185,21.774115322649013,70.8648539386422,0.23996952857024165,5.956466063393488,0.875
Toto2,2025-12-10 00:00:00+00:00,25.7221875,False,False,17.229237937750643,21.036381932762083,112.08111323537462,0.6698200896696924,5.246832583951361,0.7222222222222222
Toto2,2025-12-11 00:00:00+00:00,36.84158564814815,False,False,12.69126980746234,17.217093441779753,82.68290490275861,0.3444821818655971,4.178087628623586,0.9444444444444444
Toto2,2025-12-12 00:00:00+00:00,20.148663194444445,False,False,13.105554997832687,16.079948360365634,72.59460367831161,0.6504429038967835,3.9434454467267166,0.8055555555555556
Toto2,2025-12-13 00:00:00+00:00,19.73253472222222,False,False,10.621159040133158,14.574107333200976,54.479371352432615,0.5382561941305954,3.728419445237995,0.9027777777777778
Toto2,2025-12-14 00:00:00+00:00,28.067824074074075,False,False,25.28059385370325,32.12019389980189,95.59042001236058,0.9006966050159423,7.838277169539604,0.5833333333333334
Toto2,2025-12-15 00:00:00+00:00,88.14015046296295,False,False,85.04665485646989,129.26520122940175,105.34546105387336,0.9649025377169855,34.827182455268904,0.5138888888888888
Toto2,2025-12-16 00:00:00+00:00,7.9099652777777765,False,False,13.469768183584566,17.617285630478822,64.67325034275842,1.7028858800969047,5.404017215996611,0.7222222222222222
Toto2,2025-12-17 00:00:00+00:00,36.782916666666665,False,False,23.026812040276,34.89069924004645,72.05416191179374,0.6260191993187779,6.719199903629445,0.7361111111111112
Toto2,2025-12-18 00:00:00+00:00,18.905335648148153,False,False,24.41889620074519,29.690222830556415,122.54187230718013,1.2916404477133476,8.169783656037884,0.3611111111111111
Toto2,2025-12-19 00:00:00+00:00,23.632916666666667,False,False,21.479808923756636,25.683168875562473,114.59707358680366,0.9088936937713276,7.171981864711384,0.6111111111111112
Toto2,2025-12-20 00:00:00+00:00,17.76171296296296,False,False,10.41568162229326,16.79539572421225,89.61472288486408,0.5864120000144256,3.6723437565933033,0.8611111111111112
Toto2,2025-12-21 00:00:00+00:00,18.17896990740741,False,False,17.66095910584485,21.366098278012256,78.68516233396026,0.9715049420181125,5.4090540999689205,0.7916666666666666
Toto2,2025-12-22 00:00:00+00:00,101.52644675925927,False,False,15.403139924296624,17.811680415753752,103.2391803709795,0.151715542264773,4.599827733716847,0.8333333333333334
Toto2,2025-12-23 00:00:00+00:00,22.481203703703706,False,False,13.635439476260434,20.936671308473475,106.4586073254648,0.6065262187902349,4.526297172087211,0.8194444444444444
Toto2,2025-12-24 00:00:00+00:00,34.32805555555555,False,False,31.09723024721499,37.91122256285238,110.10930822966935,0.9058838242931679,11.130422005300169,0.6944444444444444
Toto2,2025-12-25 00:00:00+00:00,12.023530092592592,False,False,9.468901323256668,11.603096956898959,97.48229072384595,0.7875308873797581,3.127006972800066,0.8333333333333334
Toto2,2025-12-26 00:00:00+00:00,21.210729166666667,False,False,7.165431396343091,10.984579531928693,66.62600689782371,0.3378210781930021,2.4201771760649153,0.9027777777777778
Toto2,2025-12-27 00:00:00+00:00,10.18861111111111,False,False,8.01660691883829,11.373598794288757,93.3393161377218,0.7868203851745644,2.735655682212041,0.5972222222222222
Toto2,2025-12-28 00:00:00+00:00,22.232141203703705,False,False,7.762927630124269,10.287284108994974,86.48213437788924,0.3491758872434214,2.425974200022073,0.75
Toto2,2025-12-29 00:00:00+00:00,25.714479166666663,False,False,24.378585989033734,31.446872345391977,118.92730372187248,0.9480489894827568,9.849918189836137,0.1527777777777778
Toto2,2025-12-30 00:00:00+00:00,34.40138888888889,False,False,24.621264586272062,33.741437556751436,57.68882956042511,0.7157055392674668,7.648741038456374,0.9305555555555556
Toto2,2025-12-31 00:00:00+00:00,21.10957175925926,False,False,15.37684329341959,18.072597666362995,61.55829266944407,0.7284299022634065,4.431672969394259,0.9722222222222222
Toto2,2026-01-01 00:00:00+00:00,17.20872685185185,False,False,9.607801997573286,10.507234855509248,36.73472063847149,0.5583098668649843,3.523551285443482,0.9583333333333334
Toto2,2026-01-02 00:00:00+00:00,11.871331018518518,False,False,11.200665261303937,12.577948135279371,121.90060932282216,0.9435054286525761,3.2815339417810794,0.5833333333333334
Toto2,2026-01-03 00:00:00+00:00,11.644849537037036,False,False,6.808392295307582,9.76168204908501,57.54516885318597,0.584669838253654,2.3342583259829763,0.9444444444444444
Toto2,2026-01-04 00:00:00+00:00,13.408275462962962,False,False,13.84955637048792,16.496070883302043,92.12770196725198,1.032911086048604,4.3290866301089155,0.8888888888888888
Toto2,2026-01-05 00:00:00+00:00,24.661863425925926,False,False,8.324320824941,10.47133670940674,91.94946632131065,0.3375381933301118,3.0018754699789443,0.8055555555555556
Toto2,2026-01-06 00:00:00+00:00,23.47164351851852,False,False,11.430334369694746,15.802998473220219,81.39988411508594,0.48698483174714663,3.3550340813766293,0.8333333333333334
Toto2,2026-01-07 00:00:00+00:00,21.52386574074074,False,False,11.871679046772146,16.09560324054372,64.4715270252064,0.5515588691069202,3.6656667862556596,0.8611111111111112
Toto2,2026-01-08 00:00:00+00:00,18.982453703703705,False,False,12.417247513400184,15.363307279441019,104.39018439165721,0.6541434372616134,4.254346946831102,0.625
Toto2,2026-01-09 00:00:00+00:00,30.61946759259259,False,False,26.079661323935895,30.656155875678472,109.43740520377254,0.851734643820033,9.806145931703073,0.2916666666666667
Toto2,2026-01-10 00:00:00+00:00,14.342824074074075,False,False,12.053938831929807,15.417283995637504,139.53974351612095,0.8404159996439173,4.300798262225257,0.625
Toto2,2026-01-11 00:00:00+00:00,17.911319444444445,False,False,14.689517705308068,19.433778424672003,71.84558561541992,0.8201248239065,4.409472024786619,0.9305555555555556
Toto2,2026-01-12 00:00:00+00:00,25.223206018518518,False,False,15.706022240320841,19.678950658776035,70.95758491439769,0.6226814398133886,4.617193345817518,0.8055555555555556
Toto2,2026-01-13 00:00:00+00:00,10.350763888888888,False,False,8.260036569083177,11.199919598591544,33.22089603875635,0.7980122682491076,3.001124364461427,0.9444444444444444
Toto2,2026-01-14 00:00:00+00:00,20.590601851851854,False,False,15.757136546594126,20.596497167278535,103.39974422431197,0.765258668006199,5.335793675831806,0.6388888888888888
Toto2,2026-01-15 00:00:00+00:00,18.313819444444444,False,False,18.84832128339344,23.497646841573196,108.46400765515203,1.0291857108546048,6.078532031009227,0.5972222222222222
Toto2,2026-01-16 00:00:00+00:00,35.55108796296296,False,False,19.793200886867666,23.470788599031614,144.3775565475265,0.5567537316294842,5.882711587452595,0.5694444444444444
Toto2,2026-01-17 00:00:00+00:00,11.657141203703702,False,False,9.69230584135762,13.912897127825781,85.85505743930428,0.8314479229502842,3.494143577490324,0.8472222222222222
Toto2,2026-01-18 00:00:00+00:00,18.301412037037036,False,False,12.241317989737901,18.42152888868046,91.44724659049935,0.6688728697526088,4.820384333840123,0.7083333333333334
Toto2,2026-01-19 00:00:00+00:00,21.47127314814815,False,False,12.344463497621042,14.77052247016953,106.05565840995635,0.5749292746846605,3.883465520320115,0.7361111111111112
Toto2,2026-01-20 00:00:00+00:00,26.999039351851852,False,False,37.47332887084396,48.29733061826694,129.71137129076646,1.3879504519583463,13.90836427854903,0.2222222222222222
Toto2,2026-01-21 00:00:00+00:00,16.780833333333334,False,False,8.308740076312311,10.649251413880027,88.41615964037585,0.4951327452736144,3.319772876662972,0.9722222222222222
Toto2,2026-01-22 00:00:00+00:00,24.95273148148148,False,False,15.079126241295427,18.834104850175866,60.677991560324664,0.604307638724294,4.437694748242696,0.9305555555555556
Toto2,2026-01-23 00:00:00+00:00,32.32828703703703,False,False,15.196485243020232,20.946443760769686,66.57077012498071,0.4700677529128073,5.050095900061689,0.7361111111111112
Toto2,2026-01-24 00:00:00+00:00,94.17333333333333,False,False,82.43113395214081,123.01694927194274,88.78180363107819,0.8753129047728389,36.09336665135843,0.5277777777777778
Toto2,2026-01-25 00:00:00+00:00,118.38245370370367,False,False,261.33655709160695,272.3421497390936,96.46973747054986,2.2075615846390493,76.86652332841614,0.5972222222222222
Toto2,2026-01-26 00:00:00+00:00,305.5712615740741,False,False,197.27225826122145,281.63333118621915,83.38251723905545,0.6455851157108907,71.71612174569826,0.6666666666666666
Toto2,2026-01-27 00:00:00+00:00,63.59155092592592,False,False,42.20405296608254,57.47550481761646,42.38242743933303,0.663673905598616,27.501174767105663,0.9444444444444444
Toto2,2026-01-28 00:00:00+00:00,201.86112268518522,False,False,134.97934119330512,249.57972610025212,69.71197140167888,0.6686742815941515,46.21030888533886,0.8194444444444444
Toto2,2026-01-29 00:00:00+00:00,24.277118055555558,False,False,64.70189935330991,69.51723964485025,144.5467233724793,2.6651392148461204,22.807661994886985,0.3888888888888889
Toto2,2026-01-30 00:00:00+00:00,28.19950231481481,False,False,25.129794626589174,33.71898962817118,52.614860306426,0.8911431962892145,10.567369160357815,1.0
Toto2,2026-01-31 00:00:00+00:00,84.77512731481481,False,False,25.424697924013493,28.854318954612953,51.71558373280839,0.29990751685453876,11.400019384548989,0.9722222222222222
Toto2,2026-02-01 00:00:00+00:00,106.90381944444444,False,False,66.2424514692801,105.21067283994361,67.15645582392821,0.6196453205650416,23.198575275091475,0.7916666666666666
Toto2,2026-02-02 00:00:00+00:00,305.676875,False,False,13.535675143489131,19.12388751395975,91.60192433526642,0.04428099163042389,5.2442940994545255,0.9166666666666666
Toto2,2026-02-03 00:00:00+00:00,85.57872685185185,False,False,12.802031747323497,16.04210608821344,109.38891724311739,0.14959362236698748,4.919988520469194,0.8611111111111112
Toto2,2026-02-04 00:00:00+00:00,198.71862268518518,False,False,12.735050753134269,13.959165922599833,91.99991247953876,0.06408584450240198,5.045548464103981,0.9861111111111112
Toto2,2026-02-05 00:00:00+00:00,14.548518518518518,False,False,16.363421922613075,23.13937504351396,109.86026806564027,1.1247483310265853,6.2560797372276395,0.6527777777777778
Toto2,2026-02-06 00:00:00+00:00,25.65394675925926,False,False,13.083202938856903,16.151749753350273,58.7920146612407,0.5099879196613204,4.001037529309591,0.9444444444444444
Toto2,2026-02-07 00:00:00+00:00,23.650266203703705,False,False,16.347277578071314,19.273413840467366,90.78226414059647,0.6912090306836073,5.47982237857065,0.7222222222222222
Toto2,2026-02-08 00:00:00+00:00,99.05208333333333,False,False,13.609914317660863,16.90712007203231,98.35264225897382,0.13740159580349595,4.34272750524827,0.6527777777777778
Toto2,2026-02-09 00:00:00+00:00,27.02111111111111,False,False,20.822540792712456,25.19649977100919,83.47179583190179,0.7706026856960076,6.579606823273647,0.4444444444444444
Toto2,2026-02-10 00:00:00+00:00,18.865972222222222,False,False,23.10708659843162,28.791213506075533,103.3059912776449,1.2248023227349922,7.5792651172037475,0.4027777777777778
Toto2,2026-02-11 00:00:00+00:00,7.56994212962963,False,False,12.501478937643546,15.454330412787629,76.10531708331834,1.6514629469505864,3.871296412032328,0.9722222222222222
Toto2,2026-02-12 00:00:00+00:00,15.559560185185186,False,False,10.396975076640095,13.221214391164208,63.91207478321852,0.6682049462130316,3.1472437935110964,0.9444444444444444
Toto2,2026-02-13 00:00:00+00:00,10.538657407407406,False,False,6.411824787634391,8.18035307462882,28.851877334414816,0.6084100222413199,2.3601225782323767,0.9583333333333334
Toto2,2026-02-14 00:00:00+00:00,14.306435185185185,False,False,10.181431293134334,12.441101610425964,56.797768328403166,0.7116679425268402,3.0213077574011713,0.875
Toto2,2026-02-15 00:00:00+00:00,10.642488425925926,False,False,10.636980178974293,12.216149626880808,95.05756080797876,0.9994824286641257,3.32786390784346,0.8472222222222222
Toto2,2026-02-16 00:00:00+00:00,28.307430555555555,False,False,11.70707941585117,14.064220685067605,95.95977037294047,0.4135691295921439,3.827651530813288,0.9166666666666666
Toto2,2026-02-17 00:00:00+00:00,18.25087962962963,False,False,10.842474437996193,12.455219426985224,140.14857501608466,0.5940795544119329,3.2945749931129407,0.6805555555555556
Toto2,2026-02-18 00:00:00+00:00,7.208310185185184,False,False,14.277889477765118,17.189479772904832,131.39278971269178,1.9807540340189058,4.483538156777252,0.5833333333333334
Toto2,2026-02-19 00:00:00+00:00,13.319722222222222,False,False,5.027311014687573,7.449551919157848,93.4918490769359,0.37743362292497057,1.8946919532616933,0.9305555555555556
Toto2,2026-02-20 00:00:00+00:00,11.553854166666667,False,False,10.715779588575716,14.623799228258909,64.46074152076042,0.9274636354240275,3.686885063589355,0.7083333333333334
Toto2,2026-02-21 00:00:00+00:00,15.099421296296295,False,False,14.547020291045861,17.230841469703595,97.85484491971607,0.9634157498879821,4.82174465307483,0.4583333333333333
Toto2,2026-02-22 00:00:00+00:00,16.93173611111111,False,False,17.07205637154756,21.519168924434062,122.11400540592707,1.0082874112563311,5.138788216275934,0.6527777777777778
Toto2,2026-02-23 00:00:00+00:00,4.224386574074073,False,False,5.406044416251006,7.016849375048732,61.3194795296403,1.2797229423625691,2.1579350430582775,1.0
Toto2,2026-02-24 00:00:00+00:00,8.345173611111111,False,False,17.162567122070882,19.181001918223792,150.07161361656694,2.0565859887228624,6.130420205313482,0.3194444444444444
Toto2,2026-02-25 00:00:00+00:00,14.710289351851852,False,False,13.00320365835119,16.364749513430453,140.6341002300981,0.8839529493493097,3.803138210758751,0.8472222222222222
Toto2,2026-02-26 00:00:00+00:00,19.328344907407406,False,False,10.796950214615574,16.996811831227596,51.07962930705314,0.5586070750671334,3.7230994236322097,0.9027777777777778
Toto2,2026-02-27 00:00:00+00:00,13.101145833333332,False,False,10.583266996277704,13.570280732634467,75.29370393744128,0.8078123189309616,3.4116421229751026,0.6944444444444444
Toto2,2026-02-28 00:00:00+00:00,11.75699074074074,False,False,5.952387578575699,7.813894182738186,78.35339387216386,0.5062849592922851,1.9752341080594948,0.7777777777777778
Toto2,2026-03-01 00:00:00+00:00,10.44976851851852,False,False,4.660842098836546,5.413391403341373,74.80770014199359,0.44602347799157954,1.5739428757002323,0.9583333333333334
Toto2,2026-03-02 00:00:00+00:00,14.42292824074074,False,False,22.24684230548364,24.38610903319831,125.85970223138771,1.5424636338855606,8.194526938479624,0.06944444444444445
Toto2,2026-03-03 00:00:00+00:00,17.70898148148148,False,False,10.323448636796739,11.832311656894795,94.37925132276688,0.5829498804091081,3.135202332278828,0.9444444444444444
Toto2,2026-03-04 00:00:00+00:00,23.211018518518514,False,False,14.571548890184468,17.234258445719572,80.95382174375122,0.6277858456990505,3.9895769951372966,0.6805555555555556
Toto2,2026-03-05 00:00:00+00:00,12.803645833333334,False,False,13.676485368940565,17.11497453887119,74.26581404588646,1.0681711714748356,4.392177375805231,0.6666666666666666
Toto2,2026-03-06 00:00:00+00:00,14.406371527777777,False,False,11.10038429542824,13.740161609458989,136.61631481225055,0.7705190910858388,3.108396648153846,0.8333333333333334
Toto2,2026-03-07 00:00:00+00:00,12.830868055555555,False,False,12.911480187839931,17.285764391204697,102.43506516394629,1.0062826717518518,4.019404142138399,0.7361111111111112
Toto2,2026-03-08 00:00:00+00:00,30.940879629629624,False,False,27.01982084362595,39.48150761457488,77.91580243245784,0.8732725496837915,10.49362158148377,0.5277777777777778
Toto2,2026-03-09 00:00:00+00:00,16.02903935185185,False,False,13.12696490128835,17.638010555134727,98.23385964081918,0.8189489471664301,4.085428458849589,0.8611111111111112
Toto2,2026-03-10 00:00:00+00:00,14.835335648148149,False,False,14.712726418000683,18.92340507809044,92.87165890931459,0.9917353248315098,4.666685454374478,0.7638888888888888
Toto2,2026-03-11 00:00:00+00:00,22.641238425925923,False,False,14.923848317552496,18.61284852249518,109.92689966523008,0.6591445236698521,4.977754351636509,0.5972222222222222
Toto2,2026-03-12 00:00:00+00:00,9.274131944444443,False,False,19.274471485879687,22.27145021471654,150.49027284843578,2.078304643641158,5.5775845382537375,0.7222222222222222
Toto2,2026-03-13 00:00:00+00:00,5.599207175925926,False,False,10.096616869855811,13.405557207465662,129.53496543912013,1.8032225907386898,3.2480357342296173,0.875
Toto2,2026-03-14 00:00:00+00:00,19.878553240740743,False,False,10.50413178726479,15.454253149378246,85.53091310933476,0.528415305684156,3.9793820903625012,0.9722222222222222
Toto2,2026-03-15 00:00:00+00:00,37.76217592592593,False,False,11.722409608982227,14.267276090278838,105.45699421995458,0.31042728130859937,4.056006927504951,0.6666666666666666
Toto2,2026-03-16 00:00:00+00:00,15.232303240740741,False,False,19.97062797811296,27.132661808383087,118.77794211845705,1.3110707988466883,6.624120744746407,0.5416666666666666
Toto2,2026-03-17 00:00:00+00:00,31.302499999999995,False,False,31.55524966752088,46.08848908009882,121.51189604460635,1.0080744243277977,11.136191175013414,0.5416666666666666
Toto2,2026-03-18 00:00:00+00:00,18.16048611111111,False,False,9.182528080587035,11.799851589622836,127.3505398429347,0.5056322845327857,3.0608652064241006,0.9861111111111112
Toto2,2026-03-19 00:00:00+00:00,11.199664351851851,False,False,11.454592530462477,14.670569773985816,125.8960669846759,1.022762126667526,3.6407617668752317,0.8611111111111112
Toto2,2026-03-20 00:00:00+00:00,7.619317129629631,False,False,9.579567031772049,10.741116228431075,96.32988519812109,1.2572736990457443,3.1624082448305906,0.9722222222222222
Toto2,2026-03-21 00:00:00+00:00,14.839513888888892,False,False,6.206609144475725,7.702724135405265,69.61549206966883,0.41824881805076736,2.155845917286696,0.9444444444444444
Toto2,2026-03-22 00:00:00+00:00,7.386874999999999,False,False,10.643884572452968,12.948372845182126,125.40307714179993,1.4409184631461842,3.4864634882373573,0.6111111111111112
Toto2,2026-03-23 00:00:00+00:00,11.993553240740741,False,False,17.128624490720256,24.242576368654973,139.49594759956813,1.4281526205708797,5.399704666461474,0.625
Toto2,2026-03-24 00:00:00+00:00,70.64513888888888,False,False,69.56738628581718,165.6309313931961,60.914537376908974,0.9847441363974555,28.881632417219652,0.8472222222222222
Toto2,2026-03-25 00:00:00+00:00,14.597534722222223,False,False,16.4703350854803,19.604496175341307,113.64102238258131,1.128295660801345,5.201883015338285,0.6944444444444444
Toto2,2026-03-26 00:00:00+00:00,10.433460648148149,False,False,7.155676196946037,9.536624807079155,104.15653844186696,0.6858391897242752,2.5884347680174273,0.6527777777777778
Toto2,2026-03-27 00:00:00+00:00,9.769479166666667,False,False,10.368150110068145,13.445588734580767,105.88850684168605,1.0612797195416657,3.275592986006796,0.6805555555555556
Toto2,2026-03-28 00:00:00+00:00,12.610729166666665,False,False,18.314222686732258,22.22014233339186,135.96721092120393,1.45227309576526,6.1537132476582945,0.3472222222222222
Toto2,2026-03-29 00:00:00+00:00,7.557974537037037,False,False,21.722911702968457,23.794202141122668,140.75997639692054,2.8741710621698546,7.503473171922895,0.3333333333333333
Toto2,2026-03-30 00:00:00+00:00,18.776840277777776,False,False,3.8749440959647847,5.123584421819584,78.90121863155312,0.20636827275730446,1.919373433207288,1.0
Toto2,2026-03-31 00:00:00+00:00,95.03800925925925,False,False,5.486243206483347,7.611999357281817,106.96619771964386,0.05772683213004948,2.1924014071181968,0.9305555555555556
Toto2,2026-04-01 00:00:00+00:00,21.40883101851852,False,False,17.319473817127726,25.75166419924137,100.05342778581436,0.8089873661082418,6.481421164759884,0.5138888888888888
Toto2,2026-04-02 00:00:00+00:00,23.352314814814815,False,False,12.212985620012988,16.01739209043306,74.40392732087946,0.5229882226606938,4.24841942185237,0.8194444444444444
Toto2,2026-04-03 00:00:00+00:00,10.264780092592591,False,False,9.28357207024539,13.00818424558649,119.66541035043888,0.9044102247202281,3.380059383062669,0.8611111111111112
Toto2,2026-04-04 00:00:00+00:00,25.355775462962963,False,False,16.121104836287323,20.977039279190524,89.90285780276336,0.6357961664329821,5.644773759106059,0.7777777777777778
Toto2,2026-04-05 00:00:00+00:00,18.179039351851852,False,False,15.859865455715742,18.621225577643834,124.07754154718225,0.872425937848038,4.796070384920379,0.5972222222222222
Toto2,2026-04-06 00:00:00+00:00,26.292743055555555,False,False,11.969464398313452,15.07189514705783,92.4952134946897,0.45523832842478373,3.726374320159724,0.8055555555555556
Toto2,2026-04-07 00:00:00+00:00,16.517430555555556,False,False,10.379864822670264,13.532039858144964,74.71621930341217,0.6284188565381343,3.479680427357002,0.875
Toto2,2026-04-08 00:00:00+00:00,12.081863425925924,False,False,9.619759311322813,12.253807960204142,63.494347077348934,0.7962148695275107,3.0150797366801605,0.9305555555555556
Toto2,2026-04-09 00:00:00+00:00,24.245787037037037,False,False,20.853573736438044,26.153020124159962,122.44115070062792,0.8600906089203388,6.534602257263512,0.6388888888888888
Toto2,2026-04-10 00:00:00+00:00,13.897326388888889,False,False,11.269855312771268,14.581429923388429,111.58366243858096,0.8109369383294962,3.519856614139345,0.9583333333333334
Toto2,2026-04-11 00:00:00+00:00,18.45196759259259,False,False,14.06247806708018,18.44313542424377,108.05434459674818,0.7621126579869705,4.227900559490109,0.7777777777777778
Toto2,2026-04-12 00:00:00+00:00,27.841828703703708,False,False,23.238864056092723,45.23184151598393,87.26532950526217,0.8346744857675722,9.030918849780235,0.5555555555555556
Toto2,2026-04-13 00:00:00+00:00,28.005555555555556,False,False,12.190388361083137,14.790532866345513,110.02104895067444,0.4352846468944584,3.9386602359347873,0.7222222222222222
Toto2,2026-04-14 00:00:00+00:00,19.171122685185185,False,False,6.543379570996319,8.250725497659797,85.95812603305093,0.34131436527986064,2.5610239855006887,0.9166666666666666
Toto2,2026-04-15 00:00:00+00:00,13.328344907407407,False,False,15.626042921498968,18.18438054618695,102.96772195198184,1.172391848354298,4.558493192232684,0.5833333333333334
Toto2,2026-04-16 00:00:00+00:00,15.951504629629628,False,False,13.18345401569649,19.147296876283985,67.94231017254224,0.8264708766851038,4.4053024742044045,0.8888888888888888
Toto2,2026-04-17 00:00:00+00:00,9.495208333333332,False,False,5.297182426099424,6.518850648609825,101.19064388919159,0.5578795367241642,2.0207200276410133,0.9444444444444444
Toto2,2026-04-18 00:00:00+00:00,15.681099537037035,False,False,9.038717720420273,13.01712949604384,104.31413365788411,0.5764084144145514,3.0657005397773083,0.8611111111111112
Toto2,2026-04-19 00:00:00+00:00,23.862974537037037,False,False,20.235260147562734,26.791133999743828,99.53341819166339,0.847977276100101,6.816215255385564,0.75
Toto2,2026-04-20 00:00:00+00:00,42.85164351851852,False,False,32.065782604129225,46.162831038714316,101.50259866072938,0.7482976140756855,12.096513236599202,0.5694444444444444
Toto2,2026-04-21 00:00:00+00:00,37.88981481481481,False,False,16.752642510202197,21.287612815858186,82.3052846831785,0.44214105009697646,5.621872285560325,0.8611111111111112
Toto2,2026-04-22 00:00:00+00:00,9.126701388888888,False,False,8.708997373051112,10.275012303651547,77.19828246001721,0.9542327509097316,3.2867482975971547,0.9861111111111112
Toto2,2026-04-23 00:00:00+00:00,21.557407407407407,False,False,6.256505341883059,8.929832287474374,91.67478419003265,0.2902253143730652,2.266683552853855,0.8472222222222222
Toto2,2026-04-24 00:00:00+00:00,19.027233796296297,False,False,20.89698087445012,39.97210856256281,135.7638673531916,1.0982668893529743,7.397833986576693,0.7222222222222222
Toto2,2026-04-25 00:00:00+00:00,83.94658564814816,False,False,75.75093174590005,165.36355787148517,75.49916958049523,0.9023706105618257,30.276297667247277,0.8055555555555556
Toto2,2026-04-26 00:00:00+00:00,17.95047453703704,False,False,12.117182903289795,15.560879539028203,48.27960700211469,0.6750341267184068,5.972227122695357,0.9027777777777778
Toto2,2026-04-27 00:00:00+00:00,38.92916666666666,False,False,22.28930851901019,52.29779521377455,124.34665793823838,0.5725606383990631,8.685190534886019,0.75
Toto2,2026-04-28 00:00:00+00:00,90.53584490740741,False,False,55.65776112203245,132.62140011422872,63.620303846177904,0.61475939368495,21.31112647662928,0.9861111111111112
Toto2,2026-04-29 00:00:00+00:00,33.23167824074075,False,False,21.007011508941652,29.533099310534425,58.28935156921191,0.6321381471245672,6.195569797150884,0.8888888888888888
Toto2,2026-04-30 00:00:00+00:00,39.344965277777774,False,False,14.332059584370363,25.237883558880938,30.52357716806745,0.3642666725764066,5.466472848903986,0.9444444444444444
Toto2,2026-05-01 00:00:00+00:00,31.06582175925926,False,False,13.544070848535606,15.80039302324495,38.28031402801948,0.43597980293242217,7.001075188672099,0.8888888888888888
Toto2,2026-05-02 00:00:00+00:00,99.06234953703705,False,False,36.87075096730833,60.47406855982343,99.04151674913497,0.372197420509628,13.281623384393292,0.3194444444444444
Toto2,2026-05-03 00:00:00+00:00,19.312291666666667,False,False,19.130825786943788,21.496425456441305,117.36394081599893,0.9906036071298523,5.954964653533182,0.9166666666666666
Toto2,2026-05-04 00:00:00+00:00,21.448715277777776,False,False,7.510688135359023,9.13742633679308,124.01117949183904,0.3501696040107619,3.0624533129915776,0.9722222222222222
Toto2,2026-05-05 00:00:00+00:00,92.80848379629629,False,False,16.404336619906953,20.288219507458695,136.23463695793535,0.17675470979476987,4.623105329466455,0.7638888888888888
Toto2,2026-05-06 00:00:00+00:00,17.578645833333333,False,False,10.170066643114446,15.547207840597228,25.75172064816776,0.5785466491297957,3.9082191530569106,0.875
Toto2,2026-05-07 00:00:00+00:00,16.60119212962963,False,False,15.278483464982774,19.864651673538674,46.48063151261381,0.9203244770424589,4.934285508173483,0.8194444444444444
Toto2,2026-05-08 00:00:00+00:00,13.780983796296296,False,False,15.42182943838614,20.670551869542685,55.15516980214752,1.1190659292793617,4.744693766493856,0.7083333333333334
Toto2,2026-05-09 00:00:00+00:00,30.85199074074074,False,False,15.884397536560341,19.83381880700851,61.371416048023875,0.5148581065657019,4.81339568408919,0.8333333333333334
Toto2,2026-05-10 00:00:00+00:00,11.629861111111113,False,False,12.290547764389604,14.892362240490202,77.49991062027048,1.0568095050290218,4.030968055283581,0.6805555555555556
Toto2,2026-05-11 00:00:00+00:00,15.398796296296297,False,False,13.209593237947535,15.991276096403737,78.75909465707184,0.8578328450987233,3.6917727927514066,0.75
Toto2,2026-05-12 00:00:00+00:00,14.095295138888888,False,False,10.339695506449099,13.015743826365243,61.41243662108921,0.7335565097833178,3.5576930197963,0.7916666666666666
Toto2,2026-05-13 00:00:00+00:00,13.792581018518518,False,False,7.275185995101929,8.912501484164707,25.817389816762088,0.5274709632181206,2.7390128603099306,0.9444444444444444
Toto2,2026-05-14 00:00:00+00:00,18.03478009259259,False,False,15.05956227638103,17.220827697090442,100.13981441506334,0.835028883028434,4.474392987828195,0.5138888888888888
Toto2,2026-05-15 00:00:00+00:00,20.409641203703707,False,False,12.536065631972418,16.397773781237415,95.93487900183565,0.6142227345818072,3.8716802312120975,0.875
Toto2,2026-05-16 00:00:00+00:00,22.702152777777776,False,False,6.9156157099759135,10.304878377887245,112.40377587194006,0.30462378513923716,2.330388898084193,0.9583333333333334
Toto2,2026-05-17 00:00:00+00:00,8.22400462962963,False,False,3.387307331915255,4.782056858234205,91.92901957295108,0.41188052347531373,1.4505239540706445,1.0
Toto2,2026-05-18 00:00:00+00:00,18.14275462962963,False,False,3.258829962412516,4.519458266916687,85.8001084573506,0.1796215640314286,1.3857868457429203,0.9166666666666666
Toto2,2026-05-19 00:00:00+00:00,12.195399305555554,False,False,16.324604596561855,22.375169209879374,112.7386630053217,1.3385871333565325,5.637357796150961,0.5
Toto2,2026-05-20 00:00:00+00:00,9.013935185185185,False,False,7.503487490812938,10.127744236714795,37.96187663275045,0.832431933074609,3.2128541439550893,1.0
Toto2,2026-05-21 00:00:00+00:00,26.344768518518517,False,False,12.484227192666795,15.60202863052181,40.60918335223202,0.4738787962358167,4.073758976135725,0.7916666666666666
Toto2,2026-05-22 00:00:00+00:00,13.070474537037036,False,False,7.158122450157448,9.048077703940384,30.31790136264183,0.5476558964920437,2.6346228338170934,0.9444444444444444
Toto2,2026-05-23 00:00:00+00:00,18.23252314814815,False,False,6.142061282970287,7.723069743703354,24.24768064101071,0.3368739056609467,2.168649760102048,0.875
Toto2,2026-05-24 00:00:00+00:00,14.96025462962963,False,False,4.602485362512094,5.638352210334129,20.498240213933304,0.3076475284983861,1.6818412140858026,0.9444444444444444
Toto2,2026-05-25 00:00:00+00:00,22.23644675925926,False,False,4.793029225314105,6.119537595112825,18.379605596730624,0.2155483417474641,1.7331837627034128,0.9305555555555556
Toto2,2026-05-26 00:00:00+00:00,12.064768518518518,False,False,7.000758138939187,11.180711144410674,23.06871928933745,0.580264605010328,2.548925603642876,0.7638888888888888
Toto2,2026-05-27 00:00:00+00:00,29.80622685185185,False,False,22.97256556758174,35.500728071918545,36.60684303603614,0.7707304142105615,7.800625492790598,0.8333333333333334
Toto2,2026-05-28 00:00:00+00:00,16.140972222222224,False,False,8.050831120808919,9.917408047743049,25.96649560324524,0.49878229204340413,2.7762092979454693,0.8472222222222222
Toto2,2026-05-29 00:00:00+00:00,9.932488425925925,False,False,18.425988068050813,24.028174603048583,50.66720501529526,1.855123034420562,7.024391921390723,0.4722222222222222
Toto2,2026-05-30 00:00:00+00:00,10.644780092592592,False,False,10.599346609822026,13.782851678518002,79.70648724535417,0.9957318533238482,3.86767948721662,0.7361111111111112
Toto2,2026-05-31 00:00:00+00:00,6.22925925925926,False,False,11.606484245017722,15.471018434334328,89.72517118075739,1.863220611305538,3.5606686926771096,0.6666666666666666
Toto2,2026-06-01 00:00:00+00:00,7.080347222222223,False,False,12.688377338162175,16.042081515485954,52.40909172872812,1.792055804599344,4.01825162001598,0.625
