{
  "LZ_LCRA": 88.03499999999988,
  "LZ_RAYBN": 75.98499999999989,
  "LZ_WEST": 90.66899999999998
}