{
  "LZ_LCRA": 83.79,
  "LZ_RAYBN": 81.19450000000002,
  "LZ_WEST": 113.61600000000003
}