{
  "LZ_LCRA": 82.34800000000003,
  "LZ_RAYBN": 80.0505,
  "LZ_WEST": 113.74250000000005
}