{
  "LZ_LCRA": 71.99008333333327,
  "LZ_RAYBN": 68.26670833333328,
  "LZ_WEST": 80.04791666666665
}