model,origin,node,ts,actual,mean,q10,q90
Chronos2,2025-07-01 00:00:00+00:00,HB_HUBAVG,2025-07-01 00:00:00+00:00,36.060833333333335,62.926605224609375,40.22093200683594,106.6757583618164
Chronos2,2025-07-01 00:00:00+00:00,HB_HUBAVG,2025-07-01 01:00:00+00:00,30.155833333333337,56.501773834228516,37.003623962402344,97.4042739868164
Chronos2,2025-07-01 00:00:00+00:00,HB_HUBAVG,2025-07-01 02:00:00+00:00,35.47,45.91977310180664,33.344764709472656,76.10530853271484
Chronos2,2025-07-01 00:00:00+00:00,HB_HUBAVG,2025-07-01 03:00:00+00:00,37.094166666666666,36.304847717285156,28.967716217041016,51.80122375488281
Chronos2,2025-07-01 00:00:00+00:00,HB_HUBAVG,2025-07-01 04:00:00+00:00,33.28333333333333,30.587461471557617,25.797405242919922,39.363346099853516
Chronos2,2025-07-01 00:00:00+00:00,HB_HUBAVG,2025-07-01 05:00:00+00:00,48.42250000000001,28.492490768432617,24.692554473876953,34.84474182128906
Chronos2,2025-07-01 00:00:00+00:00,HB_HUBAVG,2025-07-01 06:00:00+00:00,37.24583333333333,26.81890869140625,23.65656089782715,31.91663360595703
Chronos2,2025-07-01 00:00:00+00:00,HB_HUBAVG,2025-07-01 07:00:00+00:00,29.0175,25.542770385742188,22.728412628173828,29.714540481567383
Chronos2,2025-07-01 00:00:00+00:00,HB_HUBAVG,2025-07-01 08:00:00+00:00,27.73166666666667,25.432130813598633,22.446495056152344,29.13996696472168
Chronos2,2025-07-01 00:00:00+00:00,HB_HUBAVG,2025-07-01 09:00:00+00:00,27.319166666666664,25.403162002563477,22.442750930786133,30.041210174560547
Chronos2,2025-07-01 00:00:00+00:00,HB_HUBAVG,2025-07-01 10:00:00+00:00,27.91333333333333,26.262493133544922,22.52245330810547,32.04676818847656
Chronos2,2025-07-01 00:00:00+00:00,HB_HUBAVG,2025-07-01 11:00:00+00:00,31.155833333333337,27.46622657775879,22.89657211303711,35.81865692138672
Chronos2,2025-07-01 00:00:00+00:00,HB_HUBAVG,2025-07-01 12:00:00+00:00,30.175,23.766197204589844,20.029756546020508,30.03162956237793
Chronos2,2025-07-01 00:00:00+00:00,HB_HUBAVG,2025-07-01 13:00:00+00:00,31.161666666666665,19.03439712524414,16.281572341918945,22.97791862487793
Chronos2,2025-07-01 00:00:00+00:00,HB_HUBAVG,2025-07-01 14:00:00+00:00,31.8675,17.94249153137207,15.090593338012695,21.709976196289062
Chronos2,2025-07-01 00:00:00+00:00,HB_HUBAVG,2025-07-01 15:00:00+00:00,35.464166666666664,19.19516944885254,16.143802642822266,23.145349502563477
Chronos2,2025-07-01 00:00:00+00:00,HB_HUBAVG,2025-07-01 16:00:00+00:00,37.63916666666667,25.004730224609375,20.674686431884766,31.963891983032227
Chronos2,2025-07-01 00:00:00+00:00,HB_HUBAVG,2025-07-01 17:00:00+00:00,35.37083333333333,28.233516693115234,22.272686004638672,39.14375305175781
Chronos2,2025-07-01 00:00:00+00:00,HB_HUBAVG,2025-07-01 18:00:00+00:00,37.7325,30.821121215820312,23.52631378173828,46.23035430908203
Chronos2,2025-07-01 00:00:00+00:00,HB_HUBAVG,2025-07-01 19:00:00+00:00,62.53333333333333,31.608861923217773,23.865238189697266,48.85350036621094
Chronos2,2025-07-01 00:00:00+00:00,HB_HUBAVG,2025-07-01 20:00:00+00:00,53.961666666666666,32.044456481933594,24.24004364013672,50.35914611816406
Chronos2,2025-07-01 00:00:00+00:00,HB_HUBAVG,2025-07-01 21:00:00+00:00,58.095,32.8615837097168,24.182697296142578,52.423973083496094
Chronos2,2025-07-01 00:00:00+00:00,HB_HUBAVG,2025-07-01 22:00:00+00:00,105.42833333333331,34.88239288330078,25.12236785888672,60.92949676513672
Chronos2,2025-07-01 00:00:00+00:00,HB_HUBAVG,2025-07-01 23:00:00+00:00,112.52416666666666,38.38323974609375,27.164743423461914,68.13388061523438
Chronos2,2025-07-01 00:00:00+00:00,HB_PAN,2025-07-01 00:00:00+00:00,36.05583333333333,59.92222213745117,39.48447799682617,90.09466552734375
Chronos2,2025-07-01 00:00:00+00:00,HB_PAN,2025-07-01 01:00:00+00:00,30.156666666666663,50.32369613647461,33.29800033569336,74.7082290649414
Chronos2,2025-07-01 00:00:00+00:00,HB_PAN,2025-07-01 02:00:00+00:00,35.46583333333333,40.66828918457031,27.95634651184082,60.9655647277832
Chronos2,2025-07-01 00:00:00+00:00,HB_PAN,2025-07-01 03:00:00+00:00,37.20333333333333,32.768150329589844,23.4191951751709,46.97229766845703
Chronos2,2025-07-01 00:00:00+00:00,HB_PAN,2025-07-01 04:00:00+00:00,33.660000000000004,28.26181411743164,20.473379135131836,38.91038513183594
Chronos2,2025-07-01 00:00:00+00:00,HB_PAN,2025-07-01 05:00:00+00:00,50.07416666666666,25.841899871826172,18.766803741455078,34.52436065673828
Chronos2,2025-07-01 00:00:00+00:00,HB_PAN,2025-07-01 06:00:00+00:00,39.56916666666667,25.369531631469727,18.237913131713867,33.92985153198242
Chronos2,2025-07-01 00:00:00+00:00,HB_PAN,2025-07-01 07:00:00+00:00,30.829166666666666,25.273439407348633,18.284854888916016,33.47090148925781
Chronos2,2025-07-01 00:00:00+00:00,HB_PAN,2025-07-01 08:00:00+00:00,29.67833333333333,25.872255325317383,18.619468688964844,34.82475280761719
Chronos2,2025-07-01 00:00:00+00:00,HB_PAN,2025-07-01 09:00:00+00:00,29.345,27.073965072631836,19.978130340576172,36.404335021972656
Chronos2,2025-07-01 00:00:00+00:00,HB_PAN,2025-07-01 10:00:00+00:00,30.314166666666665,29.276947021484375,21.681568145751953,39.59834289550781
Chronos2,2025-07-01 00:00:00+00:00,HB_PAN,2025-07-01 11:00:00+00:00,32.135,30.91702651977539,22.055559158325195,42.605018615722656
Chronos2,2025-07-01 00:00:00+00:00,HB_PAN,2025-07-01 12:00:00+00:00,32.62,27.70563507080078,19.111968994140625,38.94178771972656
Chronos2,2025-07-01 00:00:00+00:00,HB_PAN,2025-07-01 13:00:00+00:00,31.5675,23.727895736694336,15.621767044067383,33.266048431396484
Chronos2,2025-07-01 00:00:00+00:00,HB_PAN,2025-07-01 14:00:00+00:00,31.930000000000003,22.22421646118164,14.211437225341797,31.88046646118164
Chronos2,2025-07-01 00:00:00+00:00,HB_PAN,2025-07-01 15:00:00+00:00,35.13166666666667,22.821041107177734,14.518439292907715,32.80487823486328
Chronos2,2025-07-01 00:00:00+00:00,HB_PAN,2025-07-01 16:00:00+00:00,36.4825,27.417293548583984,18.763568878173828,39.23542404174805
Chronos2,2025-07-01 00:00:00+00:00,HB_PAN,2025-07-01 17:00:00+00:00,34.97083333333334,30.22905731201172,20.40908432006836,44.24066925048828
Chronos2,2025-07-01 00:00:00+00:00,HB_PAN,2025-07-01 18:00:00+00:00,36.8425,33.273582458496094,21.613384246826172,51.29743957519531
Chronos2,2025-07-01 00:00:00+00:00,HB_PAN,2025-07-01 19:00:00+00:00,61.055,34.01182556152344,21.32231903076172,54.519500732421875
Chronos2,2025-07-01 00:00:00+00:00,HB_PAN,2025-07-01 20:00:00+00:00,52.4575,33.601409912109375,20.698131561279297,56.25672912597656
Chronos2,2025-07-01 00:00:00+00:00,HB_PAN,2025-07-01 21:00:00+00:00,57.52333333333333,33.48722839355469,20.114521026611328,57.660675048828125
Chronos2,2025-07-01 00:00:00+00:00,HB_PAN,2025-07-01 22:00:00+00:00,108.5925,34.80091094970703,20.885963439941406,61.13045120239258
Chronos2,2025-07-01 00:00:00+00:00,HB_PAN,2025-07-01 23:00:00+00:00,121.06833333333331,36.359840393066406,21.856687545776367,62.47174835205078
Chronos2,2025-07-01 00:00:00+00:00,LZ_WEST,2025-07-01 00:00:00+00:00,36.055,60.75349426269531,42.26729965209961,90.97628021240234
Chronos2,2025-07-01 00:00:00+00:00,LZ_WEST,2025-07-01 01:00:00+00:00,30.1375,56.2977294921875,39.08097457885742,85.17723846435547
Chronos2,2025-07-01 00:00:00+00:00,LZ_WEST,2025-07-01 02:00:00+00:00,35.46583333333333,52.28227233886719,36.255741119384766,79.50634765625
Chronos2,2025-07-01 00:00:00+00:00,LZ_WEST,2025-07-01 03:00:00+00:00,38.745,48.253387451171875,33.70587158203125,73.54960632324219
Chronos2,2025-07-01 00:00:00+00:00,LZ_WEST,2025-07-01 04:00:00+00:00,39.086666666666666,45.388755798339844,31.835105895996094,68.88267517089844
Chronos2,2025-07-01 00:00:00+00:00,LZ_WEST,2025-07-01 05:00:00+00:00,61.8475,43.7525520324707,30.657302856445312,65.97116088867188
Chronos2,2025-07-01 00:00:00+00:00,LZ_WEST,2025-07-01 06:00:00+00:00,59.56666666666666,35.49425506591797,25.072959899902344,52.99193572998047
Chronos2,2025-07-01 00:00:00+00:00,LZ_WEST,2025-07-01 07:00:00+00:00,54.833333333333336,30.351909637451172,21.525733947753906,44.80193328857422
Chronos2,2025-07-01 00:00:00+00:00,LZ_WEST,2025-07-01 08:00:00+00:00,57.83916666666666,28.226104736328125,19.789470672607422,41.350399017333984
Chronos2,2025-07-01 00:00:00+00:00,LZ_WEST,2025-07-01 09:00:00+00:00,58.46333333333333,27.19887924194336,18.781070709228516,39.72583770751953
Chronos2,2025-07-01 00:00:00+00:00,LZ_WEST,2025-07-01 10:00:00+00:00,64.66666666666667,25.943649291992188,17.496185302734375,38.36741256713867
Chronos2,2025-07-01 00:00:00+00:00,LZ_WEST,2025-07-01 11:00:00+00:00,45.01,25.546186447143555,16.663660049438477,38.65266418457031
Chronos2,2025-07-01 00:00:00+00:00,LZ_WEST,2025-07-01 12:00:00+00:00,63.52666666666667,22.224700927734375,14.025701522827148,32.87240219116211
Chronos2,2025-07-01 00:00:00+00:00,LZ_WEST,2025-07-01 13:00:00+00:00,35.038333333333334,18.169652938842773,11.318376541137695,27.814090728759766
Chronos2,2025-07-01 00:00:00+00:00,LZ_WEST,2025-07-01 14:00:00+00:00,33.443333333333335,16.810575485229492,10.086883544921875,25.600109100341797
Chronos2,2025-07-01 00:00:00+00:00,LZ_WEST,2025-07-01 15:00:00+00:00,36.07416666666666,16.46346092224121,9.849018096923828,24.991798400878906
Chronos2,2025-07-01 00:00:00+00:00,LZ_WEST,2025-07-01 16:00:00+00:00,36.0525,20.24351692199707,12.81729507446289,30.495912551879883
Chronos2,2025-07-01 00:00:00+00:00,LZ_WEST,2025-07-01 17:00:00+00:00,33.8225,22.340351104736328,14.120676040649414,33.54240798950195
Chronos2,2025-07-01 00:00:00+00:00,LZ_WEST,2025-07-01 18:00:00+00:00,35.6925,25.023372650146484,15.784605026245117,38.77903747558594
Chronos2,2025-07-01 00:00:00+00:00,LZ_WEST,2025-07-01 19:00:00+00:00,58.05666666666667,26.255475997924805,16.496868133544922,40.76015090942383
Chronos2,2025-07-01 00:00:00+00:00,LZ_WEST,2025-07-01 20:00:00+00:00,50.91333333333333,27.7811336517334,17.21419906616211,43.4710578918457
Chronos2,2025-07-01 00:00:00+00:00,LZ_WEST,2025-07-01 21:00:00+00:00,55.28416666666667,30.036727905273438,18.8356990814209,47.971641540527344
Chronos2,2025-07-01 00:00:00+00:00,LZ_WEST,2025-07-01 22:00:00+00:00,104.42833333333334,35.617835998535156,22.11608123779297,58.049346923828125
Chronos2,2025-07-01 00:00:00+00:00,LZ_WEST,2025-07-01 23:00:00+00:00,120.58083333333332,41.309165954589844,26.262659072875977,66.66191864013672
Chronos2,2025-07-02 00:00:00+00:00,HB_HUBAVG,2025-07-02 00:00:00+00:00,124.31583333333332,87.75433349609375,51.601322174072266,160.3720703125
Chronos2,2025-07-02 00:00:00+00:00,HB_HUBAVG,2025-07-02 01:00:00+00:00,130.25833333333333,66.15083312988281,37.49758529663086,128.8735809326172
Chronos2,2025-07-02 00:00:00+00:00,HB_HUBAVG,2025-07-02 02:00:00+00:00,214.5725,51.913143157958984,31.045743942260742,104.84848022460938
Chronos2,2025-07-02 00:00:00+00:00,HB_HUBAVG,2025-07-02 03:00:00+00:00,125.6425,42.988983154296875,27.390777587890625,82.66036987304688
Chronos2,2025-07-02 00:00:00+00:00,HB_HUBAVG,2025-07-02 04:00:00+00:00,81.48083333333334,38.631256103515625,25.54071044921875,70.73081970214844
Chronos2,2025-07-02 00:00:00+00:00,HB_HUBAVG,2025-07-02 05:00:00+00:00,76.94916666666667,37.63425827026367,24.552284240722656,66.9989013671875
Chronos2,2025-07-02 00:00:00+00:00,HB_HUBAVG,2025-07-02 06:00:00+00:00,46.78916666666667,34.907527923583984,22.6846923828125,62.920494079589844
Chronos2,2025-07-02 00:00:00+00:00,HB_HUBAVG,2025-07-02 07:00:00+00:00,44.8975,32.31945037841797,21.04863166809082,56.83287811279297
Chronos2,2025-07-02 00:00:00+00:00,HB_HUBAVG,2025-07-02 08:00:00+00:00,40.15166666666666,31.210140228271484,20.096538543701172,52.830360412597656
Chronos2,2025-07-02 00:00:00+00:00,HB_HUBAVG,2025-07-02 09:00:00+00:00,44.16166666666667,30.6079044342041,19.662689208984375,52.69340133666992
Chronos2,2025-07-02 00:00:00+00:00,HB_HUBAVG,2025-07-02 10:00:00+00:00,46.0725,30.32227897644043,19.158676147460938,54.120277404785156
Chronos2,2025-07-02 00:00:00+00:00,HB_HUBAVG,2025-07-02 11:00:00+00:00,56.76833333333334,30.64044952392578,18.773761749267578,55.16316223144531
Chronos2,2025-07-02 00:00:00+00:00,HB_HUBAVG,2025-07-02 12:00:00+00:00,42.2775,29.437728881835938,17.831859588623047,54.24530029296875
Chronos2,2025-07-02 00:00:00+00:00,HB_HUBAVG,2025-07-02 13:00:00+00:00,30.31083333333333,28.003692626953125,16.302833557128906,52.68644332885742
Chronos2,2025-07-02 00:00:00+00:00,HB_HUBAVG,2025-07-02 14:00:00+00:00,28.727500000000003,27.951040267944336,16.09238052368164,53.466033935546875
Chronos2,2025-07-02 00:00:00+00:00,HB_HUBAVG,2025-07-02 15:00:00+00:00,28.58666666666667,28.780088424682617,16.791454315185547,55.27947998046875
Chronos2,2025-07-02 00:00:00+00:00,HB_HUBAVG,2025-07-02 16:00:00+00:00,34.865,32.127628326416016,19.536108016967773,67.49491882324219
Chronos2,2025-07-02 00:00:00+00:00,HB_HUBAVG,2025-07-02 17:00:00+00:00,36.965,34.08859634399414,20.573040008544922,72.53610229492188
Chronos2,2025-07-02 00:00:00+00:00,HB_HUBAVG,2025-07-02 18:00:00+00:00,33.26833333333334,37.05722427368164,21.7956485748291,80.5304946899414
Chronos2,2025-07-02 00:00:00+00:00,HB_HUBAVG,2025-07-02 19:00:00+00:00,30.31083333333333,38.896995544433594,22.747600555419922,87.58361053466797
Chronos2,2025-07-02 00:00:00+00:00,HB_HUBAVG,2025-07-02 20:00:00+00:00,30.180833333333336,40.774452209472656,23.692644119262695,92.27708435058594
Chronos2,2025-07-02 00:00:00+00:00,HB_HUBAVG,2025-07-02 21:00:00+00:00,34.766666666666666,42.09526824951172,23.72824478149414,96.54925537109375
Chronos2,2025-07-02 00:00:00+00:00,HB_HUBAVG,2025-07-02 22:00:00+00:00,40.25666666666667,45.43004608154297,24.81932258605957,102.58065795898438
Chronos2,2025-07-02 00:00:00+00:00,HB_HUBAVG,2025-07-02 23:00:00+00:00,33.44416666666667,48.53464126586914,25.895130157470703,111.00521850585938
Chronos2,2025-07-02 00:00:00+00:00,HB_PAN,2025-07-02 00:00:00+00:00,127.10083333333334,101.77855682373047,59.457374572753906,167.8110809326172
Chronos2,2025-07-02 00:00:00+00:00,HB_PAN,2025-07-02 01:00:00+00:00,130.73916666666665,79.38739013671875,42.61466598510742,133.47410583496094
Chronos2,2025-07-02 00:00:00+00:00,HB_PAN,2025-07-02 02:00:00+00:00,216.435,58.821983337402344,32.89456558227539,106.34479522705078
Chronos2,2025-07-02 00:00:00+00:00,HB_PAN,2025-07-02 03:00:00+00:00,126.92083333333332,47.148597717285156,26.940942764282227,82.85598754882812
Chronos2,2025-07-02 00:00:00+00:00,HB_PAN,2025-07-02 04:00:00+00:00,81.44500000000001,40.717140197753906,23.825342178344727,69.9627456665039
Chronos2,2025-07-02 00:00:00+00:00,HB_PAN,2025-07-02 05:00:00+00:00,77.15583333333333,38.13429260253906,22.156749725341797,63.56095886230469
Chronos2,2025-07-02 00:00:00+00:00,HB_PAN,2025-07-02 06:00:00+00:00,47.465,35.425682067871094,20.549257278442383,59.02415466308594
Chronos2,2025-07-02 00:00:00+00:00,HB_PAN,2025-07-02 07:00:00+00:00,38.1825,32.91847229003906,19.267486572265625,54.52622985839844
Chronos2,2025-07-02 00:00:00+00:00,HB_PAN,2025-07-02 08:00:00+00:00,35.57416666666666,31.706735610961914,18.41776466369629,50.59422302246094
Chronos2,2025-07-02 00:00:00+00:00,HB_PAN,2025-07-02 09:00:00+00:00,37.946666666666665,30.696617126464844,17.2783203125,49.69972610473633
Chronos2,2025-07-02 00:00:00+00:00,HB_PAN,2025-07-02 10:00:00+00:00,39.2275,30.74698829650879,16.5333251953125,50.55436706542969
Chronos2,2025-07-02 00:00:00+00:00,HB_PAN,2025-07-02 11:00:00+00:00,51.009166666666665,30.475452423095703,16.47540283203125,50.243080139160156
Chronos2,2025-07-02 00:00:00+00:00,HB_PAN,2025-07-02 12:00:00+00:00,45.28416666666666,29.37950897216797,15.32160758972168,48.866329193115234
Chronos2,2025-07-02 00:00:00+00:00,HB_PAN,2025-07-02 13:00:00+00:00,31.3675,27.510696411132812,13.21595573425293,46.26420593261719
Chronos2,2025-07-02 00:00:00+00:00,HB_PAN,2025-07-02 14:00:00+00:00,23.526666666666667,26.583515167236328,11.990375518798828,45.536956787109375
Chronos2,2025-07-02 00:00:00+00:00,HB_PAN,2025-07-02 15:00:00+00:00,22.624166666666667,26.152671813964844,11.292610168457031,46.67536926269531
Chronos2,2025-07-02 00:00:00+00:00,HB_PAN,2025-07-02 16:00:00+00:00,34.08083333333333,28.211544036865234,13.82503890991211,53.164512634277344
Chronos2,2025-07-02 00:00:00+00:00,HB_PAN,2025-07-02 17:00:00+00:00,37.3275,30.15559959411621,14.875601768493652,56.29964828491211
Chronos2,2025-07-02 00:00:00+00:00,HB_PAN,2025-07-02 18:00:00+00:00,33.77583333333333,32.77436447143555,16.671648025512695,61.183448791503906
Chronos2,2025-07-02 00:00:00+00:00,HB_PAN,2025-07-02 19:00:00+00:00,30.44,34.636810302734375,17.32016944885254,67.24671936035156
Chronos2,2025-07-02 00:00:00+00:00,HB_PAN,2025-07-02 20:00:00+00:00,29.96166666666667,36.533626556396484,18.30050277709961,72.11167907714844
Chronos2,2025-07-02 00:00:00+00:00,HB_PAN,2025-07-02 21:00:00+00:00,34.60333333333333,37.88011169433594,17.55038070678711,79.27082061767578
Chronos2,2025-07-02 00:00:00+00:00,HB_PAN,2025-07-02 22:00:00+00:00,40.05,40.8692626953125,18.34988784790039,90.06999206542969
Chronos2,2025-07-02 00:00:00+00:00,HB_PAN,2025-07-02 23:00:00+00:00,33.7725,43.889549255371094,17.770557403564453,101.14417266845703
Chronos2,2025-07-02 00:00:00+00:00,LZ_WEST,2025-07-02 00:00:00+00:00,127.19,102.59978485107422,56.61315155029297,167.93746948242188
Chronos2,2025-07-02 00:00:00+00:00,LZ_WEST,2025-07-02 01:00:00+00:00,130.53166666666667,85.8155517578125,44.0302848815918,146.52752685546875
Chronos2,2025-07-02 00:00:00+00:00,LZ_WEST,2025-07-02 02:00:00+00:00,216.435,70.4150390625,35.53821563720703,132.705322265625
Chronos2,2025-07-02 00:00:00+00:00,LZ_WEST,2025-07-02 03:00:00+00:00,126.32416666666666,64.99366760253906,33.078060150146484,123.64022827148438
Chronos2,2025-07-02 00:00:00+00:00,LZ_WEST,2025-07-02 04:00:00+00:00,80.85166666666667,63.058406829833984,32.55287170410156,118.53860473632812
Chronos2,2025-07-02 00:00:00+00:00,LZ_WEST,2025-07-02 05:00:00+00:00,76.87666666666667,62.94563293457031,32.0939826965332,117.86856079101562
Chronos2,2025-07-02 00:00:00+00:00,LZ_WEST,2025-07-02 06:00:00+00:00,53.16333333333333,59.63478088378906,30.784189224243164,116.76168060302734
Chronos2,2025-07-02 00:00:00+00:00,LZ_WEST,2025-07-02 07:00:00+00:00,68.89083333333333,54.51483154296875,27.666194915771484,107.09886932373047
Chronos2,2025-07-02 00:00:00+00:00,LZ_WEST,2025-07-02 08:00:00+00:00,55.58583333333333,50.75376892089844,23.4005126953125,105.18012237548828
Chronos2,2025-07-02 00:00:00+00:00,LZ_WEST,2025-07-02 09:00:00+00:00,71.02666666666666,47.71894454956055,20.813018798828125,101.3505859375
Chronos2,2025-07-02 00:00:00+00:00,LZ_WEST,2025-07-02 10:00:00+00:00,63.9925,47.04778289794922,19.072534561157227,103.15390014648438
Chronos2,2025-07-02 00:00:00+00:00,LZ_WEST,2025-07-02 11:00:00+00:00,73.03916666666667,44.14029312133789,17.945749282836914,97.89204406738281
Chronos2,2025-07-02 00:00:00+00:00,LZ_WEST,2025-07-02 12:00:00+00:00,63.01333333333333,40.52985382080078,14.743276596069336,91.40779113769531
Chronos2,2025-07-02 00:00:00+00:00,LZ_WEST,2025-07-02 13:00:00+00:00,55.23666666666667,34.8173942565918,13.30992317199707,79.29133605957031
Chronos2,2025-07-02 00:00:00+00:00,LZ_WEST,2025-07-02 14:00:00+00:00,45.12916666666666,32.92522430419922,11.459667205810547,75.22557830810547
Chronos2,2025-07-02 00:00:00+00:00,LZ_WEST,2025-07-02 15:00:00+00:00,41.649166666666666,32.90700912475586,11.411867141723633,74.55976104736328
Chronos2,2025-07-02 00:00:00+00:00,LZ_WEST,2025-07-02 16:00:00+00:00,36.505,36.7447395324707,15.41379165649414,87.02717590332031
Chronos2,2025-07-02 00:00:00+00:00,LZ_WEST,2025-07-02 17:00:00+00:00,35.31333333333333,39.18730163574219,17.092304229736328,92.92042541503906
Chronos2,2025-07-02 00:00:00+00:00,LZ_WEST,2025-07-02 18:00:00+00:00,32.0575,41.10904312133789,17.596534729003906,97.8424072265625
Chronos2,2025-07-02 00:00:00+00:00,LZ_WEST,2025-07-02 19:00:00+00:00,29.28916666666667,42.11640548706055,17.780458450317383,101.72789001464844
Chronos2,2025-07-02 00:00:00+00:00,LZ_WEST,2025-07-02 20:00:00+00:00,28.741666666666664,42.11191177368164,17.690765380859375,102.94601440429688
Chronos2,2025-07-02 00:00:00+00:00,LZ_WEST,2025-07-02 21:00:00+00:00,32.85333333333333,43.69981384277344,18.767778396606445,105.99948120117188
Chronos2,2025-07-02 00:00:00+00:00,LZ_WEST,2025-07-02 22:00:00+00:00,37.84166666666667,48.881919860839844,20.667179107666016,116.18672943115234
Chronos2,2025-07-02 00:00:00+00:00,LZ_WEST,2025-07-02 23:00:00+00:00,33.5825,52.517860412597656,22.055124282836914,127.32088470458984
Chronos2,2025-07-03 00:00:00+00:00,HB_HUBAVG,2025-07-03 00:00:00+00:00,40.3175,38.42300033569336,25.270980834960938,75.12828063964844
Chronos2,2025-07-03 00:00:00+00:00,HB_HUBAVG,2025-07-03 01:00:00+00:00,35.181666666666665,40.25873565673828,23.957901000976562,91.57491302490234
Chronos2,2025-07-03 00:00:00+00:00,HB_HUBAVG,2025-07-03 02:00:00+00:00,36.90166666666666,39.04945373535156,22.09977149963379,91.259765625
Chronos2,2025-07-03 00:00:00+00:00,HB_HUBAVG,2025-07-03 03:00:00+00:00,36.07,36.9517707824707,20.38574981689453,85.29106903076172
Chronos2,2025-07-03 00:00:00+00:00,HB_HUBAVG,2025-07-03 04:00:00+00:00,34.373333333333335,35.342464447021484,19.468303680419922,73.78163146972656
Chronos2,2025-07-03 00:00:00+00:00,HB_HUBAVG,2025-07-03 05:00:00+00:00,35.18416666666666,34.390869140625,18.342844009399414,74.59910583496094
Chronos2,2025-07-03 00:00:00+00:00,HB_HUBAVG,2025-07-03 06:00:00+00:00,32.895,32.42057800292969,16.77941131591797,67.56637573242188
Chronos2,2025-07-03 00:00:00+00:00,HB_HUBAVG,2025-07-03 07:00:00+00:00,30.0775,31.806652069091797,15.83830451965332,63.777931213378906
Chronos2,2025-07-03 00:00:00+00:00,HB_HUBAVG,2025-07-03 08:00:00+00:00,31.03,30.66386604309082,14.735130310058594,60.21935272216797
Chronos2,2025-07-03 00:00:00+00:00,HB_HUBAVG,2025-07-03 09:00:00+00:00,29.183333333333337,30.071922302246094,13.935853958129883,59.00537872314453
Chronos2,2025-07-03 00:00:00+00:00,HB_HUBAVG,2025-07-03 10:00:00+00:00,29.385,30.26384162902832,13.207515716552734,65.35829162597656
Chronos2,2025-07-03 00:00:00+00:00,HB_HUBAVG,2025-07-03 11:00:00+00:00,28.7125,29.942676544189453,11.253211975097656,73.70848083496094
Chronos2,2025-07-03 00:00:00+00:00,HB_HUBAVG,2025-07-03 12:00:00+00:00,28.56833333333333,27.396686553955078,9.554662704467773,64.32075500488281
Chronos2,2025-07-03 00:00:00+00:00,HB_HUBAVG,2025-07-03 13:00:00+00:00,29.555833333333336,24.747085571289062,7.2461700439453125,55.56153869628906
Chronos2,2025-07-03 00:00:00+00:00,HB_HUBAVG,2025-07-03 14:00:00+00:00,25.689166666666665,23.643131256103516,6.053703308105469,52.28427505493164
Chronos2,2025-07-03 00:00:00+00:00,HB_HUBAVG,2025-07-03 15:00:00+00:00,25.201666666666668,23.973121643066406,6.396974563598633,51.90790939331055
Chronos2,2025-07-03 00:00:00+00:00,HB_HUBAVG,2025-07-03 16:00:00+00:00,26.820000000000004,27.494312286376953,11.325899124145508,70.82382202148438
Chronos2,2025-07-03 00:00:00+00:00,HB_HUBAVG,2025-07-03 17:00:00+00:00,29.523333333333337,28.59600067138672,12.060636520385742,74.54472351074219
Chronos2,2025-07-03 00:00:00+00:00,HB_HUBAVG,2025-07-03 18:00:00+00:00,26.7775,29.123302459716797,12.227977752685547,80.71263885498047
Chronos2,2025-07-03 00:00:00+00:00,HB_HUBAVG,2025-07-03 19:00:00+00:00,28.683333333333337,29.98632049560547,12.08154296875,86.16549682617188
Chronos2,2025-07-03 00:00:00+00:00,HB_HUBAVG,2025-07-03 20:00:00+00:00,39.24333333333333,31.258779525756836,12.710905075073242,88.41957092285156
Chronos2,2025-07-03 00:00:00+00:00,HB_HUBAVG,2025-07-03 21:00:00+00:00,40.73166666666666,33.06993865966797,13.352777481079102,96.40126037597656
Chronos2,2025-07-03 00:00:00+00:00,HB_HUBAVG,2025-07-03 22:00:00+00:00,34.04333333333333,33.948402404785156,13.178998947143555,105.40545654296875
Chronos2,2025-07-03 00:00:00+00:00,HB_HUBAVG,2025-07-03 23:00:00+00:00,37.65916666666667,34.05238342285156,13.461160659790039,107.39897155761719
Chronos2,2025-07-03 00:00:00+00:00,HB_PAN,2025-07-03 00:00:00+00:00,40.55083333333334,41.41163635253906,24.809574127197266,69.72453308105469
Chronos2,2025-07-03 00:00:00+00:00,HB_PAN,2025-07-03 01:00:00+00:00,35.19166666666667,50.7446174621582,26.982606887817383,111.12150573730469
Chronos2,2025-07-03 00:00:00+00:00,HB_PAN,2025-07-03 02:00:00+00:00,36.37583333333333,45.65052032470703,22.88864517211914,101.12446594238281
Chronos2,2025-07-03 00:00:00+00:00,HB_PAN,2025-07-03 03:00:00+00:00,36.024166666666666,38.14731979370117,17.686288833618164,85.60272979736328
Chronos2,2025-07-03 00:00:00+00:00,HB_PAN,2025-07-03 04:00:00+00:00,34.575,34.94972610473633,15.317741394042969,71.92252349853516
Chronos2,2025-07-03 00:00:00+00:00,HB_PAN,2025-07-03 05:00:00+00:00,35.64333333333334,33.64002990722656,14.111827850341797,68.39067077636719
Chronos2,2025-07-03 00:00:00+00:00,HB_PAN,2025-07-03 06:00:00+00:00,33.26333333333333,32.70598602294922,13.497745513916016,64.6025390625
Chronos2,2025-07-03 00:00:00+00:00,HB_PAN,2025-07-03 07:00:00+00:00,30.39833333333333,33.04293441772461,13.394161224365234,63.923553466796875
Chronos2,2025-07-03 00:00:00+00:00,HB_PAN,2025-07-03 08:00:00+00:00,31.39333333333333,31.980836868286133,12.115499496459961,61.50508117675781
Chronos2,2025-07-03 00:00:00+00:00,HB_PAN,2025-07-03 09:00:00+00:00,29.301666666666662,31.073997497558594,11.103321075439453,58.583805084228516
Chronos2,2025-07-03 00:00:00+00:00,HB_PAN,2025-07-03 10:00:00+00:00,29.385,30.967639923095703,10.774192810058594,60.850067138671875
Chronos2,2025-07-03 00:00:00+00:00,HB_PAN,2025-07-03 11:00:00+00:00,28.7125,30.4179630279541,9.017473220825195,66.38642120361328
Chronos2,2025-07-03 00:00:00+00:00,HB_PAN,2025-07-03 12:00:00+00:00,28.56833333333333,27.722164154052734,7.697504043579102,58.0299072265625
Chronos2,2025-07-03 00:00:00+00:00,HB_PAN,2025-07-03 13:00:00+00:00,29.555833333333336,24.715166091918945,5.623363494873047,50.09552764892578
Chronos2,2025-07-03 00:00:00+00:00,HB_PAN,2025-07-03 14:00:00+00:00,25.8125,22.767974853515625,4.474662780761719,45.96106719970703
Chronos2,2025-07-03 00:00:00+00:00,HB_PAN,2025-07-03 15:00:00+00:00,25.320833333333336,22.42271614074707,4.545085906982422,44.84165954589844
Chronos2,2025-07-03 00:00:00+00:00,HB_PAN,2025-07-03 16:00:00+00:00,26.499166666666667,24.41920280456543,6.741399765014648,52.44719314575195
Chronos2,2025-07-03 00:00:00+00:00,HB_PAN,2025-07-03 17:00:00+00:00,29.61083333333333,25.499221801757812,7.186155319213867,55.354652404785156
Chronos2,2025-07-03 00:00:00+00:00,HB_PAN,2025-07-03 18:00:00+00:00,26.96333333333333,26.44742774963379,7.669452667236328,57.706687927246094
Chronos2,2025-07-03 00:00:00+00:00,HB_PAN,2025-07-03 19:00:00+00:00,29.49833333333333,25.95445442199707,7.010021209716797,60.25715637207031
Chronos2,2025-07-03 00:00:00+00:00,HB_PAN,2025-07-03 20:00:00+00:00,42.1975,26.984939575195312,6.888120651245117,63.05544662475586
Chronos2,2025-07-03 00:00:00+00:00,HB_PAN,2025-07-03 21:00:00+00:00,43.23500000000001,29.307811737060547,7.796430587768555,73.69331359863281
Chronos2,2025-07-03 00:00:00+00:00,HB_PAN,2025-07-03 22:00:00+00:00,35.494166666666665,29.504064559936523,6.883962631225586,80.11203002929688
Chronos2,2025-07-03 00:00:00+00:00,HB_PAN,2025-07-03 23:00:00+00:00,39.23833333333334,27.795883178710938,5.995185852050781,71.07955932617188
Chronos2,2025-07-03 00:00:00+00:00,LZ_WEST,2025-07-03 00:00:00+00:00,40.355,41.3232536315918,22.70600700378418,67.53211212158203
Chronos2,2025-07-03 00:00:00+00:00,LZ_WEST,2025-07-03 01:00:00+00:00,34.94083333333334,42.36524200439453,18.024913787841797,78.30889129638672
Chronos2,2025-07-03 00:00:00+00:00,LZ_WEST,2025-07-03 02:00:00+00:00,48.645833333333336,42.2077522277832,15.090599060058594,87.84080505371094
Chronos2,2025-07-03 00:00:00+00:00,LZ_WEST,2025-07-03 03:00:00+00:00,37.05166666666667,41.68470764160156,13.898738861083984,87.52317810058594
Chronos2,2025-07-03 00:00:00+00:00,LZ_WEST,2025-07-03 04:00:00+00:00,34.6,41.31706619262695,12.327932357788086,84.60458374023438
Chronos2,2025-07-03 00:00:00+00:00,LZ_WEST,2025-07-03 05:00:00+00:00,35.755,41.392242431640625,11.273056030273438,90.5628662109375
Chronos2,2025-07-03 00:00:00+00:00,LZ_WEST,2025-07-03 06:00:00+00:00,33.0475,39.921810150146484,9.714664459228516,89.9244384765625
Chronos2,2025-07-03 00:00:00+00:00,LZ_WEST,2025-07-03 07:00:00+00:00,30.236666666666665,40.75082015991211,8.949111938476562,91.58959197998047
Chronos2,2025-07-03 00:00:00+00:00,LZ_WEST,2025-07-03 08:00:00+00:00,35.67416666666667,39.5815544128418,8.156951904296875,89.91719055175781
Chronos2,2025-07-03 00:00:00+00:00,LZ_WEST,2025-07-03 09:00:00+00:00,31.08,39.595375061035156,7.240962982177734,92.85292053222656
Chronos2,2025-07-03 00:00:00+00:00,LZ_WEST,2025-07-03 10:00:00+00:00,29.376666666666665,38.872745513916016,7.1677093505859375,90.67841339111328
Chronos2,2025-07-03 00:00:00+00:00,LZ_WEST,2025-07-03 11:00:00+00:00,28.7125,38.23394012451172,4.954254150390625,93.24493408203125
Chronos2,2025-07-03 00:00:00+00:00,LZ_WEST,2025-07-03 12:00:00+00:00,28.56833333333333,36.47827911376953,4.228385925292969,85.07748413085938
Chronos2,2025-07-03 00:00:00+00:00,LZ_WEST,2025-07-03 13:00:00+00:00,29.555833333333336,34.593406677246094,4.124988555908203,80.60139465332031
Chronos2,2025-07-03 00:00:00+00:00,LZ_WEST,2025-07-03 14:00:00+00:00,25.85,32.672813415527344,2.9303855895996094,74.85025787353516
Chronos2,2025-07-03 00:00:00+00:00,LZ_WEST,2025-07-03 15:00:00+00:00,25.361666666666668,31.22426986694336,2.6655006408691406,71.41254425048828
Chronos2,2025-07-03 00:00:00+00:00,LZ_WEST,2025-07-03 16:00:00+00:00,26.334166666666665,30.987028121948242,3.0823516845703125,74.0914306640625
Chronos2,2025-07-03 00:00:00+00:00,LZ_WEST,2025-07-03 17:00:00+00:00,29.42333333333333,31.527692794799805,3.3184356689453125,75.35367584228516
Chronos2,2025-07-03 00:00:00+00:00,LZ_WEST,2025-07-03 18:00:00+00:00,26.4375,31.42020034790039,3.3580551147460938,76.381591796875
Chronos2,2025-07-03 00:00:00+00:00,LZ_WEST,2025-07-03 19:00:00+00:00,29.598333333333333,32.76123809814453,3.3012123107910156,79.72899627685547
Chronos2,2025-07-03 00:00:00+00:00,LZ_WEST,2025-07-03 20:00:00+00:00,42.91666666666666,33.98091506958008,3.8454818725585938,81.96316528320312
Chronos2,2025-07-03 00:00:00+00:00,LZ_WEST,2025-07-03 21:00:00+00:00,43.8625,35.84099197387695,4.063732147216797,87.79298400878906
Chronos2,2025-07-03 00:00:00+00:00,LZ_WEST,2025-07-03 22:00:00+00:00,36.02166666666667,37.59770965576172,4.014305114746094,99.05960083007812
Chronos2,2025-07-03 00:00:00+00:00,LZ_WEST,2025-07-03 23:00:00+00:00,39.72083333333334,38.400306701660156,3.922138214111328,104.86158752441406
Chronos2,2025-07-04 00:00:00+00:00,HB_HUBAVG,2025-07-04 00:00:00+00:00,30.3925,37.58740234375,29.917570114135742,50.33611297607422
Chronos2,2025-07-04 00:00:00+00:00,HB_HUBAVG,2025-07-04 01:00:00+00:00,29.87,36.62664794921875,28.67276954650879,53.091819763183594
Chronos2,2025-07-04 00:00:00+00:00,HB_HUBAVG,2025-07-04 02:00:00+00:00,33.94583333333333,35.330963134765625,27.108924865722656,51.190757751464844
Chronos2,2025-07-04 00:00:00+00:00,HB_HUBAVG,2025-07-04 03:00:00+00:00,31.84583333333333,34.3918571472168,26.226520538330078,49.074554443359375
Chronos2,2025-07-04 00:00:00+00:00,HB_HUBAVG,2025-07-04 04:00:00+00:00,27.86916666666667,33.33980178833008,25.344947814941406,45.92605972290039
Chronos2,2025-07-04 00:00:00+00:00,HB_HUBAVG,2025-07-04 05:00:00+00:00,29.930000000000003,32.787784576416016,24.63131332397461,45.816158294677734
Chronos2,2025-07-04 00:00:00+00:00,HB_HUBAVG,2025-07-04 06:00:00+00:00,26.691666666666663,32.469486236572266,24.062448501586914,44.56871032714844
Chronos2,2025-07-04 00:00:00+00:00,HB_HUBAVG,2025-07-04 07:00:00+00:00,24.1175,31.92860984802246,23.700532913208008,43.196258544921875
Chronos2,2025-07-04 00:00:00+00:00,HB_HUBAVG,2025-07-04 08:00:00+00:00,24.3925,31.45334815979004,23.16553497314453,42.571651458740234
Chronos2,2025-07-04 00:00:00+00:00,HB_HUBAVG,2025-07-04 09:00:00+00:00,25.7925,31.1629638671875,22.500171661376953,43.13462448120117
Chronos2,2025-07-04 00:00:00+00:00,HB_HUBAVG,2025-07-04 10:00:00+00:00,26.155833333333337,30.89740562438965,22.045120239257812,43.83795928955078
Chronos2,2025-07-04 00:00:00+00:00,HB_HUBAVG,2025-07-04 11:00:00+00:00,28.43583333333333,30.591569900512695,21.51593780517578,44.112518310546875
Chronos2,2025-07-04 00:00:00+00:00,HB_HUBAVG,2025-07-04 12:00:00+00:00,27.21333333333333,30.510337829589844,21.23721694946289,45.17658233642578
Chronos2,2025-07-04 00:00:00+00:00,HB_HUBAVG,2025-07-04 13:00:00+00:00,26.4,30.378623962402344,20.978816986083984,45.979331970214844
Chronos2,2025-07-04 00:00:00+00:00,HB_HUBAVG,2025-07-04 14:00:00+00:00,24.58666666666667,30.418384552001953,21.112285614013672,47.04906463623047
Chronos2,2025-07-04 00:00:00+00:00,HB_HUBAVG,2025-07-04 15:00:00+00:00,22.0325,30.759429931640625,21.030466079711914,50.34889602661133
Chronos2,2025-07-04 00:00:00+00:00,HB_HUBAVG,2025-07-04 16:00:00+00:00,22.641666666666666,32.99507522583008,21.390460968017578,56.41181182861328
Chronos2,2025-07-04 00:00:00+00:00,HB_HUBAVG,2025-07-04 17:00:00+00:00,21.1075,34.00025177001953,21.669513702392578,62.43050003051758
Chronos2,2025-07-04 00:00:00+00:00,HB_HUBAVG,2025-07-04 18:00:00+00:00,22.79583333333333,34.817474365234375,22.210081100463867,68.42472839355469
Chronos2,2025-07-04 00:00:00+00:00,HB_HUBAVG,2025-07-04 19:00:00+00:00,23.555000000000003,36.538700103759766,22.817541122436523,79.82975769042969
Chronos2,2025-07-04 00:00:00+00:00,HB_HUBAVG,2025-07-04 20:00:00+00:00,26.6875,38.386634826660156,23.18537139892578,87.92387390136719
Chronos2,2025-07-04 00:00:00+00:00,HB_HUBAVG,2025-07-04 21:00:00+00:00,28.974166666666665,40.1744384765625,24.024620056152344,97.31015014648438
Chronos2,2025-07-04 00:00:00+00:00,HB_HUBAVG,2025-07-04 22:00:00+00:00,27.3275,41.04869079589844,24.11809730529785,107.15792846679688
Chronos2,2025-07-04 00:00:00+00:00,HB_HUBAVG,2025-07-04 23:00:00+00:00,24.5675,41.889888763427734,24.415847778320312,115.80476379394531
Chronos2,2025-07-04 00:00:00+00:00,HB_PAN,2025-07-04 00:00:00+00:00,31.0575,40.54573059082031,31.050434112548828,57.92841339111328
Chronos2,2025-07-04 00:00:00+00:00,HB_PAN,2025-07-04 01:00:00+00:00,30.07,39.31047821044922,28.32826042175293,62.01380157470703
Chronos2,2025-07-04 00:00:00+00:00,HB_PAN,2025-07-04 02:00:00+00:00,33.40416666666667,36.56624984741211,25.672630310058594,59.91627883911133
Chronos2,2025-07-04 00:00:00+00:00,HB_PAN,2025-07-04 03:00:00+00:00,32.185,34.407588958740234,23.89511489868164,56.84428405761719
Chronos2,2025-07-04 00:00:00+00:00,HB_PAN,2025-07-04 04:00:00+00:00,28.4075,33.26689147949219,22.665515899658203,53.4666748046875
Chronos2,2025-07-04 00:00:00+00:00,HB_PAN,2025-07-04 05:00:00+00:00,31.25,32.29896926879883,21.816316604614258,52.49694061279297
Chronos2,2025-07-04 00:00:00+00:00,HB_PAN,2025-07-04 06:00:00+00:00,27.891666666666666,32.07273483276367,21.267311096191406,49.74004364013672
Chronos2,2025-07-04 00:00:00+00:00,HB_PAN,2025-07-04 07:00:00+00:00,25.79083333333333,31.295005798339844,21.195602416992188,46.290435791015625
Chronos2,2025-07-04 00:00:00+00:00,HB_PAN,2025-07-04 08:00:00+00:00,26.40083333333333,30.642091751098633,20.746479034423828,45.107303619384766
Chronos2,2025-07-04 00:00:00+00:00,HB_PAN,2025-07-04 09:00:00+00:00,29.188333333333333,30.422651290893555,20.115917205810547,45.137001037597656
Chronos2,2025-07-04 00:00:00+00:00,HB_PAN,2025-07-04 10:00:00+00:00,30.451666666666668,30.274999618530273,19.672056198120117,45.88454055786133
Chronos2,2025-07-04 00:00:00+00:00,HB_PAN,2025-07-04 11:00:00+00:00,33.67916666666667,30.063648223876953,19.401155471801758,46.09377670288086
Chronos2,2025-07-04 00:00:00+00:00,HB_PAN,2025-07-04 12:00:00+00:00,30.843333333333337,30.107162475585938,19.26909065246582,46.88539505004883
Chronos2,2025-07-04 00:00:00+00:00,HB_PAN,2025-07-04 13:00:00+00:00,26.81,30.296768188476562,19.10733413696289,47.65864181518555
Chronos2,2025-07-04 00:00:00+00:00,HB_PAN,2025-07-04 14:00:00+00:00,25.47,30.601919174194336,19.44843101501465,48.77925109863281
Chronos2,2025-07-04 00:00:00+00:00,HB_PAN,2025-07-04 15:00:00+00:00,23.24,31.009906768798828,19.282407760620117,51.740081787109375
Chronos2,2025-07-04 00:00:00+00:00,HB_PAN,2025-07-04 16:00:00+00:00,24.02416666666667,33.27091598510742,20.107044219970703,63.637271881103516
Chronos2,2025-07-04 00:00:00+00:00,HB_PAN,2025-07-04 17:00:00+00:00,22.179166666666664,34.80742645263672,20.432514190673828,71.56552124023438
Chronos2,2025-07-04 00:00:00+00:00,HB_PAN,2025-07-04 18:00:00+00:00,23.5125,36.525489807128906,21.100854873657227,81.69491577148438
Chronos2,2025-07-04 00:00:00+00:00,HB_PAN,2025-07-04 19:00:00+00:00,24.2125,39.12500762939453,22.146434783935547,98.47938537597656
Chronos2,2025-07-04 00:00:00+00:00,HB_PAN,2025-07-04 20:00:00+00:00,27.121666666666663,41.35352325439453,23.33517837524414,107.52900695800781
Chronos2,2025-07-04 00:00:00+00:00,HB_PAN,2025-07-04 21:00:00+00:00,29.326666666666668,43.42711639404297,23.961944580078125,112.869140625
Chronos2,2025-07-04 00:00:00+00:00,HB_PAN,2025-07-04 22:00:00+00:00,27.7125,43.78999328613281,23.671483993530273,118.47886657714844
Chronos2,2025-07-04 00:00:00+00:00,HB_PAN,2025-07-04 23:00:00+00:00,23.265,44.463321685791016,24.539932250976562,122.13688659667969
Chronos2,2025-07-04 00:00:00+00:00,LZ_WEST,2025-07-04 00:00:00+00:00,31.285,39.568695068359375,30.625308990478516,55.882408142089844
Chronos2,2025-07-04 00:00:00+00:00,LZ_WEST,2025-07-04 01:00:00+00:00,30.141666666666666,39.01569366455078,27.86529541015625,61.08386993408203
Chronos2,2025-07-04 00:00:00+00:00,LZ_WEST,2025-07-04 02:00:00+00:00,36.58083333333334,38.686580657958984,25.828659057617188,66.82645416259766
Chronos2,2025-07-04 00:00:00+00:00,LZ_WEST,2025-07-04 03:00:00+00:00,33.0225,37.99041748046875,25.021284103393555,68.74079895019531
Chronos2,2025-07-04 00:00:00+00:00,LZ_WEST,2025-07-04 04:00:00+00:00,31.64333333333333,37.798744201660156,24.07994270324707,68.66171264648438
Chronos2,2025-07-04 00:00:00+00:00,LZ_WEST,2025-07-04 05:00:00+00:00,36.91166666666667,37.183799743652344,23.213150024414062,71.28269958496094
Chronos2,2025-07-04 00:00:00+00:00,LZ_WEST,2025-07-04 06:00:00+00:00,36.63833333333333,36.98283767700195,23.188159942626953,70.30848693847656
Chronos2,2025-07-04 00:00:00+00:00,LZ_WEST,2025-07-04 07:00:00+00:00,38.94916666666666,36.86008834838867,22.63027572631836,66.59180450439453
Chronos2,2025-07-04 00:00:00+00:00,LZ_WEST,2025-07-04 08:00:00+00:00,46.2325,36.57628631591797,22.067638397216797,69.61924743652344
Chronos2,2025-07-04 00:00:00+00:00,LZ_WEST,2025-07-04 09:00:00+00:00,73.53416666666666,36.36076354980469,21.421775817871094,70.7111587524414
Chronos2,2025-07-04 00:00:00+00:00,LZ_WEST,2025-07-04 10:00:00+00:00,83.81,35.86521911621094,21.251808166503906,70.65814208984375
Chronos2,2025-07-04 00:00:00+00:00,LZ_WEST,2025-07-04 11:00:00+00:00,102.93333333333334,35.28173065185547,20.17352294921875,71.6051025390625
Chronos2,2025-07-04 00:00:00+00:00,LZ_WEST,2025-07-04 12:00:00+00:00,80.09916666666668,35.3209342956543,19.507043838500977,72.36032104492188
Chronos2,2025-07-04 00:00:00+00:00,LZ_WEST,2025-07-04 13:00:00+00:00,30.02416666666667,34.64202880859375,20.24270248413086,70.66363525390625
Chronos2,2025-07-04 00:00:00+00:00,LZ_WEST,2025-07-04 14:00:00+00:00,25.749166666666667,34.29385757446289,19.718059539794922,68.7909164428711
Chronos2,2025-07-04 00:00:00+00:00,LZ_WEST,2025-07-04 15:00:00+00:00,23.680833333333336,34.15079116821289,19.446683883666992,71.19674682617188
Chronos2,2025-07-04 00:00:00+00:00,LZ_WEST,2025-07-04 16:00:00+00:00,24.511666666666667,36.85157012939453,16.541311264038086,86.62083435058594
Chronos2,2025-07-04 00:00:00+00:00,LZ_WEST,2025-07-04 17:00:00+00:00,22.454166666666666,37.76863098144531,16.84295082092285,92.15970611572266
Chronos2,2025-07-04 00:00:00+00:00,LZ_WEST,2025-07-04 18:00:00+00:00,23.271666666666665,38.08124542236328,17.137826919555664,95.82319641113281
Chronos2,2025-07-04 00:00:00+00:00,LZ_WEST,2025-07-04 19:00:00+00:00,23.794166666666666,39.945377349853516,16.922584533691406,106.62290954589844
Chronos2,2025-07-04 00:00:00+00:00,LZ_WEST,2025-07-04 20:00:00+00:00,27.0,41.222618103027344,17.199262619018555,112.9348373413086
Chronos2,2025-07-04 00:00:00+00:00,LZ_WEST,2025-07-04 21:00:00+00:00,29.169166666666666,42.44859313964844,17.850772857666016,113.4733657836914
Chronos2,2025-07-04 00:00:00+00:00,LZ_WEST,2025-07-04 22:00:00+00:00,27.73333333333333,43.12681579589844,18.431203842163086,113.6241226196289
Chronos2,2025-07-04 00:00:00+00:00,LZ_WEST,2025-07-04 23:00:00+00:00,25.684166666666663,43.63315963745117,18.322032928466797,115.36248779296875
Chronos2,2025-07-05 00:00:00+00:00,HB_HUBAVG,2025-07-05 00:00:00+00:00,26.314166666666665,25.936689376831055,22.410308837890625,32.142425537109375
Chronos2,2025-07-05 00:00:00+00:00,HB_HUBAVG,2025-07-05 01:00:00+00:00,29.985,26.533050537109375,21.946643829345703,33.95399856567383
Chronos2,2025-07-05 00:00:00+00:00,HB_HUBAVG,2025-07-05 02:00:00+00:00,29.043333333333333,27.09986686706543,21.680213928222656,35.59306335449219
Chronos2,2025-07-05 00:00:00+00:00,HB_HUBAVG,2025-07-05 03:00:00+00:00,26.49833333333333,27.08304214477539,21.427900314331055,35.989830017089844
Chronos2,2025-07-05 00:00:00+00:00,HB_HUBAVG,2025-07-05 04:00:00+00:00,23.58333333333333,26.681367874145508,21.061683654785156,35.26420974731445
Chronos2,2025-07-05 00:00:00+00:00,HB_HUBAVG,2025-07-05 05:00:00+00:00,24.8075,26.368404388427734,20.47140121459961,35.1702880859375
Chronos2,2025-07-05 00:00:00+00:00,HB_HUBAVG,2025-07-05 06:00:00+00:00,25.25,25.82147216796875,19.815887451171875,34.13853454589844
Chronos2,2025-07-05 00:00:00+00:00,HB_HUBAVG,2025-07-05 07:00:00+00:00,24.980833333333333,25.142051696777344,19.449703216552734,32.87407684326172
Chronos2,2025-07-05 00:00:00+00:00,HB_HUBAVG,2025-07-05 08:00:00+00:00,26.655,24.803813934326172,18.93218231201172,31.987510681152344
Chronos2,2025-07-05 00:00:00+00:00,HB_HUBAVG,2025-07-05 09:00:00+00:00,28.33083333333333,24.829299926757812,18.696788787841797,32.55622863769531
Chronos2,2025-07-05 00:00:00+00:00,HB_HUBAVG,2025-07-05 10:00:00+00:00,33.89666666666667,24.985740661621094,18.64739227294922,33.403934478759766
Chronos2,2025-07-05 00:00:00+00:00,HB_HUBAVG,2025-07-05 11:00:00+00:00,33.41416666666667,25.060365676879883,18.534364700317383,33.546356201171875
Chronos2,2025-07-05 00:00:00+00:00,HB_HUBAVG,2025-07-05 12:00:00+00:00,30.250833333333333,24.986434936523438,18.362125396728516,33.64221954345703
Chronos2,2025-07-05 00:00:00+00:00,HB_HUBAVG,2025-07-05 13:00:00+00:00,25.8725,24.44681167602539,17.737966537475586,33.36130905151367
Chronos2,2025-07-05 00:00:00+00:00,HB_HUBAVG,2025-07-05 14:00:00+00:00,25.868333333333336,23.696434020996094,17.308855056762695,33.29330062866211
Chronos2,2025-07-05 00:00:00+00:00,HB_HUBAVG,2025-07-05 15:00:00+00:00,26.5325,23.315547943115234,16.863006591796875,33.6213264465332
Chronos2,2025-07-05 00:00:00+00:00,HB_HUBAVG,2025-07-05 16:00:00+00:00,26.6925,24.549842834472656,16.85733413696289,42.22100067138672
Chronos2,2025-07-05 00:00:00+00:00,HB_HUBAVG,2025-07-05 17:00:00+00:00,24.605833333333333,24.68206787109375,17.030353546142578,45.08366012573242
Chronos2,2025-07-05 00:00:00+00:00,HB_HUBAVG,2025-07-05 18:00:00+00:00,23.705,25.52191925048828,17.407739639282227,48.300872802734375
Chronos2,2025-07-05 00:00:00+00:00,HB_HUBAVG,2025-07-05 19:00:00+00:00,23.84,26.407703399658203,18.18348503112793,54.80256652832031
Chronos2,2025-07-05 00:00:00+00:00,HB_HUBAVG,2025-07-05 20:00:00+00:00,22.625,28.627670288085938,18.722787857055664,65.1761245727539
Chronos2,2025-07-05 00:00:00+00:00,HB_HUBAVG,2025-07-05 21:00:00+00:00,22.66333333333333,29.936748504638672,19.224939346313477,76.3685302734375
Chronos2,2025-07-05 00:00:00+00:00,HB_HUBAVG,2025-07-05 22:00:00+00:00,23.83583333333333,30.588008880615234,19.501937866210938,83.69664001464844
Chronos2,2025-07-05 00:00:00+00:00,HB_HUBAVG,2025-07-05 23:00:00+00:00,24.64333333333333,30.737924575805664,19.4717960357666,88.70494079589844
Chronos2,2025-07-05 00:00:00+00:00,HB_PAN,2025-07-05 00:00:00+00:00,23.138333333333332,25.959728240966797,21.484651565551758,33.137420654296875
Chronos2,2025-07-05 00:00:00+00:00,HB_PAN,2025-07-05 01:00:00+00:00,14.005833333333332,26.631065368652344,20.794490814208984,35.10460662841797
Chronos2,2025-07-05 00:00:00+00:00,HB_PAN,2025-07-05 02:00:00+00:00,6.4383333333333335,27.188282012939453,20.208126068115234,37.212223052978516
Chronos2,2025-07-05 00:00:00+00:00,HB_PAN,2025-07-05 03:00:00+00:00,4.01,27.544940948486328,19.998638153076172,38.901588439941406
Chronos2,2025-07-05 00:00:00+00:00,HB_PAN,2025-07-05 04:00:00+00:00,14.2725,27.432453155517578,19.61223602294922,39.061824798583984
Chronos2,2025-07-05 00:00:00+00:00,HB_PAN,2025-07-05 05:00:00+00:00,20.70583333333333,27.479530334472656,19.143064498901367,40.65224838256836
Chronos2,2025-07-05 00:00:00+00:00,HB_PAN,2025-07-05 06:00:00+00:00,24.294166666666666,27.47821044921875,18.690397262573242,40.244232177734375
Chronos2,2025-07-05 00:00:00+00:00,HB_PAN,2025-07-05 07:00:00+00:00,24.615,27.442466735839844,18.739070892333984,40.28225326538086
Chronos2,2025-07-05 00:00:00+00:00,HB_PAN,2025-07-05 08:00:00+00:00,26.4475,27.46731948852539,18.57159996032715,40.322837829589844
Chronos2,2025-07-05 00:00:00+00:00,HB_PAN,2025-07-05 09:00:00+00:00,29.7875,27.57001495361328,18.580062866210938,39.96416091918945
Chronos2,2025-07-05 00:00:00+00:00,HB_PAN,2025-07-05 10:00:00+00:00,36.3175,27.72427749633789,18.353256225585938,40.90016555786133
Chronos2,2025-07-05 00:00:00+00:00,HB_PAN,2025-07-05 11:00:00+00:00,35.825,27.83061981201172,18.104900360107422,41.68730163574219
Chronos2,2025-07-05 00:00:00+00:00,HB_PAN,2025-07-05 12:00:00+00:00,31.08666666666667,27.607776641845703,17.778207778930664,41.64561080932617
Chronos2,2025-07-05 00:00:00+00:00,HB_PAN,2025-07-05 13:00:00+00:00,25.8725,27.07341194152832,17.226253509521484,40.70159912109375
Chronos2,2025-07-05 00:00:00+00:00,HB_PAN,2025-07-05 14:00:00+00:00,26.215,26.636276245117188,16.837764739990234,40.30600357055664
Chronos2,2025-07-05 00:00:00+00:00,HB_PAN,2025-07-05 15:00:00+00:00,27.006666666666664,26.01911163330078,16.24102020263672,40.636356353759766
Chronos2,2025-07-05 00:00:00+00:00,HB_PAN,2025-07-05 16:00:00+00:00,27.0625,27.7353458404541,16.914608001708984,50.661739349365234
Chronos2,2025-07-05 00:00:00+00:00,HB_PAN,2025-07-05 17:00:00+00:00,25.095,28.134796142578125,17.56035041809082,54.371376037597656
Chronos2,2025-07-05 00:00:00+00:00,HB_PAN,2025-07-05 18:00:00+00:00,24.0825,29.14278221130371,17.98053550720215,61.41590118408203
Chronos2,2025-07-05 00:00:00+00:00,HB_PAN,2025-07-05 19:00:00+00:00,24.2675,31.503549575805664,18.816123962402344,76.50337219238281
Chronos2,2025-07-05 00:00:00+00:00,HB_PAN,2025-07-05 20:00:00+00:00,23.319166666666664,33.775150299072266,18.912975311279297,94.21556091308594
Chronos2,2025-07-05 00:00:00+00:00,HB_PAN,2025-07-05 21:00:00+00:00,23.7525,36.67214584350586,18.974472045898438,109.36756896972656
Chronos2,2025-07-05 00:00:00+00:00,HB_PAN,2025-07-05 22:00:00+00:00,24.916666666666668,38.573760986328125,19.182897567749023,132.12281799316406
Chronos2,2025-07-05 00:00:00+00:00,HB_PAN,2025-07-05 23:00:00+00:00,25.95833333333333,40.87155532836914,18.307388305664062,135.23045349121094
Chronos2,2025-07-05 00:00:00+00:00,LZ_WEST,2025-07-05 00:00:00+00:00,29.046666666666667,27.287193298339844,20.647335052490234,36.22013473510742
Chronos2,2025-07-05 00:00:00+00:00,LZ_WEST,2025-07-05 01:00:00+00:00,55.05416666666667,27.664888381958008,19.5727596282959,37.87345886230469
Chronos2,2025-07-05 00:00:00+00:00,LZ_WEST,2025-07-05 02:00:00+00:00,69.85416666666667,28.34423828125,18.034725189208984,44.654396057128906
Chronos2,2025-07-05 00:00:00+00:00,LZ_WEST,2025-07-05 03:00:00+00:00,66.93916666666667,28.97364616394043,17.73008918762207,48.96788024902344
Chronos2,2025-07-05 00:00:00+00:00,LZ_WEST,2025-07-05 04:00:00+00:00,52.93,29.506927490234375,17.93098258972168,52.95429611206055
Chronos2,2025-07-05 00:00:00+00:00,LZ_WEST,2025-07-05 05:00:00+00:00,60.57416666666666,30.39631462097168,17.18861198425293,61.40578842163086
Chronos2,2025-07-05 00:00:00+00:00,LZ_WEST,2025-07-05 06:00:00+00:00,57.81166666666667,31.31400489807129,17.214696884155273,65.9417953491211
Chronos2,2025-07-05 00:00:00+00:00,LZ_WEST,2025-07-05 07:00:00+00:00,53.54749999999999,32.832176208496094,17.782371520996094,69.45425415039062
Chronos2,2025-07-05 00:00:00+00:00,LZ_WEST,2025-07-05 08:00:00+00:00,55.77,34.05830001831055,17.911333084106445,73.06035614013672
Chronos2,2025-07-05 00:00:00+00:00,LZ_WEST,2025-07-05 09:00:00+00:00,53.85916666666666,35.81629943847656,17.777515411376953,86.26412963867188
Chronos2,2025-07-05 00:00:00+00:00,LZ_WEST,2025-07-05 10:00:00+00:00,63.925,36.36257553100586,18.27698516845703,96.30767822265625
Chronos2,2025-07-05 00:00:00+00:00,LZ_WEST,2025-07-05 11:00:00+00:00,69.35166666666667,37.1947021484375,17.587072372436523,104.8883285522461
Chronos2,2025-07-05 00:00:00+00:00,LZ_WEST,2025-07-05 12:00:00+00:00,42.99583333333334,36.49066162109375,16.985666275024414,103.43692016601562
Chronos2,2025-07-05 00:00:00+00:00,LZ_WEST,2025-07-05 13:00:00+00:00,25.8725,33.48392868041992,16.856565475463867,82.79383087158203
Chronos2,2025-07-05 00:00:00+00:00,LZ_WEST,2025-07-05 14:00:00+00:00,26.34083333333333,32.197242736816406,16.049755096435547,73.850341796875
Chronos2,2025-07-05 00:00:00+00:00,LZ_WEST,2025-07-05 15:00:00+00:00,27.17333333333333,30.80780029296875,15.512506484985352,70.8055648803711
Chronos2,2025-07-05 00:00:00+00:00,LZ_WEST,2025-07-05 16:00:00+00:00,27.19,32.25202560424805,15.222248077392578,73.97921752929688
Chronos2,2025-07-05 00:00:00+00:00,LZ_WEST,2025-07-05 17:00:00+00:00,25.26833333333333,32.294837951660156,15.017404556274414,74.35433959960938
Chronos2,2025-07-05 00:00:00+00:00,LZ_WEST,2025-07-05 18:00:00+00:00,23.986666666666665,32.52018737792969,14.824125289916992,74.55143737792969
Chronos2,2025-07-05 00:00:00+00:00,LZ_WEST,2025-07-05 19:00:00+00:00,23.865,33.11775588989258,15.114288330078125,77.18922424316406
Chronos2,2025-07-05 00:00:00+00:00,LZ_WEST,2025-07-05 20:00:00+00:00,23.06083333333333,34.12205123901367,15.699562072753906,81.36099243164062
Chronos2,2025-07-05 00:00:00+00:00,LZ_WEST,2025-07-05 21:00:00+00:00,24.044166666666666,35.99839401245117,15.139251708984375,88.70889282226562
Chronos2,2025-07-05 00:00:00+00:00,LZ_WEST,2025-07-05 22:00:00+00:00,25.24416666666667,36.873958587646484,15.105804443359375,99.2176513671875
Chronos2,2025-07-05 00:00:00+00:00,LZ_WEST,2025-07-05 23:00:00+00:00,26.3975,37.23542785644531,15.180028915405273,106.77616882324219
Chronos2,2025-07-06 00:00:00+00:00,HB_HUBAVG,2025-07-06 00:00:00+00:00,29.741666666666664,26.136390686035156,23.24689483642578,30.181636810302734
Chronos2,2025-07-06 00:00:00+00:00,HB_HUBAVG,2025-07-06 01:00:00+00:00,37.60166666666667,26.361019134521484,22.88690185546875,31.041370391845703
Chronos2,2025-07-06 00:00:00+00:00,HB_HUBAVG,2025-07-06 02:00:00+00:00,40.49,26.247520446777344,22.385498046875,30.930145263671875
Chronos2,2025-07-06 00:00:00+00:00,HB_HUBAVG,2025-07-06 03:00:00+00:00,41.99666666666667,25.781476974487305,21.911148071289062,30.64446258544922
Chronos2,2025-07-06 00:00:00+00:00,HB_HUBAVG,2025-07-06 04:00:00+00:00,34.064166666666665,25.47606658935547,21.62350845336914,30.569177627563477
Chronos2,2025-07-06 00:00:00+00:00,HB_HUBAVG,2025-07-06 05:00:00+00:00,30.09583333333333,25.335037231445312,21.405941009521484,30.376022338867188
Chronos2,2025-07-06 00:00:00+00:00,HB_HUBAVG,2025-07-06 06:00:00+00:00,29.325,25.422666549682617,21.403385162353516,30.564687728881836
Chronos2,2025-07-06 00:00:00+00:00,HB_HUBAVG,2025-07-06 07:00:00+00:00,29.879166666666663,25.297300338745117,21.346511840820312,30.14419174194336
Chronos2,2025-07-06 00:00:00+00:00,HB_HUBAVG,2025-07-06 08:00:00+00:00,30.214166666666667,25.368873596191406,21.268169403076172,30.294429779052734
Chronos2,2025-07-06 00:00:00+00:00,HB_HUBAVG,2025-07-06 09:00:00+00:00,30.62333333333333,25.547142028808594,21.189817428588867,30.942691802978516
Chronos2,2025-07-06 00:00:00+00:00,HB_HUBAVG,2025-07-06 10:00:00+00:00,30.084166666666665,25.65921401977539,21.234355926513672,31.398849487304688
Chronos2,2025-07-06 00:00:00+00:00,HB_HUBAVG,2025-07-06 11:00:00+00:00,28.140833333333333,25.67794418334961,21.16900634765625,31.428869247436523
Chronos2,2025-07-06 00:00:00+00:00,HB_HUBAVG,2025-07-06 12:00:00+00:00,23.93166666666667,25.724422454833984,21.180347442626953,31.435461044311523
Chronos2,2025-07-06 00:00:00+00:00,HB_HUBAVG,2025-07-06 13:00:00+00:00,22.6075,25.6270751953125,21.070375442504883,31.590084075927734
Chronos2,2025-07-06 00:00:00+00:00,HB_HUBAVG,2025-07-06 14:00:00+00:00,23.44333333333333,25.574951171875,21.107208251953125,31.354570388793945
Chronos2,2025-07-06 00:00:00+00:00,HB_HUBAVG,2025-07-06 15:00:00+00:00,22.9225,25.400901794433594,20.91984748840332,31.254241943359375
Chronos2,2025-07-06 00:00:00+00:00,HB_HUBAVG,2025-07-06 16:00:00+00:00,22.641666666666666,25.047496795654297,20.57646369934082,31.47493553161621
Chronos2,2025-07-06 00:00:00+00:00,HB_HUBAVG,2025-07-06 17:00:00+00:00,21.629166666666663,25.200950622558594,20.601621627807617,31.814746856689453
Chronos2,2025-07-06 00:00:00+00:00,HB_HUBAVG,2025-07-06 18:00:00+00:00,22.816666666666663,25.335891723632812,20.604860305786133,32.01225280761719
Chronos2,2025-07-06 00:00:00+00:00,HB_HUBAVG,2025-07-06 19:00:00+00:00,22.13416666666667,25.603191375732422,20.763317108154297,32.9501953125
Chronos2,2025-07-06 00:00:00+00:00,HB_HUBAVG,2025-07-06 20:00:00+00:00,21.846666666666664,26.475994110107422,21.207679748535156,34.813682556152344
Chronos2,2025-07-06 00:00:00+00:00,HB_HUBAVG,2025-07-06 21:00:00+00:00,22.38,27.40441131591797,21.776203155517578,37.01719284057617
Chronos2,2025-07-06 00:00:00+00:00,HB_HUBAVG,2025-07-06 22:00:00+00:00,23.62833333333333,27.755399703979492,21.965065002441406,36.8106689453125
Chronos2,2025-07-06 00:00:00+00:00,HB_HUBAVG,2025-07-06 23:00:00+00:00,27.410833333333333,27.67573356628418,22.080894470214844,36.69453430175781
Chronos2,2025-07-06 00:00:00+00:00,HB_PAN,2025-07-06 00:00:00+00:00,31.1525,26.484661102294922,21.556568145751953,31.509859085083008
Chronos2,2025-07-06 00:00:00+00:00,HB_PAN,2025-07-06 01:00:00+00:00,38.950833333333335,25.95075798034668,19.945045471191406,32.53968811035156
Chronos2,2025-07-06 00:00:00+00:00,HB_PAN,2025-07-06 02:00:00+00:00,41.498333333333335,25.480091094970703,18.542675018310547,32.81879806518555
Chronos2,2025-07-06 00:00:00+00:00,HB_PAN,2025-07-06 03:00:00+00:00,43.8575,25.180932998657227,17.456979751586914,33.235313415527344
Chronos2,2025-07-06 00:00:00+00:00,HB_PAN,2025-07-06 04:00:00+00:00,36.165,25.026290893554688,17.731178283691406,32.57346725463867
Chronos2,2025-07-06 00:00:00+00:00,HB_PAN,2025-07-06 05:00:00+00:00,33.149166666666666,25.215415954589844,18.485668182373047,31.906553268432617
Chronos2,2025-07-06 00:00:00+00:00,HB_PAN,2025-07-06 06:00:00+00:00,33.229166666666664,25.81307601928711,19.033111572265625,32.37543869018555
Chronos2,2025-07-06 00:00:00+00:00,HB_PAN,2025-07-06 07:00:00+00:00,33.473333333333336,26.144805908203125,19.4824161529541,32.55139923095703
Chronos2,2025-07-06 00:00:00+00:00,HB_PAN,2025-07-06 08:00:00+00:00,34.005833333333335,26.51387596130371,20.17812728881836,32.49742889404297
Chronos2,2025-07-06 00:00:00+00:00,HB_PAN,2025-07-06 09:00:00+00:00,33.81333333333333,27.029346466064453,20.46002960205078,33.37139892578125
Chronos2,2025-07-06 00:00:00+00:00,HB_PAN,2025-07-06 10:00:00+00:00,34.25833333333333,27.315855026245117,20.682941436767578,34.16950988769531
Chronos2,2025-07-06 00:00:00+00:00,HB_PAN,2025-07-06 11:00:00+00:00,31.79083333333333,27.438478469848633,20.545791625976562,34.648902893066406
Chronos2,2025-07-06 00:00:00+00:00,HB_PAN,2025-07-06 12:00:00+00:00,24.95833333333333,27.509387969970703,20.490482330322266,34.51090621948242
Chronos2,2025-07-06 00:00:00+00:00,HB_PAN,2025-07-06 13:00:00+00:00,22.676666666666662,27.22527313232422,20.62286949157715,34.276126861572266
Chronos2,2025-07-06 00:00:00+00:00,HB_PAN,2025-07-06 14:00:00+00:00,23.435,27.280197143554688,20.618898391723633,34.16110610961914
Chronos2,2025-07-06 00:00:00+00:00,HB_PAN,2025-07-06 15:00:00+00:00,22.94333333333333,27.34537696838379,20.55847930908203,33.84364318847656
Chronos2,2025-07-06 00:00:00+00:00,HB_PAN,2025-07-06 16:00:00+00:00,22.59583333333333,27.39209747314453,21.8515625,34.307430267333984
Chronos2,2025-07-06 00:00:00+00:00,HB_PAN,2025-07-06 17:00:00+00:00,21.5125,27.676637649536133,21.799434661865234,34.76567459106445
Chronos2,2025-07-06 00:00:00+00:00,HB_PAN,2025-07-06 18:00:00+00:00,22.7,27.791046142578125,21.505159378051758,35.66569137573242
Chronos2,2025-07-06 00:00:00+00:00,HB_PAN,2025-07-06 19:00:00+00:00,22.0425,28.243865966796875,21.155338287353516,37.847198486328125
Chronos2,2025-07-06 00:00:00+00:00,HB_PAN,2025-07-06 20:00:00+00:00,21.7525,28.920427322387695,21.468008041381836,40.260982513427734
Chronos2,2025-07-06 00:00:00+00:00,HB_PAN,2025-07-06 21:00:00+00:00,22.54833333333333,29.36980628967285,21.441930770874023,43.30591583251953
Chronos2,2025-07-06 00:00:00+00:00,HB_PAN,2025-07-06 22:00:00+00:00,24.3375,29.54874610900879,21.15018653869629,45.16045379638672
Chronos2,2025-07-06 00:00:00+00:00,HB_PAN,2025-07-06 23:00:00+00:00,28.125833333333333,29.8370361328125,20.9691162109375,45.29106140136719
Chronos2,2025-07-06 00:00:00+00:00,LZ_WEST,2025-07-06 00:00:00+00:00,31.626666666666665,26.08844757080078,21.67814826965332,37.99319839477539
Chronos2,2025-07-06 00:00:00+00:00,LZ_WEST,2025-07-06 01:00:00+00:00,40.138333333333335,26.98825454711914,20.62802505493164,45.08935546875
Chronos2,2025-07-06 00:00:00+00:00,LZ_WEST,2025-07-06 02:00:00+00:00,47.5025,28.447031021118164,19.637653350830078,53.2393913269043
Chronos2,2025-07-06 00:00:00+00:00,LZ_WEST,2025-07-06 03:00:00+00:00,55.68666666666667,28.495990753173828,19.268898010253906,55.45743179321289
Chronos2,2025-07-06 00:00:00+00:00,LZ_WEST,2025-07-06 04:00:00+00:00,58.77166666666667,29.12552261352539,19.66182518005371,57.21966552734375
Chronos2,2025-07-06 00:00:00+00:00,LZ_WEST,2025-07-06 05:00:00+00:00,65.41833333333334,31.250564575195312,19.21965789794922,66.42157745361328
Chronos2,2025-07-06 00:00:00+00:00,LZ_WEST,2025-07-06 06:00:00+00:00,79.75750000000001,31.33315658569336,18.908897399902344,67.2333755493164
Chronos2,2025-07-06 00:00:00+00:00,LZ_WEST,2025-07-06 07:00:00+00:00,78.95333333333333,31.15814208984375,19.298797607421875,65.41877746582031
Chronos2,2025-07-06 00:00:00+00:00,LZ_WEST,2025-07-06 08:00:00+00:00,86.64333333333333,31.82290267944336,19.02169418334961,67.59356689453125
Chronos2,2025-07-06 00:00:00+00:00,LZ_WEST,2025-07-06 09:00:00+00:00,78.15083333333334,32.03825759887695,18.279504776000977,74.17237854003906
Chronos2,2025-07-06 00:00:00+00:00,LZ_WEST,2025-07-06 10:00:00+00:00,91.9675,31.05858039855957,18.371835708618164,80.68553161621094
Chronos2,2025-07-06 00:00:00+00:00,LZ_WEST,2025-07-06 11:00:00+00:00,83.9825,30.918010711669922,17.772159576416016,83.98373413085938
Chronos2,2025-07-06 00:00:00+00:00,LZ_WEST,2025-07-06 12:00:00+00:00,39.82666666666667,29.229896545410156,17.740230560302734,74.0638427734375
Chronos2,2025-07-06 00:00:00+00:00,LZ_WEST,2025-07-06 13:00:00+00:00,23.72666666666667,27.96636962890625,18.613737106323242,63.24339294433594
Chronos2,2025-07-06 00:00:00+00:00,LZ_WEST,2025-07-06 14:00:00+00:00,23.52583333333333,26.82501983642578,18.170564651489258,57.65263366699219
Chronos2,2025-07-06 00:00:00+00:00,LZ_WEST,2025-07-06 15:00:00+00:00,23.049166666666665,26.869131088256836,17.968284606933594,56.074981689453125
Chronos2,2025-07-06 00:00:00+00:00,LZ_WEST,2025-07-06 16:00:00+00:00,22.655,25.34716796875,16.222105026245117,55.615234375
Chronos2,2025-07-06 00:00:00+00:00,LZ_WEST,2025-07-06 17:00:00+00:00,21.38583333333333,25.666715621948242,16.207746505737305,56.87818908691406
Chronos2,2025-07-06 00:00:00+00:00,LZ_WEST,2025-07-06 18:00:00+00:00,22.3725,25.841859817504883,16.550800323486328,56.90453338623047
Chronos2,2025-07-06 00:00:00+00:00,LZ_WEST,2025-07-06 19:00:00+00:00,21.5075,25.818397521972656,16.454662322998047,61.23187255859375
Chronos2,2025-07-06 00:00:00+00:00,LZ_WEST,2025-07-06 20:00:00+00:00,21.27083333333333,27.288070678710938,15.922107696533203,65.64022827148438
Chronos2,2025-07-06 00:00:00+00:00,LZ_WEST,2025-07-06 21:00:00+00:00,22.05,28.26188087463379,15.714269638061523,74.3367691040039
Chronos2,2025-07-06 00:00:00+00:00,LZ_WEST,2025-07-06 22:00:00+00:00,24.05333333333333,28.85347557067871,15.520822525024414,78.431396484375
Chronos2,2025-07-06 00:00:00+00:00,LZ_WEST,2025-07-06 23:00:00+00:00,28.305,29.366384506225586,15.67718505859375,81.2110595703125
Chronos2,2025-07-07 00:00:00+00:00,HB_HUBAVG,2025-07-07 00:00:00+00:00,42.855,30.22890853881836,26.667116165161133,36.2366943359375
Chronos2,2025-07-07 00:00:00+00:00,HB_HUBAVG,2025-07-07 01:00:00+00:00,66.43666666666667,31.03607940673828,26.887405395507812,37.998653411865234
Chronos2,2025-07-07 00:00:00+00:00,HB_HUBAVG,2025-07-07 02:00:00+00:00,78.75,31.330598831176758,26.79058265686035,38.53517150878906
Chronos2,2025-07-07 00:00:00+00:00,HB_HUBAVG,2025-07-07 03:00:00+00:00,56.39833333333333,30.85720443725586,26.287662506103516,38.52138900756836
Chronos2,2025-07-07 00:00:00+00:00,HB_HUBAVG,2025-07-07 04:00:00+00:00,32.50666666666667,29.347900390625,25.375591278076172,36.388145446777344
Chronos2,2025-07-07 00:00:00+00:00,HB_HUBAVG,2025-07-07 05:00:00+00:00,28.75333333333333,28.808412551879883,24.942594528198242,35.450767517089844
Chronos2,2025-07-07 00:00:00+00:00,HB_HUBAVG,2025-07-07 06:00:00+00:00,25.890833333333333,28.104904174804688,24.446231842041016,34.2993049621582
Chronos2,2025-07-07 00:00:00+00:00,HB_HUBAVG,2025-07-07 07:00:00+00:00,25.941666666666663,27.26153564453125,24.03468894958496,32.670780181884766
Chronos2,2025-07-07 00:00:00+00:00,HB_HUBAVG,2025-07-07 08:00:00+00:00,26.52833333333333,27.000625610351562,23.745235443115234,32.34668731689453
Chronos2,2025-07-07 00:00:00+00:00,HB_HUBAVG,2025-07-07 09:00:00+00:00,28.964166666666667,26.84471893310547,23.64463996887207,31.89617919921875
Chronos2,2025-07-07 00:00:00+00:00,HB_HUBAVG,2025-07-07 10:00:00+00:00,33.704166666666666,26.56568145751953,23.305158615112305,31.934642791748047
Chronos2,2025-07-07 00:00:00+00:00,HB_HUBAVG,2025-07-07 11:00:00+00:00,35.22,26.16423797607422,23.003074645996094,31.39647102355957
Chronos2,2025-07-07 00:00:00+00:00,HB_HUBAVG,2025-07-07 12:00:00+00:00,25.2725,25.469572067260742,22.505817413330078,30.333641052246094
Chronos2,2025-07-07 00:00:00+00:00,HB_HUBAVG,2025-07-07 13:00:00+00:00,22.95,24.887720108032227,22.081317901611328,29.73524284362793
Chronos2,2025-07-07 00:00:00+00:00,HB_HUBAVG,2025-07-07 14:00:00+00:00,22.705,24.487110137939453,21.861141204833984,29.606109619140625
Chronos2,2025-07-07 00:00:00+00:00,HB_HUBAVG,2025-07-07 15:00:00+00:00,22.924166666666665,24.395244598388672,21.65399169921875,29.40799331665039
Chronos2,2025-07-07 00:00:00+00:00,HB_HUBAVG,2025-07-07 16:00:00+00:00,23.299166666666665,24.783056259155273,21.915889739990234,30.73917007446289
Chronos2,2025-07-07 00:00:00+00:00,HB_HUBAVG,2025-07-07 17:00:00+00:00,24.62333333333333,24.769500732421875,21.980222702026367,31.0672607421875
Chronos2,2025-07-07 00:00:00+00:00,HB_HUBAVG,2025-07-07 18:00:00+00:00,27.65083333333333,25.032814025878906,21.882715225219727,32.23236846923828
Chronos2,2025-07-07 00:00:00+00:00,HB_HUBAVG,2025-07-07 19:00:00+00:00,30.28833333333333,25.272130966186523,21.94776153564453,33.42556381225586
Chronos2,2025-07-07 00:00:00+00:00,HB_HUBAVG,2025-07-07 20:00:00+00:00,26.21333333333333,25.902162551879883,22.11896514892578,35.119956970214844
Chronos2,2025-07-07 00:00:00+00:00,HB_HUBAVG,2025-07-07 21:00:00+00:00,36.829166666666666,26.371469497680664,22.525562286376953,35.84182357788086
Chronos2,2025-07-07 00:00:00+00:00,HB_HUBAVG,2025-07-07 22:00:00+00:00,29.585,27.438756942749023,23.30217170715332,37.11865234375
Chronos2,2025-07-07 00:00:00+00:00,HB_HUBAVG,2025-07-07 23:00:00+00:00,36.376666666666665,28.59286880493164,23.92256736755371,39.308101654052734
Chronos2,2025-07-07 00:00:00+00:00,HB_PAN,2025-07-07 00:00:00+00:00,43.73666666666667,29.935527801513672,26.148178100585938,36.26171112060547
Chronos2,2025-07-07 00:00:00+00:00,HB_PAN,2025-07-07 01:00:00+00:00,61.03333333333333,30.07424545288086,24.648338317871094,39.17007827758789
Chronos2,2025-07-07 00:00:00+00:00,HB_PAN,2025-07-07 02:00:00+00:00,78.93166666666666,30.10515594482422,23.386829376220703,42.20098114013672
Chronos2,2025-07-07 00:00:00+00:00,HB_PAN,2025-07-07 03:00:00+00:00,56.77916666666667,29.912002563476562,21.892803192138672,43.39171600341797
Chronos2,2025-07-07 00:00:00+00:00,HB_PAN,2025-07-07 04:00:00+00:00,31.885,29.851219177246094,22.077821731567383,42.20630645751953
Chronos2,2025-07-07 00:00:00+00:00,HB_PAN,2025-07-07 05:00:00+00:00,29.704166666666666,29.397876739501953,22.23257064819336,40.93609619140625
Chronos2,2025-07-07 00:00:00+00:00,HB_PAN,2025-07-07 06:00:00+00:00,26.65083333333333,29.091835021972656,21.684886932373047,40.34020233154297
Chronos2,2025-07-07 00:00:00+00:00,HB_PAN,2025-07-07 07:00:00+00:00,26.49,28.69009780883789,21.60282325744629,38.89051818847656
Chronos2,2025-07-07 00:00:00+00:00,HB_PAN,2025-07-07 08:00:00+00:00,27.38083333333333,28.5207462310791,21.587791442871094,38.27803421020508
Chronos2,2025-07-07 00:00:00+00:00,HB_PAN,2025-07-07 09:00:00+00:00,30.839166666666667,28.516077041625977,21.560436248779297,37.659202575683594
Chronos2,2025-07-07 00:00:00+00:00,HB_PAN,2025-07-07 10:00:00+00:00,34.68333333333333,28.224781036376953,20.95922088623047,37.72557830810547
Chronos2,2025-07-07 00:00:00+00:00,HB_PAN,2025-07-07 11:00:00+00:00,35.6375,27.882827758789062,20.61294174194336,37.6561164855957
Chronos2,2025-07-07 00:00:00+00:00,HB_PAN,2025-07-07 12:00:00+00:00,25.17,27.265560150146484,19.914569854736328,37.308841705322266
Chronos2,2025-07-07 00:00:00+00:00,HB_PAN,2025-07-07 13:00:00+00:00,22.875,26.75927734375,18.75718116760254,36.832279205322266
Chronos2,2025-07-07 00:00:00+00:00,HB_PAN,2025-07-07 14:00:00+00:00,22.705,26.560964584350586,18.110944747924805,36.7805290222168
Chronos2,2025-07-07 00:00:00+00:00,HB_PAN,2025-07-07 15:00:00+00:00,22.924166666666665,26.404098510742188,18.09988021850586,36.41741943359375
Chronos2,2025-07-07 00:00:00+00:00,HB_PAN,2025-07-07 16:00:00+00:00,23.294166666666666,26.232187271118164,18.876304626464844,36.23599624633789
Chronos2,2025-07-07 00:00:00+00:00,HB_PAN,2025-07-07 17:00:00+00:00,24.58333333333333,26.254924774169922,18.61370277404785,36.8868293762207
Chronos2,2025-07-07 00:00:00+00:00,HB_PAN,2025-07-07 18:00:00+00:00,27.875833333333333,26.427364349365234,18.62407112121582,37.70777893066406
Chronos2,2025-07-07 00:00:00+00:00,HB_PAN,2025-07-07 19:00:00+00:00,30.48333333333333,26.82828712463379,18.475759506225586,39.575279235839844
Chronos2,2025-07-07 00:00:00+00:00,HB_PAN,2025-07-07 20:00:00+00:00,26.481666666666666,27.379343032836914,18.356399536132812,41.14915466308594
Chronos2,2025-07-07 00:00:00+00:00,HB_PAN,2025-07-07 21:00:00+00:00,38.9875,27.93478012084961,19.46538543701172,42.004947662353516
Chronos2,2025-07-07 00:00:00+00:00,HB_PAN,2025-07-07 22:00:00+00:00,30.5475,28.71149444580078,20.515045166015625,41.89751434326172
Chronos2,2025-07-07 00:00:00+00:00,HB_PAN,2025-07-07 23:00:00+00:00,36.59916666666667,29.312789916992188,20.873638153076172,42.86676025390625
Chronos2,2025-07-07 00:00:00+00:00,LZ_WEST,2025-07-07 00:00:00+00:00,44.03333333333333,31.036149978637695,24.504009246826172,46.05830764770508
Chronos2,2025-07-07 00:00:00+00:00,LZ_WEST,2025-07-07 01:00:00+00:00,77.69583333333334,35.271148681640625,25.533411026000977,56.898155212402344
Chronos2,2025-07-07 00:00:00+00:00,LZ_WEST,2025-07-07 02:00:00+00:00,78.99083333333333,42.43659973144531,26.4067440032959,70.29966735839844
Chronos2,2025-07-07 00:00:00+00:00,LZ_WEST,2025-07-07 03:00:00+00:00,62.0025,45.376007080078125,26.421924591064453,73.21588897705078
Chronos2,2025-07-07 00:00:00+00:00,LZ_WEST,2025-07-07 04:00:00+00:00,55.086666666666666,46.39876937866211,27.14698028564453,76.18161010742188
Chronos2,2025-07-07 00:00:00+00:00,LZ_WEST,2025-07-07 05:00:00+00:00,43.23,51.214176177978516,27.985931396484375,83.12667846679688
Chronos2,2025-07-07 00:00:00+00:00,LZ_WEST,2025-07-07 06:00:00+00:00,37.205,53.172943115234375,27.514537811279297,87.80577850341797
Chronos2,2025-07-07 00:00:00+00:00,LZ_WEST,2025-07-07 07:00:00+00:00,34.1525,51.58868408203125,26.612316131591797,86.3541488647461
Chronos2,2025-07-07 00:00:00+00:00,LZ_WEST,2025-07-07 08:00:00+00:00,39.41333333333333,53.2083740234375,26.267473220825195,89.37223052978516
Chronos2,2025-07-07 00:00:00+00:00,LZ_WEST,2025-07-07 09:00:00+00:00,57.4775,56.10780334472656,27.946163177490234,91.53599548339844
Chronos2,2025-07-07 00:00:00+00:00,LZ_WEST,2025-07-07 10:00:00+00:00,48.57666666666666,60.914100646972656,28.368131637573242,93.24237060546875
Chronos2,2025-07-07 00:00:00+00:00,LZ_WEST,2025-07-07 11:00:00+00:00,38.50416666666667,58.49628448486328,26.469369888305664,94.57218933105469
Chronos2,2025-07-07 00:00:00+00:00,LZ_WEST,2025-07-07 12:00:00+00:00,29.6975,37.580604553222656,22.530881881713867,75.01522827148438
Chronos2,2025-07-07 00:00:00+00:00,LZ_WEST,2025-07-07 13:00:00+00:00,23.0975,26.930727005004883,20.87337875366211,44.63499450683594
Chronos2,2025-07-07 00:00:00+00:00,LZ_WEST,2025-07-07 14:00:00+00:00,22.705,25.37543296813965,20.126415252685547,38.979400634765625
Chronos2,2025-07-07 00:00:00+00:00,LZ_WEST,2025-07-07 15:00:00+00:00,22.924166666666665,24.971242904663086,20.91360855102539,36.708648681640625
Chronos2,2025-07-07 00:00:00+00:00,LZ_WEST,2025-07-07 16:00:00+00:00,23.245,24.41484260559082,18.409875869750977,37.7774658203125
Chronos2,2025-07-07 00:00:00+00:00,LZ_WEST,2025-07-07 17:00:00+00:00,24.50583333333333,24.471508026123047,18.409467697143555,35.8116569519043
Chronos2,2025-07-07 00:00:00+00:00,LZ_WEST,2025-07-07 18:00:00+00:00,27.61916666666667,24.532981872558594,18.34450340270996,36.665489196777344
Chronos2,2025-07-07 00:00:00+00:00,LZ_WEST,2025-07-07 19:00:00+00:00,29.986666666666668,24.508638381958008,18.494915008544922,38.29638671875
Chronos2,2025-07-07 00:00:00+00:00,LZ_WEST,2025-07-07 20:00:00+00:00,26.026666666666667,24.721261978149414,18.449922561645508,43.28317642211914
Chronos2,2025-07-07 00:00:00+00:00,LZ_WEST,2025-07-07 21:00:00+00:00,39.2825,25.262210845947266,18.723867416381836,45.849159240722656
Chronos2,2025-07-07 00:00:00+00:00,LZ_WEST,2025-07-07 22:00:00+00:00,30.775,26.661773681640625,19.275331497192383,49.61967849731445
Chronos2,2025-07-07 00:00:00+00:00,LZ_WEST,2025-07-07 23:00:00+00:00,36.65083333333333,28.61968231201172,19.53923225402832,55.530006408691406
Chronos2,2025-07-08 00:00:00+00:00,HB_HUBAVG,2025-07-08 00:00:00+00:00,70.61333333333333,38.188018798828125,29.21152114868164,65.7220458984375
Chronos2,2025-07-08 00:00:00+00:00,HB_HUBAVG,2025-07-08 01:00:00+00:00,59.20666666666667,40.440372467041016,28.40552520751953,77.55482482910156
Chronos2,2025-07-08 00:00:00+00:00,HB_HUBAVG,2025-07-08 02:00:00+00:00,44.95249999999999,43.10575485229492,28.153667449951172,85.02317810058594
Chronos2,2025-07-08 00:00:00+00:00,HB_HUBAVG,2025-07-08 03:00:00+00:00,35.43,38.053585052490234,27.4788818359375,73.63973999023438
Chronos2,2025-07-08 00:00:00+00:00,HB_HUBAVG,2025-07-08 04:00:00+00:00,27.70583333333333,33.1669921875,26.12143325805664,56.658226013183594
Chronos2,2025-07-08 00:00:00+00:00,HB_HUBAVG,2025-07-08 05:00:00+00:00,28.65416666666667,31.238582611083984,25.627777099609375,50.6176643371582
Chronos2,2025-07-08 00:00:00+00:00,HB_HUBAVG,2025-07-08 06:00:00+00:00,27.98333333333333,29.497900009155273,25.14691925048828,42.29010772705078
Chronos2,2025-07-08 00:00:00+00:00,HB_HUBAVG,2025-07-08 07:00:00+00:00,25.73333333333333,28.585676193237305,24.477142333984375,38.14260482788086
Chronos2,2025-07-08 00:00:00+00:00,HB_HUBAVG,2025-07-08 08:00:00+00:00,25.426666666666662,28.558612823486328,24.523895263671875,36.64741134643555
Chronos2,2025-07-08 00:00:00+00:00,HB_HUBAVG,2025-07-08 09:00:00+00:00,25.269166666666667,28.83664894104004,24.51239013671875,37.67722702026367
Chronos2,2025-07-08 00:00:00+00:00,HB_HUBAVG,2025-07-08 10:00:00+00:00,25.27916666666667,29.2352294921875,24.48157501220703,39.604888916015625
Chronos2,2025-07-08 00:00:00+00:00,HB_HUBAVG,2025-07-08 11:00:00+00:00,26.71666666666667,28.88378143310547,23.881072998046875,39.71071243286133
Chronos2,2025-07-08 00:00:00+00:00,HB_HUBAVG,2025-07-08 12:00:00+00:00,24.655833333333337,28.055156707763672,23.451629638671875,37.732177734375
Chronos2,2025-07-08 00:00:00+00:00,HB_HUBAVG,2025-07-08 13:00:00+00:00,24.204166666666666,27.022220611572266,23.210952758789062,35.680145263671875
Chronos2,2025-07-08 00:00:00+00:00,HB_HUBAVG,2025-07-08 14:00:00+00:00,22.160833333333333,26.496967315673828,22.933528900146484,35.23393630981445
Chronos2,2025-07-08 00:00:00+00:00,HB_HUBAVG,2025-07-08 15:00:00+00:00,22.055,26.324050903320312,22.73516273498535,33.999088287353516
Chronos2,2025-07-08 00:00:00+00:00,HB_HUBAVG,2025-07-08 16:00:00+00:00,26.251666666666665,26.97177505493164,23.092376708984375,36.55938720703125
Chronos2,2025-07-08 00:00:00+00:00,HB_HUBAVG,2025-07-08 17:00:00+00:00,32.8425,26.786333084106445,22.944377899169922,37.36712646484375
Chronos2,2025-07-08 00:00:00+00:00,HB_HUBAVG,2025-07-08 18:00:00+00:00,37.056666666666665,27.319538116455078,23.05086898803711,40.3775749206543
Chronos2,2025-07-08 00:00:00+00:00,HB_HUBAVG,2025-07-08 19:00:00+00:00,46.97,28.10919189453125,23.454544067382812,45.078765869140625
Chronos2,2025-07-08 00:00:00+00:00,HB_HUBAVG,2025-07-08 20:00:00+00:00,55.695,29.183815002441406,23.87503433227539,51.04707336425781
Chronos2,2025-07-08 00:00:00+00:00,HB_HUBAVG,2025-07-08 21:00:00+00:00,83.77916666666667,31.109573364257812,24.220016479492188,62.36752700805664
Chronos2,2025-07-08 00:00:00+00:00,HB_HUBAVG,2025-07-08 22:00:00+00:00,127.6475,32.35276794433594,24.80078887939453,70.72331237792969
Chronos2,2025-07-08 00:00:00+00:00,HB_HUBAVG,2025-07-08 23:00:00+00:00,94.26666666666668,33.64502716064453,24.839139938354492,75.82860565185547
Chronos2,2025-07-08 00:00:00+00:00,HB_PAN,2025-07-08 00:00:00+00:00,71.74166666666666,40.15056610107422,29.65058135986328,70.73466491699219
Chronos2,2025-07-08 00:00:00+00:00,HB_PAN,2025-07-08 01:00:00+00:00,59.20666666666667,43.81218719482422,28.273269653320312,87.04460144042969
Chronos2,2025-07-08 00:00:00+00:00,HB_PAN,2025-07-08 02:00:00+00:00,45.70666666666667,47.2904052734375,27.85432243347168,95.11198425292969
Chronos2,2025-07-08 00:00:00+00:00,HB_PAN,2025-07-08 03:00:00+00:00,34.13666666666666,41.933204650878906,27.586904525756836,87.25547790527344
Chronos2,2025-07-08 00:00:00+00:00,HB_PAN,2025-07-08 04:00:00+00:00,26.291666666666668,36.4015998840332,27.11575698852539,66.62196350097656
Chronos2,2025-07-08 00:00:00+00:00,HB_PAN,2025-07-08 05:00:00+00:00,29.669166666666666,34.322265625,26.654285430908203,59.70654296875
Chronos2,2025-07-08 00:00:00+00:00,HB_PAN,2025-07-08 06:00:00+00:00,30.750833333333333,31.732818603515625,25.995197296142578,48.559051513671875
Chronos2,2025-07-08 00:00:00+00:00,HB_PAN,2025-07-08 07:00:00+00:00,28.614166666666662,30.219009399414062,25.369985580444336,41.366390228271484
Chronos2,2025-07-08 00:00:00+00:00,HB_PAN,2025-07-08 08:00:00+00:00,28.43583333333333,30.15853500366211,25.468700408935547,40.012901306152344
Chronos2,2025-07-08 00:00:00+00:00,HB_PAN,2025-07-08 09:00:00+00:00,27.363333333333333,30.371671676635742,25.268587112426758,40.4642333984375
Chronos2,2025-07-08 00:00:00+00:00,HB_PAN,2025-07-08 10:00:00+00:00,27.5825,30.672950744628906,25.12183380126953,42.372962951660156
Chronos2,2025-07-08 00:00:00+00:00,HB_PAN,2025-07-08 11:00:00+00:00,29.680000000000003,30.041601181030273,24.348590850830078,41.472625732421875
Chronos2,2025-07-08 00:00:00+00:00,HB_PAN,2025-07-08 12:00:00+00:00,24.66,28.970230102539062,23.926677703857422,38.59801483154297
Chronos2,2025-07-08 00:00:00+00:00,HB_PAN,2025-07-08 13:00:00+00:00,24.204166666666666,27.62706756591797,23.606121063232422,35.81467056274414
Chronos2,2025-07-08 00:00:00+00:00,HB_PAN,2025-07-08 14:00:00+00:00,22.166666666666668,27.065109252929688,23.365047454833984,34.575130462646484
Chronos2,2025-07-08 00:00:00+00:00,HB_PAN,2025-07-08 15:00:00+00:00,22.03833333333333,26.958105087280273,23.127426147460938,33.809261322021484
Chronos2,2025-07-08 00:00:00+00:00,HB_PAN,2025-07-08 16:00:00+00:00,26.251666666666665,27.670909881591797,23.86056900024414,35.66679000854492
Chronos2,2025-07-08 00:00:00+00:00,HB_PAN,2025-07-08 17:00:00+00:00,32.913333333333334,27.97235107421875,24.05177879333496,36.577659606933594
Chronos2,2025-07-08 00:00:00+00:00,HB_PAN,2025-07-08 18:00:00+00:00,38.200833333333335,28.580013275146484,24.16960334777832,40.436988830566406
Chronos2,2025-07-08 00:00:00+00:00,HB_PAN,2025-07-08 19:00:00+00:00,51.873333333333335,29.40913200378418,24.438697814941406,45.95396041870117
Chronos2,2025-07-08 00:00:00+00:00,HB_PAN,2025-07-08 20:00:00+00:00,58.13333333333333,30.788103103637695,24.606542587280273,53.03082275390625
Chronos2,2025-07-08 00:00:00+00:00,HB_PAN,2025-07-08 21:00:00+00:00,87.4975,33.393333435058594,24.907012939453125,69.62605285644531
Chronos2,2025-07-08 00:00:00+00:00,HB_PAN,2025-07-08 22:00:00+00:00,135.59416666666667,35.034584045410156,25.56966781616211,78.61956024169922
Chronos2,2025-07-08 00:00:00+00:00,HB_PAN,2025-07-08 23:00:00+00:00,97.88916666666668,36.61747741699219,25.477645874023438,85.28238677978516
Chronos2,2025-07-08 00:00:00+00:00,LZ_WEST,2025-07-08 00:00:00+00:00,72.005,40.263309478759766,28.0118465423584,65.75822448730469
Chronos2,2025-07-08 00:00:00+00:00,LZ_WEST,2025-07-08 01:00:00+00:00,59.20666666666667,46.85390090942383,27.48788833618164,81.4371109008789
Chronos2,2025-07-08 00:00:00+00:00,LZ_WEST,2025-07-08 02:00:00+00:00,67.19916666666667,51.588294982910156,27.922698974609375,90.36384582519531
Chronos2,2025-07-08 00:00:00+00:00,LZ_WEST,2025-07-08 03:00:00+00:00,63.45,47.055137634277344,27.415386199951172,83.66375732421875
Chronos2,2025-07-08 00:00:00+00:00,LZ_WEST,2025-07-08 04:00:00+00:00,50.37416666666667,44.41395568847656,27.516944885253906,79.04704284667969
Chronos2,2025-07-08 00:00:00+00:00,LZ_WEST,2025-07-08 05:00:00+00:00,52.9025,42.90364074707031,27.33661460876465,76.734619140625
Chronos2,2025-07-08 00:00:00+00:00,LZ_WEST,2025-07-08 06:00:00+00:00,69.1475,41.33949279785156,26.447586059570312,77.77969360351562
Chronos2,2025-07-08 00:00:00+00:00,LZ_WEST,2025-07-08 07:00:00+00:00,67.91,40.36643600463867,25.701927185058594,74.16596984863281
Chronos2,2025-07-08 00:00:00+00:00,LZ_WEST,2025-07-08 08:00:00+00:00,70.25333333333333,43.257362365722656,25.827919006347656,81.71578216552734
Chronos2,2025-07-08 00:00:00+00:00,LZ_WEST,2025-07-08 09:00:00+00:00,56.45,46.95027542114258,25.062219619750977,89.81361389160156
Chronos2,2025-07-08 00:00:00+00:00,LZ_WEST,2025-07-08 10:00:00+00:00,59.6625,45.56309509277344,23.741487503051758,94.47795104980469
Chronos2,2025-07-08 00:00:00+00:00,LZ_WEST,2025-07-08 11:00:00+00:00,70.77833333333334,38.97784423828125,22.567424774169922,90.42190551757812
Chronos2,2025-07-08 00:00:00+00:00,LZ_WEST,2025-07-08 12:00:00+00:00,24.727500000000003,34.05192947387695,21.60369300842285,83.06161499023438
Chronos2,2025-07-08 00:00:00+00:00,LZ_WEST,2025-07-08 13:00:00+00:00,24.204166666666666,27.705463409423828,20.90604591369629,58.48601531982422
Chronos2,2025-07-08 00:00:00+00:00,LZ_WEST,2025-07-08 14:00:00+00:00,22.32166666666667,25.1361141204834,19.41402244567871,49.67238998413086
Chronos2,2025-07-08 00:00:00+00:00,LZ_WEST,2025-07-08 15:00:00+00:00,22.11,24.793636322021484,20.22479248046875,46.45201873779297
Chronos2,2025-07-08 00:00:00+00:00,LZ_WEST,2025-07-08 16:00:00+00:00,26.251666666666665,24.462913513183594,19.319862365722656,43.181034088134766
Chronos2,2025-07-08 00:00:00+00:00,LZ_WEST,2025-07-08 17:00:00+00:00,32.862500000000004,24.703245162963867,19.305593490600586,42.23153305053711
Chronos2,2025-07-08 00:00:00+00:00,LZ_WEST,2025-07-08 18:00:00+00:00,38.13666666666666,24.959678649902344,19.340749740600586,46.11118698120117
Chronos2,2025-07-08 00:00:00+00:00,LZ_WEST,2025-07-08 19:00:00+00:00,50.29166666666666,25.035297393798828,19.34562873840332,50.00185012817383
Chronos2,2025-07-08 00:00:00+00:00,LZ_WEST,2025-07-08 20:00:00+00:00,58.05416666666667,26.978689193725586,19.638978958129883,56.553955078125
Chronos2,2025-07-08 00:00:00+00:00,LZ_WEST,2025-07-08 21:00:00+00:00,88.38,29.336822509765625,19.94291877746582,67.68414306640625
Chronos2,2025-07-08 00:00:00+00:00,LZ_WEST,2025-07-08 22:00:00+00:00,136.64416666666668,30.256568908691406,20.312591552734375,69.9793472290039
Chronos2,2025-07-08 00:00:00+00:00,LZ_WEST,2025-07-08 23:00:00+00:00,98.79416666666668,32.39548110961914,21.105083465576172,71.22046661376953
Chronos2,2025-07-09 00:00:00+00:00,HB_HUBAVG,2025-07-09 00:00:00+00:00,72.15416666666667,107.54996490478516,54.40078353881836,191.61337280273438
Chronos2,2025-07-09 00:00:00+00:00,HB_HUBAVG,2025-07-09 01:00:00+00:00,58.73166666666666,106.9878921508789,48.255558013916016,186.6912841796875
Chronos2,2025-07-09 00:00:00+00:00,HB_HUBAVG,2025-07-09 02:00:00+00:00,43.31166666666667,93.49119567871094,42.91043472290039,173.151611328125
Chronos2,2025-07-09 00:00:00+00:00,HB_HUBAVG,2025-07-09 03:00:00+00:00,29.992500000000003,68.41093444824219,35.90736389160156,138.57192993164062
Chronos2,2025-07-09 00:00:00+00:00,HB_HUBAVG,2025-07-09 04:00:00+00:00,23.936666666666667,46.20532989501953,29.68378448486328,91.35779571533203
Chronos2,2025-07-09 00:00:00+00:00,HB_HUBAVG,2025-07-09 05:00:00+00:00,24.209166666666665,36.58565902709961,25.976608276367188,66.60951232910156
Chronos2,2025-07-09 00:00:00+00:00,HB_HUBAVG,2025-07-09 06:00:00+00:00,20.335,30.72336196899414,24.066194534301758,50.43123245239258
Chronos2,2025-07-09 00:00:00+00:00,HB_HUBAVG,2025-07-09 07:00:00+00:00,17.135833333333334,28.397560119628906,23.637237548828125,43.29701614379883
Chronos2,2025-07-09 00:00:00+00:00,HB_HUBAVG,2025-07-09 08:00:00+00:00,18.476666666666667,27.701400756835938,23.367198944091797,41.921226501464844
Chronos2,2025-07-09 00:00:00+00:00,HB_HUBAVG,2025-07-09 09:00:00+00:00,21.31583333333333,29.19668960571289,23.461061477661133,46.495216369628906
Chronos2,2025-07-09 00:00:00+00:00,HB_HUBAVG,2025-07-09 10:00:00+00:00,23.006666666666664,31.514575958251953,23.691139221191406,59.0684814453125
Chronos2,2025-07-09 00:00:00+00:00,HB_HUBAVG,2025-07-09 11:00:00+00:00,25.3625,32.39396667480469,23.264978408813477,65.73453521728516
Chronos2,2025-07-09 00:00:00+00:00,HB_HUBAVG,2025-07-09 12:00:00+00:00,26.26833333333333,29.916393280029297,23.360431671142578,54.86757278442383
Chronos2,2025-07-09 00:00:00+00:00,HB_HUBAVG,2025-07-09 13:00:00+00:00,24.138333333333332,28.74789047241211,23.307144165039062,50.01951599121094
Chronos2,2025-07-09 00:00:00+00:00,HB_HUBAVG,2025-07-09 14:00:00+00:00,25.953333333333333,28.999940872192383,22.792911529541016,53.60662841796875
Chronos2,2025-07-09 00:00:00+00:00,HB_HUBAVG,2025-07-09 15:00:00+00:00,31.35666666666667,30.494503021240234,23.112655639648438,57.547813415527344
Chronos2,2025-07-09 00:00:00+00:00,HB_HUBAVG,2025-07-09 16:00:00+00:00,42.1925,35.22945785522461,23.726566314697266,68.17140197753906
Chronos2,2025-07-09 00:00:00+00:00,HB_HUBAVG,2025-07-09 17:00:00+00:00,39.03916666666667,40.581844329833984,24.695026397705078,86.13999938964844
Chronos2,2025-07-09 00:00:00+00:00,HB_HUBAVG,2025-07-09 18:00:00+00:00,39.998333333333335,43.920738220214844,25.580524444580078,102.3036880493164
Chronos2,2025-07-09 00:00:00+00:00,HB_HUBAVG,2025-07-09 19:00:00+00:00,40.454166666666666,51.99266815185547,24.770946502685547,129.1083984375
Chronos2,2025-07-09 00:00:00+00:00,HB_HUBAVG,2025-07-09 20:00:00+00:00,56.31583333333333,64.3021240234375,26.39983367919922,160.34559631347656
Chronos2,2025-07-09 00:00:00+00:00,HB_HUBAVG,2025-07-09 21:00:00+00:00,59.59166666666667,83.05345153808594,27.711240768432617,187.92742919921875
Chronos2,2025-07-09 00:00:00+00:00,HB_HUBAVG,2025-07-09 22:00:00+00:00,65.14999999999999,92.98592376708984,29.262012481689453,194.92636108398438
Chronos2,2025-07-09 00:00:00+00:00,HB_HUBAVG,2025-07-09 23:00:00+00:00,59.20666666666667,87.89236450195312,29.887948989868164,198.64129638671875
Chronos2,2025-07-09 00:00:00+00:00,HB_PAN,2025-07-09 00:00:00+00:00,76.40833333333333,117.73399353027344,54.853355407714844,214.34217834472656
Chronos2,2025-07-09 00:00:00+00:00,HB_PAN,2025-07-09 01:00:00+00:00,63.22166666666666,117.55406951904297,48.99303436279297,208.9652862548828
Chronos2,2025-07-09 00:00:00+00:00,HB_PAN,2025-07-09 02:00:00+00:00,46.07083333333333,105.91015625,42.278812408447266,197.94522094726562
Chronos2,2025-07-09 00:00:00+00:00,HB_PAN,2025-07-09 03:00:00+00:00,32.18,80.9997329711914,35.810302734375,161.65472412109375
Chronos2,2025-07-09 00:00:00+00:00,HB_PAN,2025-07-09 04:00:00+00:00,25.894166666666667,50.4164924621582,29.21994400024414,102.27008056640625
Chronos2,2025-07-09 00:00:00+00:00,HB_PAN,2025-07-09 05:00:00+00:00,25.21166666666667,40.17367935180664,26.667701721191406,73.80109405517578
Chronos2,2025-07-09 00:00:00+00:00,HB_PAN,2025-07-09 06:00:00+00:00,20.578333333333333,33.87001419067383,25.12832260131836,54.59007263183594
Chronos2,2025-07-09 00:00:00+00:00,HB_PAN,2025-07-09 07:00:00+00:00,13.786666666666669,30.11697006225586,24.101463317871094,44.35814666748047
Chronos2,2025-07-09 00:00:00+00:00,HB_PAN,2025-07-09 08:00:00+00:00,13.431666666666668,28.818984985351562,23.79807472229004,42.32267379760742
Chronos2,2025-07-09 00:00:00+00:00,HB_PAN,2025-07-09 09:00:00+00:00,19.439166666666665,30.69274139404297,23.603864669799805,48.14179229736328
Chronos2,2025-07-09 00:00:00+00:00,HB_PAN,2025-07-09 10:00:00+00:00,21.839166666666667,33.21240234375,24.029232025146484,59.89878845214844
Chronos2,2025-07-09 00:00:00+00:00,HB_PAN,2025-07-09 11:00:00+00:00,12.501666666666669,34.450592041015625,23.532901763916016,65.62628173828125
Chronos2,2025-07-09 00:00:00+00:00,HB_PAN,2025-07-09 12:00:00+00:00,15.535833333333334,29.986244201660156,23.14019012451172,51.45613479614258
Chronos2,2025-07-09 00:00:00+00:00,HB_PAN,2025-07-09 13:00:00+00:00,19.425,28.77893829345703,23.097187042236328,45.69815444946289
Chronos2,2025-07-09 00:00:00+00:00,HB_PAN,2025-07-09 14:00:00+00:00,27.57583333333333,29.983421325683594,22.68222999572754,50.9378662109375
Chronos2,2025-07-09 00:00:00+00:00,HB_PAN,2025-07-09 15:00:00+00:00,35.54,32.51363754272461,23.51974868774414,56.81919860839844
Chronos2,2025-07-09 00:00:00+00:00,HB_PAN,2025-07-09 16:00:00+00:00,46.255,39.4128303527832,25.21670913696289,71.22003173828125
Chronos2,2025-07-09 00:00:00+00:00,HB_PAN,2025-07-09 17:00:00+00:00,41.82416666666666,47.786155700683594,27.717403411865234,96.19078063964844
Chronos2,2025-07-09 00:00:00+00:00,HB_PAN,2025-07-09 18:00:00+00:00,42.225,56.35450744628906,29.531742095947266,121.60298919677734
Chronos2,2025-07-09 00:00:00+00:00,HB_PAN,2025-07-09 19:00:00+00:00,42.21333333333333,73.56949615478516,30.97791862487793,170.73683166503906
Chronos2,2025-07-09 00:00:00+00:00,HB_PAN,2025-07-09 20:00:00+00:00,57.27916666666667,91.78204345703125,32.446250915527344,206.2111053466797
Chronos2,2025-07-09 00:00:00+00:00,HB_PAN,2025-07-09 21:00:00+00:00,60.99666666666667,117.82098388671875,32.76694107055664,245.5678253173828
Chronos2,2025-07-09 00:00:00+00:00,HB_PAN,2025-07-09 22:00:00+00:00,68.58583333333333,133.45504760742188,37.131439208984375,270.1671142578125
Chronos2,2025-07-09 00:00:00+00:00,HB_PAN,2025-07-09 23:00:00+00:00,63.60083333333333,125.95288848876953,35.061832427978516,268.03802490234375
Chronos2,2025-07-09 00:00:00+00:00,LZ_WEST,2025-07-09 00:00:00+00:00,77.67,110.45641326904297,62.750572204589844,174.3704376220703
Chronos2,2025-07-09 00:00:00+00:00,LZ_WEST,2025-07-09 01:00:00+00:00,69.00583333333333,113.07301330566406,59.97071838378906,186.87142944335938
Chronos2,2025-07-09 00:00:00+00:00,LZ_WEST,2025-07-09 02:00:00+00:00,63.87916666666666,111.41522216796875,56.54499435424805,189.2158203125
Chronos2,2025-07-09 00:00:00+00:00,LZ_WEST,2025-07-09 03:00:00+00:00,59.79416666666666,91.72467041015625,49.81051254272461,162.74380493164062
Chronos2,2025-07-09 00:00:00+00:00,LZ_WEST,2025-07-09 04:00:00+00:00,53.23,69.03677368164062,39.72780227661133,123.21101379394531
Chronos2,2025-07-09 00:00:00+00:00,LZ_WEST,2025-07-09 05:00:00+00:00,51.23833333333334,62.29710388183594,36.184776306152344,112.68391418457031
Chronos2,2025-07-09 00:00:00+00:00,LZ_WEST,2025-07-09 06:00:00+00:00,38.02333333333333,61.99277877807617,35.65626907348633,111.81301879882812
Chronos2,2025-07-09 00:00:00+00:00,LZ_WEST,2025-07-09 07:00:00+00:00,24.93583333333333,65.19542694091797,37.36820983886719,117.0796890258789
Chronos2,2025-07-09 00:00:00+00:00,LZ_WEST,2025-07-09 08:00:00+00:00,27.981666666666666,66.48931884765625,37.651878356933594,125.98558044433594
Chronos2,2025-07-09 00:00:00+00:00,LZ_WEST,2025-07-09 09:00:00+00:00,30.394166666666667,70.73623657226562,38.773616790771484,135.2314453125
Chronos2,2025-07-09 00:00:00+00:00,LZ_WEST,2025-07-09 10:00:00+00:00,25.575833333333332,75.13654327392578,40.304664611816406,146.9476318359375
Chronos2,2025-07-09 00:00:00+00:00,LZ_WEST,2025-07-09 11:00:00+00:00,49.58166666666667,72.568115234375,38.311279296875,144.09107971191406
Chronos2,2025-07-09 00:00:00+00:00,LZ_WEST,2025-07-09 12:00:00+00:00,49.818333333333335,48.714969635009766,26.81317710876465,99.52511596679688
Chronos2,2025-07-09 00:00:00+00:00,LZ_WEST,2025-07-09 13:00:00+00:00,32.74166666666667,41.57577133178711,24.2303466796875,85.78697967529297
Chronos2,2025-07-09 00:00:00+00:00,LZ_WEST,2025-07-09 14:00:00+00:00,29.18166666666667,40.368202209472656,23.50075912475586,84.06565856933594
Chronos2,2025-07-09 00:00:00+00:00,LZ_WEST,2025-07-09 15:00:00+00:00,39.395833333333336,41.10216522216797,23.385623931884766,83.8434066772461
Chronos2,2025-07-09 00:00:00+00:00,LZ_WEST,2025-07-09 16:00:00+00:00,48.41416666666667,42.60554885864258,24.952434539794922,89.24169158935547
Chronos2,2025-07-09 00:00:00+00:00,LZ_WEST,2025-07-09 17:00:00+00:00,42.69166666666666,47.26054000854492,25.5229549407959,99.46556091308594
Chronos2,2025-07-09 00:00:00+00:00,LZ_WEST,2025-07-09 18:00:00+00:00,42.803333333333335,50.25529861450195,26.36260986328125,111.55785369873047
Chronos2,2025-07-09 00:00:00+00:00,LZ_WEST,2025-07-09 19:00:00+00:00,42.685,58.3038330078125,27.28339385986328,136.62930297851562
Chronos2,2025-07-09 00:00:00+00:00,LZ_WEST,2025-07-09 20:00:00+00:00,56.48333333333333,68.51710510253906,28.134119033813477,175.98208618164062
Chronos2,2025-07-09 00:00:00+00:00,LZ_WEST,2025-07-09 21:00:00+00:00,61.27,87.23173522949219,29.25585174560547,209.29107666015625
Chronos2,2025-07-09 00:00:00+00:00,LZ_WEST,2025-07-09 22:00:00+00:00,69.32916666666667,95.14434814453125,33.416770935058594,224.3153076171875
Chronos2,2025-07-09 00:00:00+00:00,LZ_WEST,2025-07-09 23:00:00+00:00,64.5275,93.84698486328125,34.27198028564453,223.83059692382812
Chronos2,2025-07-10 00:00:00+00:00,HB_HUBAVG,2025-07-10 00:00:00+00:00,65.57916666666667,55.859596252441406,41.33002853393555,76.60313415527344
Chronos2,2025-07-10 00:00:00+00:00,HB_HUBAVG,2025-07-10 01:00:00+00:00,90.21750000000002,49.05366134643555,35.91075897216797,69.10832214355469
Chronos2,2025-07-10 00:00:00+00:00,HB_HUBAVG,2025-07-10 02:00:00+00:00,50.4275,40.715911865234375,30.720134735107422,56.38544464111328
Chronos2,2025-07-10 00:00:00+00:00,HB_HUBAVG,2025-07-10 03:00:00+00:00,33.11,33.070072174072266,25.806177139282227,44.82368850708008
Chronos2,2025-07-10 00:00:00+00:00,HB_HUBAVG,2025-07-10 04:00:00+00:00,28.054166666666664,27.498483657836914,21.86229705810547,36.21380615234375
Chronos2,2025-07-10 00:00:00+00:00,HB_HUBAVG,2025-07-10 05:00:00+00:00,25.345,25.15884017944336,20.29697036743164,32.5832405090332
Chronos2,2025-07-10 00:00:00+00:00,HB_HUBAVG,2025-07-10 06:00:00+00:00,24.7625,23.84272575378418,19.371740341186523,30.326364517211914
Chronos2,2025-07-10 00:00:00+00:00,HB_HUBAVG,2025-07-10 07:00:00+00:00,23.271666666666665,22.857112884521484,18.65320587158203,29.157304763793945
Chronos2,2025-07-10 00:00:00+00:00,HB_HUBAVG,2025-07-10 08:00:00+00:00,22.49,22.63103485107422,18.234943389892578,28.490741729736328
Chronos2,2025-07-10 00:00:00+00:00,HB_HUBAVG,2025-07-10 09:00:00+00:00,22.394166666666667,22.792415618896484,18.220762252807617,29.30192756652832
Chronos2,2025-07-10 00:00:00+00:00,HB_HUBAVG,2025-07-10 10:00:00+00:00,22.629166666666663,23.343109130859375,18.679744720458984,29.98136329650879
Chronos2,2025-07-10 00:00:00+00:00,HB_HUBAVG,2025-07-10 11:00:00+00:00,22.6,23.776168823242188,18.791271209716797,30.36505889892578
Chronos2,2025-07-10 00:00:00+00:00,HB_HUBAVG,2025-07-10 12:00:00+00:00,20.255,23.863433837890625,18.925537109375,30.721052169799805
Chronos2,2025-07-10 00:00:00+00:00,HB_HUBAVG,2025-07-10 13:00:00+00:00,16.75916666666667,23.971614837646484,19.01154327392578,31.10826873779297
Chronos2,2025-07-10 00:00:00+00:00,HB_HUBAVG,2025-07-10 14:00:00+00:00,12.36,24.398082733154297,19.227310180664062,32.216007232666016
Chronos2,2025-07-10 00:00:00+00:00,HB_HUBAVG,2025-07-10 15:00:00+00:00,12.900833333333331,26.081050872802734,20.308313369750977,35.382469177246094
Chronos2,2025-07-10 00:00:00+00:00,HB_HUBAVG,2025-07-10 16:00:00+00:00,16.876666666666665,30.222169876098633,22.588153839111328,45.19101333618164
Chronos2,2025-07-10 00:00:00+00:00,HB_HUBAVG,2025-07-10 17:00:00+00:00,18.74833333333333,32.822914123535156,24.051525115966797,48.6130485534668
Chronos2,2025-07-10 00:00:00+00:00,HB_HUBAVG,2025-07-10 18:00:00+00:00,20.41583333333333,34.66565704345703,24.984832763671875,52.104793548583984
Chronos2,2025-07-10 00:00:00+00:00,HB_HUBAVG,2025-07-10 19:00:00+00:00,15.4,38.20400619506836,26.66989517211914,59.483924865722656
Chronos2,2025-07-10 00:00:00+00:00,HB_HUBAVG,2025-07-10 20:00:00+00:00,18.73,46.25989532470703,28.990863800048828,76.64492797851562
Chronos2,2025-07-10 00:00:00+00:00,HB_HUBAVG,2025-07-10 21:00:00+00:00,16.955000000000002,54.14598846435547,30.174846649169922,87.38651275634766
Chronos2,2025-07-10 00:00:00+00:00,HB_HUBAVG,2025-07-10 22:00:00+00:00,17.518333333333334,55.91332244873047,30.98119354248047,91.8229751586914
Chronos2,2025-07-10 00:00:00+00:00,HB_HUBAVG,2025-07-10 23:00:00+00:00,17.375,53.95039367675781,30.558387756347656,88.43922424316406
Chronos2,2025-07-10 00:00:00+00:00,HB_PAN,2025-07-10 00:00:00+00:00,69.81583333333333,66.29904174804688,47.66651916503906,94.36543273925781
Chronos2,2025-07-10 00:00:00+00:00,HB_PAN,2025-07-10 01:00:00+00:00,96.28166666666668,56.427955627441406,39.852012634277344,80.89909362792969
Chronos2,2025-07-10 00:00:00+00:00,HB_PAN,2025-07-10 02:00:00+00:00,52.48833333333334,46.47481918334961,34.114601135253906,65.38703918457031
Chronos2,2025-07-10 00:00:00+00:00,HB_PAN,2025-07-10 03:00:00+00:00,25.835833333333337,37.14700698852539,26.927417755126953,51.371849060058594
Chronos2,2025-07-10 00:00:00+00:00,HB_PAN,2025-07-10 04:00:00+00:00,19.0275,29.88869857788086,21.135761260986328,40.97142791748047
Chronos2,2025-07-10 00:00:00+00:00,HB_PAN,2025-07-10 05:00:00+00:00,18.6825,25.453218460083008,17.133697509765625,34.701148986816406
Chronos2,2025-07-10 00:00:00+00:00,HB_PAN,2025-07-10 06:00:00+00:00,18.93583333333333,22.295337677001953,13.903728485107422,31.015464782714844
Chronos2,2025-07-10 00:00:00+00:00,HB_PAN,2025-07-10 07:00:00+00:00,19.1675,19.96776580810547,10.972639083862305,29.107295989990234
Chronos2,2025-07-10 00:00:00+00:00,HB_PAN,2025-07-10 08:00:00+00:00,20.60083333333333,18.689626693725586,9.407997131347656,27.028766632080078
Chronos2,2025-07-10 00:00:00+00:00,HB_PAN,2025-07-10 09:00:00+00:00,22.031666666666663,18.303346633911133,8.880895614624023,27.490629196166992
Chronos2,2025-07-10 00:00:00+00:00,HB_PAN,2025-07-10 10:00:00+00:00,22.616666666666664,18.09963607788086,8.429494857788086,26.852184295654297
Chronos2,2025-07-10 00:00:00+00:00,HB_PAN,2025-07-10 11:00:00+00:00,21.915000000000003,17.87429428100586,8.093925476074219,27.23699378967285
Chronos2,2025-07-10 00:00:00+00:00,HB_PAN,2025-07-10 12:00:00+00:00,19.826666666666668,17.825485229492188,8.08319091796875,27.005584716796875
Chronos2,2025-07-10 00:00:00+00:00,HB_PAN,2025-07-10 13:00:00+00:00,16.75916666666667,18.916025161743164,8.58285903930664,28.453815460205078
Chronos2,2025-07-10 00:00:00+00:00,HB_PAN,2025-07-10 14:00:00+00:00,12.346666666666666,21.268096923828125,11.041759490966797,31.074174880981445
Chronos2,2025-07-10 00:00:00+00:00,HB_PAN,2025-07-10 15:00:00+00:00,12.945,24.95099639892578,14.574874877929688,35.52198028564453
Chronos2,2025-07-10 00:00:00+00:00,HB_PAN,2025-07-10 16:00:00+00:00,17.6725,30.12318229675293,22.201263427734375,42.064083099365234
Chronos2,2025-07-10 00:00:00+00:00,HB_PAN,2025-07-10 17:00:00+00:00,19.131666666666664,34.02314376831055,24.962921142578125,47.55988311767578
Chronos2,2025-07-10 00:00:00+00:00,HB_PAN,2025-07-10 18:00:00+00:00,18.04583333333333,37.98325729370117,27.555835723876953,53.341400146484375
Chronos2,2025-07-10 00:00:00+00:00,HB_PAN,2025-07-10 19:00:00+00:00,4.6433333333333335,43.917640686035156,29.671817779541016,65.1594467163086
Chronos2,2025-07-10 00:00:00+00:00,HB_PAN,2025-07-10 20:00:00+00:00,-1.0233333333333332,52.56975555419922,32.23796844482422,82.38513946533203
Chronos2,2025-07-10 00:00:00+00:00,HB_PAN,2025-07-10 21:00:00+00:00,-1.9825,59.51142120361328,32.48773193359375,94.85342407226562
Chronos2,2025-07-10 00:00:00+00:00,HB_PAN,2025-07-10 22:00:00+00:00,-2.433333333333333,62.681060791015625,32.83455276489258,101.53587341308594
Chronos2,2025-07-10 00:00:00+00:00,HB_PAN,2025-07-10 23:00:00+00:00,-2.17,61.32210922241211,32.35194396972656,98.36032104492188
Chronos2,2025-07-10 00:00:00+00:00,LZ_WEST,2025-07-10 00:00:00+00:00,71.97666666666667,60.71982192993164,43.143428802490234,82.09276580810547
Chronos2,2025-07-10 00:00:00+00:00,LZ_WEST,2025-07-10 01:00:00+00:00,100.04583333333332,54.10362243652344,36.44476318359375,77.38151550292969
Chronos2,2025-07-10 00:00:00+00:00,LZ_WEST,2025-07-10 02:00:00+00:00,57.056666666666665,55.91714859008789,37.16505432128906,80.75212860107422
Chronos2,2025-07-10 00:00:00+00:00,LZ_WEST,2025-07-10 03:00:00+00:00,53.34166666666667,50.767398834228516,33.14079284667969,76.95208740234375
Chronos2,2025-07-10 00:00:00+00:00,LZ_WEST,2025-07-10 04:00:00+00:00,47.0925,46.934295654296875,29.76534652709961,72.68423461914062
Chronos2,2025-07-10 00:00:00+00:00,LZ_WEST,2025-07-10 05:00:00+00:00,44.2525,47.70488739013672,28.447593688964844,77.0179672241211
Chronos2,2025-07-10 00:00:00+00:00,LZ_WEST,2025-07-10 06:00:00+00:00,37.910833333333336,47.09556198120117,26.773256301879883,81.05422973632812
Chronos2,2025-07-10 00:00:00+00:00,LZ_WEST,2025-07-10 07:00:00+00:00,31.041666666666668,48.017860412597656,25.770858764648438,83.79790496826172
Chronos2,2025-07-10 00:00:00+00:00,LZ_WEST,2025-07-10 08:00:00+00:00,27.184166666666663,54.973793029785156,27.586057662963867,90.43138885498047
Chronos2,2025-07-10 00:00:00+00:00,LZ_WEST,2025-07-10 09:00:00+00:00,23.645,53.53022384643555,26.75469398498535,90.58983612060547
Chronos2,2025-07-10 00:00:00+00:00,LZ_WEST,2025-07-10 10:00:00+00:00,22.88416666666667,49.34006881713867,24.41506004333496,88.55294799804688
Chronos2,2025-07-10 00:00:00+00:00,LZ_WEST,2025-07-10 11:00:00+00:00,23.855833333333333,50.532955169677734,24.799596786499023,91.07266235351562
Chronos2,2025-07-10 00:00:00+00:00,LZ_WEST,2025-07-10 12:00:00+00:00,21.401666666666667,32.58287811279297,20.299057006835938,64.35295104980469
Chronos2,2025-07-10 00:00:00+00:00,LZ_WEST,2025-07-10 13:00:00+00:00,16.75916666666667,27.927776336669922,19.392772674560547,53.01667022705078
Chronos2,2025-07-10 00:00:00+00:00,LZ_WEST,2025-07-10 14:00:00+00:00,12.325,26.02235984802246,19.082775115966797,49.25246810913086
Chronos2,2025-07-10 00:00:00+00:00,LZ_WEST,2025-07-10 15:00:00+00:00,12.773333333333332,27.380664825439453,19.690162658691406,52.68455505371094
Chronos2,2025-07-10 00:00:00+00:00,LZ_WEST,2025-07-10 16:00:00+00:00,16.249166666666667,29.011390686035156,22.111116409301758,50.86360168457031
Chronos2,2025-07-10 00:00:00+00:00,LZ_WEST,2025-07-10 17:00:00+00:00,17.381666666666664,29.876480102539062,22.1224308013916,53.636985778808594
Chronos2,2025-07-10 00:00:00+00:00,LZ_WEST,2025-07-10 18:00:00+00:00,16.379166666666666,31.912799835205078,22.510265350341797,55.55374526977539
Chronos2,2025-07-10 00:00:00+00:00,LZ_WEST,2025-07-10 19:00:00+00:00,4.735833333333333,34.22800827026367,23.21421241760254,59.803009033203125
Chronos2,2025-07-10 00:00:00+00:00,LZ_WEST,2025-07-10 20:00:00+00:00,0.6716666666666667,41.32406997680664,24.767860412597656,72.8249740600586
Chronos2,2025-07-10 00:00:00+00:00,LZ_WEST,2025-07-10 21:00:00+00:00,0.0966666666666666,46.769474029541016,26.279796600341797,79.84413146972656
Chronos2,2025-07-10 00:00:00+00:00,LZ_WEST,2025-07-10 22:00:00+00:00,-0.1733333333333333,48.697601318359375,27.187175750732422,83.35159301757812
Chronos2,2025-07-10 00:00:00+00:00,LZ_WEST,2025-07-10 23:00:00+00:00,0.5325,51.472415924072266,27.36227035522461,84.01375579833984
Chronos2,2025-07-11 00:00:00+00:00,HB_HUBAVG,2025-07-11 00:00:00+00:00,47.80416666666667,22.970821380615234,14.270309448242188,37.55809020996094
Chronos2,2025-07-11 00:00:00+00:00,HB_HUBAVG,2025-07-11 01:00:00+00:00,65.79333333333334,27.65220069885254,14.331321716308594,56.172821044921875
Chronos2,2025-07-11 00:00:00+00:00,HB_HUBAVG,2025-07-11 02:00:00+00:00,32.8125,28.895061492919922,15.075616836547852,55.454345703125
Chronos2,2025-07-11 00:00:00+00:00,HB_HUBAVG,2025-07-11 03:00:00+00:00,22.199166666666667,26.41588592529297,15.79342269897461,44.37055206298828
Chronos2,2025-07-11 00:00:00+00:00,HB_HUBAVG,2025-07-11 04:00:00+00:00,20.71583333333333,24.10252571105957,14.871892929077148,36.04654312133789
Chronos2,2025-07-11 00:00:00+00:00,HB_HUBAVG,2025-07-11 05:00:00+00:00,21.73583333333333,23.28297996520996,14.159688949584961,35.103389739990234
Chronos2,2025-07-11 00:00:00+00:00,HB_HUBAVG,2025-07-11 06:00:00+00:00,21.890833333333333,22.80980682373047,14.226133346557617,32.734771728515625
Chronos2,2025-07-11 00:00:00+00:00,HB_HUBAVG,2025-07-11 07:00:00+00:00,21.511666666666667,22.151660919189453,13.711675643920898,31.10184097290039
Chronos2,2025-07-11 00:00:00+00:00,HB_HUBAVG,2025-07-11 08:00:00+00:00,22.492500000000003,22.511943817138672,13.628787994384766,30.82726287841797
Chronos2,2025-07-11 00:00:00+00:00,HB_HUBAVG,2025-07-11 09:00:00+00:00,24.153333333333336,23.012935638427734,13.562469482421875,32.95307540893555
Chronos2,2025-07-11 00:00:00+00:00,HB_HUBAVG,2025-07-11 10:00:00+00:00,26.326666666666668,23.20378303527832,13.457983016967773,34.09547805786133
Chronos2,2025-07-11 00:00:00+00:00,HB_HUBAVG,2025-07-11 11:00:00+00:00,26.640833333333333,22.50666046142578,12.519302368164062,33.87935256958008
Chronos2,2025-07-11 00:00:00+00:00,HB_HUBAVG,2025-07-11 12:00:00+00:00,22.093333333333337,21.214824676513672,11.346176147460938,31.22442626953125
Chronos2,2025-07-11 00:00:00+00:00,HB_HUBAVG,2025-07-11 13:00:00+00:00,17.471666666666668,19.232189178466797,9.701059341430664,29.58846664428711
Chronos2,2025-07-11 00:00:00+00:00,HB_HUBAVG,2025-07-11 14:00:00+00:00,12.914166666666668,17.98383140563965,8.378808975219727,27.92368507385254
Chronos2,2025-07-11 00:00:00+00:00,HB_HUBAVG,2025-07-11 15:00:00+00:00,16.814166666666665,18.459640502929688,8.584768295288086,29.210126876831055
Chronos2,2025-07-11 00:00:00+00:00,HB_HUBAVG,2025-07-11 16:00:00+00:00,20.20583333333333,20.951515197753906,6.391014099121094,38.065696716308594
Chronos2,2025-07-11 00:00:00+00:00,HB_HUBAVG,2025-07-11 17:00:00+00:00,30.223333333333333,21.578895568847656,6.1180267333984375,43.953269958496094
Chronos2,2025-07-11 00:00:00+00:00,HB_HUBAVG,2025-07-11 18:00:00+00:00,32.59583333333333,22.280292510986328,6.141180038452148,48.0747184753418
Chronos2,2025-07-11 00:00:00+00:00,HB_HUBAVG,2025-07-11 19:00:00+00:00,21.97833333333333,22.72643280029297,5.411933898925781,55.113433837890625
Chronos2,2025-07-11 00:00:00+00:00,HB_HUBAVG,2025-07-11 20:00:00+00:00,26.508333333333336,25.101940155029297,5.40870475769043,71.92015075683594
Chronos2,2025-07-11 00:00:00+00:00,HB_HUBAVG,2025-07-11 21:00:00+00:00,34.25,26.533931732177734,2.5441417694091797,98.56222534179688
Chronos2,2025-07-11 00:00:00+00:00,HB_HUBAVG,2025-07-11 22:00:00+00:00,26.81083333333333,27.08171844482422,4.264751434326172,89.36698150634766
Chronos2,2025-07-11 00:00:00+00:00,HB_HUBAVG,2025-07-11 23:00:00+00:00,31.9575,27.356475830078125,5.190650939941406,86.36177825927734
Chronos2,2025-07-11 00:00:00+00:00,HB_PAN,2025-07-11 00:00:00+00:00,37.501666666666665,3.093942642211914,-29.102218627929688,27.24935531616211
Chronos2,2025-07-11 00:00:00+00:00,HB_PAN,2025-07-11 01:00:00+00:00,67.26416666666667,9.86421012878418,-31.949630737304688,44.50282287597656
Chronos2,2025-07-11 00:00:00+00:00,HB_PAN,2025-07-11 02:00:00+00:00,30.3875,14.400384902954102,-30.876041412353516,49.321678161621094
Chronos2,2025-07-11 00:00:00+00:00,HB_PAN,2025-07-11 03:00:00+00:00,15.96,17.798879623413086,-23.071060180664062,44.908084869384766
Chronos2,2025-07-11 00:00:00+00:00,HB_PAN,2025-07-11 04:00:00+00:00,16.787499999999998,20.34991455078125,-9.677330017089844,39.22822952270508
Chronos2,2025-07-11 00:00:00+00:00,HB_PAN,2025-07-11 05:00:00+00:00,21.63416666666667,21.8096981048584,-1.2202262878417969,36.715274810791016
Chronos2,2025-07-11 00:00:00+00:00,HB_PAN,2025-07-11 06:00:00+00:00,21.852500000000003,23.219179153442383,4.041936874389648,34.69656753540039
Chronos2,2025-07-11 00:00:00+00:00,HB_PAN,2025-07-11 07:00:00+00:00,21.47083333333333,23.03559112548828,8.338949203491211,32.446598052978516
Chronos2,2025-07-11 00:00:00+00:00,HB_PAN,2025-07-11 08:00:00+00:00,22.44833333333333,24.191429138183594,11.018888473510742,33.24992370605469
Chronos2,2025-07-11 00:00:00+00:00,HB_PAN,2025-07-11 09:00:00+00:00,24.153333333333336,24.78481101989746,12.050790786743164,34.27610397338867
Chronos2,2025-07-11 00:00:00+00:00,HB_PAN,2025-07-11 10:00:00+00:00,26.13,25.56243133544922,13.74321174621582,34.53736114501953
Chronos2,2025-07-11 00:00:00+00:00,HB_PAN,2025-07-11 11:00:00+00:00,25.738333333333333,25.236026763916016,15.598705291748047,33.45187759399414
Chronos2,2025-07-11 00:00:00+00:00,HB_PAN,2025-07-11 12:00:00+00:00,22.093333333333337,23.110328674316406,13.273429870605469,31.272079467773438
Chronos2,2025-07-11 00:00:00+00:00,HB_PAN,2025-07-11 13:00:00+00:00,17.985833333333336,21.078022003173828,9.461187362670898,29.661495208740234
Chronos2,2025-07-11 00:00:00+00:00,HB_PAN,2025-07-11 14:00:00+00:00,13.424166666666666,20.385334014892578,7.857091903686523,29.878183364868164
Chronos2,2025-07-11 00:00:00+00:00,HB_PAN,2025-07-11 15:00:00+00:00,16.290833333333335,21.213394165039062,7.218267440795898,31.484909057617188
Chronos2,2025-07-11 00:00:00+00:00,HB_PAN,2025-07-11 16:00:00+00:00,17.919999999999998,21.14521026611328,-1.3334197998046875,34.70164489746094
Chronos2,2025-07-11 00:00:00+00:00,HB_PAN,2025-07-11 17:00:00+00:00,33.315,20.164051055908203,-6.425457000732422,36.83979415893555
Chronos2,2025-07-11 00:00:00+00:00,HB_PAN,2025-07-11 18:00:00+00:00,38.23416666666667,19.17932891845703,-13.808486938476562,40.69818115234375
Chronos2,2025-07-11 00:00:00+00:00,HB_PAN,2025-07-11 19:00:00+00:00,23.8175,17.019685745239258,-25.345970153808594,48.49077606201172
Chronos2,2025-07-11 00:00:00+00:00,HB_PAN,2025-07-11 20:00:00+00:00,29.06083333333333,14.473224639892578,-40.13568115234375,64.93335723876953
Chronos2,2025-07-11 00:00:00+00:00,HB_PAN,2025-07-11 21:00:00+00:00,39.02333333333333,12.1650390625,-51.56242370605469,79.59333801269531
Chronos2,2025-07-11 00:00:00+00:00,HB_PAN,2025-07-11 22:00:00+00:00,31.059166666666663,10.921558380126953,-54.06367492675781,77.33045959472656
Chronos2,2025-07-11 00:00:00+00:00,HB_PAN,2025-07-11 23:00:00+00:00,34.115833333333335,11.150932312011719,-50.256935119628906,75.4630126953125
Chronos2,2025-07-11 00:00:00+00:00,LZ_WEST,2025-07-11 00:00:00+00:00,39.555,3.977924346923828,-16.951671600341797,20.583112716674805
Chronos2,2025-07-11 00:00:00+00:00,LZ_WEST,2025-07-11 01:00:00+00:00,67.75333333333333,7.932277679443359,-15.450935363769531,28.60143280029297
Chronos2,2025-07-11 00:00:00+00:00,LZ_WEST,2025-07-11 02:00:00+00:00,36.0025,10.204265594482422,-16.57095718383789,33.17392349243164
Chronos2,2025-07-11 00:00:00+00:00,LZ_WEST,2025-07-11 03:00:00+00:00,26.435,12.175052642822266,-15.486499786376953,36.147274017333984
Chronos2,2025-07-11 00:00:00+00:00,LZ_WEST,2025-07-11 04:00:00+00:00,23.276666666666667,14.751310348510742,-16.077617645263672,39.68611145019531
Chronos2,2025-07-11 00:00:00+00:00,LZ_WEST,2025-07-11 05:00:00+00:00,23.104166666666668,16.6368350982666,-14.641151428222656,41.90451431274414
Chronos2,2025-07-11 00:00:00+00:00,LZ_WEST,2025-07-11 06:00:00+00:00,22.741666666666664,18.430381774902344,-14.043807983398438,42.1903076171875
Chronos2,2025-07-11 00:00:00+00:00,LZ_WEST,2025-07-11 07:00:00+00:00,22.394166666666667,17.85980796813965,-11.704216003417969,41.42387390136719
Chronos2,2025-07-11 00:00:00+00:00,LZ_WEST,2025-07-11 08:00:00+00:00,23.4575,17.777793884277344,-14.944499969482422,43.205650329589844
Chronos2,2025-07-11 00:00:00+00:00,LZ_WEST,2025-07-11 09:00:00+00:00,24.153333333333336,17.11516571044922,-14.649612426757812,43.33742904663086
Chronos2,2025-07-11 00:00:00+00:00,LZ_WEST,2025-07-11 10:00:00+00:00,26.429166666666664,17.966325759887695,-13.633171081542969,43.99889373779297
Chronos2,2025-07-11 00:00:00+00:00,LZ_WEST,2025-07-11 11:00:00+00:00,28.295,18.847984313964844,-11.960124969482422,44.675697326660156
Chronos2,2025-07-11 00:00:00+00:00,LZ_WEST,2025-07-11 12:00:00+00:00,22.093333333333337,16.851037979125977,-12.356674194335938,39.88737106323242
Chronos2,2025-07-11 00:00:00+00:00,LZ_WEST,2025-07-11 13:00:00+00:00,18.160833333333333,15.661005020141602,-11.916358947753906,36.75360107421875
Chronos2,2025-07-11 00:00:00+00:00,LZ_WEST,2025-07-11 14:00:00+00:00,13.593333333333334,16.01571273803711,-10.369735717773438,35.84829330444336
Chronos2,2025-07-11 00:00:00+00:00,LZ_WEST,2025-07-11 15:00:00+00:00,16.358333333333334,17.312734603881836,-9.3074951171875,37.18173599243164
Chronos2,2025-07-11 00:00:00+00:00,LZ_WEST,2025-07-11 16:00:00+00:00,16.573333333333334,13.786323547363281,-17.57135772705078,35.243534088134766
Chronos2,2025-07-11 00:00:00+00:00,LZ_WEST,2025-07-11 17:00:00+00:00,29.21166666666667,13.850322723388672,-20.406269073486328,36.4549674987793
Chronos2,2025-07-11 00:00:00+00:00,LZ_WEST,2025-07-11 18:00:00+00:00,35.524166666666666,13.746910095214844,-25.954483032226562,39.37153625488281
Chronos2,2025-07-11 00:00:00+00:00,LZ_WEST,2025-07-11 19:00:00+00:00,22.578333333333333,11.188077926635742,-32.3431396484375,43.093379974365234
Chronos2,2025-07-11 00:00:00+00:00,LZ_WEST,2025-07-11 20:00:00+00:00,27.59,9.02920913696289,-44.857765197753906,49.40571594238281
Chronos2,2025-07-11 00:00:00+00:00,LZ_WEST,2025-07-11 21:00:00+00:00,38.27166666666667,6.699489593505859,-56.50159454345703,54.932579040527344
Chronos2,2025-07-11 00:00:00+00:00,LZ_WEST,2025-07-11 22:00:00+00:00,30.479166666666668,5.280445098876953,-62.258705139160156,56.12555694580078
Chronos2,2025-07-11 00:00:00+00:00,LZ_WEST,2025-07-11 23:00:00+00:00,34.343333333333334,4.089591979980469,-59.000205993652344,51.77241516113281
Chronos2,2025-07-12 00:00:00+00:00,HB_HUBAVG,2025-07-12 00:00:00+00:00,59.36833333333333,57.127166748046875,34.92179870605469,83.41204833984375
Chronos2,2025-07-12 00:00:00+00:00,HB_HUBAVG,2025-07-12 01:00:00+00:00,120.38833333333334,63.31089782714844,38.566410064697266,91.30530548095703
Chronos2,2025-07-12 00:00:00+00:00,HB_HUBAVG,2025-07-12 02:00:00+00:00,465.4933333333333,40.11811065673828,27.634777069091797,61.84428024291992
Chronos2,2025-07-12 00:00:00+00:00,HB_HUBAVG,2025-07-12 03:00:00+00:00,37.274166666666666,29.717823028564453,21.56007194519043,41.83376693725586
Chronos2,2025-07-12 00:00:00+00:00,HB_HUBAVG,2025-07-12 04:00:00+00:00,29.138333333333332,25.867094039916992,19.66242790222168,33.571144104003906
Chronos2,2025-07-12 00:00:00+00:00,HB_HUBAVG,2025-07-12 05:00:00+00:00,27.489166666666662,25.451278686523438,20.26498794555664,31.541217803955078
Chronos2,2025-07-12 00:00:00+00:00,HB_HUBAVG,2025-07-12 06:00:00+00:00,28.411666666666665,25.310115814208984,20.258575439453125,30.937925338745117
Chronos2,2025-07-12 00:00:00+00:00,HB_HUBAVG,2025-07-12 07:00:00+00:00,26.894166666666667,24.52511978149414,19.852407455444336,29.7324161529541
Chronos2,2025-07-12 00:00:00+00:00,HB_HUBAVG,2025-07-12 08:00:00+00:00,27.4825,24.91419792175293,19.67818832397461,29.981447219848633
Chronos2,2025-07-12 00:00:00+00:00,HB_HUBAVG,2025-07-12 09:00:00+00:00,44.14333333333334,24.8732852935791,19.671161651611328,30.593469619750977
Chronos2,2025-07-12 00:00:00+00:00,HB_HUBAVG,2025-07-12 10:00:00+00:00,54.5075,25.29823875427246,19.44490623474121,31.520931243896484
Chronos2,2025-07-12 00:00:00+00:00,HB_HUBAVG,2025-07-12 11:00:00+00:00,33.160833333333336,24.930130004882812,18.869606018066406,31.294353485107422
Chronos2,2025-07-12 00:00:00+00:00,HB_HUBAVG,2025-07-12 12:00:00+00:00,28.8175,22.463916778564453,16.58914566040039,28.8992862701416
Chronos2,2025-07-12 00:00:00+00:00,HB_HUBAVG,2025-07-12 13:00:00+00:00,36.4575,20.156776428222656,14.556985855102539,26.906490325927734
Chronos2,2025-07-12 00:00:00+00:00,HB_HUBAVG,2025-07-12 14:00:00+00:00,34.57583333333333,18.00481414794922,12.406518936157227,25.321319580078125
Chronos2,2025-07-12 00:00:00+00:00,HB_HUBAVG,2025-07-12 15:00:00+00:00,36.82083333333333,18.24458885192871,12.404167175292969,27.083152770996094
Chronos2,2025-07-12 00:00:00+00:00,HB_HUBAVG,2025-07-12 16:00:00+00:00,42.87416666666667,21.962926864624023,14.960037231445312,33.504661560058594
Chronos2,2025-07-12 00:00:00+00:00,HB_HUBAVG,2025-07-12 17:00:00+00:00,41.8225,24.289457321166992,15.940483093261719,39.39689636230469
Chronos2,2025-07-12 00:00:00+00:00,HB_HUBAVG,2025-07-12 18:00:00+00:00,46.19083333333333,24.992677688598633,15.672083854675293,43.30261993408203
Chronos2,2025-07-12 00:00:00+00:00,HB_HUBAVG,2025-07-12 19:00:00+00:00,91.3,25.714008331298828,15.177261352539062,45.44756317138672
Chronos2,2025-07-12 00:00:00+00:00,HB_HUBAVG,2025-07-12 20:00:00+00:00,116.07083333333333,30.888612747192383,16.91103744506836,59.867576599121094
Chronos2,2025-07-12 00:00:00+00:00,HB_HUBAVG,2025-07-12 21:00:00+00:00,76.855,36.266048431396484,18.54460334777832,72.15664672851562
Chronos2,2025-07-12 00:00:00+00:00,HB_HUBAVG,2025-07-12 22:00:00+00:00,106.89166666666668,36.17899703979492,18.846027374267578,71.92567443847656
Chronos2,2025-07-12 00:00:00+00:00,HB_HUBAVG,2025-07-12 23:00:00+00:00,159.7516666666667,38.59632873535156,19.933914184570312,70.78265380859375
Chronos2,2025-07-12 00:00:00+00:00,HB_PAN,2025-07-12 00:00:00+00:00,61.95583333333334,61.17620086669922,31.814302444458008,99.39762878417969
Chronos2,2025-07-12 00:00:00+00:00,HB_PAN,2025-07-12 01:00:00+00:00,123.85666666666668,68.93074798583984,38.25507354736328,109.12198638916016
Chronos2,2025-07-12 00:00:00+00:00,HB_PAN,2025-07-12 02:00:00+00:00,466.8558333333333,46.00788116455078,27.30690574645996,76.34809875488281
Chronos2,2025-07-12 00:00:00+00:00,HB_PAN,2025-07-12 03:00:00+00:00,34.47083333333334,32.77638626098633,20.404434204101562,49.70226287841797
Chronos2,2025-07-12 00:00:00+00:00,HB_PAN,2025-07-12 04:00:00+00:00,21.496666666666663,27.33285903930664,17.76582908630371,37.882080078125
Chronos2,2025-07-12 00:00:00+00:00,HB_PAN,2025-07-12 05:00:00+00:00,27.063333333333333,27.823869705200195,19.39194107055664,36.396270751953125
Chronos2,2025-07-12 00:00:00+00:00,HB_PAN,2025-07-12 06:00:00+00:00,28.3425,27.686433792114258,19.925430297851562,36.11538314819336
Chronos2,2025-07-12 00:00:00+00:00,HB_PAN,2025-07-12 07:00:00+00:00,25.65083333333333,26.88254165649414,18.958110809326172,35.3192138671875
Chronos2,2025-07-12 00:00:00+00:00,HB_PAN,2025-07-12 08:00:00+00:00,24.42833333333333,27.091453552246094,19.070465087890625,35.586788177490234
Chronos2,2025-07-12 00:00:00+00:00,HB_PAN,2025-07-12 09:00:00+00:00,43.17333333333334,27.212730407714844,19.10309600830078,35.85087585449219
Chronos2,2025-07-12 00:00:00+00:00,HB_PAN,2025-07-12 10:00:00+00:00,57.32,26.931852340698242,18.087356567382812,36.13330841064453
Chronos2,2025-07-12 00:00:00+00:00,HB_PAN,2025-07-12 11:00:00+00:00,33.58583333333333,25.25661277770996,15.863279342651367,34.532264709472656
Chronos2,2025-07-12 00:00:00+00:00,HB_PAN,2025-07-12 12:00:00+00:00,29.164166666666663,23.177732467651367,13.845022201538086,32.226680755615234
Chronos2,2025-07-12 00:00:00+00:00,HB_PAN,2025-07-12 13:00:00+00:00,39.82083333333333,21.633270263671875,11.734947204589844,30.68879508972168
Chronos2,2025-07-12 00:00:00+00:00,HB_PAN,2025-07-12 14:00:00+00:00,36.123333333333335,20.09020233154297,10.312074661254883,30.34656524658203
Chronos2,2025-07-12 00:00:00+00:00,HB_PAN,2025-07-12 15:00:00+00:00,30.58,20.002803802490234,9.723627090454102,31.6649169921875
Chronos2,2025-07-12 00:00:00+00:00,HB_PAN,2025-07-12 16:00:00+00:00,44.83166666666667,22.129985809326172,10.938802719116211,32.81718826293945
Chronos2,2025-07-12 00:00:00+00:00,HB_PAN,2025-07-12 17:00:00+00:00,45.82916666666667,24.713279724121094,11.835660934448242,37.934207916259766
Chronos2,2025-07-12 00:00:00+00:00,HB_PAN,2025-07-12 18:00:00+00:00,50.13583333333333,26.74819564819336,11.854911804199219,45.35882568359375
Chronos2,2025-07-12 00:00:00+00:00,HB_PAN,2025-07-12 19:00:00+00:00,99.70333333333332,28.576705932617188,10.872453689575195,52.42912673950195
Chronos2,2025-07-12 00:00:00+00:00,HB_PAN,2025-07-12 20:00:00+00:00,126.53916666666667,34.74306106567383,11.026346206665039,70.99282836914062
Chronos2,2025-07-12 00:00:00+00:00,HB_PAN,2025-07-12 21:00:00+00:00,83.31916666666666,41.249664306640625,10.567733764648438,87.89417266845703
Chronos2,2025-07-12 00:00:00+00:00,HB_PAN,2025-07-12 22:00:00+00:00,116.065,43.10328674316406,9.517370223999023,93.1704330444336
Chronos2,2025-07-12 00:00:00+00:00,HB_PAN,2025-07-12 23:00:00+00:00,176.37833333333333,44.94967269897461,8.804058074951172,96.92350769042969
Chronos2,2025-07-12 00:00:00+00:00,LZ_WEST,2025-07-12 00:00:00+00:00,62.72416666666666,48.671836853027344,32.21007537841797,70.6924819946289
Chronos2,2025-07-12 00:00:00+00:00,LZ_WEST,2025-07-12 01:00:00+00:00,124.94583333333333,56.69744873046875,35.504920959472656,84.78351593017578
Chronos2,2025-07-12 00:00:00+00:00,LZ_WEST,2025-07-12 02:00:00+00:00,467.2533333333334,51.35940170288086,32.40526580810547,78.39706420898438
Chronos2,2025-07-12 00:00:00+00:00,LZ_WEST,2025-07-12 03:00:00+00:00,45.78916666666667,49.64702606201172,31.231712341308594,75.82666778564453
Chronos2,2025-07-12 00:00:00+00:00,LZ_WEST,2025-07-12 04:00:00+00:00,69.21,47.772552490234375,30.372928619384766,71.49869537353516
Chronos2,2025-07-12 00:00:00+00:00,LZ_WEST,2025-07-12 05:00:00+00:00,57.61166666666667,47.12052917480469,29.52294158935547,71.67867279052734
Chronos2,2025-07-12 00:00:00+00:00,LZ_WEST,2025-07-12 06:00:00+00:00,50.42249999999999,44.84309005737305,26.801000595092773,71.90082550048828
Chronos2,2025-07-12 00:00:00+00:00,LZ_WEST,2025-07-12 07:00:00+00:00,54.41333333333333,42.27168273925781,23.00126075744629,76.00801086425781
Chronos2,2025-07-12 00:00:00+00:00,LZ_WEST,2025-07-12 08:00:00+00:00,55.66416666666667,41.924766540527344,19.827911376953125,78.89657592773438
Chronos2,2025-07-12 00:00:00+00:00,LZ_WEST,2025-07-12 09:00:00+00:00,64.94500000000001,39.58544921875,19.057401657104492,76.40728759765625
Chronos2,2025-07-12 00:00:00+00:00,LZ_WEST,2025-07-12 10:00:00+00:00,66.34666666666666,37.23347091674805,17.85663414001465,71.71099853515625
Chronos2,2025-07-12 00:00:00+00:00,LZ_WEST,2025-07-12 11:00:00+00:00,33.729166666666664,39.268287658691406,16.561134338378906,73.38670349121094
Chronos2,2025-07-12 00:00:00+00:00,LZ_WEST,2025-07-12 12:00:00+00:00,29.285,31.157604217529297,14.851940155029297,57.05305480957031
Chronos2,2025-07-12 00:00:00+00:00,LZ_WEST,2025-07-12 13:00:00+00:00,60.4825,24.872970581054688,12.332195281982422,46.96491241455078
Chronos2,2025-07-12 00:00:00+00:00,LZ_WEST,2025-07-12 14:00:00+00:00,85.59250000000002,22.013973236083984,10.280498504638672,41.85970687866211
Chronos2,2025-07-12 00:00:00+00:00,LZ_WEST,2025-07-12 15:00:00+00:00,86.855,22.25798797607422,9.95648193359375,43.85169219970703
Chronos2,2025-07-12 00:00:00+00:00,LZ_WEST,2025-07-12 16:00:00+00:00,54.3575,25.33753204345703,11.385616302490234,46.60577392578125
Chronos2,2025-07-12 00:00:00+00:00,LZ_WEST,2025-07-12 17:00:00+00:00,47.23583333333334,26.419803619384766,12.074859619140625,49.48503494262695
Chronos2,2025-07-12 00:00:00+00:00,LZ_WEST,2025-07-12 18:00:00+00:00,51.13,27.198986053466797,11.441814422607422,52.870849609375
Chronos2,2025-07-12 00:00:00+00:00,LZ_WEST,2025-07-12 19:00:00+00:00,101.79416666666668,27.29741096496582,10.01580810546875,55.11064147949219
Chronos2,2025-07-12 00:00:00+00:00,LZ_WEST,2025-07-12 20:00:00+00:00,129.22166666666666,32.52067947387695,11.242805480957031,67.76045227050781
Chronos2,2025-07-12 00:00:00+00:00,LZ_WEST,2025-07-12 21:00:00+00:00,84.975,38.58501052856445,11.955587387084961,84.1048583984375
Chronos2,2025-07-12 00:00:00+00:00,LZ_WEST,2025-07-12 22:00:00+00:00,118.3725,39.15629959106445,12.680418014526367,85.16976928710938
Chronos2,2025-07-12 00:00:00+00:00,LZ_WEST,2025-07-12 23:00:00+00:00,179.42083333333335,42.22085189819336,13.084035873413086,84.78338623046875
Chronos2,2025-07-13 00:00:00+00:00,HB_HUBAVG,2025-07-13 00:00:00+00:00,187.59416666666667,131.3059539794922,70.47076416015625,238.5682830810547
Chronos2,2025-07-13 00:00:00+00:00,HB_HUBAVG,2025-07-13 01:00:00+00:00,122.0075,114.12541961669922,57.401580810546875,224.78628540039062
Chronos2,2025-07-13 00:00:00+00:00,HB_HUBAVG,2025-07-13 02:00:00+00:00,101.57083333333333,83.21916198730469,42.46033477783203,188.66452026367188
Chronos2,2025-07-13 00:00:00+00:00,HB_HUBAVG,2025-07-13 03:00:00+00:00,97.15666666666668,52.7924919128418,32.16632080078125,111.666259765625
Chronos2,2025-07-13 00:00:00+00:00,HB_HUBAVG,2025-07-13 04:00:00+00:00,77.18416666666667,38.984092712402344,25.740570068359375,67.12398529052734
Chronos2,2025-07-13 00:00:00+00:00,HB_HUBAVG,2025-07-13 05:00:00+00:00,47.36333333333334,34.73918914794922,24.45050811767578,55.428863525390625
Chronos2,2025-07-13 00:00:00+00:00,HB_HUBAVG,2025-07-13 06:00:00+00:00,43.72333333333333,32.574249267578125,23.951047897338867,50.34709167480469
Chronos2,2025-07-13 00:00:00+00:00,HB_HUBAVG,2025-07-13 07:00:00+00:00,42.585,31.730384826660156,22.600679397583008,47.447288513183594
Chronos2,2025-07-13 00:00:00+00:00,HB_HUBAVG,2025-07-13 08:00:00+00:00,36.15833333333333,32.739505767822266,22.711963653564453,47.671669006347656
Chronos2,2025-07-13 00:00:00+00:00,HB_HUBAVG,2025-07-13 09:00:00+00:00,32.333333333333336,34.36819839477539,23.525310516357422,52.29863739013672
Chronos2,2025-07-13 00:00:00+00:00,HB_HUBAVG,2025-07-13 10:00:00+00:00,33.586666666666666,35.182987213134766,23.217056274414062,55.20362091064453
Chronos2,2025-07-13 00:00:00+00:00,HB_HUBAVG,2025-07-13 11:00:00+00:00,33.855,34.03049087524414,22.28099822998047,52.63214111328125
Chronos2,2025-07-13 00:00:00+00:00,HB_HUBAVG,2025-07-13 12:00:00+00:00,28.749166666666667,32.06666946411133,21.27959632873535,49.15871047973633
Chronos2,2025-07-13 00:00:00+00:00,HB_HUBAVG,2025-07-13 13:00:00+00:00,23.21583333333333,30.828289031982422,20.102272033691406,47.543113708496094
Chronos2,2025-07-13 00:00:00+00:00,HB_HUBAVG,2025-07-13 14:00:00+00:00,18.1075,30.616527557373047,20.02728271484375,50.31399917602539
Chronos2,2025-07-13 00:00:00+00:00,HB_HUBAVG,2025-07-13 15:00:00+00:00,16.3325,31.67445945739746,20.226028442382812,54.00612258911133
Chronos2,2025-07-13 00:00:00+00:00,HB_HUBAVG,2025-07-13 16:00:00+00:00,19.63416666666667,36.147457122802734,24.606449127197266,62.11851501464844
Chronos2,2025-07-13 00:00:00+00:00,HB_HUBAVG,2025-07-13 17:00:00+00:00,20.836666666666662,37.70309829711914,24.693363189697266,65.45184326171875
Chronos2,2025-07-13 00:00:00+00:00,HB_HUBAVG,2025-07-13 18:00:00+00:00,29.0875,40.444454193115234,24.959232330322266,78.76085662841797
Chronos2,2025-07-13 00:00:00+00:00,HB_HUBAVG,2025-07-13 19:00:00+00:00,45.03666666666666,45.51547622680664,26.501537322998047,96.79704284667969
Chronos2,2025-07-13 00:00:00+00:00,HB_HUBAVG,2025-07-13 20:00:00+00:00,41.27916666666667,51.742401123046875,29.393966674804688,116.77739715576172
Chronos2,2025-07-13 00:00:00+00:00,HB_HUBAVG,2025-07-13 21:00:00+00:00,66.82833333333333,57.358299255371094,30.675065994262695,128.9776611328125
Chronos2,2025-07-13 00:00:00+00:00,HB_HUBAVG,2025-07-13 22:00:00+00:00,66.39999999999999,60.470462799072266,31.365419387817383,146.30215454101562
Chronos2,2025-07-13 00:00:00+00:00,HB_HUBAVG,2025-07-13 23:00:00+00:00,59.25666666666667,64.76008605957031,32.85993576049805,152.67466735839844
Chronos2,2025-07-13 00:00:00+00:00,HB_PAN,2025-07-13 00:00:00+00:00,203.81333333333336,146.3955078125,77.30270385742188,264.7107849121094
Chronos2,2025-07-13 00:00:00+00:00,HB_PAN,2025-07-13 01:00:00+00:00,127.055,128.54441833496094,61.42982482910156,244.958984375
Chronos2,2025-07-13 00:00:00+00:00,HB_PAN,2025-07-13 02:00:00+00:00,105.1,90.42359924316406,42.537410736083984,207.04296875
Chronos2,2025-07-13 00:00:00+00:00,HB_PAN,2025-07-13 03:00:00+00:00,101.99333333333334,50.82831573486328,27.534217834472656,112.88153076171875
Chronos2,2025-07-13 00:00:00+00:00,HB_PAN,2025-07-13 04:00:00+00:00,82.2475,36.82759094238281,20.757253646850586,67.36939239501953
Chronos2,2025-07-13 00:00:00+00:00,HB_PAN,2025-07-13 05:00:00+00:00,51.32583333333333,34.661773681640625,21.083389282226562,58.753292083740234
Chronos2,2025-07-13 00:00:00+00:00,HB_PAN,2025-07-13 06:00:00+00:00,48.01916666666667,33.257362365722656,21.47771644592285,54.09928512573242
Chronos2,2025-07-13 00:00:00+00:00,HB_PAN,2025-07-13 07:00:00+00:00,45.16416666666667,31.793861389160156,20.194793701171875,50.12479782104492
Chronos2,2025-07-13 00:00:00+00:00,HB_PAN,2025-07-13 08:00:00+00:00,39.80166666666667,32.462345123291016,19.334304809570312,51.357913970947266
Chronos2,2025-07-13 00:00:00+00:00,HB_PAN,2025-07-13 09:00:00+00:00,35.91416666666667,34.71329879760742,20.372447967529297,56.186363220214844
Chronos2,2025-07-13 00:00:00+00:00,HB_PAN,2025-07-13 10:00:00+00:00,36.876666666666665,35.396915435791016,19.32235336303711,60.44219970703125
Chronos2,2025-07-13 00:00:00+00:00,HB_PAN,2025-07-13 11:00:00+00:00,36.68333333333333,32.63298797607422,17.792919158935547,55.13652801513672
Chronos2,2025-07-13 00:00:00+00:00,HB_PAN,2025-07-13 12:00:00+00:00,30.401666666666667,29.781375885009766,15.87868881225586,49.81496810913086
Chronos2,2025-07-13 00:00:00+00:00,HB_PAN,2025-07-13 13:00:00+00:00,23.2825,28.581501007080078,14.501502990722656,49.09331130981445
Chronos2,2025-07-13 00:00:00+00:00,HB_PAN,2025-07-13 14:00:00+00:00,18.526666666666667,28.79189109802246,14.547903060913086,52.577484130859375
Chronos2,2025-07-13 00:00:00+00:00,HB_PAN,2025-07-13 15:00:00+00:00,17.065833333333334,29.60992431640625,14.746631622314453,56.096397399902344
Chronos2,2025-07-13 00:00:00+00:00,HB_PAN,2025-07-13 16:00:00+00:00,20.356666666666666,34.75775909423828,19.545185089111328,64.8742446899414
Chronos2,2025-07-13 00:00:00+00:00,HB_PAN,2025-07-13 17:00:00+00:00,21.2825,36.936119079589844,20.5489444732666,68.06498718261719
Chronos2,2025-07-13 00:00:00+00:00,HB_PAN,2025-07-13 18:00:00+00:00,30.575,40.99819564819336,21.20005226135254,83.22415161132812
Chronos2,2025-07-13 00:00:00+00:00,HB_PAN,2025-07-13 19:00:00+00:00,48.20166666666666,46.426002502441406,22.644180297851562,102.59089660644531
Chronos2,2025-07-13 00:00:00+00:00,HB_PAN,2025-07-13 20:00:00+00:00,44.36666666666667,53.42894744873047,25.941898345947266,122.65118408203125
Chronos2,2025-07-13 00:00:00+00:00,HB_PAN,2025-07-13 21:00:00+00:00,72.63166666666667,59.783782958984375,27.52734375,137.0303497314453
Chronos2,2025-07-13 00:00:00+00:00,HB_PAN,2025-07-13 22:00:00+00:00,71.45666666666666,63.443397521972656,28.55012321472168,155.02781677246094
Chronos2,2025-07-13 00:00:00+00:00,HB_PAN,2025-07-13 23:00:00+00:00,63.5725,67.3185043334961,29.880699157714844,162.21633911132812
Chronos2,2025-07-13 00:00:00+00:00,LZ_WEST,2025-07-13 00:00:00+00:00,207.7633333333333,127.24958801269531,70.43213653564453,250.03953552246094
Chronos2,2025-07-13 00:00:00+00:00,LZ_WEST,2025-07-13 01:00:00+00:00,128.6675,107.16627502441406,55.810123443603516,227.9834442138672
Chronos2,2025-07-13 00:00:00+00:00,LZ_WEST,2025-07-13 02:00:00+00:00,106.2775,93.33653259277344,48.81508255004883,208.89508056640625
Chronos2,2025-07-13 00:00:00+00:00,LZ_WEST,2025-07-13 03:00:00+00:00,103.47083333333336,79.82958984375,45.78634262084961,175.70376586914062
Chronos2,2025-07-13 00:00:00+00:00,LZ_WEST,2025-07-13 04:00:00+00:00,89.1325,71.81086730957031,44.143009185791016,148.2523193359375
Chronos2,2025-07-13 00:00:00+00:00,LZ_WEST,2025-07-13 05:00:00+00:00,72.13,67.06940460205078,42.81315612792969,135.21270751953125
Chronos2,2025-07-13 00:00:00+00:00,LZ_WEST,2025-07-13 06:00:00+00:00,84.80083333333333,63.0631103515625,39.68732452392578,128.6093292236328
Chronos2,2025-07-13 00:00:00+00:00,LZ_WEST,2025-07-13 07:00:00+00:00,73.03333333333333,59.824405670166016,36.83021545410156,124.81758880615234
Chronos2,2025-07-13 00:00:00+00:00,LZ_WEST,2025-07-13 08:00:00+00:00,89.89666666666666,57.509761810302734,34.53260040283203,121.20661163330078
Chronos2,2025-07-13 00:00:00+00:00,LZ_WEST,2025-07-13 09:00:00+00:00,85.09583333333333,54.725311279296875,32.24302673339844,120.01234436035156
Chronos2,2025-07-13 00:00:00+00:00,LZ_WEST,2025-07-13 10:00:00+00:00,77.54083333333334,52.566680908203125,27.560489654541016,124.38009643554688
Chronos2,2025-07-13 00:00:00+00:00,LZ_WEST,2025-07-13 11:00:00+00:00,73.97333333333333,48.42863845825195,24.153066635131836,123.23950958251953
Chronos2,2025-07-13 00:00:00+00:00,LZ_WEST,2025-07-13 12:00:00+00:00,53.32416666666666,44.697628021240234,22.49788475036621,115.67584228515625
Chronos2,2025-07-13 00:00:00+00:00,LZ_WEST,2025-07-13 13:00:00+00:00,24.26083333333333,42.650604248046875,20.26655387878418,111.86712646484375
Chronos2,2025-07-13 00:00:00+00:00,LZ_WEST,2025-07-13 14:00:00+00:00,18.704166666666666,41.018096923828125,19.412641525268555,108.20731353759766
Chronos2,2025-07-13 00:00:00+00:00,LZ_WEST,2025-07-13 15:00:00+00:00,17.286666666666665,39.94412612915039,19.231609344482422,103.17186737060547
Chronos2,2025-07-13 00:00:00+00:00,LZ_WEST,2025-07-13 16:00:00+00:00,20.365,41.50943374633789,22.14301109313965,97.38813781738281
Chronos2,2025-07-13 00:00:00+00:00,LZ_WEST,2025-07-13 17:00:00+00:00,20.8825,42.45691680908203,22.51990509033203,97.37043762207031
Chronos2,2025-07-13 00:00:00+00:00,LZ_WEST,2025-07-13 18:00:00+00:00,30.76083333333333,44.41355514526367,22.437440872192383,103.58702087402344
Chronos2,2025-07-13 00:00:00+00:00,LZ_WEST,2025-07-13 19:00:00+00:00,49.035,47.06474304199219,23.449024200439453,112.70487213134766
Chronos2,2025-07-13 00:00:00+00:00,LZ_WEST,2025-07-13 20:00:00+00:00,45.12083333333334,51.72727584838867,25.758384704589844,123.74408721923828
Chronos2,2025-07-13 00:00:00+00:00,LZ_WEST,2025-07-13 21:00:00+00:00,74.89999999999999,55.989742279052734,27.595155715942383,133.16915893554688
Chronos2,2025-07-13 00:00:00+00:00,LZ_WEST,2025-07-13 22:00:00+00:00,72.73833333333333,59.05942916870117,28.377758026123047,147.1077423095703
Chronos2,2025-07-13 00:00:00+00:00,LZ_WEST,2025-07-13 23:00:00+00:00,64.7025,62.58924102783203,29.716135025024414,160.94717407226562
Chronos2,2025-07-14 00:00:00+00:00,HB_HUBAVG,2025-07-14 00:00:00+00:00,56.08833333333334,63.702274322509766,46.5444221496582,89.50593566894531
Chronos2,2025-07-14 00:00:00+00:00,HB_HUBAVG,2025-07-14 01:00:00+00:00,50.105,62.459068298339844,42.985286712646484,93.70677185058594
Chronos2,2025-07-14 00:00:00+00:00,HB_HUBAVG,2025-07-14 02:00:00+00:00,41.681666666666665,49.95197296142578,32.73998260498047,77.46395874023438
Chronos2,2025-07-14 00:00:00+00:00,HB_HUBAVG,2025-07-14 03:00:00+00:00,32.81166666666667,37.22006607055664,24.524389266967773,59.07075500488281
Chronos2,2025-07-14 00:00:00+00:00,HB_HUBAVG,2025-07-14 04:00:00+00:00,30.229166666666668,29.564943313598633,20.00533103942871,44.34817886352539
Chronos2,2025-07-14 00:00:00+00:00,HB_HUBAVG,2025-07-14 05:00:00+00:00,30.37333333333333,26.3957576751709,18.311050415039062,38.01856231689453
Chronos2,2025-07-14 00:00:00+00:00,HB_HUBAVG,2025-07-14 06:00:00+00:00,28.554166666666664,24.573671340942383,17.158702850341797,35.03696060180664
Chronos2,2025-07-14 00:00:00+00:00,HB_HUBAVG,2025-07-14 07:00:00+00:00,27.319166666666664,23.60774040222168,16.011247634887695,33.19968032836914
Chronos2,2025-07-14 00:00:00+00:00,HB_HUBAVG,2025-07-14 08:00:00+00:00,28.435,23.558076858520508,15.516525268554688,32.18769454956055
Chronos2,2025-07-14 00:00:00+00:00,HB_HUBAVG,2025-07-14 09:00:00+00:00,30.011666666666667,23.954164505004883,15.755502700805664,33.38926696777344
Chronos2,2025-07-14 00:00:00+00:00,HB_HUBAVG,2025-07-14 10:00:00+00:00,40.68333333333333,23.880409240722656,15.298873901367188,33.766761779785156
Chronos2,2025-07-14 00:00:00+00:00,HB_HUBAVG,2025-07-14 11:00:00+00:00,48.02,23.26760482788086,14.232976913452148,33.62065124511719
Chronos2,2025-07-14 00:00:00+00:00,HB_HUBAVG,2025-07-14 12:00:00+00:00,38.79666666666667,21.893266677856445,12.924161911010742,32.38209533691406
Chronos2,2025-07-14 00:00:00+00:00,HB_HUBAVG,2025-07-14 13:00:00+00:00,26.65333333333333,20.676252365112305,12.10479736328125,30.831539154052734
Chronos2,2025-07-14 00:00:00+00:00,HB_HUBAVG,2025-07-14 14:00:00+00:00,23.34083333333333,19.26781463623047,11.202190399169922,29.500295639038086
Chronos2,2025-07-14 00:00:00+00:00,HB_HUBAVG,2025-07-14 15:00:00+00:00,21.394166666666667,19.6129150390625,10.9161376953125,29.966711044311523
Chronos2,2025-07-14 00:00:00+00:00,HB_HUBAVG,2025-07-14 16:00:00+00:00,21.731666666666666,23.46743392944336,14.14300537109375,37.14826965332031
Chronos2,2025-07-14 00:00:00+00:00,HB_HUBAVG,2025-07-14 17:00:00+00:00,21.799166666666665,25.061134338378906,15.085355758666992,39.87601089477539
Chronos2,2025-07-14 00:00:00+00:00,HB_HUBAVG,2025-07-14 18:00:00+00:00,22.239166666666662,27.183671951293945,15.390628814697266,46.67599868774414
Chronos2,2025-07-14 00:00:00+00:00,HB_HUBAVG,2025-07-14 19:00:00+00:00,21.261666666666667,31.167781829833984,16.482751846313477,56.05680465698242
Chronos2,2025-07-14 00:00:00+00:00,HB_HUBAVG,2025-07-14 20:00:00+00:00,21.42083333333333,37.74784851074219,19.418306350708008,68.43374633789062
Chronos2,2025-07-14 00:00:00+00:00,HB_HUBAVG,2025-07-14 21:00:00+00:00,25.5475,43.91082000732422,22.165321350097656,80.91181945800781
Chronos2,2025-07-14 00:00:00+00:00,HB_HUBAVG,2025-07-14 22:00:00+00:00,29.77583333333333,47.09780502319336,22.738250732421875,90.95919799804688
Chronos2,2025-07-14 00:00:00+00:00,HB_HUBAVG,2025-07-14 23:00:00+00:00,35.03666666666667,49.53173828125,25.551212310791016,92.34968566894531
Chronos2,2025-07-14 00:00:00+00:00,HB_PAN,2025-07-14 00:00:00+00:00,58.8325,67.94110870361328,48.20979309082031,97.32611083984375
Chronos2,2025-07-14 00:00:00+00:00,HB_PAN,2025-07-14 01:00:00+00:00,51.62083333333334,66.66840362548828,44.61491012573242,101.50318908691406
Chronos2,2025-07-14 00:00:00+00:00,HB_PAN,2025-07-14 02:00:00+00:00,44.2525,53.69261169433594,33.10626220703125,84.54298400878906
Chronos2,2025-07-14 00:00:00+00:00,HB_PAN,2025-07-14 03:00:00+00:00,35.097500000000004,39.60188674926758,23.811674118041992,64.69792175292969
Chronos2,2025-07-14 00:00:00+00:00,HB_PAN,2025-07-14 04:00:00+00:00,32.055,31.388471603393555,18.77339744567871,48.338924407958984
Chronos2,2025-07-14 00:00:00+00:00,HB_PAN,2025-07-14 05:00:00+00:00,32.410000000000004,28.601024627685547,17.406095504760742,42.22957992553711
Chronos2,2025-07-14 00:00:00+00:00,HB_PAN,2025-07-14 06:00:00+00:00,31.0025,26.45333480834961,15.721733093261719,39.23662567138672
Chronos2,2025-07-14 00:00:00+00:00,HB_PAN,2025-07-14 07:00:00+00:00,30.085833333333337,25.19921875,14.63674545288086,36.91287612915039
Chronos2,2025-07-14 00:00:00+00:00,HB_PAN,2025-07-14 08:00:00+00:00,30.739166666666662,25.12201690673828,13.877361297607422,35.976776123046875
Chronos2,2025-07-14 00:00:00+00:00,HB_PAN,2025-07-14 09:00:00+00:00,32.803333333333335,25.268903732299805,13.851827621459961,37.333595275878906
Chronos2,2025-07-14 00:00:00+00:00,HB_PAN,2025-07-14 10:00:00+00:00,42.88333333333333,24.558168411254883,12.455144882202148,37.588279724121094
Chronos2,2025-07-14 00:00:00+00:00,HB_PAN,2025-07-14 11:00:00+00:00,48.88,23.002714157104492,10.59722900390625,35.86804962158203
Chronos2,2025-07-14 00:00:00+00:00,HB_PAN,2025-07-14 12:00:00+00:00,39.79916666666667,21.568920135498047,8.92660903930664,34.682090759277344
Chronos2,2025-07-14 00:00:00+00:00,HB_PAN,2025-07-14 13:00:00+00:00,26.95583333333333,20.58403205871582,7.968658447265625,33.599159240722656
Chronos2,2025-07-14 00:00:00+00:00,HB_PAN,2025-07-14 14:00:00+00:00,23.63,19.293617248535156,7.105983734130859,32.998233795166016
Chronos2,2025-07-14 00:00:00+00:00,HB_PAN,2025-07-14 15:00:00+00:00,21.584166666666665,20.071231842041016,7.077079772949219,33.995941162109375
Chronos2,2025-07-14 00:00:00+00:00,HB_PAN,2025-07-14 16:00:00+00:00,21.945833333333336,23.928396224975586,10.24551773071289,40.306888580322266
Chronos2,2025-07-14 00:00:00+00:00,HB_PAN,2025-07-14 17:00:00+00:00,21.805000000000003,25.868804931640625,11.683990478515625,42.35847854614258
Chronos2,2025-07-14 00:00:00+00:00,HB_PAN,2025-07-14 18:00:00+00:00,22.3425,28.547657012939453,12.041887283325195,50.476470947265625
Chronos2,2025-07-14 00:00:00+00:00,HB_PAN,2025-07-14 19:00:00+00:00,21.598333333333333,32.675254821777344,12.516422271728516,61.822242736816406
Chronos2,2025-07-14 00:00:00+00:00,HB_PAN,2025-07-14 20:00:00+00:00,21.764166666666668,39.942726135253906,15.759393692016602,75.18656921386719
Chronos2,2025-07-14 00:00:00+00:00,HB_PAN,2025-07-14 21:00:00+00:00,25.8225,46.5018424987793,18.581510543823242,88.0008544921875
Chronos2,2025-07-14 00:00:00+00:00,HB_PAN,2025-07-14 22:00:00+00:00,30.456666666666667,51.07417297363281,18.670637130737305,102.46144104003906
Chronos2,2025-07-14 00:00:00+00:00,HB_PAN,2025-07-14 23:00:00+00:00,36.01416666666667,53.472686767578125,20.95046615600586,104.20957946777344
Chronos2,2025-07-14 00:00:00+00:00,LZ_WEST,2025-07-14 00:00:00+00:00,59.6675,72.14546966552734,54.69557571411133,98.68315124511719
Chronos2,2025-07-14 00:00:00+00:00,LZ_WEST,2025-07-14 01:00:00+00:00,58.36416666666667,72.7992935180664,53.3691520690918,101.99079895019531
Chronos2,2025-07-14 00:00:00+00:00,LZ_WEST,2025-07-14 02:00:00+00:00,68.66833333333334,67.76220703125,48.98359680175781,96.14436340332031
Chronos2,2025-07-14 00:00:00+00:00,LZ_WEST,2025-07-14 03:00:00+00:00,65.19333333333334,62.00880813598633,43.90382385253906,88.2996826171875
Chronos2,2025-07-14 00:00:00+00:00,LZ_WEST,2025-07-14 04:00:00+00:00,56.91833333333333,56.1752815246582,39.90138244628906,81.19215393066406
Chronos2,2025-07-14 00:00:00+00:00,LZ_WEST,2025-07-14 05:00:00+00:00,60.62083333333334,51.78776931762695,35.19904327392578,75.90258026123047
Chronos2,2025-07-14 00:00:00+00:00,LZ_WEST,2025-07-14 06:00:00+00:00,65.07666666666667,47.98841094970703,30.5029354095459,74.04544067382812
Chronos2,2025-07-14 00:00:00+00:00,LZ_WEST,2025-07-14 07:00:00+00:00,69.0425,44.663875579833984,26.12439727783203,72.31855773925781
Chronos2,2025-07-14 00:00:00+00:00,LZ_WEST,2025-07-14 08:00:00+00:00,63.61666666666667,44.49829864501953,23.362058639526367,77.10438537597656
Chronos2,2025-07-14 00:00:00+00:00,LZ_WEST,2025-07-14 09:00:00+00:00,72.42666666666666,44.480308532714844,21.12468147277832,80.4304428100586
Chronos2,2025-07-14 00:00:00+00:00,LZ_WEST,2025-07-14 10:00:00+00:00,73.87916666666666,40.992279052734375,17.603294372558594,76.64431762695312
Chronos2,2025-07-14 00:00:00+00:00,LZ_WEST,2025-07-14 11:00:00+00:00,60.830000000000005,37.3580436706543,15.302318572998047,68.72355651855469
Chronos2,2025-07-14 00:00:00+00:00,LZ_WEST,2025-07-14 12:00:00+00:00,53.625,30.5649471282959,11.586158752441406,56.065093994140625
Chronos2,2025-07-14 00:00:00+00:00,LZ_WEST,2025-07-14 13:00:00+00:00,27.104166666666668,25.343475341796875,7.940456390380859,48.16348648071289
Chronos2,2025-07-14 00:00:00+00:00,LZ_WEST,2025-07-14 14:00:00+00:00,23.773333333333337,22.311473846435547,6.097560882568359,44.915122985839844
Chronos2,2025-07-14 00:00:00+00:00,LZ_WEST,2025-07-14 15:00:00+00:00,23.686666666666667,21.203821182250977,4.981925964355469,42.55099868774414
Chronos2,2025-07-14 00:00:00+00:00,LZ_WEST,2025-07-14 16:00:00+00:00,22.23583333333333,25.536474227905273,9.119308471679688,47.287078857421875
Chronos2,2025-07-14 00:00:00+00:00,LZ_WEST,2025-07-14 17:00:00+00:00,21.766666666666666,27.18975830078125,10.742271423339844,48.495574951171875
Chronos2,2025-07-14 00:00:00+00:00,LZ_WEST,2025-07-14 18:00:00+00:00,22.11583333333333,30.025150299072266,12.146228790283203,54.7994499206543
Chronos2,2025-07-14 00:00:00+00:00,LZ_WEST,2025-07-14 19:00:00+00:00,21.191666666666663,35.16577911376953,14.278053283691406,65.30687713623047
Chronos2,2025-07-14 00:00:00+00:00,LZ_WEST,2025-07-14 20:00:00+00:00,21.124166666666667,43.36228942871094,18.389625549316406,80.33655548095703
Chronos2,2025-07-14 00:00:00+00:00,LZ_WEST,2025-07-14 21:00:00+00:00,25.1775,52.032814025878906,22.5172061920166,98.57293701171875
Chronos2,2025-07-14 00:00:00+00:00,LZ_WEST,2025-07-14 22:00:00+00:00,30.56,57.77329635620117,26.792680740356445,108.29115295410156
Chronos2,2025-07-14 00:00:00+00:00,LZ_WEST,2025-07-14 23:00:00+00:00,36.315000000000005,61.143455505371094,30.480148315429688,106.17057800292969
Chronos2,2025-07-15 00:00:00+00:00,HB_HUBAVG,2025-07-15 00:00:00+00:00,51.501666666666665,48.51823425292969,34.41029739379883,67.7476806640625
Chronos2,2025-07-15 00:00:00+00:00,HB_HUBAVG,2025-07-15 01:00:00+00:00,60.30916666666667,50.93511199951172,33.481300354003906,77.10404968261719
Chronos2,2025-07-15 00:00:00+00:00,HB_HUBAVG,2025-07-15 02:00:00+00:00,46.9075,38.76829147338867,26.84296417236328,57.47084045410156
Chronos2,2025-07-15 00:00:00+00:00,HB_HUBAVG,2025-07-15 03:00:00+00:00,34.9225,31.173086166381836,21.917980194091797,45.122493743896484
Chronos2,2025-07-15 00:00:00+00:00,HB_HUBAVG,2025-07-15 04:00:00+00:00,32.193333333333335,28.3646240234375,20.02081871032715,40.50846481323242
Chronos2,2025-07-15 00:00:00+00:00,HB_HUBAVG,2025-07-15 05:00:00+00:00,29.02,27.45374298095703,19.781063079833984,38.309505462646484
Chronos2,2025-07-15 00:00:00+00:00,HB_HUBAVG,2025-07-15 06:00:00+00:00,23.8,27.05855941772461,19.931581497192383,37.36086654663086
Chronos2,2025-07-15 00:00:00+00:00,HB_HUBAVG,2025-07-15 07:00:00+00:00,22.6525,27.129304885864258,19.93430519104004,36.79673767089844
Chronos2,2025-07-15 00:00:00+00:00,HB_HUBAVG,2025-07-15 08:00:00+00:00,25.6925,27.690776824951172,19.995342254638672,37.04460906982422
Chronos2,2025-07-15 00:00:00+00:00,HB_HUBAVG,2025-07-15 09:00:00+00:00,24.42,28.4422607421875,20.455001831054688,38.928531646728516
Chronos2,2025-07-15 00:00:00+00:00,HB_HUBAVG,2025-07-15 10:00:00+00:00,24.361666666666665,29.913715362548828,20.76735496520996,41.99668502807617
Chronos2,2025-07-15 00:00:00+00:00,HB_HUBAVG,2025-07-15 11:00:00+00:00,24.265833333333333,29.539688110351562,20.087970733642578,42.26136779785156
Chronos2,2025-07-15 00:00:00+00:00,HB_HUBAVG,2025-07-15 12:00:00+00:00,21.60333333333333,26.813079833984375,18.269161224365234,37.99441146850586
Chronos2,2025-07-15 00:00:00+00:00,HB_HUBAVG,2025-07-15 13:00:00+00:00,18.585833333333333,24.47502326965332,16.08148765563965,35.25938415527344
Chronos2,2025-07-15 00:00:00+00:00,HB_HUBAVG,2025-07-15 14:00:00+00:00,15.729166666666666,22.689001083374023,15.270553588867188,33.41694641113281
Chronos2,2025-07-15 00:00:00+00:00,HB_HUBAVG,2025-07-15 15:00:00+00:00,14.610833333333332,21.976898193359375,14.270999908447266,32.13901901245117
Chronos2,2025-07-15 00:00:00+00:00,HB_HUBAVG,2025-07-15 16:00:00+00:00,15.8325,25.07709503173828,16.344158172607422,37.67137908935547
Chronos2,2025-07-15 00:00:00+00:00,HB_HUBAVG,2025-07-15 17:00:00+00:00,16.910833333333333,26.708065032958984,17.480918884277344,41.79201889038086
Chronos2,2025-07-15 00:00:00+00:00,HB_HUBAVG,2025-07-15 18:00:00+00:00,17.336666666666666,29.19921112060547,18.822826385498047,46.94116973876953
Chronos2,2025-07-15 00:00:00+00:00,HB_HUBAVG,2025-07-15 19:00:00+00:00,15.578333333333331,32.348060607910156,20.40219497680664,56.44598388671875
Chronos2,2025-07-15 00:00:00+00:00,HB_HUBAVG,2025-07-15 20:00:00+00:00,15.865,38.220733642578125,22.869064331054688,70.11944580078125
Chronos2,2025-07-15 00:00:00+00:00,HB_HUBAVG,2025-07-15 21:00:00+00:00,19.101666666666667,44.81086730957031,26.031646728515625,89.412109375
Chronos2,2025-07-15 00:00:00+00:00,HB_HUBAVG,2025-07-15 22:00:00+00:00,18.835833333333333,48.60596466064453,27.314956665039062,103.55250549316406
Chronos2,2025-07-15 00:00:00+00:00,HB_HUBAVG,2025-07-15 23:00:00+00:00,22.47083333333333,51.97334289550781,29.800025939941406,106.1539306640625
Chronos2,2025-07-15 00:00:00+00:00,HB_PAN,2025-07-15 00:00:00+00:00,52.774166666666666,54.34906768798828,37.94835662841797,77.38819885253906
Chronos2,2025-07-15 00:00:00+00:00,HB_PAN,2025-07-15 01:00:00+00:00,57.0825,57.15727233886719,37.30630111694336,88.68742370605469
Chronos2,2025-07-15 00:00:00+00:00,HB_PAN,2025-07-15 02:00:00+00:00,34.781666666666666,41.29522705078125,26.751176834106445,64.36133575439453
Chronos2,2025-07-15 00:00:00+00:00,HB_PAN,2025-07-15 03:00:00+00:00,35.14666666666667,32.53310012817383,20.24547004699707,49.83065414428711
Chronos2,2025-07-15 00:00:00+00:00,HB_PAN,2025-07-15 04:00:00+00:00,33.2475,29.729576110839844,18.66718864440918,44.40796661376953
Chronos2,2025-07-15 00:00:00+00:00,HB_PAN,2025-07-15 05:00:00+00:00,29.148333333333337,29.17924690246582,19.024364471435547,42.32064437866211
Chronos2,2025-07-15 00:00:00+00:00,HB_PAN,2025-07-15 06:00:00+00:00,21.7,29.175331115722656,19.3569278717041,41.49836730957031
Chronos2,2025-07-15 00:00:00+00:00,HB_PAN,2025-07-15 07:00:00+00:00,20.455,30.11016845703125,20.417804718017578,41.90470504760742
Chronos2,2025-07-15 00:00:00+00:00,HB_PAN,2025-07-15 08:00:00+00:00,12.848333333333334,30.548095703125,20.696510314941406,41.8247184753418
Chronos2,2025-07-15 00:00:00+00:00,HB_PAN,2025-07-15 09:00:00+00:00,14.71,31.02604103088379,21.224655151367188,43.20043182373047
Chronos2,2025-07-15 00:00:00+00:00,HB_PAN,2025-07-15 10:00:00+00:00,17.62666666666667,31.80496597290039,21.24349021911621,44.86910629272461
Chronos2,2025-07-15 00:00:00+00:00,HB_PAN,2025-07-15 11:00:00+00:00,22.56583333333333,31.45953369140625,20.237422943115234,44.664798736572266
Chronos2,2025-07-15 00:00:00+00:00,HB_PAN,2025-07-15 12:00:00+00:00,21.455,28.65640640258789,18.069683074951172,41.695030212402344
Chronos2,2025-07-15 00:00:00+00:00,HB_PAN,2025-07-15 13:00:00+00:00,18.585833333333333,26.632667541503906,15.927804946899414,39.104915618896484
Chronos2,2025-07-15 00:00:00+00:00,HB_PAN,2025-07-15 14:00:00+00:00,15.77,24.76118278503418,14.42534065246582,38.08744430541992
Chronos2,2025-07-15 00:00:00+00:00,HB_PAN,2025-07-15 15:00:00+00:00,13.972499999999998,23.781591415405273,12.96983528137207,37.71597671508789
Chronos2,2025-07-15 00:00:00+00:00,HB_PAN,2025-07-15 16:00:00+00:00,14.780833333333334,28.321380615234375,16.507978439331055,43.56867599487305
Chronos2,2025-07-15 00:00:00+00:00,HB_PAN,2025-07-15 17:00:00+00:00,14.863333333333332,30.62525749206543,18.368507385253906,47.80263137817383
Chronos2,2025-07-15 00:00:00+00:00,HB_PAN,2025-07-15 18:00:00+00:00,10.58,32.919654846191406,19.599872589111328,53.12920379638672
Chronos2,2025-07-15 00:00:00+00:00,HB_PAN,2025-07-15 19:00:00+00:00,7.811666666666666,36.40194320678711,21.12306785583496,63.38025665283203
Chronos2,2025-07-15 00:00:00+00:00,HB_PAN,2025-07-15 20:00:00+00:00,6.65,41.07968521118164,23.61992645263672,75.06060791015625
Chronos2,2025-07-15 00:00:00+00:00,HB_PAN,2025-07-15 21:00:00+00:00,6.984166666666667,47.21352005004883,26.9534969329834,94.03866577148438
Chronos2,2025-07-15 00:00:00+00:00,HB_PAN,2025-07-15 22:00:00+00:00,6.506666666666667,49.961116790771484,27.837692260742188,105.57698059082031
Chronos2,2025-07-15 00:00:00+00:00,HB_PAN,2025-07-15 23:00:00+00:00,7.98,51.69813537597656,29.09441375732422,107.72265625
Chronos2,2025-07-15 00:00:00+00:00,LZ_WEST,2025-07-15 00:00:00+00:00,53.205000000000005,47.52861785888672,31.627199172973633,70.01475524902344
Chronos2,2025-07-15 00:00:00+00:00,LZ_WEST,2025-07-15 01:00:00+00:00,66.56916666666666,49.85276412963867,31.74294090270996,75.54638671875
Chronos2,2025-07-15 00:00:00+00:00,LZ_WEST,2025-07-15 02:00:00+00:00,60.14166666666667,47.36476516723633,30.104496002197266,72.09431457519531
Chronos2,2025-07-15 00:00:00+00:00,LZ_WEST,2025-07-15 03:00:00+00:00,36.28833333333333,44.79338455200195,28.082313537597656,68.6791000366211
Chronos2,2025-07-15 00:00:00+00:00,LZ_WEST,2025-07-15 04:00:00+00:00,34.708333333333336,42.824493408203125,26.643138885498047,65.3516616821289
Chronos2,2025-07-15 00:00:00+00:00,LZ_WEST,2025-07-15 05:00:00+00:00,30.67333333333333,42.389739990234375,26.135284423828125,64.93640899658203
Chronos2,2025-07-15 00:00:00+00:00,LZ_WEST,2025-07-15 06:00:00+00:00,28.2875,43.215728759765625,26.080598831176758,67.48867797851562
Chronos2,2025-07-15 00:00:00+00:00,LZ_WEST,2025-07-15 07:00:00+00:00,26.794166666666666,43.79926300048828,26.61460304260254,67.76229095458984
Chronos2,2025-07-15 00:00:00+00:00,LZ_WEST,2025-07-15 08:00:00+00:00,50.23333333333333,45.21858215332031,27.087013244628906,70.36109161376953
Chronos2,2025-07-15 00:00:00+00:00,LZ_WEST,2025-07-15 09:00:00+00:00,44.81666666666666,45.43696212768555,26.69899559020996,71.80425262451172
Chronos2,2025-07-15 00:00:00+00:00,LZ_WEST,2025-07-15 10:00:00+00:00,36.97166666666667,45.82801055908203,26.044086456298828,73.58340454101562
Chronos2,2025-07-15 00:00:00+00:00,LZ_WEST,2025-07-15 11:00:00+00:00,27.425833333333333,43.862274169921875,24.39588737487793,71.12934875488281
Chronos2,2025-07-15 00:00:00+00:00,LZ_WEST,2025-07-15 12:00:00+00:00,21.809166666666663,36.71854019165039,19.095504760742188,61.20005416870117
Chronos2,2025-07-15 00:00:00+00:00,LZ_WEST,2025-07-15 13:00:00+00:00,18.585833333333333,30.951608657836914,13.711540222167969,53.78028869628906
Chronos2,2025-07-15 00:00:00+00:00,LZ_WEST,2025-07-15 14:00:00+00:00,15.814166666666669,26.707738876342773,10.427120208740234,49.511905670166016
Chronos2,2025-07-15 00:00:00+00:00,LZ_WEST,2025-07-15 15:00:00+00:00,13.431666666666668,24.69090461730957,8.837844848632812,47.372257232666016
Chronos2,2025-07-15 00:00:00+00:00,LZ_WEST,2025-07-15 16:00:00+00:00,13.8025,25.79867172241211,8.355655670166016,48.062583923339844
Chronos2,2025-07-15 00:00:00+00:00,LZ_WEST,2025-07-15 17:00:00+00:00,13.126666666666669,27.115230560302734,9.68094253540039,49.15903854370117
Chronos2,2025-07-15 00:00:00+00:00,LZ_WEST,2025-07-15 18:00:00+00:00,5.379166666666666,29.46459197998047,11.51998519897461,53.8492431640625
Chronos2,2025-07-15 00:00:00+00:00,LZ_WEST,2025-07-15 19:00:00+00:00,1.0933333333333335,33.0310173034668,14.33663558959961,60.59513854980469
Chronos2,2025-07-15 00:00:00+00:00,LZ_WEST,2025-07-15 20:00:00+00:00,-0.0016666666666666,39.06753921508789,17.733680725097656,71.8598403930664
Chronos2,2025-07-15 00:00:00+00:00,LZ_WEST,2025-07-15 21:00:00+00:00,0.6925,45.306640625,21.320293426513672,88.04389953613281
Chronos2,2025-07-15 00:00:00+00:00,LZ_WEST,2025-07-15 22:00:00+00:00,0.9983333333333334,49.3221549987793,22.619163513183594,100.46391296386719
Chronos2,2025-07-15 00:00:00+00:00,LZ_WEST,2025-07-15 23:00:00+00:00,2.145833333333333,52.26866149902344,25.82850456237793,97.67031860351562
Chronos2,2025-07-16 00:00:00+00:00,HB_HUBAVG,2025-07-16 00:00:00+00:00,35.23916666666667,43.56148147583008,29.144329071044922,66.6611557006836
Chronos2,2025-07-16 00:00:00+00:00,HB_HUBAVG,2025-07-16 01:00:00+00:00,36.18416666666666,59.438262939453125,30.597557067871094,98.83323669433594
Chronos2,2025-07-16 00:00:00+00:00,HB_HUBAVG,2025-07-16 02:00:00+00:00,30.625,41.774391174316406,22.231399536132812,75.55309295654297
Chronos2,2025-07-16 00:00:00+00:00,HB_HUBAVG,2025-07-16 03:00:00+00:00,26.97083333333333,25.411977767944336,15.978740692138672,43.09634017944336
Chronos2,2025-07-16 00:00:00+00:00,HB_HUBAVG,2025-07-16 04:00:00+00:00,21.723333333333333,22.867420196533203,14.70053482055664,37.51063919067383
Chronos2,2025-07-16 00:00:00+00:00,HB_HUBAVG,2025-07-16 05:00:00+00:00,20.549166666666668,22.628599166870117,14.546171188354492,35.7412109375
Chronos2,2025-07-16 00:00:00+00:00,HB_HUBAVG,2025-07-16 06:00:00+00:00,19.83,22.49114418029785,14.646768569946289,35.120235443115234
Chronos2,2025-07-16 00:00:00+00:00,HB_HUBAVG,2025-07-16 07:00:00+00:00,19.475,23.201496124267578,14.728979110717773,35.06839370727539
Chronos2,2025-07-16 00:00:00+00:00,HB_HUBAVG,2025-07-16 08:00:00+00:00,19.719166666666663,24.396835327148438,15.411794662475586,38.382198333740234
Chronos2,2025-07-16 00:00:00+00:00,HB_HUBAVG,2025-07-16 09:00:00+00:00,20.0375,26.103759765625,16.149690628051758,40.73347854614258
Chronos2,2025-07-16 00:00:00+00:00,HB_HUBAVG,2025-07-16 10:00:00+00:00,20.605,27.516151428222656,16.79689598083496,44.10856246948242
Chronos2,2025-07-16 00:00:00+00:00,HB_HUBAVG,2025-07-16 11:00:00+00:00,21.109166666666667,26.847869873046875,16.226970672607422,42.95159149169922
Chronos2,2025-07-16 00:00:00+00:00,HB_HUBAVG,2025-07-16 12:00:00+00:00,19.279166666666665,24.464841842651367,14.481534957885742,39.181026458740234
Chronos2,2025-07-16 00:00:00+00:00,HB_HUBAVG,2025-07-16 13:00:00+00:00,13.524166666666666,21.89354705810547,12.871231079101562,36.631229400634766
Chronos2,2025-07-16 00:00:00+00:00,HB_HUBAVG,2025-07-16 14:00:00+00:00,9.8175,20.306283950805664,11.681129455566406,35.52669906616211
Chronos2,2025-07-16 00:00:00+00:00,HB_HUBAVG,2025-07-16 15:00:00+00:00,10.161666666666669,20.313119888305664,11.173120498657227,35.77149200439453
Chronos2,2025-07-16 00:00:00+00:00,HB_HUBAVG,2025-07-16 16:00:00+00:00,14.85,22.480131149291992,10.632772445678711,43.841796875
Chronos2,2025-07-16 00:00:00+00:00,HB_HUBAVG,2025-07-16 17:00:00+00:00,17.901666666666667,24.026561737060547,11.610391616821289,49.52937316894531
Chronos2,2025-07-16 00:00:00+00:00,HB_HUBAVG,2025-07-16 18:00:00+00:00,22.52916666666667,25.18598175048828,11.502828598022461,55.15170669555664
Chronos2,2025-07-16 00:00:00+00:00,HB_HUBAVG,2025-07-16 19:00:00+00:00,20.594166666666663,25.069061279296875,11.223222732543945,57.6740837097168
Chronos2,2025-07-16 00:00:00+00:00,HB_HUBAVG,2025-07-16 20:00:00+00:00,19.159166666666668,27.879114151000977,11.710039138793945,68.1893539428711
Chronos2,2025-07-16 00:00:00+00:00,HB_HUBAVG,2025-07-16 21:00:00+00:00,20.031666666666663,30.93643569946289,12.012786865234375,80.85775756835938
Chronos2,2025-07-16 00:00:00+00:00,HB_HUBAVG,2025-07-16 22:00:00+00:00,19.91333333333333,30.820871353149414,12.618797302246094,80.62216186523438
Chronos2,2025-07-16 00:00:00+00:00,HB_HUBAVG,2025-07-16 23:00:00+00:00,25.3775,34.674034118652344,14.608474731445312,82.9723129272461
Chronos2,2025-07-16 00:00:00+00:00,HB_PAN,2025-07-16 00:00:00+00:00,21.550833333333333,26.088623046875,9.371492385864258,56.20997619628906
Chronos2,2025-07-16 00:00:00+00:00,HB_PAN,2025-07-16 01:00:00+00:00,35.65,47.426109313964844,9.061395645141602,108.24027252197266
Chronos2,2025-07-16 00:00:00+00:00,HB_PAN,2025-07-16 02:00:00+00:00,30.477500000000003,34.71299743652344,3.505321502685547,93.70391845703125
Chronos2,2025-07-16 00:00:00+00:00,HB_PAN,2025-07-16 03:00:00+00:00,27.155,18.55735206604004,1.4980659484863281,46.649940490722656
Chronos2,2025-07-16 00:00:00+00:00,HB_PAN,2025-07-16 04:00:00+00:00,21.335,16.63665199279785,1.329437255859375,39.405426025390625
Chronos2,2025-07-16 00:00:00+00:00,HB_PAN,2025-07-16 05:00:00+00:00,20.44666666666667,17.116546630859375,1.4183692932128906,38.956722259521484
Chronos2,2025-07-16 00:00:00+00:00,HB_PAN,2025-07-16 06:00:00+00:00,19.8125,17.227222442626953,1.9304161071777344,36.602115631103516
Chronos2,2025-07-16 00:00:00+00:00,HB_PAN,2025-07-16 07:00:00+00:00,19.34,18.36035919189453,2.2612953186035156,37.27642822265625
Chronos2,2025-07-16 00:00:00+00:00,HB_PAN,2025-07-16 08:00:00+00:00,19.731666666666666,20.132057189941406,3.5131072998046875,41.91104507446289
Chronos2,2025-07-16 00:00:00+00:00,HB_PAN,2025-07-16 09:00:00+00:00,20.05666666666667,22.311094284057617,4.017101287841797,45.7044563293457
Chronos2,2025-07-16 00:00:00+00:00,HB_PAN,2025-07-16 10:00:00+00:00,20.624166666666667,23.865100860595703,5.0489501953125,51.39786148071289
Chronos2,2025-07-16 00:00:00+00:00,HB_PAN,2025-07-16 11:00:00+00:00,21.12833333333333,22.918630599975586,4.732658386230469,46.290409088134766
Chronos2,2025-07-16 00:00:00+00:00,HB_PAN,2025-07-16 12:00:00+00:00,19.296666666666667,22.150136947631836,4.443092346191406,43.6128044128418
Chronos2,2025-07-16 00:00:00+00:00,HB_PAN,2025-07-16 13:00:00+00:00,13.2025,21.325328826904297,3.3235244750976562,43.64234161376953
Chronos2,2025-07-16 00:00:00+00:00,HB_PAN,2025-07-16 14:00:00+00:00,6.515833333333333,20.29404640197754,2.7068099975585938,44.59651184082031
Chronos2,2025-07-16 00:00:00+00:00,HB_PAN,2025-07-16 15:00:00+00:00,5.418333333333333,20.582670211791992,2.8525772094726562,46.02813720703125
Chronos2,2025-07-16 00:00:00+00:00,HB_PAN,2025-07-16 16:00:00+00:00,9.279166666666669,21.16482925415039,0.7532501220703125,48.65996170043945
Chronos2,2025-07-16 00:00:00+00:00,HB_PAN,2025-07-16 17:00:00+00:00,12.506666666666666,22.83150291442871,1.3618965148925781,55.26512145996094
Chronos2,2025-07-16 00:00:00+00:00,HB_PAN,2025-07-16 18:00:00+00:00,16.87666666666667,23.832279205322266,0.40020751953125,63.85967254638672
Chronos2,2025-07-16 00:00:00+00:00,HB_PAN,2025-07-16 19:00:00+00:00,13.1275,23.501384735107422,-1.760528564453125,71.91830444335938
Chronos2,2025-07-16 00:00:00+00:00,HB_PAN,2025-07-16 20:00:00+00:00,12.595,25.272436141967773,-2.808277130126953,89.31573486328125
Chronos2,2025-07-16 00:00:00+00:00,HB_PAN,2025-07-16 21:00:00+00:00,12.203333333333331,26.550012588500977,-4.257976531982422,108.58480834960938
Chronos2,2025-07-16 00:00:00+00:00,HB_PAN,2025-07-16 22:00:00+00:00,11.321666666666664,25.521060943603516,-4.208660125732422,103.68901824951172
Chronos2,2025-07-16 00:00:00+00:00,HB_PAN,2025-07-16 23:00:00+00:00,12.808333333333332,27.97797966003418,-3.4221343994140625,101.09095764160156
Chronos2,2025-07-16 00:00:00+00:00,LZ_WEST,2025-07-16 00:00:00+00:00,15.560833333333331,22.351377487182617,4.365291595458984,48.761863708496094
Chronos2,2025-07-16 00:00:00+00:00,LZ_WEST,2025-07-16 01:00:00+00:00,36.024166666666666,41.0409049987793,7.454765319824219,82.745361328125
Chronos2,2025-07-16 00:00:00+00:00,LZ_WEST,2025-07-16 02:00:00+00:00,32.755833333333335,30.7513427734375,3.1552047729492188,69.8104019165039
Chronos2,2025-07-16 00:00:00+00:00,LZ_WEST,2025-07-16 03:00:00+00:00,31.8375,20.395320892333984,0.5942764282226562,47.132537841796875
Chronos2,2025-07-16 00:00:00+00:00,LZ_WEST,2025-07-16 04:00:00+00:00,28.07333333333333,19.095918655395508,0.17351531982421875,42.404335021972656
Chronos2,2025-07-16 00:00:00+00:00,LZ_WEST,2025-07-16 05:00:00+00:00,22.86,18.930585861206055,-0.19219970703125,41.84503936767578
Chronos2,2025-07-16 00:00:00+00:00,LZ_WEST,2025-07-16 06:00:00+00:00,19.6675,18.65921401977539,0.23154830932617188,41.34222412109375
Chronos2,2025-07-16 00:00:00+00:00,LZ_WEST,2025-07-16 07:00:00+00:00,19.57,20.192790985107422,0.3040962219238281,43.619564056396484
Chronos2,2025-07-16 00:00:00+00:00,LZ_WEST,2025-07-16 08:00:00+00:00,19.601666666666667,23.949432373046875,0.7506294250488281,53.00636672973633
Chronos2,2025-07-16 00:00:00+00:00,LZ_WEST,2025-07-16 09:00:00+00:00,19.7875,26.031322479248047,1.0436058044433594,56.739173889160156
Chronos2,2025-07-16 00:00:00+00:00,LZ_WEST,2025-07-16 10:00:00+00:00,20.3575,26.56288719177246,1.5627632141113281,58.307777404785156
Chronos2,2025-07-16 00:00:00+00:00,LZ_WEST,2025-07-16 11:00:00+00:00,20.86583333333333,24.79306983947754,0.6064834594726562,54.858699798583984
Chronos2,2025-07-16 00:00:00+00:00,LZ_WEST,2025-07-16 12:00:00+00:00,19.025,22.35369873046875,-0.6105232238769531,50.776851654052734
Chronos2,2025-07-16 00:00:00+00:00,LZ_WEST,2025-07-16 13:00:00+00:00,12.770833333333334,19.838064193725586,-3.383899688720703,47.66825866699219
Chronos2,2025-07-16 00:00:00+00:00,LZ_WEST,2025-07-16 14:00:00+00:00,4.159166666666667,18.328514099121094,-3.803173065185547,46.35365676879883
Chronos2,2025-07-16 00:00:00+00:00,LZ_WEST,2025-07-16 15:00:00+00:00,1.5775,17.234329223632812,-4.783924102783203,46.15320587158203
Chronos2,2025-07-16 00:00:00+00:00,LZ_WEST,2025-07-16 16:00:00+00:00,3.543333333333333,15.922969818115234,-8.315868377685547,43.54060363769531
Chronos2,2025-07-16 00:00:00+00:00,LZ_WEST,2025-07-16 17:00:00+00:00,7.010833333333333,17.082447052001953,-8.185615539550781,47.4350471496582
Chronos2,2025-07-16 00:00:00+00:00,LZ_WEST,2025-07-16 18:00:00+00:00,10.243333333333334,16.786170959472656,-10.336502075195312,51.2851676940918
Chronos2,2025-07-16 00:00:00+00:00,LZ_WEST,2025-07-16 19:00:00+00:00,5.163333333333333,15.156414031982422,-13.149036407470703,55.63570785522461
Chronos2,2025-07-16 00:00:00+00:00,LZ_WEST,2025-07-16 20:00:00+00:00,5.17,16.09400177001953,-14.414104461669922,65.14623260498047
Chronos2,2025-07-16 00:00:00+00:00,LZ_WEST,2025-07-16 21:00:00+00:00,4.309166666666667,17.62070083618164,-17.009262084960938,77.5725326538086
Chronos2,2025-07-16 00:00:00+00:00,LZ_WEST,2025-07-16 22:00:00+00:00,3.2533333333333334,16.532772064208984,-17.54212188720703,76.9847412109375
Chronos2,2025-07-16 00:00:00+00:00,LZ_WEST,2025-07-16 23:00:00+00:00,5.653333333333333,18.705915451049805,-16.098709106445312,80.22493743896484
Chronos2,2025-07-17 00:00:00+00:00,HB_HUBAVG,2025-07-17 00:00:00+00:00,34.74333333333333,41.23220443725586,32.23509216308594,56.07134246826172
Chronos2,2025-07-17 00:00:00+00:00,HB_HUBAVG,2025-07-17 01:00:00+00:00,42.1675,46.007720947265625,35.30380630493164,65.52606201171875
Chronos2,2025-07-17 00:00:00+00:00,HB_HUBAVG,2025-07-17 02:00:00+00:00,36.3775,36.01627731323242,27.030223846435547,50.767459869384766
Chronos2,2025-07-17 00:00:00+00:00,HB_HUBAVG,2025-07-17 03:00:00+00:00,31.80333333333333,26.815332412719727,20.419231414794922,36.86590576171875
Chronos2,2025-07-17 00:00:00+00:00,HB_HUBAVG,2025-07-17 04:00:00+00:00,27.765833333333333,23.603771209716797,18.50578498840332,32.09412384033203
Chronos2,2025-07-17 00:00:00+00:00,HB_HUBAVG,2025-07-17 05:00:00+00:00,25.57166666666667,22.747812271118164,18.216453552246094,29.755916595458984
Chronos2,2025-07-17 00:00:00+00:00,HB_HUBAVG,2025-07-17 06:00:00+00:00,24.86083333333333,22.3381290435791,18.001249313354492,28.599346160888672
Chronos2,2025-07-17 00:00:00+00:00,HB_HUBAVG,2025-07-17 07:00:00+00:00,23.125,22.118301391601562,18.025413513183594,28.097537994384766
Chronos2,2025-07-17 00:00:00+00:00,HB_HUBAVG,2025-07-17 08:00:00+00:00,24.227500000000003,22.735288619995117,18.364521026611328,28.056753158569336
Chronos2,2025-07-17 00:00:00+00:00,HB_HUBAVG,2025-07-17 09:00:00+00:00,24.454166666666666,23.517061233520508,19.001970291137695,29.793987274169922
Chronos2,2025-07-17 00:00:00+00:00,HB_HUBAVG,2025-07-17 10:00:00+00:00,24.3825,23.88546371459961,18.638551712036133,31.252275466918945
Chronos2,2025-07-17 00:00:00+00:00,HB_HUBAVG,2025-07-17 11:00:00+00:00,24.988333333333333,22.867698669433594,17.220457077026367,30.243152618408203
Chronos2,2025-07-17 00:00:00+00:00,HB_HUBAVG,2025-07-17 12:00:00+00:00,21.645,19.691593170166016,14.51153564453125,26.688617706298828
Chronos2,2025-07-17 00:00:00+00:00,HB_HUBAVG,2025-07-17 13:00:00+00:00,18.191666666666663,16.819625854492188,11.622503280639648,23.47859001159668
Chronos2,2025-07-17 00:00:00+00:00,HB_HUBAVG,2025-07-17 14:00:00+00:00,18.11,14.917882919311523,10.379323959350586,21.756420135498047
Chronos2,2025-07-17 00:00:00+00:00,HB_HUBAVG,2025-07-17 15:00:00+00:00,19.4525,15.108110427856445,10.123710632324219,21.30523681640625
Chronos2,2025-07-17 00:00:00+00:00,HB_HUBAVG,2025-07-17 16:00:00+00:00,22.85333333333333,18.01991844177246,13.031810760498047,26.66168975830078
Chronos2,2025-07-17 00:00:00+00:00,HB_HUBAVG,2025-07-17 17:00:00+00:00,26.021666666666665,20.00777816772461,14.517265319824219,29.72368621826172
Chronos2,2025-07-17 00:00:00+00:00,HB_HUBAVG,2025-07-17 18:00:00+00:00,26.831666666666667,21.669437408447266,15.085777282714844,32.670196533203125
Chronos2,2025-07-17 00:00:00+00:00,HB_HUBAVG,2025-07-17 19:00:00+00:00,26.473333333333333,22.080421447753906,15.520198822021484,34.54938507080078
Chronos2,2025-07-17 00:00:00+00:00,HB_HUBAVG,2025-07-17 20:00:00+00:00,22.3875,22.536287307739258,15.564765930175781,37.830875396728516
Chronos2,2025-07-17 00:00:00+00:00,HB_HUBAVG,2025-07-17 21:00:00+00:00,20.063333333333333,24.08631706237793,16.30380630493164,42.06642150878906
Chronos2,2025-07-17 00:00:00+00:00,HB_HUBAVG,2025-07-17 22:00:00+00:00,20.6025,25.213573455810547,16.437509536743164,47.33062744140625
Chronos2,2025-07-17 00:00:00+00:00,HB_HUBAVG,2025-07-17 23:00:00+00:00,25.61,28.830848693847656,18.53933334350586,59.66413879394531
Chronos2,2025-07-17 00:00:00+00:00,HB_PAN,2025-07-17 00:00:00+00:00,23.5175,26.706085205078125,15.749862670898438,43.40032196044922
Chronos2,2025-07-17 00:00:00+00:00,HB_PAN,2025-07-17 01:00:00+00:00,41.6575,37.89228820800781,21.598514556884766,64.56875610351562
Chronos2,2025-07-17 00:00:00+00:00,HB_PAN,2025-07-17 02:00:00+00:00,36.16,29.44818687438965,15.566850662231445,52.59858703613281
Chronos2,2025-07-17 00:00:00+00:00,HB_PAN,2025-07-17 03:00:00+00:00,30.261666666666667,19.79242706298828,8.80583381652832,34.460548400878906
Chronos2,2025-07-17 00:00:00+00:00,HB_PAN,2025-07-17 04:00:00+00:00,25.889166666666668,17.36057472229004,7.920135498046875,29.694965362548828
Chronos2,2025-07-17 00:00:00+00:00,HB_PAN,2025-07-17 05:00:00+00:00,24.666666666666668,17.942243576049805,9.022628784179688,28.756649017333984
Chronos2,2025-07-17 00:00:00+00:00,HB_PAN,2025-07-17 06:00:00+00:00,23.618333333333336,18.465604782104492,9.900674819946289,28.418447494506836
Chronos2,2025-07-17 00:00:00+00:00,HB_PAN,2025-07-17 07:00:00+00:00,22.48,18.92255401611328,10.510656356811523,28.43740463256836
Chronos2,2025-07-17 00:00:00+00:00,HB_PAN,2025-07-17 08:00:00+00:00,23.0775,19.18478775024414,10.714691162109375,28.192668914794922
Chronos2,2025-07-17 00:00:00+00:00,HB_PAN,2025-07-17 09:00:00+00:00,23.29083333333333,20.512470245361328,11.932533264160156,30.100513458251953
Chronos2,2025-07-17 00:00:00+00:00,HB_PAN,2025-07-17 10:00:00+00:00,23.3025,21.139095306396484,12.16639518737793,31.684858322143555
Chronos2,2025-07-17 00:00:00+00:00,HB_PAN,2025-07-17 11:00:00+00:00,24.145,19.99422836303711,10.534429550170898,30.56488800048828
Chronos2,2025-07-17 00:00:00+00:00,HB_PAN,2025-07-17 12:00:00+00:00,21.416666666666668,17.38498878479004,8.293035507202148,27.760387420654297
Chronos2,2025-07-17 00:00:00+00:00,HB_PAN,2025-07-17 13:00:00+00:00,18.21583333333333,14.466999053955078,5.150318145751953,24.53976821899414
Chronos2,2025-07-17 00:00:00+00:00,HB_PAN,2025-07-17 14:00:00+00:00,18.139166666666668,11.224554061889648,2.2870635986328125,22.531051635742188
Chronos2,2025-07-17 00:00:00+00:00,HB_PAN,2025-07-17 15:00:00+00:00,19.4625,11.061126708984375,1.8872604370117188,22.399978637695312
Chronos2,2025-07-17 00:00:00+00:00,HB_PAN,2025-07-17 16:00:00+00:00,22.785,13.727445602416992,4.436885833740234,26.83575439453125
Chronos2,2025-07-17 00:00:00+00:00,HB_PAN,2025-07-17 17:00:00+00:00,25.995833333333337,15.645580291748047,5.441102981567383,29.70005226135254
Chronos2,2025-07-17 00:00:00+00:00,HB_PAN,2025-07-17 18:00:00+00:00,28.025,17.28278923034668,5.545177459716797,32.88617706298828
Chronos2,2025-07-17 00:00:00+00:00,HB_PAN,2025-07-17 19:00:00+00:00,27.39333333333333,18.437456130981445,5.3276824951171875,38.165889739990234
Chronos2,2025-07-17 00:00:00+00:00,HB_PAN,2025-07-17 20:00:00+00:00,19.836666666666662,18.446353912353516,5.012214660644531,40.83192825317383
Chronos2,2025-07-17 00:00:00+00:00,HB_PAN,2025-07-17 21:00:00+00:00,12.638333333333334,19.485727310180664,4.971458435058594,45.79104232788086
Chronos2,2025-07-17 00:00:00+00:00,HB_PAN,2025-07-17 22:00:00+00:00,11.3825,20.4665584564209,4.652891159057617,53.158470153808594
Chronos2,2025-07-17 00:00:00+00:00,HB_PAN,2025-07-17 23:00:00+00:00,13.425,22.54924774169922,5.50645637512207,63.974525451660156
Chronos2,2025-07-17 00:00:00+00:00,LZ_WEST,2025-07-17 00:00:00+00:00,17.32166666666667,22.91851806640625,10.981426239013672,42.089847564697266
Chronos2,2025-07-17 00:00:00+00:00,LZ_WEST,2025-07-17 01:00:00+00:00,43.2375,34.750728607177734,18.15958595275879,60.51408004760742
Chronos2,2025-07-17 00:00:00+00:00,LZ_WEST,2025-07-17 02:00:00+00:00,45.72583333333333,32.01091766357422,16.488157272338867,54.532379150390625
Chronos2,2025-07-17 00:00:00+00:00,LZ_WEST,2025-07-17 03:00:00+00:00,46.50666666666667,26.003286361694336,12.671249389648438,44.54895782470703
Chronos2,2025-07-17 00:00:00+00:00,LZ_WEST,2025-07-17 04:00:00+00:00,42.7275,23.05011749267578,11.111949920654297,39.802093505859375
Chronos2,2025-07-17 00:00:00+00:00,LZ_WEST,2025-07-17 05:00:00+00:00,42.498333333333335,22.613319396972656,10.925743103027344,37.79877471923828
Chronos2,2025-07-17 00:00:00+00:00,LZ_WEST,2025-07-17 06:00:00+00:00,42.40583333333333,22.496170043945312,10.715007781982422,38.03134536743164
Chronos2,2025-07-17 00:00:00+00:00,LZ_WEST,2025-07-17 07:00:00+00:00,35.49,22.210342407226562,10.700660705566406,37.51535415649414
Chronos2,2025-07-17 00:00:00+00:00,LZ_WEST,2025-07-17 08:00:00+00:00,51.53416666666666,22.691747665405273,10.530750274658203,39.17951202392578
Chronos2,2025-07-17 00:00:00+00:00,LZ_WEST,2025-07-17 09:00:00+00:00,52.28833333333333,23.29078483581543,10.544418334960938,40.27166748046875
Chronos2,2025-07-17 00:00:00+00:00,LZ_WEST,2025-07-17 10:00:00+00:00,50.2325,22.65473175048828,9.451740264892578,39.570858001708984
Chronos2,2025-07-17 00:00:00+00:00,LZ_WEST,2025-07-17 11:00:00+00:00,45.11083333333334,20.487632751464844,7.35797119140625,37.52435302734375
Chronos2,2025-07-17 00:00:00+00:00,LZ_WEST,2025-07-17 12:00:00+00:00,27.275,17.482824325561523,4.959674835205078,33.850929260253906
Chronos2,2025-07-17 00:00:00+00:00,LZ_WEST,2025-07-17 13:00:00+00:00,18.0425,14.350870132446289,1.4935531616210938,30.928810119628906
Chronos2,2025-07-17 00:00:00+00:00,LZ_WEST,2025-07-17 14:00:00+00:00,17.9975,11.753608703613281,-0.247955322265625,29.681766510009766
Chronos2,2025-07-17 00:00:00+00:00,LZ_WEST,2025-07-17 15:00:00+00:00,19.471666666666668,11.313116073608398,-0.9560356140136719,29.952205657958984
Chronos2,2025-07-17 00:00:00+00:00,LZ_WEST,2025-07-17 16:00:00+00:00,22.6925,11.430765151977539,-1.6533088684082031,30.768951416015625
Chronos2,2025-07-17 00:00:00+00:00,LZ_WEST,2025-07-17 17:00:00+00:00,25.885,12.529239654541016,-0.851165771484375,31.13448143005371
Chronos2,2025-07-17 00:00:00+00:00,LZ_WEST,2025-07-17 18:00:00+00:00,27.251666666666665,12.697330474853516,-1.6879539489746094,32.97099304199219
Chronos2,2025-07-17 00:00:00+00:00,LZ_WEST,2025-07-17 19:00:00+00:00,26.7475,12.416399002075195,-1.9974441528320312,33.812381744384766
Chronos2,2025-07-17 00:00:00+00:00,LZ_WEST,2025-07-17 20:00:00+00:00,17.153333333333332,12.76107406616211,-2.6525306701660156,36.61621856689453
Chronos2,2025-07-17 00:00:00+00:00,LZ_WEST,2025-07-17 21:00:00+00:00,6.265,13.545745849609375,-3.2810020446777344,39.64873504638672
Chronos2,2025-07-17 00:00:00+00:00,LZ_WEST,2025-07-17 22:00:00+00:00,3.943333333333333,14.221216201782227,-3.5364761352539062,43.66376495361328
Chronos2,2025-07-17 00:00:00+00:00,LZ_WEST,2025-07-17 23:00:00+00:00,5.685,16.992523193359375,-2.489788055419922,50.07527160644531
Chronos2,2025-07-18 00:00:00+00:00,HB_HUBAVG,2025-07-18 00:00:00+00:00,45.35666666666666,39.58985900878906,30.922807693481445,55.41771697998047
Chronos2,2025-07-18 00:00:00+00:00,HB_HUBAVG,2025-07-18 01:00:00+00:00,52.64333333333334,46.92803192138672,34.06364822387695,74.32219696044922
Chronos2,2025-07-18 00:00:00+00:00,HB_HUBAVG,2025-07-18 02:00:00+00:00,44.23416666666666,40.56273651123047,28.859642028808594,65.85420227050781
Chronos2,2025-07-18 00:00:00+00:00,HB_HUBAVG,2025-07-18 03:00:00+00:00,36.52833333333333,32.014007568359375,23.48679542541504,48.65842056274414
Chronos2,2025-07-18 00:00:00+00:00,HB_HUBAVG,2025-07-18 04:00:00+00:00,27.596666666666664,28.669414520263672,21.575319290161133,41.49477005004883
Chronos2,2025-07-18 00:00:00+00:00,HB_HUBAVG,2025-07-18 05:00:00+00:00,23.905,27.834131240844727,21.325363159179688,38.31984329223633
Chronos2,2025-07-18 00:00:00+00:00,HB_HUBAVG,2025-07-18 06:00:00+00:00,22.6375,27.602933883666992,21.200441360473633,37.75212097167969
Chronos2,2025-07-18 00:00:00+00:00,HB_HUBAVG,2025-07-18 07:00:00+00:00,21.3925,27.312883377075195,21.429668426513672,36.25624465942383
Chronos2,2025-07-18 00:00:00+00:00,HB_HUBAVG,2025-07-18 08:00:00+00:00,21.391666666666666,27.414348602294922,21.252126693725586,36.13196563720703
Chronos2,2025-07-18 00:00:00+00:00,HB_HUBAVG,2025-07-18 09:00:00+00:00,22.290000000000003,27.53150177001953,21.201026916503906,37.38987731933594
Chronos2,2025-07-18 00:00:00+00:00,HB_HUBAVG,2025-07-18 10:00:00+00:00,24.30666666666667,27.535625457763672,20.559043884277344,38.432682037353516
Chronos2,2025-07-18 00:00:00+00:00,HB_HUBAVG,2025-07-18 11:00:00+00:00,28.480833333333333,27.05040740966797,20.34141731262207,38.06645965576172
Chronos2,2025-07-18 00:00:00+00:00,HB_HUBAVG,2025-07-18 12:00:00+00:00,27.148333333333337,24.92112922668457,18.25731658935547,36.584861755371094
Chronos2,2025-07-18 00:00:00+00:00,HB_HUBAVG,2025-07-18 13:00:00+00:00,24.09083333333333,22.00676727294922,14.927242279052734,35.042198181152344
Chronos2,2025-07-18 00:00:00+00:00,HB_HUBAVG,2025-07-18 14:00:00+00:00,23.769166666666667,19.665313720703125,13.373678207397461,34.275386810302734
Chronos2,2025-07-18 00:00:00+00:00,HB_HUBAVG,2025-07-18 15:00:00+00:00,22.23,20.43582534790039,13.988901138305664,36.236900329589844
Chronos2,2025-07-18 00:00:00+00:00,HB_HUBAVG,2025-07-18 16:00:00+00:00,22.78833333333333,24.95256805419922,15.473321914672852,45.732826232910156
Chronos2,2025-07-18 00:00:00+00:00,HB_HUBAVG,2025-07-18 17:00:00+00:00,22.74416666666667,28.363805770874023,17.501882553100586,54.88373565673828
Chronos2,2025-07-18 00:00:00+00:00,HB_HUBAVG,2025-07-18 18:00:00+00:00,25.1775,31.014062881469727,18.867238998413086,64.52576446533203
Chronos2,2025-07-18 00:00:00+00:00,HB_HUBAVG,2025-07-18 19:00:00+00:00,23.391666666666666,30.22958755493164,19.28463363647461,64.13233947753906
Chronos2,2025-07-18 00:00:00+00:00,HB_HUBAVG,2025-07-18 20:00:00+00:00,24.305833333333336,30.11800765991211,18.3408145904541,69.468017578125
Chronos2,2025-07-18 00:00:00+00:00,HB_HUBAVG,2025-07-18 21:00:00+00:00,22.881666666666664,30.84978485107422,18.193849563598633,85.39557647705078
Chronos2,2025-07-18 00:00:00+00:00,HB_HUBAVG,2025-07-18 22:00:00+00:00,26.715,31.46503448486328,18.609914779663086,88.35226440429688
Chronos2,2025-07-18 00:00:00+00:00,HB_HUBAVG,2025-07-18 23:00:00+00:00,31.27583333333333,35.556339263916016,22.250202178955078,92.84867858886719
Chronos2,2025-07-18 00:00:00+00:00,HB_PAN,2025-07-18 00:00:00+00:00,43.135,26.159976959228516,14.904645919799805,53.30568313598633
Chronos2,2025-07-18 00:00:00+00:00,HB_PAN,2025-07-18 01:00:00+00:00,54.145833333333336,47.76028060913086,22.52039337158203,97.771484375
Chronos2,2025-07-18 00:00:00+00:00,HB_PAN,2025-07-18 02:00:00+00:00,45.16833333333333,40.27191925048828,21.27458953857422,83.36016845703125
Chronos2,2025-07-18 00:00:00+00:00,HB_PAN,2025-07-18 03:00:00+00:00,36.0975,29.23539161682129,16.846921920776367,54.32316207885742
Chronos2,2025-07-18 00:00:00+00:00,HB_PAN,2025-07-18 04:00:00+00:00,26.46583333333333,27.205806732177734,15.991901397705078,45.39210891723633
Chronos2,2025-07-18 00:00:00+00:00,HB_PAN,2025-07-18 05:00:00+00:00,22.34,27.70520782470703,17.507282257080078,42.78110122680664
Chronos2,2025-07-18 00:00:00+00:00,HB_PAN,2025-07-18 06:00:00+00:00,22.409166666666664,27.60220718383789,17.723447799682617,41.04448318481445
Chronos2,2025-07-18 00:00:00+00:00,HB_PAN,2025-07-18 07:00:00+00:00,21.1225,27.349609375,18.162317276000977,38.874267578125
Chronos2,2025-07-18 00:00:00+00:00,HB_PAN,2025-07-18 08:00:00+00:00,21.28333333333333,27.149009704589844,17.493669509887695,38.01577377319336
Chronos2,2025-07-18 00:00:00+00:00,HB_PAN,2025-07-18 09:00:00+00:00,22.257500000000004,27.33260726928711,17.5100154876709,39.54199981689453
Chronos2,2025-07-18 00:00:00+00:00,HB_PAN,2025-07-18 10:00:00+00:00,24.14833333333333,27.390430450439453,16.635135650634766,40.934425354003906
Chronos2,2025-07-18 00:00:00+00:00,HB_PAN,2025-07-18 11:00:00+00:00,28.471666666666664,26.96152114868164,16.52108383178711,40.58530807495117
Chronos2,2025-07-18 00:00:00+00:00,HB_PAN,2025-07-18 12:00:00+00:00,27.148333333333337,25.415090560913086,15.247365951538086,39.357723236083984
Chronos2,2025-07-18 00:00:00+00:00,HB_PAN,2025-07-18 13:00:00+00:00,24.09083333333333,23.46682357788086,12.56660270690918,37.95166015625
Chronos2,2025-07-18 00:00:00+00:00,HB_PAN,2025-07-18 14:00:00+00:00,23.769166666666667,21.28775405883789,11.283702850341797,37.899410247802734
Chronos2,2025-07-18 00:00:00+00:00,HB_PAN,2025-07-18 15:00:00+00:00,22.23,22.328048706054688,11.913705825805664,40.41509246826172
Chronos2,2025-07-18 00:00:00+00:00,HB_PAN,2025-07-18 16:00:00+00:00,22.55,25.52912139892578,12.099363327026367,49.782527923583984
Chronos2,2025-07-18 00:00:00+00:00,HB_PAN,2025-07-18 17:00:00+00:00,21.4625,28.991233825683594,13.384469985961914,60.4078369140625
Chronos2,2025-07-18 00:00:00+00:00,HB_PAN,2025-07-18 18:00:00+00:00,23.700833333333332,32.66316604614258,14.724040985107422,74.04888916015625
Chronos2,2025-07-18 00:00:00+00:00,HB_PAN,2025-07-18 19:00:00+00:00,18.8,32.31167221069336,15.353973388671875,75.06723022460938
Chronos2,2025-07-18 00:00:00+00:00,HB_PAN,2025-07-18 20:00:00+00:00,14.655,31.4383487701416,12.777565002441406,84.2125473022461
Chronos2,2025-07-18 00:00:00+00:00,HB_PAN,2025-07-18 21:00:00+00:00,6.982499999999999,30.863170623779297,11.474903106689453,105.80029296875
Chronos2,2025-07-18 00:00:00+00:00,HB_PAN,2025-07-18 22:00:00+00:00,0.2166666666666666,30.938892364501953,10.656225204467773,118.87394714355469
Chronos2,2025-07-18 00:00:00+00:00,HB_PAN,2025-07-18 23:00:00+00:00,-1.6449999999999998,32.544132232666016,11.961063385009766,115.43560791015625
Chronos2,2025-07-18 00:00:00+00:00,LZ_WEST,2025-07-18 00:00:00+00:00,41.535,20.625324249267578,5.210330963134766,48.72853469848633
Chronos2,2025-07-18 00:00:00+00:00,LZ_WEST,2025-07-18 01:00:00+00:00,54.63583333333333,43.50532531738281,19.469707489013672,88.09944152832031
Chronos2,2025-07-18 00:00:00+00:00,LZ_WEST,2025-07-18 02:00:00+00:00,49.87916666666666,46.55971145629883,20.488420486450195,91.51547241210938
Chronos2,2025-07-18 00:00:00+00:00,LZ_WEST,2025-07-18 03:00:00+00:00,49.39833333333333,43.10942840576172,18.94721031188965,82.07392883300781
Chronos2,2025-07-18 00:00:00+00:00,LZ_WEST,2025-07-18 04:00:00+00:00,47.09333333333333,41.14854431152344,17.35675048828125,78.54173278808594
Chronos2,2025-07-18 00:00:00+00:00,LZ_WEST,2025-07-18 05:00:00+00:00,34.050000000000004,40.2543830871582,17.16154670715332,77.36814880371094
Chronos2,2025-07-18 00:00:00+00:00,LZ_WEST,2025-07-18 06:00:00+00:00,26.061666666666667,40.39059066772461,16.800451278686523,78.89346313476562
Chronos2,2025-07-18 00:00:00+00:00,LZ_WEST,2025-07-18 07:00:00+00:00,23.6775,40.624732971191406,16.496807098388672,81.97280883789062
Chronos2,2025-07-18 00:00:00+00:00,LZ_WEST,2025-07-18 08:00:00+00:00,23.61916666666667,43.23817443847656,15.84781265258789,89.98297119140625
Chronos2,2025-07-18 00:00:00+00:00,LZ_WEST,2025-07-18 09:00:00+00:00,22.995,43.037349700927734,14.387191772460938,93.12158203125
Chronos2,2025-07-18 00:00:00+00:00,LZ_WEST,2025-07-18 10:00:00+00:00,27.69333333333333,40.13067626953125,12.160358428955078,90.23115539550781
Chronos2,2025-07-18 00:00:00+00:00,LZ_WEST,2025-07-18 11:00:00+00:00,28.685,35.548423767089844,9.511699676513672,84.42253112792969
Chronos2,2025-07-18 00:00:00+00:00,LZ_WEST,2025-07-18 12:00:00+00:00,27.148333333333337,30.417835235595703,6.216320037841797,78.94405364990234
Chronos2,2025-07-18 00:00:00+00:00,LZ_WEST,2025-07-18 13:00:00+00:00,24.09083333333333,25.149612426757812,2.0068931579589844,73.15127563476562
Chronos2,2025-07-18 00:00:00+00:00,LZ_WEST,2025-07-18 14:00:00+00:00,23.769166666666667,22.424633026123047,0.16953659057617188,69.68490600585938
Chronos2,2025-07-18 00:00:00+00:00,LZ_WEST,2025-07-18 15:00:00+00:00,22.23,22.231931686401367,-0.4451103210449219,70.32272338867188
Chronos2,2025-07-18 00:00:00+00:00,LZ_WEST,2025-07-18 16:00:00+00:00,22.0325,25.71063804626465,-5.603797912597656,86.10588073730469
Chronos2,2025-07-18 00:00:00+00:00,LZ_WEST,2025-07-18 17:00:00+00:00,18.34083333333333,27.376453399658203,-3.9801483154296875,91.22862243652344
Chronos2,2025-07-18 00:00:00+00:00,LZ_WEST,2025-07-18 18:00:00+00:00,20.3175,29.641386032104492,-2.631214141845703,98.39146423339844
Chronos2,2025-07-18 00:00:00+00:00,LZ_WEST,2025-07-18 19:00:00+00:00,14.46,29.813034057617188,-3.5694847106933594,105.52268981933594
Chronos2,2025-07-18 00:00:00+00:00,LZ_WEST,2025-07-18 20:00:00+00:00,9.469166666666666,28.371421813964844,-6.79351806640625,112.57855987548828
Chronos2,2025-07-18 00:00:00+00:00,LZ_WEST,2025-07-18 21:00:00+00:00,5.118333333333333,26.335346221923828,-9.765830993652344,123.72111511230469
Chronos2,2025-07-18 00:00:00+00:00,LZ_WEST,2025-07-18 22:00:00+00:00,1.5833333333333333,26.433975219726562,-10.145462036132812,130.31825256347656
Chronos2,2025-07-18 00:00:00+00:00,LZ_WEST,2025-07-18 23:00:00+00:00,0.8841666666666667,27.98019790649414,-9.389762878417969,132.93154907226562
Chronos2,2025-07-19 00:00:00+00:00,HB_HUBAVG,2025-07-19 00:00:00+00:00,35.37833333333333,44.442752838134766,38.82176971435547,52.161014556884766
Chronos2,2025-07-19 00:00:00+00:00,HB_HUBAVG,2025-07-19 01:00:00+00:00,39.1,50.967227935791016,43.04638671875,62.215274810791016
Chronos2,2025-07-19 00:00:00+00:00,HB_HUBAVG,2025-07-19 02:00:00+00:00,31.10333333333333,44.179664611816406,37.272911071777344,53.56736755371094
Chronos2,2025-07-19 00:00:00+00:00,HB_HUBAVG,2025-07-19 03:00:00+00:00,27.675833333333333,36.959693908691406,31.37076759338379,43.90290832519531
Chronos2,2025-07-19 00:00:00+00:00,HB_HUBAVG,2025-07-19 04:00:00+00:00,25.055833333333336,30.956579208374023,26.201705932617188,37.26354217529297
Chronos2,2025-07-19 00:00:00+00:00,HB_HUBAVG,2025-07-19 05:00:00+00:00,26.12333333333333,28.164688110351562,23.995498657226562,33.46015930175781
Chronos2,2025-07-19 00:00:00+00:00,HB_HUBAVG,2025-07-19 06:00:00+00:00,24.761666666666667,26.754777908325195,22.658382415771484,31.924291610717773
Chronos2,2025-07-19 00:00:00+00:00,HB_HUBAVG,2025-07-19 07:00:00+00:00,24.8825,26.1129093170166,22.148090362548828,31.207305908203125
Chronos2,2025-07-19 00:00:00+00:00,HB_HUBAVG,2025-07-19 08:00:00+00:00,22.81083333333333,26.191776275634766,21.903593063354492,31.388315200805664
Chronos2,2025-07-19 00:00:00+00:00,HB_HUBAVG,2025-07-19 09:00:00+00:00,21.9825,26.901935577392578,22.650619506835938,32.337867736816406
Chronos2,2025-07-19 00:00:00+00:00,HB_HUBAVG,2025-07-19 10:00:00+00:00,22.50333333333333,27.85390281677246,23.197891235351562,33.52031326293945
Chronos2,2025-07-19 00:00:00+00:00,HB_HUBAVG,2025-07-19 11:00:00+00:00,22.2925,28.057613372802734,23.00754165649414,34.33488464355469
Chronos2,2025-07-19 00:00:00+00:00,HB_HUBAVG,2025-07-19 12:00:00+00:00,18.396666666666665,26.308094024658203,21.208873748779297,32.64857482910156
Chronos2,2025-07-19 00:00:00+00:00,HB_HUBAVG,2025-07-19 13:00:00+00:00,14.8075,24.388805389404297,18.98128890991211,30.998455047607422
Chronos2,2025-07-19 00:00:00+00:00,HB_HUBAVG,2025-07-19 14:00:00+00:00,7.767500000000001,23.053951263427734,18.04743194580078,30.37197494506836
Chronos2,2025-07-19 00:00:00+00:00,HB_HUBAVG,2025-07-19 15:00:00+00:00,6.890000000000001,23.15508460998535,18.038419723510742,30.906606674194336
Chronos2,2025-07-19 00:00:00+00:00,HB_HUBAVG,2025-07-19 16:00:00+00:00,12.729166666666666,24.956966400146484,19.654876708984375,33.842891693115234
Chronos2,2025-07-19 00:00:00+00:00,HB_HUBAVG,2025-07-19 17:00:00+00:00,15.791666666666666,26.151674270629883,20.50623893737793,35.16151428222656
Chronos2,2025-07-19 00:00:00+00:00,HB_HUBAVG,2025-07-19 18:00:00+00:00,19.044166666666666,26.87380599975586,20.70917320251465,37.34071731567383
Chronos2,2025-07-19 00:00:00+00:00,HB_HUBAVG,2025-07-19 19:00:00+00:00,20.074166666666667,26.929813385009766,20.831758499145508,37.76611328125
Chronos2,2025-07-19 00:00:00+00:00,HB_HUBAVG,2025-07-19 20:00:00+00:00,21.89833333333333,27.041170120239258,20.27825355529785,39.497711181640625
Chronos2,2025-07-19 00:00:00+00:00,HB_HUBAVG,2025-07-19 21:00:00+00:00,21.043333333333333,27.380924224853516,20.644371032714844,40.12447738647461
Chronos2,2025-07-19 00:00:00+00:00,HB_HUBAVG,2025-07-19 22:00:00+00:00,18.7425,28.749237060546875,21.801525115966797,41.95234298706055
Chronos2,2025-07-19 00:00:00+00:00,HB_HUBAVG,2025-07-19 23:00:00+00:00,20.058333333333337,32.75577163696289,24.821155548095703,48.16836929321289
Chronos2,2025-07-19 00:00:00+00:00,HB_PAN,2025-07-19 00:00:00+00:00,7.841666666666666,13.655807495117188,4.839353561401367,27.747549057006836
Chronos2,2025-07-19 00:00:00+00:00,HB_PAN,2025-07-19 01:00:00+00:00,28.8775,35.34947204589844,21.886024475097656,55.138492584228516
Chronos2,2025-07-19 00:00:00+00:00,HB_PAN,2025-07-19 02:00:00+00:00,19.361666666666668,32.12717056274414,20.26927947998047,48.16096496582031
Chronos2,2025-07-19 00:00:00+00:00,HB_PAN,2025-07-19 03:00:00+00:00,15.349166666666669,26.131351470947266,16.555625915527344,36.973087310791016
Chronos2,2025-07-19 00:00:00+00:00,HB_PAN,2025-07-19 04:00:00+00:00,13.844166666666666,20.636268615722656,12.480390548706055,30.09235191345215
Chronos2,2025-07-19 00:00:00+00:00,HB_PAN,2025-07-19 05:00:00+00:00,8.94,19.477285385131836,12.018714904785156,27.637712478637695
Chronos2,2025-07-19 00:00:00+00:00,HB_PAN,2025-07-19 06:00:00+00:00,7.0125,20.23868751525879,13.097095489501953,28.110820770263672
Chronos2,2025-07-19 00:00:00+00:00,HB_PAN,2025-07-19 07:00:00+00:00,7.315833333333334,20.05010414123535,13.058975219726562,27.673084259033203
Chronos2,2025-07-19 00:00:00+00:00,HB_PAN,2025-07-19 08:00:00+00:00,14.3875,20.368606567382812,13.27290153503418,27.952274322509766
Chronos2,2025-07-19 00:00:00+00:00,HB_PAN,2025-07-19 09:00:00+00:00,16.628333333333334,20.965038299560547,13.947935104370117,28.79571533203125
Chronos2,2025-07-19 00:00:00+00:00,HB_PAN,2025-07-19 10:00:00+00:00,18.5675,22.214237213134766,14.991989135742188,30.403175354003906
Chronos2,2025-07-19 00:00:00+00:00,HB_PAN,2025-07-19 11:00:00+00:00,21.06,23.12004852294922,15.245065689086914,31.719892501831055
Chronos2,2025-07-19 00:00:00+00:00,HB_PAN,2025-07-19 12:00:00+00:00,18.396666666666665,22.815013885498047,14.20199966430664,31.59697723388672
Chronos2,2025-07-19 00:00:00+00:00,HB_PAN,2025-07-19 13:00:00+00:00,13.811666666666667,20.68018341064453,12.50101089477539,29.499500274658203
Chronos2,2025-07-19 00:00:00+00:00,HB_PAN,2025-07-19 14:00:00+00:00,2.911666666666666,19.8972110748291,11.642724990844727,29.510845184326172
Chronos2,2025-07-19 00:00:00+00:00,HB_PAN,2025-07-19 15:00:00+00:00,2.1991666666666667,20.18476104736328,11.040597915649414,30.075271606445312
Chronos2,2025-07-19 00:00:00+00:00,HB_PAN,2025-07-19 16:00:00+00:00,6.267499999999999,20.625030517578125,11.666080474853516,32.79389572143555
Chronos2,2025-07-19 00:00:00+00:00,HB_PAN,2025-07-19 17:00:00+00:00,9.675833333333332,21.427444458007812,12.209331512451172,33.72465515136719
Chronos2,2025-07-19 00:00:00+00:00,HB_PAN,2025-07-19 18:00:00+00:00,17.685,22.126651763916016,12.114131927490234,35.818946838378906
Chronos2,2025-07-19 00:00:00+00:00,HB_PAN,2025-07-19 19:00:00+00:00,20.2425,20.8900203704834,9.756006240844727,36.50471496582031
Chronos2,2025-07-19 00:00:00+00:00,HB_PAN,2025-07-19 20:00:00+00:00,22.604166666666668,16.921546936035156,5.476629257202148,35.23141860961914
Chronos2,2025-07-19 00:00:00+00:00,HB_PAN,2025-07-19 21:00:00+00:00,20.70583333333333,11.761713027954102,-0.14847946166992188,30.604455947875977
Chronos2,2025-07-19 00:00:00+00:00,HB_PAN,2025-07-19 22:00:00+00:00,15.009166666666667,6.598329544067383,-5.074039459228516,26.312416076660156
Chronos2,2025-07-19 00:00:00+00:00,HB_PAN,2025-07-19 23:00:00+00:00,10.5475,5.182903289794922,-6.5934906005859375,28.023391723632812
Chronos2,2025-07-19 00:00:00+00:00,LZ_WEST,2025-07-19 00:00:00+00:00,11.614166666666668,13.457723617553711,4.950508117675781,25.953704833984375
Chronos2,2025-07-19 00:00:00+00:00,LZ_WEST,2025-07-19 01:00:00+00:00,42.82416666666666,32.992279052734375,18.566650390625,52.67710876464844
Chronos2,2025-07-19 00:00:00+00:00,LZ_WEST,2025-07-19 02:00:00+00:00,42.26416666666667,35.5230827331543,19.75814437866211,54.14198303222656
Chronos2,2025-07-19 00:00:00+00:00,LZ_WEST,2025-07-19 03:00:00+00:00,40.89833333333333,34.76750564575195,19.932994842529297,53.07965087890625
Chronos2,2025-07-19 00:00:00+00:00,LZ_WEST,2025-07-19 04:00:00+00:00,42.013333333333335,31.376113891601562,16.587921142578125,48.854862213134766
Chronos2,2025-07-19 00:00:00+00:00,LZ_WEST,2025-07-19 05:00:00+00:00,53.365,25.971363067626953,13.029138565063477,43.30402374267578
Chronos2,2025-07-19 00:00:00+00:00,LZ_WEST,2025-07-19 06:00:00+00:00,55.01666666666667,23.418134689331055,10.886581420898438,41.07498550415039
Chronos2,2025-07-19 00:00:00+00:00,LZ_WEST,2025-07-19 07:00:00+00:00,55.0075,21.847034454345703,9.90939712524414,39.55289840698242
Chronos2,2025-07-19 00:00:00+00:00,LZ_WEST,2025-07-19 08:00:00+00:00,36.74666666666667,23.834463119506836,10.305545806884766,43.65996551513672
Chronos2,2025-07-19 00:00:00+00:00,LZ_WEST,2025-07-19 09:00:00+00:00,31.945833333333336,25.293684005737305,11.260894775390625,45.968658447265625
Chronos2,2025-07-19 00:00:00+00:00,LZ_WEST,2025-07-19 10:00:00+00:00,29.846666666666668,26.562088012695312,11.932197570800781,47.330482482910156
Chronos2,2025-07-19 00:00:00+00:00,LZ_WEST,2025-07-19 11:00:00+00:00,24.59083333333333,25.42308807373047,10.961894989013672,45.52128219604492
Chronos2,2025-07-19 00:00:00+00:00,LZ_WEST,2025-07-19 12:00:00+00:00,18.396666666666665,21.755128860473633,8.24106216430664,41.12500762939453
Chronos2,2025-07-19 00:00:00+00:00,LZ_WEST,2025-07-19 13:00:00+00:00,13.213333333333331,17.6005916595459,4.474925994873047,35.60091781616211
Chronos2,2025-07-19 00:00:00+00:00,LZ_WEST,2025-07-19 14:00:00+00:00,1.0375,15.230817794799805,3.0717849731445312,33.49570846557617
Chronos2,2025-07-19 00:00:00+00:00,LZ_WEST,2025-07-19 15:00:00+00:00,0.2808333333333333,15.161031723022461,2.7283897399902344,34.71686553955078
Chronos2,2025-07-19 00:00:00+00:00,LZ_WEST,2025-07-19 16:00:00+00:00,1.409166666666667,16.10552215576172,1.9334945678710938,37.260414123535156
Chronos2,2025-07-19 00:00:00+00:00,LZ_WEST,2025-07-19 17:00:00+00:00,3.589166666666667,16.01689338684082,1.8287887573242188,36.922157287597656
Chronos2,2025-07-19 00:00:00+00:00,LZ_WEST,2025-07-19 18:00:00+00:00,14.074166666666663,16.827722549438477,1.7974014282226562,38.6276741027832
Chronos2,2025-07-19 00:00:00+00:00,LZ_WEST,2025-07-19 19:00:00+00:00,18.32,14.43243408203125,0.7028312683105469,35.229713439941406
Chronos2,2025-07-19 00:00:00+00:00,LZ_WEST,2025-07-19 20:00:00+00:00,22.325,12.166118621826172,-1.4948158264160156,34.07170104980469
Chronos2,2025-07-19 00:00:00+00:00,LZ_WEST,2025-07-19 21:00:00+00:00,19.675,9.834545135498047,-3.8148193359375,30.900821685791016
Chronos2,2025-07-19 00:00:00+00:00,LZ_WEST,2025-07-19 22:00:00+00:00,13.515,8.891143798828125,-4.949329376220703,30.130706787109375
Chronos2,2025-07-19 00:00:00+00:00,LZ_WEST,2025-07-19 23:00:00+00:00,8.106666666666667,8.985095977783203,-5.1810760498046875,32.6617546081543
Chronos2,2025-07-20 00:00:00+00:00,HB_HUBAVG,2025-07-20 00:00:00+00:00,28.545,28.448925018310547,25.19637107849121,32.8219108581543
Chronos2,2025-07-20 00:00:00+00:00,HB_HUBAVG,2025-07-20 01:00:00+00:00,37.255,33.794189453125,28.638179779052734,39.89815902709961
Chronos2,2025-07-20 00:00:00+00:00,HB_HUBAVG,2025-07-20 02:00:00+00:00,31.22833333333333,28.43798828125,23.29136085510254,34.39266586303711
Chronos2,2025-07-20 00:00:00+00:00,HB_HUBAVG,2025-07-20 03:00:00+00:00,25.31083333333333,25.182109832763672,20.337604522705078,29.834779739379883
Chronos2,2025-07-20 00:00:00+00:00,HB_HUBAVG,2025-07-20 04:00:00+00:00,23.9275,22.0206241607666,17.20782470703125,26.42084503173828
Chronos2,2025-07-20 00:00:00+00:00,HB_HUBAVG,2025-07-20 05:00:00+00:00,25.974166666666665,21.549602508544922,16.98800277709961,25.852279663085938
Chronos2,2025-07-20 00:00:00+00:00,HB_HUBAVG,2025-07-20 06:00:00+00:00,24.0275,21.029727935791016,16.494646072387695,25.41634178161621
Chronos2,2025-07-20 00:00:00+00:00,HB_HUBAVG,2025-07-20 07:00:00+00:00,22.945,20.61502456665039,16.075275421142578,24.945337295532227
Chronos2,2025-07-20 00:00:00+00:00,HB_HUBAVG,2025-07-20 08:00:00+00:00,20.953333333333333,20.303436279296875,15.907111167907715,24.721206665039062
Chronos2,2025-07-20 00:00:00+00:00,HB_HUBAVG,2025-07-20 09:00:00+00:00,20.710833333333333,19.979644775390625,15.198390007019043,24.652246475219727
Chronos2,2025-07-20 00:00:00+00:00,HB_HUBAVG,2025-07-20 10:00:00+00:00,19.87,19.68238067626953,14.75612735748291,24.48883056640625
Chronos2,2025-07-20 00:00:00+00:00,HB_HUBAVG,2025-07-20 11:00:00+00:00,18.633333333333333,19.46319580078125,14.123251914978027,24.633872985839844
Chronos2,2025-07-20 00:00:00+00:00,HB_HUBAVG,2025-07-20 12:00:00+00:00,16.073333333333334,16.460948944091797,10.854593276977539,21.762849807739258
Chronos2,2025-07-20 00:00:00+00:00,HB_HUBAVG,2025-07-20 13:00:00+00:00,13.744166666666668,12.629777908325195,6.284566879272461,18.656631469726562
Chronos2,2025-07-20 00:00:00+00:00,HB_HUBAVG,2025-07-20 14:00:00+00:00,7.274166666666666,9.65363883972168,3.0415611267089844,16.389842987060547
Chronos2,2025-07-20 00:00:00+00:00,HB_HUBAVG,2025-07-20 15:00:00+00:00,11.8275,9.972137451171875,2.929027557373047,16.783432006835938
Chronos2,2025-07-20 00:00:00+00:00,HB_HUBAVG,2025-07-20 16:00:00+00:00,15.440833333333332,13.701143264770508,6.945348739624023,20.7069091796875
Chronos2,2025-07-20 00:00:00+00:00,HB_HUBAVG,2025-07-20 17:00:00+00:00,17.875833333333333,15.729533195495605,8.872322082519531,22.32593536376953
Chronos2,2025-07-20 00:00:00+00:00,HB_HUBAVG,2025-07-20 18:00:00+00:00,19.43,17.78989601135254,10.700532913208008,24.36766242980957
Chronos2,2025-07-20 00:00:00+00:00,HB_HUBAVG,2025-07-20 19:00:00+00:00,20.12333333333333,17.94631576538086,10.995294570922852,24.77674102783203
Chronos2,2025-07-20 00:00:00+00:00,HB_HUBAVG,2025-07-20 20:00:00+00:00,23.926666666666662,18.2269287109375,11.360198974609375,25.35366439819336
Chronos2,2025-07-20 00:00:00+00:00,HB_HUBAVG,2025-07-20 21:00:00+00:00,23.34166666666667,18.866376876831055,11.856569290161133,25.838207244873047
Chronos2,2025-07-20 00:00:00+00:00,HB_HUBAVG,2025-07-20 22:00:00+00:00,25.911666666666665,18.862051010131836,11.683891296386719,26.045759201049805
Chronos2,2025-07-20 00:00:00+00:00,HB_HUBAVG,2025-07-20 23:00:00+00:00,29.8125,21.61692237854004,14.373428344726562,29.40570831298828
Chronos2,2025-07-20 00:00:00+00:00,HB_PAN,2025-07-20 00:00:00+00:00,21.88416666666667,16.915607452392578,8.784442901611328,25.945606231689453
Chronos2,2025-07-20 00:00:00+00:00,HB_PAN,2025-07-20 01:00:00+00:00,33.53,32.94269561767578,21.257184982299805,45.4468994140625
Chronos2,2025-07-20 00:00:00+00:00,HB_PAN,2025-07-20 02:00:00+00:00,21.355,24.637191772460938,13.463993072509766,36.379066467285156
Chronos2,2025-07-20 00:00:00+00:00,HB_PAN,2025-07-20 03:00:00+00:00,15.174166666666666,19.572141647338867,9.307966232299805,30.293603897094727
Chronos2,2025-07-20 00:00:00+00:00,HB_PAN,2025-07-20 04:00:00+00:00,14.043333333333337,16.848289489746094,7.336940765380859,26.550601959228516
Chronos2,2025-07-20 00:00:00+00:00,HB_PAN,2025-07-20 05:00:00+00:00,17.425833333333333,16.226390838623047,6.89508056640625,25.113113403320312
Chronos2,2025-07-20 00:00:00+00:00,HB_PAN,2025-07-20 06:00:00+00:00,15.434166666666668,16.622726440429688,7.128778457641602,25.390268325805664
Chronos2,2025-07-20 00:00:00+00:00,HB_PAN,2025-07-20 07:00:00+00:00,15.236666666666666,17.03278160095215,7.839544296264648,25.575807571411133
Chronos2,2025-07-20 00:00:00+00:00,HB_PAN,2025-07-20 08:00:00+00:00,19.89,18.780080795288086,9.158084869384766,28.227310180664062
Chronos2,2025-07-20 00:00:00+00:00,HB_PAN,2025-07-20 09:00:00+00:00,20.69833333333333,20.674755096435547,10.830057144165039,30.552316665649414
Chronos2,2025-07-20 00:00:00+00:00,HB_PAN,2025-07-20 10:00:00+00:00,19.87,22.025859832763672,12.029814720153809,32.299415588378906
Chronos2,2025-07-20 00:00:00+00:00,HB_PAN,2025-07-20 11:00:00+00:00,18.174166666666668,23.002260208129883,12.543130874633789,33.68425750732422
Chronos2,2025-07-20 00:00:00+00:00,HB_PAN,2025-07-20 12:00:00+00:00,15.164166666666668,20.852069854736328,10.113668441772461,30.8383846282959
Chronos2,2025-07-20 00:00:00+00:00,HB_PAN,2025-07-20 13:00:00+00:00,12.731666666666667,16.482542037963867,5.9306640625,26.724700927734375
Chronos2,2025-07-20 00:00:00+00:00,HB_PAN,2025-07-20 14:00:00+00:00,3.5516666666666663,13.729519844055176,3.3719253540039062,24.589658737182617
Chronos2,2025-07-20 00:00:00+00:00,HB_PAN,2025-07-20 15:00:00+00:00,5.32,12.982514381408691,2.5746192932128906,24.074228286743164
Chronos2,2025-07-20 00:00:00+00:00,HB_PAN,2025-07-20 16:00:00+00:00,13.45,16.022705078125,4.461856842041016,28.666257858276367
Chronos2,2025-07-20 00:00:00+00:00,HB_PAN,2025-07-20 17:00:00+00:00,18.199166666666667,17.62786102294922,5.750110626220703,30.073238372802734
Chronos2,2025-07-20 00:00:00+00:00,HB_PAN,2025-07-20 18:00:00+00:00,20.05583333333333,20.194625854492188,8.282390594482422,33.01984786987305
Chronos2,2025-07-20 00:00:00+00:00,HB_PAN,2025-07-20 19:00:00+00:00,20.12666666666667,20.367250442504883,8.210039138793945,33.472816467285156
Chronos2,2025-07-20 00:00:00+00:00,HB_PAN,2025-07-20 20:00:00+00:00,21.26,19.660980224609375,6.99738883972168,34.004112243652344
Chronos2,2025-07-20 00:00:00+00:00,HB_PAN,2025-07-20 21:00:00+00:00,20.8225,17.936925888061523,4.788028717041016,33.147926330566406
Chronos2,2025-07-20 00:00:00+00:00,HB_PAN,2025-07-20 22:00:00+00:00,22.563333333333333,16.021089553833008,2.788766860961914,31.345979690551758
Chronos2,2025-07-20 00:00:00+00:00,HB_PAN,2025-07-20 23:00:00+00:00,24.813333333333333,14.822120666503906,0.73681640625,31.523317337036133
Chronos2,2025-07-20 00:00:00+00:00,LZ_WEST,2025-07-20 00:00:00+00:00,17.951666666666664,15.258817672729492,6.039924621582031,26.700998306274414
Chronos2,2025-07-20 00:00:00+00:00,LZ_WEST,2025-07-20 01:00:00+00:00,43.96666666666667,33.67535400390625,20.12904930114746,48.78877258300781
Chronos2,2025-07-20 00:00:00+00:00,LZ_WEST,2025-07-20 02:00:00+00:00,47.32583333333333,34.70767593383789,20.486459732055664,50.509254455566406
Chronos2,2025-07-20 00:00:00+00:00,LZ_WEST,2025-07-20 03:00:00+00:00,41.90583333333333,36.20909118652344,21.854509353637695,51.99900436401367
Chronos2,2025-07-20 00:00:00+00:00,LZ_WEST,2025-07-20 04:00:00+00:00,41.5525,37.628814697265625,22.584972381591797,54.278141021728516
Chronos2,2025-07-20 00:00:00+00:00,LZ_WEST,2025-07-20 05:00:00+00:00,41.43666666666667,40.76517868041992,25.712020874023438,57.06243133544922
Chronos2,2025-07-20 00:00:00+00:00,LZ_WEST,2025-07-20 06:00:00+00:00,37.774166666666666,41.51979064941406,25.980525970458984,58.271888732910156
Chronos2,2025-07-20 00:00:00+00:00,LZ_WEST,2025-07-20 07:00:00+00:00,35.848333333333336,42.2169303894043,26.420698165893555,59.02278137207031
Chronos2,2025-07-20 00:00:00+00:00,LZ_WEST,2025-07-20 08:00:00+00:00,24.50583333333333,41.98020553588867,25.6801815032959,59.77763366699219
Chronos2,2025-07-20 00:00:00+00:00,LZ_WEST,2025-07-20 09:00:00+00:00,20.74,40.854122161865234,24.327411651611328,58.555450439453125
Chronos2,2025-07-20 00:00:00+00:00,LZ_WEST,2025-07-20 10:00:00+00:00,19.87,38.89350128173828,22.11566734313965,56.504310607910156
Chronos2,2025-07-20 00:00:00+00:00,LZ_WEST,2025-07-20 11:00:00+00:00,23.81,33.16950607299805,17.136398315429688,51.03736114501953
Chronos2,2025-07-20 00:00:00+00:00,LZ_WEST,2025-07-20 12:00:00+00:00,24.546666666666667,25.147111892700195,10.267370223999023,43.67303466796875
Chronos2,2025-07-20 00:00:00+00:00,LZ_WEST,2025-07-20 13:00:00+00:00,12.403333333333334,15.841192245483398,2.469400405883789,32.838443756103516
Chronos2,2025-07-20 00:00:00+00:00,LZ_WEST,2025-07-20 14:00:00+00:00,1.8233333333333333,11.81413459777832,-1.0046005249023438,28.774187088012695
Chronos2,2025-07-20 00:00:00+00:00,LZ_WEST,2025-07-20 15:00:00+00:00,4.193333333333333,11.02017593383789,-1.7930984497070312,28.319747924804688
Chronos2,2025-07-20 00:00:00+00:00,LZ_WEST,2025-07-20 16:00:00+00:00,11.080833333333333,13.262399673461914,-1.1776924133300781,32.54184341430664
Chronos2,2025-07-20 00:00:00+00:00,LZ_WEST,2025-07-20 17:00:00+00:00,15.489166666666668,13.997188568115234,-0.3815803527832031,33.12907409667969
Chronos2,2025-07-20 00:00:00+00:00,LZ_WEST,2025-07-20 18:00:00+00:00,18.591666666666665,15.959579467773438,1.0130500793457031,35.699466705322266
Chronos2,2025-07-20 00:00:00+00:00,LZ_WEST,2025-07-20 19:00:00+00:00,19.505,17.241079330444336,2.069883346557617,37.311336517333984
Chronos2,2025-07-20 00:00:00+00:00,LZ_WEST,2025-07-20 20:00:00+00:00,23.51083333333333,18.19681167602539,2.1462230682373047,39.88554763793945
Chronos2,2025-07-20 00:00:00+00:00,LZ_WEST,2025-07-20 21:00:00+00:00,24.284166666666668,18.9769229888916,2.3789405822753906,41.85456848144531
Chronos2,2025-07-20 00:00:00+00:00,LZ_WEST,2025-07-20 22:00:00+00:00,26.704166666666666,19.209247589111328,2.6163902282714844,42.33876037597656
Chronos2,2025-07-20 00:00:00+00:00,LZ_WEST,2025-07-20 23:00:00+00:00,29.579166666666666,18.742469787597656,1.5706100463867188,42.51051330566406
Chronos2,2025-07-21 00:00:00+00:00,HB_HUBAVG,2025-07-21 00:00:00+00:00,33.848333333333336,36.91327667236328,31.95938491821289,42.148719787597656
Chronos2,2025-07-21 00:00:00+00:00,HB_HUBAVG,2025-07-21 01:00:00+00:00,30.7325,42.6551513671875,36.9200439453125,49.09237289428711
Chronos2,2025-07-21 00:00:00+00:00,HB_HUBAVG,2025-07-21 02:00:00+00:00,28.339166666666667,35.497398376464844,30.491235733032227,41.318023681640625
Chronos2,2025-07-21 00:00:00+00:00,HB_HUBAVG,2025-07-21 03:00:00+00:00,27.27333333333333,30.27587127685547,26.007535934448242,35.179786682128906
Chronos2,2025-07-21 00:00:00+00:00,HB_HUBAVG,2025-07-21 04:00:00+00:00,23.8075,27.303749084472656,23.082279205322266,31.95189666748047
Chronos2,2025-07-21 00:00:00+00:00,HB_HUBAVG,2025-07-21 05:00:00+00:00,24.0175,26.730119705200195,22.461589813232422,31.601863861083984
Chronos2,2025-07-21 00:00:00+00:00,HB_HUBAVG,2025-07-21 06:00:00+00:00,22.27083333333333,25.37246322631836,21.141359329223633,30.207447052001953
Chronos2,2025-07-21 00:00:00+00:00,HB_HUBAVG,2025-07-21 07:00:00+00:00,22.566666666666663,24.36785316467285,20.210899353027344,28.809370040893555
Chronos2,2025-07-21 00:00:00+00:00,HB_HUBAVG,2025-07-21 08:00:00+00:00,21.700833333333332,24.032299041748047,19.73987579345703,28.67612075805664
Chronos2,2025-07-21 00:00:00+00:00,HB_HUBAVG,2025-07-21 09:00:00+00:00,22.863333333333333,24.400754928588867,19.804960250854492,29.584980010986328
Chronos2,2025-07-21 00:00:00+00:00,HB_HUBAVG,2025-07-21 10:00:00+00:00,26.480833333333333,25.424846649169922,20.382076263427734,31.262203216552734
Chronos2,2025-07-21 00:00:00+00:00,HB_HUBAVG,2025-07-21 11:00:00+00:00,33.51416666666667,26.362140655517578,20.73660659790039,32.35780715942383
Chronos2,2025-07-21 00:00:00+00:00,HB_HUBAVG,2025-07-21 12:00:00+00:00,25.999166666666667,24.189899444580078,18.54718017578125,30.332529067993164
Chronos2,2025-07-21 00:00:00+00:00,HB_HUBAVG,2025-07-21 13:00:00+00:00,20.9625,20.986906051635742,15.291524887084961,26.771575927734375
Chronos2,2025-07-21 00:00:00+00:00,HB_HUBAVG,2025-07-21 14:00:00+00:00,16.710833333333333,18.353527069091797,12.732876777648926,23.984695434570312
Chronos2,2025-07-21 00:00:00+00:00,HB_HUBAVG,2025-07-21 15:00:00+00:00,16.304166666666667,18.246604919433594,12.361231803894043,23.905780792236328
Chronos2,2025-07-21 00:00:00+00:00,HB_HUBAVG,2025-07-21 16:00:00+00:00,21.450833333333332,20.49393653869629,15.347596168518066,25.86971664428711
Chronos2,2025-07-21 00:00:00+00:00,HB_HUBAVG,2025-07-21 17:00:00+00:00,23.55,22.47292137145996,17.537944793701172,27.52853775024414
Chronos2,2025-07-21 00:00:00+00:00,HB_HUBAVG,2025-07-21 18:00:00+00:00,25.102500000000003,23.80135154724121,18.873048782348633,29.22212791442871
Chronos2,2025-07-21 00:00:00+00:00,HB_HUBAVG,2025-07-21 19:00:00+00:00,22.64,24.031612396240234,19.09195899963379,29.357284545898438
Chronos2,2025-07-21 00:00:00+00:00,HB_HUBAVG,2025-07-21 20:00:00+00:00,21.714166666666667,25.06578826904297,20.030073165893555,30.65934944152832
Chronos2,2025-07-21 00:00:00+00:00,HB_HUBAVG,2025-07-21 21:00:00+00:00,20.63583333333333,25.737659454345703,20.546161651611328,31.77920150756836
Chronos2,2025-07-21 00:00:00+00:00,HB_HUBAVG,2025-07-21 22:00:00+00:00,18.75,26.987220764160156,21.50503921508789,33.566307067871094
Chronos2,2025-07-21 00:00:00+00:00,HB_HUBAVG,2025-07-21 23:00:00+00:00,29.639166666666668,31.175846099853516,24.875932693481445,38.496055603027344
Chronos2,2025-07-21 00:00:00+00:00,HB_PAN,2025-07-21 00:00:00+00:00,33.33416666666667,35.836158752441406,28.291229248046875,42.921356201171875
Chronos2,2025-07-21 00:00:00+00:00,HB_PAN,2025-07-21 01:00:00+00:00,28.5725,47.69715118408203,37.959449768066406,57.638912200927734
Chronos2,2025-07-21 00:00:00+00:00,HB_PAN,2025-07-21 02:00:00+00:00,24.676666666666662,33.83502197265625,25.476110458374023,42.46565246582031
Chronos2,2025-07-21 00:00:00+00:00,HB_PAN,2025-07-21 03:00:00+00:00,18.574166666666667,26.597537994384766,18.78133201599121,34.67177200317383
Chronos2,2025-07-21 00:00:00+00:00,HB_PAN,2025-07-21 04:00:00+00:00,15.777499999999998,22.803245544433594,14.997991561889648,30.781429290771484
Chronos2,2025-07-21 00:00:00+00:00,HB_PAN,2025-07-21 05:00:00+00:00,19.08083333333333,22.768335342407227,15.21717643737793,30.482749938964844
Chronos2,2025-07-21 00:00:00+00:00,HB_PAN,2025-07-21 06:00:00+00:00,18.769166666666667,21.065292358398438,13.284209251403809,29.278093338012695
Chronos2,2025-07-21 00:00:00+00:00,HB_PAN,2025-07-21 07:00:00+00:00,21.749166666666667,20.222423553466797,12.375428199768066,28.447370529174805
Chronos2,2025-07-21 00:00:00+00:00,HB_PAN,2025-07-21 08:00:00+00:00,17.855833333333333,20.78264617919922,12.760197639465332,29.233827590942383
Chronos2,2025-07-21 00:00:00+00:00,HB_PAN,2025-07-21 09:00:00+00:00,19.0625,22.68285369873047,14.49869155883789,31.54775047302246
Chronos2,2025-07-21 00:00:00+00:00,HB_PAN,2025-07-21 10:00:00+00:00,25.52916666666667,25.551074981689453,16.687307357788086,34.93364715576172
Chronos2,2025-07-21 00:00:00+00:00,HB_PAN,2025-07-21 11:00:00+00:00,31.3325,27.671154022216797,18.479045867919922,37.749088287353516
Chronos2,2025-07-21 00:00:00+00:00,HB_PAN,2025-07-21 12:00:00+00:00,25.45583333333333,25.338031768798828,16.035245895385742,34.72431182861328
Chronos2,2025-07-21 00:00:00+00:00,HB_PAN,2025-07-21 13:00:00+00:00,20.9625,21.451984405517578,12.34481430053711,30.63420867919922
Chronos2,2025-07-21 00:00:00+00:00,HB_PAN,2025-07-21 14:00:00+00:00,16.8725,17.933229446411133,8.731308937072754,27.0717716217041
Chronos2,2025-07-21 00:00:00+00:00,HB_PAN,2025-07-21 15:00:00+00:00,15.471666666666666,17.539169311523438,7.992210388183594,26.903669357299805
Chronos2,2025-07-21 00:00:00+00:00,HB_PAN,2025-07-21 16:00:00+00:00,20.1525,19.53687858581543,10.39537239074707,29.150033950805664
Chronos2,2025-07-21 00:00:00+00:00,HB_PAN,2025-07-21 17:00:00+00:00,21.065,21.428560256958008,12.521275520324707,30.46768569946289
Chronos2,2025-07-21 00:00:00+00:00,HB_PAN,2025-07-21 18:00:00+00:00,22.36583333333333,22.804168701171875,13.497668266296387,32.15657043457031
Chronos2,2025-07-21 00:00:00+00:00,HB_PAN,2025-07-21 19:00:00+00:00,18.561666666666667,23.137983322143555,13.22927474975586,33.10285949707031
Chronos2,2025-07-21 00:00:00+00:00,HB_PAN,2025-07-21 20:00:00+00:00,16.438333333333333,22.596715927124023,12.69328498840332,33.136390686035156
Chronos2,2025-07-21 00:00:00+00:00,HB_PAN,2025-07-21 21:00:00+00:00,12.838333333333331,22.17452049255371,11.62477970123291,32.872825622558594
Chronos2,2025-07-21 00:00:00+00:00,HB_PAN,2025-07-21 22:00:00+00:00,4.676666666666667,22.26569938659668,11.196093559265137,33.67429733276367
Chronos2,2025-07-21 00:00:00+00:00,HB_PAN,2025-07-21 23:00:00+00:00,5.348333333333334,23.441652297973633,11.392698287963867,35.99314880371094
Chronos2,2025-07-21 00:00:00+00:00,LZ_WEST,2025-07-21 00:00:00+00:00,36.7325,39.92095947265625,27.831830978393555,51.87141418457031
Chronos2,2025-07-21 00:00:00+00:00,LZ_WEST,2025-07-21 01:00:00+00:00,43.4125,53.01960754394531,39.59165954589844,65.42652893066406
Chronos2,2025-07-21 00:00:00+00:00,LZ_WEST,2025-07-21 02:00:00+00:00,44.4275,52.22317123413086,37.96255874633789,66.28349304199219
Chronos2,2025-07-21 00:00:00+00:00,LZ_WEST,2025-07-21 03:00:00+00:00,57.84833333333333,48.541751861572266,33.75229263305664,63.747161865234375
Chronos2,2025-07-21 00:00:00+00:00,LZ_WEST,2025-07-21 04:00:00+00:00,50.07666666666666,44.20172119140625,28.836162567138672,60.59050369262695
Chronos2,2025-07-21 00:00:00+00:00,LZ_WEST,2025-07-21 05:00:00+00:00,66.685,42.908966064453125,27.290456771850586,59.79777526855469
Chronos2,2025-07-21 00:00:00+00:00,LZ_WEST,2025-07-21 06:00:00+00:00,64.48166666666667,40.75469207763672,24.061378479003906,58.83612823486328
Chronos2,2025-07-21 00:00:00+00:00,LZ_WEST,2025-07-21 07:00:00+00:00,34.53416666666667,39.65743637084961,22.277305603027344,58.00300216674805
Chronos2,2025-07-21 00:00:00+00:00,LZ_WEST,2025-07-21 08:00:00+00:00,66.4575,39.81330490112305,22.50430679321289,57.728431701660156
Chronos2,2025-07-21 00:00:00+00:00,LZ_WEST,2025-07-21 09:00:00+00:00,63.34666666666666,39.61073303222656,21.584638595581055,57.85649871826172
Chronos2,2025-07-21 00:00:00+00:00,LZ_WEST,2025-07-21 10:00:00+00:00,36.15,37.99370193481445,20.164257049560547,56.73301696777344
Chronos2,2025-07-21 00:00:00+00:00,LZ_WEST,2025-07-21 11:00:00+00:00,61.66166666666667,34.41297912597656,16.954357147216797,52.983768463134766
Chronos2,2025-07-21 00:00:00+00:00,LZ_WEST,2025-07-21 12:00:00+00:00,31.98,27.9362735748291,11.700163841247559,45.983917236328125
Chronos2,2025-07-21 00:00:00+00:00,LZ_WEST,2025-07-21 13:00:00+00:00,20.9625,20.703472137451172,5.366535186767578,38.11750793457031
Chronos2,2025-07-21 00:00:00+00:00,LZ_WEST,2025-07-21 14:00:00+00:00,16.669166666666666,16.860855102539062,1.7668342590332031,33.992347717285156
Chronos2,2025-07-21 00:00:00+00:00,LZ_WEST,2025-07-21 15:00:00+00:00,14.010833333333332,16.230987548828125,0.7862358093261719,34.49858856201172
Chronos2,2025-07-21 00:00:00+00:00,LZ_WEST,2025-07-21 16:00:00+00:00,18.766666666666666,17.644184112548828,1.8423805236816406,36.05278778076172
Chronos2,2025-07-21 00:00:00+00:00,LZ_WEST,2025-07-21 17:00:00+00:00,20.274166666666662,18.132373809814453,2.3078346252441406,37.113380432128906
Chronos2,2025-07-21 00:00:00+00:00,LZ_WEST,2025-07-21 18:00:00+00:00,21.58083333333333,19.09518814086914,3.2499618530273438,38.089786529541016
Chronos2,2025-07-21 00:00:00+00:00,LZ_WEST,2025-07-21 19:00:00+00:00,17.801666666666666,19.14934539794922,2.9032363891601562,38.58738708496094
Chronos2,2025-07-21 00:00:00+00:00,LZ_WEST,2025-07-21 20:00:00+00:00,16.381666666666668,19.64956283569336,3.050172805786133,39.62725830078125
Chronos2,2025-07-21 00:00:00+00:00,LZ_WEST,2025-07-21 21:00:00+00:00,20.38833333333333,19.860950469970703,2.9041061401367188,39.956268310546875
Chronos2,2025-07-21 00:00:00+00:00,LZ_WEST,2025-07-21 22:00:00+00:00,6.344166666666666,20.059598922729492,2.962453842163086,39.748023986816406
Chronos2,2025-07-21 00:00:00+00:00,LZ_WEST,2025-07-21 23:00:00+00:00,1.9825,21.33635902404785,3.7315673828125,42.1714973449707
Chronos2,2025-07-22 00:00:00+00:00,HB_HUBAVG,2025-07-22 00:00:00+00:00,50.38083333333333,42.059654235839844,35.431312561035156,49.66892623901367
Chronos2,2025-07-22 00:00:00+00:00,HB_HUBAVG,2025-07-22 01:00:00+00:00,36.594166666666666,46.32974624633789,39.14742660522461,55.37928009033203
Chronos2,2025-07-22 00:00:00+00:00,HB_HUBAVG,2025-07-22 02:00:00+00:00,33.115833333333335,39.285804748535156,32.87895202636719,47.06529998779297
Chronos2,2025-07-22 00:00:00+00:00,HB_HUBAVG,2025-07-22 03:00:00+00:00,29.35,32.35139083862305,27.81768798828125,37.718101501464844
Chronos2,2025-07-22 00:00:00+00:00,HB_HUBAVG,2025-07-22 04:00:00+00:00,26.0725,27.81998634338379,24.1966552734375,31.99188995361328
Chronos2,2025-07-22 00:00:00+00:00,HB_HUBAVG,2025-07-22 05:00:00+00:00,24.155,26.263980865478516,22.75712013244629,30.008289337158203
Chronos2,2025-07-22 00:00:00+00:00,HB_HUBAVG,2025-07-22 06:00:00+00:00,23.501666666666665,24.774723052978516,21.279054641723633,28.294631958007812
Chronos2,2025-07-22 00:00:00+00:00,HB_HUBAVG,2025-07-22 07:00:00+00:00,22.9,24.003429412841797,20.59151840209961,27.258953094482422
Chronos2,2025-07-22 00:00:00+00:00,HB_HUBAVG,2025-07-22 08:00:00+00:00,22.65416666666667,24.38824462890625,20.812931060791016,28.075458526611328
Chronos2,2025-07-22 00:00:00+00:00,HB_HUBAVG,2025-07-22 09:00:00+00:00,23.685,25.062467575073242,21.342994689941406,28.968460083007812
Chronos2,2025-07-22 00:00:00+00:00,HB_HUBAVG,2025-07-22 10:00:00+00:00,23.15,26.055910110473633,22.163557052612305,30.303178787231445
Chronos2,2025-07-22 00:00:00+00:00,HB_HUBAVG,2025-07-22 11:00:00+00:00,23.1725,27.093029022216797,22.69790267944336,31.843048095703125
Chronos2,2025-07-22 00:00:00+00:00,HB_HUBAVG,2025-07-22 12:00:00+00:00,19.1975,24.660324096679688,19.824113845825195,29.871421813964844
Chronos2,2025-07-22 00:00:00+00:00,HB_HUBAVG,2025-07-22 13:00:00+00:00,12.535833333333334,21.67170524597168,16.921945571899414,26.751615524291992
Chronos2,2025-07-22 00:00:00+00:00,HB_HUBAVG,2025-07-22 14:00:00+00:00,6.9375,19.2938175201416,14.470221519470215,24.12424087524414
Chronos2,2025-07-22 00:00:00+00:00,HB_HUBAVG,2025-07-22 15:00:00+00:00,8.578333333333333,19.59716033935547,14.850019454956055,24.09002685546875
Chronos2,2025-07-22 00:00:00+00:00,HB_HUBAVG,2025-07-22 16:00:00+00:00,12.4625,22.057384490966797,17.935468673706055,26.448789596557617
Chronos2,2025-07-22 00:00:00+00:00,HB_HUBAVG,2025-07-22 17:00:00+00:00,17.767500000000002,23.5909481048584,19.493616104125977,28.09992218017578
Chronos2,2025-07-22 00:00:00+00:00,HB_HUBAVG,2025-07-22 18:00:00+00:00,23.03,24.00716781616211,19.732044219970703,28.793792724609375
Chronos2,2025-07-22 00:00:00+00:00,HB_HUBAVG,2025-07-22 19:00:00+00:00,19.8725,22.900691986083984,18.806772232055664,26.99791717529297
Chronos2,2025-07-22 00:00:00+00:00,HB_HUBAVG,2025-07-22 20:00:00+00:00,23.294166666666666,22.153297424316406,17.941036224365234,26.437881469726562
Chronos2,2025-07-22 00:00:00+00:00,HB_HUBAVG,2025-07-22 21:00:00+00:00,21.2,22.105066299438477,17.466737747192383,26.566604614257812
Chronos2,2025-07-22 00:00:00+00:00,HB_HUBAVG,2025-07-22 22:00:00+00:00,19.02833333333333,23.411434173583984,18.637453079223633,28.652193069458008
Chronos2,2025-07-22 00:00:00+00:00,HB_HUBAVG,2025-07-22 23:00:00+00:00,21.62333333333333,29.646604537963867,24.112701416015625,36.48582077026367
Chronos2,2025-07-22 00:00:00+00:00,HB_PAN,2025-07-22 00:00:00+00:00,16.44,17.968534469604492,11.35634994506836,25.404029846191406
Chronos2,2025-07-22 00:00:00+00:00,HB_PAN,2025-07-22 01:00:00+00:00,27.10333333333333,33.556396484375,24.703819274902344,42.30141067504883
Chronos2,2025-07-22 00:00:00+00:00,HB_PAN,2025-07-22 02:00:00+00:00,26.916666666666668,25.464311599731445,17.4154109954834,33.90998840332031
Chronos2,2025-07-22 00:00:00+00:00,HB_PAN,2025-07-22 03:00:00+00:00,21.231666666666666,21.053081512451172,13.395618438720703,28.819602966308594
Chronos2,2025-07-22 00:00:00+00:00,HB_PAN,2025-07-22 04:00:00+00:00,20.06083333333333,18.418825149536133,11.094033241271973,25.894067764282227
Chronos2,2025-07-22 00:00:00+00:00,HB_PAN,2025-07-22 05:00:00+00:00,23.421666666666667,18.602163314819336,11.307793617248535,25.750001907348633
Chronos2,2025-07-22 00:00:00+00:00,HB_PAN,2025-07-22 06:00:00+00:00,21.2575,17.648958206176758,10.356977462768555,24.666202545166016
Chronos2,2025-07-22 00:00:00+00:00,HB_PAN,2025-07-22 07:00:00+00:00,19.796666666666667,17.54143714904785,10.42708683013916,24.45746612548828
Chronos2,2025-07-22 00:00:00+00:00,HB_PAN,2025-07-22 08:00:00+00:00,17.445833333333333,18.191120147705078,10.718557357788086,25.465618133544922
Chronos2,2025-07-22 00:00:00+00:00,HB_PAN,2025-07-22 09:00:00+00:00,17.953333333333333,19.37070655822754,11.968866348266602,26.835269927978516
Chronos2,2025-07-22 00:00:00+00:00,HB_PAN,2025-07-22 10:00:00+00:00,19.656666666666663,20.845720291137695,13.290977478027344,28.233306884765625
Chronos2,2025-07-22 00:00:00+00:00,HB_PAN,2025-07-22 11:00:00+00:00,20.343333333333337,23.48320960998535,15.53614616394043,31.568172454833984
Chronos2,2025-07-22 00:00:00+00:00,HB_PAN,2025-07-22 12:00:00+00:00,18.74083333333333,21.095264434814453,12.806697845458984,28.84889793395996
Chronos2,2025-07-22 00:00:00+00:00,HB_PAN,2025-07-22 13:00:00+00:00,10.879166666666668,17.786550521850586,9.747679710388184,25.717073440551758
Chronos2,2025-07-22 00:00:00+00:00,HB_PAN,2025-07-22 14:00:00+00:00,0.2424999999999999,14.564691543579102,6.437344551086426,22.513896942138672
Chronos2,2025-07-22 00:00:00+00:00,HB_PAN,2025-07-22 15:00:00+00:00,0.0258333333333333,13.877477645874023,5.516424179077148,22.187469482421875
Chronos2,2025-07-22 00:00:00+00:00,HB_PAN,2025-07-22 16:00:00+00:00,2.1758333333333333,16.210243225097656,7.770854949951172,24.658674240112305
Chronos2,2025-07-22 00:00:00+00:00,HB_PAN,2025-07-22 17:00:00+00:00,7.2025,17.62032127380371,9.347240447998047,25.89227867126465
Chronos2,2025-07-22 00:00:00+00:00,HB_PAN,2025-07-22 18:00:00+00:00,4.0841666666666665,18.96085548400879,10.397555351257324,27.210102081298828
Chronos2,2025-07-22 00:00:00+00:00,HB_PAN,2025-07-22 19:00:00+00:00,8.925833333333333,17.58099937438965,8.869126319885254,26.146711349487305
Chronos2,2025-07-22 00:00:00+00:00,HB_PAN,2025-07-22 20:00:00+00:00,1.3,15.398723602294922,6.369927406311035,23.85103416442871
Chronos2,2025-07-22 00:00:00+00:00,HB_PAN,2025-07-22 21:00:00+00:00,1.8925,13.198919296264648,4.132547378540039,21.639650344848633
Chronos2,2025-07-22 00:00:00+00:00,HB_PAN,2025-07-22 22:00:00+00:00,0.055,11.068488121032715,1.7414894104003906,19.581697463989258
Chronos2,2025-07-22 00:00:00+00:00,HB_PAN,2025-07-22 23:00:00+00:00,3.98,11.185761451721191,1.85272216796875,20.45479965209961
Chronos2,2025-07-22 00:00:00+00:00,LZ_WEST,2025-07-22 00:00:00+00:00,12.213333333333331,17.675790786743164,6.977382659912109,30.100080490112305
Chronos2,2025-07-22 00:00:00+00:00,LZ_WEST,2025-07-22 01:00:00+00:00,26.531666666666663,42.75551986694336,28.35715675354004,59.916778564453125
Chronos2,2025-07-22 00:00:00+00:00,LZ_WEST,2025-07-22 02:00:00+00:00,26.54583333333333,44.26795196533203,30.417367935180664,60.680763244628906
Chronos2,2025-07-22 00:00:00+00:00,LZ_WEST,2025-07-22 03:00:00+00:00,33.70166666666667,44.978214263916016,31.37563705444336,60.69225311279297
Chronos2,2025-07-22 00:00:00+00:00,LZ_WEST,2025-07-22 04:00:00+00:00,34.778333333333336,43.661354064941406,29.610700607299805,59.131385803222656
Chronos2,2025-07-22 00:00:00+00:00,LZ_WEST,2025-07-22 05:00:00+00:00,25.084166666666665,43.04582214355469,29.1382999420166,59.23077392578125
Chronos2,2025-07-22 00:00:00+00:00,LZ_WEST,2025-07-22 06:00:00+00:00,26.7225,39.61106872558594,25.82069206237793,55.098106384277344
Chronos2,2025-07-22 00:00:00+00:00,LZ_WEST,2025-07-22 07:00:00+00:00,26.606666666666666,37.29069519042969,23.160009384155273,52.69710922241211
Chronos2,2025-07-22 00:00:00+00:00,LZ_WEST,2025-07-22 08:00:00+00:00,30.246666666666663,37.553897857666016,23.461090087890625,52.79899597167969
Chronos2,2025-07-22 00:00:00+00:00,LZ_WEST,2025-07-22 09:00:00+00:00,32.166666666666664,36.77588653564453,22.509063720703125,52.45745849609375
Chronos2,2025-07-22 00:00:00+00:00,LZ_WEST,2025-07-22 10:00:00+00:00,27.611666666666665,35.631465911865234,21.623817443847656,50.84701919555664
Chronos2,2025-07-22 00:00:00+00:00,LZ_WEST,2025-07-22 11:00:00+00:00,27.33833333333333,34.77894973754883,20.896013259887695,50.11927795410156
Chronos2,2025-07-22 00:00:00+00:00,LZ_WEST,2025-07-22 12:00:00+00:00,19.44,27.524677276611328,14.356544494628906,42.07990264892578
Chronos2,2025-07-22 00:00:00+00:00,LZ_WEST,2025-07-22 13:00:00+00:00,10.236666666666666,19.572132110595703,7.4442291259765625,33.70896911621094
Chronos2,2025-07-22 00:00:00+00:00,LZ_WEST,2025-07-22 14:00:00+00:00,0.1775,14.28516960144043,3.1262340545654297,27.508766174316406
Chronos2,2025-07-22 00:00:00+00:00,LZ_WEST,2025-07-22 15:00:00+00:00,-0.0991666666666666,12.881779670715332,1.9165992736816406,26.37896156311035
Chronos2,2025-07-22 00:00:00+00:00,LZ_WEST,2025-07-22 16:00:00+00:00,1.1016666666666668,15.721232414245605,4.087961196899414,28.367679595947266
Chronos2,2025-07-22 00:00:00+00:00,LZ_WEST,2025-07-22 17:00:00+00:00,7.0,15.692937850952148,4.009370803833008,28.317644119262695
Chronos2,2025-07-22 00:00:00+00:00,LZ_WEST,2025-07-22 18:00:00+00:00,20.179166666666667,15.677705764770508,3.746213912963867,29.305696487426758
Chronos2,2025-07-22 00:00:00+00:00,LZ_WEST,2025-07-22 19:00:00+00:00,14.08,14.38827896118164,2.5995635986328125,27.539812088012695
Chronos2,2025-07-22 00:00:00+00:00,LZ_WEST,2025-07-22 20:00:00+00:00,25.348333333333333,13.30783748626709,1.328125,27.129638671875
Chronos2,2025-07-22 00:00:00+00:00,LZ_WEST,2025-07-22 21:00:00+00:00,21.56,12.64820671081543,0.3075695037841797,26.70450782775879
Chronos2,2025-07-22 00:00:00+00:00,LZ_WEST,2025-07-22 22:00:00+00:00,20.06833333333333,11.631319046020508,-1.1834945678710938,25.682981491088867
Chronos2,2025-07-22 00:00:00+00:00,LZ_WEST,2025-07-22 23:00:00+00:00,10.256666666666666,13.016392707824707,0.26177215576171875,28.29126739501953
Chronos2,2025-07-23 00:00:00+00:00,HB_HUBAVG,2025-07-23 00:00:00+00:00,37.369166666666665,30.428714752197266,25.21748924255371,36.31285858154297
Chronos2,2025-07-23 00:00:00+00:00,HB_HUBAVG,2025-07-23 01:00:00+00:00,41.85916666666667,34.615989685058594,28.917787551879883,40.79296112060547
Chronos2,2025-07-23 00:00:00+00:00,HB_HUBAVG,2025-07-23 02:00:00+00:00,43.69,29.222084045410156,24.488916397094727,34.703067779541016
Chronos2,2025-07-23 00:00:00+00:00,HB_HUBAVG,2025-07-23 03:00:00+00:00,47.98500000000001,25.54859733581543,21.325626373291016,30.14889907836914
Chronos2,2025-07-23 00:00:00+00:00,HB_HUBAVG,2025-07-23 04:00:00+00:00,31.64583333333333,22.215545654296875,17.543235778808594,26.648300170898438
Chronos2,2025-07-23 00:00:00+00:00,HB_HUBAVG,2025-07-23 05:00:00+00:00,24.435,21.802682876586914,17.404748916625977,26.1856689453125
Chronos2,2025-07-23 00:00:00+00:00,HB_HUBAVG,2025-07-23 06:00:00+00:00,23.0275,20.831153869628906,16.317554473876953,25.036865234375
Chronos2,2025-07-23 00:00:00+00:00,HB_HUBAVG,2025-07-23 07:00:00+00:00,22.411666666666665,20.05459213256836,15.624706268310547,23.992359161376953
Chronos2,2025-07-23 00:00:00+00:00,HB_HUBAVG,2025-07-23 08:00:00+00:00,23.055,19.901371002197266,15.421867370605469,23.906658172607422
Chronos2,2025-07-23 00:00:00+00:00,HB_HUBAVG,2025-07-23 09:00:00+00:00,23.499166666666667,20.1098690032959,15.323469161987305,24.471744537353516
Chronos2,2025-07-23 00:00:00+00:00,HB_HUBAVG,2025-07-23 10:00:00+00:00,26.12333333333333,20.419519424438477,15.451258659362793,25.235511779785156
Chronos2,2025-07-23 00:00:00+00:00,HB_HUBAVG,2025-07-23 11:00:00+00:00,29.0175,20.486122131347656,14.999267578125,25.78594398498535
Chronos2,2025-07-23 00:00:00+00:00,HB_HUBAVG,2025-07-23 12:00:00+00:00,22.7975,16.981042861938477,10.703228950500488,22.683393478393555
Chronos2,2025-07-23 00:00:00+00:00,HB_HUBAVG,2025-07-23 13:00:00+00:00,17.073333333333334,12.166731834411621,4.83366584777832,18.963043212890625
Chronos2,2025-07-23 00:00:00+00:00,HB_HUBAVG,2025-07-23 14:00:00+00:00,14.133333333333333,7.011547088623047,-1.9858379364013672,14.783395767211914
Chronos2,2025-07-23 00:00:00+00:00,HB_HUBAVG,2025-07-23 15:00:00+00:00,10.495,8.391963005065918,-0.5315074920654297,15.935171127319336
Chronos2,2025-07-23 00:00:00+00:00,HB_HUBAVG,2025-07-23 16:00:00+00:00,14.025,12.623248100280762,5.411809921264648,19.64417839050293
Chronos2,2025-07-23 00:00:00+00:00,HB_HUBAVG,2025-07-23 17:00:00+00:00,18.65833333333333,16.07819938659668,9.376665115356445,21.859966278076172
Chronos2,2025-07-23 00:00:00+00:00,HB_HUBAVG,2025-07-23 18:00:00+00:00,22.005,18.505836486816406,11.959739685058594,24.352487564086914
Chronos2,2025-07-23 00:00:00+00:00,HB_HUBAVG,2025-07-23 19:00:00+00:00,22.168333333333333,18.36578369140625,11.925621032714844,24.11616325378418
Chronos2,2025-07-23 00:00:00+00:00,HB_HUBAVG,2025-07-23 20:00:00+00:00,19.489166666666662,18.90167236328125,12.202646255493164,24.976194381713867
Chronos2,2025-07-23 00:00:00+00:00,HB_HUBAVG,2025-07-23 21:00:00+00:00,15.521666666666668,18.481571197509766,11.43167495727539,24.80437469482422
Chronos2,2025-07-23 00:00:00+00:00,HB_HUBAVG,2025-07-23 22:00:00+00:00,13.915833333333332,18.132963180541992,10.77891731262207,24.682689666748047
Chronos2,2025-07-23 00:00:00+00:00,HB_HUBAVG,2025-07-23 23:00:00+00:00,16.225833333333334,21.439258575439453,14.510438919067383,28.62705421447754
Chronos2,2025-07-23 00:00:00+00:00,HB_PAN,2025-07-23 00:00:00+00:00,20.37333333333333,15.019393920898438,7.111212730407715,22.95194435119629
Chronos2,2025-07-23 00:00:00+00:00,HB_PAN,2025-07-23 01:00:00+00:00,29.37833333333333,30.049606323242188,20.567481994628906,38.70166778564453
Chronos2,2025-07-23 00:00:00+00:00,HB_PAN,2025-07-23 02:00:00+00:00,18.76333333333333,25.760223388671875,16.751182556152344,35.10082244873047
Chronos2,2025-07-23 00:00:00+00:00,HB_PAN,2025-07-23 03:00:00+00:00,13.571666666666667,20.76955795288086,11.343385696411133,29.768535614013672
Chronos2,2025-07-23 00:00:00+00:00,HB_PAN,2025-07-23 04:00:00+00:00,15.029166666666669,18.03056526184082,8.399374961853027,27.204910278320312
Chronos2,2025-07-23 00:00:00+00:00,HB_PAN,2025-07-23 05:00:00+00:00,21.389166666666668,18.336660385131836,8.462169647216797,27.509597778320312
Chronos2,2025-07-23 00:00:00+00:00,HB_PAN,2025-07-23 06:00:00+00:00,21.77083333333333,16.720035552978516,6.742876052856445,25.95926856994629
Chronos2,2025-07-23 00:00:00+00:00,HB_PAN,2025-07-23 07:00:00+00:00,21.668333333333333,16.119873046875,6.248534202575684,25.68914794921875
Chronos2,2025-07-23 00:00:00+00:00,HB_PAN,2025-07-23 08:00:00+00:00,23.0325,16.0776309967041,5.404008865356445,25.56910514831543
Chronos2,2025-07-23 00:00:00+00:00,HB_PAN,2025-07-23 09:00:00+00:00,23.499166666666667,16.1231746673584,5.444440841674805,25.992897033691406
Chronos2,2025-07-23 00:00:00+00:00,HB_PAN,2025-07-23 10:00:00+00:00,26.12333333333333,17.041168212890625,5.999428749084473,27.16702651977539
Chronos2,2025-07-23 00:00:00+00:00,HB_PAN,2025-07-23 11:00:00+00:00,29.03,19.149208068847656,8.289313316345215,29.519350051879883
Chronos2,2025-07-23 00:00:00+00:00,HB_PAN,2025-07-23 12:00:00+00:00,22.7975,17.081663131713867,5.870589256286621,27.434940338134766
Chronos2,2025-07-23 00:00:00+00:00,HB_PAN,2025-07-23 13:00:00+00:00,17.073333333333334,12.661700248718262,1.2014617919921875,23.381126403808594
Chronos2,2025-07-23 00:00:00+00:00,HB_PAN,2025-07-23 14:00:00+00:00,12.248333333333331,8.148484230041504,-3.7010936737060547,18.829444885253906
Chronos2,2025-07-23 00:00:00+00:00,HB_PAN,2025-07-23 15:00:00+00:00,4.175833333333333,8.231562614440918,-4.000570297241211,19.443071365356445
Chronos2,2025-07-23 00:00:00+00:00,HB_PAN,2025-07-23 16:00:00+00:00,4.145833333333333,10.913630485534668,-2.4343643188476562,23.00690460205078
Chronos2,2025-07-23 00:00:00+00:00,HB_PAN,2025-07-23 17:00:00+00:00,10.029166666666669,13.333669662475586,-0.3688926696777344,25.733835220336914
Chronos2,2025-07-23 00:00:00+00:00,HB_PAN,2025-07-23 18:00:00+00:00,14.599166666666669,14.65697956085205,0.6970119476318359,27.493953704833984
Chronos2,2025-07-23 00:00:00+00:00,HB_PAN,2025-07-23 19:00:00+00:00,14.809166666666668,15.703377723693848,1.6691417694091797,28.43899154663086
Chronos2,2025-07-23 00:00:00+00:00,HB_PAN,2025-07-23 20:00:00+00:00,10.9275,11.933412551879883,-2.229970932006836,24.877267837524414
Chronos2,2025-07-23 00:00:00+00:00,HB_PAN,2025-07-23 21:00:00+00:00,6.019166666666667,10.594654083251953,-3.539602279663086,23.330642700195312
Chronos2,2025-07-23 00:00:00+00:00,HB_PAN,2025-07-23 22:00:00+00:00,2.056666666666666,9.046116828918457,-5.068426132202148,21.51647186279297
Chronos2,2025-07-23 00:00:00+00:00,HB_PAN,2025-07-23 23:00:00+00:00,4.1275,10.321003913879395,-3.8693695068359375,23.043601989746094
Chronos2,2025-07-23 00:00:00+00:00,LZ_WEST,2025-07-23 00:00:00+00:00,32.21333333333333,16.65657615661621,6.275552749633789,27.31031036376953
Chronos2,2025-07-23 00:00:00+00:00,LZ_WEST,2025-07-23 01:00:00+00:00,56.08166666666667,36.01090621948242,22.280961990356445,50.71826171875
Chronos2,2025-07-23 00:00:00+00:00,LZ_WEST,2025-07-23 02:00:00+00:00,74.55416666666666,37.34347152709961,22.72637176513672,52.479122161865234
Chronos2,2025-07-23 00:00:00+00:00,LZ_WEST,2025-07-23 03:00:00+00:00,67.63416666666667,39.08951950073242,24.178524017333984,54.885780334472656
Chronos2,2025-07-23 00:00:00+00:00,LZ_WEST,2025-07-23 04:00:00+00:00,45.48916666666667,38.06203079223633,22.61026954650879,54.044166564941406
Chronos2,2025-07-23 00:00:00+00:00,LZ_WEST,2025-07-23 05:00:00+00:00,30.00916666666667,37.91246795654297,21.637454986572266,54.38813018798828
Chronos2,2025-07-23 00:00:00+00:00,LZ_WEST,2025-07-23 06:00:00+00:00,25.37333333333333,35.97222900390625,19.750654220581055,52.815670013427734
Chronos2,2025-07-23 00:00:00+00:00,LZ_WEST,2025-07-23 07:00:00+00:00,23.76083333333333,33.819053649902344,17.821413040161133,50.75762176513672
Chronos2,2025-07-23 00:00:00+00:00,LZ_WEST,2025-07-23 08:00:00+00:00,23.096666666666664,35.229225158691406,18.769832611083984,51.667991638183594
Chronos2,2025-07-23 00:00:00+00:00,LZ_WEST,2025-07-23 09:00:00+00:00,23.499166666666667,35.44247055053711,18.306106567382812,52.351524353027344
Chronos2,2025-07-23 00:00:00+00:00,LZ_WEST,2025-07-23 10:00:00+00:00,26.12333333333333,32.9335823059082,16.735036849975586,50.06251525878906
Chronos2,2025-07-23 00:00:00+00:00,LZ_WEST,2025-07-23 11:00:00+00:00,29.21,31.35968017578125,15.219219207763672,47.865684509277344
Chronos2,2025-07-23 00:00:00+00:00,LZ_WEST,2025-07-23 12:00:00+00:00,22.7975,23.707162857055664,8.653020858764648,39.72697830200195
Chronos2,2025-07-23 00:00:00+00:00,LZ_WEST,2025-07-23 13:00:00+00:00,17.073333333333334,16.237892150878906,1.8354778289794922,32.09858703613281
Chronos2,2025-07-23 00:00:00+00:00,LZ_WEST,2025-07-23 14:00:00+00:00,10.451666666666666,10.231524467468262,-2.9001846313476562,25.07741355895996
Chronos2,2025-07-23 00:00:00+00:00,LZ_WEST,2025-07-23 15:00:00+00:00,2.0225,9.2688627243042,-3.508575439453125,24.086265563964844
Chronos2,2025-07-23 00:00:00+00:00,LZ_WEST,2025-07-23 16:00:00+00:00,2.004166666666667,11.537294387817383,-2.4025917053222656,27.023536682128906
Chronos2,2025-07-23 00:00:00+00:00,LZ_WEST,2025-07-23 17:00:00+00:00,9.455833333333333,13.240911483764648,-0.8205928802490234,28.889867782592773
Chronos2,2025-07-23 00:00:00+00:00,LZ_WEST,2025-07-23 18:00:00+00:00,13.559166666666668,16.348976135253906,1.2524566650390625,32.53226852416992
Chronos2,2025-07-23 00:00:00+00:00,LZ_WEST,2025-07-23 19:00:00+00:00,13.100833333333334,15.307419776916504,0.259002685546875,32.14052200317383
Chronos2,2025-07-23 00:00:00+00:00,LZ_WEST,2025-07-23 20:00:00+00:00,9.291666666666666,15.29150104522705,0.09744834899902344,32.77976608276367
Chronos2,2025-07-23 00:00:00+00:00,LZ_WEST,2025-07-23 21:00:00+00:00,4.588333333333334,14.205747604370117,-0.6241321563720703,30.852859497070312
Chronos2,2025-07-23 00:00:00+00:00,LZ_WEST,2025-07-23 22:00:00+00:00,1.025,11.830464363098145,-2.5497512817382812,27.803123474121094
Chronos2,2025-07-23 00:00:00+00:00,LZ_WEST,2025-07-23 23:00:00+00:00,3.3125,10.586982727050781,-3.671314239501953,26.952014923095703
Chronos2,2025-07-24 00:00:00+00:00,HB_HUBAVG,2025-07-24 00:00:00+00:00,35.65416666666667,29.04237174987793,22.899974822998047,40.8267936706543
Chronos2,2025-07-24 00:00:00+00:00,HB_HUBAVG,2025-07-24 01:00:00+00:00,36.759166666666665,34.629737854003906,25.988393783569336,51.80819320678711
Chronos2,2025-07-24 00:00:00+00:00,HB_HUBAVG,2025-07-24 02:00:00+00:00,30.105833333333333,31.376482009887695,23.46860694885254,46.78058624267578
Chronos2,2025-07-24 00:00:00+00:00,HB_HUBAVG,2025-07-24 03:00:00+00:00,25.456666666666667,27.49071502685547,20.80327796936035,38.01490020751953
Chronos2,2025-07-24 00:00:00+00:00,HB_HUBAVG,2025-07-24 04:00:00+00:00,22.6425,24.458093643188477,19.682788848876953,30.064199447631836
Chronos2,2025-07-24 00:00:00+00:00,HB_HUBAVG,2025-07-24 05:00:00+00:00,23.138333333333332,23.162729263305664,19.62509536743164,26.748733520507812
Chronos2,2025-07-24 00:00:00+00:00,HB_HUBAVG,2025-07-24 06:00:00+00:00,22.639166666666668,22.001609802246094,18.49530029296875,25.020320892333984
Chronos2,2025-07-24 00:00:00+00:00,HB_HUBAVG,2025-07-24 07:00:00+00:00,22.826666666666668,21.22709083557129,17.428180694580078,24.298612594604492
Chronos2,2025-07-24 00:00:00+00:00,HB_HUBAVG,2025-07-24 08:00:00+00:00,20.851666666666667,20.866716384887695,17.227569580078125,23.82003402709961
Chronos2,2025-07-24 00:00:00+00:00,HB_HUBAVG,2025-07-24 09:00:00+00:00,20.3175,21.127681732177734,17.153602600097656,24.321847915649414
Chronos2,2025-07-24 00:00:00+00:00,HB_HUBAVG,2025-07-24 10:00:00+00:00,21.276666666666667,22.12720489501953,17.77815055847168,26.128950119018555
Chronos2,2025-07-24 00:00:00+00:00,HB_HUBAVG,2025-07-24 11:00:00+00:00,22.093333333333337,23.12870216369629,17.44395637512207,29.02407455444336
Chronos2,2025-07-24 00:00:00+00:00,HB_HUBAVG,2025-07-24 12:00:00+00:00,19.414166666666667,19.68977165222168,12.971394538879395,25.60210418701172
Chronos2,2025-07-24 00:00:00+00:00,HB_HUBAVG,2025-07-24 13:00:00+00:00,14.319166666666668,15.440361976623535,6.0794677734375,22.16588020324707
Chronos2,2025-07-24 00:00:00+00:00,HB_HUBAVG,2025-07-24 14:00:00+00:00,8.598333333333333,11.68498706817627,-0.025369644165039062,19.77764892578125
Chronos2,2025-07-24 00:00:00+00:00,HB_HUBAVG,2025-07-24 15:00:00+00:00,15.095,11.927763938903809,0.23291015625,20.734243392944336
Chronos2,2025-07-24 00:00:00+00:00,HB_HUBAVG,2025-07-24 16:00:00+00:00,21.44333333333333,16.18572998046875,8.646717071533203,22.231107711791992
Chronos2,2025-07-24 00:00:00+00:00,HB_HUBAVG,2025-07-24 17:00:00+00:00,30.5575,18.870044708251953,13.406998634338379,23.16802406311035
Chronos2,2025-07-24 00:00:00+00:00,HB_HUBAVG,2025-07-24 18:00:00+00:00,36.873333333333335,20.80154800415039,15.898567199707031,24.951444625854492
Chronos2,2025-07-24 00:00:00+00:00,HB_HUBAVG,2025-07-24 19:00:00+00:00,28.21083333333333,20.89535903930664,15.867620468139648,25.11240005493164
Chronos2,2025-07-24 00:00:00+00:00,HB_HUBAVG,2025-07-24 20:00:00+00:00,35.299166666666665,20.833654403686523,15.495537757873535,25.010652542114258
Chronos2,2025-07-24 00:00:00+00:00,HB_HUBAVG,2025-07-24 21:00:00+00:00,32.0025,19.427433013916016,13.623451232910156,23.955047607421875
Chronos2,2025-07-24 00:00:00+00:00,HB_HUBAVG,2025-07-24 22:00:00+00:00,39.344166666666666,19.59401512145996,12.429069519042969,25.459613800048828
Chronos2,2025-07-24 00:00:00+00:00,HB_HUBAVG,2025-07-24 23:00:00+00:00,48.47166666666666,22.148948669433594,13.547550201416016,32.541629791259766
Chronos2,2025-07-24 00:00:00+00:00,HB_PAN,2025-07-24 00:00:00+00:00,24.040000000000003,16.429983139038086,9.761260032653809,23.197616577148438
Chronos2,2025-07-24 00:00:00+00:00,HB_PAN,2025-07-24 01:00:00+00:00,29.808333333333337,27.51129150390625,19.46278190612793,36.150508880615234
Chronos2,2025-07-24 00:00:00+00:00,HB_PAN,2025-07-24 02:00:00+00:00,23.71166666666667,20.442472457885742,12.077505111694336,29.233821868896484
Chronos2,2025-07-24 00:00:00+00:00,HB_PAN,2025-07-24 03:00:00+00:00,17.365833333333335,15.75184440612793,6.398707389831543,24.58693504333496
Chronos2,2025-07-24 00:00:00+00:00,HB_PAN,2025-07-24 04:00:00+00:00,17.50166666666667,14.418584823608398,4.75974178314209,23.562397003173828
Chronos2,2025-07-24 00:00:00+00:00,HB_PAN,2025-07-24 05:00:00+00:00,13.409999999999998,16.548606872558594,6.582901954650879,25.759397506713867
Chronos2,2025-07-24 00:00:00+00:00,HB_PAN,2025-07-24 06:00:00+00:00,12.075833333333334,16.130949020385742,5.7227630615234375,25.781402587890625
Chronos2,2025-07-24 00:00:00+00:00,HB_PAN,2025-07-24 07:00:00+00:00,12.766666666666666,15.636063575744629,5.163220405578613,25.62882423400879
Chronos2,2025-07-24 00:00:00+00:00,HB_PAN,2025-07-24 08:00:00+00:00,17.336666666666666,15.882543563842773,4.762063980102539,25.83769989013672
Chronos2,2025-07-24 00:00:00+00:00,HB_PAN,2025-07-24 09:00:00+00:00,18.511666666666667,16.825593948364258,5.744235038757324,27.179462432861328
Chronos2,2025-07-24 00:00:00+00:00,HB_PAN,2025-07-24 10:00:00+00:00,19.186666666666667,18.229848861694336,6.986885070800781,29.01404571533203
Chronos2,2025-07-24 00:00:00+00:00,HB_PAN,2025-07-24 11:00:00+00:00,21.16583333333333,19.695220947265625,8.348756790161133,30.74152946472168
Chronos2,2025-07-24 00:00:00+00:00,HB_PAN,2025-07-24 12:00:00+00:00,19.031666666666663,17.294824600219727,5.564425468444824,28.036026000976562
Chronos2,2025-07-24 00:00:00+00:00,HB_PAN,2025-07-24 13:00:00+00:00,14.148333333333332,12.464393615722656,0.4443206787109375,23.608539581298828
Chronos2,2025-07-24 00:00:00+00:00,HB_PAN,2025-07-24 14:00:00+00:00,3.806666666666666,8.270002365112305,-4.047203063964844,19.42657470703125
Chronos2,2025-07-24 00:00:00+00:00,HB_PAN,2025-07-24 15:00:00+00:00,11.774166666666666,6.7462053298950195,-5.726833343505859,18.72922134399414
Chronos2,2025-07-24 00:00:00+00:00,HB_PAN,2025-07-24 16:00:00+00:00,18.70583333333333,10.852031707763672,-1.1656475067138672,21.93147087097168
Chronos2,2025-07-24 00:00:00+00:00,HB_PAN,2025-07-24 17:00:00+00:00,24.848333333333333,13.560178756713867,1.3278350830078125,24.51982879638672
Chronos2,2025-07-24 00:00:00+00:00,HB_PAN,2025-07-24 18:00:00+00:00,26.59083333333333,15.117647171020508,2.806814193725586,25.88332748413086
Chronos2,2025-07-24 00:00:00+00:00,HB_PAN,2025-07-24 19:00:00+00:00,22.04083333333333,15.131575584411621,2.92067813873291,26.009225845336914
Chronos2,2025-07-24 00:00:00+00:00,HB_PAN,2025-07-24 20:00:00+00:00,22.02083333333333,10.816055297851562,-1.4447193145751953,22.263851165771484
Chronos2,2025-07-24 00:00:00+00:00,HB_PAN,2025-07-24 21:00:00+00:00,23.31,7.554163932800293,-4.28956413269043,18.998126983642578
Chronos2,2025-07-24 00:00:00+00:00,HB_PAN,2025-07-24 22:00:00+00:00,25.475,5.688071250915527,-6.598934173583984,17.360668182373047
Chronos2,2025-07-24 00:00:00+00:00,HB_PAN,2025-07-24 23:00:00+00:00,30.23166666666667,6.61279296875,-5.990283966064453,18.74413299560547
Chronos2,2025-07-24 00:00:00+00:00,LZ_WEST,2025-07-24 00:00:00+00:00,25.136666666666667,16.403308868408203,5.216819763183594,27.66610336303711
Chronos2,2025-07-24 00:00:00+00:00,LZ_WEST,2025-07-24 01:00:00+00:00,46.64416666666667,36.075740814208984,22.312772750854492,51.27906036376953
Chronos2,2025-07-24 00:00:00+00:00,LZ_WEST,2025-07-24 02:00:00+00:00,43.9,38.36481475830078,24.277433395385742,53.906185150146484
Chronos2,2025-07-24 00:00:00+00:00,LZ_WEST,2025-07-24 03:00:00+00:00,43.14666666666667,39.1800422668457,24.992671966552734,54.98143005371094
Chronos2,2025-07-24 00:00:00+00:00,LZ_WEST,2025-07-24 04:00:00+00:00,36.52916666666667,37.324462890625,23.514530181884766,52.28498840332031
Chronos2,2025-07-24 00:00:00+00:00,LZ_WEST,2025-07-24 05:00:00+00:00,58.565,34.54503631591797,20.767566680908203,49.55592346191406
Chronos2,2025-07-24 00:00:00+00:00,LZ_WEST,2025-07-24 06:00:00+00:00,57.30666666666667,31.910871505737305,17.89462661743164,46.812278747558594
Chronos2,2025-07-24 00:00:00+00:00,LZ_WEST,2025-07-24 07:00:00+00:00,61.11666666666667,29.939346313476562,15.85596752166748,44.65132141113281
Chronos2,2025-07-24 00:00:00+00:00,LZ_WEST,2025-07-24 08:00:00+00:00,42.11666666666667,28.78097152709961,14.737089157104492,43.6786003112793
Chronos2,2025-07-24 00:00:00+00:00,LZ_WEST,2025-07-24 09:00:00+00:00,39.82416666666666,27.286165237426758,12.789077758789062,42.257362365722656
Chronos2,2025-07-24 00:00:00+00:00,LZ_WEST,2025-07-24 10:00:00+00:00,43.98333333333333,26.326505661010742,12.287372589111328,40.85683059692383
Chronos2,2025-07-24 00:00:00+00:00,LZ_WEST,2025-07-24 11:00:00+00:00,32.12083333333333,25.152545928955078,11.255395889282227,39.12184143066406
Chronos2,2025-07-24 00:00:00+00:00,LZ_WEST,2025-07-24 12:00:00+00:00,23.569166666666664,19.879789352416992,6.543218612670898,34.01325607299805
Chronos2,2025-07-24 00:00:00+00:00,LZ_WEST,2025-07-24 13:00:00+00:00,14.205,13.233603477478027,0.06468963623046875,26.865453720092773
Chronos2,2025-07-24 00:00:00+00:00,LZ_WEST,2025-07-24 14:00:00+00:00,4.4591666666666665,8.84660530090332,-3.7043819427490234,22.484914779663086
Chronos2,2025-07-24 00:00:00+00:00,LZ_WEST,2025-07-24 15:00:00+00:00,12.156666666666666,7.926322937011719,-4.4121246337890625,21.808691024780273
Chronos2,2025-07-24 00:00:00+00:00,LZ_WEST,2025-07-24 16:00:00+00:00,19.55333333333333,10.823516845703125,-1.8161888122558594,23.383420944213867
Chronos2,2025-07-24 00:00:00+00:00,LZ_WEST,2025-07-24 17:00:00+00:00,26.505,11.617270469665527,-1.0112247467041016,23.516826629638672
Chronos2,2025-07-24 00:00:00+00:00,LZ_WEST,2025-07-24 18:00:00+00:00,30.02,13.31314754486084,0.468597412109375,25.780378341674805
Chronos2,2025-07-24 00:00:00+00:00,LZ_WEST,2025-07-24 19:00:00+00:00,29.035,13.186776161193848,0.3777484893798828,25.6223087310791
Chronos2,2025-07-24 00:00:00+00:00,LZ_WEST,2025-07-24 20:00:00+00:00,41.35583333333333,12.381004333496094,-0.78570556640625,26.08000373840332
Chronos2,2025-07-24 00:00:00+00:00,LZ_WEST,2025-07-24 21:00:00+00:00,39.72083333333333,11.073307991027832,-2.627340316772461,25.090980529785156
Chronos2,2025-07-24 00:00:00+00:00,LZ_WEST,2025-07-24 22:00:00+00:00,44.321666666666665,10.347614288330078,-3.998128890991211,24.39443588256836
Chronos2,2025-07-24 00:00:00+00:00,LZ_WEST,2025-07-24 23:00:00+00:00,41.295,9.656042098999023,-4.499120712280273,25.122785568237305
Chronos2,2025-07-25 00:00:00+00:00,HB_HUBAVG,2025-07-25 00:00:00+00:00,48.07083333333333,59.9192008972168,46.63140106201172,77.04159545898438
Chronos2,2025-07-25 00:00:00+00:00,HB_HUBAVG,2025-07-25 01:00:00+00:00,37.3775,55.16117858886719,40.219032287597656,75.23054504394531
Chronos2,2025-07-25 00:00:00+00:00,HB_HUBAVG,2025-07-25 02:00:00+00:00,27.781666666666663,47.02607727050781,32.14988327026367,67.39373779296875
Chronos2,2025-07-25 00:00:00+00:00,HB_HUBAVG,2025-07-25 03:00:00+00:00,27.845,39.566650390625,26.941179275512695,59.93403625488281
Chronos2,2025-07-25 00:00:00+00:00,HB_HUBAVG,2025-07-25 04:00:00+00:00,26.16583333333333,31.913681030273438,21.304712295532227,50.027732849121094
Chronos2,2025-07-25 00:00:00+00:00,HB_HUBAVG,2025-07-25 05:00:00+00:00,25.3425,29.228914260864258,19.318208694458008,45.692840576171875
Chronos2,2025-07-25 00:00:00+00:00,HB_HUBAVG,2025-07-25 06:00:00+00:00,26.226666666666663,26.980411529541016,17.439903259277344,42.58898162841797
Chronos2,2025-07-25 00:00:00+00:00,HB_HUBAVG,2025-07-25 07:00:00+00:00,30.006666666666664,25.86910057067871,16.41675567626953,41.39784622192383
Chronos2,2025-07-25 00:00:00+00:00,HB_HUBAVG,2025-07-25 08:00:00+00:00,33.86,26.132183074951172,16.187511444091797,42.120357513427734
Chronos2,2025-07-25 00:00:00+00:00,HB_HUBAVG,2025-07-25 09:00:00+00:00,30.555000000000003,27.01944923400879,16.634218215942383,44.3524284362793
Chronos2,2025-07-25 00:00:00+00:00,HB_HUBAVG,2025-07-25 10:00:00+00:00,33.248333333333335,28.813793182373047,17.822175979614258,49.30232238769531
Chronos2,2025-07-25 00:00:00+00:00,HB_HUBAVG,2025-07-25 11:00:00+00:00,38.02666666666666,30.30082130432129,18.19577407836914,53.99639892578125
Chronos2,2025-07-25 00:00:00+00:00,HB_HUBAVG,2025-07-25 12:00:00+00:00,27.935,26.814247131347656,14.819172859191895,50.56019592285156
Chronos2,2025-07-25 00:00:00+00:00,HB_HUBAVG,2025-07-25 13:00:00+00:00,23.204166666666666,21.719873428344727,9.171544075012207,45.103214263916016
Chronos2,2025-07-25 00:00:00+00:00,HB_HUBAVG,2025-07-25 14:00:00+00:00,24.31083333333333,17.979694366455078,4.48436164855957,38.1905517578125
Chronos2,2025-07-25 00:00:00+00:00,HB_HUBAVG,2025-07-25 15:00:00+00:00,24.114166666666662,17.32712173461914,2.7398204803466797,40.105133056640625
Chronos2,2025-07-25 00:00:00+00:00,HB_HUBAVG,2025-07-25 16:00:00+00:00,26.92083333333333,20.820207595825195,4.024145126342773,50.44017028808594
Chronos2,2025-07-25 00:00:00+00:00,HB_HUBAVG,2025-07-25 17:00:00+00:00,37.0425,23.03504753112793,7.815435409545898,51.7325439453125
Chronos2,2025-07-25 00:00:00+00:00,HB_HUBAVG,2025-07-25 18:00:00+00:00,47.815,25.669599533081055,10.603696823120117,55.79784393310547
Chronos2,2025-07-25 00:00:00+00:00,HB_HUBAVG,2025-07-25 19:00:00+00:00,52.22666666666667,24.907032012939453,10.24683666229248,53.64977264404297
Chronos2,2025-07-25 00:00:00+00:00,HB_HUBAVG,2025-07-25 20:00:00+00:00,70.95416666666667,26.072229385375977,10.844154357910156,55.46299743652344
Chronos2,2025-07-25 00:00:00+00:00,HB_HUBAVG,2025-07-25 21:00:00+00:00,42.12166666666666,25.06959342956543,8.772176742553711,56.307701110839844
Chronos2,2025-07-25 00:00:00+00:00,HB_HUBAVG,2025-07-25 22:00:00+00:00,68.9075,26.31167984008789,7.570919036865234,63.802799224853516
Chronos2,2025-07-25 00:00:00+00:00,HB_HUBAVG,2025-07-25 23:00:00+00:00,58.74166666666667,30.752906799316406,11.67475414276123,76.80998229980469
Chronos2,2025-07-25 00:00:00+00:00,HB_PAN,2025-07-25 00:00:00+00:00,41.69083333333334,38.227386474609375,30.38210678100586,47.08287048339844
Chronos2,2025-07-25 00:00:00+00:00,HB_PAN,2025-07-25 01:00:00+00:00,36.525,39.75859069824219,29.62456512451172,51.36236572265625
Chronos2,2025-07-25 00:00:00+00:00,HB_PAN,2025-07-25 02:00:00+00:00,26.53333333333333,32.685874938964844,22.320295333862305,45.62150573730469
Chronos2,2025-07-25 00:00:00+00:00,HB_PAN,2025-07-25 03:00:00+00:00,21.598333333333333,26.096914291381836,15.329610824584961,39.97063446044922
Chronos2,2025-07-25 00:00:00+00:00,HB_PAN,2025-07-25 04:00:00+00:00,15.915833333333332,23.03605842590332,11.684508323669434,37.51789093017578
Chronos2,2025-07-25 00:00:00+00:00,HB_PAN,2025-07-25 05:00:00+00:00,25.55333333333333,25.02681541442871,13.289018630981445,39.521812438964844
Chronos2,2025-07-25 00:00:00+00:00,HB_PAN,2025-07-25 06:00:00+00:00,23.661666666666665,24.53030014038086,12.601696014404297,40.82563018798828
Chronos2,2025-07-25 00:00:00+00:00,HB_PAN,2025-07-25 07:00:00+00:00,27.315,25.705339431762695,13.064388275146484,42.02143859863281
Chronos2,2025-07-25 00:00:00+00:00,HB_PAN,2025-07-25 08:00:00+00:00,34.431666666666665,24.168582916259766,11.363426208496094,40.99437713623047
Chronos2,2025-07-25 00:00:00+00:00,HB_PAN,2025-07-25 09:00:00+00:00,33.43833333333333,24.46152687072754,11.600492477416992,41.629310607910156
Chronos2,2025-07-25 00:00:00+00:00,HB_PAN,2025-07-25 10:00:00+00:00,36.87166666666667,28.706581115722656,15.552241325378418,47.947914123535156
Chronos2,2025-07-25 00:00:00+00:00,HB_PAN,2025-07-25 11:00:00+00:00,44.96,32.140377044677734,18.193830490112305,52.371421813964844
Chronos2,2025-07-25 00:00:00+00:00,HB_PAN,2025-07-25 12:00:00+00:00,29.75333333333333,28.670377731323242,14.479694366455078,50.038787841796875
Chronos2,2025-07-25 00:00:00+00:00,HB_PAN,2025-07-25 13:00:00+00:00,23.331666666666667,23.847492218017578,9.562592506408691,44.73619079589844
Chronos2,2025-07-25 00:00:00+00:00,HB_PAN,2025-07-25 14:00:00+00:00,24.31083333333333,19.382598876953125,4.055580139160156,39.40082550048828
Chronos2,2025-07-25 00:00:00+00:00,HB_PAN,2025-07-25 15:00:00+00:00,24.114166666666662,18.644216537475586,2.37009334564209,40.201255798339844
Chronos2,2025-07-25 00:00:00+00:00,HB_PAN,2025-07-25 16:00:00+00:00,26.825833333333332,22.28980827331543,2.7863807678222656,48.401283264160156
Chronos2,2025-07-25 00:00:00+00:00,HB_PAN,2025-07-25 17:00:00+00:00,37.009166666666665,24.827407836914062,5.791023254394531,51.536041259765625
Chronos2,2025-07-25 00:00:00+00:00,HB_PAN,2025-07-25 18:00:00+00:00,47.84333333333333,25.52879524230957,5.916255950927734,53.43396759033203
Chronos2,2025-07-25 00:00:00+00:00,HB_PAN,2025-07-25 19:00:00+00:00,52.4175,24.698974609375,5.283276557922363,53.868797302246094
Chronos2,2025-07-25 00:00:00+00:00,HB_PAN,2025-07-25 20:00:00+00:00,71.40333333333334,22.251346588134766,1.2727928161621094,51.28053283691406
Chronos2,2025-07-25 00:00:00+00:00,HB_PAN,2025-07-25 21:00:00+00:00,37.70916666666667,19.798124313354492,-2.1328372955322266,49.57959747314453
Chronos2,2025-07-25 00:00:00+00:00,HB_PAN,2025-07-25 22:00:00+00:00,70.38583333333334,16.240816116333008,-8.163482666015625,45.93357467651367
Chronos2,2025-07-25 00:00:00+00:00,HB_PAN,2025-07-25 23:00:00+00:00,60.42416666666667,16.041484832763672,-8.592161178588867,47.217681884765625
Chronos2,2025-07-25 00:00:00+00:00,LZ_WEST,2025-07-25 00:00:00+00:00,44.81333333333333,47.66678237915039,34.279930114746094,63.94188690185547
Chronos2,2025-07-25 00:00:00+00:00,LZ_WEST,2025-07-25 01:00:00+00:00,37.22833333333333,58.66027069091797,42.77340316772461,79.89430236816406
Chronos2,2025-07-25 00:00:00+00:00,LZ_WEST,2025-07-25 02:00:00+00:00,28.718333333333337,59.772003173828125,41.70061111450195,83.36101531982422
Chronos2,2025-07-25 00:00:00+00:00,LZ_WEST,2025-07-25 03:00:00+00:00,39.28333333333333,60.592018127441406,40.484230041503906,87.96956634521484
Chronos2,2025-07-25 00:00:00+00:00,LZ_WEST,2025-07-25 04:00:00+00:00,47.8675,55.49229431152344,34.02617645263672,84.2296142578125
Chronos2,2025-07-25 00:00:00+00:00,LZ_WEST,2025-07-25 05:00:00+00:00,52.21333333333333,52.88697814941406,32.15613555908203,81.59587860107422
Chronos2,2025-07-25 00:00:00+00:00,LZ_WEST,2025-07-25 06:00:00+00:00,69.87583333333333,50.03394317626953,28.07944107055664,81.6135482788086
Chronos2,2025-07-25 00:00:00+00:00,LZ_WEST,2025-07-25 07:00:00+00:00,70.7375,45.69406509399414,23.841432571411133,79.6040267944336
Chronos2,2025-07-25 00:00:00+00:00,LZ_WEST,2025-07-25 08:00:00+00:00,73.76583333333333,44.10557174682617,22.66427230834961,76.92549133300781
Chronos2,2025-07-25 00:00:00+00:00,LZ_WEST,2025-07-25 09:00:00+00:00,62.76,42.90273666381836,21.16535758972168,75.7731704711914
Chronos2,2025-07-25 00:00:00+00:00,LZ_WEST,2025-07-25 10:00:00+00:00,86.27749999999999,40.211116790771484,19.370960235595703,73.2439193725586
Chronos2,2025-07-25 00:00:00+00:00,LZ_WEST,2025-07-25 11:00:00+00:00,136.8925,38.548221588134766,18.396183013916016,69.66251373291016
Chronos2,2025-07-25 00:00:00+00:00,LZ_WEST,2025-07-25 12:00:00+00:00,53.84666666666666,32.469635009765625,13.661602973937988,61.145896911621094
Chronos2,2025-07-25 00:00:00+00:00,LZ_WEST,2025-07-25 13:00:00+00:00,25.1125,24.546669006347656,5.987724304199219,50.68852996826172
Chronos2,2025-07-25 00:00:00+00:00,LZ_WEST,2025-07-25 14:00:00+00:00,24.3625,18.55895233154297,0.3585338592529297,43.48263931274414
Chronos2,2025-07-25 00:00:00+00:00,LZ_WEST,2025-07-25 15:00:00+00:00,24.114166666666662,16.40536880493164,-2.788217544555664,42.2475471496582
Chronos2,2025-07-25 00:00:00+00:00,LZ_WEST,2025-07-25 16:00:00+00:00,26.71,18.4158935546875,-6.163751602172852,48.98960876464844
Chronos2,2025-07-25 00:00:00+00:00,LZ_WEST,2025-07-25 17:00:00+00:00,36.96,19.564090728759766,-3.8060569763183594,49.460506439208984
Chronos2,2025-07-25 00:00:00+00:00,LZ_WEST,2025-07-25 18:00:00+00:00,47.80833333333334,21.806440353393555,-1.2149791717529297,52.222808837890625
Chronos2,2025-07-25 00:00:00+00:00,LZ_WEST,2025-07-25 19:00:00+00:00,52.41083333333333,21.193307876586914,-2.534259796142578,51.694889068603516
Chronos2,2025-07-25 00:00:00+00:00,LZ_WEST,2025-07-25 20:00:00+00:00,78.2325,22.836057662963867,-1.7096405029296875,54.378868103027344
Chronos2,2025-07-25 00:00:00+00:00,LZ_WEST,2025-07-25 21:00:00+00:00,83.99,22.325077056884766,-2.9149036407470703,55.69443130493164
Chronos2,2025-07-25 00:00:00+00:00,LZ_WEST,2025-07-25 22:00:00+00:00,71.03083333333333,20.46418571472168,-5.010847091674805,54.51158905029297
Chronos2,2025-07-25 00:00:00+00:00,LZ_WEST,2025-07-25 23:00:00+00:00,60.9375,18.01447296142578,-8.584482192993164,53.99650573730469
Chronos2,2025-07-26 00:00:00+00:00,HB_HUBAVG,2025-07-26 00:00:00+00:00,42.4525,66.65299224853516,55.37042236328125,84.08578491210938
Chronos2,2025-07-26 00:00:00+00:00,HB_HUBAVG,2025-07-26 01:00:00+00:00,41.50666666666667,62.942474365234375,50.14598846435547,82.27781677246094
Chronos2,2025-07-26 00:00:00+00:00,HB_HUBAVG,2025-07-26 02:00:00+00:00,41.26916666666667,56.218177795410156,43.140350341796875,75.96221923828125
Chronos2,2025-07-26 00:00:00+00:00,HB_HUBAVG,2025-07-26 03:00:00+00:00,33.5,50.877525329589844,38.02268600463867,71.33857727050781
Chronos2,2025-07-26 00:00:00+00:00,HB_HUBAVG,2025-07-26 04:00:00+00:00,31.31833333333333,47.4774169921875,34.6389274597168,66.7598876953125
Chronos2,2025-07-26 00:00:00+00:00,HB_HUBAVG,2025-07-26 05:00:00+00:00,30.3025,45.89035415649414,33.64760208129883,66.25839233398438
Chronos2,2025-07-26 00:00:00+00:00,HB_HUBAVG,2025-07-26 06:00:00+00:00,26.36583333333333,44.8393440246582,32.654029846191406,66.30139923095703
Chronos2,2025-07-26 00:00:00+00:00,HB_HUBAVG,2025-07-26 07:00:00+00:00,25.22833333333333,44.15077209472656,31.740392684936523,64.922607421875
Chronos2,2025-07-26 00:00:00+00:00,HB_HUBAVG,2025-07-26 08:00:00+00:00,23.7375,43.12240982055664,30.85283660888672,63.990135192871094
Chronos2,2025-07-26 00:00:00+00:00,HB_HUBAVG,2025-07-26 09:00:00+00:00,24.719166666666663,42.117042541503906,29.914827346801758,63.012786865234375
Chronos2,2025-07-26 00:00:00+00:00,HB_HUBAVG,2025-07-26 10:00:00+00:00,27.95833333333333,42.46659851074219,30.143177032470703,64.4493637084961
Chronos2,2025-07-26 00:00:00+00:00,HB_HUBAVG,2025-07-26 11:00:00+00:00,27.209166666666665,42.06916427612305,28.91558265686035,64.64242553710938
Chronos2,2025-07-26 00:00:00+00:00,HB_HUBAVG,2025-07-26 12:00:00+00:00,23.08833333333333,37.65773010253906,24.250261306762695,62.39418029785156
Chronos2,2025-07-26 00:00:00+00:00,HB_HUBAVG,2025-07-26 13:00:00+00:00,21.933333333333337,31.03704833984375,19.058080673217773,53.053375244140625
Chronos2,2025-07-26 00:00:00+00:00,HB_HUBAVG,2025-07-26 14:00:00+00:00,18.354166666666668,26.23046112060547,13.924785614013672,48.84901428222656
Chronos2,2025-07-26 00:00:00+00:00,HB_HUBAVG,2025-07-26 15:00:00+00:00,15.765833333333331,26.066003799438477,13.233077049255371,48.81784439086914
Chronos2,2025-07-26 00:00:00+00:00,HB_HUBAVG,2025-07-26 16:00:00+00:00,22.6625,35.689056396484375,22.3773193359375,66.297607421875
Chronos2,2025-07-26 00:00:00+00:00,HB_HUBAVG,2025-07-26 17:00:00+00:00,33.97416666666667,40.499725341796875,27.258026123046875,67.1984634399414
Chronos2,2025-07-26 00:00:00+00:00,HB_HUBAVG,2025-07-26 18:00:00+00:00,47.04833333333334,44.20893859863281,29.545654296875,71.40911865234375
Chronos2,2025-07-26 00:00:00+00:00,HB_HUBAVG,2025-07-26 19:00:00+00:00,47.68833333333333,45.43950653076172,30.06553840637207,75.46102905273438
Chronos2,2025-07-26 00:00:00+00:00,HB_HUBAVG,2025-07-26 20:00:00+00:00,45.575,46.25575256347656,30.168140411376953,77.99192810058594
Chronos2,2025-07-26 00:00:00+00:00,HB_HUBAVG,2025-07-26 21:00:00+00:00,39.39,45.83415985107422,29.423564910888672,78.60630798339844
Chronos2,2025-07-26 00:00:00+00:00,HB_HUBAVG,2025-07-26 22:00:00+00:00,31.041666666666668,47.026275634765625,29.80352210998535,81.55426788330078
Chronos2,2025-07-26 00:00:00+00:00,HB_HUBAVG,2025-07-26 23:00:00+00:00,22.14,50.394325256347656,31.940780639648438,86.72994995117188
Chronos2,2025-07-26 00:00:00+00:00,HB_PAN,2025-07-26 00:00:00+00:00,43.10833333333333,76.84085083007812,59.91079330444336,95.71900939941406
Chronos2,2025-07-26 00:00:00+00:00,HB_PAN,2025-07-26 01:00:00+00:00,43.10916666666666,74.76573181152344,55.60652542114258,96.61138916015625
Chronos2,2025-07-26 00:00:00+00:00,HB_PAN,2025-07-26 02:00:00+00:00,43.93833333333333,69.26486206054688,49.61859893798828,90.95274353027344
Chronos2,2025-07-26 00:00:00+00:00,HB_PAN,2025-07-26 03:00:00+00:00,35.78666666666667,61.15834426879883,40.49871826171875,84.20782470703125
Chronos2,2025-07-26 00:00:00+00:00,HB_PAN,2025-07-26 04:00:00+00:00,34.01166666666666,58.86271667480469,37.81267547607422,81.117431640625
Chronos2,2025-07-26 00:00:00+00:00,HB_PAN,2025-07-26 05:00:00+00:00,32.865833333333335,58.99482727050781,37.59483337402344,81.81634521484375
Chronos2,2025-07-26 00:00:00+00:00,HB_PAN,2025-07-26 06:00:00+00:00,27.555833333333336,59.684940338134766,36.9687614440918,83.86346435546875
Chronos2,2025-07-26 00:00:00+00:00,HB_PAN,2025-07-26 07:00:00+00:00,26.57333333333333,59.282386779785156,35.9664306640625,84.42831420898438
Chronos2,2025-07-26 00:00:00+00:00,HB_PAN,2025-07-26 08:00:00+00:00,24.1975,60.58869552612305,37.12556457519531,85.46844482421875
Chronos2,2025-07-26 00:00:00+00:00,HB_PAN,2025-07-26 09:00:00+00:00,25.0275,60.95928192138672,36.63190841674805,86.70826721191406
Chronos2,2025-07-26 00:00:00+00:00,HB_PAN,2025-07-26 10:00:00+00:00,28.6725,64.17808532714844,39.19390106201172,92.03237915039062
Chronos2,2025-07-26 00:00:00+00:00,HB_PAN,2025-07-26 11:00:00+00:00,27.9175,66.15105438232422,40.020355224609375,94.86225891113281
Chronos2,2025-07-26 00:00:00+00:00,HB_PAN,2025-07-26 12:00:00+00:00,23.44083333333333,64.25997161865234,36.676185607910156,93.9844970703125
Chronos2,2025-07-26 00:00:00+00:00,HB_PAN,2025-07-26 13:00:00+00:00,22.39333333333333,57.25566482543945,30.298095703125,87.01606750488281
Chronos2,2025-07-26 00:00:00+00:00,HB_PAN,2025-07-26 14:00:00+00:00,19.098333333333333,49.17560958862305,23.105607986450195,81.18143463134766
Chronos2,2025-07-26 00:00:00+00:00,HB_PAN,2025-07-26 15:00:00+00:00,16.583333333333332,47.08424377441406,22.789304733276367,82.43955993652344
Chronos2,2025-07-26 00:00:00+00:00,HB_PAN,2025-07-26 16:00:00+00:00,24.471666666666668,55.1303596496582,27.50787353515625,90.07131958007812
Chronos2,2025-07-26 00:00:00+00:00,HB_PAN,2025-07-26 17:00:00+00:00,36.435833333333335,59.58774185180664,30.140094757080078,91.60606384277344
Chronos2,2025-07-26 00:00:00+00:00,HB_PAN,2025-07-26 18:00:00+00:00,51.13583333333333,63.10927200317383,32.744266510009766,95.80177307128906
Chronos2,2025-07-26 00:00:00+00:00,HB_PAN,2025-07-26 19:00:00+00:00,51.84833333333333,63.833194732666016,32.69550704956055,96.90565490722656
Chronos2,2025-07-26 00:00:00+00:00,HB_PAN,2025-07-26 20:00:00+00:00,49.145833333333336,64.36225128173828,31.542598724365234,96.11453247070312
Chronos2,2025-07-26 00:00:00+00:00,HB_PAN,2025-07-26 21:00:00+00:00,40.74666666666666,59.752288818359375,27.244813919067383,95.61129760742188
Chronos2,2025-07-26 00:00:00+00:00,HB_PAN,2025-07-26 22:00:00+00:00,27.545,59.22063446044922,26.394420623779297,95.29734802246094
Chronos2,2025-07-26 00:00:00+00:00,HB_PAN,2025-07-26 23:00:00+00:00,18.31083333333333,59.71794128417969,26.08127212524414,97.4212646484375
Chronos2,2025-07-26 00:00:00+00:00,LZ_WEST,2025-07-26 00:00:00+00:00,43.34583333333333,72.48883056640625,53.02190399169922,91.37538146972656
Chronos2,2025-07-26 00:00:00+00:00,LZ_WEST,2025-07-26 01:00:00+00:00,54.17666666666667,83.39266967773438,60.500877380371094,109.04412078857422
Chronos2,2025-07-26 00:00:00+00:00,LZ_WEST,2025-07-26 02:00:00+00:00,53.38583333333333,87.24549865722656,62.583251953125,116.4491195678711
Chronos2,2025-07-26 00:00:00+00:00,LZ_WEST,2025-07-26 03:00:00+00:00,57.009166666666665,88.84302520751953,60.6365852355957,120.56939697265625
Chronos2,2025-07-26 00:00:00+00:00,LZ_WEST,2025-07-26 04:00:00+00:00,60.6375,88.5938720703125,57.83589553833008,120.75939178466797
Chronos2,2025-07-26 00:00:00+00:00,LZ_WEST,2025-07-26 05:00:00+00:00,59.91833333333333,85.70333862304688,56.32561492919922,121.4819107055664
Chronos2,2025-07-26 00:00:00+00:00,LZ_WEST,2025-07-26 06:00:00+00:00,39.767500000000005,85.64059448242188,55.20185852050781,120.2499008178711
Chronos2,2025-07-26 00:00:00+00:00,LZ_WEST,2025-07-26 07:00:00+00:00,39.29333333333333,81.62832641601562,50.662620544433594,117.55147552490234
Chronos2,2025-07-26 00:00:00+00:00,LZ_WEST,2025-07-26 08:00:00+00:00,26.2175,80.38458251953125,49.622406005859375,115.07963562011719
Chronos2,2025-07-26 00:00:00+00:00,LZ_WEST,2025-07-26 09:00:00+00:00,30.194166666666664,77.48246002197266,46.681705474853516,113.09728240966797
Chronos2,2025-07-26 00:00:00+00:00,LZ_WEST,2025-07-26 10:00:00+00:00,30.27833333333333,74.56598663330078,45.00123596191406,112.15390014648438
Chronos2,2025-07-26 00:00:00+00:00,LZ_WEST,2025-07-26 11:00:00+00:00,29.346666666666664,72.85501098632812,42.83063888549805,109.63390350341797
Chronos2,2025-07-26 00:00:00+00:00,LZ_WEST,2025-07-26 12:00:00+00:00,24.390833333333333,62.78279113769531,35.68699264526367,97.82792663574219
Chronos2,2025-07-26 00:00:00+00:00,LZ_WEST,2025-07-26 13:00:00+00:00,22.7675,51.19789123535156,27.019248962402344,83.5584716796875
Chronos2,2025-07-26 00:00:00+00:00,LZ_WEST,2025-07-26 14:00:00+00:00,19.758333333333333,43.54981994628906,21.214561462402344,74.64962768554688
Chronos2,2025-07-26 00:00:00+00:00,LZ_WEST,2025-07-26 15:00:00+00:00,17.06416666666667,40.0119514465332,17.741901397705078,70.47750854492188
Chronos2,2025-07-26 00:00:00+00:00,LZ_WEST,2025-07-26 16:00:00+00:00,25.356666666666666,48.342613220214844,24.791236877441406,82.45558166503906
Chronos2,2025-07-26 00:00:00+00:00,LZ_WEST,2025-07-26 17:00:00+00:00,37.4475,52.11768341064453,28.14701271057129,86.79953002929688
Chronos2,2025-07-26 00:00:00+00:00,LZ_WEST,2025-07-26 18:00:00+00:00,52.56333333333333,58.53236389160156,33.44209671020508,94.72103881835938
Chronos2,2025-07-26 00:00:00+00:00,LZ_WEST,2025-07-26 19:00:00+00:00,51.906666666666666,60.189109802246094,33.32337951660156,98.34124755859375
Chronos2,2025-07-26 00:00:00+00:00,LZ_WEST,2025-07-26 20:00:00+00:00,48.2,65.23554992675781,36.64525604248047,103.3984146118164
Chronos2,2025-07-26 00:00:00+00:00,LZ_WEST,2025-07-26 21:00:00+00:00,38.83,65.32087707519531,36.12605667114258,105.1479721069336
Chronos2,2025-07-26 00:00:00+00:00,LZ_WEST,2025-07-26 22:00:00+00:00,25.975,64.27432250976562,34.225826263427734,106.88345336914062
Chronos2,2025-07-26 00:00:00+00:00,LZ_WEST,2025-07-26 23:00:00+00:00,17.824166666666667,59.65082550048828,27.70322036743164,104.96800231933594
Chronos2,2025-07-27 00:00:00+00:00,HB_HUBAVG,2025-07-27 00:00:00+00:00,25.2175,30.136882781982422,22.059349060058594,44.11363983154297
Chronos2,2025-07-27 00:00:00+00:00,HB_HUBAVG,2025-07-27 01:00:00+00:00,30.58833333333333,34.26512908935547,25.021968841552734,49.149070739746094
Chronos2,2025-07-27 00:00:00+00:00,HB_HUBAVG,2025-07-27 02:00:00+00:00,35.23666666666667,33.224212646484375,23.96476936340332,47.18531799316406
Chronos2,2025-07-27 00:00:00+00:00,HB_HUBAVG,2025-07-27 03:00:00+00:00,33.775,31.148380279541016,22.38587760925293,43.85697555541992
Chronos2,2025-07-27 00:00:00+00:00,HB_HUBAVG,2025-07-27 04:00:00+00:00,24.867500000000003,28.161212921142578,20.505168914794922,38.00996780395508
Chronos2,2025-07-27 00:00:00+00:00,HB_HUBAVG,2025-07-27 05:00:00+00:00,23.9425,27.267980575561523,20.66793441772461,35.61838912963867
Chronos2,2025-07-27 00:00:00+00:00,HB_HUBAVG,2025-07-27 06:00:00+00:00,22.235,26.27968406677246,19.930448532104492,33.817134857177734
Chronos2,2025-07-27 00:00:00+00:00,HB_HUBAVG,2025-07-27 07:00:00+00:00,18.65333333333333,25.881916046142578,19.841014862060547,33.164710998535156
Chronos2,2025-07-27 00:00:00+00:00,HB_HUBAVG,2025-07-27 08:00:00+00:00,18.319166666666668,26.04291343688965,19.916053771972656,33.18769454956055
Chronos2,2025-07-27 00:00:00+00:00,HB_HUBAVG,2025-07-27 09:00:00+00:00,19.304166666666667,26.475080490112305,20.34250259399414,33.938636779785156
Chronos2,2025-07-27 00:00:00+00:00,HB_HUBAVG,2025-07-27 10:00:00+00:00,23.22583333333333,27.359521865844727,20.51927947998047,35.67781066894531
Chronos2,2025-07-27 00:00:00+00:00,HB_HUBAVG,2025-07-27 11:00:00+00:00,24.52916666666667,28.114521026611328,20.15753173828125,37.94757843017578
Chronos2,2025-07-27 00:00:00+00:00,HB_HUBAVG,2025-07-27 12:00:00+00:00,19.8975,24.63046646118164,17.397968292236328,33.43691635131836
Chronos2,2025-07-27 00:00:00+00:00,HB_HUBAVG,2025-07-27 13:00:00+00:00,14.753333333333332,20.649499893188477,13.436837196350098,28.172489166259766
Chronos2,2025-07-27 00:00:00+00:00,HB_HUBAVG,2025-07-27 14:00:00+00:00,4.116666666666666,17.01835823059082,9.589292526245117,25.041872024536133
Chronos2,2025-07-27 00:00:00+00:00,HB_HUBAVG,2025-07-27 15:00:00+00:00,2.045,17.56444549560547,9.342279434204102,26.816967010498047
Chronos2,2025-07-27 00:00:00+00:00,HB_HUBAVG,2025-07-27 16:00:00+00:00,12.484166666666669,22.039527893066406,14.28570556640625,31.5267333984375
Chronos2,2025-07-27 00:00:00+00:00,HB_HUBAVG,2025-07-27 17:00:00+00:00,14.0925,25.999080657958984,18.341644287109375,36.393898010253906
Chronos2,2025-07-27 00:00:00+00:00,HB_HUBAVG,2025-07-27 18:00:00+00:00,15.98,29.541584014892578,20.6444091796875,42.34783935546875
Chronos2,2025-07-27 00:00:00+00:00,HB_HUBAVG,2025-07-27 19:00:00+00:00,16.724999999999998,29.415254592895508,19.735729217529297,44.16044998168945
Chronos2,2025-07-27 00:00:00+00:00,HB_HUBAVG,2025-07-27 20:00:00+00:00,18.706666666666667,30.59725570678711,20.740020751953125,45.69757843017578
Chronos2,2025-07-27 00:00:00+00:00,HB_HUBAVG,2025-07-27 21:00:00+00:00,20.715,29.460342407226562,19.431110382080078,44.75883483886719
Chronos2,2025-07-27 00:00:00+00:00,HB_HUBAVG,2025-07-27 22:00:00+00:00,22.756666666666664,29.725210189819336,18.009117126464844,49.45930480957031
Chronos2,2025-07-27 00:00:00+00:00,HB_HUBAVG,2025-07-27 23:00:00+00:00,21.77916666666667,32.112300872802734,18.660476684570312,53.14923095703125
Chronos2,2025-07-27 00:00:00+00:00,HB_PAN,2025-07-27 00:00:00+00:00,22.749166666666667,23.35837173461914,15.125677108764648,33.4024772644043
Chronos2,2025-07-27 00:00:00+00:00,HB_PAN,2025-07-27 01:00:00+00:00,30.4075,32.839054107666016,22.74868392944336,44.99383544921875
Chronos2,2025-07-27 00:00:00+00:00,HB_PAN,2025-07-27 02:00:00+00:00,31.016666666666666,28.391887664794922,18.50360679626465,40.113006591796875
Chronos2,2025-07-27 00:00:00+00:00,HB_PAN,2025-07-27 03:00:00+00:00,23.938333333333333,24.39740753173828,14.186473846435547,35.774986267089844
Chronos2,2025-07-27 00:00:00+00:00,HB_PAN,2025-07-27 04:00:00+00:00,18.1975,23.915924072265625,13.665445327758789,35.44502258300781
Chronos2,2025-07-27 00:00:00+00:00,HB_PAN,2025-07-27 05:00:00+00:00,22.5875,26.972421646118164,16.47123146057129,38.21232604980469
Chronos2,2025-07-27 00:00:00+00:00,HB_PAN,2025-07-27 06:00:00+00:00,21.13833333333333,26.413867950439453,15.816949844360352,37.811767578125
Chronos2,2025-07-27 00:00:00+00:00,HB_PAN,2025-07-27 07:00:00+00:00,15.565833333333332,26.851491928100586,16.377775192260742,38.23680877685547
Chronos2,2025-07-27 00:00:00+00:00,HB_PAN,2025-07-27 08:00:00+00:00,14.358333333333334,27.947357177734375,17.121902465820312,39.493133544921875
Chronos2,2025-07-27 00:00:00+00:00,HB_PAN,2025-07-27 09:00:00+00:00,11.806666666666668,29.565021514892578,19.268516540527344,41.11516571044922
Chronos2,2025-07-27 00:00:00+00:00,HB_PAN,2025-07-27 10:00:00+00:00,20.354166666666668,31.193727493286133,20.73426628112793,43.04312515258789
Chronos2,2025-07-27 00:00:00+00:00,HB_PAN,2025-07-27 11:00:00+00:00,17.7375,33.14018249511719,21.990772247314453,45.58199691772461
Chronos2,2025-07-27 00:00:00+00:00,HB_PAN,2025-07-27 12:00:00+00:00,19.30583333333333,29.98930549621582,18.565351486206055,43.20570373535156
Chronos2,2025-07-27 00:00:00+00:00,HB_PAN,2025-07-27 13:00:00+00:00,14.753333333333332,25.693157196044922,13.809243202209473,38.64365768432617
Chronos2,2025-07-27 00:00:00+00:00,HB_PAN,2025-07-27 14:00:00+00:00,3.8441666666666663,19.220836639404297,7.13094425201416,32.49466323852539
Chronos2,2025-07-27 00:00:00+00:00,HB_PAN,2025-07-27 15:00:00+00:00,1.0633333333333332,18.83639144897461,5.643718719482422,33.301448822021484
Chronos2,2025-07-27 00:00:00+00:00,HB_PAN,2025-07-27 16:00:00+00:00,8.990833333333333,23.905120849609375,10.310307502746582,39.2205810546875
Chronos2,2025-07-27 00:00:00+00:00,HB_PAN,2025-07-27 17:00:00+00:00,9.606666666666667,28.653682708740234,14.60361099243164,44.33148193359375
Chronos2,2025-07-27 00:00:00+00:00,HB_PAN,2025-07-27 18:00:00+00:00,9.784166666666666,30.78438377380371,15.853784561157227,47.43363952636719
Chronos2,2025-07-27 00:00:00+00:00,HB_PAN,2025-07-27 19:00:00+00:00,9.4425,31.562822341918945,15.800868034362793,49.991031646728516
Chronos2,2025-07-27 00:00:00+00:00,HB_PAN,2025-07-27 20:00:00+00:00,9.496666666666666,29.750564575195312,13.622883796691895,49.410682678222656
Chronos2,2025-07-27 00:00:00+00:00,HB_PAN,2025-07-27 21:00:00+00:00,11.523333333333332,27.039531707763672,10.380974769592285,47.867523193359375
Chronos2,2025-07-27 00:00:00+00:00,HB_PAN,2025-07-27 22:00:00+00:00,11.981666666666667,24.816129684448242,7.1658830642700195,46.17240524291992
Chronos2,2025-07-27 00:00:00+00:00,HB_PAN,2025-07-27 23:00:00+00:00,10.65,25.116565704345703,7.001278877258301,46.77947235107422
Chronos2,2025-07-27 00:00:00+00:00,LZ_WEST,2025-07-27 00:00:00+00:00,22.75,23.052547454833984,12.360380172729492,36.84604263305664
Chronos2,2025-07-27 00:00:00+00:00,LZ_WEST,2025-07-27 01:00:00+00:00,33.30833333333333,36.915714263916016,22.25576400756836,56.58354949951172
Chronos2,2025-07-27 00:00:00+00:00,LZ_WEST,2025-07-27 02:00:00+00:00,42.21083333333333,40.938175201416016,24.256927490234375,63.077449798583984
Chronos2,2025-07-27 00:00:00+00:00,LZ_WEST,2025-07-27 03:00:00+00:00,52.2475,44.363548278808594,26.058467864990234,68.3089599609375
Chronos2,2025-07-27 00:00:00+00:00,LZ_WEST,2025-07-27 04:00:00+00:00,40.7875,43.99251937866211,25.33334732055664,67.50997924804688
Chronos2,2025-07-27 00:00:00+00:00,LZ_WEST,2025-07-27 05:00:00+00:00,38.69583333333333,45.21696472167969,26.485454559326172,69.53924560546875
Chronos2,2025-07-27 00:00:00+00:00,LZ_WEST,2025-07-27 06:00:00+00:00,41.946666666666665,43.71625518798828,25.06421661376953,68.7029800415039
Chronos2,2025-07-27 00:00:00+00:00,LZ_WEST,2025-07-27 07:00:00+00:00,52.01499999999999,43.145111083984375,24.07917022705078,68.06103515625
Chronos2,2025-07-27 00:00:00+00:00,LZ_WEST,2025-07-27 08:00:00+00:00,57.90833333333333,41.720848083496094,23.254535675048828,66.2561264038086
Chronos2,2025-07-27 00:00:00+00:00,LZ_WEST,2025-07-27 09:00:00+00:00,67.645,40.409568786621094,22.468982696533203,64.43229675292969
Chronos2,2025-07-27 00:00:00+00:00,LZ_WEST,2025-07-27 10:00:00+00:00,41.165,39.155517578125,21.24749183654785,63.41407775878906
Chronos2,2025-07-27 00:00:00+00:00,LZ_WEST,2025-07-27 11:00:00+00:00,50.55833333333334,38.732330322265625,20.329607009887695,62.84577941894531
Chronos2,2025-07-27 00:00:00+00:00,LZ_WEST,2025-07-27 12:00:00+00:00,26.2725,33.23390579223633,16.308002471923828,55.831565856933594
Chronos2,2025-07-27 00:00:00+00:00,LZ_WEST,2025-07-27 13:00:00+00:00,14.7675,26.855005264282227,10.84268569946289,48.51933288574219
Chronos2,2025-07-27 00:00:00+00:00,LZ_WEST,2025-07-27 14:00:00+00:00,3.7725,22.109813690185547,6.656339645385742,42.64276123046875
Chronos2,2025-07-27 00:00:00+00:00,LZ_WEST,2025-07-27 15:00:00+00:00,0.3658333333333334,22.000442504882812,6.211393356323242,43.95064926147461
Chronos2,2025-07-27 00:00:00+00:00,LZ_WEST,2025-07-27 16:00:00+00:00,5.818333333333334,26.574548721313477,10.548246383666992,47.447021484375
Chronos2,2025-07-27 00:00:00+00:00,LZ_WEST,2025-07-27 17:00:00+00:00,5.3425,30.060901641845703,13.90768814086914,51.51814270019531
Chronos2,2025-07-27 00:00:00+00:00,LZ_WEST,2025-07-27 18:00:00+00:00,4.424166666666667,35.251007080078125,17.562381744384766,58.54873275756836
Chronos2,2025-07-27 00:00:00+00:00,LZ_WEST,2025-07-27 19:00:00+00:00,3.4125,36.241050720214844,17.48639678955078,61.73716735839844
Chronos2,2025-07-27 00:00:00+00:00,LZ_WEST,2025-07-27 20:00:00+00:00,3.3791666666666664,38.98783874511719,19.716629028320312,65.59725952148438
Chronos2,2025-07-27 00:00:00+00:00,LZ_WEST,2025-07-27 21:00:00+00:00,4.241666666666666,38.49275588989258,19.112703323364258,65.9488525390625
Chronos2,2025-07-27 00:00:00+00:00,LZ_WEST,2025-07-27 22:00:00+00:00,6.916666666666667,36.11802673339844,16.26394271850586,64.06362915039062
Chronos2,2025-07-27 00:00:00+00:00,LZ_WEST,2025-07-27 23:00:00+00:00,3.7625,34.99475860595703,15.322996139526367,64.08641815185547
Chronos2,2025-07-28 00:00:00+00:00,HB_HUBAVG,2025-07-28 00:00:00+00:00,24.83583333333333,31.713855743408203,21.49476432800293,47.81431579589844
Chronos2,2025-07-28 00:00:00+00:00,HB_HUBAVG,2025-07-28 01:00:00+00:00,38.95916666666667,31.34734344482422,22.68232536315918,46.293495178222656
Chronos2,2025-07-28 00:00:00+00:00,HB_HUBAVG,2025-07-28 02:00:00+00:00,41.69583333333333,30.163644790649414,22.50946044921875,42.11480712890625
Chronos2,2025-07-28 00:00:00+00:00,HB_HUBAVG,2025-07-28 03:00:00+00:00,34.64,27.29878807067871,20.93630599975586,36.43012237548828
Chronos2,2025-07-28 00:00:00+00:00,HB_HUBAVG,2025-07-28 04:00:00+00:00,28.030833333333337,23.87935447692871,18.66793441772461,30.08987808227539
Chronos2,2025-07-28 00:00:00+00:00,HB_HUBAVG,2025-07-28 05:00:00+00:00,23.86083333333333,22.581823348999023,18.617115020751953,27.17230796813965
Chronos2,2025-07-28 00:00:00+00:00,HB_HUBAVG,2025-07-28 06:00:00+00:00,22.1675,21.68369483947754,17.879087448120117,25.934146881103516
Chronos2,2025-07-28 00:00:00+00:00,HB_HUBAVG,2025-07-28 07:00:00+00:00,21.34166666666667,21.370216369628906,17.387386322021484,25.52426528930664
Chronos2,2025-07-28 00:00:00+00:00,HB_HUBAVG,2025-07-28 08:00:00+00:00,20.88416666666667,21.325010299682617,17.581661224365234,25.197608947753906
Chronos2,2025-07-28 00:00:00+00:00,HB_HUBAVG,2025-07-28 09:00:00+00:00,20.21,21.868133544921875,18.019790649414062,26.071395874023438
Chronos2,2025-07-28 00:00:00+00:00,HB_HUBAVG,2025-07-28 10:00:00+00:00,22.156666666666663,23.392194747924805,18.879261016845703,28.52193832397461
Chronos2,2025-07-28 00:00:00+00:00,HB_HUBAVG,2025-07-28 11:00:00+00:00,25.77583333333333,24.38945198059082,18.475988388061523,31.6044979095459
Chronos2,2025-07-28 00:00:00+00:00,HB_HUBAVG,2025-07-28 12:00:00+00:00,21.1,20.361434936523438,14.461705207824707,26.530195236206055
Chronos2,2025-07-28 00:00:00+00:00,HB_HUBAVG,2025-07-28 13:00:00+00:00,15.32,16.006933212280273,9.13663101196289,22.274925231933594
Chronos2,2025-07-28 00:00:00+00:00,HB_HUBAVG,2025-07-28 14:00:00+00:00,13.049166666666666,11.870903968811035,4.222789764404297,19.072980880737305
Chronos2,2025-07-28 00:00:00+00:00,HB_HUBAVG,2025-07-28 15:00:00+00:00,13.281666666666666,11.443365097045898,3.4201622009277344,19.081867218017578
Chronos2,2025-07-28 00:00:00+00:00,HB_HUBAVG,2025-07-28 16:00:00+00:00,16.791666666666668,17.08572006225586,11.046920776367188,24.22187042236328
Chronos2,2025-07-28 00:00:00+00:00,HB_HUBAVG,2025-07-28 17:00:00+00:00,22.614166666666662,20.82442855834961,14.710479736328125,28.32562828063965
Chronos2,2025-07-28 00:00:00+00:00,HB_HUBAVG,2025-07-28 18:00:00+00:00,21.7875,23.625751495361328,16.310001373291016,33.18599319458008
Chronos2,2025-07-28 00:00:00+00:00,HB_HUBAVG,2025-07-28 19:00:00+00:00,20.848333333333333,23.671161651611328,15.649785041809082,34.90195846557617
Chronos2,2025-07-28 00:00:00+00:00,HB_HUBAVG,2025-07-28 20:00:00+00:00,27.870833333333337,24.088457107543945,15.336316108703613,36.90981674194336
Chronos2,2025-07-28 00:00:00+00:00,HB_HUBAVG,2025-07-28 21:00:00+00:00,24.968333333333337,23.303773880004883,14.79383659362793,35.863765716552734
Chronos2,2025-07-28 00:00:00+00:00,HB_HUBAVG,2025-07-28 22:00:00+00:00,20.38833333333333,23.92343521118164,14.50510025024414,38.66563415527344
Chronos2,2025-07-28 00:00:00+00:00,HB_HUBAVG,2025-07-28 23:00:00+00:00,23.64583333333333,26.154237747192383,15.498772621154785,42.371299743652344
Chronos2,2025-07-28 00:00:00+00:00,HB_PAN,2025-07-28 00:00:00+00:00,18.36916666666667,20.297496795654297,11.316574096679688,29.772340774536133
Chronos2,2025-07-28 00:00:00+00:00,HB_PAN,2025-07-28 01:00:00+00:00,36.51416666666667,24.946142196655273,15.657387733459473,35.05150604248047
Chronos2,2025-07-28 00:00:00+00:00,HB_PAN,2025-07-28 02:00:00+00:00,35.95666666666667,22.11446189880371,12.746431350708008,31.90716552734375
Chronos2,2025-07-28 00:00:00+00:00,HB_PAN,2025-07-28 03:00:00+00:00,23.72,17.311359405517578,8.329400062561035,27.05858039855957
Chronos2,2025-07-28 00:00:00+00:00,HB_PAN,2025-07-28 04:00:00+00:00,15.055,17.167253494262695,8.19661808013916,26.573760986328125
Chronos2,2025-07-28 00:00:00+00:00,HB_PAN,2025-07-28 05:00:00+00:00,20.9075,19.440704345703125,10.1701078414917,29.23601722717285
Chronos2,2025-07-28 00:00:00+00:00,HB_PAN,2025-07-28 06:00:00+00:00,21.715,19.059856414794922,9.747632026672363,29.34428596496582
Chronos2,2025-07-28 00:00:00+00:00,HB_PAN,2025-07-28 07:00:00+00:00,20.69083333333333,19.05375862121582,9.716166496276855,29.44459342956543
Chronos2,2025-07-28 00:00:00+00:00,HB_PAN,2025-07-28 08:00:00+00:00,17.185,19.452922821044922,9.770553588867188,29.751937866210938
Chronos2,2025-07-28 00:00:00+00:00,HB_PAN,2025-07-28 09:00:00+00:00,17.201666666666664,20.185260772705078,10.39992618560791,30.901071548461914
Chronos2,2025-07-28 00:00:00+00:00,HB_PAN,2025-07-28 10:00:00+00:00,21.5825,22.942426681518555,12.33105182647705,34.14582061767578
Chronos2,2025-07-28 00:00:00+00:00,HB_PAN,2025-07-28 11:00:00+00:00,25.725,24.580411911010742,13.362192153930664,36.58642578125
Chronos2,2025-07-28 00:00:00+00:00,HB_PAN,2025-07-28 12:00:00+00:00,21.098333333333333,21.92717742919922,10.663167953491211,33.423187255859375
Chronos2,2025-07-28 00:00:00+00:00,HB_PAN,2025-07-28 13:00:00+00:00,15.32,16.435556411743164,5.615259170532227,28.292205810546875
Chronos2,2025-07-28 00:00:00+00:00,HB_PAN,2025-07-28 14:00:00+00:00,12.973333333333334,11.028956413269043,-0.1839599609375,22.870805740356445
Chronos2,2025-07-28 00:00:00+00:00,HB_PAN,2025-07-28 15:00:00+00:00,11.199166666666663,9.409152030944824,-1.9289665222167969,22.10561180114746
Chronos2,2025-07-28 00:00:00+00:00,HB_PAN,2025-07-28 16:00:00+00:00,13.731666666666667,14.045147895812988,2.2587032318115234,26.90542221069336
Chronos2,2025-07-28 00:00:00+00:00,HB_PAN,2025-07-28 17:00:00+00:00,17.845,16.81907844543457,4.20207405090332,30.13412857055664
Chronos2,2025-07-28 00:00:00+00:00,HB_PAN,2025-07-28 18:00:00+00:00,17.345833333333335,18.262836456298828,5.001056671142578,32.07816696166992
Chronos2,2025-07-28 00:00:00+00:00,HB_PAN,2025-07-28 19:00:00+00:00,1.5558333333333334,18.25839614868164,4.938426971435547,32.556190490722656
Chronos2,2025-07-28 00:00:00+00:00,HB_PAN,2025-07-28 20:00:00+00:00,4.070833333333334,16.119205474853516,2.869138717651367,31.12049674987793
Chronos2,2025-07-28 00:00:00+00:00,HB_PAN,2025-07-28 21:00:00+00:00,1.0925,14.003273010253906,0.6447601318359375,29.396265029907227
Chronos2,2025-07-28 00:00:00+00:00,HB_PAN,2025-07-28 22:00:00+00:00,2.41,12.096433639526367,-1.333169937133789,27.231657028198242
Chronos2,2025-07-28 00:00:00+00:00,HB_PAN,2025-07-28 23:00:00+00:00,9.863333333333332,13.884614944458008,0.4995288848876953,29.052255630493164
Chronos2,2025-07-28 00:00:00+00:00,LZ_WEST,2025-07-28 00:00:00+00:00,15.269166666666669,19.350873947143555,6.452564239501953,35.45996856689453
Chronos2,2025-07-28 00:00:00+00:00,LZ_WEST,2025-07-28 01:00:00+00:00,43.11833333333333,32.61971664428711,15.525671005249023,54.464298248291016
Chronos2,2025-07-28 00:00:00+00:00,LZ_WEST,2025-07-28 02:00:00+00:00,49.11000000000001,37.08705520629883,17.73672103881836,61.43846893310547
Chronos2,2025-07-28 00:00:00+00:00,LZ_WEST,2025-07-28 03:00:00+00:00,50.57083333333333,39.16417694091797,18.621124267578125,65.72480773925781
Chronos2,2025-07-28 00:00:00+00:00,LZ_WEST,2025-07-28 04:00:00+00:00,49.45166666666666,38.77611541748047,18.260515213012695,65.27130889892578
Chronos2,2025-07-28 00:00:00+00:00,LZ_WEST,2025-07-28 05:00:00+00:00,30.60083333333333,39.12545394897461,18.281749725341797,66.10335540771484
Chronos2,2025-07-28 00:00:00+00:00,LZ_WEST,2025-07-28 06:00:00+00:00,26.97583333333333,37.9339714050293,16.767053604125977,65.0557861328125
Chronos2,2025-07-28 00:00:00+00:00,LZ_WEST,2025-07-28 07:00:00+00:00,28.346666666666668,38.4538688659668,16.874095916748047,66.00871276855469
Chronos2,2025-07-28 00:00:00+00:00,LZ_WEST,2025-07-28 08:00:00+00:00,31.1375,38.27802658081055,17.030183792114258,64.63689422607422
Chronos2,2025-07-28 00:00:00+00:00,LZ_WEST,2025-07-28 09:00:00+00:00,30.180000000000003,37.60710144042969,16.42643165588379,64.22281646728516
Chronos2,2025-07-28 00:00:00+00:00,LZ_WEST,2025-07-28 10:00:00+00:00,27.61916666666667,34.89448165893555,14.367725372314453,60.753326416015625
Chronos2,2025-07-28 00:00:00+00:00,LZ_WEST,2025-07-28 11:00:00+00:00,26.31833333333333,32.558685302734375,12.343019485473633,56.49637985229492
Chronos2,2025-07-28 00:00:00+00:00,LZ_WEST,2025-07-28 12:00:00+00:00,21.1075,24.42303466796875,7.000238418579102,46.24922180175781
Chronos2,2025-07-28 00:00:00+00:00,LZ_WEST,2025-07-28 13:00:00+00:00,15.32,17.33075714111328,1.855417251586914,37.92042541503906
Chronos2,2025-07-28 00:00:00+00:00,LZ_WEST,2025-07-28 14:00:00+00:00,12.956666666666663,11.926549911499023,-1.6324996948242188,31.74433708190918
Chronos2,2025-07-28 00:00:00+00:00,LZ_WEST,2025-07-28 15:00:00+00:00,9.328333333333331,10.173608779907227,-3.247589111328125,30.217187881469727
Chronos2,2025-07-28 00:00:00+00:00,LZ_WEST,2025-07-28 16:00:00+00:00,10.213333333333331,14.258480072021484,-0.6527938842773438,34.622528076171875
Chronos2,2025-07-28 00:00:00+00:00,LZ_WEST,2025-07-28 17:00:00+00:00,14.6225,15.732921600341797,-0.21207046508789062,37.76763153076172
Chronos2,2025-07-28 00:00:00+00:00,LZ_WEST,2025-07-28 18:00:00+00:00,18.779166666666665,16.690391540527344,-0.5600433349609375,41.48137664794922
Chronos2,2025-07-28 00:00:00+00:00,LZ_WEST,2025-07-28 19:00:00+00:00,40.7575,16.363277435302734,-1.5695762634277344,42.15342712402344
Chronos2,2025-07-28 00:00:00+00:00,LZ_WEST,2025-07-28 20:00:00+00:00,58.36333333333334,17.7421875,-0.7547721862792969,46.33749008178711
Chronos2,2025-07-28 00:00:00+00:00,LZ_WEST,2025-07-28 21:00:00+00:00,62.08916666666667,18.299304962158203,-1.2560844421386719,46.51506423950195
Chronos2,2025-07-28 00:00:00+00:00,LZ_WEST,2025-07-28 22:00:00+00:00,47.605,17.203529357910156,-1.9580116271972656,44.890594482421875
Chronos2,2025-07-28 00:00:00+00:00,LZ_WEST,2025-07-28 23:00:00+00:00,35.135,17.482358932495117,-1.3046989440917969,44.375038146972656
Chronos2,2025-07-29 00:00:00+00:00,HB_HUBAVG,2025-07-29 00:00:00+00:00,53.509166666666665,34.30523681640625,25.4835262298584,47.936279296875
Chronos2,2025-07-29 00:00:00+00:00,HB_HUBAVG,2025-07-29 01:00:00+00:00,78.9825,36.85570526123047,28.951034545898438,49.12062072753906
Chronos2,2025-07-29 00:00:00+00:00,HB_HUBAVG,2025-07-29 02:00:00+00:00,70.49416666666667,34.548744201660156,27.772348403930664,44.835323333740234
Chronos2,2025-07-29 00:00:00+00:00,HB_HUBAVG,2025-07-29 03:00:00+00:00,40.9125,31.707571029663086,26.19977378845215,39.802555084228516
Chronos2,2025-07-29 00:00:00+00:00,HB_HUBAVG,2025-07-29 04:00:00+00:00,30.83666666666667,27.675811767578125,23.443532943725586,33.375343322753906
Chronos2,2025-07-29 00:00:00+00:00,HB_HUBAVG,2025-07-29 05:00:00+00:00,25.249166666666667,26.303247451782227,23.092132568359375,30.660694122314453
Chronos2,2025-07-29 00:00:00+00:00,HB_HUBAVG,2025-07-29 06:00:00+00:00,21.974166666666665,26.046594619750977,22.901840209960938,30.136058807373047
Chronos2,2025-07-29 00:00:00+00:00,HB_HUBAVG,2025-07-29 07:00:00+00:00,22.909166666666668,26.11241912841797,22.775856018066406,30.215286254882812
Chronos2,2025-07-29 00:00:00+00:00,HB_HUBAVG,2025-07-29 08:00:00+00:00,22.631666666666664,25.938135147094727,22.365196228027344,30.73973846435547
Chronos2,2025-07-29 00:00:00+00:00,HB_HUBAVG,2025-07-29 09:00:00+00:00,24.343333333333337,26.070924758911133,22.3901309967041,31.029273986816406
Chronos2,2025-07-29 00:00:00+00:00,HB_HUBAVG,2025-07-29 10:00:00+00:00,25.175833333333333,27.233966827392578,23.09368896484375,33.326171875
Chronos2,2025-07-29 00:00:00+00:00,HB_HUBAVG,2025-07-29 11:00:00+00:00,26.050833333333333,27.776247024536133,22.60282325744629,34.713783264160156
Chronos2,2025-07-29 00:00:00+00:00,HB_HUBAVG,2025-07-29 12:00:00+00:00,22.445833333333336,24.287294387817383,19.59219741821289,30.399391174316406
Chronos2,2025-07-29 00:00:00+00:00,HB_HUBAVG,2025-07-29 13:00:00+00:00,19.14333333333333,20.646543502807617,15.941082000732422,26.240337371826172
Chronos2,2025-07-29 00:00:00+00:00,HB_HUBAVG,2025-07-29 14:00:00+00:00,17.8025,18.69220542907715,13.5801362991333,25.11834144592285
Chronos2,2025-07-29 00:00:00+00:00,HB_HUBAVG,2025-07-29 15:00:00+00:00,19.036666666666665,19.130369186401367,13.547968864440918,27.002901077270508
Chronos2,2025-07-29 00:00:00+00:00,HB_HUBAVG,2025-07-29 16:00:00+00:00,21.239166666666662,24.519773483276367,19.43944549560547,32.92774963378906
Chronos2,2025-07-29 00:00:00+00:00,HB_HUBAVG,2025-07-29 17:00:00+00:00,24.89583333333333,31.748624801635742,25.798097610473633,41.41244125366211
Chronos2,2025-07-29 00:00:00+00:00,HB_HUBAVG,2025-07-29 18:00:00+00:00,27.409166666666668,36.31132507324219,28.7005615234375,48.3246955871582
Chronos2,2025-07-29 00:00:00+00:00,HB_HUBAVG,2025-07-29 19:00:00+00:00,26.9075,34.54106140136719,26.46824073791504,48.002891540527344
Chronos2,2025-07-29 00:00:00+00:00,HB_HUBAVG,2025-07-29 20:00:00+00:00,21.829166666666666,36.613441467285156,28.409446716308594,50.142173767089844
Chronos2,2025-07-29 00:00:00+00:00,HB_HUBAVG,2025-07-29 21:00:00+00:00,26.03333333333333,35.64542007446289,27.03082847595215,50.148414611816406
Chronos2,2025-07-29 00:00:00+00:00,HB_HUBAVG,2025-07-29 22:00:00+00:00,24.896666666666665,36.2988395690918,25.604127883911133,55.62761688232422
Chronos2,2025-07-29 00:00:00+00:00,HB_HUBAVG,2025-07-29 23:00:00+00:00,40.965,38.557926177978516,24.967601776123047,59.311614990234375
Chronos2,2025-07-29 00:00:00+00:00,HB_PAN,2025-07-29 00:00:00+00:00,51.29583333333333,21.383163452148438,13.518949508666992,30.429244995117188
Chronos2,2025-07-29 00:00:00+00:00,HB_PAN,2025-07-29 01:00:00+00:00,82.66416666666667,29.91779327392578,21.265518188476562,39.88898468017578
Chronos2,2025-07-29 00:00:00+00:00,HB_PAN,2025-07-29 02:00:00+00:00,73.155,24.58674430847168,16.61431884765625,33.59273147583008
Chronos2,2025-07-29 00:00:00+00:00,HB_PAN,2025-07-29 03:00:00+00:00,37.2775,19.100662231445312,11.726799011230469,27.860721588134766
Chronos2,2025-07-29 00:00:00+00:00,HB_PAN,2025-07-29 04:00:00+00:00,25.7775,18.03068733215332,11.012316703796387,26.150859832763672
Chronos2,2025-07-29 00:00:00+00:00,HB_PAN,2025-07-29 05:00:00+00:00,17.255,19.40305519104004,12.494482040405273,27.50252342224121
Chronos2,2025-07-29 00:00:00+00:00,HB_PAN,2025-07-29 06:00:00+00:00,16.498333333333335,19.566316604614258,12.607330322265625,27.96799087524414
Chronos2,2025-07-29 00:00:00+00:00,HB_PAN,2025-07-29 07:00:00+00:00,18.285833333333333,20.090511322021484,13.050636291503906,28.741872787475586
Chronos2,2025-07-29 00:00:00+00:00,HB_PAN,2025-07-29 08:00:00+00:00,19.125,21.46584701538086,14.096670150756836,30.060285568237305
Chronos2,2025-07-29 00:00:00+00:00,HB_PAN,2025-07-29 09:00:00+00:00,22.9875,23.086584091186523,15.375409126281738,31.85416030883789
Chronos2,2025-07-29 00:00:00+00:00,HB_PAN,2025-07-29 10:00:00+00:00,23.8375,25.582983016967773,17.64177131652832,34.56138610839844
Chronos2,2025-07-29 00:00:00+00:00,HB_PAN,2025-07-29 11:00:00+00:00,23.281666666666663,26.482086181640625,18.248323440551758,36.303009033203125
Chronos2,2025-07-29 00:00:00+00:00,HB_PAN,2025-07-29 12:00:00+00:00,21.049166666666668,23.86271095275879,15.722190856933594,33.15289306640625
Chronos2,2025-07-29 00:00:00+00:00,HB_PAN,2025-07-29 13:00:00+00:00,19.14333333333333,20.25432014465332,12.215458869934082,29.698894500732422
Chronos2,2025-07-29 00:00:00+00:00,HB_PAN,2025-07-29 14:00:00+00:00,17.81833333333333,16.78371810913086,8.382255554199219,26.70746612548828
Chronos2,2025-07-29 00:00:00+00:00,HB_PAN,2025-07-29 15:00:00+00:00,19.005,16.422157287597656,7.718356132507324,27.031429290771484
Chronos2,2025-07-29 00:00:00+00:00,HB_PAN,2025-07-29 16:00:00+00:00,20.649166666666662,19.952045440673828,10.363722801208496,31.19183349609375
Chronos2,2025-07-29 00:00:00+00:00,HB_PAN,2025-07-29 17:00:00+00:00,24.32333333333333,24.392086029052734,14.006088256835938,36.115787506103516
Chronos2,2025-07-29 00:00:00+00:00,HB_PAN,2025-07-29 18:00:00+00:00,26.631666666666664,25.57772445678711,13.852516174316406,38.907691955566406
Chronos2,2025-07-29 00:00:00+00:00,HB_PAN,2025-07-29 19:00:00+00:00,19.738333333333333,23.333457946777344,10.7369384765625,38.401817321777344
Chronos2,2025-07-29 00:00:00+00:00,HB_PAN,2025-07-29 20:00:00+00:00,11.293333333333337,21.63135528564453,8.485823631286621,37.63822937011719
Chronos2,2025-07-29 00:00:00+00:00,HB_PAN,2025-07-29 21:00:00+00:00,19.058333333333337,20.001768112182617,7.270707130432129,35.57396697998047
Chronos2,2025-07-29 00:00:00+00:00,HB_PAN,2025-07-29 22:00:00+00:00,22.769166666666667,19.880224227905273,7.226818084716797,35.57795333862305
Chronos2,2025-07-29 00:00:00+00:00,HB_PAN,2025-07-29 23:00:00+00:00,41.744166666666665,21.269140243530273,8.570452690124512,37.18798828125
Chronos2,2025-07-29 00:00:00+00:00,LZ_WEST,2025-07-29 00:00:00+00:00,54.281666666666666,32.207801818847656,20.685243606567383,48.96788787841797
Chronos2,2025-07-29 00:00:00+00:00,LZ_WEST,2025-07-29 01:00:00+00:00,83.74083333333333,40.065147399902344,26.235950469970703,58.414058685302734
Chronos2,2025-07-29 00:00:00+00:00,LZ_WEST,2025-07-29 02:00:00+00:00,73.985,42.926692962646484,28.073659896850586,62.6510009765625
Chronos2,2025-07-29 00:00:00+00:00,LZ_WEST,2025-07-29 03:00:00+00:00,51.90083333333333,45.24617004394531,29.815420150756836,66.30708312988281
Chronos2,2025-07-29 00:00:00+00:00,LZ_WEST,2025-07-29 04:00:00+00:00,46.055,44.21726989746094,29.207775115966797,65.16139221191406
Chronos2,2025-07-29 00:00:00+00:00,LZ_WEST,2025-07-29 05:00:00+00:00,68.9475,43.333438873291016,28.374427795410156,64.62476348876953
Chronos2,2025-07-29 00:00:00+00:00,LZ_WEST,2025-07-29 06:00:00+00:00,63.70583333333334,42.29962921142578,27.842586517333984,63.47350311279297
Chronos2,2025-07-29 00:00:00+00:00,LZ_WEST,2025-07-29 07:00:00+00:00,40.64416666666667,43.292724609375,28.647541046142578,64.59259033203125
Chronos2,2025-07-29 00:00:00+00:00,LZ_WEST,2025-07-29 08:00:00+00:00,48.11083333333334,42.25887680053711,26.937883377075195,64.4033203125
Chronos2,2025-07-29 00:00:00+00:00,LZ_WEST,2025-07-29 09:00:00+00:00,43.11416666666667,41.909053802490234,26.877702713012695,63.911800384521484
Chronos2,2025-07-29 00:00:00+00:00,LZ_WEST,2025-07-29 10:00:00+00:00,39.79833333333333,40.261043548583984,24.423107147216797,61.78654479980469
Chronos2,2025-07-29 00:00:00+00:00,LZ_WEST,2025-07-29 11:00:00+00:00,56.13,37.417659759521484,21.61138916015625,58.08274841308594
Chronos2,2025-07-29 00:00:00+00:00,LZ_WEST,2025-07-29 12:00:00+00:00,37.44916666666666,28.88397216796875,14.884881973266602,48.18539047241211
Chronos2,2025-07-29 00:00:00+00:00,LZ_WEST,2025-07-29 13:00:00+00:00,19.14333333333333,22.049715042114258,8.33729362487793,40.91643142700195
Chronos2,2025-07-29 00:00:00+00:00,LZ_WEST,2025-07-29 14:00:00+00:00,17.930833333333332,17.141796112060547,3.9453983306884766,36.273414611816406
Chronos2,2025-07-29 00:00:00+00:00,LZ_WEST,2025-07-29 15:00:00+00:00,18.99833333333333,15.783578872680664,2.1054916381835938,36.35938262939453
Chronos2,2025-07-29 00:00:00+00:00,LZ_WEST,2025-07-29 16:00:00+00:00,19.044166666666666,19.149410247802734,6.153514862060547,39.72453308105469
Chronos2,2025-07-29 00:00:00+00:00,LZ_WEST,2025-07-29 17:00:00+00:00,22.61083333333333,21.738740921020508,7.891534805297852,43.686492919921875
Chronos2,2025-07-29 00:00:00+00:00,LZ_WEST,2025-07-29 18:00:00+00:00,25.78833333333333,27.33791160583496,11.075895309448242,51.53956604003906
Chronos2,2025-07-29 00:00:00+00:00,LZ_WEST,2025-07-29 19:00:00+00:00,43.38833333333333,30.448389053344727,12.540531158447266,57.502296447753906
Chronos2,2025-07-29 00:00:00+00:00,LZ_WEST,2025-07-29 20:00:00+00:00,66.3,34.817710876464844,13.449728012084961,66.42274475097656
Chronos2,2025-07-29 00:00:00+00:00,LZ_WEST,2025-07-29 21:00:00+00:00,33.869166666666665,34.87894058227539,13.693964004516602,65.6395034790039
Chronos2,2025-07-29 00:00:00+00:00,LZ_WEST,2025-07-29 22:00:00+00:00,22.1225,32.343467712402344,13.579662322998047,60.18711853027344
Chronos2,2025-07-29 00:00:00+00:00,LZ_WEST,2025-07-29 23:00:00+00:00,40.79833333333333,30.578510284423828,13.13538932800293,57.31814956665039
Chronos2,2025-07-30 00:00:00+00:00,HB_HUBAVG,2025-07-30 00:00:00+00:00,111.465,50.5012092590332,34.049354553222656,76.56439208984375
Chronos2,2025-07-30 00:00:00+00:00,HB_HUBAVG,2025-07-30 01:00:00+00:00,96.77833333333332,49.670860290527344,31.52009391784668,83.08219146728516
Chronos2,2025-07-30 00:00:00+00:00,HB_HUBAVG,2025-07-30 02:00:00+00:00,71.94666666666667,43.13390350341797,28.213350296020508,74.21163177490234
Chronos2,2025-07-30 00:00:00+00:00,HB_HUBAVG,2025-07-30 03:00:00+00:00,38.270833333333336,35.41970443725586,26.510879516601562,54.583229064941406
Chronos2,2025-07-30 00:00:00+00:00,HB_HUBAVG,2025-07-30 04:00:00+00:00,29.500833333333333,28.63901710510254,23.52962303161621,37.40543746948242
Chronos2,2025-07-30 00:00:00+00:00,HB_HUBAVG,2025-07-30 05:00:00+00:00,25.854166666666668,25.353172302246094,21.372045516967773,30.87191390991211
Chronos2,2025-07-30 00:00:00+00:00,HB_HUBAVG,2025-07-30 06:00:00+00:00,22.115,24.08720588684082,20.475008010864258,29.06852912902832
Chronos2,2025-07-30 00:00:00+00:00,HB_HUBAVG,2025-07-30 07:00:00+00:00,21.756666666666664,23.51984977722168,20.094884872436523,27.70108413696289
Chronos2,2025-07-30 00:00:00+00:00,HB_HUBAVG,2025-07-30 08:00:00+00:00,20.93583333333333,23.195154190063477,19.936250686645508,26.657939910888672
Chronos2,2025-07-30 00:00:00+00:00,HB_HUBAVG,2025-07-30 09:00:00+00:00,20.368333333333336,23.475860595703125,20.21525764465332,27.442886352539062
Chronos2,2025-07-30 00:00:00+00:00,HB_HUBAVG,2025-07-30 10:00:00+00:00,22.488333333333333,24.651742935180664,20.837858200073242,29.093708038330078
Chronos2,2025-07-30 00:00:00+00:00,HB_HUBAVG,2025-07-30 11:00:00+00:00,23.426666666666662,24.97422981262207,20.476104736328125,30.185733795166016
Chronos2,2025-07-30 00:00:00+00:00,HB_HUBAVG,2025-07-30 12:00:00+00:00,22.2475,22.375699996948242,17.758243560791016,27.2930965423584
Chronos2,2025-07-30 00:00:00+00:00,HB_HUBAVG,2025-07-30 13:00:00+00:00,19.2975,19.18519401550293,13.764336585998535,24.619213104248047
Chronos2,2025-07-30 00:00:00+00:00,HB_HUBAVG,2025-07-30 14:00:00+00:00,18.758333333333333,16.93527603149414,11.316511154174805,22.86815643310547
Chronos2,2025-07-30 00:00:00+00:00,HB_HUBAVG,2025-07-30 15:00:00+00:00,18.47,16.719783782958984,11.03011703491211,22.391700744628906
Chronos2,2025-07-30 00:00:00+00:00,HB_HUBAVG,2025-07-30 16:00:00+00:00,21.098333333333333,19.620880126953125,15.143282890319824,25.972545623779297
Chronos2,2025-07-30 00:00:00+00:00,HB_HUBAVG,2025-07-30 17:00:00+00:00,26.6675,23.88178253173828,19.190998077392578,31.59078025817871
Chronos2,2025-07-30 00:00:00+00:00,HB_HUBAVG,2025-07-30 18:00:00+00:00,34.165,27.42920684814453,20.461315155029297,39.05192947387695
Chronos2,2025-07-30 00:00:00+00:00,HB_HUBAVG,2025-07-30 19:00:00+00:00,31.3325,27.951377868652344,19.457265853881836,43.935935974121094
Chronos2,2025-07-30 00:00:00+00:00,HB_HUBAVG,2025-07-30 20:00:00+00:00,34.001666666666665,28.129520416259766,19.24545669555664,46.12017822265625
Chronos2,2025-07-30 00:00:00+00:00,HB_HUBAVG,2025-07-30 21:00:00+00:00,27.5775,27.634740829467773,18.68880844116211,44.04803466796875
Chronos2,2025-07-30 00:00:00+00:00,HB_HUBAVG,2025-07-30 22:00:00+00:00,36.635,28.049060821533203,17.39056396484375,49.14202117919922
Chronos2,2025-07-30 00:00:00+00:00,HB_HUBAVG,2025-07-30 23:00:00+00:00,152.62416666666667,30.758953094482422,18.291772842407227,53.85047149658203
Chronos2,2025-07-30 00:00:00+00:00,HB_PAN,2025-07-30 00:00:00+00:00,118.18416666666668,55.53246307373047,36.25648498535156,82.18600463867188
Chronos2,2025-07-30 00:00:00+00:00,HB_PAN,2025-07-30 01:00:00+00:00,100.89333333333332,54.511474609375,33.237518310546875,82.59567260742188
Chronos2,2025-07-30 00:00:00+00:00,HB_PAN,2025-07-30 02:00:00+00:00,74.35916666666667,42.42329025268555,24.412824630737305,71.26312255859375
Chronos2,2025-07-30 00:00:00+00:00,HB_PAN,2025-07-30 03:00:00+00:00,38.8275,29.31159019470215,16.787099838256836,50.77025604248047
Chronos2,2025-07-30 00:00:00+00:00,HB_PAN,2025-07-30 04:00:00+00:00,29.37333333333333,23.795351028442383,14.256336212158203,37.32307052612305
Chronos2,2025-07-30 00:00:00+00:00,HB_PAN,2025-07-30 05:00:00+00:00,24.90333333333333,22.59433364868164,13.893686294555664,34.02897262573242
Chronos2,2025-07-30 00:00:00+00:00,HB_PAN,2025-07-30 06:00:00+00:00,20.635,21.841344833374023,13.43992805480957,32.54170227050781
Chronos2,2025-07-30 00:00:00+00:00,HB_PAN,2025-07-30 07:00:00+00:00,19.7475,21.458425521850586,13.336261749267578,31.166770935058594
Chronos2,2025-07-30 00:00:00+00:00,HB_PAN,2025-07-30 08:00:00+00:00,18.475,21.533260345458984,13.564933776855469,30.663026809692383
Chronos2,2025-07-30 00:00:00+00:00,HB_PAN,2025-07-30 09:00:00+00:00,18.3325,22.305219650268555,14.347416877746582,31.833417892456055
Chronos2,2025-07-30 00:00:00+00:00,HB_PAN,2025-07-30 10:00:00+00:00,21.489166666666662,23.79767608642578,15.562963485717773,34.2937126159668
Chronos2,2025-07-30 00:00:00+00:00,HB_PAN,2025-07-30 11:00:00+00:00,23.041666666666668,24.54393196105957,15.623674392700195,35.57622146606445
Chronos2,2025-07-30 00:00:00+00:00,HB_PAN,2025-07-30 12:00:00+00:00,22.079166666666666,22.761722564697266,13.781612396240234,33.233070373535156
Chronos2,2025-07-30 00:00:00+00:00,HB_PAN,2025-07-30 13:00:00+00:00,19.299166666666668,20.123910903930664,10.976865768432617,30.376667022705078
Chronos2,2025-07-30 00:00:00+00:00,HB_PAN,2025-07-30 14:00:00+00:00,18.76333333333333,17.398555755615234,7.47784423828125,27.99587059020996
Chronos2,2025-07-30 00:00:00+00:00,HB_PAN,2025-07-30 15:00:00+00:00,18.445,16.233760833740234,6.109685897827148,27.284231185913086
Chronos2,2025-07-30 00:00:00+00:00,HB_PAN,2025-07-30 16:00:00+00:00,20.6475,18.068572998046875,9.59185791015625,28.59425926208496
Chronos2,2025-07-30 00:00:00+00:00,HB_PAN,2025-07-30 17:00:00+00:00,26.439166666666665,21.137718200683594,12.432462692260742,33.07365417480469
Chronos2,2025-07-30 00:00:00+00:00,HB_PAN,2025-07-30 18:00:00+00:00,33.80583333333333,23.216861724853516,12.427627563476562,37.5507698059082
Chronos2,2025-07-30 00:00:00+00:00,HB_PAN,2025-07-30 19:00:00+00:00,31.10083333333333,21.567996978759766,9.555685997009277,38.449249267578125
Chronos2,2025-07-30 00:00:00+00:00,HB_PAN,2025-07-30 20:00:00+00:00,31.780833333333337,20.69452667236328,8.02196216583252,38.978904724121094
Chronos2,2025-07-30 00:00:00+00:00,HB_PAN,2025-07-30 21:00:00+00:00,27.445833333333336,20.20665740966797,6.997413635253906,39.50043869018555
Chronos2,2025-07-30 00:00:00+00:00,HB_PAN,2025-07-30 22:00:00+00:00,37.82666666666667,20.748512268066406,6.736764907836914,43.706321716308594
Chronos2,2025-07-30 00:00:00+00:00,HB_PAN,2025-07-30 23:00:00+00:00,164.79666666666665,23.607250213623047,7.938948631286621,49.8668212890625
Chronos2,2025-07-30 00:00:00+00:00,LZ_WEST,2025-07-30 00:00:00+00:00,117.25083333333332,49.93251419067383,31.388696670532227,76.07403564453125
Chronos2,2025-07-30 00:00:00+00:00,LZ_WEST,2025-07-30 01:00:00+00:00,102.06916666666666,52.85934066772461,32.129783630371094,83.10169219970703
Chronos2,2025-07-30 00:00:00+00:00,LZ_WEST,2025-07-30 02:00:00+00:00,75.11666666666666,53.892974853515625,32.311195373535156,85.42919158935547
Chronos2,2025-07-30 00:00:00+00:00,LZ_WEST,2025-07-30 03:00:00+00:00,38.98,52.845054626464844,31.383811950683594,83.49989318847656
Chronos2,2025-07-30 00:00:00+00:00,LZ_WEST,2025-07-30 04:00:00+00:00,31.54083333333333,50.77176284790039,29.749717712402344,81.96458435058594
Chronos2,2025-07-30 00:00:00+00:00,LZ_WEST,2025-07-30 05:00:00+00:00,36.49166666666667,49.661033630371094,28.666841506958008,79.86769104003906
Chronos2,2025-07-30 00:00:00+00:00,LZ_WEST,2025-07-30 06:00:00+00:00,38.41166666666667,47.58109664916992,27.329776763916016,78.8005599975586
Chronos2,2025-07-30 00:00:00+00:00,LZ_WEST,2025-07-30 07:00:00+00:00,44.19416666666667,44.83959197998047,24.922168731689453,74.83432006835938
Chronos2,2025-07-30 00:00:00+00:00,LZ_WEST,2025-07-30 08:00:00+00:00,48.6575,41.327049255371094,22.801769256591797,70.45246124267578
Chronos2,2025-07-30 00:00:00+00:00,LZ_WEST,2025-07-30 09:00:00+00:00,43.55083333333334,38.81675338745117,21.286178588867188,65.55967712402344
Chronos2,2025-07-30 00:00:00+00:00,LZ_WEST,2025-07-30 10:00:00+00:00,33.943333333333335,36.84946060180664,20.670143127441406,62.00753402709961
Chronos2,2025-07-30 00:00:00+00:00,LZ_WEST,2025-07-30 11:00:00+00:00,29.71166666666667,35.682926177978516,19.245864868164062,59.00659942626953
Chronos2,2025-07-30 00:00:00+00:00,LZ_WEST,2025-07-30 12:00:00+00:00,24.115,27.849952697753906,13.835165023803711,49.10936737060547
Chronos2,2025-07-30 00:00:00+00:00,LZ_WEST,2025-07-30 13:00:00+00:00,19.346666666666668,19.95227813720703,7.373052597045898,38.69184112548828
Chronos2,2025-07-30 00:00:00+00:00,LZ_WEST,2025-07-30 14:00:00+00:00,18.8325,15.954484939575195,4.1457672119140625,34.28586959838867
Chronos2,2025-07-30 00:00:00+00:00,LZ_WEST,2025-07-30 15:00:00+00:00,18.434166666666663,14.189006805419922,2.7167625427246094,31.643810272216797
Chronos2,2025-07-30 00:00:00+00:00,LZ_WEST,2025-07-30 16:00:00+00:00,20.4,14.864364624023438,2.620067596435547,35.054447174072266
Chronos2,2025-07-30 00:00:00+00:00,LZ_WEST,2025-07-30 17:00:00+00:00,26.215,17.48021125793457,3.9527740478515625,39.75254440307617
Chronos2,2025-07-30 00:00:00+00:00,LZ_WEST,2025-07-30 18:00:00+00:00,33.45166666666667,21.629364013671875,5.755687713623047,47.67726516723633
Chronos2,2025-07-30 00:00:00+00:00,LZ_WEST,2025-07-30 19:00:00+00:00,30.429166666666664,25.375164031982422,6.92327880859375,54.91950225830078
Chronos2,2025-07-30 00:00:00+00:00,LZ_WEST,2025-07-30 20:00:00+00:00,31.044166666666666,27.578468322753906,6.479705810546875,63.25227355957031
Chronos2,2025-07-30 00:00:00+00:00,LZ_WEST,2025-07-30 21:00:00+00:00,27.23333333333333,25.882125854492188,6.332799911499023,58.80994415283203
Chronos2,2025-07-30 00:00:00+00:00,LZ_WEST,2025-07-30 22:00:00+00:00,37.1025,23.724231719970703,4.615007400512695,54.47154998779297
Chronos2,2025-07-30 00:00:00+00:00,LZ_WEST,2025-07-30 23:00:00+00:00,167.36499999999998,23.943893432617188,5.075222015380859,53.98246765136719
Chronos2,2025-07-31 00:00:00+00:00,HB_HUBAVG,2025-07-31 00:00:00+00:00,220.0016666666667,152.38027954101562,85.75749206542969,264.79022216796875
Chronos2,2025-07-31 00:00:00+00:00,HB_HUBAVG,2025-07-31 01:00:00+00:00,241.00833333333333,115.75405883789062,59.49291229248047,207.59010314941406
Chronos2,2025-07-31 00:00:00+00:00,HB_HUBAVG,2025-07-31 02:00:00+00:00,113.0925,70.08338928222656,39.6132698059082,129.5096893310547
Chronos2,2025-07-31 00:00:00+00:00,HB_HUBAVG,2025-07-31 03:00:00+00:00,71.69250000000001,36.40532684326172,24.171749114990234,57.230003356933594
Chronos2,2025-07-31 00:00:00+00:00,HB_HUBAVG,2025-07-31 04:00:00+00:00,38.83916666666666,25.321733474731445,17.82989501953125,36.31779861450195
Chronos2,2025-07-31 00:00:00+00:00,HB_HUBAVG,2025-07-31 05:00:00+00:00,33.204166666666666,22.383459091186523,15.174607276916504,30.790693283081055
Chronos2,2025-07-31 00:00:00+00:00,HB_HUBAVG,2025-07-31 06:00:00+00:00,26.95,21.08896255493164,14.39529037475586,29.02954864501953
Chronos2,2025-07-31 00:00:00+00:00,HB_HUBAVG,2025-07-31 07:00:00+00:00,24.3925,20.75389289855957,13.896329879760742,27.874080657958984
Chronos2,2025-07-31 00:00:00+00:00,HB_HUBAVG,2025-07-31 08:00:00+00:00,24.7825,21.145122528076172,14.408415794372559,27.80453872680664
Chronos2,2025-07-31 00:00:00+00:00,HB_HUBAVG,2025-07-31 09:00:00+00:00,27.901666666666667,21.180591583251953,14.41280460357666,28.5999813079834
Chronos2,2025-07-31 00:00:00+00:00,HB_HUBAVG,2025-07-31 10:00:00+00:00,36.145,22.27855682373047,14.139888763427734,31.60348129272461
Chronos2,2025-07-31 00:00:00+00:00,HB_HUBAVG,2025-07-31 11:00:00+00:00,37.48833333333334,22.87470245361328,14.042840957641602,32.83831024169922
Chronos2,2025-07-31 00:00:00+00:00,HB_HUBAVG,2025-07-31 12:00:00+00:00,30.67,21.03186798095703,12.488447189331055,30.686237335205078
Chronos2,2025-07-31 00:00:00+00:00,HB_HUBAVG,2025-07-31 13:00:00+00:00,23.981666666666666,18.275772094726562,9.562429428100586,27.86505126953125
Chronos2,2025-07-31 00:00:00+00:00,HB_HUBAVG,2025-07-31 14:00:00+00:00,23.42333333333333,16.145416259765625,7.105524063110352,26.28452491760254
Chronos2,2025-07-31 00:00:00+00:00,HB_HUBAVG,2025-07-31 15:00:00+00:00,25.38083333333333,16.061140060424805,6.914703369140625,26.48410987854004
Chronos2,2025-07-31 00:00:00+00:00,HB_HUBAVG,2025-07-31 16:00:00+00:00,32.60166666666667,21.82594108581543,14.912639617919922,29.903636932373047
Chronos2,2025-07-31 00:00:00+00:00,HB_HUBAVG,2025-07-31 17:00:00+00:00,42.205000000000005,27.168222427368164,20.32727813720703,35.72756576538086
Chronos2,2025-07-31 00:00:00+00:00,HB_HUBAVG,2025-07-31 18:00:00+00:00,38.07,34.59994125366211,25.976177215576172,46.80056381225586
Chronos2,2025-07-31 00:00:00+00:00,HB_HUBAVG,2025-07-31 19:00:00+00:00,40.086666666666666,34.42989730834961,26.639232635498047,45.90439224243164
Chronos2,2025-07-31 00:00:00+00:00,HB_HUBAVG,2025-07-31 20:00:00+00:00,34.7,37.64820861816406,29.253204345703125,50.2494010925293
Chronos2,2025-07-31 00:00:00+00:00,HB_HUBAVG,2025-07-31 21:00:00+00:00,35.6725,36.72918701171875,26.1400089263916,53.70134735107422
Chronos2,2025-07-31 00:00:00+00:00,HB_HUBAVG,2025-07-31 22:00:00+00:00,34.104166666666664,43.541603088378906,24.178611755371094,94.42848205566406
Chronos2,2025-07-31 00:00:00+00:00,HB_HUBAVG,2025-07-31 23:00:00+00:00,76.82000000000001,74.81432342529297,28.812177658081055,146.60142517089844
Chronos2,2025-07-31 00:00:00+00:00,HB_PAN,2025-07-31 00:00:00+00:00,239.6341666666667,168.03187561035156,99.9375991821289,257.556396484375
Chronos2,2025-07-31 00:00:00+00:00,HB_PAN,2025-07-31 01:00:00+00:00,177.9433333333333,132.8090057373047,74.95144653320312,206.09642028808594
Chronos2,2025-07-31 00:00:00+00:00,HB_PAN,2025-07-31 02:00:00+00:00,119.54833333333332,82.20963287353516,44.03559112548828,133.8913116455078
Chronos2,2025-07-31 00:00:00+00:00,HB_PAN,2025-07-31 03:00:00+00:00,74.14333333333333,40.672183990478516,22.718849182128906,69.29579162597656
Chronos2,2025-07-31 00:00:00+00:00,HB_PAN,2025-07-31 04:00:00+00:00,40.535833333333336,27.984806060791016,15.21767520904541,45.29075622558594
Chronos2,2025-07-31 00:00:00+00:00,HB_PAN,2025-07-31 05:00:00+00:00,34.263333333333335,24.903940200805664,13.020841598510742,40.039337158203125
Chronos2,2025-07-31 00:00:00+00:00,HB_PAN,2025-07-31 06:00:00+00:00,25.866666666666664,22.913984298706055,11.368746757507324,37.08133316040039
Chronos2,2025-07-31 00:00:00+00:00,HB_PAN,2025-07-31 07:00:00+00:00,23.246666666666663,22.149694442749023,10.349161148071289,35.398956298828125
Chronos2,2025-07-31 00:00:00+00:00,HB_PAN,2025-07-31 08:00:00+00:00,23.66,22.07888412475586,11.0889310836792,33.83818817138672
Chronos2,2025-07-31 00:00:00+00:00,HB_PAN,2025-07-31 09:00:00+00:00,28.069166666666664,22.31264305114746,10.94046401977539,35.47779083251953
Chronos2,2025-07-31 00:00:00+00:00,HB_PAN,2025-07-31 10:00:00+00:00,37.873333333333335,23.383686065673828,10.980657577514648,37.7557487487793
Chronos2,2025-07-31 00:00:00+00:00,HB_PAN,2025-07-31 11:00:00+00:00,39.695,23.806554794311523,10.269842147827148,39.35527420043945
Chronos2,2025-07-31 00:00:00+00:00,HB_PAN,2025-07-31 12:00:00+00:00,31.626666666666665,22.284934997558594,9.599424362182617,37.30156707763672
Chronos2,2025-07-31 00:00:00+00:00,HB_PAN,2025-07-31 13:00:00+00:00,23.981666666666666,20.411327362060547,7.468046188354492,35.19341278076172
Chronos2,2025-07-31 00:00:00+00:00,HB_PAN,2025-07-31 14:00:00+00:00,23.42333333333333,18.838905334472656,5.395387649536133,35.022315979003906
Chronos2,2025-07-31 00:00:00+00:00,HB_PAN,2025-07-31 15:00:00+00:00,25.38083333333333,18.87017059326172,5.022645950317383,36.446388244628906
Chronos2,2025-07-31 00:00:00+00:00,HB_PAN,2025-07-31 16:00:00+00:00,32.62166666666667,25.20864486694336,14.026249885559082,40.00957489013672
Chronos2,2025-07-31 00:00:00+00:00,HB_PAN,2025-07-31 17:00:00+00:00,36.47916666666666,30.796966552734375,19.13182830810547,48.09220886230469
Chronos2,2025-07-31 00:00:00+00:00,HB_PAN,2025-07-31 18:00:00+00:00,28.26,38.147857666015625,23.596847534179688,60.169044494628906
Chronos2,2025-07-31 00:00:00+00:00,HB_PAN,2025-07-31 19:00:00+00:00,32.4225,36.89255905151367,22.70960807800293,59.959842681884766
Chronos2,2025-07-31 00:00:00+00:00,HB_PAN,2025-07-31 20:00:00+00:00,42.8325,37.088138580322266,22.223623275756836,60.979366302490234
Chronos2,2025-07-31 00:00:00+00:00,HB_PAN,2025-07-31 21:00:00+00:00,47.314166666666665,36.0704345703125,20.211322784423828,63.69522476196289
Chronos2,2025-07-31 00:00:00+00:00,HB_PAN,2025-07-31 22:00:00+00:00,35.17666666666667,42.57605743408203,18.650516510009766,104.33368682861328
Chronos2,2025-07-31 00:00:00+00:00,HB_PAN,2025-07-31 23:00:00+00:00,79.27083333333333,74.90589904785156,24.90452003479004,162.19082641601562
Chronos2,2025-07-31 00:00:00+00:00,LZ_WEST,2025-07-31 00:00:00+00:00,243.0016666666667,94.61779022216797,42.45881652832031,169.5557861328125
Chronos2,2025-07-31 00:00:00+00:00,LZ_WEST,2025-07-31 01:00:00+00:00,295.70166666666665,64.67105102539062,27.436790466308594,138.73623657226562
Chronos2,2025-07-31 00:00:00+00:00,LZ_WEST,2025-07-31 02:00:00+00:00,121.35666666666668,54.271278381347656,25.9736328125,111.70018005371094
Chronos2,2025-07-31 00:00:00+00:00,LZ_WEST,2025-07-31 03:00:00+00:00,74.95583333333333,48.565879821777344,24.165544509887695,94.44342041015625
Chronos2,2025-07-31 00:00:00+00:00,LZ_WEST,2025-07-31 04:00:00+00:00,58.3,46.014076232910156,24.703189849853516,83.54096984863281
Chronos2,2025-07-31 00:00:00+00:00,LZ_WEST,2025-07-31 05:00:00+00:00,50.77916666666667,45.24497985839844,25.041156768798828,79.13661193847656
Chronos2,2025-07-31 00:00:00+00:00,LZ_WEST,2025-07-31 06:00:00+00:00,43.32583333333333,45.00436019897461,25.23311996459961,77.19096374511719
Chronos2,2025-07-31 00:00:00+00:00,LZ_WEST,2025-07-31 07:00:00+00:00,36.5625,44.645301818847656,24.576560974121094,76.14166259765625
Chronos2,2025-07-31 00:00:00+00:00,LZ_WEST,2025-07-31 08:00:00+00:00,37.09666666666667,43.382076263427734,23.681926727294922,73.86299133300781
Chronos2,2025-07-31 00:00:00+00:00,LZ_WEST,2025-07-31 09:00:00+00:00,37.46,41.12773895263672,21.79346466064453,70.03538513183594
Chronos2,2025-07-31 00:00:00+00:00,LZ_WEST,2025-07-31 10:00:00+00:00,63.06916666666667,37.45307159423828,17.852657318115234,65.70365142822266
Chronos2,2025-07-31 00:00:00+00:00,LZ_WEST,2025-07-31 11:00:00+00:00,69.94916666666667,32.864315032958984,13.109804153442383,61.01625061035156
Chronos2,2025-07-31 00:00:00+00:00,LZ_WEST,2025-07-31 12:00:00+00:00,44.81333333333333,26.688823699951172,8.219532012939453,53.867881774902344
Chronos2,2025-07-31 00:00:00+00:00,LZ_WEST,2025-07-31 13:00:00+00:00,23.981666666666666,21.237224578857422,4.0060577392578125,46.75192642211914
Chronos2,2025-07-31 00:00:00+00:00,LZ_WEST,2025-07-31 14:00:00+00:00,23.42333333333333,17.764507293701172,0.8287086486816406,43.11919021606445
Chronos2,2025-07-31 00:00:00+00:00,LZ_WEST,2025-07-31 15:00:00+00:00,25.38083333333333,16.988937377929688,0.07701492309570312,42.49443054199219
Chronos2,2025-07-31 00:00:00+00:00,LZ_WEST,2025-07-31 16:00:00+00:00,32.62166666666667,19.388996124267578,3.6268844604492188,43.694149017333984
Chronos2,2025-07-31 00:00:00+00:00,LZ_WEST,2025-07-31 17:00:00+00:00,38.725,22.691640853881836,6.733661651611328,46.96780776977539
Chronos2,2025-07-31 00:00:00+00:00,LZ_WEST,2025-07-31 18:00:00+00:00,31.7025,26.81857681274414,9.59185791015625,54.678035736083984
Chronos2,2025-07-31 00:00:00+00:00,LZ_WEST,2025-07-31 19:00:00+00:00,35.276666666666664,30.74234390258789,11.641534805297852,61.861106872558594
Chronos2,2025-07-31 00:00:00+00:00,LZ_WEST,2025-07-31 20:00:00+00:00,41.115,34.83277893066406,12.941198348999023,70.32039642333984
Chronos2,2025-07-31 00:00:00+00:00,LZ_WEST,2025-07-31 21:00:00+00:00,45.01083333333333,36.22886657714844,12.882583618164062,74.99114227294922
Chronos2,2025-07-31 00:00:00+00:00,LZ_WEST,2025-07-31 22:00:00+00:00,37.24666666666667,37.820831298828125,11.09184455871582,87.55349731445312
Chronos2,2025-07-31 00:00:00+00:00,LZ_WEST,2025-07-31 23:00:00+00:00,81.47916666666667,40.20932388305664,9.192218780517578,93.09397888183594
Chronos2,2025-08-01 00:00:00+00:00,HB_HUBAVG,2025-08-01 00:00:00+00:00,75.8575,146.89068603515625,80.79398345947266,235.6288299560547
Chronos2,2025-08-01 00:00:00+00:00,HB_HUBAVG,2025-08-01 01:00:00+00:00,103.52916666666664,146.99014282226562,78.4266128540039,240.61595153808594
Chronos2,2025-08-01 00:00:00+00:00,HB_HUBAVG,2025-08-01 02:00:00+00:00,124.2575,94.51152038574219,53.261722564697266,157.85125732421875
Chronos2,2025-08-01 00:00:00+00:00,HB_HUBAVG,2025-08-01 03:00:00+00:00,79.32916666666667,52.51866149902344,34.905860900878906,75.02486419677734
Chronos2,2025-08-01 00:00:00+00:00,HB_HUBAVG,2025-08-01 04:00:00+00:00,40.85833333333333,36.57487106323242,26.37990379333496,48.65200424194336
Chronos2,2025-08-01 00:00:00+00:00,HB_HUBAVG,2025-08-01 05:00:00+00:00,44.48916666666667,31.216381072998047,22.641159057617188,39.66034698486328
Chronos2,2025-08-01 00:00:00+00:00,HB_HUBAVG,2025-08-01 06:00:00+00:00,47.615833333333335,28.5882511138916,20.805286407470703,37.16386795043945
Chronos2,2025-08-01 00:00:00+00:00,HB_HUBAVG,2025-08-01 07:00:00+00:00,45.55916666666667,28.18164825439453,19.92657470703125,35.96797561645508
Chronos2,2025-08-01 00:00:00+00:00,HB_HUBAVG,2025-08-01 08:00:00+00:00,49.75833333333333,28.559858322143555,20.232704162597656,36.61113739013672
Chronos2,2025-08-01 00:00:00+00:00,HB_HUBAVG,2025-08-01 09:00:00+00:00,48.98666666666667,29.72218132019043,21.256126403808594,38.3758430480957
Chronos2,2025-08-01 00:00:00+00:00,HB_HUBAVG,2025-08-01 10:00:00+00:00,48.16416666666667,32.86674499511719,22.70321273803711,43.81184768676758
Chronos2,2025-08-01 00:00:00+00:00,HB_HUBAVG,2025-08-01 11:00:00+00:00,51.009166666666665,34.489410400390625,23.551456451416016,46.35009002685547
Chronos2,2025-08-01 00:00:00+00:00,HB_HUBAVG,2025-08-01 12:00:00+00:00,42.30583333333333,29.81524085998535,20.046701431274414,40.12372970581055
Chronos2,2025-08-01 00:00:00+00:00,HB_HUBAVG,2025-08-01 13:00:00+00:00,37.06,26.23882484436035,17.669448852539062,35.44900894165039
Chronos2,2025-08-01 00:00:00+00:00,HB_HUBAVG,2025-08-01 14:00:00+00:00,29.38,24.616891860961914,16.07653045654297,32.53501510620117
Chronos2,2025-08-01 00:00:00+00:00,HB_HUBAVG,2025-08-01 15:00:00+00:00,29.13083333333333,25.041706085205078,16.37003517150879,33.04659652709961
Chronos2,2025-08-01 00:00:00+00:00,HB_HUBAVG,2025-08-01 16:00:00+00:00,28.604166666666668,28.9582462310791,16.569183349609375,41.58660888671875
Chronos2,2025-08-01 00:00:00+00:00,HB_HUBAVG,2025-08-01 17:00:00+00:00,33.59166666666667,34.9820671081543,19.301088333129883,55.02768325805664
Chronos2,2025-08-01 00:00:00+00:00,HB_HUBAVG,2025-08-01 18:00:00+00:00,37.47166666666667,37.23514175415039,20.249736785888672,60.31571960449219
Chronos2,2025-08-01 00:00:00+00:00,HB_HUBAVG,2025-08-01 19:00:00+00:00,43.535,37.390010833740234,20.269332885742188,62.044105529785156
Chronos2,2025-08-01 00:00:00+00:00,HB_HUBAVG,2025-08-01 20:00:00+00:00,46.59916666666667,35.77250289916992,18.438861846923828,61.93059158325195
Chronos2,2025-08-01 00:00:00+00:00,HB_HUBAVG,2025-08-01 21:00:00+00:00,51.21,32.719181060791016,16.4949951171875,56.74577331542969
Chronos2,2025-08-01 00:00:00+00:00,HB_HUBAVG,2025-08-01 22:00:00+00:00,84.00666666666667,34.52299118041992,15.761484146118164,65.05069732666016
Chronos2,2025-08-01 00:00:00+00:00,HB_HUBAVG,2025-08-01 23:00:00+00:00,91.10333333333334,54.553627014160156,20.328754425048828,151.75942993164062
Chronos2,2025-08-01 00:00:00+00:00,HB_PAN,2025-08-01 00:00:00+00:00,80.89416666666666,128.52992248535156,74.19171905517578,196.67250061035156
Chronos2,2025-08-01 00:00:00+00:00,HB_PAN,2025-08-01 01:00:00+00:00,109.96,118.17507934570312,64.93494415283203,180.28997802734375
Chronos2,2025-08-01 00:00:00+00:00,HB_PAN,2025-08-01 02:00:00+00:00,129.6341666666667,81.22618103027344,45.90914535522461,129.02273559570312
Chronos2,2025-08-01 00:00:00+00:00,HB_PAN,2025-08-01 03:00:00+00:00,82.0025,47.993560791015625,29.89208984375,71.94853210449219
Chronos2,2025-08-01 00:00:00+00:00,HB_PAN,2025-08-01 04:00:00+00:00,42.3025,35.12787628173828,22.41564178466797,50.0186767578125
Chronos2,2025-08-01 00:00:00+00:00,HB_PAN,2025-08-01 05:00:00+00:00,46.681666666666665,31.80271339416504,20.411279678344727,44.433040618896484
Chronos2,2025-08-01 00:00:00+00:00,HB_PAN,2025-08-01 06:00:00+00:00,50.41666666666666,29.875732421875,19.19361114501953,41.73515319824219
Chronos2,2025-08-01 00:00:00+00:00,HB_PAN,2025-08-01 07:00:00+00:00,48.66166666666667,29.093252182006836,17.902372360229492,40.81268310546875
Chronos2,2025-08-01 00:00:00+00:00,HB_PAN,2025-08-01 08:00:00+00:00,50.33166666666667,29.951690673828125,18.373842239379883,41.255245208740234
Chronos2,2025-08-01 00:00:00+00:00,HB_PAN,2025-08-01 09:00:00+00:00,49.91333333333333,31.060270309448242,19.19476318359375,44.82306671142578
Chronos2,2025-08-01 00:00:00+00:00,HB_PAN,2025-08-01 10:00:00+00:00,50.943333333333335,34.17363739013672,20.391048431396484,50.03435516357422
Chronos2,2025-08-01 00:00:00+00:00,HB_PAN,2025-08-01 11:00:00+00:00,52.46,34.876548767089844,20.89488983154297,51.57535171508789
Chronos2,2025-08-01 00:00:00+00:00,HB_PAN,2025-08-01 12:00:00+00:00,44.005,30.628862380981445,18.003631591796875,44.4205322265625
Chronos2,2025-08-01 00:00:00+00:00,HB_PAN,2025-08-01 13:00:00+00:00,37.810833333333335,27.649269104003906,15.413715362548828,40.31073760986328
Chronos2,2025-08-01 00:00:00+00:00,HB_PAN,2025-08-01 14:00:00+00:00,29.729166666666668,25.333988189697266,13.761289596557617,37.5594482421875
Chronos2,2025-08-01 00:00:00+00:00,HB_PAN,2025-08-01 15:00:00+00:00,28.924166666666665,25.01030731201172,13.202768325805664,37.336669921875
Chronos2,2025-08-01 00:00:00+00:00,HB_PAN,2025-08-01 16:00:00+00:00,28.441666666666663,28.3597412109375,11.182403564453125,46.391357421875
Chronos2,2025-08-01 00:00:00+00:00,HB_PAN,2025-08-01 17:00:00+00:00,28.44,31.306331634521484,12.187911987304688,56.60108184814453
Chronos2,2025-08-01 00:00:00+00:00,HB_PAN,2025-08-01 18:00:00+00:00,29.24083333333333,32.60023498535156,11.820232391357422,65.5744857788086
Chronos2,2025-08-01 00:00:00+00:00,HB_PAN,2025-08-01 19:00:00+00:00,32.3275,33.0733642578125,10.245550155639648,72.48616790771484
Chronos2,2025-08-01 00:00:00+00:00,HB_PAN,2025-08-01 20:00:00+00:00,37.07,33.7666130065918,8.645475387573242,82.69168090820312
Chronos2,2025-08-01 00:00:00+00:00,HB_PAN,2025-08-01 21:00:00+00:00,50.990833333333335,32.265289306640625,7.481174468994141,77.5538330078125
Chronos2,2025-08-01 00:00:00+00:00,HB_PAN,2025-08-01 22:00:00+00:00,90.5925,34.317195892333984,8.267614364624023,91.28656768798828
Chronos2,2025-08-01 00:00:00+00:00,HB_PAN,2025-08-01 23:00:00+00:00,97.87,49.31878662109375,11.296392440795898,148.61463928222656
Chronos2,2025-08-01 00:00:00+00:00,LZ_WEST,2025-08-01 00:00:00+00:00,81.73083333333334,157.14683532714844,70.85549926757812,280.87408447265625
Chronos2,2025-08-01 00:00:00+00:00,LZ_WEST,2025-08-01 01:00:00+00:00,111.79833333333332,136.89932250976562,59.022491455078125,281.4421081542969
Chronos2,2025-08-01 00:00:00+00:00,LZ_WEST,2025-08-01 02:00:00+00:00,131.45083333333335,77.9376220703125,42.13751220703125,162.76609802246094
Chronos2,2025-08-01 00:00:00+00:00,LZ_WEST,2025-08-01 03:00:00+00:00,82.87583333333333,58.441505432128906,34.14799499511719,105.98027801513672
Chronos2,2025-08-01 00:00:00+00:00,LZ_WEST,2025-08-01 04:00:00+00:00,59.29416666666666,51.08075714111328,30.919113159179688,85.18637084960938
Chronos2,2025-08-01 00:00:00+00:00,LZ_WEST,2025-08-01 05:00:00+00:00,62.623333333333335,46.513633728027344,28.36056900024414,74.88223266601562
Chronos2,2025-08-01 00:00:00+00:00,LZ_WEST,2025-08-01 06:00:00+00:00,73.50666666666666,44.37879943847656,26.928781509399414,72.66319274902344
Chronos2,2025-08-01 00:00:00+00:00,LZ_WEST,2025-08-01 07:00:00+00:00,84.79416666666667,43.6302375793457,26.00185203552246,72.11636352539062
Chronos2,2025-08-01 00:00:00+00:00,LZ_WEST,2025-08-01 08:00:00+00:00,80.40333333333332,43.27473831176758,25.0071964263916,72.43094635009766
Chronos2,2025-08-01 00:00:00+00:00,LZ_WEST,2025-08-01 09:00:00+00:00,86.46666666666665,42.72339630126953,24.04216766357422,72.38227844238281
Chronos2,2025-08-01 00:00:00+00:00,LZ_WEST,2025-08-01 10:00:00+00:00,88.495,44.56943893432617,24.045650482177734,79.35211181640625
Chronos2,2025-08-01 00:00:00+00:00,LZ_WEST,2025-08-01 11:00:00+00:00,71.5525,44.28665542602539,22.41689109802246,85.32494354248047
Chronos2,2025-08-01 00:00:00+00:00,LZ_WEST,2025-08-01 12:00:00+00:00,61.29416666666666,34.954959869384766,17.360973358154297,59.47718811035156
Chronos2,2025-08-01 00:00:00+00:00,LZ_WEST,2025-08-01 13:00:00+00:00,41.04416666666666,29.028820037841797,14.048828125,49.37156295776367
Chronos2,2025-08-01 00:00:00+00:00,LZ_WEST,2025-08-01 14:00:00+00:00,31.185,26.95350456237793,12.791929244995117,45.95146560668945
Chronos2,2025-08-01 00:00:00+00:00,LZ_WEST,2025-08-01 15:00:00+00:00,28.65833333333333,25.6495418548584,11.58431625366211,43.09004592895508
Chronos2,2025-08-01 00:00:00+00:00,LZ_WEST,2025-08-01 16:00:00+00:00,28.22833333333333,27.386402130126953,12.417278289794922,46.51319885253906
Chronos2,2025-08-01 00:00:00+00:00,LZ_WEST,2025-08-01 17:00:00+00:00,30.55,29.57166862487793,13.148181915283203,52.578189849853516
Chronos2,2025-08-01 00:00:00+00:00,LZ_WEST,2025-08-01 18:00:00+00:00,32.59166666666667,31.92257308959961,14.06698226928711,58.39799880981445
Chronos2,2025-08-01 00:00:00+00:00,LZ_WEST,2025-08-01 19:00:00+00:00,35.68,35.486183166503906,14.960746765136719,71.46251678466797
Chronos2,2025-08-01 00:00:00+00:00,LZ_WEST,2025-08-01 20:00:00+00:00,42.03083333333333,39.3243408203125,14.775104522705078,93.23693084716797
Chronos2,2025-08-01 00:00:00+00:00,LZ_WEST,2025-08-01 21:00:00+00:00,52.38333333333333,39.373863220214844,14.548257827758789,95.42576599121094
Chronos2,2025-08-01 00:00:00+00:00,LZ_WEST,2025-08-01 22:00:00+00:00,91.96,40.505706787109375,15.182262420654297,103.37916564941406
Chronos2,2025-08-01 00:00:00+00:00,LZ_WEST,2025-08-01 23:00:00+00:00,99.3375,48.2756233215332,17.48451042175293,144.8972625732422
Chronos2,2025-08-02 00:00:00+00:00,HB_HUBAVG,2025-08-02 00:00:00+00:00,137.1575,98.91586303710938,59.184112548828125,157.79342651367188
Chronos2,2025-08-02 00:00:00+00:00,HB_HUBAVG,2025-08-02 01:00:00+00:00,113.95333333333332,97.6837158203125,56.05396270751953,163.64883422851562
Chronos2,2025-08-02 00:00:00+00:00,HB_HUBAVG,2025-08-02 02:00:00+00:00,78.28333333333333,85.18145751953125,50.156394958496094,148.7937774658203
Chronos2,2025-08-02 00:00:00+00:00,HB_HUBAVG,2025-08-02 03:00:00+00:00,62.7,65.6412353515625,43.09305191040039,108.28189086914062
Chronos2,2025-08-02 00:00:00+00:00,HB_HUBAVG,2025-08-02 04:00:00+00:00,44.73583333333334,53.019126892089844,37.679710388183594,80.15373229980469
Chronos2,2025-08-02 00:00:00+00:00,HB_HUBAVG,2025-08-02 05:00:00+00:00,49.943333333333335,49.67478942871094,36.37559509277344,72.24799346923828
Chronos2,2025-08-02 00:00:00+00:00,HB_HUBAVG,2025-08-02 06:00:00+00:00,41.4625,48.74687576293945,36.42229080200195,68.14952850341797
Chronos2,2025-08-02 00:00:00+00:00,HB_HUBAVG,2025-08-02 07:00:00+00:00,40.285833333333336,47.800079345703125,36.17267608642578,64.33831024169922
Chronos2,2025-08-02 00:00:00+00:00,HB_HUBAVG,2025-08-02 08:00:00+00:00,36.751666666666665,47.704402923583984,36.228919982910156,62.766387939453125
Chronos2,2025-08-02 00:00:00+00:00,HB_HUBAVG,2025-08-02 09:00:00+00:00,34.193333333333335,48.03886413574219,36.42686080932617,64.13327026367188
Chronos2,2025-08-02 00:00:00+00:00,HB_HUBAVG,2025-08-02 10:00:00+00:00,36.855,48.66178512573242,36.49024200439453,66.056396484375
Chronos2,2025-08-02 00:00:00+00:00,HB_HUBAVG,2025-08-02 11:00:00+00:00,40.681666666666665,47.875205993652344,35.41048812866211,65.5650405883789
Chronos2,2025-08-02 00:00:00+00:00,HB_HUBAVG,2025-08-02 12:00:00+00:00,40.87916666666667,44.31665802001953,32.21171569824219,60.06666564941406
Chronos2,2025-08-02 00:00:00+00:00,HB_HUBAVG,2025-08-02 13:00:00+00:00,29.3425,40.11273956298828,28.67009735107422,54.557350158691406
Chronos2,2025-08-02 00:00:00+00:00,HB_HUBAVG,2025-08-02 14:00:00+00:00,27.121666666666663,36.53364562988281,25.962928771972656,51.381507873535156
Chronos2,2025-08-02 00:00:00+00:00,HB_HUBAVG,2025-08-02 15:00:00+00:00,27.316666666666663,35.79960250854492,25.49309539794922,50.29412078857422
Chronos2,2025-08-02 00:00:00+00:00,HB_HUBAVG,2025-08-02 16:00:00+00:00,29.529166666666665,41.715049743652344,30.03684425354004,62.63801574707031
Chronos2,2025-08-02 00:00:00+00:00,HB_HUBAVG,2025-08-02 17:00:00+00:00,29.574166666666667,48.04869079589844,33.08298110961914,77.79351043701172
Chronos2,2025-08-02 00:00:00+00:00,HB_HUBAVG,2025-08-02 18:00:00+00:00,29.1775,54.809425354003906,36.270774841308594,90.9071044921875
Chronos2,2025-08-02 00:00:00+00:00,HB_HUBAVG,2025-08-02 19:00:00+00:00,27.7425,58.68000793457031,37.77104187011719,100.921630859375
Chronos2,2025-08-02 00:00:00+00:00,HB_HUBAVG,2025-08-02 20:00:00+00:00,29.615,60.2127799987793,38.86896896362305,104.19015502929688
Chronos2,2025-08-02 00:00:00+00:00,HB_HUBAVG,2025-08-02 21:00:00+00:00,39.590833333333336,60.86638259887695,38.80097198486328,106.51332092285156
Chronos2,2025-08-02 00:00:00+00:00,HB_HUBAVG,2025-08-02 22:00:00+00:00,44.29583333333333,60.200828552246094,37.47700500488281,113.26348876953125
Chronos2,2025-08-02 00:00:00+00:00,HB_HUBAVG,2025-08-02 23:00:00+00:00,38.895,60.642616271972656,37.10736846923828,124.78717041015625
Chronos2,2025-08-02 00:00:00+00:00,HB_PAN,2025-08-02 00:00:00+00:00,148.04833333333332,104.47510528564453,62.619468688964844,155.72390747070312
Chronos2,2025-08-02 00:00:00+00:00,HB_PAN,2025-08-02 01:00:00+00:00,122.16333333333334,101.18111419677734,57.607765197753906,150.8385467529297
Chronos2,2025-08-02 00:00:00+00:00,HB_PAN,2025-08-02 02:00:00+00:00,81.41250000000001,86.31840515136719,49.3952751159668,136.48385620117188
Chronos2,2025-08-02 00:00:00+00:00,HB_PAN,2025-08-02 03:00:00+00:00,59.80583333333333,64.94273376464844,40.36882400512695,102.67044067382812
Chronos2,2025-08-02 00:00:00+00:00,HB_PAN,2025-08-02 04:00:00+00:00,24.7025,51.684326171875,34.290931701660156,78.56820678710938
Chronos2,2025-08-02 00:00:00+00:00,HB_PAN,2025-08-02 05:00:00+00:00,29.674166666666665,49.433536529541016,33.362030029296875,74.71415710449219
Chronos2,2025-08-02 00:00:00+00:00,HB_PAN,2025-08-02 06:00:00+00:00,20.275,49.30758285522461,33.61215591430664,73.12532043457031
Chronos2,2025-08-02 00:00:00+00:00,HB_PAN,2025-08-02 07:00:00+00:00,16.113333333333333,48.54838562011719,33.666893005371094,69.15498352050781
Chronos2,2025-08-02 00:00:00+00:00,HB_PAN,2025-08-02 08:00:00+00:00,21.14333333333333,47.81257629394531,33.51091766357422,66.22386169433594
Chronos2,2025-08-02 00:00:00+00:00,HB_PAN,2025-08-02 09:00:00+00:00,35.781666666666666,48.45643615722656,33.92918395996094,68.62451171875
Chronos2,2025-08-02 00:00:00+00:00,HB_PAN,2025-08-02 10:00:00+00:00,40.55833333333333,49.04970169067383,34.11899948120117,70.40812683105469
Chronos2,2025-08-02 00:00:00+00:00,HB_PAN,2025-08-02 11:00:00+00:00,42.8225,48.364524841308594,33.398983001708984,69.36943054199219
Chronos2,2025-08-02 00:00:00+00:00,HB_PAN,2025-08-02 12:00:00+00:00,42.665,44.89546203613281,30.427078247070312,63.3563117980957
Chronos2,2025-08-02 00:00:00+00:00,HB_PAN,2025-08-02 13:00:00+00:00,29.506666666666664,41.11884307861328,27.551597595214844,58.99071502685547
Chronos2,2025-08-02 00:00:00+00:00,HB_PAN,2025-08-02 14:00:00+00:00,27.33583333333333,37.74263000488281,24.572181701660156,55.511207580566406
Chronos2,2025-08-02 00:00:00+00:00,HB_PAN,2025-08-02 15:00:00+00:00,27.328333333333333,36.23822021484375,23.415512084960938,53.39208221435547
Chronos2,2025-08-02 00:00:00+00:00,HB_PAN,2025-08-02 16:00:00+00:00,29.529166666666665,41.862884521484375,27.60819435119629,66.47877502441406
Chronos2,2025-08-02 00:00:00+00:00,HB_PAN,2025-08-02 17:00:00+00:00,29.574166666666667,45.31379318237305,28.312883377075195,76.02374267578125
Chronos2,2025-08-02 00:00:00+00:00,HB_PAN,2025-08-02 18:00:00+00:00,26.6475,47.824710845947266,28.654457092285156,82.87983703613281
Chronos2,2025-08-02 00:00:00+00:00,HB_PAN,2025-08-02 19:00:00+00:00,26.045,49.18518829345703,28.718673706054688,89.70321655273438
Chronos2,2025-08-02 00:00:00+00:00,HB_PAN,2025-08-02 20:00:00+00:00,30.06083333333333,51.93628692626953,30.033336639404297,95.24319458007812
Chronos2,2025-08-02 00:00:00+00:00,HB_PAN,2025-08-02 21:00:00+00:00,41.19083333333333,54.57042694091797,30.003076553344727,102.97657775878906
Chronos2,2025-08-02 00:00:00+00:00,HB_PAN,2025-08-02 22:00:00+00:00,45.32583333333333,55.09686279296875,29.89570426940918,112.23794555664062
Chronos2,2025-08-02 00:00:00+00:00,HB_PAN,2025-08-02 23:00:00+00:00,40.235,57.26667022705078,30.554391860961914,124.71027374267578
Chronos2,2025-08-02 00:00:00+00:00,LZ_WEST,2025-08-02 00:00:00+00:00,150.64333333333337,99.1484375,63.525360107421875,155.6553497314453
Chronos2,2025-08-02 00:00:00+00:00,LZ_WEST,2025-08-02 01:00:00+00:00,124.19583333333333,96.90222930908203,60.10443878173828,154.01437377929688
Chronos2,2025-08-02 00:00:00+00:00,LZ_WEST,2025-08-02 02:00:00+00:00,82.3075,90.72520446777344,56.21837615966797,147.56507873535156
Chronos2,2025-08-02 00:00:00+00:00,LZ_WEST,2025-08-02 03:00:00+00:00,76.25416666666666,81.34284973144531,52.08822250366211,131.57699584960938
Chronos2,2025-08-02 00:00:00+00:00,LZ_WEST,2025-08-02 04:00:00+00:00,81.34750000000001,74.52086639404297,48.57026290893555,121.0836410522461
Chronos2,2025-08-02 00:00:00+00:00,LZ_WEST,2025-08-02 05:00:00+00:00,84.435,72.53787231445312,48.25969696044922,114.55345153808594
Chronos2,2025-08-02 00:00:00+00:00,LZ_WEST,2025-08-02 06:00:00+00:00,77.58833333333332,71.40444946289062,48.238407135009766,110.8752212524414
Chronos2,2025-08-02 00:00:00+00:00,LZ_WEST,2025-08-02 07:00:00+00:00,88.15166666666666,70.70923614501953,47.847190856933594,108.75871276855469
Chronos2,2025-08-02 00:00:00+00:00,LZ_WEST,2025-08-02 08:00:00+00:00,79.44583333333334,69.75514221191406,46.27987289428711,108.52723693847656
Chronos2,2025-08-02 00:00:00+00:00,LZ_WEST,2025-08-02 09:00:00+00:00,84.83749999999999,67.61769104003906,43.843379974365234,106.25617980957031
Chronos2,2025-08-02 00:00:00+00:00,LZ_WEST,2025-08-02 10:00:00+00:00,95.16333333333334,64.08202362060547,42.13567352294922,101.21343994140625
Chronos2,2025-08-02 00:00:00+00:00,LZ_WEST,2025-08-02 11:00:00+00:00,73.99166666666666,59.73455810546875,39.298431396484375,93.17688751220703
Chronos2,2025-08-02 00:00:00+00:00,LZ_WEST,2025-08-02 12:00:00+00:00,68.48666666666666,53.14213562011719,34.297515869140625,84.57389068603516
Chronos2,2025-08-02 00:00:00+00:00,LZ_WEST,2025-08-02 13:00:00+00:00,29.726666666666663,46.06330490112305,29.619953155517578,74.3478775024414
Chronos2,2025-08-02 00:00:00+00:00,LZ_WEST,2025-08-02 14:00:00+00:00,27.60333333333333,41.20964050292969,25.55577278137207,67.32298278808594
Chronos2,2025-08-02 00:00:00+00:00,LZ_WEST,2025-08-02 15:00:00+00:00,27.35083333333333,38.30034637451172,23.471956253051758,63.483558654785156
Chronos2,2025-08-02 00:00:00+00:00,LZ_WEST,2025-08-02 16:00:00+00:00,29.529166666666665,42.45962905883789,27.083391189575195,71.79258728027344
Chronos2,2025-08-02 00:00:00+00:00,LZ_WEST,2025-08-02 17:00:00+00:00,29.574166666666667,44.77801513671875,28.78597640991211,75.86449432373047
Chronos2,2025-08-02 00:00:00+00:00,LZ_WEST,2025-08-02 18:00:00+00:00,27.67083333333333,48.90687942504883,30.564306259155273,83.995849609375
Chronos2,2025-08-02 00:00:00+00:00,LZ_WEST,2025-08-02 19:00:00+00:00,26.715833333333336,53.71250915527344,32.9054069519043,94.57947540283203
Chronos2,2025-08-02 00:00:00+00:00,LZ_WEST,2025-08-02 20:00:00+00:00,30.155,58.44807434082031,35.30551528930664,104.74760437011719
Chronos2,2025-08-02 00:00:00+00:00,LZ_WEST,2025-08-02 21:00:00+00:00,41.18666666666667,61.801361083984375,35.999755859375,112.56118774414062
Chronos2,2025-08-02 00:00:00+00:00,LZ_WEST,2025-08-02 22:00:00+00:00,45.04333333333333,64.02845764160156,36.58505630493164,121.7957763671875
Chronos2,2025-08-02 00:00:00+00:00,LZ_WEST,2025-08-02 23:00:00+00:00,40.50416666666667,67.91302490234375,37.99989700317383,134.20858764648438
Chronos2,2025-08-03 00:00:00+00:00,HB_HUBAVG,2025-08-03 00:00:00+00:00,38.4475,49.97211456298828,35.154029846191406,84.03932189941406
Chronos2,2025-08-03 00:00:00+00:00,HB_HUBAVG,2025-08-03 01:00:00+00:00,39.09583333333334,60.82392120361328,40.50785827636719,99.79339599609375
Chronos2,2025-08-03 00:00:00+00:00,HB_HUBAVG,2025-08-03 02:00:00+00:00,39.43416666666667,60.027122497558594,42.8177490234375,91.53654479980469
Chronos2,2025-08-03 00:00:00+00:00,HB_HUBAVG,2025-08-03 03:00:00+00:00,37.458333333333336,48.90312576293945,37.03187942504883,67.24181365966797
Chronos2,2025-08-03 00:00:00+00:00,HB_HUBAVG,2025-08-03 04:00:00+00:00,32.1875,39.511993408203125,31.037635803222656,50.08903503417969
Chronos2,2025-08-03 00:00:00+00:00,HB_HUBAVG,2025-08-03 05:00:00+00:00,29.050833333333333,37.288108825683594,29.825801849365234,46.17774963378906
Chronos2,2025-08-03 00:00:00+00:00,HB_HUBAVG,2025-08-03 06:00:00+00:00,28.2825,35.264617919921875,28.452667236328125,43.084163665771484
Chronos2,2025-08-03 00:00:00+00:00,HB_HUBAVG,2025-08-03 07:00:00+00:00,27.365,34.023956298828125,27.30368423461914,41.79596710205078
Chronos2,2025-08-03 00:00:00+00:00,HB_HUBAVG,2025-08-03 08:00:00+00:00,25.14333333333333,33.232933044433594,26.220252990722656,40.31119918823242
Chronos2,2025-08-03 00:00:00+00:00,HB_HUBAVG,2025-08-03 09:00:00+00:00,24.239166666666662,32.88625717163086,26.39584732055664,40.320831298828125
Chronos2,2025-08-03 00:00:00+00:00,HB_HUBAVG,2025-08-03 10:00:00+00:00,23.633333333333336,33.15099334716797,25.726581573486328,40.99421310424805
Chronos2,2025-08-03 00:00:00+00:00,HB_HUBAVG,2025-08-03 11:00:00+00:00,23.595,32.97903823852539,24.803306579589844,42.04076385498047
Chronos2,2025-08-03 00:00:00+00:00,HB_HUBAVG,2025-08-03 12:00:00+00:00,19.4225,29.552438735961914,21.784143447875977,38.36801528930664
Chronos2,2025-08-03 00:00:00+00:00,HB_HUBAVG,2025-08-03 13:00:00+00:00,15.004166666666668,25.203994750976562,17.654544830322266,33.391845703125
Chronos2,2025-08-03 00:00:00+00:00,HB_HUBAVG,2025-08-03 14:00:00+00:00,13.998333333333331,21.92395782470703,14.961313247680664,29.225563049316406
Chronos2,2025-08-03 00:00:00+00:00,HB_HUBAVG,2025-08-03 15:00:00+00:00,14.715000000000002,21.358478546142578,14.627279281616211,28.660343170166016
Chronos2,2025-08-03 00:00:00+00:00,HB_HUBAVG,2025-08-03 16:00:00+00:00,14.450833333333334,25.718719482421875,17.262516021728516,34.54814529418945
Chronos2,2025-08-03 00:00:00+00:00,HB_HUBAVG,2025-08-03 17:00:00+00:00,15.178333333333336,27.235095977783203,18.226896286010742,37.37887191772461
Chronos2,2025-08-03 00:00:00+00:00,HB_HUBAVG,2025-08-03 18:00:00+00:00,20.254166666666663,28.827714920043945,19.262134552001953,39.59212112426758
Chronos2,2025-08-03 00:00:00+00:00,HB_HUBAVG,2025-08-03 19:00:00+00:00,26.375,29.459205627441406,20.263574600219727,41.39392852783203
Chronos2,2025-08-03 00:00:00+00:00,HB_HUBAVG,2025-08-03 20:00:00+00:00,28.886666666666667,32.6995735168457,21.83358383178711,46.280914306640625
Chronos2,2025-08-03 00:00:00+00:00,HB_HUBAVG,2025-08-03 21:00:00+00:00,29.7875,36.65270233154297,24.24310302734375,53.29304885864258
Chronos2,2025-08-03 00:00:00+00:00,HB_HUBAVG,2025-08-03 22:00:00+00:00,40.545,38.96379852294922,24.446949005126953,61.58906936645508
Chronos2,2025-08-03 00:00:00+00:00,HB_HUBAVG,2025-08-03 23:00:00+00:00,53.134166666666665,41.05101013183594,24.79102325439453,77.8829116821289
Chronos2,2025-08-03 00:00:00+00:00,HB_PAN,2025-08-03 00:00:00+00:00,39.62583333333333,59.647830963134766,34.15086364746094,95.97370147705078
Chronos2,2025-08-03 00:00:00+00:00,HB_PAN,2025-08-03 01:00:00+00:00,32.155,72.27936553955078,42.9344596862793,108.69373321533203
Chronos2,2025-08-03 00:00:00+00:00,HB_PAN,2025-08-03 02:00:00+00:00,19.570833333333333,63.52640914916992,40.81207275390625,92.63983154296875
Chronos2,2025-08-03 00:00:00+00:00,HB_PAN,2025-08-03 03:00:00+00:00,4.361666666666667,42.81694412231445,28.479610443115234,60.71837615966797
Chronos2,2025-08-03 00:00:00+00:00,HB_PAN,2025-08-03 04:00:00+00:00,8.4375,28.911808013916016,18.94962501525879,40.3667106628418
Chronos2,2025-08-03 00:00:00+00:00,HB_PAN,2025-08-03 05:00:00+00:00,17.46,29.736845016479492,20.276065826416016,39.975425720214844
Chronos2,2025-08-03 00:00:00+00:00,HB_PAN,2025-08-03 06:00:00+00:00,13.426666666666668,28.438390731811523,19.717947006225586,37.916526794433594
Chronos2,2025-08-03 00:00:00+00:00,HB_PAN,2025-08-03 07:00:00+00:00,15.06,27.720548629760742,19.07508659362793,36.901268005371094
Chronos2,2025-08-03 00:00:00+00:00,HB_PAN,2025-08-03 08:00:00+00:00,24.36083333333333,29.10862159729004,19.702381134033203,38.346309661865234
Chronos2,2025-08-03 00:00:00+00:00,HB_PAN,2025-08-03 09:00:00+00:00,24.555000000000003,32.37224197387695,22.896541595458984,42.35308837890625
Chronos2,2025-08-03 00:00:00+00:00,HB_PAN,2025-08-03 10:00:00+00:00,23.64583333333333,35.415584564208984,25.36090087890625,45.97376251220703
Chronos2,2025-08-03 00:00:00+00:00,HB_PAN,2025-08-03 11:00:00+00:00,23.605833333333333,35.28963088989258,24.896602630615234,46.26215744018555
Chronos2,2025-08-03 00:00:00+00:00,HB_PAN,2025-08-03 12:00:00+00:00,18.34583333333333,33.316123962402344,22.88425064086914,44.12028503417969
Chronos2,2025-08-03 00:00:00+00:00,HB_PAN,2025-08-03 13:00:00+00:00,15.004166666666668,29.708215713500977,19.921226501464844,39.18901062011719
Chronos2,2025-08-03 00:00:00+00:00,HB_PAN,2025-08-03 14:00:00+00:00,13.998333333333331,25.758731842041016,16.55205726623535,35.56166076660156
Chronos2,2025-08-03 00:00:00+00:00,HB_PAN,2025-08-03 15:00:00+00:00,14.6125,24.943374633789062,15.57972526550293,35.51748275756836
Chronos2,2025-08-03 00:00:00+00:00,HB_PAN,2025-08-03 16:00:00+00:00,11.841666666666669,27.844127655029297,17.916589736938477,38.1006965637207
Chronos2,2025-08-03 00:00:00+00:00,HB_PAN,2025-08-03 17:00:00+00:00,9.176666666666668,28.565645217895508,17.885746002197266,39.55142593383789
Chronos2,2025-08-03 00:00:00+00:00,HB_PAN,2025-08-03 18:00:00+00:00,12.714166666666666,28.168716430664062,16.428468704223633,40.42157745361328
Chronos2,2025-08-03 00:00:00+00:00,HB_PAN,2025-08-03 19:00:00+00:00,19.2175,27.160324096679688,15.200496673583984,41.0743293762207
Chronos2,2025-08-03 00:00:00+00:00,HB_PAN,2025-08-03 20:00:00+00:00,23.945833333333336,29.66665267944336,15.853227615356445,46.1026496887207
Chronos2,2025-08-03 00:00:00+00:00,HB_PAN,2025-08-03 21:00:00+00:00,23.65416666666667,34.12427520751953,18.115991592407227,55.98999786376953
Chronos2,2025-08-03 00:00:00+00:00,HB_PAN,2025-08-03 22:00:00+00:00,26.574166666666667,38.52328109741211,19.2916202545166,68.91807556152344
Chronos2,2025-08-03 00:00:00+00:00,HB_PAN,2025-08-03 23:00:00+00:00,46.875,43.6674690246582,19.229341506958008,92.2632064819336
Chronos2,2025-08-03 00:00:00+00:00,LZ_WEST,2025-08-03 00:00:00+00:00,39.899166666666666,55.698551177978516,38.199867248535156,87.41987609863281
Chronos2,2025-08-03 00:00:00+00:00,LZ_WEST,2025-08-03 01:00:00+00:00,54.1775,67.07281494140625,45.46647262573242,103.08734893798828
Chronos2,2025-08-03 00:00:00+00:00,LZ_WEST,2025-08-03 02:00:00+00:00,71.385,70.23550415039062,49.35395812988281,103.3155288696289
Chronos2,2025-08-03 00:00:00+00:00,LZ_WEST,2025-08-03 03:00:00+00:00,77.07,69.06107330322266,48.70625686645508,98.43096160888672
Chronos2,2025-08-03 00:00:00+00:00,LZ_WEST,2025-08-03 04:00:00+00:00,69.75916666666667,66.16047668457031,47.56756591796875,94.18064880371094
Chronos2,2025-08-03 00:00:00+00:00,LZ_WEST,2025-08-03 05:00:00+00:00,50.10833333333333,65.5020523071289,46.97972106933594,91.75904846191406
Chronos2,2025-08-03 00:00:00+00:00,LZ_WEST,2025-08-03 06:00:00+00:00,55.58583333333333,66.06697845458984,46.693058013916016,92.63817596435547
Chronos2,2025-08-03 00:00:00+00:00,LZ_WEST,2025-08-03 07:00:00+00:00,50.09833333333333,68.000244140625,47.731170654296875,96.16204071044922
Chronos2,2025-08-03 00:00:00+00:00,LZ_WEST,2025-08-03 08:00:00+00:00,35.825833333333335,69.7342300415039,47.57952117919922,100.8916015625
Chronos2,2025-08-03 00:00:00+00:00,LZ_WEST,2025-08-03 09:00:00+00:00,29.205,69.17936706542969,45.82454299926758,100.58493041992188
Chronos2,2025-08-03 00:00:00+00:00,LZ_WEST,2025-08-03 10:00:00+00:00,23.83,64.6690444946289,42.5988655090332,94.91923522949219
Chronos2,2025-08-03 00:00:00+00:00,LZ_WEST,2025-08-03 11:00:00+00:00,24.39333333333333,58.016422271728516,37.83049774169922,85.40895080566406
Chronos2,2025-08-03 00:00:00+00:00,LZ_WEST,2025-08-03 12:00:00+00:00,21.579166666666666,46.54646682739258,29.632984161376953,69.8606185913086
Chronos2,2025-08-03 00:00:00+00:00,LZ_WEST,2025-08-03 13:00:00+00:00,15.015,33.15515899658203,20.61700439453125,50.41158676147461
Chronos2,2025-08-03 00:00:00+00:00,LZ_WEST,2025-08-03 14:00:00+00:00,13.998333333333331,27.23326301574707,16.396785736083984,41.502628326416016
Chronos2,2025-08-03 00:00:00+00:00,LZ_WEST,2025-08-03 15:00:00+00:00,14.559166666666668,24.850048065185547,14.69384765625,37.571327209472656
Chronos2,2025-08-03 00:00:00+00:00,LZ_WEST,2025-08-03 16:00:00+00:00,12.895833333333334,25.75775909423828,14.49252700805664,38.44890594482422
Chronos2,2025-08-03 00:00:00+00:00,LZ_WEST,2025-08-03 17:00:00+00:00,10.393333333333333,25.02242088317871,13.600547790527344,39.51923751831055
Chronos2,2025-08-03 00:00:00+00:00,LZ_WEST,2025-08-03 18:00:00+00:00,15.224166666666669,25.64801788330078,13.286239624023438,42.35751724243164
Chronos2,2025-08-03 00:00:00+00:00,LZ_WEST,2025-08-03 19:00:00+00:00,22.16333333333333,27.850610733032227,13.931694030761719,49.67138671875
Chronos2,2025-08-03 00:00:00+00:00,LZ_WEST,2025-08-03 20:00:00+00:00,25.9675,31.742645263671875,15.697959899902344,60.4405517578125
Chronos2,2025-08-03 00:00:00+00:00,LZ_WEST,2025-08-03 21:00:00+00:00,26.124166666666667,35.79801559448242,16.808658599853516,73.94158935546875
Chronos2,2025-08-03 00:00:00+00:00,LZ_WEST,2025-08-03 22:00:00+00:00,31.981666666666666,39.59634780883789,18.83867073059082,84.15480041503906
Chronos2,2025-08-03 00:00:00+00:00,LZ_WEST,2025-08-03 23:00:00+00:00,50.30583333333333,44.72563171386719,22.01921844482422,91.36052703857422
Chronos2,2025-08-04 00:00:00+00:00,HB_HUBAVG,2025-08-04 00:00:00+00:00,78.65416666666667,70.57235717773438,43.97029495239258,115.17848205566406
Chronos2,2025-08-04 00:00:00+00:00,HB_HUBAVG,2025-08-04 01:00:00+00:00,77.76,73.75660705566406,40.881778717041016,132.18357849121094
Chronos2,2025-08-04 00:00:00+00:00,HB_HUBAVG,2025-08-04 02:00:00+00:00,62.35416666666666,60.24769973754883,39.161434173583984,102.07835388183594
Chronos2,2025-08-04 00:00:00+00:00,HB_HUBAVG,2025-08-04 03:00:00+00:00,31.219166666666663,42.798404693603516,30.297998428344727,62.305423736572266
Chronos2,2025-08-04 00:00:00+00:00,HB_HUBAVG,2025-08-04 04:00:00+00:00,27.84083333333333,32.66191864013672,24.735118865966797,43.846290588378906
Chronos2,2025-08-04 00:00:00+00:00,HB_HUBAVG,2025-08-04 05:00:00+00:00,25.065,29.12132453918457,22.741989135742188,37.98106384277344
Chronos2,2025-08-04 00:00:00+00:00,HB_HUBAVG,2025-08-04 06:00:00+00:00,23.7525,26.96889305114746,21.55698013305664,34.87438201904297
Chronos2,2025-08-04 00:00:00+00:00,HB_HUBAVG,2025-08-04 07:00:00+00:00,23.81,25.962417602539062,20.218460083007812,33.52067184448242
Chronos2,2025-08-04 00:00:00+00:00,HB_HUBAVG,2025-08-04 08:00:00+00:00,24.90333333333333,25.686992645263672,19.160045623779297,31.997982025146484
Chronos2,2025-08-04 00:00:00+00:00,HB_HUBAVG,2025-08-04 09:00:00+00:00,24.91583333333333,25.397903442382812,19.28438949584961,31.8315372467041
Chronos2,2025-08-04 00:00:00+00:00,HB_HUBAVG,2025-08-04 10:00:00+00:00,25.111666666666665,26.128662109375,19.452686309814453,33.01802062988281
Chronos2,2025-08-04 00:00:00+00:00,HB_HUBAVG,2025-08-04 11:00:00+00:00,27.359166666666667,26.18435287475586,18.61958885192871,33.91822052001953
Chronos2,2025-08-04 00:00:00+00:00,HB_HUBAVG,2025-08-04 12:00:00+00:00,26.145,23.660213470458984,16.43336296081543,31.846792221069336
Chronos2,2025-08-04 00:00:00+00:00,HB_HUBAVG,2025-08-04 13:00:00+00:00,23.245,19.996959686279297,13.905355453491211,27.72793197631836
Chronos2,2025-08-04 00:00:00+00:00,HB_HUBAVG,2025-08-04 14:00:00+00:00,22.6625,17.539701461791992,11.656635284423828,24.82263946533203
Chronos2,2025-08-04 00:00:00+00:00,HB_HUBAVG,2025-08-04 15:00:00+00:00,23.4375,17.916553497314453,11.742115020751953,25.09859275817871
Chronos2,2025-08-04 00:00:00+00:00,HB_HUBAVG,2025-08-04 16:00:00+00:00,22.3575,21.137868881225586,14.923894882202148,28.44075584411621
Chronos2,2025-08-04 00:00:00+00:00,HB_HUBAVG,2025-08-04 17:00:00+00:00,20.6075,24.43838119506836,17.161300659179688,33.572837829589844
Chronos2,2025-08-04 00:00:00+00:00,HB_HUBAVG,2025-08-04 18:00:00+00:00,19.813333333333333,27.153602600097656,18.888341903686523,37.555686950683594
Chronos2,2025-08-04 00:00:00+00:00,HB_HUBAVG,2025-08-04 19:00:00+00:00,19.66583333333333,28.763198852539062,20.380868911743164,41.61593246459961
Chronos2,2025-08-04 00:00:00+00:00,HB_HUBAVG,2025-08-04 20:00:00+00:00,22.624166666666667,31.673480987548828,21.468618392944336,46.00261306762695
Chronos2,2025-08-04 00:00:00+00:00,HB_HUBAVG,2025-08-04 21:00:00+00:00,22.611666666666668,33.51807403564453,22.23578453063965,51.85356903076172
Chronos2,2025-08-04 00:00:00+00:00,HB_HUBAVG,2025-08-04 22:00:00+00:00,25.531666666666663,37.69466781616211,24.10727882385254,62.836456298828125
Chronos2,2025-08-04 00:00:00+00:00,HB_HUBAVG,2025-08-04 23:00:00+00:00,33.33583333333333,50.15498733520508,26.4017333984375,120.76284790039062
Chronos2,2025-08-04 00:00:00+00:00,HB_PAN,2025-08-04 00:00:00+00:00,79.88416666666667,66.13520812988281,36.93314743041992,108.27191162109375
Chronos2,2025-08-04 00:00:00+00:00,HB_PAN,2025-08-04 01:00:00+00:00,79.96666666666667,67.08551788330078,27.7083740234375,126.38634490966797
Chronos2,2025-08-04 00:00:00+00:00,HB_PAN,2025-08-04 02:00:00+00:00,63.70916666666667,54.428306579589844,21.06863784790039,105.37887573242188
Chronos2,2025-08-04 00:00:00+00:00,HB_PAN,2025-08-04 03:00:00+00:00,29.3875,31.00818634033203,14.059967041015625,60.57426452636719
Chronos2,2025-08-04 00:00:00+00:00,HB_PAN,2025-08-04 04:00:00+00:00,26.956666666666667,21.669832229614258,10.556581497192383,37.576595306396484
Chronos2,2025-08-04 00:00:00+00:00,HB_PAN,2025-08-04 05:00:00+00:00,24.550833333333333,20.848520278930664,10.407114028930664,33.58879089355469
Chronos2,2025-08-04 00:00:00+00:00,HB_PAN,2025-08-04 06:00:00+00:00,23.675833333333333,20.379058837890625,11.181495666503906,31.228965759277344
Chronos2,2025-08-04 00:00:00+00:00,HB_PAN,2025-08-04 07:00:00+00:00,23.81,20.619291305541992,11.096975326538086,30.29482078552246
Chronos2,2025-08-04 00:00:00+00:00,HB_PAN,2025-08-04 08:00:00+00:00,24.90333333333333,22.279529571533203,12.133996963500977,30.72947883605957
Chronos2,2025-08-04 00:00:00+00:00,HB_PAN,2025-08-04 09:00:00+00:00,24.91583333333333,23.53009796142578,13.725622177124023,33.02720642089844
Chronos2,2025-08-04 00:00:00+00:00,HB_PAN,2025-08-04 10:00:00+00:00,25.111666666666665,24.727476119995117,14.616792678833008,34.423831939697266
Chronos2,2025-08-04 00:00:00+00:00,HB_PAN,2025-08-04 11:00:00+00:00,27.359166666666667,24.676246643066406,13.688190460205078,34.76190185546875
Chronos2,2025-08-04 00:00:00+00:00,HB_PAN,2025-08-04 12:00:00+00:00,26.316666666666663,22.393665313720703,11.854949951171875,32.8330192565918
Chronos2,2025-08-04 00:00:00+00:00,HB_PAN,2025-08-04 13:00:00+00:00,23.245,20.011585235595703,9.400991439819336,29.950927734375
Chronos2,2025-08-04 00:00:00+00:00,HB_PAN,2025-08-04 14:00:00+00:00,22.66416666666667,17.701627731323242,7.707670211791992,28.078624725341797
Chronos2,2025-08-04 00:00:00+00:00,HB_PAN,2025-08-04 15:00:00+00:00,23.44083333333333,17.940954208374023,7.428699493408203,27.855823516845703
Chronos2,2025-08-04 00:00:00+00:00,HB_PAN,2025-08-04 16:00:00+00:00,22.376666666666665,20.283220291137695,9.14419937133789,29.525800704956055
Chronos2,2025-08-04 00:00:00+00:00,HB_PAN,2025-08-04 17:00:00+00:00,20.18166666666667,20.93878173828125,9.538240432739258,31.956806182861328
Chronos2,2025-08-04 00:00:00+00:00,HB_PAN,2025-08-04 18:00:00+00:00,19.3625,21.26055908203125,9.54239273071289,32.38175964355469
Chronos2,2025-08-04 00:00:00+00:00,HB_PAN,2025-08-04 19:00:00+00:00,19.6025,21.677825927734375,10.446537017822266,33.01191711425781
Chronos2,2025-08-04 00:00:00+00:00,HB_PAN,2025-08-04 20:00:00+00:00,22.735,23.151264190673828,10.965936660766602,35.81322479248047
Chronos2,2025-08-04 00:00:00+00:00,HB_PAN,2025-08-04 21:00:00+00:00,22.90416666666667,25.287342071533203,11.268882751464844,41.819725036621094
Chronos2,2025-08-04 00:00:00+00:00,HB_PAN,2025-08-04 22:00:00+00:00,25.8025,29.930795669555664,13.507722854614258,52.717918395996094
Chronos2,2025-08-04 00:00:00+00:00,HB_PAN,2025-08-04 23:00:00+00:00,33.87083333333333,51.26992416381836,18.03216552734375,118.14535522460938
Chronos2,2025-08-04 00:00:00+00:00,LZ_WEST,2025-08-04 00:00:00+00:00,81.20083333333334,62.464759826660156,38.17920684814453,104.22267150878906
Chronos2,2025-08-04 00:00:00+00:00,LZ_WEST,2025-08-04 01:00:00+00:00,80.70583333333333,68.17029571533203,39.98307800292969,119.61894989013672
Chronos2,2025-08-04 00:00:00+00:00,LZ_WEST,2025-08-04 02:00:00+00:00,66.505,64.81306457519531,39.11695861816406,108.74396514892578
Chronos2,2025-08-04 00:00:00+00:00,LZ_WEST,2025-08-04 03:00:00+00:00,42.47,55.93533706665039,34.645389556884766,91.04481506347656
Chronos2,2025-08-04 00:00:00+00:00,LZ_WEST,2025-08-04 04:00:00+00:00,46.48500000000001,50.90486526489258,31.663135528564453,81.92306518554688
Chronos2,2025-08-04 00:00:00+00:00,LZ_WEST,2025-08-04 05:00:00+00:00,35.372499999999995,47.365142822265625,29.505313873291016,76.43196105957031
Chronos2,2025-08-04 00:00:00+00:00,LZ_WEST,2025-08-04 06:00:00+00:00,25.3775,45.06393814086914,28.78842544555664,71.00282287597656
Chronos2,2025-08-04 00:00:00+00:00,LZ_WEST,2025-08-04 07:00:00+00:00,23.81,41.730918884277344,27.267505645751953,64.46562194824219
Chronos2,2025-08-04 00:00:00+00:00,LZ_WEST,2025-08-04 08:00:00+00:00,24.90333333333333,39.424678802490234,24.4571590423584,62.047325134277344
Chronos2,2025-08-04 00:00:00+00:00,LZ_WEST,2025-08-04 09:00:00+00:00,24.91583333333333,37.41841125488281,22.910236358642578,58.38927459716797
Chronos2,2025-08-04 00:00:00+00:00,LZ_WEST,2025-08-04 10:00:00+00:00,25.111666666666665,35.722591400146484,20.24290657043457,57.255470275878906
Chronos2,2025-08-04 00:00:00+00:00,LZ_WEST,2025-08-04 11:00:00+00:00,27.359166666666667,32.63216781616211,17.623851776123047,53.73176193237305
Chronos2,2025-08-04 00:00:00+00:00,LZ_WEST,2025-08-04 12:00:00+00:00,28.83583333333333,27.48504638671875,14.331470489501953,44.99671936035156
Chronos2,2025-08-04 00:00:00+00:00,LZ_WEST,2025-08-04 13:00:00+00:00,23.245,20.736003875732422,10.110218048095703,36.18750762939453
Chronos2,2025-08-04 00:00:00+00:00,LZ_WEST,2025-08-04 14:00:00+00:00,22.671666666666667,17.051849365234375,7.273780822753906,29.977087020874023
Chronos2,2025-08-04 00:00:00+00:00,LZ_WEST,2025-08-04 15:00:00+00:00,23.460833333333337,15.701473236083984,6.2494964599609375,28.28375816345215
Chronos2,2025-08-04 00:00:00+00:00,LZ_WEST,2025-08-04 16:00:00+00:00,22.451666666666668,18.096370697021484,8.862678527832031,30.087739944458008
Chronos2,2025-08-04 00:00:00+00:00,LZ_WEST,2025-08-04 17:00:00+00:00,19.9525,20.46593475341797,10.393562316894531,32.34600830078125
Chronos2,2025-08-04 00:00:00+00:00,LZ_WEST,2025-08-04 18:00:00+00:00,19.0975,24.48126983642578,12.873146057128906,40.07376480102539
Chronos2,2025-08-04 00:00:00+00:00,LZ_WEST,2025-08-04 19:00:00+00:00,19.56583333333333,29.450952529907227,14.909290313720703,51.26868438720703
Chronos2,2025-08-04 00:00:00+00:00,LZ_WEST,2025-08-04 20:00:00+00:00,22.742500000000003,35.887718200683594,17.27499008178711,66.36740112304688
Chronos2,2025-08-04 00:00:00+00:00,LZ_WEST,2025-08-04 21:00:00+00:00,22.95833333333333,38.56916809082031,18.408647537231445,76.15676879882812
Chronos2,2025-08-04 00:00:00+00:00,LZ_WEST,2025-08-04 22:00:00+00:00,25.8725,42.053314208984375,20.62220001220703,82.05721282958984
Chronos2,2025-08-04 00:00:00+00:00,LZ_WEST,2025-08-04 23:00:00+00:00,34.044999999999995,49.453895568847656,24.129396438598633,101.037353515625
Chronos2,2025-08-05 00:00:00+00:00,HB_HUBAVG,2025-08-05 00:00:00+00:00,35.86666666666667,55.691368103027344,33.53709030151367,106.7413330078125
Chronos2,2025-08-05 00:00:00+00:00,HB_HUBAVG,2025-08-05 01:00:00+00:00,33.055,62.94210433959961,30.826107025146484,133.23793029785156
Chronos2,2025-08-05 00:00:00+00:00,HB_HUBAVG,2025-08-05 02:00:00+00:00,29.493333333333336,53.949180603027344,30.683063507080078,105.96133422851562
Chronos2,2025-08-05 00:00:00+00:00,HB_HUBAVG,2025-08-05 03:00:00+00:00,24.46166666666667,37.26382064819336,24.39007568359375,61.09251403808594
Chronos2,2025-08-05 00:00:00+00:00,HB_HUBAVG,2025-08-05 04:00:00+00:00,23.88083333333333,29.403282165527344,20.360824584960938,44.313629150390625
Chronos2,2025-08-05 00:00:00+00:00,HB_HUBAVG,2025-08-05 05:00:00+00:00,23.575,26.81632423400879,18.601383209228516,39.007572174072266
Chronos2,2025-08-05 00:00:00+00:00,HB_HUBAVG,2025-08-05 06:00:00+00:00,22.17083333333333,25.82659149169922,18.32695198059082,36.03065490722656
Chronos2,2025-08-05 00:00:00+00:00,HB_HUBAVG,2025-08-05 07:00:00+00:00,20.50583333333333,25.443279266357422,17.29883575439453,34.46662521362305
Chronos2,2025-08-05 00:00:00+00:00,HB_HUBAVG,2025-08-05 08:00:00+00:00,20.07916666666667,25.047691345214844,17.168214797973633,33.24310302734375
Chronos2,2025-08-05 00:00:00+00:00,HB_HUBAVG,2025-08-05 09:00:00+00:00,20.051666666666662,25.32901382446289,17.10072135925293,34.17805862426758
Chronos2,2025-08-05 00:00:00+00:00,HB_HUBAVG,2025-08-05 10:00:00+00:00,21.236666666666668,25.643674850463867,17.23680305480957,34.4742317199707
Chronos2,2025-08-05 00:00:00+00:00,HB_HUBAVG,2025-08-05 11:00:00+00:00,21.69666666666667,25.824405670166016,16.598772048950195,35.71332931518555
Chronos2,2025-08-05 00:00:00+00:00,HB_HUBAVG,2025-08-05 12:00:00+00:00,19.865,24.046316146850586,15.635000228881836,33.63440704345703
Chronos2,2025-08-05 00:00:00+00:00,HB_HUBAVG,2025-08-05 13:00:00+00:00,16.05,21.557968139648438,14.67685317993164,29.930898666381836
Chronos2,2025-08-05 00:00:00+00:00,HB_HUBAVG,2025-08-05 14:00:00+00:00,15.960833333333332,19.700653076171875,12.990978240966797,27.70224380493164
Chronos2,2025-08-05 00:00:00+00:00,HB_HUBAVG,2025-08-05 15:00:00+00:00,14.5575,20.169952392578125,13.103689193725586,27.86998176574707
Chronos2,2025-08-05 00:00:00+00:00,HB_HUBAVG,2025-08-05 16:00:00+00:00,17.574166666666667,22.235864639282227,14.281925201416016,32.352413177490234
Chronos2,2025-08-05 00:00:00+00:00,HB_HUBAVG,2025-08-05 17:00:00+00:00,21.8175,22.600217819213867,13.79957389831543,33.95669174194336
Chronos2,2025-08-05 00:00:00+00:00,HB_HUBAVG,2025-08-05 18:00:00+00:00,26.24416666666667,24.196277618408203,14.403213500976562,36.14720153808594
Chronos2,2025-08-05 00:00:00+00:00,HB_HUBAVG,2025-08-05 19:00:00+00:00,28.6825,25.849361419677734,15.500968933105469,39.67613983154297
Chronos2,2025-08-05 00:00:00+00:00,HB_HUBAVG,2025-08-05 20:00:00+00:00,25.8825,25.862380981445312,15.681909561157227,40.58353805541992
Chronos2,2025-08-05 00:00:00+00:00,HB_HUBAVG,2025-08-05 21:00:00+00:00,24.94333333333333,27.365062713623047,15.746410369873047,44.75751495361328
Chronos2,2025-08-05 00:00:00+00:00,HB_HUBAVG,2025-08-05 22:00:00+00:00,21.46583333333333,33.3144645690918,17.6921329498291,58.18076705932617
Chronos2,2025-08-05 00:00:00+00:00,HB_HUBAVG,2025-08-05 23:00:00+00:00,25.71,50.89619445800781,22.374252319335938,118.88987731933594
Chronos2,2025-08-05 00:00:00+00:00,HB_PAN,2025-08-05 00:00:00+00:00,36.4475,76.85372161865234,38.26448059082031,137.5188751220703
Chronos2,2025-08-05 00:00:00+00:00,HB_PAN,2025-08-05 01:00:00+00:00,30.15833333333333,88.58808135986328,36.58453369140625,168.2244873046875
Chronos2,2025-08-05 00:00:00+00:00,HB_PAN,2025-08-05 02:00:00+00:00,23.796666666666667,72.436279296875,34.13093185424805,139.46197509765625
Chronos2,2025-08-05 00:00:00+00:00,HB_PAN,2025-08-05 03:00:00+00:00,21.695,40.316062927246094,23.098064422607422,75.7724609375
Chronos2,2025-08-05 00:00:00+00:00,HB_PAN,2025-08-05 04:00:00+00:00,23.118333333333336,29.23854637145996,17.046783447265625,51.274322509765625
Chronos2,2025-08-05 00:00:00+00:00,HB_PAN,2025-08-05 05:00:00+00:00,22.69083333333333,26.568561553955078,15.33525276184082,44.79359817504883
Chronos2,2025-08-05 00:00:00+00:00,HB_PAN,2025-08-05 06:00:00+00:00,21.835,25.585830688476562,14.928977966308594,40.02310562133789
Chronos2,2025-08-05 00:00:00+00:00,HB_PAN,2025-08-05 07:00:00+00:00,20.499166666666667,25.254962921142578,14.688899993896484,38.684627532958984
Chronos2,2025-08-05 00:00:00+00:00,HB_PAN,2025-08-05 08:00:00+00:00,20.07916666666667,25.201190948486328,14.913398742675781,36.607147216796875
Chronos2,2025-08-05 00:00:00+00:00,HB_PAN,2025-08-05 09:00:00+00:00,20.051666666666662,26.479598999023438,15.621736526489258,39.34808349609375
Chronos2,2025-08-05 00:00:00+00:00,HB_PAN,2025-08-05 10:00:00+00:00,21.236666666666668,27.406484603881836,16.40512466430664,39.36215591430664
Chronos2,2025-08-05 00:00:00+00:00,HB_PAN,2025-08-05 11:00:00+00:00,21.69666666666667,27.67255973815918,16.186262130737305,39.57973098754883
Chronos2,2025-08-05 00:00:00+00:00,HB_PAN,2025-08-05 12:00:00+00:00,19.865,26.081377029418945,14.63526725769043,37.158023834228516
Chronos2,2025-08-05 00:00:00+00:00,HB_PAN,2025-08-05 13:00:00+00:00,16.05,23.500225067138672,13.499029159545898,34.10715866088867
Chronos2,2025-08-05 00:00:00+00:00,HB_PAN,2025-08-05 14:00:00+00:00,15.935833333333331,21.85236167907715,12.323053359985352,31.510671615600586
Chronos2,2025-08-05 00:00:00+00:00,HB_PAN,2025-08-05 15:00:00+00:00,8.615833333333333,21.99901580810547,11.920812606811523,31.59126853942871
Chronos2,2025-08-05 00:00:00+00:00,HB_PAN,2025-08-05 16:00:00+00:00,4.108333333333333,23.699115753173828,12.078601837158203,35.418426513671875
Chronos2,2025-08-05 00:00:00+00:00,HB_PAN,2025-08-05 17:00:00+00:00,14.670833333333334,22.779613494873047,11.899770736694336,34.95918273925781
Chronos2,2025-08-05 00:00:00+00:00,HB_PAN,2025-08-05 18:00:00+00:00,21.164166666666667,22.324100494384766,11.228912353515625,35.09970474243164
Chronos2,2025-08-05 00:00:00+00:00,HB_PAN,2025-08-05 19:00:00+00:00,2.148333333333333,23.214061737060547,11.338447570800781,37.42976379394531
Chronos2,2025-08-05 00:00:00+00:00,HB_PAN,2025-08-05 20:00:00+00:00,4.615833333333334,23.52056121826172,11.193641662597656,41.372581481933594
Chronos2,2025-08-05 00:00:00+00:00,HB_PAN,2025-08-05 21:00:00+00:00,14.055833333333334,25.62082290649414,11.496271133422852,49.57829284667969
Chronos2,2025-08-05 00:00:00+00:00,HB_PAN,2025-08-05 22:00:00+00:00,19.19333333333333,31.88137435913086,13.570516586303711,65.22596740722656
Chronos2,2025-08-05 00:00:00+00:00,HB_PAN,2025-08-05 23:00:00+00:00,25.258333333333336,53.78535079956055,18.723417282104492,129.81007385253906
Chronos2,2025-08-05 00:00:00+00:00,LZ_WEST,2025-08-05 00:00:00+00:00,36.64333333333334,63.42980194091797,39.454368591308594,119.50248718261719
Chronos2,2025-08-05 00:00:00+00:00,LZ_WEST,2025-08-05 01:00:00+00:00,38.30833333333333,74.49346923828125,39.53184509277344,149.64395141601562
Chronos2,2025-08-05 00:00:00+00:00,LZ_WEST,2025-08-05 02:00:00+00:00,39.58416666666667,66.8521957397461,40.73155975341797,123.54867553710938
Chronos2,2025-08-05 00:00:00+00:00,LZ_WEST,2025-08-05 03:00:00+00:00,35.82666666666667,52.576393127441406,33.75476837158203,92.05172729492188
Chronos2,2025-08-05 00:00:00+00:00,LZ_WEST,2025-08-05 04:00:00+00:00,39.5475,46.629825592041016,29.550870895385742,80.60356140136719
Chronos2,2025-08-05 00:00:00+00:00,LZ_WEST,2025-08-05 05:00:00+00:00,41.969166666666666,44.33578872680664,27.851516723632812,77.78211975097656
Chronos2,2025-08-05 00:00:00+00:00,LZ_WEST,2025-08-05 06:00:00+00:00,29.165000000000003,42.98183059692383,26.921098709106445,74.98999786376953
Chronos2,2025-08-05 00:00:00+00:00,LZ_WEST,2025-08-05 07:00:00+00:00,20.631666666666664,41.82009506225586,25.756502151489258,72.38109588623047
Chronos2,2025-08-05 00:00:00+00:00,LZ_WEST,2025-08-05 08:00:00+00:00,20.07916666666667,39.470001220703125,24.209186553955078,68.55284118652344
Chronos2,2025-08-05 00:00:00+00:00,LZ_WEST,2025-08-05 09:00:00+00:00,20.051666666666662,37.96487808227539,22.989728927612305,65.57091522216797
Chronos2,2025-08-05 00:00:00+00:00,LZ_WEST,2025-08-05 10:00:00+00:00,21.236666666666668,36.16475296020508,21.92140007019043,62.86870193481445
Chronos2,2025-08-05 00:00:00+00:00,LZ_WEST,2025-08-05 11:00:00+00:00,21.69666666666667,34.653358459472656,19.44830894470215,64.59110260009766
Chronos2,2025-08-05 00:00:00+00:00,LZ_WEST,2025-08-05 12:00:00+00:00,19.865,29.890344619750977,17.37051010131836,51.278587341308594
Chronos2,2025-08-05 00:00:00+00:00,LZ_WEST,2025-08-05 13:00:00+00:00,16.05,23.78348731994629,15.164142608642578,39.046783447265625
Chronos2,2025-08-05 00:00:00+00:00,LZ_WEST,2025-08-05 14:00:00+00:00,15.923333333333334,21.052711486816406,13.57992172241211,32.90363311767578
Chronos2,2025-08-05 00:00:00+00:00,LZ_WEST,2025-08-05 15:00:00+00:00,11.810833333333331,20.700584411621094,13.146514892578125,31.30060577392578
Chronos2,2025-08-05 00:00:00+00:00,LZ_WEST,2025-08-05 16:00:00+00:00,12.235833333333334,21.95375633239746,13.374759674072266,34.98884582519531
Chronos2,2025-08-05 00:00:00+00:00,LZ_WEST,2025-08-05 17:00:00+00:00,15.946666666666664,21.931657791137695,13.2530517578125,33.580108642578125
Chronos2,2025-08-05 00:00:00+00:00,LZ_WEST,2025-08-05 18:00:00+00:00,21.13083333333333,22.63138198852539,13.599231719970703,36.344581604003906
Chronos2,2025-08-05 00:00:00+00:00,LZ_WEST,2025-08-05 19:00:00+00:00,24.441666666666663,25.560462951660156,15.787109375,41.77445602416992
Chronos2,2025-08-05 00:00:00+00:00,LZ_WEST,2025-08-05 20:00:00+00:00,21.055,27.48554039001465,16.647804260253906,47.95166778564453
Chronos2,2025-08-05 00:00:00+00:00,LZ_WEST,2025-08-05 21:00:00+00:00,19.775,29.158184051513672,16.484466552734375,51.7541389465332
Chronos2,2025-08-05 00:00:00+00:00,LZ_WEST,2025-08-05 22:00:00+00:00,19.65,33.37089920043945,18.958044052124023,59.97903060913086
Chronos2,2025-08-05 00:00:00+00:00,LZ_WEST,2025-08-05 23:00:00+00:00,25.796666666666667,46.63104248046875,23.64729118347168,98.302001953125
Chronos2,2025-08-06 00:00:00+00:00,HB_HUBAVG,2025-08-06 00:00:00+00:00,40.1175,26.664356231689453,19.16558837890625,38.038509368896484
Chronos2,2025-08-06 00:00:00+00:00,HB_HUBAVG,2025-08-06 01:00:00+00:00,38.435,26.45305061340332,17.654769897460938,41.362125396728516
Chronos2,2025-08-06 00:00:00+00:00,HB_HUBAVG,2025-08-06 02:00:00+00:00,33.0225,24.800338745117188,16.294662475585938,38.313053131103516
Chronos2,2025-08-06 00:00:00+00:00,HB_HUBAVG,2025-08-06 03:00:00+00:00,26.796666666666667,22.271879196166992,14.949758529663086,31.95223617553711
Chronos2,2025-08-06 00:00:00+00:00,HB_HUBAVG,2025-08-06 04:00:00+00:00,24.405,20.49586296081543,14.076318740844727,27.988780975341797
Chronos2,2025-08-06 00:00:00+00:00,HB_HUBAVG,2025-08-06 05:00:00+00:00,23.379166666666663,19.495386123657227,12.955049514770508,27.008146286010742
Chronos2,2025-08-06 00:00:00+00:00,HB_HUBAVG,2025-08-06 06:00:00+00:00,22.521666666666665,19.138731002807617,13.005231857299805,26.056732177734375
Chronos2,2025-08-06 00:00:00+00:00,HB_HUBAVG,2025-08-06 07:00:00+00:00,19.741666666666667,18.59558868408203,12.34766960144043,25.320018768310547
Chronos2,2025-08-06 00:00:00+00:00,HB_HUBAVG,2025-08-06 08:00:00+00:00,18.4175,18.221664428710938,11.80618667602539,24.45916748046875
Chronos2,2025-08-06 00:00:00+00:00,HB_HUBAVG,2025-08-06 09:00:00+00:00,18.064166666666665,18.025243759155273,11.626916885375977,24.13196563720703
Chronos2,2025-08-06 00:00:00+00:00,HB_HUBAVG,2025-08-06 10:00:00+00:00,23.10833333333333,17.608768463134766,11.025697708129883,23.934919357299805
Chronos2,2025-08-06 00:00:00+00:00,HB_HUBAVG,2025-08-06 11:00:00+00:00,24.97583333333333,16.9349308013916,10.017507553100586,23.57156753540039
Chronos2,2025-08-06 00:00:00+00:00,HB_HUBAVG,2025-08-06 12:00:00+00:00,21.5525,15.917657852172852,9.120155334472656,22.053516387939453
Chronos2,2025-08-06 00:00:00+00:00,HB_HUBAVG,2025-08-06 13:00:00+00:00,16.019166666666667,14.426509857177734,8.358585357666016,20.943906784057617
Chronos2,2025-08-06 00:00:00+00:00,HB_HUBAVG,2025-08-06 14:00:00+00:00,15.130833333333332,13.562965393066406,7.638422012329102,19.529953002929688
Chronos2,2025-08-06 00:00:00+00:00,HB_HUBAVG,2025-08-06 15:00:00+00:00,15.098333333333334,13.354202270507812,7.183643341064453,19.392818450927734
Chronos2,2025-08-06 00:00:00+00:00,HB_HUBAVG,2025-08-06 16:00:00+00:00,21.254166666666663,13.746253967285156,6.943084716796875,20.389850616455078
Chronos2,2025-08-06 00:00:00+00:00,HB_HUBAVG,2025-08-06 17:00:00+00:00,28.81583333333333,14.737022399902344,7.198783874511719,21.760019302368164
Chronos2,2025-08-06 00:00:00+00:00,HB_HUBAVG,2025-08-06 18:00:00+00:00,37.43416666666666,15.534849166870117,7.69099235534668,23.00472640991211
Chronos2,2025-08-06 00:00:00+00:00,HB_HUBAVG,2025-08-06 19:00:00+00:00,27.144166666666667,16.372255325317383,8.564214706420898,24.72621726989746
Chronos2,2025-08-06 00:00:00+00:00,HB_HUBAVG,2025-08-06 20:00:00+00:00,24.078333333333333,17.029809951782227,8.608779907226562,25.83238410949707
Chronos2,2025-08-06 00:00:00+00:00,HB_HUBAVG,2025-08-06 21:00:00+00:00,22.161666666666665,17.609655380249023,8.017635345458984,29.577102661132812
Chronos2,2025-08-06 00:00:00+00:00,HB_HUBAVG,2025-08-06 22:00:00+00:00,20.32333333333333,18.909950256347656,8.338842391967773,34.76013946533203
Chronos2,2025-08-06 00:00:00+00:00,HB_HUBAVG,2025-08-06 23:00:00+00:00,31.034166666666664,21.74435806274414,7.425609588623047,50.21028518676758
Chronos2,2025-08-06 00:00:00+00:00,HB_PAN,2025-08-06 00:00:00+00:00,37.7825,25.327560424804688,9.743467330932617,40.991981506347656
Chronos2,2025-08-06 00:00:00+00:00,HB_PAN,2025-08-06 01:00:00+00:00,31.459166666666665,21.552444458007812,0.3774375915527344,44.522342681884766
Chronos2,2025-08-06 00:00:00+00:00,HB_PAN,2025-08-06 02:00:00+00:00,10.841666666666669,18.059751510620117,-2.5457534790039062,38.3410758972168
Chronos2,2025-08-06 00:00:00+00:00,HB_PAN,2025-08-06 03:00:00+00:00,7.449999999999999,15.213434219360352,-4.942832946777344,32.4266242980957
Chronos2,2025-08-06 00:00:00+00:00,HB_PAN,2025-08-06 04:00:00+00:00,10.616666666666667,13.824846267700195,-2.3871383666992188,27.996646881103516
Chronos2,2025-08-06 00:00:00+00:00,HB_PAN,2025-08-06 05:00:00+00:00,13.8175,14.161687850952148,-0.13933944702148438,24.960874557495117
Chronos2,2025-08-06 00:00:00+00:00,HB_PAN,2025-08-06 06:00:00+00:00,13.361666666666666,14.417474746704102,0.7678909301757812,24.258852005004883
Chronos2,2025-08-06 00:00:00+00:00,HB_PAN,2025-08-06 07:00:00+00:00,12.205,14.480167388916016,0.4525718688964844,23.984432220458984
Chronos2,2025-08-06 00:00:00+00:00,HB_PAN,2025-08-06 08:00:00+00:00,13.209166666666668,14.824329376220703,2.0559005737304688,24.353363037109375
Chronos2,2025-08-06 00:00:00+00:00,HB_PAN,2025-08-06 09:00:00+00:00,17.783333333333335,15.211004257202148,2.7858505249023438,25.071666717529297
Chronos2,2025-08-06 00:00:00+00:00,HB_PAN,2025-08-06 10:00:00+00:00,16.531666666666666,15.357820510864258,3.6162681579589844,24.71550178527832
Chronos2,2025-08-06 00:00:00+00:00,HB_PAN,2025-08-06 11:00:00+00:00,17.358333333333334,15.181640625,2.8145523071289062,24.769004821777344
Chronos2,2025-08-06 00:00:00+00:00,HB_PAN,2025-08-06 12:00:00+00:00,19.866666666666667,14.665512084960938,1.4733467102050781,24.696178436279297
Chronos2,2025-08-06 00:00:00+00:00,HB_PAN,2025-08-06 13:00:00+00:00,16.015,13.782648086547852,-0.6063461303710938,23.813642501831055
Chronos2,2025-08-06 00:00:00+00:00,HB_PAN,2025-08-06 14:00:00+00:00,6.131666666666667,12.345611572265625,-0.704254150390625,22.61484146118164
Chronos2,2025-08-06 00:00:00+00:00,HB_PAN,2025-08-06 15:00:00+00:00,0.9591666666666666,11.92962646484375,-1.6969375610351562,22.08293914794922
Chronos2,2025-08-06 00:00:00+00:00,HB_PAN,2025-08-06 16:00:00+00:00,1.6558333333333335,12.868772506713867,-3.581867218017578,22.437339782714844
Chronos2,2025-08-06 00:00:00+00:00,HB_PAN,2025-08-06 17:00:00+00:00,1.2308333333333332,13.16030502319336,-5.903133392333984,23.640567779541016
Chronos2,2025-08-06 00:00:00+00:00,HB_PAN,2025-08-06 18:00:00+00:00,0.805,13.577299118041992,-6.204643249511719,24.636825561523438
Chronos2,2025-08-06 00:00:00+00:00,HB_PAN,2025-08-06 19:00:00+00:00,6.971666666666667,13.879419326782227,-7.702838897705078,25.711090087890625
Chronos2,2025-08-06 00:00:00+00:00,HB_PAN,2025-08-06 20:00:00+00:00,19.918333333333333,14.232614517211914,-6.128971099853516,27.264362335205078
Chronos2,2025-08-06 00:00:00+00:00,HB_PAN,2025-08-06 21:00:00+00:00,16.86,15.430093765258789,-4.386817932128906,28.08283042907715
Chronos2,2025-08-06 00:00:00+00:00,HB_PAN,2025-08-06 22:00:00+00:00,16.613333333333333,16.876811981201172,-4.129596710205078,31.91611671447754
Chronos2,2025-08-06 00:00:00+00:00,HB_PAN,2025-08-06 23:00:00+00:00,28.089166666666667,17.97342300415039,-9.62490463256836,43.466739654541016
Chronos2,2025-08-06 00:00:00+00:00,LZ_WEST,2025-08-06 00:00:00+00:00,41.1775,29.057083129882812,19.79793357849121,47.949039459228516
Chronos2,2025-08-06 00:00:00+00:00,LZ_WEST,2025-08-06 01:00:00+00:00,47.38833333333333,31.90713119506836,19.597272872924805,57.97380065917969
Chronos2,2025-08-06 00:00:00+00:00,LZ_WEST,2025-08-06 02:00:00+00:00,58.97666666666667,31.683958053588867,18.902067184448242,56.038543701171875
Chronos2,2025-08-06 00:00:00+00:00,LZ_WEST,2025-08-06 03:00:00+00:00,48.45666666666667,29.215412139892578,17.471323013305664,50.86206817626953
Chronos2,2025-08-06 00:00:00+00:00,LZ_WEST,2025-08-06 04:00:00+00:00,39.181666666666665,27.053457260131836,16.069005966186523,47.9147834777832
Chronos2,2025-08-06 00:00:00+00:00,LZ_WEST,2025-08-06 05:00:00+00:00,47.056666666666665,24.989307403564453,14.697750091552734,44.33993148803711
Chronos2,2025-08-06 00:00:00+00:00,LZ_WEST,2025-08-06 06:00:00+00:00,42.1575,23.08447265625,14.286506652832031,38.36796188354492
Chronos2,2025-08-06 00:00:00+00:00,LZ_WEST,2025-08-06 07:00:00+00:00,29.89916666666667,20.76756477355957,12.6539306640625,34.606204986572266
Chronos2,2025-08-06 00:00:00+00:00,LZ_WEST,2025-08-06 08:00:00+00:00,25.82166666666667,19.18885040283203,11.457866668701172,30.537179946899414
Chronos2,2025-08-06 00:00:00+00:00,LZ_WEST,2025-08-06 09:00:00+00:00,18.42,18.071598052978516,10.502197265625,28.598196029663086
Chronos2,2025-08-06 00:00:00+00:00,LZ_WEST,2025-08-06 10:00:00+00:00,34.57416666666666,17.092178344726562,9.372913360595703,26.51532554626465
Chronos2,2025-08-06 00:00:00+00:00,LZ_WEST,2025-08-06 11:00:00+00:00,37.836666666666666,15.725399017333984,7.980049133300781,25.300626754760742
Chronos2,2025-08-06 00:00:00+00:00,LZ_WEST,2025-08-06 12:00:00+00:00,22.930833333333336,14.511863708496094,6.940288543701172,22.0235595703125
Chronos2,2025-08-06 00:00:00+00:00,LZ_WEST,2025-08-06 13:00:00+00:00,16.0225,12.17654800415039,5.715339660644531,19.626394271850586
Chronos2,2025-08-06 00:00:00+00:00,LZ_WEST,2025-08-06 14:00:00+00:00,14.580833333333333,11.071121215820312,4.906620025634766,18.120676040649414
Chronos2,2025-08-06 00:00:00+00:00,LZ_WEST,2025-08-06 15:00:00+00:00,9.3275,10.750923156738281,4.116111755371094,18.195653915405273
Chronos2,2025-08-06 00:00:00+00:00,LZ_WEST,2025-08-06 16:00:00+00:00,17.468333333333334,11.318809509277344,4.4349822998046875,18.512985229492188
Chronos2,2025-08-06 00:00:00+00:00,LZ_WEST,2025-08-06 17:00:00+00:00,28.77416666666667,12.136932373046875,5.310600280761719,18.89993667602539
Chronos2,2025-08-06 00:00:00+00:00,LZ_WEST,2025-08-06 18:00:00+00:00,34.43833333333333,12.585044860839844,5.808326721191406,19.325239181518555
Chronos2,2025-08-06 00:00:00+00:00,LZ_WEST,2025-08-06 19:00:00+00:00,23.47,13.91836166381836,7.109340667724609,20.426132202148438
Chronos2,2025-08-06 00:00:00+00:00,LZ_WEST,2025-08-06 20:00:00+00:00,18.499166666666667,14.828826904296875,7.440364837646484,22.9301815032959
Chronos2,2025-08-06 00:00:00+00:00,LZ_WEST,2025-08-06 21:00:00+00:00,14.024166666666666,15.893640518188477,7.299747467041016,23.900882720947266
Chronos2,2025-08-06 00:00:00+00:00,LZ_WEST,2025-08-06 22:00:00+00:00,13.449166666666663,17.688547134399414,8.57687759399414,31.48523712158203
Chronos2,2025-08-06 00:00:00+00:00,LZ_WEST,2025-08-06 23:00:00+00:00,27.77916666666667,23.573667526245117,10.065998077392578,47.968223571777344
Chronos2,2025-08-07 00:00:00+00:00,HB_HUBAVG,2025-08-07 00:00:00+00:00,64.33749999999999,49.206851959228516,32.95996856689453,82.33882904052734
Chronos2,2025-08-07 00:00:00+00:00,HB_HUBAVG,2025-08-07 01:00:00+00:00,78.28916666666667,49.78080749511719,29.92204475402832,92.35379028320312
Chronos2,2025-08-07 00:00:00+00:00,HB_HUBAVG,2025-08-07 02:00:00+00:00,73.70083333333334,44.03572463989258,29.043441772460938,81.0831298828125
Chronos2,2025-08-07 00:00:00+00:00,HB_HUBAVG,2025-08-07 03:00:00+00:00,34.40833333333333,34.5844841003418,24.339866638183594,53.219505310058594
Chronos2,2025-08-07 00:00:00+00:00,HB_HUBAVG,2025-08-07 04:00:00+00:00,30.16,29.861753463745117,22.092594146728516,41.66572570800781
Chronos2,2025-08-07 00:00:00+00:00,HB_HUBAVG,2025-08-07 05:00:00+00:00,28.725,29.189865112304688,21.58443832397461,40.5759391784668
Chronos2,2025-08-07 00:00:00+00:00,HB_HUBAVG,2025-08-07 06:00:00+00:00,26.671666666666667,28.831071853637695,20.924392700195312,41.01770782470703
Chronos2,2025-08-07 00:00:00+00:00,HB_HUBAVG,2025-08-07 07:00:00+00:00,27.570833333333336,27.004013061523438,20.57890510559082,35.62581253051758
Chronos2,2025-08-07 00:00:00+00:00,HB_HUBAVG,2025-08-07 08:00:00+00:00,24.49416666666667,26.165035247802734,19.648866653442383,33.659950256347656
Chronos2,2025-08-07 00:00:00+00:00,HB_HUBAVG,2025-08-07 09:00:00+00:00,27.2175,26.200796127319336,19.347299575805664,34.8430061340332
Chronos2,2025-08-07 00:00:00+00:00,HB_HUBAVG,2025-08-07 10:00:00+00:00,29.534166666666664,28.186569213867188,19.61370086669922,40.242942810058594
Chronos2,2025-08-07 00:00:00+00:00,HB_HUBAVG,2025-08-07 11:00:00+00:00,32.0525,29.010360717773438,19.753013610839844,42.71308517456055
Chronos2,2025-08-07 00:00:00+00:00,HB_HUBAVG,2025-08-07 12:00:00+00:00,26.89833333333333,26.00096321105957,17.71269989013672,36.87936782836914
Chronos2,2025-08-07 00:00:00+00:00,HB_HUBAVG,2025-08-07 13:00:00+00:00,20.1525,21.827106475830078,14.725202560424805,31.209415435791016
Chronos2,2025-08-07 00:00:00+00:00,HB_HUBAVG,2025-08-07 14:00:00+00:00,20.39333333333333,19.46930503845215,12.99428939819336,28.572702407836914
Chronos2,2025-08-07 00:00:00+00:00,HB_HUBAVG,2025-08-07 15:00:00+00:00,21.004166666666663,19.982501983642578,12.690994262695312,29.007457733154297
Chronos2,2025-08-07 00:00:00+00:00,HB_HUBAVG,2025-08-07 16:00:00+00:00,24.5375,25.65735626220703,15.875232696533203,37.39301300048828
Chronos2,2025-08-07 00:00:00+00:00,HB_HUBAVG,2025-08-07 17:00:00+00:00,25.2,31.627513885498047,18.729223251342773,54.33905029296875
Chronos2,2025-08-07 00:00:00+00:00,HB_HUBAVG,2025-08-07 18:00:00+00:00,23.7625,35.37257385253906,19.792510986328125,69.20673370361328
Chronos2,2025-08-07 00:00:00+00:00,HB_HUBAVG,2025-08-07 19:00:00+00:00,22.3975,32.971012115478516,20.2477970123291,56.11619567871094
Chronos2,2025-08-07 00:00:00+00:00,HB_HUBAVG,2025-08-07 20:00:00+00:00,26.07083333333333,29.643028259277344,18.300947189331055,45.68646240234375
Chronos2,2025-08-07 00:00:00+00:00,HB_HUBAVG,2025-08-07 21:00:00+00:00,22.346666666666664,27.10727310180664,16.479736328125,42.66615295410156
Chronos2,2025-08-07 00:00:00+00:00,HB_HUBAVG,2025-08-07 22:00:00+00:00,23.261666666666667,27.962905883789062,16.693071365356445,46.406654357910156
Chronos2,2025-08-07 00:00:00+00:00,HB_HUBAVG,2025-08-07 23:00:00+00:00,36.57083333333333,38.98963928222656,21.777095794677734,90.48934936523438
Chronos2,2025-08-07 00:00:00+00:00,HB_PAN,2025-08-07 00:00:00+00:00,64.87916666666666,54.025047302246094,32.018798828125,88.00543212890625
Chronos2,2025-08-07 00:00:00+00:00,HB_PAN,2025-08-07 01:00:00+00:00,79.71,53.03420639038086,18.706195831298828,108.02661895751953
Chronos2,2025-08-07 00:00:00+00:00,HB_PAN,2025-08-07 02:00:00+00:00,68.12916666666666,39.83395767211914,7.425695419311523,91.17022705078125
Chronos2,2025-08-07 00:00:00+00:00,HB_PAN,2025-08-07 03:00:00+00:00,17.69,26.866291046142578,7.694067001342773,57.44389343261719
Chronos2,2025-08-07 00:00:00+00:00,HB_PAN,2025-08-07 04:00:00+00:00,14.485833333333334,23.882164001464844,10.196741104125977,39.31073760986328
Chronos2,2025-08-07 00:00:00+00:00,HB_PAN,2025-08-07 05:00:00+00:00,10.905833333333334,24.16439437866211,11.933063507080078,36.89254379272461
Chronos2,2025-08-07 00:00:00+00:00,HB_PAN,2025-08-07 06:00:00+00:00,9.698333333333332,24.176837921142578,12.397808074951172,35.58475112915039
Chronos2,2025-08-07 00:00:00+00:00,HB_PAN,2025-08-07 07:00:00+00:00,6.607500000000001,24.01329803466797,12.752664566040039,34.755615234375
Chronos2,2025-08-07 00:00:00+00:00,HB_PAN,2025-08-07 08:00:00+00:00,11.755,25.257272720336914,13.819068908691406,36.83353042602539
Chronos2,2025-08-07 00:00:00+00:00,HB_PAN,2025-08-07 09:00:00+00:00,10.620833333333334,26.36994743347168,14.693586349487305,38.167354583740234
Chronos2,2025-08-07 00:00:00+00:00,HB_PAN,2025-08-07 10:00:00+00:00,5.869166666666666,27.09664535522461,15.00804328918457,39.64762878417969
Chronos2,2025-08-07 00:00:00+00:00,HB_PAN,2025-08-07 11:00:00+00:00,14.2825,27.247943878173828,15.192611694335938,39.60355758666992
Chronos2,2025-08-07 00:00:00+00:00,HB_PAN,2025-08-07 12:00:00+00:00,21.40833333333333,25.880640029907227,13.222816467285156,37.83971405029297
Chronos2,2025-08-07 00:00:00+00:00,HB_PAN,2025-08-07 13:00:00+00:00,20.1525,22.424072265625,8.658041000366211,35.1633415222168
Chronos2,2025-08-07 00:00:00+00:00,HB_PAN,2025-08-07 14:00:00+00:00,20.39333333333333,18.98419189453125,4.997894287109375,34.389251708984375
Chronos2,2025-08-07 00:00:00+00:00,HB_PAN,2025-08-07 15:00:00+00:00,21.16333333333333,17.217056274414062,3.10064697265625,33.17056655883789
Chronos2,2025-08-07 00:00:00+00:00,HB_PAN,2025-08-07 16:00:00+00:00,25.77,17.726133346557617,3.5849361419677734,32.869659423828125
Chronos2,2025-08-07 00:00:00+00:00,HB_PAN,2025-08-07 17:00:00+00:00,22.486666666666665,19.432987213134766,5.37901496887207,33.35870361328125
Chronos2,2025-08-07 00:00:00+00:00,HB_PAN,2025-08-07 18:00:00+00:00,19.77,19.733747482299805,5.420982360839844,34.534061431884766
Chronos2,2025-08-07 00:00:00+00:00,HB_PAN,2025-08-07 19:00:00+00:00,7.675833333333333,21.700679779052734,7.437734603881836,36.14609909057617
Chronos2,2025-08-07 00:00:00+00:00,HB_PAN,2025-08-07 20:00:00+00:00,13.459166666666668,27.290220260620117,11.077686309814453,44.60053634643555
Chronos2,2025-08-07 00:00:00+00:00,HB_PAN,2025-08-07 21:00:00+00:00,13.413333333333334,31.592111587524414,12.413829803466797,53.94995880126953
Chronos2,2025-08-07 00:00:00+00:00,HB_PAN,2025-08-07 22:00:00+00:00,14.125,34.55859375,13.362552642822266,63.44056701660156
Chronos2,2025-08-07 00:00:00+00:00,HB_PAN,2025-08-07 23:00:00+00:00,12.920000000000002,47.95507049560547,18.699169158935547,99.80360412597656
Chronos2,2025-08-07 00:00:00+00:00,LZ_WEST,2025-08-07 00:00:00+00:00,71.625,53.170536041259766,32.100921630859375,100.83018493652344
Chronos2,2025-08-07 00:00:00+00:00,LZ_WEST,2025-08-07 01:00:00+00:00,84.6025,63.71034240722656,36.940528869628906,121.55259704589844
Chronos2,2025-08-07 00:00:00+00:00,LZ_WEST,2025-08-07 02:00:00+00:00,81.97416666666666,67.20084381103516,39.401615142822266,120.94512939453125
Chronos2,2025-08-07 00:00:00+00:00,LZ_WEST,2025-08-07 03:00:00+00:00,65.00166666666667,60.60769271850586,37.5161018371582,103.95068359375
Chronos2,2025-08-07 00:00:00+00:00,LZ_WEST,2025-08-07 04:00:00+00:00,53.020833333333336,55.99544906616211,34.486061096191406,94.45149230957031
Chronos2,2025-08-07 00:00:00+00:00,LZ_WEST,2025-08-07 05:00:00+00:00,56.270833333333336,54.26492691040039,32.79505157470703,93.92178344726562
Chronos2,2025-08-07 00:00:00+00:00,LZ_WEST,2025-08-07 06:00:00+00:00,54.4875,51.68116760253906,30.727153778076172,93.49931335449219
Chronos2,2025-08-07 00:00:00+00:00,LZ_WEST,2025-08-07 07:00:00+00:00,64.7175,46.12117385864258,27.901283264160156,79.8918685913086
Chronos2,2025-08-07 00:00:00+00:00,LZ_WEST,2025-08-07 08:00:00+00:00,51.723333333333336,41.80539321899414,24.14167022705078,72.99493408203125
Chronos2,2025-08-07 00:00:00+00:00,LZ_WEST,2025-08-07 09:00:00+00:00,63.96,40.522586822509766,23.129440307617188,71.95276641845703
Chronos2,2025-08-07 00:00:00+00:00,LZ_WEST,2025-08-07 10:00:00+00:00,57.634166666666665,42.719295501708984,22.848392486572266,81.32637023925781
Chronos2,2025-08-07 00:00:00+00:00,LZ_WEST,2025-08-07 11:00:00+00:00,58.51666666666667,42.609375,22.449464797973633,79.21817016601562
Chronos2,2025-08-07 00:00:00+00:00,LZ_WEST,2025-08-07 12:00:00+00:00,44.17583333333334,34.04249954223633,18.434118270874023,62.985816955566406
Chronos2,2025-08-07 00:00:00+00:00,LZ_WEST,2025-08-07 13:00:00+00:00,20.1525,26.09870147705078,14.014223098754883,47.16389083862305
Chronos2,2025-08-07 00:00:00+00:00,LZ_WEST,2025-08-07 14:00:00+00:00,20.401666666666667,22.834598541259766,12.081611633300781,41.916934967041016
Chronos2,2025-08-07 00:00:00+00:00,LZ_WEST,2025-08-07 15:00:00+00:00,21.0175,22.546384811401367,11.736854553222656,38.965084075927734
Chronos2,2025-08-07 00:00:00+00:00,LZ_WEST,2025-08-07 16:00:00+00:00,24.90833333333333,27.47553825378418,12.500179290771484,51.05464553833008
Chronos2,2025-08-07 00:00:00+00:00,LZ_WEST,2025-08-07 17:00:00+00:00,22.808333333333337,29.705299377441406,14.571666717529297,56.68122863769531
Chronos2,2025-08-07 00:00:00+00:00,LZ_WEST,2025-08-07 18:00:00+00:00,19.773333333333333,30.95618438720703,15.685089111328125,59.44010925292969
Chronos2,2025-08-07 00:00:00+00:00,LZ_WEST,2025-08-07 19:00:00+00:00,10.093333333333334,30.8399658203125,17.10519027709961,56.05491638183594
Chronos2,2025-08-07 00:00:00+00:00,LZ_WEST,2025-08-07 20:00:00+00:00,9.488333333333332,31.450420379638672,16.049680709838867,57.59452438354492
Chronos2,2025-08-07 00:00:00+00:00,LZ_WEST,2025-08-07 21:00:00+00:00,10.035,31.12269401550293,15.799087524414062,60.176517486572266
Chronos2,2025-08-07 00:00:00+00:00,LZ_WEST,2025-08-07 22:00:00+00:00,14.445833333333333,34.2551155090332,17.83282470703125,69.69233703613281
Chronos2,2025-08-07 00:00:00+00:00,LZ_WEST,2025-08-07 23:00:00+00:00,37.2525,46.85673904418945,23.863218307495117,109.1334228515625
Chronos2,2025-08-08 00:00:00+00:00,HB_HUBAVG,2025-08-08 00:00:00+00:00,89.76666666666667,61.408485412597656,35.93156814575195,95.27688598632812
Chronos2,2025-08-08 00:00:00+00:00,HB_HUBAVG,2025-08-08 01:00:00+00:00,82.5725,68.20108795166016,32.41129684448242,119.64242553710938
Chronos2,2025-08-08 00:00:00+00:00,HB_HUBAVG,2025-08-08 02:00:00+00:00,49.939166666666665,55.7709846496582,28.753631591796875,101.10740661621094
Chronos2,2025-08-08 00:00:00+00:00,HB_HUBAVG,2025-08-08 03:00:00+00:00,37.06916666666667,33.97439956665039,24.997617721557617,49.10969543457031
Chronos2,2025-08-08 00:00:00+00:00,HB_HUBAVG,2025-08-08 04:00:00+00:00,31.008333333333336,29.29747772216797,23.213790893554688,36.333770751953125
Chronos2,2025-08-08 00:00:00+00:00,HB_HUBAVG,2025-08-08 05:00:00+00:00,25.924166666666665,28.98079490661621,23.308351516723633,35.72309875488281
Chronos2,2025-08-08 00:00:00+00:00,HB_HUBAVG,2025-08-08 06:00:00+00:00,26.175833333333333,27.927295684814453,22.954336166381836,34.36797332763672
Chronos2,2025-08-08 00:00:00+00:00,HB_HUBAVG,2025-08-08 07:00:00+00:00,23.66,27.12125015258789,22.444610595703125,32.617828369140625
Chronos2,2025-08-08 00:00:00+00:00,HB_HUBAVG,2025-08-08 08:00:00+00:00,21.134166666666665,26.83625030517578,21.93436050415039,31.283517837524414
Chronos2,2025-08-08 00:00:00+00:00,HB_HUBAVG,2025-08-08 09:00:00+00:00,20.860833333333336,26.85784149169922,21.757957458496094,32.51057815551758
Chronos2,2025-08-08 00:00:00+00:00,HB_HUBAVG,2025-08-08 10:00:00+00:00,22.14583333333333,28.82924461364746,22.25067901611328,37.08174514770508
Chronos2,2025-08-08 00:00:00+00:00,HB_HUBAVG,2025-08-08 11:00:00+00:00,23.325833333333332,30.360057830810547,23.012645721435547,41.33198165893555
Chronos2,2025-08-08 00:00:00+00:00,HB_HUBAVG,2025-08-08 12:00:00+00:00,20.870833333333337,27.287965774536133,21.10525131225586,34.549407958984375
Chronos2,2025-08-08 00:00:00+00:00,HB_HUBAVG,2025-08-08 13:00:00+00:00,15.593333333333334,22.5921688079834,17.614770889282227,28.145719528198242
Chronos2,2025-08-08 00:00:00+00:00,HB_HUBAVG,2025-08-08 14:00:00+00:00,15.795,20.501262664794922,15.811203002929688,25.350950241088867
Chronos2,2025-08-08 00:00:00+00:00,HB_HUBAVG,2025-08-08 15:00:00+00:00,16.765,21.023658752441406,16.448705673217773,25.813072204589844
Chronos2,2025-08-08 00:00:00+00:00,HB_HUBAVG,2025-08-08 16:00:00+00:00,18.13583333333333,24.095584869384766,17.445152282714844,30.62030792236328
Chronos2,2025-08-08 00:00:00+00:00,HB_HUBAVG,2025-08-08 17:00:00+00:00,19.9325,25.96625518798828,18.601360321044922,35.211788177490234
Chronos2,2025-08-08 00:00:00+00:00,HB_HUBAVG,2025-08-08 18:00:00+00:00,22.09166666666667,27.41035270690918,18.881999969482422,41.40789794921875
Chronos2,2025-08-08 00:00:00+00:00,HB_HUBAVG,2025-08-08 19:00:00+00:00,20.8125,27.860416412353516,19.450950622558594,40.35383987426758
Chronos2,2025-08-08 00:00:00+00:00,HB_HUBAVG,2025-08-08 20:00:00+00:00,24.1525,28.567306518554688,19.292680740356445,41.93117904663086
Chronos2,2025-08-08 00:00:00+00:00,HB_HUBAVG,2025-08-08 21:00:00+00:00,21.92083333333333,28.341567993164062,18.647808074951172,43.88814163208008
Chronos2,2025-08-08 00:00:00+00:00,HB_HUBAVG,2025-08-08 22:00:00+00:00,22.9375,30.720195770263672,19.062400817871094,54.703128814697266
Chronos2,2025-08-08 00:00:00+00:00,HB_HUBAVG,2025-08-08 23:00:00+00:00,28.633333333333336,40.16746139526367,22.45871353149414,84.64849853515625
Chronos2,2025-08-08 00:00:00+00:00,HB_PAN,2025-08-08 00:00:00+00:00,47.3025,19.02631950378418,5.4080810546875,45.280399322509766
Chronos2,2025-08-08 00:00:00+00:00,HB_PAN,2025-08-08 01:00:00+00:00,30.31583333333333,19.141231536865234,-3.0220947265625,63.466400146484375
Chronos2,2025-08-08 00:00:00+00:00,HB_PAN,2025-08-08 02:00:00+00:00,3.896666666666667,16.026893615722656,-4.176216125488281,57.44139099121094
Chronos2,2025-08-08 00:00:00+00:00,HB_PAN,2025-08-08 03:00:00+00:00,0.0,13.631975173950195,-3.3617019653320312,40.54703140258789
Chronos2,2025-08-08 00:00:00+00:00,HB_PAN,2025-08-08 04:00:00+00:00,3.6841666666666666,13.169843673706055,-0.3795166015625,30.97475242614746
Chronos2,2025-08-08 00:00:00+00:00,HB_PAN,2025-08-08 05:00:00+00:00,8.565,13.082462310791016,0.9826145172119141,27.13225746154785
Chronos2,2025-08-08 00:00:00+00:00,HB_PAN,2025-08-08 06:00:00+00:00,5.403333333333333,12.815629959106445,2.015470504760742,23.765552520751953
Chronos2,2025-08-08 00:00:00+00:00,HB_PAN,2025-08-08 07:00:00+00:00,9.8375,12.67684555053711,2.196308135986328,22.247182846069336
Chronos2,2025-08-08 00:00:00+00:00,HB_PAN,2025-08-08 08:00:00+00:00,10.748333333333331,13.47852611541748,2.5858592987060547,22.07207489013672
Chronos2,2025-08-08 00:00:00+00:00,HB_PAN,2025-08-08 09:00:00+00:00,15.505833333333332,13.45969295501709,1.9893779754638672,23.64801025390625
Chronos2,2025-08-08 00:00:00+00:00,HB_PAN,2025-08-08 10:00:00+00:00,21.1075,13.634969711303711,2.1138172149658203,23.746946334838867
Chronos2,2025-08-08 00:00:00+00:00,HB_PAN,2025-08-08 11:00:00+00:00,22.935,13.817709922790527,2.0993728637695312,24.593463897705078
Chronos2,2025-08-08 00:00:00+00:00,HB_PAN,2025-08-08 12:00:00+00:00,20.87,14.342042922973633,2.557313919067383,25.65008544921875
Chronos2,2025-08-08 00:00:00+00:00,HB_PAN,2025-08-08 13:00:00+00:00,7.728333333333333,13.955585479736328,0.9512100219726562,26.125999450683594
Chronos2,2025-08-08 00:00:00+00:00,HB_PAN,2025-08-08 14:00:00+00:00,1.375,12.554113388061523,-0.4201164245605469,27.195354461669922
Chronos2,2025-08-08 00:00:00+00:00,HB_PAN,2025-08-08 15:00:00+00:00,1.015,12.444873809814453,-0.6855983734130859,28.118661880493164
Chronos2,2025-08-08 00:00:00+00:00,HB_PAN,2025-08-08 16:00:00+00:00,6.475833333333333,13.851484298706055,-1.5637645721435547,31.357906341552734
Chronos2,2025-08-08 00:00:00+00:00,HB_PAN,2025-08-08 17:00:00+00:00,13.3125,14.483327865600586,-1.7608089447021484,32.80281448364258
Chronos2,2025-08-08 00:00:00+00:00,HB_PAN,2025-08-08 18:00:00+00:00,3.085833333333333,13.550768852233887,-2.0517330169677734,32.088340759277344
Chronos2,2025-08-08 00:00:00+00:00,HB_PAN,2025-08-08 19:00:00+00:00,0.66,12.807121276855469,-1.2635574340820312,26.588457107543945
Chronos2,2025-08-08 00:00:00+00:00,HB_PAN,2025-08-08 20:00:00+00:00,0.3666666666666667,13.70928955078125,-0.3819923400878906,26.657791137695312
Chronos2,2025-08-08 00:00:00+00:00,HB_PAN,2025-08-08 21:00:00+00:00,0.3066666666666667,15.356831550598145,-0.3523273468017578,31.428783416748047
Chronos2,2025-08-08 00:00:00+00:00,HB_PAN,2025-08-08 22:00:00+00:00,0.18,16.054235458374023,-1.5442085266113281,39.52163314819336
Chronos2,2025-08-08 00:00:00+00:00,HB_PAN,2025-08-08 23:00:00+00:00,0.8624999999999999,18.727340698242188,-4.2216033935546875,59.840232849121094
Chronos2,2025-08-08 00:00:00+00:00,LZ_WEST,2025-08-08 00:00:00+00:00,114.5625,71.23143005371094,45.16806411743164,97.02471923828125
Chronos2,2025-08-08 00:00:00+00:00,LZ_WEST,2025-08-08 01:00:00+00:00,112.56666666666666,77.38182067871094,47.77118682861328,104.16148376464844
Chronos2,2025-08-08 00:00:00+00:00,LZ_WEST,2025-08-08 02:00:00+00:00,87.91833333333334,74.44355773925781,45.118263244628906,101.88296508789062
Chronos2,2025-08-08 00:00:00+00:00,LZ_WEST,2025-08-08 03:00:00+00:00,81.07000000000001,66.17820739746094,40.11432647705078,92.46917724609375
Chronos2,2025-08-08 00:00:00+00:00,LZ_WEST,2025-08-08 04:00:00+00:00,67.13166666666667,60.64818572998047,36.49213790893555,85.48290252685547
Chronos2,2025-08-08 00:00:00+00:00,LZ_WEST,2025-08-08 05:00:00+00:00,50.73333333333333,59.2418212890625,35.13993835449219,82.86724853515625
Chronos2,2025-08-08 00:00:00+00:00,LZ_WEST,2025-08-08 06:00:00+00:00,63.51916666666667,57.66398620605469,34.322967529296875,82.09268951416016
Chronos2,2025-08-08 00:00:00+00:00,LZ_WEST,2025-08-08 07:00:00+00:00,54.05583333333333,57.813873291015625,34.0616569519043,82.71879577636719
Chronos2,2025-08-08 00:00:00+00:00,LZ_WEST,2025-08-08 08:00:00+00:00,38.7325,56.01636505126953,32.47845458984375,82.30084228515625
Chronos2,2025-08-08 00:00:00+00:00,LZ_WEST,2025-08-08 09:00:00+00:00,36.0925,55.98307418823242,31.185382843017578,83.09584045410156
Chronos2,2025-08-08 00:00:00+00:00,LZ_WEST,2025-08-08 10:00:00+00:00,34.166666666666664,55.009708404541016,29.725309371948242,81.64836883544922
Chronos2,2025-08-08 00:00:00+00:00,LZ_WEST,2025-08-08 11:00:00+00:00,28.0875,50.2583122253418,28.2929744720459,74.43229675292969
Chronos2,2025-08-08 00:00:00+00:00,LZ_WEST,2025-08-08 12:00:00+00:00,20.88,40.50172805786133,22.50443458557129,61.18040466308594
Chronos2,2025-08-08 00:00:00+00:00,LZ_WEST,2025-08-08 13:00:00+00:00,15.36,25.598434448242188,14.495794296264648,42.17018508911133
Chronos2,2025-08-08 00:00:00+00:00,LZ_WEST,2025-08-08 14:00:00+00:00,15.371666666666668,20.57728385925293,11.152189254760742,32.96514129638672
Chronos2,2025-08-08 00:00:00+00:00,LZ_WEST,2025-08-08 15:00:00+00:00,12.861666666666666,19.555009841918945,10.521440505981445,31.425716400146484
Chronos2,2025-08-08 00:00:00+00:00,LZ_WEST,2025-08-08 16:00:00+00:00,11.669166666666667,19.82042121887207,7.943714141845703,35.67393112182617
Chronos2,2025-08-08 00:00:00+00:00,LZ_WEST,2025-08-08 17:00:00+00:00,11.830833333333333,19.306142807006836,7.657970428466797,36.131690979003906
Chronos2,2025-08-08 00:00:00+00:00,LZ_WEST,2025-08-08 18:00:00+00:00,10.138333333333334,19.477632522583008,7.263359069824219,37.066463470458984
Chronos2,2025-08-08 00:00:00+00:00,LZ_WEST,2025-08-08 19:00:00+00:00,7.283333333333334,19.58832550048828,7.483085632324219,35.390838623046875
Chronos2,2025-08-08 00:00:00+00:00,LZ_WEST,2025-08-08 20:00:00+00:00,6.6475,19.389585494995117,6.457855224609375,38.76093292236328
Chronos2,2025-08-08 00:00:00+00:00,LZ_WEST,2025-08-08 21:00:00+00:00,7.198333333333333,21.311779022216797,7.2907257080078125,45.27906036376953
Chronos2,2025-08-08 00:00:00+00:00,LZ_WEST,2025-08-08 22:00:00+00:00,7.430833333333333,26.869949340820312,9.026954650878906,54.52967834472656
Chronos2,2025-08-08 00:00:00+00:00,LZ_WEST,2025-08-08 23:00:00+00:00,13.998333333333331,44.05570602416992,19.08479881286621,78.82316589355469
Chronos2,2025-08-09 00:00:00+00:00,HB_HUBAVG,2025-08-09 00:00:00+00:00,59.575,60.569297790527344,35.70740509033203,92.5538330078125
Chronos2,2025-08-09 00:00:00+00:00,HB_HUBAVG,2025-08-09 01:00:00+00:00,47.51583333333334,62.55430603027344,34.22196960449219,105.6239013671875
Chronos2,2025-08-09 00:00:00+00:00,HB_HUBAVG,2025-08-09 02:00:00+00:00,34.77166666666667,49.31627655029297,31.894775390625,82.79977416992188
Chronos2,2025-08-09 00:00:00+00:00,HB_HUBAVG,2025-08-09 03:00:00+00:00,29.646666666666665,33.11457824707031,26.05307960510254,44.54195022583008
Chronos2,2025-08-09 00:00:00+00:00,HB_HUBAVG,2025-08-09 04:00:00+00:00,27.09583333333333,28.60499382019043,23.80438232421875,35.95492935180664
Chronos2,2025-08-09 00:00:00+00:00,HB_HUBAVG,2025-08-09 05:00:00+00:00,24.959166666666665,27.696617126464844,23.20148468017578,34.029598236083984
Chronos2,2025-08-09 00:00:00+00:00,HB_HUBAVG,2025-08-09 06:00:00+00:00,24.04083333333333,26.306215286254883,22.64792823791504,31.35724639892578
Chronos2,2025-08-09 00:00:00+00:00,HB_HUBAVG,2025-08-09 07:00:00+00:00,24.820833333333336,25.434415817260742,22.25322723388672,29.896039962768555
Chronos2,2025-08-09 00:00:00+00:00,HB_HUBAVG,2025-08-09 08:00:00+00:00,22.956666666666667,24.79799461364746,21.396728515625,28.39376449584961
Chronos2,2025-08-09 00:00:00+00:00,HB_HUBAVG,2025-08-09 09:00:00+00:00,22.02916666666667,24.560197830200195,21.223722457885742,28.66996955871582
Chronos2,2025-08-09 00:00:00+00:00,HB_HUBAVG,2025-08-09 10:00:00+00:00,23.17333333333333,25.734130859375,21.642940521240234,31.198226928710938
Chronos2,2025-08-09 00:00:00+00:00,HB_HUBAVG,2025-08-09 11:00:00+00:00,24.56833333333333,27.00613784790039,21.971431732177734,34.41725158691406
Chronos2,2025-08-09 00:00:00+00:00,HB_HUBAVG,2025-08-09 12:00:00+00:00,22.569166666666664,24.78956413269043,20.275999069213867,30.727027893066406
Chronos2,2025-08-09 00:00:00+00:00,HB_HUBAVG,2025-08-09 13:00:00+00:00,15.2925,20.077285766601562,16.90645980834961,24.441482543945312
Chronos2,2025-08-09 00:00:00+00:00,HB_HUBAVG,2025-08-09 14:00:00+00:00,13.824166666666663,18.839599609375,15.686384201049805,22.888477325439453
Chronos2,2025-08-09 00:00:00+00:00,HB_HUBAVG,2025-08-09 15:00:00+00:00,10.265833333333331,19.139236450195312,15.949666976928711,23.06298065185547
Chronos2,2025-08-09 00:00:00+00:00,HB_HUBAVG,2025-08-09 16:00:00+00:00,14.1175,21.938798904418945,17.631866455078125,27.43952178955078
Chronos2,2025-08-09 00:00:00+00:00,HB_HUBAVG,2025-08-09 17:00:00+00:00,19.03333333333333,23.324588775634766,18.6278076171875,30.5744571685791
Chronos2,2025-08-09 00:00:00+00:00,HB_HUBAVG,2025-08-09 18:00:00+00:00,19.489166666666662,24.554187774658203,19.373802185058594,33.8372688293457
Chronos2,2025-08-09 00:00:00+00:00,HB_HUBAVG,2025-08-09 19:00:00+00:00,21.030833333333337,25.198230743408203,20.278858184814453,33.622520446777344
Chronos2,2025-08-09 00:00:00+00:00,HB_HUBAVG,2025-08-09 20:00:00+00:00,19.870833333333337,26.071949005126953,20.42236328125,35.0310173034668
Chronos2,2025-08-09 00:00:00+00:00,HB_HUBAVG,2025-08-09 21:00:00+00:00,18.89333333333333,26.05634117126465,20.364341735839844,35.43340301513672
Chronos2,2025-08-09 00:00:00+00:00,HB_HUBAVG,2025-08-09 22:00:00+00:00,19.91333333333333,27.253658294677734,21.07965087890625,37.9853401184082
Chronos2,2025-08-09 00:00:00+00:00,HB_HUBAVG,2025-08-09 23:00:00+00:00,32.3875,35.04452133178711,25.197284698486328,59.74884796142578
Chronos2,2025-08-09 00:00:00+00:00,HB_PAN,2025-08-09 00:00:00+00:00,35.38666666666666,19.515159606933594,3.944528579711914,53.4183349609375
Chronos2,2025-08-09 00:00:00+00:00,HB_PAN,2025-08-09 01:00:00+00:00,23.01,22.88517189025879,0.22341346740722656,74.85383605957031
Chronos2,2025-08-09 00:00:00+00:00,HB_PAN,2025-08-09 02:00:00+00:00,5.070833333333334,13.351410865783691,-0.18729591369628906,49.39066696166992
Chronos2,2025-08-09 00:00:00+00:00,HB_PAN,2025-08-09 03:00:00+00:00,8.559166666666666,7.694218635559082,-1.3772621154785156,25.5892333984375
Chronos2,2025-08-09 00:00:00+00:00,HB_PAN,2025-08-09 04:00:00+00:00,10.151666666666666,8.345185279846191,-0.7877597808837891,23.760540008544922
Chronos2,2025-08-09 00:00:00+00:00,HB_PAN,2025-08-09 05:00:00+00:00,12.558333333333332,9.62950325012207,-0.33702850341796875,24.59213638305664
Chronos2,2025-08-09 00:00:00+00:00,HB_PAN,2025-08-09 06:00:00+00:00,17.918333333333333,8.808769226074219,0.4783515930175781,19.374345779418945
Chronos2,2025-08-09 00:00:00+00:00,HB_PAN,2025-08-09 07:00:00+00:00,16.8475,9.39574909210205,0.8665294647216797,18.06800079345703
Chronos2,2025-08-09 00:00:00+00:00,HB_PAN,2025-08-09 08:00:00+00:00,15.061666666666667,11.483287811279297,2.215984344482422,22.037702560424805
Chronos2,2025-08-09 00:00:00+00:00,HB_PAN,2025-08-09 09:00:00+00:00,13.271666666666668,12.696550369262695,2.950033187866211,24.683391571044922
Chronos2,2025-08-09 00:00:00+00:00,HB_PAN,2025-08-09 10:00:00+00:00,17.600833333333334,12.7391357421875,2.853544235229492,25.336502075195312
Chronos2,2025-08-09 00:00:00+00:00,HB_PAN,2025-08-09 11:00:00+00:00,22.56583333333333,13.80009651184082,2.684785842895508,28.042984008789062
Chronos2,2025-08-09 00:00:00+00:00,HB_PAN,2025-08-09 12:00:00+00:00,21.04833333333333,13.782655715942383,2.6626148223876953,30.258466720581055
Chronos2,2025-08-09 00:00:00+00:00,HB_PAN,2025-08-09 13:00:00+00:00,15.29,10.94104290008545,0.9722709655761719,24.334388732910156
Chronos2,2025-08-09 00:00:00+00:00,HB_PAN,2025-08-09 14:00:00+00:00,12.010833333333332,8.109357833862305,-0.5473384857177734,19.813140869140625
Chronos2,2025-08-09 00:00:00+00:00,HB_PAN,2025-08-09 15:00:00+00:00,2.51,7.018718719482422,-1.5628986358642578,16.9521427154541
Chronos2,2025-08-09 00:00:00+00:00,HB_PAN,2025-08-09 16:00:00+00:00,7.595,8.70396614074707,-1.8376007080078125,21.078157424926758
Chronos2,2025-08-09 00:00:00+00:00,HB_PAN,2025-08-09 17:00:00+00:00,12.534166666666666,9.137880325317383,-1.2992267608642578,22.21515655517578
Chronos2,2025-08-09 00:00:00+00:00,HB_PAN,2025-08-09 18:00:00+00:00,13.733333333333334,7.976743698120117,-2.0626907348632812,19.530241012573242
Chronos2,2025-08-09 00:00:00+00:00,HB_PAN,2025-08-09 19:00:00+00:00,11.395,7.935211181640625,-1.5367507934570312,18.64279556274414
Chronos2,2025-08-09 00:00:00+00:00,HB_PAN,2025-08-09 20:00:00+00:00,9.026666666666666,9.354508399963379,-0.711822509765625,23.617145538330078
Chronos2,2025-08-09 00:00:00+00:00,HB_PAN,2025-08-09 21:00:00+00:00,8.995833333333334,10.357048034667969,-1.1535511016845703,25.858064651489258
Chronos2,2025-08-09 00:00:00+00:00,HB_PAN,2025-08-09 22:00:00+00:00,10.985,11.129617691040039,-0.8563632965087891,27.666471481323242
Chronos2,2025-08-09 00:00:00+00:00,HB_PAN,2025-08-09 23:00:00+00:00,23.631666666666664,16.230548858642578,1.17742919921875,40.24165344238281
Chronos2,2025-08-09 00:00:00+00:00,LZ_WEST,2025-08-09 00:00:00+00:00,68.76833333333333,52.02494430541992,25.274688720703125,90.98417663574219
Chronos2,2025-08-09 00:00:00+00:00,LZ_WEST,2025-08-09 01:00:00+00:00,67.875,60.62994384765625,28.239120483398438,98.4183120727539
Chronos2,2025-08-09 00:00:00+00:00,LZ_WEST,2025-08-09 02:00:00+00:00,65.65083333333332,59.57208251953125,32.14204406738281,93.44795227050781
Chronos2,2025-08-09 00:00:00+00:00,LZ_WEST,2025-08-09 03:00:00+00:00,57.3775,56.41038513183594,31.241769790649414,88.14793395996094
Chronos2,2025-08-09 00:00:00+00:00,LZ_WEST,2025-08-09 04:00:00+00:00,62.375,52.65834045410156,29.617706298828125,83.8892822265625
Chronos2,2025-08-09 00:00:00+00:00,LZ_WEST,2025-08-09 05:00:00+00:00,61.969166666666666,50.73606491088867,27.691991806030273,81.20620727539062
Chronos2,2025-08-09 00:00:00+00:00,LZ_WEST,2025-08-09 06:00:00+00:00,50.12833333333333,48.45783996582031,25.678884506225586,77.49479675292969
Chronos2,2025-08-09 00:00:00+00:00,LZ_WEST,2025-08-09 07:00:00+00:00,65.9775,44.514442443847656,24.02832794189453,74.65672302246094
Chronos2,2025-08-09 00:00:00+00:00,LZ_WEST,2025-08-09 08:00:00+00:00,63.99666666666667,38.88462829589844,20.658044815063477,68.12183380126953
Chronos2,2025-08-09 00:00:00+00:00,LZ_WEST,2025-08-09 09:00:00+00:00,64.62833333333333,36.5109748840332,18.102331161499023,66.36663818359375
Chronos2,2025-08-09 00:00:00+00:00,LZ_WEST,2025-08-09 10:00:00+00:00,59.3225,33.848045349121094,16.584840774536133,62.95348358154297
Chronos2,2025-08-09 00:00:00+00:00,LZ_WEST,2025-08-09 11:00:00+00:00,53.96083333333333,30.75252342224121,14.375675201416016,59.18461608886719
Chronos2,2025-08-09 00:00:00+00:00,LZ_WEST,2025-08-09 12:00:00+00:00,42.46833333333333,24.55304718017578,12.652381896972656,47.863834381103516
Chronos2,2025-08-09 00:00:00+00:00,LZ_WEST,2025-08-09 13:00:00+00:00,15.295,17.70810317993164,10.597009658813477,32.26314163208008
Chronos2,2025-08-09 00:00:00+00:00,LZ_WEST,2025-08-09 14:00:00+00:00,11.215833333333334,15.100120544433594,9.52556037902832,25.022111892700195
Chronos2,2025-08-09 00:00:00+00:00,LZ_WEST,2025-08-09 15:00:00+00:00,2.230833333333333,13.606298446655273,8.060653686523438,22.244964599609375
Chronos2,2025-08-09 00:00:00+00:00,LZ_WEST,2025-08-09 16:00:00+00:00,4.629166666666666,14.636711120605469,7.79948616027832,24.476486206054688
Chronos2,2025-08-09 00:00:00+00:00,LZ_WEST,2025-08-09 17:00:00+00:00,11.908333333333331,14.680097579956055,7.898914337158203,23.72821044921875
Chronos2,2025-08-09 00:00:00+00:00,LZ_WEST,2025-08-09 18:00:00+00:00,14.578333333333331,14.340557098388672,7.349580764770508,25.309650421142578
Chronos2,2025-08-09 00:00:00+00:00,LZ_WEST,2025-08-09 19:00:00+00:00,13.590833333333334,14.43414306640625,7.4556427001953125,23.82897186279297
Chronos2,2025-08-09 00:00:00+00:00,LZ_WEST,2025-08-09 20:00:00+00:00,7.114166666666667,13.963672637939453,7.269227981567383,24.039691925048828
Chronos2,2025-08-09 00:00:00+00:00,LZ_WEST,2025-08-09 21:00:00+00:00,6.814166666666666,14.709712982177734,7.654048919677734,27.233095169067383
Chronos2,2025-08-09 00:00:00+00:00,LZ_WEST,2025-08-09 22:00:00+00:00,8.488333333333333,16.30689239501953,7.8797760009765625,31.732330322265625
Chronos2,2025-08-09 00:00:00+00:00,LZ_WEST,2025-08-09 23:00:00+00:00,23.9875,25.31052017211914,11.514892578125,52.62397766113281
Chronos2,2025-08-10 00:00:00+00:00,HB_HUBAVG,2025-08-10 00:00:00+00:00,36.1975,59.42558670043945,41.07880401611328,86.22161865234375
Chronos2,2025-08-10 00:00:00+00:00,HB_HUBAVG,2025-08-10 01:00:00+00:00,32.9875,56.13311004638672,36.78993225097656,85.35231018066406
Chronos2,2025-08-10 00:00:00+00:00,HB_HUBAVG,2025-08-10 02:00:00+00:00,30.766666666666666,39.966304779052734,30.190120697021484,58.56230926513672
Chronos2,2025-08-10 00:00:00+00:00,HB_HUBAVG,2025-08-10 03:00:00+00:00,26.081666666666667,29.131834030151367,24.331134796142578,34.860965728759766
Chronos2,2025-08-10 00:00:00+00:00,HB_HUBAVG,2025-08-10 04:00:00+00:00,24.47583333333333,25.7802734375,22.049057006835938,30.030624389648438
Chronos2,2025-08-10 00:00:00+00:00,HB_HUBAVG,2025-08-10 05:00:00+00:00,22.66583333333333,23.998973846435547,20.64545249938965,27.62433624267578
Chronos2,2025-08-10 00:00:00+00:00,HB_HUBAVG,2025-08-10 06:00:00+00:00,22.374166666666667,22.74372673034668,19.37041664123535,26.22978401184082
Chronos2,2025-08-10 00:00:00+00:00,HB_HUBAVG,2025-08-10 07:00:00+00:00,23.9425,21.636985778808594,18.528064727783203,25.02931022644043
Chronos2,2025-08-10 00:00:00+00:00,HB_HUBAVG,2025-08-10 08:00:00+00:00,25.050833333333333,20.575210571289062,17.216571807861328,23.663654327392578
Chronos2,2025-08-10 00:00:00+00:00,HB_HUBAVG,2025-08-10 09:00:00+00:00,24.60833333333333,20.22526741027832,17.12078857421875,23.57402229309082
Chronos2,2025-08-10 00:00:00+00:00,HB_HUBAVG,2025-08-10 10:00:00+00:00,25.729166666666668,21.596372604370117,17.98466682434082,25.292505264282227
Chronos2,2025-08-10 00:00:00+00:00,HB_HUBAVG,2025-08-10 11:00:00+00:00,28.021666666666665,22.412378311157227,18.343761444091797,26.67972755432129
Chronos2,2025-08-10 00:00:00+00:00,HB_HUBAVG,2025-08-10 12:00:00+00:00,24.121666666666663,19.433143615722656,15.286338806152344,23.71259117126465
Chronos2,2025-08-10 00:00:00+00:00,HB_HUBAVG,2025-08-10 13:00:00+00:00,15.980833333333337,15.159058570861816,11.423795700073242,19.274280548095703
Chronos2,2025-08-10 00:00:00+00:00,HB_HUBAVG,2025-08-10 14:00:00+00:00,15.236666666666666,13.648991584777832,9.672847747802734,18.143753051757812
Chronos2,2025-08-10 00:00:00+00:00,HB_HUBAVG,2025-08-10 15:00:00+00:00,18.499166666666667,13.319657325744629,9.354467391967773,17.383750915527344
Chronos2,2025-08-10 00:00:00+00:00,HB_HUBAVG,2025-08-10 16:00:00+00:00,25.471666666666668,15.964818954467773,12.165018081665039,20.51746940612793
Chronos2,2025-08-10 00:00:00+00:00,HB_HUBAVG,2025-08-10 17:00:00+00:00,30.58,18.207963943481445,13.737031936645508,23.757240295410156
Chronos2,2025-08-10 00:00:00+00:00,HB_HUBAVG,2025-08-10 18:00:00+00:00,30.61583333333333,20.357582092285156,15.418152809143066,27.274311065673828
Chronos2,2025-08-10 00:00:00+00:00,HB_HUBAVG,2025-08-10 19:00:00+00:00,41.33833333333333,21.54650115966797,16.522876739501953,27.895584106445312
Chronos2,2025-08-10 00:00:00+00:00,HB_HUBAVG,2025-08-10 20:00:00+00:00,56.12583333333333,22.210979461669922,17.07275390625,28.843690872192383
Chronos2,2025-08-10 00:00:00+00:00,HB_HUBAVG,2025-08-10 21:00:00+00:00,53.97083333333333,21.66756820678711,16.45305061340332,28.1888427734375
Chronos2,2025-08-10 00:00:00+00:00,HB_HUBAVG,2025-08-10 22:00:00+00:00,42.20333333333333,23.378875732421875,17.161073684692383,32.00265884399414
Chronos2,2025-08-10 00:00:00+00:00,HB_HUBAVG,2025-08-10 23:00:00+00:00,37.72666666666667,32.6602897644043,22.894458770751953,52.353431701660156
Chronos2,2025-08-10 00:00:00+00:00,HB_PAN,2025-08-10 00:00:00+00:00,26.87,49.534217834472656,32.66301727294922,67.42131042480469
Chronos2,2025-08-10 00:00:00+00:00,HB_PAN,2025-08-10 01:00:00+00:00,9.816666666666666,42.65866470336914,22.081321716308594,60.374481201171875
Chronos2,2025-08-10 00:00:00+00:00,HB_PAN,2025-08-10 02:00:00+00:00,2.8441666666666667,18.875593185424805,4.154995918273926,38.166412353515625
Chronos2,2025-08-10 00:00:00+00:00,HB_PAN,2025-08-10 03:00:00+00:00,10.265833333333331,8.301450729370117,-2.0399608612060547,18.734216690063477
Chronos2,2025-08-10 00:00:00+00:00,HB_PAN,2025-08-10 04:00:00+00:00,10.880833333333332,9.207395553588867,0.44464111328125,17.671239852905273
Chronos2,2025-08-10 00:00:00+00:00,HB_PAN,2025-08-10 05:00:00+00:00,10.975833333333334,10.467265129089355,2.1248397827148438,17.862464904785156
Chronos2,2025-08-10 00:00:00+00:00,HB_PAN,2025-08-10 06:00:00+00:00,15.455,10.392221450805664,2.642775535583496,17.51361083984375
Chronos2,2025-08-10 00:00:00+00:00,HB_PAN,2025-08-10 07:00:00+00:00,14.03,10.969125747680664,3.3807573318481445,17.534826278686523
Chronos2,2025-08-10 00:00:00+00:00,HB_PAN,2025-08-10 08:00:00+00:00,15.11,12.532670974731445,4.604302406311035,19.365049362182617
Chronos2,2025-08-10 00:00:00+00:00,HB_PAN,2025-08-10 09:00:00+00:00,19.631666666666668,13.061107635498047,5.197568893432617,20.07353973388672
Chronos2,2025-08-10 00:00:00+00:00,HB_PAN,2025-08-10 10:00:00+00:00,20.26833333333333,13.70324993133545,5.481666564941406,20.973783493041992
Chronos2,2025-08-10 00:00:00+00:00,HB_PAN,2025-08-10 11:00:00+00:00,22.261666666666667,15.278861999511719,6.810006141662598,23.02092170715332
Chronos2,2025-08-10 00:00:00+00:00,HB_PAN,2025-08-10 12:00:00+00:00,19.44333333333333,15.074740409851074,5.950078964233398,23.312786102294922
Chronos2,2025-08-10 00:00:00+00:00,HB_PAN,2025-08-10 13:00:00+00:00,15.559166666666668,11.775096893310547,2.1672744750976562,20.54767608642578
Chronos2,2025-08-10 00:00:00+00:00,HB_PAN,2025-08-10 14:00:00+00:00,15.239166666666668,8.094183921813965,-2.1036853790283203,17.755931854248047
Chronos2,2025-08-10 00:00:00+00:00,HB_PAN,2025-08-10 15:00:00+00:00,18.55,5.142080307006836,-5.768852233886719,15.254150390625
Chronos2,2025-08-10 00:00:00+00:00,HB_PAN,2025-08-10 16:00:00+00:00,25.1175,6.474800109863281,-3.5326499938964844,15.501625061035156
Chronos2,2025-08-10 00:00:00+00:00,HB_PAN,2025-08-10 17:00:00+00:00,25.33833333333333,6.789340972900391,-3.141214370727539,15.207362174987793
Chronos2,2025-08-10 00:00:00+00:00,HB_PAN,2025-08-10 18:00:00+00:00,24.691666666666663,6.738198280334473,-4.0126800537109375,16.097244262695312
Chronos2,2025-08-10 00:00:00+00:00,HB_PAN,2025-08-10 19:00:00+00:00,35.5725,6.47055721282959,-4.428386688232422,15.777178764343262
Chronos2,2025-08-10 00:00:00+00:00,HB_PAN,2025-08-10 20:00:00+00:00,47.09166666666667,8.397209167480469,-2.2454566955566406,18.250551223754883
Chronos2,2025-08-10 00:00:00+00:00,HB_PAN,2025-08-10 21:00:00+00:00,42.3125,9.56484603881836,-1.4155559539794922,19.660898208618164
Chronos2,2025-08-10 00:00:00+00:00,HB_PAN,2025-08-10 22:00:00+00:00,28.63,11.668307304382324,-0.21763229370117188,23.345977783203125
Chronos2,2025-08-10 00:00:00+00:00,HB_PAN,2025-08-10 23:00:00+00:00,25.5525,18.862585067749023,3.7345962524414062,36.49757766723633
Chronos2,2025-08-10 00:00:00+00:00,LZ_WEST,2025-08-10 00:00:00+00:00,48.415,65.06642150878906,40.763431549072266,88.97257995605469
Chronos2,2025-08-10 00:00:00+00:00,LZ_WEST,2025-08-10 01:00:00+00:00,60.52583333333333,69.37068176269531,44.333213806152344,91.28504943847656
Chronos2,2025-08-10 00:00:00+00:00,LZ_WEST,2025-08-10 02:00:00+00:00,67.54083333333334,67.64166259765625,42.52861022949219,88.80630493164062
Chronos2,2025-08-10 00:00:00+00:00,LZ_WEST,2025-08-10 03:00:00+00:00,63.36166666666667,62.83361053466797,40.630226135253906,85.08660888671875
Chronos2,2025-08-10 00:00:00+00:00,LZ_WEST,2025-08-10 04:00:00+00:00,55.9,59.7873649597168,37.610618591308594,81.43727111816406
Chronos2,2025-08-10 00:00:00+00:00,LZ_WEST,2025-08-10 05:00:00+00:00,50.045,56.989349365234375,35.05897521972656,79.44638061523438
Chronos2,2025-08-10 00:00:00+00:00,LZ_WEST,2025-08-10 06:00:00+00:00,40.4875,52.887298583984375,30.747447967529297,76.8060302734375
Chronos2,2025-08-10 00:00:00+00:00,LZ_WEST,2025-08-10 07:00:00+00:00,57.77166666666667,50.93628692626953,27.687091827392578,75.73568725585938
Chronos2,2025-08-10 00:00:00+00:00,LZ_WEST,2025-08-10 08:00:00+00:00,70.28666666666668,43.65495300292969,21.6094913482666,69.35636901855469
Chronos2,2025-08-10 00:00:00+00:00,LZ_WEST,2025-08-10 09:00:00+00:00,59.35583333333333,41.32783508300781,20.189640045166016,65.76145935058594
Chronos2,2025-08-10 00:00:00+00:00,LZ_WEST,2025-08-10 10:00:00+00:00,62.49,39.29364776611328,18.49782943725586,63.541229248046875
Chronos2,2025-08-10 00:00:00+00:00,LZ_WEST,2025-08-10 11:00:00+00:00,65.53,36.251888275146484,16.764568328857422,58.11139678955078
Chronos2,2025-08-10 00:00:00+00:00,LZ_WEST,2025-08-10 12:00:00+00:00,50.70166666666666,27.306781768798828,12.694717407226562,46.065696716308594
Chronos2,2025-08-10 00:00:00+00:00,LZ_WEST,2025-08-10 13:00:00+00:00,16.739166666666666,15.453634262084961,7.48396110534668,27.55759620666504
Chronos2,2025-08-10 00:00:00+00:00,LZ_WEST,2025-08-10 14:00:00+00:00,15.245833333333332,12.831201553344727,6.149394989013672,22.236339569091797
Chronos2,2025-08-10 00:00:00+00:00,LZ_WEST,2025-08-10 15:00:00+00:00,18.47583333333333,10.949821472167969,4.625818252563477,18.870840072631836
Chronos2,2025-08-10 00:00:00+00:00,LZ_WEST,2025-08-10 16:00:00+00:00,24.981666666666666,10.79475212097168,3.809558868408203,20.126615524291992
Chronos2,2025-08-10 00:00:00+00:00,LZ_WEST,2025-08-10 17:00:00+00:00,27.425833333333333,11.183555603027344,3.899303436279297,19.910587310791016
Chronos2,2025-08-10 00:00:00+00:00,LZ_WEST,2025-08-10 18:00:00+00:00,27.031666666666663,11.681558609008789,4.208700180053711,21.535594940185547
Chronos2,2025-08-10 00:00:00+00:00,LZ_WEST,2025-08-10 19:00:00+00:00,39.071666666666665,11.671899795532227,4.017820358276367,19.660869598388672
Chronos2,2025-08-10 00:00:00+00:00,LZ_WEST,2025-08-10 20:00:00+00:00,54.105,10.759698867797852,3.6874141693115234,18.608997344970703
Chronos2,2025-08-10 00:00:00+00:00,LZ_WEST,2025-08-10 21:00:00+00:00,50.13166666666667,11.102060317993164,3.8674182891845703,19.167726516723633
Chronos2,2025-08-10 00:00:00+00:00,LZ_WEST,2025-08-10 22:00:00+00:00,36.340833333333336,13.616085052490234,4.97679328918457,23.532215118408203
Chronos2,2025-08-10 00:00:00+00:00,LZ_WEST,2025-08-10 23:00:00+00:00,35.44083333333334,25.630203247070312,11.374210357666016,42.043392181396484
Chronos2,2025-08-11 00:00:00+00:00,HB_HUBAVG,2025-08-11 00:00:00+00:00,41.5075,51.176570892333984,34.57948303222656,80.13875579833984
Chronos2,2025-08-11 00:00:00+00:00,HB_HUBAVG,2025-08-11 01:00:00+00:00,39.04416666666667,47.89380645751953,30.82622528076172,81.40116882324219
Chronos2,2025-08-11 00:00:00+00:00,HB_HUBAVG,2025-08-11 02:00:00+00:00,36.45583333333334,40.22230911254883,28.69713020324707,64.03569030761719
Chronos2,2025-08-11 00:00:00+00:00,HB_HUBAVG,2025-08-11 03:00:00+00:00,29.35166666666667,31.061702728271484,24.38817024230957,43.90557098388672
Chronos2,2025-08-11 00:00:00+00:00,HB_HUBAVG,2025-08-11 04:00:00+00:00,29.271666666666665,28.024124145507812,22.433847427368164,37.23539733886719
Chronos2,2025-08-11 00:00:00+00:00,HB_HUBAVG,2025-08-11 05:00:00+00:00,31.764166666666668,26.35708999633789,21.420419692993164,33.812992095947266
Chronos2,2025-08-11 00:00:00+00:00,HB_HUBAVG,2025-08-11 06:00:00+00:00,36.50333333333334,25.38520050048828,20.752845764160156,32.049034118652344
Chronos2,2025-08-11 00:00:00+00:00,HB_HUBAVG,2025-08-11 07:00:00+00:00,32.719166666666666,24.87103271484375,20.35030746459961,31.382244110107422
Chronos2,2025-08-11 00:00:00+00:00,HB_HUBAVG,2025-08-11 08:00:00+00:00,27.07333333333333,24.73855209350586,19.741609573364258,31.883113861083984
Chronos2,2025-08-11 00:00:00+00:00,HB_HUBAVG,2025-08-11 09:00:00+00:00,28.7475,25.05171775817871,19.915206909179688,32.36358642578125
Chronos2,2025-08-11 00:00:00+00:00,HB_HUBAVG,2025-08-11 10:00:00+00:00,29.430833333333336,26.33285903930664,20.82059669494629,34.44759750366211
Chronos2,2025-08-11 00:00:00+00:00,HB_HUBAVG,2025-08-11 11:00:00+00:00,30.945000000000004,26.727907180786133,20.8840389251709,35.79476547241211
Chronos2,2025-08-11 00:00:00+00:00,HB_HUBAVG,2025-08-11 12:00:00+00:00,27.055833333333336,24.112060546875,18.304954528808594,33.70372772216797
Chronos2,2025-08-11 00:00:00+00:00,HB_HUBAVG,2025-08-11 13:00:00+00:00,21.554166666666664,20.403657913208008,15.036928176879883,28.953794479370117
Chronos2,2025-08-11 00:00:00+00:00,HB_HUBAVG,2025-08-11 14:00:00+00:00,23.05666666666667,19.099000930786133,13.70279312133789,28.157014846801758
Chronos2,2025-08-11 00:00:00+00:00,HB_HUBAVG,2025-08-11 15:00:00+00:00,25.1375,19.045753479003906,13.528279304504395,28.721811294555664
Chronos2,2025-08-11 00:00:00+00:00,HB_HUBAVG,2025-08-11 16:00:00+00:00,31.314166666666665,22.659862518310547,16.387840270996094,34.35185241699219
Chronos2,2025-08-11 00:00:00+00:00,HB_HUBAVG,2025-08-11 17:00:00+00:00,38.03916666666667,24.662025451660156,17.604154586791992,40.34434127807617
Chronos2,2025-08-11 00:00:00+00:00,HB_HUBAVG,2025-08-11 18:00:00+00:00,29.705,25.923742294311523,18.304244995117188,44.196510314941406
Chronos2,2025-08-11 00:00:00+00:00,HB_HUBAVG,2025-08-11 19:00:00+00:00,32.49583333333333,27.05325698852539,18.688058853149414,47.69084930419922
Chronos2,2025-08-11 00:00:00+00:00,HB_HUBAVG,2025-08-11 20:00:00+00:00,35.37083333333333,28.116802215576172,18.163955688476562,57.816856384277344
Chronos2,2025-08-11 00:00:00+00:00,HB_HUBAVG,2025-08-11 21:00:00+00:00,43.115833333333335,27.74873924255371,18.41605567932129,52.86994171142578
Chronos2,2025-08-11 00:00:00+00:00,HB_HUBAVG,2025-08-11 22:00:00+00:00,29.90833333333333,27.808462142944336,19.508464813232422,48.913848876953125
Chronos2,2025-08-11 00:00:00+00:00,HB_HUBAVG,2025-08-11 23:00:00+00:00,51.16916666666666,32.85049057006836,23.194461822509766,56.0284538269043
Chronos2,2025-08-11 00:00:00+00:00,HB_PAN,2025-08-11 00:00:00+00:00,29.867500000000003,39.80963897705078,24.839984893798828,57.884490966796875
Chronos2,2025-08-11 00:00:00+00:00,HB_PAN,2025-08-11 01:00:00+00:00,22.58,32.636592864990234,16.662403106689453,55.549163818359375
Chronos2,2025-08-11 00:00:00+00:00,HB_PAN,2025-08-11 02:00:00+00:00,13.504166666666668,21.160144805908203,7.293723106384277,41.919761657714844
Chronos2,2025-08-11 00:00:00+00:00,HB_PAN,2025-08-11 03:00:00+00:00,11.088333333333331,18.259653091430664,5.9049835205078125,34.91901397705078
Chronos2,2025-08-11 00:00:00+00:00,HB_PAN,2025-08-11 04:00:00+00:00,19.129166666666663,19.353740692138672,7.27327823638916,34.06161117553711
Chronos2,2025-08-11 00:00:00+00:00,HB_PAN,2025-08-11 05:00:00+00:00,23.864166666666662,19.986305236816406,8.817545890808105,33.768802642822266
Chronos2,2025-08-11 00:00:00+00:00,HB_PAN,2025-08-11 06:00:00+00:00,34.38916666666667,19.952730178833008,9.451080322265625,32.53715515136719
Chronos2,2025-08-11 00:00:00+00:00,HB_PAN,2025-08-11 07:00:00+00:00,34.858333333333334,20.945650100708008,10.536628723144531,33.683998107910156
Chronos2,2025-08-11 00:00:00+00:00,HB_PAN,2025-08-11 08:00:00+00:00,28.57333333333333,22.88970375061035,11.864733695983887,36.27532196044922
Chronos2,2025-08-11 00:00:00+00:00,HB_PAN,2025-08-11 09:00:00+00:00,30.293333333333333,24.069713592529297,12.566895484924316,38.29863739013672
Chronos2,2025-08-11 00:00:00+00:00,HB_PAN,2025-08-11 10:00:00+00:00,31.9125,24.74067497253418,13.384349822998047,38.83721923828125
Chronos2,2025-08-11 00:00:00+00:00,HB_PAN,2025-08-11 11:00:00+00:00,33.31,25.700830459594727,13.731179237365723,40.91844177246094
Chronos2,2025-08-11 00:00:00+00:00,HB_PAN,2025-08-11 12:00:00+00:00,27.975,25.3814697265625,12.43678092956543,41.99323654174805
Chronos2,2025-08-11 00:00:00+00:00,HB_PAN,2025-08-11 13:00:00+00:00,21.58666666666667,22.56842803955078,9.104655265808105,40.455081939697266
Chronos2,2025-08-11 00:00:00+00:00,HB_PAN,2025-08-11 14:00:00+00:00,23.059166666666663,19.507108688354492,5.917619705200195,38.01783752441406
Chronos2,2025-08-11 00:00:00+00:00,HB_PAN,2025-08-11 15:00:00+00:00,24.924166666666665,18.55950164794922,3.7867660522460938,39.107391357421875
Chronos2,2025-08-11 00:00:00+00:00,HB_PAN,2025-08-11 16:00:00+00:00,28.844166666666663,20.814172744750977,4.824733734130859,42.1345100402832
Chronos2,2025-08-11 00:00:00+00:00,HB_PAN,2025-08-11 17:00:00+00:00,36.0925,21.784364700317383,5.637966156005859,43.76044845581055
Chronos2,2025-08-11 00:00:00+00:00,HB_PAN,2025-08-11 18:00:00+00:00,27.25583333333333,21.338258743286133,4.481805801391602,45.08580017089844
Chronos2,2025-08-11 00:00:00+00:00,HB_PAN,2025-08-11 19:00:00+00:00,27.07333333333333,20.746337890625,3.0730085372924805,46.12284851074219
Chronos2,2025-08-11 00:00:00+00:00,HB_PAN,2025-08-11 20:00:00+00:00,26.805,22.48310661315918,2.179656982421875,52.81767272949219
Chronos2,2025-08-11 00:00:00+00:00,HB_PAN,2025-08-11 21:00:00+00:00,32.34083333333333,23.530582427978516,3.736067771911621,53.52985382080078
Chronos2,2025-08-11 00:00:00+00:00,HB_PAN,2025-08-11 22:00:00+00:00,22.61916666666667,23.77347183227539,5.345333099365234,50.7401123046875
Chronos2,2025-08-11 00:00:00+00:00,HB_PAN,2025-08-11 23:00:00+00:00,43.41583333333333,26.55900001525879,7.879556655883789,54.35406494140625
Chronos2,2025-08-11 00:00:00+00:00,LZ_WEST,2025-08-11 00:00:00+00:00,63.37916666666666,60.40206527709961,40.13202667236328,81.36233520507812
Chronos2,2025-08-11 00:00:00+00:00,LZ_WEST,2025-08-11 01:00:00+00:00,67.11333333333333,65.81422424316406,42.79660415649414,87.30355072021484
Chronos2,2025-08-11 00:00:00+00:00,LZ_WEST,2025-08-11 02:00:00+00:00,78.51416666666667,65.37134552001953,41.85977554321289,87.36212921142578
Chronos2,2025-08-11 00:00:00+00:00,LZ_WEST,2025-08-11 03:00:00+00:00,63.33833333333333,60.114479064941406,37.374717712402344,84.71311950683594
Chronos2,2025-08-11 00:00:00+00:00,LZ_WEST,2025-08-11 04:00:00+00:00,60.825,55.51417541503906,32.38978576660156,80.85846710205078
Chronos2,2025-08-11 00:00:00+00:00,LZ_WEST,2025-08-11 05:00:00+00:00,66.45833333333333,51.38970947265625,28.56279182434082,77.82794189453125
Chronos2,2025-08-11 00:00:00+00:00,LZ_WEST,2025-08-11 06:00:00+00:00,67.56083333333333,45.87786102294922,23.94744873046875,74.75607299804688
Chronos2,2025-08-11 00:00:00+00:00,LZ_WEST,2025-08-11 07:00:00+00:00,65.5525,44.1276969909668,21.197689056396484,75.40044403076172
Chronos2,2025-08-11 00:00:00+00:00,LZ_WEST,2025-08-11 08:00:00+00:00,50.00333333333333,42.27496337890625,18.296175003051758,73.84957122802734
Chronos2,2025-08-11 00:00:00+00:00,LZ_WEST,2025-08-11 09:00:00+00:00,52.310833333333335,41.013187408447266,18.721065521240234,72.96318054199219
Chronos2,2025-08-11 00:00:00+00:00,LZ_WEST,2025-08-11 10:00:00+00:00,66.685,40.62201690673828,19.36121368408203,71.70106506347656
Chronos2,2025-08-11 00:00:00+00:00,LZ_WEST,2025-08-11 11:00:00+00:00,66.39416666666666,38.123069763183594,17.794591903686523,66.74507141113281
Chronos2,2025-08-11 00:00:00+00:00,LZ_WEST,2025-08-11 12:00:00+00:00,40.82333333333333,30.263145446777344,13.18313217163086,56.218177795410156
Chronos2,2025-08-11 00:00:00+00:00,LZ_WEST,2025-08-11 13:00:00+00:00,22.051666666666662,20.6254825592041,8.303768157958984,42.860511779785156
Chronos2,2025-08-11 00:00:00+00:00,LZ_WEST,2025-08-11 14:00:00+00:00,23.079166666666666,17.637788772583008,6.417158126831055,38.195953369140625
Chronos2,2025-08-11 00:00:00+00:00,LZ_WEST,2025-08-11 15:00:00+00:00,24.989166666666662,16.249897003173828,5.557661056518555,35.68536376953125
Chronos2,2025-08-11 00:00:00+00:00,LZ_WEST,2025-08-11 16:00:00+00:00,29.521666666666665,17.708438873291016,5.688730239868164,39.57482147216797
Chronos2,2025-08-11 00:00:00+00:00,LZ_WEST,2025-08-11 17:00:00+00:00,38.330000000000005,17.568437576293945,5.78851318359375,41.76290512084961
Chronos2,2025-08-11 00:00:00+00:00,LZ_WEST,2025-08-11 18:00:00+00:00,29.731666666666666,17.932716369628906,5.54548454284668,42.25156021118164
Chronos2,2025-08-11 00:00:00+00:00,LZ_WEST,2025-08-11 19:00:00+00:00,29.71,17.995807647705078,5.332639694213867,43.95698928833008
Chronos2,2025-08-11 00:00:00+00:00,LZ_WEST,2025-08-11 20:00:00+00:00,30.15083333333333,18.563282012939453,5.501428604125977,45.864559173583984
Chronos2,2025-08-11 00:00:00+00:00,LZ_WEST,2025-08-11 21:00:00+00:00,38.0275,18.600481033325195,5.99853515625,45.889427185058594
Chronos2,2025-08-11 00:00:00+00:00,LZ_WEST,2025-08-11 22:00:00+00:00,24.23583333333333,20.700435638427734,6.5715789794921875,45.93079376220703
Chronos2,2025-08-11 00:00:00+00:00,LZ_WEST,2025-08-11 23:00:00+00:00,45.775,27.143321990966797,10.571849822998047,54.969303131103516
Chronos2,2025-08-12 00:00:00+00:00,HB_HUBAVG,2025-08-12 00:00:00+00:00,90.14916666666666,73.7958755493164,54.0025520324707,106.3184814453125
Chronos2,2025-08-12 00:00:00+00:00,HB_HUBAVG,2025-08-12 01:00:00+00:00,66.07666666666667,66.59489440917969,45.21018981933594,97.28929901123047
Chronos2,2025-08-12 00:00:00+00:00,HB_HUBAVG,2025-08-12 02:00:00+00:00,98.80833333333334,48.862430572509766,34.18238067626953,76.42857360839844
Chronos2,2025-08-12 00:00:00+00:00,HB_HUBAVG,2025-08-12 03:00:00+00:00,57.0275,34.796058654785156,26.6654052734375,49.16429138183594
Chronos2,2025-08-12 00:00:00+00:00,HB_HUBAVG,2025-08-12 04:00:00+00:00,38.86666666666667,30.694974899291992,23.952699661254883,41.5930290222168
Chronos2,2025-08-12 00:00:00+00:00,HB_HUBAVG,2025-08-12 05:00:00+00:00,32.62083333333333,29.14019203186035,22.85068130493164,39.113525390625
Chronos2,2025-08-12 00:00:00+00:00,HB_HUBAVG,2025-08-12 06:00:00+00:00,29.771666666666665,27.900129318237305,21.258928298950195,37.98672866821289
Chronos2,2025-08-12 00:00:00+00:00,HB_HUBAVG,2025-08-12 07:00:00+00:00,27.46666666666667,25.7161808013916,19.71898651123047,34.33939743041992
Chronos2,2025-08-12 00:00:00+00:00,HB_HUBAVG,2025-08-12 08:00:00+00:00,24.625,23.994205474853516,17.87917137145996,31.97106170654297
Chronos2,2025-08-12 00:00:00+00:00,HB_HUBAVG,2025-08-12 09:00:00+00:00,25.409166666666668,23.790313720703125,17.808271408081055,31.56026840209961
Chronos2,2025-08-12 00:00:00+00:00,HB_HUBAVG,2025-08-12 10:00:00+00:00,33.42333333333333,25.294248580932617,18.76952362060547,34.113182067871094
Chronos2,2025-08-12 00:00:00+00:00,HB_HUBAVG,2025-08-12 11:00:00+00:00,38.62083333333333,25.931346893310547,19.228151321411133,35.10313415527344
Chronos2,2025-08-12 00:00:00+00:00,HB_HUBAVG,2025-08-12 12:00:00+00:00,34.37166666666666,22.693485260009766,16.02810287475586,31.356311798095703
Chronos2,2025-08-12 00:00:00+00:00,HB_HUBAVG,2025-08-12 13:00:00+00:00,22.980833333333333,18.461225509643555,11.955915451049805,27.216773986816406
Chronos2,2025-08-12 00:00:00+00:00,HB_HUBAVG,2025-08-12 14:00:00+00:00,21.839166666666667,17.180713653564453,10.423036575317383,26.41135025024414
Chronos2,2025-08-12 00:00:00+00:00,HB_HUBAVG,2025-08-12 15:00:00+00:00,23.04583333333333,17.482135772705078,10.779136657714844,26.829099655151367
Chronos2,2025-08-12 00:00:00+00:00,HB_HUBAVG,2025-08-12 16:00:00+00:00,23.99833333333333,20.606346130371094,13.493192672729492,32.730106353759766
Chronos2,2025-08-12 00:00:00+00:00,HB_HUBAVG,2025-08-12 17:00:00+00:00,37.04916666666667,23.071685791015625,15.16576862335205,38.451759338378906
Chronos2,2025-08-12 00:00:00+00:00,HB_HUBAVG,2025-08-12 18:00:00+00:00,41.14666666666667,23.594284057617188,15.829265594482422,39.92166519165039
Chronos2,2025-08-12 00:00:00+00:00,HB_HUBAVG,2025-08-12 19:00:00+00:00,47.51,24.729814529418945,16.66402244567871,42.298038482666016
Chronos2,2025-08-12 00:00:00+00:00,HB_HUBAVG,2025-08-12 20:00:00+00:00,43.585,25.926116943359375,17.45846939086914,45.92647171020508
Chronos2,2025-08-12 00:00:00+00:00,HB_HUBAVG,2025-08-12 21:00:00+00:00,51.775,25.26740264892578,16.554811477661133,45.510162353515625
Chronos2,2025-08-12 00:00:00+00:00,HB_HUBAVG,2025-08-12 22:00:00+00:00,59.89083333333334,23.580896377563477,15.278227806091309,41.249183654785156
Chronos2,2025-08-12 00:00:00+00:00,HB_HUBAVG,2025-08-12 23:00:00+00:00,101.49,28.93109130859375,19.69281005859375,49.75684356689453
Chronos2,2025-08-12 00:00:00+00:00,HB_PAN,2025-08-12 00:00:00+00:00,92.41166666666668,57.07612228393555,35.1617317199707,77.15707397460938
Chronos2,2025-08-12 00:00:00+00:00,HB_PAN,2025-08-12 01:00:00+00:00,44.7875,43.91996765136719,19.9112606048584,69.26420593261719
Chronos2,2025-08-12 00:00:00+00:00,HB_PAN,2025-08-12 02:00:00+00:00,93.015,25.841339111328125,5.002303123474121,59.41212463378906
Chronos2,2025-08-12 00:00:00+00:00,HB_PAN,2025-08-12 03:00:00+00:00,47.465,22.161649703979492,6.709681510925293,44.544151306152344
Chronos2,2025-08-12 00:00:00+00:00,HB_PAN,2025-08-12 04:00:00+00:00,24.784166666666668,22.99251365661621,9.881569862365723,40.540374755859375
Chronos2,2025-08-12 00:00:00+00:00,HB_PAN,2025-08-12 05:00:00+00:00,16.668333333333333,24.372671127319336,11.331960678100586,41.14198303222656
Chronos2,2025-08-12 00:00:00+00:00,HB_PAN,2025-08-12 06:00:00+00:00,8.405833333333334,24.12399673461914,10.700029373168945,42.01008605957031
Chronos2,2025-08-12 00:00:00+00:00,HB_PAN,2025-08-12 07:00:00+00:00,9.956666666666669,23.591381072998047,10.610151290893555,40.5172119140625
Chronos2,2025-08-12 00:00:00+00:00,HB_PAN,2025-08-12 08:00:00+00:00,23.179166666666664,24.441085815429688,11.351137161254883,40.34693908691406
Chronos2,2025-08-12 00:00:00+00:00,HB_PAN,2025-08-12 09:00:00+00:00,23.695833333333336,25.27511978149414,11.970376968383789,41.45818328857422
Chronos2,2025-08-12 00:00:00+00:00,HB_PAN,2025-08-12 10:00:00+00:00,34.48166666666667,26.57809066772461,12.881705284118652,43.71662139892578
Chronos2,2025-08-12 00:00:00+00:00,HB_PAN,2025-08-12 11:00:00+00:00,39.52,27.954307556152344,13.928356170654297,46.12660598754883
Chronos2,2025-08-12 00:00:00+00:00,HB_PAN,2025-08-12 12:00:00+00:00,36.6025,28.031030654907227,13.24749755859375,47.52409362792969
Chronos2,2025-08-12 00:00:00+00:00,HB_PAN,2025-08-12 13:00:00+00:00,23.5025,24.425159454345703,8.610854148864746,44.859130859375
Chronos2,2025-08-12 00:00:00+00:00,HB_PAN,2025-08-12 14:00:00+00:00,21.867500000000003,20.665273666381836,4.047577857971191,41.19597625732422
Chronos2,2025-08-12 00:00:00+00:00,HB_PAN,2025-08-12 15:00:00+00:00,23.0675,18.76813316345215,2.1443958282470703,38.63292694091797
Chronos2,2025-08-12 00:00:00+00:00,HB_PAN,2025-08-12 16:00:00+00:00,22.536666666666665,22.7039737701416,3.014179229736328,48.14453125
Chronos2,2025-08-12 00:00:00+00:00,HB_PAN,2025-08-12 17:00:00+00:00,28.055000000000003,23.700571060180664,3.2459802627563477,49.39521789550781
Chronos2,2025-08-12 00:00:00+00:00,HB_PAN,2025-08-12 18:00:00+00:00,33.63583333333333,23.551851272583008,2.0439186096191406,50.79718780517578
Chronos2,2025-08-12 00:00:00+00:00,HB_PAN,2025-08-12 19:00:00+00:00,39.67,22.542041778564453,1.1419239044189453,50.837093353271484
Chronos2,2025-08-12 00:00:00+00:00,HB_PAN,2025-08-12 20:00:00+00:00,34.571666666666665,24.183334350585938,2.208343505859375,52.307010650634766
Chronos2,2025-08-12 00:00:00+00:00,HB_PAN,2025-08-12 21:00:00+00:00,46.56333333333333,25.711992263793945,2.676187515258789,55.4662971496582
Chronos2,2025-08-12 00:00:00+00:00,HB_PAN,2025-08-12 22:00:00+00:00,60.66666666666666,25.896324157714844,2.145692825317383,56.63894271850586
Chronos2,2025-08-12 00:00:00+00:00,HB_PAN,2025-08-12 23:00:00+00:00,110.14166666666668,29.97954559326172,6.8207550048828125,62.91738510131836
Chronos2,2025-08-12 00:00:00+00:00,LZ_WEST,2025-08-12 00:00:00+00:00,98.07666666666668,75.9779052734375,57.30577850341797,92.00981903076172
Chronos2,2025-08-12 00:00:00+00:00,LZ_WEST,2025-08-12 01:00:00+00:00,77.46166666666666,78.53704833984375,57.681488037109375,96.70689392089844
Chronos2,2025-08-12 00:00:00+00:00,LZ_WEST,2025-08-12 02:00:00+00:00,109.68083333333334,76.00407409667969,56.302608489990234,95.49942016601562
Chronos2,2025-08-12 00:00:00+00:00,LZ_WEST,2025-08-12 03:00:00+00:00,63.24,61.95270538330078,42.034339904785156,82.40357208251953
Chronos2,2025-08-12 00:00:00+00:00,LZ_WEST,2025-08-12 04:00:00+00:00,63.73916666666667,52.55889892578125,32.84090042114258,73.6678466796875
Chronos2,2025-08-12 00:00:00+00:00,LZ_WEST,2025-08-12 05:00:00+00:00,74.6675,51.74894332885742,31.1823673248291,72.64559936523438
Chronos2,2025-08-12 00:00:00+00:00,LZ_WEST,2025-08-12 06:00:00+00:00,65.70833333333333,46.40849685668945,25.512012481689453,68.83094787597656
Chronos2,2025-08-12 00:00:00+00:00,LZ_WEST,2025-08-12 07:00:00+00:00,52.54166666666666,40.421226501464844,20.13844871520996,63.31908416748047
Chronos2,2025-08-12 00:00:00+00:00,LZ_WEST,2025-08-12 08:00:00+00:00,35.68416666666666,31.641963958740234,11.79534912109375,55.33812713623047
Chronos2,2025-08-12 00:00:00+00:00,LZ_WEST,2025-08-12 09:00:00+00:00,49.0725,29.798709869384766,9.569171905517578,54.245567321777344
Chronos2,2025-08-12 00:00:00+00:00,LZ_WEST,2025-08-12 10:00:00+00:00,57.22833333333333,34.67689514160156,12.074535369873047,59.36515808105469
Chronos2,2025-08-12 00:00:00+00:00,LZ_WEST,2025-08-12 11:00:00+00:00,52.10583333333333,32.6928825378418,11.436744689941406,55.880409240722656
Chronos2,2025-08-12 00:00:00+00:00,LZ_WEST,2025-08-12 12:00:00+00:00,67.44333333333334,20.64862060546875,2.1629791259765625,40.64838409423828
Chronos2,2025-08-12 00:00:00+00:00,LZ_WEST,2025-08-12 13:00:00+00:00,32.97833333333333,11.973871231079102,-4.581531524658203,29.02608871459961
Chronos2,2025-08-12 00:00:00+00:00,LZ_WEST,2025-08-12 14:00:00+00:00,22.15083333333333,9.017860412597656,-7.4367523193359375,25.36471939086914
Chronos2,2025-08-12 00:00:00+00:00,LZ_WEST,2025-08-12 15:00:00+00:00,23.231666666666666,7.9504241943359375,-8.376922607421875,23.226112365722656
Chronos2,2025-08-12 00:00:00+00:00,LZ_WEST,2025-08-12 16:00:00+00:00,23.117500000000003,6.918718338012695,-8.52749252319336,24.345943450927734
Chronos2,2025-08-12 00:00:00+00:00,LZ_WEST,2025-08-12 17:00:00+00:00,31.4325,7.849010467529297,-8.714179992675781,27.061172485351562
Chronos2,2025-08-12 00:00:00+00:00,LZ_WEST,2025-08-12 18:00:00+00:00,37.27,8.108932495117188,-8.73270034790039,26.414321899414062
Chronos2,2025-08-12 00:00:00+00:00,LZ_WEST,2025-08-12 19:00:00+00:00,44.825,8.941484451293945,-7.506832122802734,26.249191284179688
Chronos2,2025-08-12 00:00:00+00:00,LZ_WEST,2025-08-12 20:00:00+00:00,40.303333333333335,8.884586334228516,-8.361015319824219,28.92040252685547
Chronos2,2025-08-12 00:00:00+00:00,LZ_WEST,2025-08-12 21:00:00+00:00,54.77166666666667,9.019651412963867,-8.07595443725586,28.523550033569336
Chronos2,2025-08-12 00:00:00+00:00,LZ_WEST,2025-08-12 22:00:00+00:00,66.13250000000001,7.140430450439453,-10.352699279785156,24.989675521850586
Chronos2,2025-08-12 00:00:00+00:00,LZ_WEST,2025-08-12 23:00:00+00:00,113.32,13.505107879638672,-6.151302337646484,34.9477653503418
Chronos2,2025-08-13 00:00:00+00:00,HB_HUBAVG,2025-08-13 00:00:00+00:00,84.1025,104.92582702636719,68.37876892089844,164.09756469726562
Chronos2,2025-08-13 00:00:00+00:00,HB_HUBAVG,2025-08-13 01:00:00+00:00,67.18083333333334,81.59933471679688,46.40996551513672,131.12890625
Chronos2,2025-08-13 00:00:00+00:00,HB_HUBAVG,2025-08-13 02:00:00+00:00,48.41333333333333,59.95594024658203,35.54133224487305,108.424560546875
Chronos2,2025-08-13 00:00:00+00:00,HB_HUBAVG,2025-08-13 03:00:00+00:00,36.7775,44.02198028564453,28.776016235351562,74.32767486572266
Chronos2,2025-08-13 00:00:00+00:00,HB_HUBAVG,2025-08-13 04:00:00+00:00,34.416666666666664,37.44697952270508,26.39738655090332,59.834190368652344
Chronos2,2025-08-13 00:00:00+00:00,HB_HUBAVG,2025-08-13 05:00:00+00:00,32.350833333333334,36.08125305175781,25.883939743041992,56.229835510253906
Chronos2,2025-08-13 00:00:00+00:00,HB_HUBAVG,2025-08-13 06:00:00+00:00,31.15416666666667,35.539306640625,25.930278778076172,55.786903381347656
Chronos2,2025-08-13 00:00:00+00:00,HB_HUBAVG,2025-08-13 07:00:00+00:00,32.372499999999995,34.64768981933594,25.813753128051758,53.41775131225586
Chronos2,2025-08-13 00:00:00+00:00,HB_HUBAVG,2025-08-13 08:00:00+00:00,32.6025,32.92018508911133,24.18612289428711,49.77577590942383
Chronos2,2025-08-13 00:00:00+00:00,HB_HUBAVG,2025-08-13 09:00:00+00:00,36.61333333333334,33.53041458129883,24.511520385742188,51.59165954589844
Chronos2,2025-08-13 00:00:00+00:00,HB_HUBAVG,2025-08-13 10:00:00+00:00,40.524166666666666,34.70789337158203,24.87350082397461,53.30716323852539
Chronos2,2025-08-13 00:00:00+00:00,HB_HUBAVG,2025-08-13 11:00:00+00:00,56.58916666666667,35.23895263671875,24.894733428955078,53.9005126953125
Chronos2,2025-08-13 00:00:00+00:00,HB_HUBAVG,2025-08-13 12:00:00+00:00,42.42166666666667,31.2569637298584,21.6453857421875,49.48554229736328
Chronos2,2025-08-13 00:00:00+00:00,HB_HUBAVG,2025-08-13 13:00:00+00:00,25.579166666666666,24.805198669433594,16.003170013427734,40.92961883544922
Chronos2,2025-08-13 00:00:00+00:00,HB_HUBAVG,2025-08-13 14:00:00+00:00,25.419166666666666,23.145305633544922,14.210441589355469,39.62302017211914
Chronos2,2025-08-13 00:00:00+00:00,HB_HUBAVG,2025-08-13 15:00:00+00:00,25.816666666666663,23.112796783447266,13.905860900878906,39.70582580566406
Chronos2,2025-08-13 00:00:00+00:00,HB_HUBAVG,2025-08-13 16:00:00+00:00,32.681666666666665,28.600242614746094,19.15608024597168,48.020538330078125
Chronos2,2025-08-13 00:00:00+00:00,HB_HUBAVG,2025-08-13 17:00:00+00:00,36.935,34.262351989746094,23.034469604492188,57.195777893066406
Chronos2,2025-08-13 00:00:00+00:00,HB_HUBAVG,2025-08-13 18:00:00+00:00,44.90583333333333,36.18259811401367,23.85088348388672,62.41167068481445
Chronos2,2025-08-13 00:00:00+00:00,HB_HUBAVG,2025-08-13 19:00:00+00:00,43.335,37.56672668457031,24.583282470703125,66.66151428222656
Chronos2,2025-08-13 00:00:00+00:00,HB_HUBAVG,2025-08-13 20:00:00+00:00,49.10583333333333,39.213314056396484,25.453475952148438,72.86572265625
Chronos2,2025-08-13 00:00:00+00:00,HB_HUBAVG,2025-08-13 21:00:00+00:00,41.71333333333333,41.16826629638672,25.25852394104004,78.90924072265625
Chronos2,2025-08-13 00:00:00+00:00,HB_HUBAVG,2025-08-13 22:00:00+00:00,45.73083333333333,41.37592315673828,24.919095993041992,85.8797607421875
Chronos2,2025-08-13 00:00:00+00:00,HB_HUBAVG,2025-08-13 23:00:00+00:00,62.585,49.97406005859375,29.49534034729004,101.48033142089844
Chronos2,2025-08-13 00:00:00+00:00,HB_PAN,2025-08-13 00:00:00+00:00,89.81666666666666,115.2942886352539,67.91156768798828,173.64793395996094
Chronos2,2025-08-13 00:00:00+00:00,HB_PAN,2025-08-13 01:00:00+00:00,70.5525,64.67945098876953,30.24068832397461,122.922607421875
Chronos2,2025-08-13 00:00:00+00:00,HB_PAN,2025-08-13 02:00:00+00:00,48.571666666666665,37.642356872558594,14.625447273254395,91.74003601074219
Chronos2,2025-08-13 00:00:00+00:00,HB_PAN,2025-08-13 03:00:00+00:00,34.00666666666667,33.877681732177734,11.82933521270752,74.08311462402344
Chronos2,2025-08-13 00:00:00+00:00,HB_PAN,2025-08-13 04:00:00+00:00,30.5375,30.091476440429688,12.39892578125,62.038368225097656
Chronos2,2025-08-13 00:00:00+00:00,HB_PAN,2025-08-13 05:00:00+00:00,35.52333333333333,31.438846588134766,13.787788391113281,60.83415985107422
Chronos2,2025-08-13 00:00:00+00:00,HB_PAN,2025-08-13 06:00:00+00:00,33.44916666666666,33.26752471923828,16.04256820678711,63.54924011230469
Chronos2,2025-08-13 00:00:00+00:00,HB_PAN,2025-08-13 07:00:00+00:00,34.4475,34.87717056274414,17.22882080078125,65.58626556396484
Chronos2,2025-08-13 00:00:00+00:00,HB_PAN,2025-08-13 08:00:00+00:00,34.844166666666666,36.34402847290039,18.164024353027344,66.26557159423828
Chronos2,2025-08-13 00:00:00+00:00,HB_PAN,2025-08-13 09:00:00+00:00,39.1125,39.605186462402344,20.066503524780273,72.14140319824219
Chronos2,2025-08-13 00:00:00+00:00,HB_PAN,2025-08-13 10:00:00+00:00,42.63166666666667,43.254920959472656,21.897796630859375,78.64653778076172
Chronos2,2025-08-13 00:00:00+00:00,HB_PAN,2025-08-13 11:00:00+00:00,57.5725,44.318763732910156,22.480304718017578,80.94650268554688
Chronos2,2025-08-13 00:00:00+00:00,HB_PAN,2025-08-13 12:00:00+00:00,43.21666666666667,40.95940399169922,20.807666778564453,75.22314453125
Chronos2,2025-08-13 00:00:00+00:00,HB_PAN,2025-08-13 13:00:00+00:00,25.6525,36.952850341796875,18.028472900390625,69.04621887207031
Chronos2,2025-08-13 00:00:00+00:00,HB_PAN,2025-08-13 14:00:00+00:00,25.419166666666666,35.12308120727539,16.19998550415039,68.04049682617188
Chronos2,2025-08-13 00:00:00+00:00,HB_PAN,2025-08-13 15:00:00+00:00,25.819166666666664,34.552825927734375,15.571786880493164,67.5846176147461
Chronos2,2025-08-13 00:00:00+00:00,HB_PAN,2025-08-13 16:00:00+00:00,32.60666666666666,34.616729736328125,14.135040283203125,71.08613586425781
Chronos2,2025-08-13 00:00:00+00:00,HB_PAN,2025-08-13 17:00:00+00:00,32.3675,36.4461784362793,15.267732620239258,73.2638931274414
Chronos2,2025-08-13 00:00:00+00:00,HB_PAN,2025-08-13 18:00:00+00:00,34.223333333333336,37.40900421142578,15.78835678100586,76.78692626953125
Chronos2,2025-08-13 00:00:00+00:00,HB_PAN,2025-08-13 19:00:00+00:00,38.42583333333334,37.4351806640625,15.293937683105469,76.68260192871094
Chronos2,2025-08-13 00:00:00+00:00,HB_PAN,2025-08-13 20:00:00+00:00,48.805,37.98835754394531,16.273334503173828,76.54286193847656
Chronos2,2025-08-13 00:00:00+00:00,HB_PAN,2025-08-13 21:00:00+00:00,43.498333333333335,41.228309631347656,18.295608520507812,81.78657531738281
Chronos2,2025-08-13 00:00:00+00:00,HB_PAN,2025-08-13 22:00:00+00:00,49.03583333333333,43.22664260864258,18.72477149963379,89.6661605834961
Chronos2,2025-08-13 00:00:00+00:00,HB_PAN,2025-08-13 23:00:00+00:00,66.96416666666666,48.763710021972656,20.214357376098633,101.43704986572266
Chronos2,2025-08-13 00:00:00+00:00,LZ_WEST,2025-08-13 00:00:00+00:00,91.25666666666666,110.60469818115234,71.4416275024414,168.89390563964844
Chronos2,2025-08-13 00:00:00+00:00,LZ_WEST,2025-08-13 01:00:00+00:00,71.54666666666667,100.51237487792969,60.048240661621094,158.54360961914062
Chronos2,2025-08-13 00:00:00+00:00,LZ_WEST,2025-08-13 02:00:00+00:00,58.35,91.06692504882812,54.142494201660156,148.9776153564453
Chronos2,2025-08-13 00:00:00+00:00,LZ_WEST,2025-08-13 03:00:00+00:00,55.16166666666667,77.08876037597656,45.51482391357422,131.67987060546875
Chronos2,2025-08-13 00:00:00+00:00,LZ_WEST,2025-08-13 04:00:00+00:00,67.23666666666666,72.04209899902344,41.615787506103516,126.02506256103516
Chronos2,2025-08-13 00:00:00+00:00,LZ_WEST,2025-08-13 05:00:00+00:00,69.68583333333333,73.28230285644531,44.75526428222656,126.56717681884766
Chronos2,2025-08-13 00:00:00+00:00,LZ_WEST,2025-08-13 06:00:00+00:00,64.49499999999999,72.13571166992188,43.946109771728516,127.33159637451172
Chronos2,2025-08-13 00:00:00+00:00,LZ_WEST,2025-08-13 07:00:00+00:00,63.14166666666667,71.55158233642578,43.88808059692383,124.35000610351562
Chronos2,2025-08-13 00:00:00+00:00,LZ_WEST,2025-08-13 08:00:00+00:00,65.86583333333333,65.52953338623047,38.069480895996094,117.8115234375
Chronos2,2025-08-13 00:00:00+00:00,LZ_WEST,2025-08-13 09:00:00+00:00,73.44916666666667,65.72479248046875,38.563411712646484,118.51028442382812
Chronos2,2025-08-13 00:00:00+00:00,LZ_WEST,2025-08-13 10:00:00+00:00,71.78666666666668,63.820465087890625,37.02592086791992,117.49576568603516
Chronos2,2025-08-13 00:00:00+00:00,LZ_WEST,2025-08-13 11:00:00+00:00,80.71249999999999,59.61053466796875,32.10078430175781,113.27128601074219
Chronos2,2025-08-13 00:00:00+00:00,LZ_WEST,2025-08-13 12:00:00+00:00,60.51583333333334,49.94489288330078,24.179750442504883,101.34497833251953
Chronos2,2025-08-13 00:00:00+00:00,LZ_WEST,2025-08-13 13:00:00+00:00,26.986666666666665,37.66420364379883,12.862735748291016,85.17859649658203
Chronos2,2025-08-13 00:00:00+00:00,LZ_WEST,2025-08-13 14:00:00+00:00,25.419166666666666,33.223907470703125,9.250286102294922,77.5033187866211
Chronos2,2025-08-13 00:00:00+00:00,LZ_WEST,2025-08-13 15:00:00+00:00,25.824166666666667,30.316326141357422,5.599254608154297,73.89981079101562
Chronos2,2025-08-13 00:00:00+00:00,LZ_WEST,2025-08-13 16:00:00+00:00,32.56333333333333,34.85609436035156,10.626228332519531,84.90518188476562
Chronos2,2025-08-13 00:00:00+00:00,LZ_WEST,2025-08-13 17:00:00+00:00,34.17333333333333,36.30831527709961,12.345287322998047,82.48822021484375
Chronos2,2025-08-13 00:00:00+00:00,LZ_WEST,2025-08-13 18:00:00+00:00,38.535833333333336,36.53487777709961,12.868085861206055,84.7020263671875
Chronos2,2025-08-13 00:00:00+00:00,LZ_WEST,2025-08-13 19:00:00+00:00,41.635,36.981231689453125,11.761009216308594,87.96949768066406
Chronos2,2025-08-13 00:00:00+00:00,LZ_WEST,2025-08-13 20:00:00+00:00,53.8425,37.42277526855469,11.570898056030273,93.6593017578125
Chronos2,2025-08-13 00:00:00+00:00,LZ_WEST,2025-08-13 21:00:00+00:00,47.836666666666666,41.45860290527344,13.231254577636719,97.93879699707031
Chronos2,2025-08-13 00:00:00+00:00,LZ_WEST,2025-08-13 22:00:00+00:00,52.178333333333335,42.10075759887695,11.85740852355957,104.77566528320312
Chronos2,2025-08-13 00:00:00+00:00,LZ_WEST,2025-08-13 23:00:00+00:00,69.38416666666667,49.453086853027344,16.823883056640625,116.66217803955078
Chronos2,2025-08-14 00:00:00+00:00,HB_HUBAVG,2025-08-14 00:00:00+00:00,69.89583333333333,77.80193328857422,60.846649169921875,106.9931869506836
Chronos2,2025-08-14 00:00:00+00:00,HB_HUBAVG,2025-08-14 01:00:00+00:00,54.16916666666666,68.81280517578125,50.7012939453125,93.41354370117188
Chronos2,2025-08-14 00:00:00+00:00,HB_HUBAVG,2025-08-14 02:00:00+00:00,46.17083333333333,55.450782775878906,42.28057098388672,76.45242309570312
Chronos2,2025-08-14 00:00:00+00:00,HB_HUBAVG,2025-08-14 03:00:00+00:00,31.613333333333333,42.3380126953125,34.03742218017578,56.36253356933594
Chronos2,2025-08-14 00:00:00+00:00,HB_HUBAVG,2025-08-14 04:00:00+00:00,28.02416666666667,38.088951110839844,32.078941345214844,47.798805236816406
Chronos2,2025-08-14 00:00:00+00:00,HB_HUBAVG,2025-08-14 05:00:00+00:00,26.53833333333333,35.80815887451172,30.759235382080078,43.24970245361328
Chronos2,2025-08-14 00:00:00+00:00,HB_HUBAVG,2025-08-14 06:00:00+00:00,24.925,35.4199104309082,30.290685653686523,42.58171081542969
Chronos2,2025-08-14 00:00:00+00:00,HB_HUBAVG,2025-08-14 07:00:00+00:00,23.3425,35.01637268066406,29.955163955688477,41.42148208618164
Chronos2,2025-08-14 00:00:00+00:00,HB_HUBAVG,2025-08-14 08:00:00+00:00,22.105,33.980796813964844,28.87156105041504,40.338993072509766
Chronos2,2025-08-14 00:00:00+00:00,HB_HUBAVG,2025-08-14 09:00:00+00:00,23.06083333333333,35.2185173034668,29.34929084777832,42.841373443603516
Chronos2,2025-08-14 00:00:00+00:00,HB_HUBAVG,2025-08-14 10:00:00+00:00,23.700833333333332,37.738800048828125,30.644893646240234,47.51152420043945
Chronos2,2025-08-14 00:00:00+00:00,HB_HUBAVG,2025-08-14 11:00:00+00:00,29.351666666666663,41.42990493774414,32.74686050415039,52.289161682128906
Chronos2,2025-08-14 00:00:00+00:00,HB_HUBAVG,2025-08-14 12:00:00+00:00,25.2775,36.30862808227539,28.049419403076172,47.17080307006836
Chronos2,2025-08-14 00:00:00+00:00,HB_HUBAVG,2025-08-14 13:00:00+00:00,19.64333333333333,26.841135025024414,20.436351776123047,35.3690185546875
Chronos2,2025-08-14 00:00:00+00:00,HB_HUBAVG,2025-08-14 14:00:00+00:00,19.62833333333333,25.871910095214844,19.405941009521484,34.87744903564453
Chronos2,2025-08-14 00:00:00+00:00,HB_HUBAVG,2025-08-14 15:00:00+00:00,24.67,27.054777145385742,20.45572280883789,36.62989807128906
Chronos2,2025-08-14 00:00:00+00:00,HB_HUBAVG,2025-08-14 16:00:00+00:00,29.71166666666667,31.89381217956543,25.56756019592285,41.97743606567383
Chronos2,2025-08-14 00:00:00+00:00,HB_HUBAVG,2025-08-14 17:00:00+00:00,40.34583333333333,35.17585754394531,27.838363647460938,47.23393630981445
Chronos2,2025-08-14 00:00:00+00:00,HB_HUBAVG,2025-08-14 18:00:00+00:00,48.805,37.060794830322266,28.74876594543457,50.66435241699219
Chronos2,2025-08-14 00:00:00+00:00,HB_HUBAVG,2025-08-14 19:00:00+00:00,36.51,38.51264190673828,28.92425537109375,54.88324737548828
Chronos2,2025-08-14 00:00:00+00:00,HB_HUBAVG,2025-08-14 20:00:00+00:00,42.64333333333334,40.721763610839844,30.077877044677734,59.7846565246582
Chronos2,2025-08-14 00:00:00+00:00,HB_HUBAVG,2025-08-14 21:00:00+00:00,42.40166666666666,39.169193267822266,28.30390167236328,59.472496032714844
Chronos2,2025-08-14 00:00:00+00:00,HB_HUBAVG,2025-08-14 22:00:00+00:00,38.97916666666666,40.083587646484375,28.395410537719727,64.87063598632812
Chronos2,2025-08-14 00:00:00+00:00,HB_HUBAVG,2025-08-14 23:00:00+00:00,44.6375,51.65093231201172,35.06987380981445,83.49231719970703
Chronos2,2025-08-14 00:00:00+00:00,HB_PAN,2025-08-14 00:00:00+00:00,66.71416666666667,79.55147552490234,55.08600997924805,110.25044250488281
Chronos2,2025-08-14 00:00:00+00:00,HB_PAN,2025-08-14 01:00:00+00:00,36.4025,58.08744430541992,35.88489532470703,89.80747985839844
Chronos2,2025-08-14 00:00:00+00:00,HB_PAN,2025-08-14 02:00:00+00:00,35.225,43.921592712402344,25.676477432250977,74.5609130859375
Chronos2,2025-08-14 00:00:00+00:00,HB_PAN,2025-08-14 03:00:00+00:00,23.2475,39.62217712402344,24.619842529296875,60.211421966552734
Chronos2,2025-08-14 00:00:00+00:00,HB_PAN,2025-08-14 04:00:00+00:00,20.47,38.40570831298828,25.75959587097168,54.93815231323242
Chronos2,2025-08-14 00:00:00+00:00,HB_PAN,2025-08-14 05:00:00+00:00,18.3175,38.128517150878906,25.72681999206543,53.79424285888672
Chronos2,2025-08-14 00:00:00+00:00,HB_PAN,2025-08-14 06:00:00+00:00,17.9925,38.72043991088867,26.04324722290039,54.51432800292969
Chronos2,2025-08-14 00:00:00+00:00,HB_PAN,2025-08-14 07:00:00+00:00,21.370833333333337,38.39902877807617,26.039278030395508,53.164833068847656
Chronos2,2025-08-14 00:00:00+00:00,HB_PAN,2025-08-14 08:00:00+00:00,22.105,38.80925750732422,26.923763275146484,52.012901306152344
Chronos2,2025-08-14 00:00:00+00:00,HB_PAN,2025-08-14 09:00:00+00:00,23.06083333333333,40.13169860839844,27.125816345214844,55.49304962158203
Chronos2,2025-08-14 00:00:00+00:00,HB_PAN,2025-08-14 10:00:00+00:00,23.700833333333332,42.91162109375,28.627323150634766,59.473052978515625
Chronos2,2025-08-14 00:00:00+00:00,HB_PAN,2025-08-14 11:00:00+00:00,29.351666666666663,47.10765075683594,31.711803436279297,66.08955383300781
Chronos2,2025-08-14 00:00:00+00:00,HB_PAN,2025-08-14 12:00:00+00:00,25.2775,43.58990478515625,28.828725814819336,61.98404312133789
Chronos2,2025-08-14 00:00:00+00:00,HB_PAN,2025-08-14 13:00:00+00:00,19.64333333333333,35.8370361328125,21.88456916809082,53.161556243896484
Chronos2,2025-08-14 00:00:00+00:00,HB_PAN,2025-08-14 14:00:00+00:00,19.578333333333333,34.4180908203125,20.4625301361084,52.098899841308594
Chronos2,2025-08-14 00:00:00+00:00,HB_PAN,2025-08-14 15:00:00+00:00,23.31875,34.279579162597656,20.670738220214844,51.380882263183594
Chronos2,2025-08-14 00:00:00+00:00,HB_PAN,2025-08-14 16:00:00+00:00,27.059166666666663,35.880496978759766,22.88633918762207,52.00835418701172
Chronos2,2025-08-14 00:00:00+00:00,HB_PAN,2025-08-14 17:00:00+00:00,34.575,36.28873825073242,22.676332473754883,52.430641174316406
Chronos2,2025-08-14 00:00:00+00:00,HB_PAN,2025-08-14 18:00:00+00:00,40.755,36.34290313720703,21.514402389526367,53.68048858642578
Chronos2,2025-08-14 00:00:00+00:00,HB_PAN,2025-08-14 19:00:00+00:00,30.890833333333333,37.16973114013672,21.23903465270996,57.00790786743164
Chronos2,2025-08-14 00:00:00+00:00,HB_PAN,2025-08-14 20:00:00+00:00,30.8075,38.75223159790039,21.801559448242188,61.59777069091797
Chronos2,2025-08-14 00:00:00+00:00,HB_PAN,2025-08-14 21:00:00+00:00,33.8125,39.317237854003906,20.90721893310547,64.68841552734375
Chronos2,2025-08-14 00:00:00+00:00,HB_PAN,2025-08-14 22:00:00+00:00,28.0925,41.079795837402344,20.61541175842285,72.09715270996094
Chronos2,2025-08-14 00:00:00+00:00,HB_PAN,2025-08-14 23:00:00+00:00,42.3025,50.86815643310547,24.99484634399414,86.90797424316406
Chronos2,2025-08-14 00:00:00+00:00,LZ_WEST,2025-08-14 00:00:00+00:00,77.68249999999999,86.69981384277344,70.22740173339844,104.20173645019531
Chronos2,2025-08-14 00:00:00+00:00,LZ_WEST,2025-08-14 01:00:00+00:00,62.9425,85.1326904296875,67.71854400634766,105.0028076171875
Chronos2,2025-08-14 00:00:00+00:00,LZ_WEST,2025-08-14 02:00:00+00:00,60.806666666666665,81.16677856445312,64.94084930419922,101.10216522216797
Chronos2,2025-08-14 00:00:00+00:00,LZ_WEST,2025-08-14 03:00:00+00:00,50.07749999999999,75.11283111572266,58.46390914916992,94.01298522949219
Chronos2,2025-08-14 00:00:00+00:00,LZ_WEST,2025-08-14 04:00:00+00:00,44.89333333333334,71.68734741210938,55.78934097290039,89.89895629882812
Chronos2,2025-08-14 00:00:00+00:00,LZ_WEST,2025-08-14 05:00:00+00:00,42.751666666666665,70.15533447265625,55.2458610534668,87.64393615722656
Chronos2,2025-08-14 00:00:00+00:00,LZ_WEST,2025-08-14 06:00:00+00:00,37.58166666666667,68.18856811523438,53.07164001464844,85.52442932128906
Chronos2,2025-08-14 00:00:00+00:00,LZ_WEST,2025-08-14 07:00:00+00:00,27.05666666666667,67.74089813232422,52.54046630859375,85.39309692382812
Chronos2,2025-08-14 00:00:00+00:00,LZ_WEST,2025-08-14 08:00:00+00:00,22.105,65.48638916015625,49.200538635253906,83.96798706054688
Chronos2,2025-08-14 00:00:00+00:00,LZ_WEST,2025-08-14 09:00:00+00:00,23.06083333333333,66.5681381225586,50.21596908569336,85.96353149414062
Chronos2,2025-08-14 00:00:00+00:00,LZ_WEST,2025-08-14 10:00:00+00:00,23.700833333333332,67.7364730834961,50.836021423339844,87.39926147460938
Chronos2,2025-08-14 00:00:00+00:00,LZ_WEST,2025-08-14 11:00:00+00:00,29.351666666666663,66.736572265625,49.363365173339844,86.82472229003906
Chronos2,2025-08-14 00:00:00+00:00,LZ_WEST,2025-08-14 12:00:00+00:00,25.290000000000003,55.83403396606445,38.581199645996094,74.9765853881836
Chronos2,2025-08-14 00:00:00+00:00,LZ_WEST,2025-08-14 13:00:00+00:00,19.696666666666665,35.66548156738281,20.96136474609375,53.03814697265625
Chronos2,2025-08-14 00:00:00+00:00,LZ_WEST,2025-08-14 14:00:00+00:00,19.589166666666667,33.0956916809082,18.37018394470215,50.34391784667969
Chronos2,2025-08-14 00:00:00+00:00,LZ_WEST,2025-08-14 15:00:00+00:00,23.763333333333335,33.18896484375,17.774694442749023,51.03091812133789
Chronos2,2025-08-14 00:00:00+00:00,LZ_WEST,2025-08-14 16:00:00+00:00,27.9375,36.197181701660156,21.978418350219727,51.79488754272461
Chronos2,2025-08-14 00:00:00+00:00,LZ_WEST,2025-08-14 17:00:00+00:00,36.6575,37.61186599731445,22.94525718688965,53.566707611083984
Chronos2,2025-08-14 00:00:00+00:00,LZ_WEST,2025-08-14 18:00:00+00:00,43.71666666666667,38.4144287109375,22.979507446289062,55.855960845947266
Chronos2,2025-08-14 00:00:00+00:00,LZ_WEST,2025-08-14 19:00:00+00:00,32.02916666666667,39.93134689331055,23.106908798217773,59.76192855834961
Chronos2,2025-08-14 00:00:00+00:00,LZ_WEST,2025-08-14 20:00:00+00:00,34.221666666666664,43.16162872314453,23.426300048828125,65.68177032470703
Chronos2,2025-08-14 00:00:00+00:00,LZ_WEST,2025-08-14 21:00:00+00:00,37.92,44.05326843261719,23.40965461730957,69.33749389648438
Chronos2,2025-08-14 00:00:00+00:00,LZ_WEST,2025-08-14 22:00:00+00:00,38.0875,46.518882751464844,24.56037139892578,71.93255615234375
Chronos2,2025-08-14 00:00:00+00:00,LZ_WEST,2025-08-14 23:00:00+00:00,45.635,58.7082405090332,36.59243392944336,82.1029052734375
Chronos2,2025-08-15 00:00:00+00:00,HB_HUBAVG,2025-08-15 00:00:00+00:00,90.88083333333331,65.62367248535156,48.42021942138672,93.61557006835938
Chronos2,2025-08-15 00:00:00+00:00,HB_HUBAVG,2025-08-15 01:00:00+00:00,64.40583333333333,53.374122619628906,39.603271484375,78.4848403930664
Chronos2,2025-08-15 00:00:00+00:00,HB_HUBAVG,2025-08-15 02:00:00+00:00,54.38916666666666,41.85765075683594,32.73553466796875,56.584747314453125
Chronos2,2025-08-15 00:00:00+00:00,HB_HUBAVG,2025-08-15 03:00:00+00:00,32.255,32.8740348815918,26.553848266601562,42.24923324584961
Chronos2,2025-08-15 00:00:00+00:00,HB_HUBAVG,2025-08-15 04:00:00+00:00,27.72666666666667,29.10026741027832,23.298503875732422,37.12622833251953
Chronos2,2025-08-15 00:00:00+00:00,HB_HUBAVG,2025-08-15 05:00:00+00:00,27.89916666666667,27.191730499267578,21.650005340576172,33.89640426635742
Chronos2,2025-08-15 00:00:00+00:00,HB_HUBAVG,2025-08-15 06:00:00+00:00,25.578333333333333,26.34940528869629,20.55750274658203,33.05435562133789
Chronos2,2025-08-15 00:00:00+00:00,HB_HUBAVG,2025-08-15 07:00:00+00:00,24.736666666666665,25.121498107910156,19.698501586914062,31.524511337280273
Chronos2,2025-08-15 00:00:00+00:00,HB_HUBAVG,2025-08-15 08:00:00+00:00,24.124166666666667,23.853317260742188,17.726497650146484,29.72710418701172
Chronos2,2025-08-15 00:00:00+00:00,HB_HUBAVG,2025-08-15 09:00:00+00:00,24.433333333333337,23.587154388427734,17.806177139282227,30.3353328704834
Chronos2,2025-08-15 00:00:00+00:00,HB_HUBAVG,2025-08-15 10:00:00+00:00,30.87833333333333,25.150949478149414,18.443326950073242,32.88668441772461
Chronos2,2025-08-15 00:00:00+00:00,HB_HUBAVG,2025-08-15 11:00:00+00:00,41.04583333333333,27.331369400024414,19.735132217407227,39.174339294433594
Chronos2,2025-08-15 00:00:00+00:00,HB_HUBAVG,2025-08-15 12:00:00+00:00,29.75333333333333,24.12354850769043,16.872386932373047,34.07841110229492
Chronos2,2025-08-15 00:00:00+00:00,HB_HUBAVG,2025-08-15 13:00:00+00:00,20.684166666666663,18.405029296875,11.871246337890625,26.39950942993164
Chronos2,2025-08-15 00:00:00+00:00,HB_HUBAVG,2025-08-15 14:00:00+00:00,17.461666666666666,16.942638397216797,10.2415771484375,24.820903778076172
Chronos2,2025-08-15 00:00:00+00:00,HB_HUBAVG,2025-08-15 15:00:00+00:00,19.230833333333333,17.101322174072266,10.32835578918457,25.434814453125
Chronos2,2025-08-15 00:00:00+00:00,HB_HUBAVG,2025-08-15 16:00:00+00:00,26.02583333333333,22.363067626953125,13.232038497924805,35.34153747558594
Chronos2,2025-08-15 00:00:00+00:00,HB_HUBAVG,2025-08-15 17:00:00+00:00,25.57333333333333,27.75656509399414,16.669891357421875,47.86219024658203
Chronos2,2025-08-15 00:00:00+00:00,HB_HUBAVG,2025-08-15 18:00:00+00:00,23.63416666666667,30.040000915527344,17.834476470947266,52.59778594970703
Chronos2,2025-08-15 00:00:00+00:00,HB_HUBAVG,2025-08-15 19:00:00+00:00,31.60083333333333,30.84440040588379,18.513916015625,54.08219909667969
Chronos2,2025-08-15 00:00:00+00:00,HB_HUBAVG,2025-08-15 20:00:00+00:00,32.57833333333333,32.71090316772461,19.952068328857422,56.638423919677734
Chronos2,2025-08-15 00:00:00+00:00,HB_HUBAVG,2025-08-15 21:00:00+00:00,25.53833333333333,31.97475814819336,19.566776275634766,53.77117156982422
Chronos2,2025-08-15 00:00:00+00:00,HB_HUBAVG,2025-08-15 22:00:00+00:00,29.02583333333333,31.45024299621582,18.888805389404297,55.25959777832031
Chronos2,2025-08-15 00:00:00+00:00,HB_HUBAVG,2025-08-15 23:00:00+00:00,42.2725,41.61104202270508,23.419940948486328,81.05154418945312
Chronos2,2025-08-15 00:00:00+00:00,HB_PAN,2025-08-15 00:00:00+00:00,91.5575,63.47467041015625,41.61892318725586,88.60784149169922
Chronos2,2025-08-15 00:00:00+00:00,HB_PAN,2025-08-15 01:00:00+00:00,53.44083333333333,42.34620666503906,25.228626251220703,65.01895141601562
Chronos2,2025-08-15 00:00:00+00:00,HB_PAN,2025-08-15 02:00:00+00:00,30.234166666666667,31.81674575805664,16.580312728881836,51.110130310058594
Chronos2,2025-08-15 00:00:00+00:00,HB_PAN,2025-08-15 03:00:00+00:00,16.826666666666668,29.059986114501953,14.034222602844238,50.472862243652344
Chronos2,2025-08-15 00:00:00+00:00,HB_PAN,2025-08-15 04:00:00+00:00,14.36,27.430761337280273,12.932795524597168,44.51589584350586
Chronos2,2025-08-15 00:00:00+00:00,HB_PAN,2025-08-15 05:00:00+00:00,17.605833333333333,26.638996124267578,12.401754379272461,43.332977294921875
Chronos2,2025-08-15 00:00:00+00:00,HB_PAN,2025-08-15 06:00:00+00:00,16.893333333333334,27.11846160888672,12.690126419067383,43.535499572753906
Chronos2,2025-08-15 00:00:00+00:00,HB_PAN,2025-08-15 07:00:00+00:00,19.56083333333333,26.97266387939453,12.616816520690918,42.963958740234375
Chronos2,2025-08-15 00:00:00+00:00,HB_PAN,2025-08-15 08:00:00+00:00,23.2575,27.174840927124023,12.819253921508789,42.1964225769043
Chronos2,2025-08-15 00:00:00+00:00,HB_PAN,2025-08-15 09:00:00+00:00,23.8975,28.448240280151367,14.175435066223145,44.40959930419922
Chronos2,2025-08-15 00:00:00+00:00,HB_PAN,2025-08-15 10:00:00+00:00,21.111666666666668,31.49835205078125,16.49779510498047,49.10475158691406
Chronos2,2025-08-15 00:00:00+00:00,HB_PAN,2025-08-15 11:00:00+00:00,26.704166666666666,35.91266632080078,18.889705657958984,56.97492599487305
Chronos2,2025-08-15 00:00:00+00:00,HB_PAN,2025-08-15 12:00:00+00:00,26.5525,33.202999114990234,16.56247329711914,52.546409606933594
Chronos2,2025-08-15 00:00:00+00:00,HB_PAN,2025-08-15 13:00:00+00:00,20.38083333333333,26.551376342773438,11.0482177734375,43.52688980102539
Chronos2,2025-08-15 00:00:00+00:00,HB_PAN,2025-08-15 14:00:00+00:00,16.341666666666665,24.657533645629883,8.874687194824219,41.356468200683594
Chronos2,2025-08-15 00:00:00+00:00,HB_PAN,2025-08-15 15:00:00+00:00,16.503333333333334,24.123489379882812,7.466917037963867,41.84266662597656
Chronos2,2025-08-15 00:00:00+00:00,HB_PAN,2025-08-15 16:00:00+00:00,19.67,26.300134658813477,8.893915176391602,46.15293884277344
Chronos2,2025-08-15 00:00:00+00:00,HB_PAN,2025-08-15 17:00:00+00:00,19.68916666666667,29.118104934692383,10.461692810058594,50.797889709472656
Chronos2,2025-08-15 00:00:00+00:00,HB_PAN,2025-08-15 18:00:00+00:00,17.19,30.040910720825195,10.429104804992676,53.05900573730469
Chronos2,2025-08-15 00:00:00+00:00,HB_PAN,2025-08-15 19:00:00+00:00,20.695,31.027498245239258,10.313295364379883,57.474853515625
Chronos2,2025-08-15 00:00:00+00:00,HB_PAN,2025-08-15 20:00:00+00:00,22.1475,30.533403396606445,9.700885772705078,58.25999450683594
Chronos2,2025-08-15 00:00:00+00:00,HB_PAN,2025-08-15 21:00:00+00:00,19.096666666666668,31.933746337890625,9.575761795043945,62.109954833984375
Chronos2,2025-08-15 00:00:00+00:00,HB_PAN,2025-08-15 22:00:00+00:00,18.444166666666668,32.21600341796875,8.444173812866211,66.6078109741211
Chronos2,2025-08-15 00:00:00+00:00,HB_PAN,2025-08-15 23:00:00+00:00,18.155,46.78192138671875,14.748364448547363,108.50048065185547
Chronos2,2025-08-15 00:00:00+00:00,LZ_WEST,2025-08-15 00:00:00+00:00,93.3825,75.52950286865234,53.598636627197266,99.09185791015625
Chronos2,2025-08-15 00:00:00+00:00,LZ_WEST,2025-08-15 01:00:00+00:00,73.57666666666667,75.48273468017578,52.78375244140625,100.166015625
Chronos2,2025-08-15 00:00:00+00:00,LZ_WEST,2025-08-15 02:00:00+00:00,82.9075,72.24024963378906,49.96888732910156,97.64776611328125
Chronos2,2025-08-15 00:00:00+00:00,LZ_WEST,2025-08-15 03:00:00+00:00,53.46416666666667,65.35646057128906,43.527801513671875,90.61345672607422
Chronos2,2025-08-15 00:00:00+00:00,LZ_WEST,2025-08-15 04:00:00+00:00,44.73166666666666,62.140663146972656,40.62388229370117,86.61970520019531
Chronos2,2025-08-15 00:00:00+00:00,LZ_WEST,2025-08-15 05:00:00+00:00,41.57916666666667,59.88481140136719,37.16840744018555,84.16981506347656
Chronos2,2025-08-15 00:00:00+00:00,LZ_WEST,2025-08-15 06:00:00+00:00,38.575,55.915836334228516,32.73982620239258,80.90723419189453
Chronos2,2025-08-15 00:00:00+00:00,LZ_WEST,2025-08-15 07:00:00+00:00,42.38166666666667,54.278594970703125,29.774478912353516,80.81507110595703
Chronos2,2025-08-15 00:00:00+00:00,LZ_WEST,2025-08-15 08:00:00+00:00,31.23,49.25846481323242,23.52665901184082,77.21846008300781
Chronos2,2025-08-15 00:00:00+00:00,LZ_WEST,2025-08-15 09:00:00+00:00,25.486666666666665,49.09799575805664,22.901512145996094,77.83988952636719
Chronos2,2025-08-15 00:00:00+00:00,LZ_WEST,2025-08-15 10:00:00+00:00,48.435,49.86433792114258,22.043296813964844,80.93253326416016
Chronos2,2025-08-15 00:00:00+00:00,LZ_WEST,2025-08-15 11:00:00+00:00,66.46416666666666,48.22746658325195,19.894378662109375,81.30927276611328
Chronos2,2025-08-15 00:00:00+00:00,LZ_WEST,2025-08-15 12:00:00+00:00,35.36,39.346439361572266,15.869243621826172,66.84143829345703
Chronos2,2025-08-15 00:00:00+00:00,LZ_WEST,2025-08-15 13:00:00+00:00,21.129166666666663,22.161264419555664,4.894710540771484,42.907527923583984
Chronos2,2025-08-15 00:00:00+00:00,LZ_WEST,2025-08-15 14:00:00+00:00,15.6275,18.390043258666992,2.397491455078125,35.65410614013672
Chronos2,2025-08-15 00:00:00+00:00,LZ_WEST,2025-08-15 15:00:00+00:00,15.86,18.115110397338867,2.7493438720703125,35.039154052734375
Chronos2,2025-08-15 00:00:00+00:00,LZ_WEST,2025-08-15 16:00:00+00:00,20.52833333333333,21.82038688659668,2.88800048828125,43.92264938354492
Chronos2,2025-08-15 00:00:00+00:00,LZ_WEST,2025-08-15 17:00:00+00:00,19.171666666666667,24.569618225097656,4.6331024169921875,49.38296127319336
Chronos2,2025-08-15 00:00:00+00:00,LZ_WEST,2025-08-15 18:00:00+00:00,15.766666666666666,25.725482940673828,4.176494598388672,53.45917892456055
Chronos2,2025-08-15 00:00:00+00:00,LZ_WEST,2025-08-15 19:00:00+00:00,21.2625,25.453147888183594,3.014984130859375,53.86168670654297
Chronos2,2025-08-15 00:00:00+00:00,LZ_WEST,2025-08-15 20:00:00+00:00,24.44083333333333,25.011672973632812,2.6112518310546875,56.02888870239258
Chronos2,2025-08-15 00:00:00+00:00,LZ_WEST,2025-08-15 21:00:00+00:00,17.898333333333333,26.944368362426758,2.489501953125,60.31593322753906
Chronos2,2025-08-15 00:00:00+00:00,LZ_WEST,2025-08-15 22:00:00+00:00,27.48,27.309659957885742,0.9192008972167969,62.72715759277344
Chronos2,2025-08-15 00:00:00+00:00,LZ_WEST,2025-08-15 23:00:00+00:00,66.365,41.85831832885742,11.488910675048828,84.29145812988281
Chronos2,2025-08-16 00:00:00+00:00,HB_HUBAVG,2025-08-16 00:00:00+00:00,54.34583333333333,47.078208923339844,32.94718551635742,65.27210235595703
Chronos2,2025-08-16 00:00:00+00:00,HB_HUBAVG,2025-08-16 01:00:00+00:00,58.03333333333333,40.789695739746094,28.415122985839844,59.59303283691406
Chronos2,2025-08-16 00:00:00+00:00,HB_HUBAVG,2025-08-16 02:00:00+00:00,56.75333333333333,35.0310173034668,25.468765258789062,49.31221389770508
Chronos2,2025-08-16 00:00:00+00:00,HB_HUBAVG,2025-08-16 03:00:00+00:00,41.70916666666667,25.87844467163086,18.688167572021484,34.41914749145508
Chronos2,2025-08-16 00:00:00+00:00,HB_HUBAVG,2025-08-16 04:00:00+00:00,30.079166666666666,23.072620391845703,16.266796112060547,30.986948013305664
Chronos2,2025-08-16 00:00:00+00:00,HB_HUBAVG,2025-08-16 05:00:00+00:00,27.5025,21.34484100341797,14.781038284301758,28.623558044433594
Chronos2,2025-08-16 00:00:00+00:00,HB_HUBAVG,2025-08-16 06:00:00+00:00,22.811666666666667,20.406747817993164,14.174863815307617,27.563735961914062
Chronos2,2025-08-16 00:00:00+00:00,HB_HUBAVG,2025-08-16 07:00:00+00:00,22.37333333333333,20.465309143066406,14.188484191894531,27.812435150146484
Chronos2,2025-08-16 00:00:00+00:00,HB_HUBAVG,2025-08-16 08:00:00+00:00,21.725833333333338,19.626598358154297,12.537162780761719,26.624568939208984
Chronos2,2025-08-16 00:00:00+00:00,HB_HUBAVG,2025-08-16 09:00:00+00:00,22.3175,19.226839065551758,12.230823516845703,27.18968963623047
Chronos2,2025-08-16 00:00:00+00:00,HB_HUBAVG,2025-08-16 10:00:00+00:00,27.095,20.246917724609375,12.302207946777344,29.445913314819336
Chronos2,2025-08-16 00:00:00+00:00,HB_HUBAVG,2025-08-16 11:00:00+00:00,30.008333333333336,23.528934478759766,14.075408935546875,35.99044418334961
Chronos2,2025-08-16 00:00:00+00:00,HB_HUBAVG,2025-08-16 12:00:00+00:00,29.6575,19.5395565032959,10.63180160522461,29.322628021240234
Chronos2,2025-08-16 00:00:00+00:00,HB_HUBAVG,2025-08-16 13:00:00+00:00,22.016666666666666,12.483102798461914,4.822843551635742,21.309659957885742
Chronos2,2025-08-16 00:00:00+00:00,HB_HUBAVG,2025-08-16 14:00:00+00:00,19.87,10.969478607177734,2.5789356231689453,20.065948486328125
Chronos2,2025-08-16 00:00:00+00:00,HB_HUBAVG,2025-08-16 15:00:00+00:00,20.1925,12.161539077758789,3.994607925415039,21.15670394897461
Chronos2,2025-08-16 00:00:00+00:00,HB_HUBAVG,2025-08-16 16:00:00+00:00,25.359166666666667,15.308252334594727,6.700336456298828,26.830711364746094
Chronos2,2025-08-16 00:00:00+00:00,HB_HUBAVG,2025-08-16 17:00:00+00:00,26.263333333333332,21.03052520751953,10.086984634399414,35.2756233215332
Chronos2,2025-08-16 00:00:00+00:00,HB_HUBAVG,2025-08-16 18:00:00+00:00,36.60916666666667,22.667850494384766,10.876075744628906,38.51316833496094
Chronos2,2025-08-16 00:00:00+00:00,HB_HUBAVG,2025-08-16 19:00:00+00:00,39.329166666666666,25.243547439575195,11.89775276184082,43.83638000488281
Chronos2,2025-08-16 00:00:00+00:00,HB_HUBAVG,2025-08-16 20:00:00+00:00,43.905,26.347700119018555,12.171651840209961,47.414981842041016
Chronos2,2025-08-16 00:00:00+00:00,HB_HUBAVG,2025-08-16 21:00:00+00:00,42.99,26.384464263916016,12.031072616577148,47.60671615600586
Chronos2,2025-08-16 00:00:00+00:00,HB_HUBAVG,2025-08-16 22:00:00+00:00,40.32583333333333,27.37923240661621,12.719257354736328,48.4962272644043
Chronos2,2025-08-16 00:00:00+00:00,HB_HUBAVG,2025-08-16 23:00:00+00:00,49.67250000000001,34.82649230957031,18.13280487060547,62.40440368652344
Chronos2,2025-08-16 00:00:00+00:00,HB_PAN,2025-08-16 00:00:00+00:00,39.77666666666666,19.260257720947266,4.762645721435547,40.16454315185547
Chronos2,2025-08-16 00:00:00+00:00,HB_PAN,2025-08-16 01:00:00+00:00,46.34833333333333,12.763594627380371,-4.2860260009765625,34.448062896728516
Chronos2,2025-08-16 00:00:00+00:00,HB_PAN,2025-08-16 02:00:00+00:00,23.421666666666667,9.37637710571289,-5.741645812988281,28.01516342163086
Chronos2,2025-08-16 00:00:00+00:00,HB_PAN,2025-08-16 03:00:00+00:00,7.075833333333333,8.506063461303711,-5.342388153076172,24.365636825561523
Chronos2,2025-08-16 00:00:00+00:00,HB_PAN,2025-08-16 04:00:00+00:00,3.061666666666667,9.360639572143555,-3.965240478515625,23.60526466369629
Chronos2,2025-08-16 00:00:00+00:00,HB_PAN,2025-08-16 05:00:00+00:00,6.950833333333333,9.518253326416016,-2.6674976348876953,21.329349517822266
Chronos2,2025-08-16 00:00:00+00:00,HB_PAN,2025-08-16 06:00:00+00:00,15.518333333333333,10.561601638793945,-1.0939350128173828,21.987701416015625
Chronos2,2025-08-16 00:00:00+00:00,HB_PAN,2025-08-16 07:00:00+00:00,18.5025,10.697502136230469,-0.5906219482421875,21.6544189453125
Chronos2,2025-08-16 00:00:00+00:00,HB_PAN,2025-08-16 08:00:00+00:00,20.438333333333333,11.28872299194336,-0.31640625,21.114463806152344
Chronos2,2025-08-16 00:00:00+00:00,HB_PAN,2025-08-16 09:00:00+00:00,20.536666666666665,12.494030952453613,1.048370361328125,22.948623657226562
Chronos2,2025-08-16 00:00:00+00:00,HB_PAN,2025-08-16 10:00:00+00:00,16.68916666666667,13.231822967529297,1.462057113647461,23.69478416442871
Chronos2,2025-08-16 00:00:00+00:00,HB_PAN,2025-08-16 11:00:00+00:00,14.1875,15.558932304382324,3.262340545654297,26.841482162475586
Chronos2,2025-08-16 00:00:00+00:00,HB_PAN,2025-08-16 12:00:00+00:00,9.155,14.370759963989258,2.198293685913086,24.885129928588867
Chronos2,2025-08-16 00:00:00+00:00,HB_PAN,2025-08-16 13:00:00+00:00,16.274166666666666,10.509593963623047,-2.3033180236816406,21.400936126708984
Chronos2,2025-08-16 00:00:00+00:00,HB_PAN,2025-08-16 14:00:00+00:00,18.8875,8.638168334960938,-4.027858734130859,20.400936126708984
Chronos2,2025-08-16 00:00:00+00:00,HB_PAN,2025-08-16 15:00:00+00:00,20.22083333333333,8.934946060180664,-3.876178741455078,21.30575942993164
Chronos2,2025-08-16 00:00:00+00:00,HB_PAN,2025-08-16 16:00:00+00:00,25.375833333333333,12.258702278137207,-0.9688529968261719,24.378440856933594
Chronos2,2025-08-16 00:00:00+00:00,HB_PAN,2025-08-16 17:00:00+00:00,26.263333333333332,14.518597602844238,0.7758197784423828,27.973119735717773
Chronos2,2025-08-16 00:00:00+00:00,HB_PAN,2025-08-16 18:00:00+00:00,36.50083333333333,16.021331787109375,1.2193870544433594,30.429607391357422
Chronos2,2025-08-16 00:00:00+00:00,HB_PAN,2025-08-16 19:00:00+00:00,38.46333333333333,16.783233642578125,0.9813995361328125,33.48252487182617
Chronos2,2025-08-16 00:00:00+00:00,HB_PAN,2025-08-16 20:00:00+00:00,40.85833333333333,17.57128143310547,0.6261730194091797,35.963706970214844
Chronos2,2025-08-16 00:00:00+00:00,HB_PAN,2025-08-16 21:00:00+00:00,30.7175,17.998138427734375,0.1515674591064453,38.42845916748047
Chronos2,2025-08-16 00:00:00+00:00,HB_PAN,2025-08-16 22:00:00+00:00,17.175,17.918964385986328,-0.3980369567871094,38.62458801269531
Chronos2,2025-08-16 00:00:00+00:00,HB_PAN,2025-08-16 23:00:00+00:00,16.875833333333333,21.751129150390625,1.6268806457519531,48.44773864746094
Chronos2,2025-08-16 00:00:00+00:00,LZ_WEST,2025-08-16 00:00:00+00:00,62.99166666666667,69.6068344116211,51.674400329589844,87.2532958984375
Chronos2,2025-08-16 00:00:00+00:00,LZ_WEST,2025-08-16 01:00:00+00:00,66.0025,66.42756652832031,48.00267791748047,84.1533203125
Chronos2,2025-08-16 00:00:00+00:00,LZ_WEST,2025-08-16 02:00:00+00:00,81.72583333333334,64.94967651367188,47.366519927978516,82.57051086425781
Chronos2,2025-08-16 00:00:00+00:00,LZ_WEST,2025-08-16 03:00:00+00:00,80.735,56.551422119140625,38.740211486816406,74.76396179199219
Chronos2,2025-08-16 00:00:00+00:00,LZ_WEST,2025-08-16 04:00:00+00:00,60.77166666666667,54.66240310668945,36.50313949584961,73.1500473022461
Chronos2,2025-08-16 00:00:00+00:00,LZ_WEST,2025-08-16 05:00:00+00:00,62.82916666666667,51.94709014892578,32.56834411621094,71.02787780761719
Chronos2,2025-08-16 00:00:00+00:00,LZ_WEST,2025-08-16 06:00:00+00:00,40.4525,45.64701461791992,25.885395050048828,66.19841766357422
Chronos2,2025-08-16 00:00:00+00:00,LZ_WEST,2025-08-16 07:00:00+00:00,33.61666666666667,46.540924072265625,25.780521392822266,67.76404571533203
Chronos2,2025-08-16 00:00:00+00:00,LZ_WEST,2025-08-16 08:00:00+00:00,24.10833333333333,44.53437042236328,22.12371063232422,67.13755798339844
Chronos2,2025-08-16 00:00:00+00:00,LZ_WEST,2025-08-16 09:00:00+00:00,25.59583333333333,43.62625503540039,21.623592376708984,65.58413696289062
Chronos2,2025-08-16 00:00:00+00:00,LZ_WEST,2025-08-16 10:00:00+00:00,46.10916666666666,47.28639221191406,26.011676788330078,69.0870361328125
Chronos2,2025-08-16 00:00:00+00:00,LZ_WEST,2025-08-16 11:00:00+00:00,58.939166666666665,49.493682861328125,28.379810333251953,70.22050476074219
Chronos2,2025-08-16 00:00:00+00:00,LZ_WEST,2025-08-16 12:00:00+00:00,67.01166666666667,34.14070510864258,14.742788314819336,53.84348678588867
Chronos2,2025-08-16 00:00:00+00:00,LZ_WEST,2025-08-16 13:00:00+00:00,31.97083333333333,14.767744064331055,0.6803474426269531,30.258054733276367
Chronos2,2025-08-16 00:00:00+00:00,LZ_WEST,2025-08-16 14:00:00+00:00,20.88,12.162593841552734,-2.18389892578125,27.994213104248047
Chronos2,2025-08-16 00:00:00+00:00,LZ_WEST,2025-08-16 15:00:00+00:00,20.46333333333333,12.21771240234375,-1.6137542724609375,26.884862899780273
Chronos2,2025-08-16 00:00:00+00:00,LZ_WEST,2025-08-16 16:00:00+00:00,25.60833333333333,14.213136672973633,-0.4245491027832031,30.444538116455078
Chronos2,2025-08-16 00:00:00+00:00,LZ_WEST,2025-08-16 17:00:00+00:00,26.263333333333332,16.906267166137695,1.2555961608886719,36.00532531738281
Chronos2,2025-08-16 00:00:00+00:00,LZ_WEST,2025-08-16 18:00:00+00:00,36.595,18.32919692993164,1.6716575622558594,37.846073150634766
Chronos2,2025-08-16 00:00:00+00:00,LZ_WEST,2025-08-16 19:00:00+00:00,38.740833333333335,19.422698974609375,1.9443817138671875,40.585418701171875
Chronos2,2025-08-16 00:00:00+00:00,LZ_WEST,2025-08-16 20:00:00+00:00,43.8375,20.011812210083008,1.8942832946777344,42.95751190185547
Chronos2,2025-08-16 00:00:00+00:00,LZ_WEST,2025-08-16 21:00:00+00:00,49.54750000000001,21.568172454833984,2.7441787719726562,45.89740753173828
Chronos2,2025-08-16 00:00:00+00:00,LZ_WEST,2025-08-16 22:00:00+00:00,66.56583333333333,23.826929092407227,2.3215789794921875,48.61973190307617
Chronos2,2025-08-16 00:00:00+00:00,LZ_WEST,2025-08-16 23:00:00+00:00,87.28916666666667,40.782440185546875,17.23078155517578,65.60630798339844
Chronos2,2025-08-17 00:00:00+00:00,HB_HUBAVG,2025-08-17 00:00:00+00:00,69.07166666666667,60.59852600097656,48.70178985595703,74.5032958984375
Chronos2,2025-08-17 00:00:00+00:00,HB_HUBAVG,2025-08-17 01:00:00+00:00,69.97666666666667,49.13214111328125,39.232723236083984,61.69068145751953
Chronos2,2025-08-17 00:00:00+00:00,HB_HUBAVG,2025-08-17 02:00:00+00:00,71.80416666666666,39.59919738769531,32.50474166870117,47.700355529785156
Chronos2,2025-08-17 00:00:00+00:00,HB_HUBAVG,2025-08-17 03:00:00+00:00,39.53916666666667,30.49590301513672,25.404239654541016,35.945213317871094
Chronos2,2025-08-17 00:00:00+00:00,HB_HUBAVG,2025-08-17 04:00:00+00:00,34.69166666666667,28.48627471923828,23.92477035522461,33.661651611328125
Chronos2,2025-08-17 00:00:00+00:00,HB_HUBAVG,2025-08-17 05:00:00+00:00,35.910833333333336,27.55026626586914,23.087291717529297,32.5335807800293
Chronos2,2025-08-17 00:00:00+00:00,HB_HUBAVG,2025-08-17 06:00:00+00:00,32.155833333333334,27.280641555786133,22.949234008789062,32.2802848815918
Chronos2,2025-08-17 00:00:00+00:00,HB_HUBAVG,2025-08-17 07:00:00+00:00,27.9,26.661762237548828,22.48714828491211,31.774150848388672
Chronos2,2025-08-17 00:00:00+00:00,HB_HUBAVG,2025-08-17 08:00:00+00:00,25.058333333333337,26.136920928955078,21.433666229248047,30.7736759185791
Chronos2,2025-08-17 00:00:00+00:00,HB_HUBAVG,2025-08-17 09:00:00+00:00,23.18583333333333,26.497297286987305,21.808612823486328,32.11775207519531
Chronos2,2025-08-17 00:00:00+00:00,HB_HUBAVG,2025-08-17 10:00:00+00:00,22.493333333333336,27.86599349975586,22.335567474365234,34.1642951965332
Chronos2,2025-08-17 00:00:00+00:00,HB_HUBAVG,2025-08-17 11:00:00+00:00,22.0325,31.338790893554688,24.604572296142578,40.55291748046875
Chronos2,2025-08-17 00:00:00+00:00,HB_HUBAVG,2025-08-17 12:00:00+00:00,20.886666666666667,26.841869354248047,21.301376342773438,32.93895721435547
Chronos2,2025-08-17 00:00:00+00:00,HB_HUBAVG,2025-08-17 13:00:00+00:00,16.590833333333332,21.070039749145508,16.859323501586914,25.58319854736328
Chronos2,2025-08-17 00:00:00+00:00,HB_HUBAVG,2025-08-17 14:00:00+00:00,14.505,20.067630767822266,15.981853485107422,24.348087310791016
Chronos2,2025-08-17 00:00:00+00:00,HB_HUBAVG,2025-08-17 15:00:00+00:00,10.599166666666669,21.95970916748047,17.20126724243164,26.545989990234375
Chronos2,2025-08-17 00:00:00+00:00,HB_HUBAVG,2025-08-17 16:00:00+00:00,17.013333333333332,26.002777099609375,21.331722259521484,31.39284896850586
Chronos2,2025-08-17 00:00:00+00:00,HB_HUBAVG,2025-08-17 17:00:00+00:00,31.063333333333333,29.758150100708008,24.088104248046875,36.756629943847656
Chronos2,2025-08-17 00:00:00+00:00,HB_HUBAVG,2025-08-17 18:00:00+00:00,39.431666666666665,35.603416442871094,28.1276798248291,44.64216995239258
Chronos2,2025-08-17 00:00:00+00:00,HB_HUBAVG,2025-08-17 19:00:00+00:00,40.04,38.45991134643555,29.89263153076172,49.36115646362305
Chronos2,2025-08-17 00:00:00+00:00,HB_HUBAVG,2025-08-17 20:00:00+00:00,41.48416666666667,41.47758483886719,32.32303237915039,53.25434875488281
Chronos2,2025-08-17 00:00:00+00:00,HB_HUBAVG,2025-08-17 21:00:00+00:00,44.17333333333334,40.209720611572266,32.24161148071289,50.594356536865234
Chronos2,2025-08-17 00:00:00+00:00,HB_HUBAVG,2025-08-17 22:00:00+00:00,44.05833333333334,39.15067672729492,31.03921127319336,50.02251434326172
Chronos2,2025-08-17 00:00:00+00:00,HB_HUBAVG,2025-08-17 23:00:00+00:00,64.81166666666667,47.333518981933594,34.86424255371094,64.97298431396484
Chronos2,2025-08-17 00:00:00+00:00,HB_PAN,2025-08-17 00:00:00+00:00,60.75333333333334,24.934295654296875,14.288739204406738,41.37687301635742
Chronos2,2025-08-17 00:00:00+00:00,HB_PAN,2025-08-17 01:00:00+00:00,52.31666666666666,22.373519897460938,10.73092269897461,39.434974670410156
Chronos2,2025-08-17 00:00:00+00:00,HB_PAN,2025-08-17 02:00:00+00:00,48.76583333333334,14.27547550201416,4.067705154418945,26.164762496948242
Chronos2,2025-08-17 00:00:00+00:00,HB_PAN,2025-08-17 03:00:00+00:00,29.486666666666668,14.640377044677734,4.681636810302734,25.5681209564209
Chronos2,2025-08-17 00:00:00+00:00,HB_PAN,2025-08-17 04:00:00+00:00,24.39,18.299535751342773,8.554622650146484,28.826658248901367
Chronos2,2025-08-17 00:00:00+00:00,HB_PAN,2025-08-17 05:00:00+00:00,22.626666666666665,19.620210647583008,10.115594863891602,29.42025375366211
Chronos2,2025-08-17 00:00:00+00:00,HB_PAN,2025-08-17 06:00:00+00:00,19.755,23.746746063232422,13.792835235595703,34.3134651184082
Chronos2,2025-08-17 00:00:00+00:00,HB_PAN,2025-08-17 07:00:00+00:00,24.52833333333333,23.10852813720703,14.157352447509766,33.364906311035156
Chronos2,2025-08-17 00:00:00+00:00,HB_PAN,2025-08-17 08:00:00+00:00,17.5925,23.596824645996094,14.794699668884277,33.3077392578125
Chronos2,2025-08-17 00:00:00+00:00,HB_PAN,2025-08-17 09:00:00+00:00,20.03333333333333,24.133331298828125,14.999899864196777,34.36331558227539
Chronos2,2025-08-17 00:00:00+00:00,HB_PAN,2025-08-17 10:00:00+00:00,22.424166666666665,21.137399673461914,11.728879928588867,30.378299713134766
Chronos2,2025-08-17 00:00:00+00:00,HB_PAN,2025-08-17 11:00:00+00:00,22.0325,19.220060348510742,9.979171752929688,28.44437599182129
Chronos2,2025-08-17 00:00:00+00:00,HB_PAN,2025-08-17 12:00:00+00:00,20.886666666666667,15.064689636230469,6.048669815063477,23.843488693237305
Chronos2,2025-08-17 00:00:00+00:00,HB_PAN,2025-08-17 13:00:00+00:00,16.591666666666665,13.682857513427734,4.837076187133789,22.455202102661133
Chronos2,2025-08-17 00:00:00+00:00,HB_PAN,2025-08-17 14:00:00+00:00,13.831666666666663,15.430511474609375,7.031959533691406,23.955615997314453
Chronos2,2025-08-17 00:00:00+00:00,HB_PAN,2025-08-17 15:00:00+00:00,6.895,18.345813751220703,9.355440139770508,26.92304229736328
Chronos2,2025-08-17 00:00:00+00:00,HB_PAN,2025-08-17 16:00:00+00:00,11.410833333333334,20.65626335144043,12.994771957397461,28.872865676879883
Chronos2,2025-08-17 00:00:00+00:00,HB_PAN,2025-08-17 17:00:00+00:00,23.785833333333333,23.934925079345703,15.874067306518555,32.4333381652832
Chronos2,2025-08-17 00:00:00+00:00,HB_PAN,2025-08-17 18:00:00+00:00,28.20583333333333,29.038719177246094,19.223674774169922,40.156524658203125
Chronos2,2025-08-17 00:00:00+00:00,HB_PAN,2025-08-17 19:00:00+00:00,27.24,30.9874267578125,19.82577896118164,43.790077209472656
Chronos2,2025-08-17 00:00:00+00:00,HB_PAN,2025-08-17 20:00:00+00:00,26.879166666666663,32.92820739746094,20.866348266601562,46.504371643066406
Chronos2,2025-08-17 00:00:00+00:00,HB_PAN,2025-08-17 21:00:00+00:00,24.376666666666665,29.464210510253906,18.178050994873047,43.32655334472656
Chronos2,2025-08-17 00:00:00+00:00,HB_PAN,2025-08-17 22:00:00+00:00,6.525833333333334,22.776643753051758,11.738142013549805,36.51909255981445
Chronos2,2025-08-17 00:00:00+00:00,HB_PAN,2025-08-17 23:00:00+00:00,10.799166666666666,23.5339412689209,10.358266830444336,42.689334869384766
Chronos2,2025-08-17 00:00:00+00:00,LZ_WEST,2025-08-17 00:00:00+00:00,79.34333333333333,83.83160400390625,69.93157958984375,96.2714614868164
Chronos2,2025-08-17 00:00:00+00:00,LZ_WEST,2025-08-17 01:00:00+00:00,80.24083333333333,69.10699462890625,53.70475769042969,82.44872283935547
Chronos2,2025-08-17 00:00:00+00:00,LZ_WEST,2025-08-17 02:00:00+00:00,87.73833333333333,66.9141845703125,51.01279830932617,80.37886047363281
Chronos2,2025-08-17 00:00:00+00:00,LZ_WEST,2025-08-17 03:00:00+00:00,56.90916666666666,61.826438903808594,45.89678192138672,76.43789672851562
Chronos2,2025-08-17 00:00:00+00:00,LZ_WEST,2025-08-17 04:00:00+00:00,53.1875,61.049293518066406,45.259918212890625,76.00923156738281
Chronos2,2025-08-17 00:00:00+00:00,LZ_WEST,2025-08-17 05:00:00+00:00,59.403333333333336,58.670692443847656,42.38718795776367,73.98294830322266
Chronos2,2025-08-17 00:00:00+00:00,LZ_WEST,2025-08-17 06:00:00+00:00,59.98166666666666,52.68641662597656,36.15898132324219,69.61021423339844
Chronos2,2025-08-17 00:00:00+00:00,LZ_WEST,2025-08-17 07:00:00+00:00,52.281666666666666,49.09150695800781,31.580549240112305,67.60904693603516
Chronos2,2025-08-17 00:00:00+00:00,LZ_WEST,2025-08-17 08:00:00+00:00,43.836666666666666,45.415504455566406,26.781494140625,64.36930084228516
Chronos2,2025-08-17 00:00:00+00:00,LZ_WEST,2025-08-17 09:00:00+00:00,30.435,47.254268646240234,27.624927520751953,66.22174072265625
Chronos2,2025-08-17 00:00:00+00:00,LZ_WEST,2025-08-17 10:00:00+00:00,23.965833333333336,52.153465270996094,29.84398078918457,72.01084899902344
Chronos2,2025-08-17 00:00:00+00:00,LZ_WEST,2025-08-17 11:00:00+00:00,22.0325,58.21856689453125,37.316802978515625,77.62615966796875
Chronos2,2025-08-17 00:00:00+00:00,LZ_WEST,2025-08-17 12:00:00+00:00,20.886666666666667,44.73942565917969,28.12868881225586,60.99810791015625
Chronos2,2025-08-17 00:00:00+00:00,LZ_WEST,2025-08-17 13:00:00+00:00,16.594166666666666,22.87164878845215,12.75906753540039,33.41670227050781
Chronos2,2025-08-17 00:00:00+00:00,LZ_WEST,2025-08-17 14:00:00+00:00,13.7,21.09182357788086,11.56707763671875,30.36635398864746
Chronos2,2025-08-17 00:00:00+00:00,LZ_WEST,2025-08-17 15:00:00+00:00,7.569166666666667,22.188873291015625,13.339256286621094,31.264467239379883
Chronos2,2025-08-17 00:00:00+00:00,LZ_WEST,2025-08-17 16:00:00+00:00,11.873333333333331,26.595930099487305,18.208269119262695,36.75714874267578
Chronos2,2025-08-17 00:00:00+00:00,LZ_WEST,2025-08-17 17:00:00+00:00,26.31083333333333,30.288557052612305,20.820510864257812,41.05479049682617
Chronos2,2025-08-17 00:00:00+00:00,LZ_WEST,2025-08-17 18:00:00+00:00,32.530833333333334,34.24765396118164,23.19532585144043,46.47224426269531
Chronos2,2025-08-17 00:00:00+00:00,LZ_WEST,2025-08-17 19:00:00+00:00,32.30416666666667,37.39860153198242,24.96255111694336,51.12645721435547
Chronos2,2025-08-17 00:00:00+00:00,LZ_WEST,2025-08-17 20:00:00+00:00,32.651666666666664,40.52660369873047,26.60826873779297,55.829437255859375
Chronos2,2025-08-17 00:00:00+00:00,LZ_WEST,2025-08-17 21:00:00+00:00,42.03333333333333,43.38383483886719,28.798826217651367,59.282691955566406
Chronos2,2025-08-17 00:00:00+00:00,LZ_WEST,2025-08-17 22:00:00+00:00,56.83916666666666,48.982322692871094,31.803356170654297,66.78805541992188
Chronos2,2025-08-17 00:00:00+00:00,LZ_WEST,2025-08-17 23:00:00+00:00,88.5425,66.17947387695312,43.733619689941406,88.00349426269531
Chronos2,2025-08-18 00:00:00+00:00,HB_HUBAVG,2025-08-18 00:00:00+00:00,76.58083333333333,77.32151794433594,60.632080078125,98.46148681640625
Chronos2,2025-08-18 00:00:00+00:00,HB_HUBAVG,2025-08-18 01:00:00+00:00,67.34666666666666,67.95142364501953,50.49751663208008,85.70563507080078
Chronos2,2025-08-18 00:00:00+00:00,HB_HUBAVG,2025-08-18 02:00:00+00:00,74.15833333333333,58.076881408691406,42.79497146606445,76.2918701171875
Chronos2,2025-08-18 00:00:00+00:00,HB_HUBAVG,2025-08-18 03:00:00+00:00,52.89833333333333,35.63079071044922,27.301063537597656,44.82538604736328
Chronos2,2025-08-18 00:00:00+00:00,HB_HUBAVG,2025-08-18 04:00:00+00:00,34.550000000000004,30.196632385253906,23.988798141479492,37.15037536621094
Chronos2,2025-08-18 00:00:00+00:00,HB_HUBAVG,2025-08-18 05:00:00+00:00,29.504166666666663,28.878490447998047,22.764686584472656,34.969200134277344
Chronos2,2025-08-18 00:00:00+00:00,HB_HUBAVG,2025-08-18 06:00:00+00:00,26.41583333333333,26.433889389038086,20.727191925048828,32.52201843261719
Chronos2,2025-08-18 00:00:00+00:00,HB_HUBAVG,2025-08-18 07:00:00+00:00,24.224166666666665,24.8098201751709,19.32032585144043,30.58553695678711
Chronos2,2025-08-18 00:00:00+00:00,HB_HUBAVG,2025-08-18 08:00:00+00:00,24.492500000000003,24.130992889404297,18.376758575439453,29.240154266357422
Chronos2,2025-08-18 00:00:00+00:00,HB_HUBAVG,2025-08-18 09:00:00+00:00,24.97083333333333,24.20490837097168,18.339670181274414,30.281688690185547
Chronos2,2025-08-18 00:00:00+00:00,HB_HUBAVG,2025-08-18 10:00:00+00:00,27.52583333333333,25.720977783203125,18.66996192932129,33.38381576538086
Chronos2,2025-08-18 00:00:00+00:00,HB_HUBAVG,2025-08-18 11:00:00+00:00,37.590833333333336,27.639835357666016,19.66175079345703,37.23992919921875
Chronos2,2025-08-18 00:00:00+00:00,HB_HUBAVG,2025-08-18 12:00:00+00:00,31.410833333333333,24.901180267333984,17.631879806518555,32.370025634765625
Chronos2,2025-08-18 00:00:00+00:00,HB_HUBAVG,2025-08-18 13:00:00+00:00,21.795,19.696748733520508,13.145418167114258,26.670650482177734
Chronos2,2025-08-18 00:00:00+00:00,HB_HUBAVG,2025-08-18 14:00:00+00:00,18.969166666666663,19.210880279541016,12.448041915893555,26.11325454711914
Chronos2,2025-08-18 00:00:00+00:00,HB_HUBAVG,2025-08-18 15:00:00+00:00,17.75166666666667,19.334985733032227,12.633447647094727,25.99738311767578
Chronos2,2025-08-18 00:00:00+00:00,HB_HUBAVG,2025-08-18 16:00:00+00:00,27.12333333333333,24.61774253845215,17.52364730834961,31.689533233642578
Chronos2,2025-08-18 00:00:00+00:00,HB_HUBAVG,2025-08-18 17:00:00+00:00,37.82,29.84256935119629,22.00124168395996,37.64694595336914
Chronos2,2025-08-18 00:00:00+00:00,HB_HUBAVG,2025-08-18 18:00:00+00:00,33.08083333333333,33.7565803527832,25.063087463378906,42.563682556152344
Chronos2,2025-08-18 00:00:00+00:00,HB_HUBAVG,2025-08-18 19:00:00+00:00,26.757500000000004,36.26604461669922,27.587600708007812,44.81021499633789
Chronos2,2025-08-18 00:00:00+00:00,HB_HUBAVG,2025-08-18 20:00:00+00:00,32.40416666666667,38.856773376464844,30.17380142211914,47.826324462890625
Chronos2,2025-08-18 00:00:00+00:00,HB_HUBAVG,2025-08-18 21:00:00+00:00,23.905,40.35354995727539,31.319833755493164,50.22309875488281
Chronos2,2025-08-18 00:00:00+00:00,HB_HUBAVG,2025-08-18 22:00:00+00:00,32.6525,40.872833251953125,30.38473129272461,53.79775619506836
Chronos2,2025-08-18 00:00:00+00:00,HB_HUBAVG,2025-08-18 23:00:00+00:00,141.3725,55.57562255859375,38.936546325683594,77.02342224121094
Chronos2,2025-08-18 00:00:00+00:00,HB_PAN,2025-08-18 00:00:00+00:00,47.74416666666667,45.321258544921875,21.017040252685547,73.10221099853516
Chronos2,2025-08-18 00:00:00+00:00,HB_PAN,2025-08-18 01:00:00+00:00,55.70583333333334,38.043601989746094,16.851608276367188,64.2989501953125
Chronos2,2025-08-18 00:00:00+00:00,HB_PAN,2025-08-18 02:00:00+00:00,60.1375,28.907983779907227,13.357061386108398,48.94902038574219
Chronos2,2025-08-18 00:00:00+00:00,HB_PAN,2025-08-18 03:00:00+00:00,39.22666666666667,13.412124633789062,1.4455928802490234,25.96206283569336
Chronos2,2025-08-18 00:00:00+00:00,HB_PAN,2025-08-18 04:00:00+00:00,23.234166666666667,11.277923583984375,0.9678611755371094,20.70193099975586
Chronos2,2025-08-18 00:00:00+00:00,HB_PAN,2025-08-18 05:00:00+00:00,29.90833333333333,12.201532363891602,2.1757545471191406,21.463733673095703
Chronos2,2025-08-18 00:00:00+00:00,HB_PAN,2025-08-18 06:00:00+00:00,28.61,12.713996887207031,3.0592613220214844,21.580486297607422
Chronos2,2025-08-18 00:00:00+00:00,HB_PAN,2025-08-18 07:00:00+00:00,25.224166666666665,13.55295181274414,3.770427703857422,22.223712921142578
Chronos2,2025-08-18 00:00:00+00:00,HB_PAN,2025-08-18 08:00:00+00:00,25.375833333333333,13.79427719116211,3.943937301635742,21.958393096923828
Chronos2,2025-08-18 00:00:00+00:00,HB_PAN,2025-08-18 09:00:00+00:00,25.249166666666667,14.460684776306152,4.906528472900391,22.908706665039062
Chronos2,2025-08-18 00:00:00+00:00,HB_PAN,2025-08-18 10:00:00+00:00,27.6925,14.700456619262695,4.780055999755859,23.01285171508789
Chronos2,2025-08-18 00:00:00+00:00,HB_PAN,2025-08-18 11:00:00+00:00,37.590833333333336,15.572044372558594,5.198347091674805,24.50836944580078
Chronos2,2025-08-18 00:00:00+00:00,HB_PAN,2025-08-18 12:00:00+00:00,31.52583333333333,15.4484281539917,5.007814407348633,24.790781021118164
Chronos2,2025-08-18 00:00:00+00:00,HB_PAN,2025-08-18 13:00:00+00:00,21.825,14.214906692504883,3.5082321166992188,23.2325382232666
Chronos2,2025-08-18 00:00:00+00:00,HB_PAN,2025-08-18 14:00:00+00:00,17.424166666666668,14.86512279510498,4.634876251220703,24.850601196289062
Chronos2,2025-08-18 00:00:00+00:00,HB_PAN,2025-08-18 15:00:00+00:00,14.2,13.896763801574707,3.644044876098633,24.158592224121094
Chronos2,2025-08-18 00:00:00+00:00,HB_PAN,2025-08-18 16:00:00+00:00,20.24,16.965087890625,5.630584716796875,26.9598445892334
Chronos2,2025-08-18 00:00:00+00:00,HB_PAN,2025-08-18 17:00:00+00:00,30.930000000000003,20.245159149169922,8.529796600341797,30.655412673950195
Chronos2,2025-08-18 00:00:00+00:00,HB_PAN,2025-08-18 18:00:00+00:00,24.866666666666664,20.485414505004883,8.347938537597656,30.711259841918945
Chronos2,2025-08-18 00:00:00+00:00,HB_PAN,2025-08-18 19:00:00+00:00,19.406666666666663,20.644031524658203,8.557979583740234,31.449522018432617
Chronos2,2025-08-18 00:00:00+00:00,HB_PAN,2025-08-18 20:00:00+00:00,22.828333333333333,21.350814819335938,8.852106094360352,33.23454666137695
Chronos2,2025-08-18 00:00:00+00:00,HB_PAN,2025-08-18 21:00:00+00:00,17.156666666666666,20.12006187438965,7.18865966796875,31.96770477294922
Chronos2,2025-08-18 00:00:00+00:00,HB_PAN,2025-08-18 22:00:00+00:00,23.386666666666667,13.57933235168457,0.2453937530517578,26.34473419189453
Chronos2,2025-08-18 00:00:00+00:00,HB_PAN,2025-08-18 23:00:00+00:00,136.60333333333332,17.626319885253906,2.5204505920410156,34.89363098144531
Chronos2,2025-08-18 00:00:00+00:00,LZ_WEST,2025-08-18 00:00:00+00:00,86.89166666666667,85.90187072753906,67.21780395507812,103.79078674316406
Chronos2,2025-08-18 00:00:00+00:00,LZ_WEST,2025-08-18 01:00:00+00:00,71.46,77.82573699951172,58.0042724609375,95.471923828125
Chronos2,2025-08-18 00:00:00+00:00,LZ_WEST,2025-08-18 02:00:00+00:00,83.16916666666667,74.296875,54.994258880615234,92.45895385742188
Chronos2,2025-08-18 00:00:00+00:00,LZ_WEST,2025-08-18 03:00:00+00:00,78.68166666666667,60.375038146972656,42.91767501831055,77.56643676757812
Chronos2,2025-08-18 00:00:00+00:00,LZ_WEST,2025-08-18 04:00:00+00:00,78.46416666666666,55.53981018066406,39.64949417114258,72.25985717773438
Chronos2,2025-08-18 00:00:00+00:00,LZ_WEST,2025-08-18 05:00:00+00:00,67.5975,55.90400314331055,39.08726501464844,72.68597412109375
Chronos2,2025-08-18 00:00:00+00:00,LZ_WEST,2025-08-18 06:00:00+00:00,58.8975,50.42527389526367,33.702430725097656,68.24256896972656
Chronos2,2025-08-18 00:00:00+00:00,LZ_WEST,2025-08-18 07:00:00+00:00,39.0525,44.23858642578125,28.594470977783203,61.87506103515625
Chronos2,2025-08-18 00:00:00+00:00,LZ_WEST,2025-08-18 08:00:00+00:00,37.7425,38.37291717529297,23.028240203857422,55.2972412109375
Chronos2,2025-08-18 00:00:00+00:00,LZ_WEST,2025-08-18 09:00:00+00:00,29.095,36.8190803527832,20.153385162353516,56.39105224609375
Chronos2,2025-08-18 00:00:00+00:00,LZ_WEST,2025-08-18 10:00:00+00:00,30.001666666666665,40.729434967041016,19.973407745361328,67.02888488769531
Chronos2,2025-08-18 00:00:00+00:00,LZ_WEST,2025-08-18 11:00:00+00:00,37.590833333333336,42.91170120239258,18.50958824157715,72.56324005126953
Chronos2,2025-08-18 00:00:00+00:00,LZ_WEST,2025-08-18 12:00:00+00:00,34.281666666666666,32.197574615478516,15.163833618164062,53.5150146484375
Chronos2,2025-08-18 00:00:00+00:00,LZ_WEST,2025-08-18 13:00:00+00:00,22.555000000000003,22.68446159362793,9.106815338134766,38.3350830078125
Chronos2,2025-08-18 00:00:00+00:00,LZ_WEST,2025-08-18 14:00:00+00:00,17.753333333333334,21.546138763427734,9.028881072998047,35.287086486816406
Chronos2,2025-08-18 00:00:00+00:00,LZ_WEST,2025-08-18 15:00:00+00:00,14.615,20.720197677612305,8.618389129638672,33.19850158691406
Chronos2,2025-08-18 00:00:00+00:00,LZ_WEST,2025-08-18 16:00:00+00:00,21.545,23.44586944580078,12.399009704589844,35.472320556640625
Chronos2,2025-08-18 00:00:00+00:00,LZ_WEST,2025-08-18 17:00:00+00:00,32.925000000000004,27.066503524780273,15.433853149414062,39.04655838012695
Chronos2,2025-08-18 00:00:00+00:00,LZ_WEST,2025-08-18 18:00:00+00:00,27.406666666666663,28.640701293945312,16.433218002319336,40.825294494628906
Chronos2,2025-08-18 00:00:00+00:00,LZ_WEST,2025-08-18 19:00:00+00:00,21.38833333333333,31.328670501708984,18.81814956665039,43.68189239501953
Chronos2,2025-08-18 00:00:00+00:00,LZ_WEST,2025-08-18 20:00:00+00:00,24.33583333333333,33.902828216552734,20.498239517211914,47.43250274658203
Chronos2,2025-08-18 00:00:00+00:00,LZ_WEST,2025-08-18 21:00:00+00:00,18.441666666666663,40.46485137939453,24.61285972595215,56.737064361572266
Chronos2,2025-08-18 00:00:00+00:00,LZ_WEST,2025-08-18 22:00:00+00:00,27.67833333333333,50.731815338134766,29.23382568359375,71.9626693725586
Chronos2,2025-08-18 00:00:00+00:00,LZ_WEST,2025-08-18 23:00:00+00:00,147.39333333333337,73.53205108642578,45.870826721191406,99.00143432617188
Chronos2,2025-08-19 00:00:00+00:00,HB_HUBAVG,2025-08-19 00:00:00+00:00,89.03083333333332,100.38062286376953,71.58354187011719,146.70814514160156
Chronos2,2025-08-19 00:00:00+00:00,HB_HUBAVG,2025-08-19 01:00:00+00:00,92.41333333333334,78.10829162597656,52.30512237548828,111.04715728759766
Chronos2,2025-08-19 00:00:00+00:00,HB_HUBAVG,2025-08-19 02:00:00+00:00,129.25083333333333,65.36803436279297,44.566986083984375,98.88524627685547
Chronos2,2025-08-19 00:00:00+00:00,HB_HUBAVG,2025-08-19 03:00:00+00:00,72.5025,40.749725341796875,29.391265869140625,59.0836296081543
Chronos2,2025-08-19 00:00:00+00:00,HB_HUBAVG,2025-08-19 04:00:00+00:00,50.76499999999999,31.213314056396484,23.88467025756836,41.08244323730469
Chronos2,2025-08-19 00:00:00+00:00,HB_HUBAVG,2025-08-19 05:00:00+00:00,42.78,28.136016845703125,22.244403839111328,35.62582778930664
Chronos2,2025-08-19 00:00:00+00:00,HB_HUBAVG,2025-08-19 06:00:00+00:00,40.7875,25.74330711364746,20.527509689331055,32.66532516479492
Chronos2,2025-08-19 00:00:00+00:00,HB_HUBAVG,2025-08-19 07:00:00+00:00,38.5625,24.65131378173828,18.936174392700195,30.778196334838867
Chronos2,2025-08-19 00:00:00+00:00,HB_HUBAVG,2025-08-19 08:00:00+00:00,40.525,24.164398193359375,17.929969787597656,30.212167739868164
Chronos2,2025-08-19 00:00:00+00:00,HB_HUBAVG,2025-08-19 09:00:00+00:00,39.583333333333336,24.848472595214844,18.794458389282227,31.22629165649414
Chronos2,2025-08-19 00:00:00+00:00,HB_HUBAVG,2025-08-19 10:00:00+00:00,50.70916666666667,28.001070022583008,20.34267234802246,36.60756301879883
Chronos2,2025-08-19 00:00:00+00:00,HB_HUBAVG,2025-08-19 11:00:00+00:00,80.355,32.63242721557617,23.320972442626953,44.58761978149414
Chronos2,2025-08-19 00:00:00+00:00,HB_HUBAVG,2025-08-19 12:00:00+00:00,48.50833333333333,27.897323608398438,20.207483291625977,37.05921173095703
Chronos2,2025-08-19 00:00:00+00:00,HB_HUBAVG,2025-08-19 13:00:00+00:00,31.519166666666667,20.753707885742188,14.25834846496582,28.203601837158203
Chronos2,2025-08-19 00:00:00+00:00,HB_HUBAVG,2025-08-19 14:00:00+00:00,35.605,18.281566619873047,11.451383590698242,25.517597198486328
Chronos2,2025-08-19 00:00:00+00:00,HB_HUBAVG,2025-08-19 15:00:00+00:00,41.9125,19.40723991394043,12.713581085205078,26.540874481201172
Chronos2,2025-08-19 00:00:00+00:00,HB_HUBAVG,2025-08-19 16:00:00+00:00,41.84916666666667,24.42859649658203,18.178945541381836,33.157440185546875
Chronos2,2025-08-19 00:00:00+00:00,HB_HUBAVG,2025-08-19 17:00:00+00:00,53.2725,31.428049087524414,24.02490234375,41.22519302368164
Chronos2,2025-08-19 00:00:00+00:00,HB_HUBAVG,2025-08-19 18:00:00+00:00,59.73166666666666,36.51903533935547,27.652854919433594,48.88407516479492
Chronos2,2025-08-19 00:00:00+00:00,HB_HUBAVG,2025-08-19 19:00:00+00:00,57.0325,37.82034683227539,28.17759132385254,51.96036911010742
Chronos2,2025-08-19 00:00:00+00:00,HB_HUBAVG,2025-08-19 20:00:00+00:00,86.35416666666667,40.73402404785156,30.19672966003418,56.13704299926758
Chronos2,2025-08-19 00:00:00+00:00,HB_HUBAVG,2025-08-19 21:00:00+00:00,114.01416666666668,42.74187088012695,31.29232406616211,60.0326042175293
Chronos2,2025-08-19 00:00:00+00:00,HB_HUBAVG,2025-08-19 22:00:00+00:00,92.45083333333334,47.314422607421875,32.88825607299805,71.08912658691406
Chronos2,2025-08-19 00:00:00+00:00,HB_HUBAVG,2025-08-19 23:00:00+00:00,80.1225,63.72403335571289,38.73128128051758,99.03440856933594
Chronos2,2025-08-19 00:00:00+00:00,HB_PAN,2025-08-19 00:00:00+00:00,90.94833333333334,119.46334838867188,75.2394027709961,175.41653442382812
Chronos2,2025-08-19 00:00:00+00:00,HB_PAN,2025-08-19 01:00:00+00:00,95.2225,62.144134521484375,34.07502746582031,99.4996337890625
Chronos2,2025-08-19 00:00:00+00:00,HB_PAN,2025-08-19 02:00:00+00:00,134.1525,48.5150146484375,27.66614532470703,81.93342590332031
Chronos2,2025-08-19 00:00:00+00:00,HB_PAN,2025-08-19 03:00:00+00:00,72.64916666666666,25.95242691040039,12.900516510009766,44.24626922607422
Chronos2,2025-08-19 00:00:00+00:00,HB_PAN,2025-08-19 04:00:00+00:00,51.2475,19.195751190185547,9.056692123413086,32.30260467529297
Chronos2,2025-08-19 00:00:00+00:00,HB_PAN,2025-08-19 05:00:00+00:00,44.46666666666667,18.347436904907227,8.622629165649414,29.610641479492188
Chronos2,2025-08-19 00:00:00+00:00,HB_PAN,2025-08-19 06:00:00+00:00,42.12416666666667,17.74689483642578,8.060018539428711,27.94326400756836
Chronos2,2025-08-19 00:00:00+00:00,HB_PAN,2025-08-19 07:00:00+00:00,40.123333333333335,18.882186889648438,8.981939315795898,29.091188430786133
Chronos2,2025-08-19 00:00:00+00:00,HB_PAN,2025-08-19 08:00:00+00:00,41.46,20.5777530670166,10.59556770324707,29.48575782775879
Chronos2,2025-08-19 00:00:00+00:00,HB_PAN,2025-08-19 09:00:00+00:00,41.80083333333334,21.2987060546875,11.648298263549805,31.090694427490234
Chronos2,2025-08-19 00:00:00+00:00,HB_PAN,2025-08-19 10:00:00+00:00,51.2775,24.120954513549805,13.31971549987793,35.14647674560547
Chronos2,2025-08-19 00:00:00+00:00,HB_PAN,2025-08-19 11:00:00+00:00,80.355,28.15209197998047,15.907936096191406,42.13245391845703
Chronos2,2025-08-19 00:00:00+00:00,HB_PAN,2025-08-19 12:00:00+00:00,48.63999999999999,23.94713020324707,13.511646270751953,34.9433708190918
Chronos2,2025-08-19 00:00:00+00:00,HB_PAN,2025-08-19 13:00:00+00:00,31.950833333333332,18.94186019897461,9.058935165405273,28.459768295288086
Chronos2,2025-08-19 00:00:00+00:00,HB_PAN,2025-08-19 14:00:00+00:00,35.60666666666666,16.424598693847656,6.719776153564453,26.5063533782959
Chronos2,2025-08-19 00:00:00+00:00,HB_PAN,2025-08-19 15:00:00+00:00,41.9125,17.309341430664062,7.604850769042969,27.668224334716797
Chronos2,2025-08-19 00:00:00+00:00,HB_PAN,2025-08-19 16:00:00+00:00,43.005,19.256969451904297,8.98463249206543,29.2425594329834
Chronos2,2025-08-19 00:00:00+00:00,HB_PAN,2025-08-19 17:00:00+00:00,57.35166666666667,22.229074478149414,12.00687026977539,31.857982635498047
Chronos2,2025-08-19 00:00:00+00:00,HB_PAN,2025-08-19 18:00:00+00:00,67.615,24.142242431640625,13.134199142456055,35.79869079589844
Chronos2,2025-08-19 00:00:00+00:00,HB_PAN,2025-08-19 19:00:00+00:00,66.895,24.798057556152344,13.302268981933594,38.8027229309082
Chronos2,2025-08-19 00:00:00+00:00,HB_PAN,2025-08-19 20:00:00+00:00,98.3125,27.35291290283203,15.159717559814453,43.13211441040039
Chronos2,2025-08-19 00:00:00+00:00,HB_PAN,2025-08-19 21:00:00+00:00,132.69583333333333,28.670568466186523,15.163886070251465,46.53752899169922
Chronos2,2025-08-19 00:00:00+00:00,HB_PAN,2025-08-19 22:00:00+00:00,107.645,31.952342987060547,14.520689010620117,60.903751373291016
Chronos2,2025-08-19 00:00:00+00:00,HB_PAN,2025-08-19 23:00:00+00:00,89.77333333333333,52.06161880493164,18.012067794799805,101.59049987792969
Chronos2,2025-08-19 00:00:00+00:00,LZ_WEST,2025-08-19 00:00:00+00:00,92.35666666666668,108.64585876464844,78.91960144042969,144.54617309570312
Chronos2,2025-08-19 00:00:00+00:00,LZ_WEST,2025-08-19 01:00:00+00:00,96.00083333333332,84.36529541015625,57.200828552246094,114.22329711914062
Chronos2,2025-08-19 00:00:00+00:00,LZ_WEST,2025-08-19 02:00:00+00:00,135.13083333333333,77.95213317871094,52.19040298461914,107.50173950195312
Chronos2,2025-08-19 00:00:00+00:00,LZ_WEST,2025-08-19 03:00:00+00:00,72.69083333333333,64.76779174804688,41.10479736328125,93.96324157714844
Chronos2,2025-08-19 00:00:00+00:00,LZ_WEST,2025-08-19 04:00:00+00:00,58.005,58.19496154785156,37.046077728271484,85.23919677734375
Chronos2,2025-08-19 00:00:00+00:00,LZ_WEST,2025-08-19 05:00:00+00:00,68.24166666666666,55.70940017700195,35.903480529785156,80.38554382324219
Chronos2,2025-08-19 00:00:00+00:00,LZ_WEST,2025-08-19 06:00:00+00:00,60.55583333333333,47.84412384033203,29.813655853271484,71.22842407226562
Chronos2,2025-08-19 00:00:00+00:00,LZ_WEST,2025-08-19 07:00:00+00:00,61.45583333333334,37.008907318115234,20.148693084716797,59.039344787597656
Chronos2,2025-08-19 00:00:00+00:00,LZ_WEST,2025-08-19 08:00:00+00:00,54.28833333333333,32.07634735107422,15.735246658325195,53.887516021728516
Chronos2,2025-08-19 00:00:00+00:00,LZ_WEST,2025-08-19 09:00:00+00:00,72.66583333333334,30.51309585571289,14.579803466796875,52.71284484863281
Chronos2,2025-08-19 00:00:00+00:00,LZ_WEST,2025-08-19 10:00:00+00:00,59.08166666666667,34.26078414916992,16.59316635131836,60.94390106201172
Chronos2,2025-08-19 00:00:00+00:00,LZ_WEST,2025-08-19 11:00:00+00:00,80.355,38.44844055175781,15.701335906982422,67.93169403076172
Chronos2,2025-08-19 00:00:00+00:00,LZ_WEST,2025-08-19 12:00:00+00:00,50.4025,33.20173645019531,15.473201751708984,58.528018951416016
Chronos2,2025-08-19 00:00:00+00:00,LZ_WEST,2025-08-19 13:00:00+00:00,37.52666666666666,21.89208984375,8.912437438964844,40.361305236816406
Chronos2,2025-08-19 00:00:00+00:00,LZ_WEST,2025-08-19 14:00:00+00:00,35.61666666666667,17.115453720092773,4.908847808837891,32.05731964111328
Chronos2,2025-08-19 00:00:00+00:00,LZ_WEST,2025-08-19 15:00:00+00:00,41.91416666666667,17.483234405517578,5.7312164306640625,31.662519454956055
Chronos2,2025-08-19 00:00:00+00:00,LZ_WEST,2025-08-19 16:00:00+00:00,43.083333333333336,21.15627098083496,8.811092376708984,35.999385833740234
Chronos2,2025-08-19 00:00:00+00:00,LZ_WEST,2025-08-19 17:00:00+00:00,54.815,26.525434494018555,13.822895050048828,41.63938522338867
Chronos2,2025-08-19 00:00:00+00:00,LZ_WEST,2025-08-19 18:00:00+00:00,64.355,29.457202911376953,16.303646087646484,45.633060455322266
Chronos2,2025-08-19 00:00:00+00:00,LZ_WEST,2025-08-19 19:00:00+00:00,63.84666666666666,30.800899505615234,17.26365089416504,47.37237548828125
Chronos2,2025-08-19 00:00:00+00:00,LZ_WEST,2025-08-19 20:00:00+00:00,97.59166666666664,35.50125503540039,19.69792938232422,54.169212341308594
Chronos2,2025-08-19 00:00:00+00:00,LZ_WEST,2025-08-19 21:00:00+00:00,133.7875,41.4148063659668,23.779056549072266,63.20580291748047
Chronos2,2025-08-19 00:00:00+00:00,LZ_WEST,2025-08-19 22:00:00+00:00,105.99583333333334,55.71390151977539,32.861000061035156,84.29470825195312
Chronos2,2025-08-19 00:00:00+00:00,LZ_WEST,2025-08-19 23:00:00+00:00,88.46,79.67111206054688,48.41554260253906,114.3642349243164
Chronos2,2025-08-20 00:00:00+00:00,HB_HUBAVG,2025-08-20 00:00:00+00:00,95.7875,89.18173217773438,62.812355041503906,123.64114379882812
Chronos2,2025-08-20 00:00:00+00:00,HB_HUBAVG,2025-08-20 01:00:00+00:00,87.52416666666666,78.10725402832031,51.919769287109375,110.50973510742188
Chronos2,2025-08-20 00:00:00+00:00,HB_HUBAVG,2025-08-20 02:00:00+00:00,76.15166666666666,66.80242919921875,43.73337173461914,98.14344787597656
Chronos2,2025-08-20 00:00:00+00:00,HB_HUBAVG,2025-08-20 03:00:00+00:00,73.46,46.34463119506836,30.098342895507812,70.72938537597656
Chronos2,2025-08-20 00:00:00+00:00,HB_HUBAVG,2025-08-20 04:00:00+00:00,46.73916666666667,38.82962417602539,23.977262496948242,58.08922576904297
Chronos2,2025-08-20 00:00:00+00:00,HB_HUBAVG,2025-08-20 05:00:00+00:00,37.54666666666667,37.10308837890625,23.15397071838379,54.514442443847656
Chronos2,2025-08-20 00:00:00+00:00,HB_HUBAVG,2025-08-20 06:00:00+00:00,35.28333333333333,35.65447235107422,22.024700164794922,52.151588439941406
Chronos2,2025-08-20 00:00:00+00:00,HB_HUBAVG,2025-08-20 07:00:00+00:00,33.21,34.87144088745117,20.764583587646484,50.65296936035156
Chronos2,2025-08-20 00:00:00+00:00,HB_HUBAVG,2025-08-20 08:00:00+00:00,31.846666666666668,35.25925064086914,21.494823455810547,50.49358367919922
Chronos2,2025-08-20 00:00:00+00:00,HB_HUBAVG,2025-08-20 09:00:00+00:00,32.3375,37.054344177246094,22.62999153137207,53.78056716918945
Chronos2,2025-08-20 00:00:00+00:00,HB_HUBAVG,2025-08-20 10:00:00+00:00,31.891666666666666,42.49700164794922,25.54728889465332,63.71010208129883
Chronos2,2025-08-20 00:00:00+00:00,HB_HUBAVG,2025-08-20 11:00:00+00:00,31.9725,51.18082046508789,30.513490676879883,77.40461730957031
Chronos2,2025-08-20 00:00:00+00:00,HB_HUBAVG,2025-08-20 12:00:00+00:00,27.25916666666667,44.0233154296875,25.941986083984375,66.81783294677734
Chronos2,2025-08-20 00:00:00+00:00,HB_HUBAVG,2025-08-20 13:00:00+00:00,21.175,35.454166412353516,19.17103385925293,55.23356628417969
Chronos2,2025-08-20 00:00:00+00:00,HB_HUBAVG,2025-08-20 14:00:00+00:00,17.185833333333335,33.03807830810547,16.57807731628418,51.39893341064453
Chronos2,2025-08-20 00:00:00+00:00,HB_HUBAVG,2025-08-20 15:00:00+00:00,15.573333333333332,34.59577941894531,18.170413970947266,54.23654556274414
Chronos2,2025-08-20 00:00:00+00:00,HB_HUBAVG,2025-08-20 16:00:00+00:00,15.665,41.053504943847656,23.216419219970703,64.2232894897461
Chronos2,2025-08-20 00:00:00+00:00,HB_HUBAVG,2025-08-20 17:00:00+00:00,22.464166666666667,46.88788604736328,27.633569717407227,72.2957763671875
Chronos2,2025-08-20 00:00:00+00:00,HB_HUBAVG,2025-08-20 18:00:00+00:00,26.688333333333333,53.84749221801758,31.915496826171875,83.23873138427734
Chronos2,2025-08-20 00:00:00+00:00,HB_HUBAVG,2025-08-20 19:00:00+00:00,32.27333333333333,55.391639709472656,32.06608581542969,88.65567016601562
Chronos2,2025-08-20 00:00:00+00:00,HB_HUBAVG,2025-08-20 20:00:00+00:00,40.40416666666667,59.88514709472656,33.150596618652344,98.04248046875
Chronos2,2025-08-20 00:00:00+00:00,HB_HUBAVG,2025-08-20 21:00:00+00:00,59.78666666666667,58.578163146972656,30.35332489013672,102.49988555908203
Chronos2,2025-08-20 00:00:00+00:00,HB_HUBAVG,2025-08-20 22:00:00+00:00,55.56,58.07227325439453,31.05176544189453,99.1651611328125
Chronos2,2025-08-20 00:00:00+00:00,HB_HUBAVG,2025-08-20 23:00:00+00:00,63.55166666666667,70.5697021484375,39.71501159667969,115.57524108886719
Chronos2,2025-08-20 00:00:00+00:00,HB_PAN,2025-08-20 00:00:00+00:00,103.6425,100.01167297363281,59.47852325439453,143.17881774902344
Chronos2,2025-08-20 00:00:00+00:00,HB_PAN,2025-08-20 01:00:00+00:00,89.07083333333333,85.46676635742188,44.66005325317383,126.02388000488281
Chronos2,2025-08-20 00:00:00+00:00,HB_PAN,2025-08-20 02:00:00+00:00,76.15166666666666,64.82771301269531,32.306419372558594,108.02992248535156
Chronos2,2025-08-20 00:00:00+00:00,HB_PAN,2025-08-20 03:00:00+00:00,73.53083333333333,41.55683517456055,20.659175872802734,75.81060791015625
Chronos2,2025-08-20 00:00:00+00:00,HB_PAN,2025-08-20 04:00:00+00:00,48.06583333333333,35.27916717529297,17.379487991333008,62.03565979003906
Chronos2,2025-08-20 00:00:00+00:00,HB_PAN,2025-08-20 05:00:00+00:00,39.83166666666667,35.159751892089844,18.03031349182129,59.851341247558594
Chronos2,2025-08-20 00:00:00+00:00,HB_PAN,2025-08-20 06:00:00+00:00,37.891666666666666,35.709228515625,19.06378746032715,59.296897888183594
Chronos2,2025-08-20 00:00:00+00:00,HB_PAN,2025-08-20 07:00:00+00:00,28.308333333333337,36.445133209228516,19.779781341552734,58.36686706542969
Chronos2,2025-08-20 00:00:00+00:00,HB_PAN,2025-08-20 08:00:00+00:00,34.42666666666667,37.6942138671875,20.987686157226562,58.78479766845703
Chronos2,2025-08-20 00:00:00+00:00,HB_PAN,2025-08-20 09:00:00+00:00,20.4275,39.92599105834961,22.26479148864746,63.918312072753906
Chronos2,2025-08-20 00:00:00+00:00,HB_PAN,2025-08-20 10:00:00+00:00,16.055833333333336,44.8477783203125,24.567975997924805,72.79887390136719
Chronos2,2025-08-20 00:00:00+00:00,HB_PAN,2025-08-20 11:00:00+00:00,19.0,52.17344665527344,28.184656143188477,83.88823699951172
Chronos2,2025-08-20 00:00:00+00:00,HB_PAN,2025-08-20 12:00:00+00:00,23.445833333333336,44.56196212768555,24.404788970947266,72.55197143554688
Chronos2,2025-08-20 00:00:00+00:00,HB_PAN,2025-08-20 13:00:00+00:00,18.65083333333333,37.604366302490234,19.30739974975586,61.32965087890625
Chronos2,2025-08-20 00:00:00+00:00,HB_PAN,2025-08-20 14:00:00+00:00,17.186666666666667,36.05659103393555,18.264835357666016,58.03465270996094
Chronos2,2025-08-20 00:00:00+00:00,HB_PAN,2025-08-20 15:00:00+00:00,15.109166666666669,37.38800811767578,19.55013656616211,61.29600524902344
Chronos2,2025-08-20 00:00:00+00:00,HB_PAN,2025-08-20 16:00:00+00:00,10.799166666666666,43.31034851074219,21.728740692138672,71.53080749511719
Chronos2,2025-08-20 00:00:00+00:00,HB_PAN,2025-08-20 17:00:00+00:00,15.7025,48.887725830078125,24.249279022216797,79.51504516601562
Chronos2,2025-08-20 00:00:00+00:00,HB_PAN,2025-08-20 18:00:00+00:00,18.074166666666667,55.86083221435547,26.505048751831055,92.23735046386719
Chronos2,2025-08-20 00:00:00+00:00,HB_PAN,2025-08-20 19:00:00+00:00,25.581666666666667,60.18077087402344,26.61189842224121,102.76101684570312
Chronos2,2025-08-20 00:00:00+00:00,HB_PAN,2025-08-20 20:00:00+00:00,31.44666666666667,67.51145935058594,27.558359146118164,113.97068786621094
Chronos2,2025-08-20 00:00:00+00:00,HB_PAN,2025-08-20 21:00:00+00:00,58.54666666666666,68.01106262207031,23.24797821044922,120.79971313476562
Chronos2,2025-08-20 00:00:00+00:00,HB_PAN,2025-08-20 22:00:00+00:00,56.64000000000001,68.46630096435547,22.957500457763672,122.11825561523438
Chronos2,2025-08-20 00:00:00+00:00,HB_PAN,2025-08-20 23:00:00+00:00,63.59,80.47203063964844,31.07928466796875,136.21473693847656
Chronos2,2025-08-20 00:00:00+00:00,LZ_WEST,2025-08-20 00:00:00+00:00,101.84666666666668,89.64881134033203,64.82618713378906,123.2369384765625
Chronos2,2025-08-20 00:00:00+00:00,LZ_WEST,2025-08-20 01:00:00+00:00,88.71,74.9970932006836,51.2352294921875,106.88082885742188
Chronos2,2025-08-20 00:00:00+00:00,LZ_WEST,2025-08-20 02:00:00+00:00,76.15166666666666,63.720558166503906,41.63607406616211,92.88977813720703
Chronos2,2025-08-20 00:00:00+00:00,LZ_WEST,2025-08-20 03:00:00+00:00,74.82583333333334,52.359867095947266,31.69898796081543,80.72059631347656
Chronos2,2025-08-20 00:00:00+00:00,LZ_WEST,2025-08-20 04:00:00+00:00,67.84333333333333,48.465003967285156,28.060577392578125,76.8155517578125
Chronos2,2025-08-20 00:00:00+00:00,LZ_WEST,2025-08-20 05:00:00+00:00,74.39166666666667,47.08484649658203,26.00404930114746,75.11627197265625
Chronos2,2025-08-20 00:00:00+00:00,LZ_WEST,2025-08-20 06:00:00+00:00,73.865,43.334896087646484,22.91020965576172,71.99655151367188
Chronos2,2025-08-20 00:00:00+00:00,LZ_WEST,2025-08-20 07:00:00+00:00,77.18666666666667,38.12992477416992,17.772560119628906,66.90827178955078
Chronos2,2025-08-20 00:00:00+00:00,LZ_WEST,2025-08-20 08:00:00+00:00,81.82083333333334,34.92306137084961,14.662960052490234,64.72504425048828
Chronos2,2025-08-20 00:00:00+00:00,LZ_WEST,2025-08-20 09:00:00+00:00,83.29333333333334,35.39545440673828,14.02584457397461,68.65424346923828
Chronos2,2025-08-20 00:00:00+00:00,LZ_WEST,2025-08-20 10:00:00+00:00,76.8775,40.19629669189453,17.533342361450195,75.02314758300781
Chronos2,2025-08-20 00:00:00+00:00,LZ_WEST,2025-08-20 11:00:00+00:00,73.48666666666666,47.21608352661133,21.49790382385254,81.76811218261719
Chronos2,2025-08-20 00:00:00+00:00,LZ_WEST,2025-08-20 12:00:00+00:00,54.5075,40.68517303466797,17.658592224121094,72.50605773925781
Chronos2,2025-08-20 00:00:00+00:00,LZ_WEST,2025-08-20 13:00:00+00:00,23.951666666666668,32.0784912109375,12.130786895751953,61.27831268310547
Chronos2,2025-08-20 00:00:00+00:00,LZ_WEST,2025-08-20 14:00:00+00:00,17.21666666666667,27.75783920288086,8.72768783569336,53.790687561035156
Chronos2,2025-08-20 00:00:00+00:00,LZ_WEST,2025-08-20 15:00:00+00:00,15.3525,29.205020904541016,9.638458251953125,55.86893081665039
Chronos2,2025-08-20 00:00:00+00:00,LZ_WEST,2025-08-20 16:00:00+00:00,13.5125,33.85446548461914,12.43896484375,63.1815071105957
Chronos2,2025-08-20 00:00:00+00:00,LZ_WEST,2025-08-20 17:00:00+00:00,18.214166666666667,37.17485427856445,15.869762420654297,67.88836669921875
Chronos2,2025-08-20 00:00:00+00:00,LZ_WEST,2025-08-20 18:00:00+00:00,20.695833333333333,43.34295654296875,20.770206451416016,74.99116516113281
Chronos2,2025-08-20 00:00:00+00:00,LZ_WEST,2025-08-20 19:00:00+00:00,27.481666666666666,48.503387451171875,23.458580017089844,84.79349517822266
Chronos2,2025-08-20 00:00:00+00:00,LZ_WEST,2025-08-20 20:00:00+00:00,34.99333333333333,53.52571105957031,25.046613693237305,98.02798461914062
Chronos2,2025-08-20 00:00:00+00:00,LZ_WEST,2025-08-20 21:00:00+00:00,60.19916666666666,57.67790985107422,25.09344482421875,108.69163513183594
Chronos2,2025-08-20 00:00:00+00:00,LZ_WEST,2025-08-20 22:00:00+00:00,56.79583333333333,63.351524353027344,30.27069664001465,114.6129150390625
Chronos2,2025-08-20 00:00:00+00:00,LZ_WEST,2025-08-20 23:00:00+00:00,63.5925,77.5511245727539,42.59349822998047,129.85565185546875
Chronos2,2025-08-21 00:00:00+00:00,HB_HUBAVG,2025-08-21 00:00:00+00:00,104.26916666666666,79.86808776855469,66.29595947265625,97.94989013671875
Chronos2,2025-08-21 00:00:00+00:00,HB_HUBAVG,2025-08-21 01:00:00+00:00,158.70583333333337,74.87667083740234,56.838844299316406,98.96443176269531
Chronos2,2025-08-21 00:00:00+00:00,HB_HUBAVG,2025-08-21 02:00:00+00:00,174.3125,70.17587280273438,49.251522064208984,97.0845947265625
Chronos2,2025-08-21 00:00:00+00:00,HB_HUBAVG,2025-08-21 03:00:00+00:00,112.33916666666666,49.40669250488281,32.02606964111328,75.80714416503906
Chronos2,2025-08-21 00:00:00+00:00,HB_HUBAVG,2025-08-21 04:00:00+00:00,57.876666666666665,34.6674690246582,22.164602279663086,53.171478271484375
Chronos2,2025-08-21 00:00:00+00:00,HB_HUBAVG,2025-08-21 05:00:00+00:00,42.568333333333335,31.229808807373047,19.948211669921875,45.69801330566406
Chronos2,2025-08-21 00:00:00+00:00,HB_HUBAVG,2025-08-21 06:00:00+00:00,39.4225,28.387142181396484,18.311416625976562,41.29501724243164
Chronos2,2025-08-21 00:00:00+00:00,HB_HUBAVG,2025-08-21 07:00:00+00:00,37.60083333333333,26.954076766967773,17.031204223632812,39.186424255371094
Chronos2,2025-08-21 00:00:00+00:00,HB_HUBAVG,2025-08-21 08:00:00+00:00,39.24166666666667,26.043590545654297,15.541349411010742,38.132816314697266
Chronos2,2025-08-21 00:00:00+00:00,HB_HUBAVG,2025-08-21 09:00:00+00:00,39.6625,26.747432708740234,15.727975845336914,40.70460510253906
Chronos2,2025-08-21 00:00:00+00:00,HB_HUBAVG,2025-08-21 10:00:00+00:00,45.9175,29.860069274902344,17.55888557434082,46.40331268310547
Chronos2,2025-08-21 00:00:00+00:00,HB_HUBAVG,2025-08-21 11:00:00+00:00,52.83583333333333,34.896759033203125,21.20873260498047,54.714820861816406
Chronos2,2025-08-21 00:00:00+00:00,HB_HUBAVG,2025-08-21 12:00:00+00:00,45.55166666666667,31.039962768554688,18.188859939575195,49.35667419433594
Chronos2,2025-08-21 00:00:00+00:00,HB_HUBAVG,2025-08-21 13:00:00+00:00,24.08333333333333,25.77830696105957,13.110885620117188,43.541893005371094
Chronos2,2025-08-21 00:00:00+00:00,HB_HUBAVG,2025-08-21 14:00:00+00:00,21.938333333333333,23.52606964111328,10.058052062988281,43.36799240112305
Chronos2,2025-08-21 00:00:00+00:00,HB_HUBAVG,2025-08-21 15:00:00+00:00,21.721666666666668,23.62111473083496,8.50076675415039,46.36795425415039
Chronos2,2025-08-21 00:00:00+00:00,HB_HUBAVG,2025-08-21 16:00:00+00:00,28.705,29.857757568359375,15.299171447753906,54.61438751220703
Chronos2,2025-08-21 00:00:00+00:00,HB_HUBAVG,2025-08-21 17:00:00+00:00,49.67333333333334,35.51726531982422,19.625505447387695,62.21635055541992
Chronos2,2025-08-21 00:00:00+00:00,HB_HUBAVG,2025-08-21 18:00:00+00:00,49.60333333333333,39.338523864746094,22.012165069580078,68.78094482421875
Chronos2,2025-08-21 00:00:00+00:00,HB_HUBAVG,2025-08-21 19:00:00+00:00,40.44916666666666,40.53235626220703,22.46492576599121,71.85336303710938
Chronos2,2025-08-21 00:00:00+00:00,HB_HUBAVG,2025-08-21 20:00:00+00:00,39.85416666666666,42.97472381591797,23.629180908203125,78.334228515625
Chronos2,2025-08-21 00:00:00+00:00,HB_HUBAVG,2025-08-21 21:00:00+00:00,44.20166666666666,44.357643127441406,23.17218017578125,81.0829086303711
Chronos2,2025-08-21 00:00:00+00:00,HB_HUBAVG,2025-08-21 22:00:00+00:00,34.88916666666667,44.91727066040039,22.44137191772461,86.51800537109375
Chronos2,2025-08-21 00:00:00+00:00,HB_HUBAVG,2025-08-21 23:00:00+00:00,63.35416666666666,56.41700744628906,31.583290100097656,100.8153305053711
Chronos2,2025-08-21 00:00:00+00:00,HB_PAN,2025-08-21 00:00:00+00:00,104.26916666666666,83.49610900878906,59.1430778503418,107.16062927246094
Chronos2,2025-08-21 00:00:00+00:00,HB_PAN,2025-08-21 01:00:00+00:00,158.70583333333337,68.59492492675781,39.42502975463867,104.5653076171875
Chronos2,2025-08-21 00:00:00+00:00,HB_PAN,2025-08-21 02:00:00+00:00,174.3125,57.24528884887695,25.3818359375,98.63973999023438
Chronos2,2025-08-21 00:00:00+00:00,HB_PAN,2025-08-21 03:00:00+00:00,112.27083333333331,38.13511657714844,7.252534866333008,85.53652954101562
Chronos2,2025-08-21 00:00:00+00:00,HB_PAN,2025-08-21 04:00:00+00:00,59.48916666666667,25.386974334716797,2.9763050079345703,64.5950927734375
Chronos2,2025-08-21 00:00:00+00:00,HB_PAN,2025-08-21 05:00:00+00:00,45.55416666666667,24.32992172241211,2.0394248962402344,57.4967155456543
Chronos2,2025-08-21 00:00:00+00:00,HB_PAN,2025-08-21 06:00:00+00:00,42.55583333333333,23.519554138183594,2.9876976013183594,51.490997314453125
Chronos2,2025-08-21 00:00:00+00:00,HB_PAN,2025-08-21 07:00:00+00:00,41.009166666666665,24.013639450073242,4.40533447265625,49.246337890625
Chronos2,2025-08-21 00:00:00+00:00,HB_PAN,2025-08-21 08:00:00+00:00,48.95416666666667,23.966779708862305,4.816736221313477,48.300350189208984
Chronos2,2025-08-21 00:00:00+00:00,HB_PAN,2025-08-21 09:00:00+00:00,50.0675,24.530183792114258,3.7987022399902344,51.11662673950195
Chronos2,2025-08-21 00:00:00+00:00,HB_PAN,2025-08-21 10:00:00+00:00,55.76666666666667,25.36842155456543,4.269870758056641,57.512535095214844
Chronos2,2025-08-21 00:00:00+00:00,HB_PAN,2025-08-21 11:00:00+00:00,58.49333333333333,26.8818359375,3.724313735961914,63.81785202026367
Chronos2,2025-08-21 00:00:00+00:00,HB_PAN,2025-08-21 12:00:00+00:00,48.56166666666667,27.052799224853516,3.956451416015625,61.637718200683594
Chronos2,2025-08-21 00:00:00+00:00,HB_PAN,2025-08-21 13:00:00+00:00,24.10333333333333,25.867189407348633,3.1504993438720703,61.20100402832031
Chronos2,2025-08-21 00:00:00+00:00,HB_PAN,2025-08-21 14:00:00+00:00,21.938333333333333,25.246490478515625,1.5333824157714844,60.001346588134766
Chronos2,2025-08-21 00:00:00+00:00,HB_PAN,2025-08-21 15:00:00+00:00,20.50333333333333,25.04923439025879,0.8677253723144531,61.330482482910156
Chronos2,2025-08-21 00:00:00+00:00,HB_PAN,2025-08-21 16:00:00+00:00,28.52333333333333,28.090686798095703,6.225635528564453,67.79996490478516
Chronos2,2025-08-21 00:00:00+00:00,HB_PAN,2025-08-21 17:00:00+00:00,49.45666666666667,30.84490966796875,8.512237548828125,71.24819946289062
Chronos2,2025-08-21 00:00:00+00:00,HB_PAN,2025-08-21 18:00:00+00:00,49.44833333333333,32.67228698730469,9.496257781982422,78.32766723632812
Chronos2,2025-08-21 00:00:00+00:00,HB_PAN,2025-08-21 19:00:00+00:00,40.44916666666666,32.9665412902832,7.778873443603516,84.28688049316406
Chronos2,2025-08-21 00:00:00+00:00,HB_PAN,2025-08-21 20:00:00+00:00,39.85416666666666,33.998146057128906,6.144298553466797,92.56182861328125
Chronos2,2025-08-21 00:00:00+00:00,HB_PAN,2025-08-21 21:00:00+00:00,44.234166666666674,35.06956481933594,3.404033660888672,103.40049743652344
Chronos2,2025-08-21 00:00:00+00:00,HB_PAN,2025-08-21 22:00:00+00:00,34.91416666666667,31.29073715209961,-2.794921875,106.44305419921875
Chronos2,2025-08-21 00:00:00+00:00,HB_PAN,2025-08-21 23:00:00+00:00,63.38916666666666,38.74504852294922,-3.0219879150390625,121.97941589355469
Chronos2,2025-08-21 00:00:00+00:00,LZ_WEST,2025-08-21 00:00:00+00:00,104.26916666666666,71.24771118164062,60.11358642578125,85.8935546875
Chronos2,2025-08-21 00:00:00+00:00,LZ_WEST,2025-08-21 01:00:00+00:00,158.70583333333337,67.47266387939453,52.96959686279297,85.60859680175781
Chronos2,2025-08-21 00:00:00+00:00,LZ_WEST,2025-08-21 02:00:00+00:00,174.3125,66.45195770263672,50.71406555175781,86.09271240234375
Chronos2,2025-08-21 00:00:00+00:00,LZ_WEST,2025-08-21 03:00:00+00:00,112.3175,56.04854202270508,38.30715560913086,77.98371124267578
Chronos2,2025-08-21 00:00:00+00:00,LZ_WEST,2025-08-21 04:00:00+00:00,81.08749999999999,49.123985290527344,30.929977416992188,72.88341522216797
Chronos2,2025-08-21 00:00:00+00:00,LZ_WEST,2025-08-21 05:00:00+00:00,75.985,47.87498474121094,28.84473991394043,72.519775390625
Chronos2,2025-08-21 00:00:00+00:00,LZ_WEST,2025-08-21 06:00:00+00:00,77.02416666666666,43.919551849365234,23.976633071899414,70.60545349121094
Chronos2,2025-08-21 00:00:00+00:00,LZ_WEST,2025-08-21 07:00:00+00:00,78.97416666666668,39.433815002441406,19.51021957397461,68.66107940673828
Chronos2,2025-08-21 00:00:00+00:00,LZ_WEST,2025-08-21 08:00:00+00:00,90.475,33.80314254760742,14.093833923339844,64.59330749511719
Chronos2,2025-08-21 00:00:00+00:00,LZ_WEST,2025-08-21 09:00:00+00:00,86.33,32.27643585205078,11.921710968017578,69.18710327148438
Chronos2,2025-08-21 00:00:00+00:00,LZ_WEST,2025-08-21 10:00:00+00:00,91.685,35.461402893066406,14.314273834228516,72.53142547607422
Chronos2,2025-08-21 00:00:00+00:00,LZ_WEST,2025-08-21 11:00:00+00:00,85.86833333333334,41.215660095214844,17.887231826782227,77.55303192138672
Chronos2,2025-08-21 00:00:00+00:00,LZ_WEST,2025-08-21 12:00:00+00:00,81.44,35.32735824584961,14.244342803955078,68.41304016113281
Chronos2,2025-08-21 00:00:00+00:00,LZ_WEST,2025-08-21 13:00:00+00:00,24.386666666666667,26.681673049926758,8.781898498535156,58.204261779785156
Chronos2,2025-08-21 00:00:00+00:00,LZ_WEST,2025-08-21 14:00:00+00:00,21.938333333333333,23.157045364379883,5.664115905761719,53.34897994995117
Chronos2,2025-08-21 00:00:00+00:00,LZ_WEST,2025-08-21 15:00:00+00:00,19.06416666666667,21.18718147277832,4.0292205810546875,51.49003219604492
Chronos2,2025-08-21 00:00:00+00:00,LZ_WEST,2025-08-21 16:00:00+00:00,28.33333333333333,26.22834014892578,8.61324691772461,55.5797233581543
Chronos2,2025-08-21 00:00:00+00:00,LZ_WEST,2025-08-21 17:00:00+00:00,49.24333333333333,29.54205322265625,11.40911865234375,59.372188568115234
Chronos2,2025-08-21 00:00:00+00:00,LZ_WEST,2025-08-21 18:00:00+00:00,49.29333333333333,30.93355941772461,12.56195068359375,61.908172607421875
Chronos2,2025-08-21 00:00:00+00:00,LZ_WEST,2025-08-21 19:00:00+00:00,40.44916666666666,31.71663475036621,11.793010711669922,63.80736541748047
Chronos2,2025-08-21 00:00:00+00:00,LZ_WEST,2025-08-21 20:00:00+00:00,39.85416666666666,34.400875091552734,13.138771057128906,69.2335205078125
Chronos2,2025-08-21 00:00:00+00:00,LZ_WEST,2025-08-21 21:00:00+00:00,44.24416666666667,40.37702178955078,16.699993133544922,76.38693237304688
Chronos2,2025-08-21 00:00:00+00:00,LZ_WEST,2025-08-21 22:00:00+00:00,34.93,45.79685592651367,20.112751007080078,85.91802215576172
Chronos2,2025-08-21 00:00:00+00:00,LZ_WEST,2025-08-21 23:00:00+00:00,63.43083333333333,60.34943389892578,33.59989929199219,99.33756256103516
Chronos2,2025-08-22 00:00:00+00:00,HB_HUBAVG,2025-08-22 00:00:00+00:00,71.835,90.89523315429688,59.042301177978516,158.26797485351562
Chronos2,2025-08-22 00:00:00+00:00,HB_HUBAVG,2025-08-22 01:00:00+00:00,54.38166666666667,97.27567291259766,59.95730209350586,173.6383056640625
Chronos2,2025-08-22 00:00:00+00:00,HB_HUBAVG,2025-08-22 02:00:00+00:00,43.18416666666667,96.01939392089844,56.359554290771484,179.39108276367188
Chronos2,2025-08-22 00:00:00+00:00,HB_HUBAVG,2025-08-22 03:00:00+00:00,39.36666666666667,68.34355163574219,42.20560073852539,135.03436279296875
Chronos2,2025-08-22 00:00:00+00:00,HB_HUBAVG,2025-08-22 04:00:00+00:00,33.1175,46.70447540283203,31.103683471679688,83.00845336914062
Chronos2,2025-08-22 00:00:00+00:00,HB_HUBAVG,2025-08-22 05:00:00+00:00,30.245833333333337,40.34047317504883,27.853458404541016,65.88339233398438
Chronos2,2025-08-22 00:00:00+00:00,HB_HUBAVG,2025-08-22 06:00:00+00:00,31.02333333333333,37.567142486572266,26.211484909057617,61.2742919921875
Chronos2,2025-08-22 00:00:00+00:00,HB_HUBAVG,2025-08-22 07:00:00+00:00,30.33583333333333,36.42405700683594,25.297393798828125,58.027557373046875
Chronos2,2025-08-22 00:00:00+00:00,HB_HUBAVG,2025-08-22 08:00:00+00:00,30.39833333333333,36.02552795410156,24.554969787597656,58.15309143066406
Chronos2,2025-08-22 00:00:00+00:00,HB_HUBAVG,2025-08-22 09:00:00+00:00,31.765833333333333,36.99418640136719,24.692522048950195,60.224822998046875
Chronos2,2025-08-22 00:00:00+00:00,HB_HUBAVG,2025-08-22 10:00:00+00:00,38.1725,41.28137969970703,26.51400375366211,73.13868713378906
Chronos2,2025-08-22 00:00:00+00:00,HB_HUBAVG,2025-08-22 11:00:00+00:00,39.93083333333333,47.160926818847656,29.573291778564453,88.50346374511719
Chronos2,2025-08-22 00:00:00+00:00,HB_HUBAVG,2025-08-22 12:00:00+00:00,43.11666666666667,39.34325408935547,23.605878829956055,75.98512268066406
Chronos2,2025-08-22 00:00:00+00:00,HB_HUBAVG,2025-08-22 13:00:00+00:00,23.33333333333333,28.165666580200195,15.629016876220703,55.93279266357422
Chronos2,2025-08-22 00:00:00+00:00,HB_HUBAVG,2025-08-22 14:00:00+00:00,20.7075,24.968402862548828,12.706457138061523,52.73691940307617
Chronos2,2025-08-22 00:00:00+00:00,HB_HUBAVG,2025-08-22 15:00:00+00:00,20.856666666666666,24.696168899536133,12.236431121826172,52.64009475708008
Chronos2,2025-08-22 00:00:00+00:00,HB_HUBAVG,2025-08-22 16:00:00+00:00,24.051666666666662,29.82646942138672,15.570161819458008,63.34516143798828
Chronos2,2025-08-22 00:00:00+00:00,HB_HUBAVG,2025-08-22 17:00:00+00:00,24.844166666666663,36.24116516113281,20.884199142456055,76.31561279296875
Chronos2,2025-08-22 00:00:00+00:00,HB_HUBAVG,2025-08-22 18:00:00+00:00,26.455,43.04559326171875,25.472658157348633,91.17408752441406
Chronos2,2025-08-22 00:00:00+00:00,HB_HUBAVG,2025-08-22 19:00:00+00:00,29.584166666666665,46.01345443725586,26.781614303588867,100.26363372802734
Chronos2,2025-08-22 00:00:00+00:00,HB_HUBAVG,2025-08-22 20:00:00+00:00,29.115,51.19915771484375,28.511014938354492,125.42298889160156
Chronos2,2025-08-22 00:00:00+00:00,HB_HUBAVG,2025-08-22 21:00:00+00:00,41.74666666666667,54.58696746826172,27.608646392822266,140.1740264892578
Chronos2,2025-08-22 00:00:00+00:00,HB_HUBAVG,2025-08-22 22:00:00+00:00,38.02333333333333,56.042724609375,28.847442626953125,145.34056091308594
Chronos2,2025-08-22 00:00:00+00:00,HB_HUBAVG,2025-08-22 23:00:00+00:00,44.85416666666666,77.05726623535156,41.060245513916016,183.35968017578125
Chronos2,2025-08-22 00:00:00+00:00,HB_PAN,2025-08-22 00:00:00+00:00,72.21249999999999,122.9735107421875,61.20824432373047,214.29835510253906
Chronos2,2025-08-22 00:00:00+00:00,HB_PAN,2025-08-22 01:00:00+00:00,53.45916666666667,131.33126831054688,57.58644104003906,233.6493682861328
Chronos2,2025-08-22 00:00:00+00:00,HB_PAN,2025-08-22 02:00:00+00:00,38.51083333333333,122.65773010253906,50.0815544128418,229.2381591796875
Chronos2,2025-08-22 00:00:00+00:00,HB_PAN,2025-08-22 03:00:00+00:00,34.785833333333336,87.09750366210938,31.15525245666504,185.68545532226562
Chronos2,2025-08-22 00:00:00+00:00,HB_PAN,2025-08-22 04:00:00+00:00,28.194166666666664,53.983516693115234,21.46391487121582,122.43788146972656
Chronos2,2025-08-22 00:00:00+00:00,HB_PAN,2025-08-22 05:00:00+00:00,31.326666666666668,47.558773040771484,20.246007919311523,102.15886688232422
Chronos2,2025-08-22 00:00:00+00:00,HB_PAN,2025-08-22 06:00:00+00:00,33.91166666666667,46.471675872802734,20.022802352905273,98.14358520507812
Chronos2,2025-08-22 00:00:00+00:00,HB_PAN,2025-08-22 07:00:00+00:00,33.57666666666667,44.550941467285156,19.01544952392578,94.09822082519531
Chronos2,2025-08-22 00:00:00+00:00,HB_PAN,2025-08-22 08:00:00+00:00,34.12583333333333,44.941619873046875,18.77743911743164,94.64627075195312
Chronos2,2025-08-22 00:00:00+00:00,HB_PAN,2025-08-22 09:00:00+00:00,35.58083333333333,43.87907409667969,17.34876251220703,98.27085876464844
Chronos2,2025-08-22 00:00:00+00:00,HB_PAN,2025-08-22 10:00:00+00:00,42.92416666666667,46.75920867919922,17.735698699951172,110.00698852539062
Chronos2,2025-08-22 00:00:00+00:00,HB_PAN,2025-08-22 11:00:00+00:00,44.01,49.690799713134766,16.69264793395996,118.39254760742188
Chronos2,2025-08-22 00:00:00+00:00,HB_PAN,2025-08-22 12:00:00+00:00,46.7075,42.767822265625,14.11015510559082,101.61988067626953
Chronos2,2025-08-22 00:00:00+00:00,HB_PAN,2025-08-22 13:00:00+00:00,23.646666666666665,34.098411560058594,11.10565185546875,84.65521240234375
Chronos2,2025-08-22 00:00:00+00:00,HB_PAN,2025-08-22 14:00:00+00:00,20.70833333333333,31.27765464782715,7.910392761230469,79.0307388305664
Chronos2,2025-08-22 00:00:00+00:00,HB_PAN,2025-08-22 15:00:00+00:00,20.859166666666667,31.341123580932617,7.726818084716797,80.74711608886719
Chronos2,2025-08-22 00:00:00+00:00,HB_PAN,2025-08-22 16:00:00+00:00,24.051666666666662,35.38938522338867,7.825529098510742,93.78977966308594
Chronos2,2025-08-22 00:00:00+00:00,HB_PAN,2025-08-22 17:00:00+00:00,24.844166666666663,42.092262268066406,10.520748138427734,114.02880859375
Chronos2,2025-08-22 00:00:00+00:00,HB_PAN,2025-08-22 18:00:00+00:00,26.46,48.17589569091797,13.356382369995117,138.32740783691406
Chronos2,2025-08-22 00:00:00+00:00,HB_PAN,2025-08-22 19:00:00+00:00,29.58666666666667,51.04887390136719,12.195821762084961,148.27906799316406
Chronos2,2025-08-22 00:00:00+00:00,HB_PAN,2025-08-22 20:00:00+00:00,26.924166666666668,56.921783447265625,11.525463104248047,175.83914184570312
Chronos2,2025-08-22 00:00:00+00:00,HB_PAN,2025-08-22 21:00:00+00:00,37.31166666666667,62.1590576171875,9.501138687133789,205.65000915527344
Chronos2,2025-08-22 00:00:00+00:00,HB_PAN,2025-08-22 22:00:00+00:00,37.0325,59.59964370727539,8.917970657348633,224.83163452148438
Chronos2,2025-08-22 00:00:00+00:00,HB_PAN,2025-08-22 23:00:00+00:00,44.84333333333333,76.7136459350586,10.273271560668945,241.94847106933594
Chronos2,2025-08-22 00:00:00+00:00,LZ_WEST,2025-08-22 00:00:00+00:00,72.44083333333333,83.72332763671875,60.73324203491211,124.45095825195312
Chronos2,2025-08-22 00:00:00+00:00,LZ_WEST,2025-08-22 01:00:00+00:00,56.583333333333336,87.54472351074219,60.75950241088867,136.80679321289062
Chronos2,2025-08-22 00:00:00+00:00,LZ_WEST,2025-08-22 02:00:00+00:00,71.27083333333333,89.46247863769531,61.03253936767578,139.3232421875
Chronos2,2025-08-22 00:00:00+00:00,LZ_WEST,2025-08-22 03:00:00+00:00,66.89916666666666,82.46513366699219,56.617183685302734,128.73472595214844
Chronos2,2025-08-22 00:00:00+00:00,LZ_WEST,2025-08-22 04:00:00+00:00,73.6825,75.05712127685547,50.931884765625,117.70157623291016
Chronos2,2025-08-22 00:00:00+00:00,LZ_WEST,2025-08-22 05:00:00+00:00,70.20666666666666,74.05770874023438,49.792171478271484,115.63479614257812
Chronos2,2025-08-22 00:00:00+00:00,LZ_WEST,2025-08-22 06:00:00+00:00,75.06916666666666,70.82371520996094,45.3431396484375,113.78059387207031
Chronos2,2025-08-22 00:00:00+00:00,LZ_WEST,2025-08-22 07:00:00+00:00,78.505,68.50144958496094,41.220970153808594,112.51422119140625
Chronos2,2025-08-22 00:00:00+00:00,LZ_WEST,2025-08-22 08:00:00+00:00,85.69083333333333,65.92375946044922,35.563575744628906,116.23880004882812
Chronos2,2025-08-22 00:00:00+00:00,LZ_WEST,2025-08-22 09:00:00+00:00,87.45333333333333,65.21466827392578,31.32378578186035,124.60313415527344
Chronos2,2025-08-22 00:00:00+00:00,LZ_WEST,2025-08-22 10:00:00+00:00,97.55083333333334,67.90162658691406,33.52231979370117,123.43873596191406
Chronos2,2025-08-22 00:00:00+00:00,LZ_WEST,2025-08-22 11:00:00+00:00,87.20166666666667,70.73133850097656,40.68256378173828,123.12776184082031
Chronos2,2025-08-22 00:00:00+00:00,LZ_WEST,2025-08-22 12:00:00+00:00,81.15166666666666,60.58710861206055,33.07030487060547,112.2628173828125
Chronos2,2025-08-22 00:00:00+00:00,LZ_WEST,2025-08-22 13:00:00+00:00,26.83833333333333,34.641151428222656,16.106842041015625,79.48246765136719
Chronos2,2025-08-22 00:00:00+00:00,LZ_WEST,2025-08-22 14:00:00+00:00,20.72083333333333,27.710996627807617,11.595779418945312,67.97041320800781
Chronos2,2025-08-22 00:00:00+00:00,LZ_WEST,2025-08-22 15:00:00+00:00,20.8775,25.37053108215332,10.555866241455078,62.610618591308594
Chronos2,2025-08-22 00:00:00+00:00,LZ_WEST,2025-08-22 16:00:00+00:00,24.051666666666662,30.272397994995117,11.221988677978516,76.87874603271484
Chronos2,2025-08-22 00:00:00+00:00,LZ_WEST,2025-08-22 17:00:00+00:00,24.844166666666663,34.27610778808594,14.91165542602539,83.7363510131836
Chronos2,2025-08-22 00:00:00+00:00,LZ_WEST,2025-08-22 18:00:00+00:00,26.46,37.81835174560547,17.103981018066406,89.59833526611328
Chronos2,2025-08-22 00:00:00+00:00,LZ_WEST,2025-08-22 19:00:00+00:00,29.58666666666667,41.1639404296875,18.019428253173828,93.21173858642578
Chronos2,2025-08-22 00:00:00+00:00,LZ_WEST,2025-08-22 20:00:00+00:00,27.786666666666665,47.416236877441406,20.95650863647461,114.17979431152344
Chronos2,2025-08-22 00:00:00+00:00,LZ_WEST,2025-08-22 21:00:00+00:00,39.1075,55.2319221496582,21.80318832397461,136.77310180664062
Chronos2,2025-08-22 00:00:00+00:00,LZ_WEST,2025-08-22 22:00:00+00:00,37.45166666666667,63.95365905761719,25.400327682495117,148.91104125976562
Chronos2,2025-08-22 00:00:00+00:00,LZ_WEST,2025-08-22 23:00:00+00:00,44.84333333333333,86.14070129394531,46.50468826293945,164.0181884765625
Chronos2,2025-08-23 00:00:00+00:00,HB_HUBAVG,2025-08-23 00:00:00+00:00,77.85166666666667,55.30484390258789,43.359554290771484,72.83544921875
Chronos2,2025-08-23 00:00:00+00:00,HB_HUBAVG,2025-08-23 01:00:00+00:00,69.21083333333333,57.06770706176758,40.28056335449219,85.15155029296875
Chronos2,2025-08-23 00:00:00+00:00,HB_HUBAVG,2025-08-23 02:00:00+00:00,39.945,56.50898361206055,37.305267333984375,87.85261535644531
Chronos2,2025-08-23 00:00:00+00:00,HB_HUBAVG,2025-08-23 03:00:00+00:00,33.4675,41.97202682495117,29.8077392578125,62.14122772216797
Chronos2,2025-08-23 00:00:00+00:00,HB_HUBAVG,2025-08-23 04:00:00+00:00,29.77583333333333,31.30938720703125,22.919647216796875,42.426029205322266
Chronos2,2025-08-23 00:00:00+00:00,HB_HUBAVG,2025-08-23 05:00:00+00:00,29.109166666666667,27.71238899230957,20.612201690673828,36.9586296081543
Chronos2,2025-08-23 00:00:00+00:00,HB_HUBAVG,2025-08-23 06:00:00+00:00,27.90833333333333,25.926830291748047,19.36894416809082,34.56346893310547
Chronos2,2025-08-23 00:00:00+00:00,HB_HUBAVG,2025-08-23 07:00:00+00:00,27.3625,25.123737335205078,18.838098526000977,33.05885314941406
Chronos2,2025-08-23 00:00:00+00:00,HB_HUBAVG,2025-08-23 08:00:00+00:00,28.335833333333337,24.929893493652344,18.055517196655273,32.441959381103516
Chronos2,2025-08-23 00:00:00+00:00,HB_HUBAVG,2025-08-23 09:00:00+00:00,28.8875,25.577442169189453,18.234710693359375,34.16155242919922
Chronos2,2025-08-23 00:00:00+00:00,HB_HUBAVG,2025-08-23 10:00:00+00:00,29.36,27.472753524780273,19.209991455078125,37.44135665893555
Chronos2,2025-08-23 00:00:00+00:00,HB_HUBAVG,2025-08-23 11:00:00+00:00,30.56833333333333,29.487960815429688,20.254833221435547,41.33037567138672
Chronos2,2025-08-23 00:00:00+00:00,HB_HUBAVG,2025-08-23 12:00:00+00:00,27.22083333333333,26.580331802368164,17.371021270751953,38.866676330566406
Chronos2,2025-08-23 00:00:00+00:00,HB_HUBAVG,2025-08-23 13:00:00+00:00,19.741666666666667,19.523788452148438,10.427879333496094,31.072391510009766
Chronos2,2025-08-23 00:00:00+00:00,HB_HUBAVG,2025-08-23 14:00:00+00:00,17.66,15.95309066772461,6.842357635498047,27.45642852783203
Chronos2,2025-08-23 00:00:00+00:00,HB_HUBAVG,2025-08-23 15:00:00+00:00,18.03833333333333,15.747446060180664,6.904399871826172,25.766271591186523
Chronos2,2025-08-23 00:00:00+00:00,HB_HUBAVG,2025-08-23 16:00:00+00:00,21.0125,21.33611488342285,13.995817184448242,31.654163360595703
Chronos2,2025-08-23 00:00:00+00:00,HB_HUBAVG,2025-08-23 17:00:00+00:00,22.425833333333333,28.154888153076172,18.77295684814453,41.44396209716797
Chronos2,2025-08-23 00:00:00+00:00,HB_HUBAVG,2025-08-23 18:00:00+00:00,24.9475,32.52763366699219,21.29851722717285,50.524566650390625
Chronos2,2025-08-23 00:00:00+00:00,HB_HUBAVG,2025-08-23 19:00:00+00:00,23.765,33.743804931640625,22.389204025268555,51.55058288574219
Chronos2,2025-08-23 00:00:00+00:00,HB_HUBAVG,2025-08-23 20:00:00+00:00,32.7125,36.26060104370117,24.401716232299805,55.39832305908203
Chronos2,2025-08-23 00:00:00+00:00,HB_HUBAVG,2025-08-23 21:00:00+00:00,25.944166666666664,39.796142578125,25.990890502929688,62.592796325683594
Chronos2,2025-08-23 00:00:00+00:00,HB_HUBAVG,2025-08-23 22:00:00+00:00,24.013333333333332,39.56733703613281,26.075952529907227,60.60940170288086
Chronos2,2025-08-23 00:00:00+00:00,HB_HUBAVG,2025-08-23 23:00:00+00:00,46.36333333333334,48.32353591918945,31.651348114013672,75.88348388671875
Chronos2,2025-08-23 00:00:00+00:00,HB_PAN,2025-08-23 00:00:00+00:00,77.82083333333334,58.926692962646484,38.87086486816406,87.6402816772461
Chronos2,2025-08-23 00:00:00+00:00,HB_PAN,2025-08-23 01:00:00+00:00,69.62916666666666,59.50068283081055,32.8184928894043,102.65629577636719
Chronos2,2025-08-23 00:00:00+00:00,HB_PAN,2025-08-23 02:00:00+00:00,40.08833333333333,57.77699661254883,28.602596282958984,102.8933334350586
Chronos2,2025-08-23 00:00:00+00:00,HB_PAN,2025-08-23 03:00:00+00:00,34.54416666666666,42.21694564819336,21.512422561645508,76.12942504882812
Chronos2,2025-08-23 00:00:00+00:00,HB_PAN,2025-08-23 04:00:00+00:00,31.26,30.227062225341797,17.70054817199707,46.89711380004883
Chronos2,2025-08-23 00:00:00+00:00,HB_PAN,2025-08-23 05:00:00+00:00,31.2925,27.9062557220459,17.230749130249023,40.433284759521484
Chronos2,2025-08-23 00:00:00+00:00,HB_PAN,2025-08-23 06:00:00+00:00,30.284166666666668,27.424713134765625,17.941200256347656,38.445953369140625
Chronos2,2025-08-23 00:00:00+00:00,HB_PAN,2025-08-23 07:00:00+00:00,29.825,27.446063995361328,18.145862579345703,37.822052001953125
Chronos2,2025-08-23 00:00:00+00:00,HB_PAN,2025-08-23 08:00:00+00:00,31.375,27.110252380371094,17.386625289916992,36.88825225830078
Chronos2,2025-08-23 00:00:00+00:00,HB_PAN,2025-08-23 09:00:00+00:00,32.11333333333334,26.855396270751953,16.078861236572266,38.597511291503906
Chronos2,2025-08-23 00:00:00+00:00,HB_PAN,2025-08-23 10:00:00+00:00,32.638333333333335,27.414770126342773,15.317253112792969,41.307125091552734
Chronos2,2025-08-23 00:00:00+00:00,HB_PAN,2025-08-23 11:00:00+00:00,33.83166666666667,27.918540954589844,14.590852737426758,45.85417175292969
Chronos2,2025-08-23 00:00:00+00:00,HB_PAN,2025-08-23 12:00:00+00:00,29.564166666666665,25.710811614990234,12.725725173950195,41.464149475097656
Chronos2,2025-08-23 00:00:00+00:00,HB_PAN,2025-08-23 13:00:00+00:00,19.78833333333333,21.763212203979492,9.476158142089844,36.23860168457031
Chronos2,2025-08-23 00:00:00+00:00,HB_PAN,2025-08-23 14:00:00+00:00,17.66,19.29958724975586,7.131160736083984,33.360591888427734
Chronos2,2025-08-23 00:00:00+00:00,HB_PAN,2025-08-23 15:00:00+00:00,18.03833333333333,17.96613121032715,5.984840393066406,30.55340576171875
Chronos2,2025-08-23 00:00:00+00:00,HB_PAN,2025-08-23 16:00:00+00:00,21.006666666666664,23.07364845275879,10.815698623657227,35.999088287353516
Chronos2,2025-08-23 00:00:00+00:00,HB_PAN,2025-08-23 17:00:00+00:00,22.415000000000003,26.392715454101562,13.556467056274414,40.78744888305664
Chronos2,2025-08-23 00:00:00+00:00,HB_PAN,2025-08-23 18:00:00+00:00,24.88083333333333,29.003131866455078,15.282173156738281,46.6524772644043
Chronos2,2025-08-23 00:00:00+00:00,HB_PAN,2025-08-23 19:00:00+00:00,22.9975,30.28408432006836,15.86422348022461,50.64057540893555
Chronos2,2025-08-23 00:00:00+00:00,HB_PAN,2025-08-23 20:00:00+00:00,31.80333333333333,32.05084991455078,15.358819961547852,56.40747833251953
Chronos2,2025-08-23 00:00:00+00:00,HB_PAN,2025-08-23 21:00:00+00:00,25.49,34.37277603149414,15.578502655029297,67.4782943725586
Chronos2,2025-08-23 00:00:00+00:00,HB_PAN,2025-08-23 22:00:00+00:00,23.7025,33.05429458618164,13.983818054199219,66.9007568359375
Chronos2,2025-08-23 00:00:00+00:00,HB_PAN,2025-08-23 23:00:00+00:00,46.36833333333333,38.11821365356445,15.79050064086914,82.27653503417969
Chronos2,2025-08-23 00:00:00+00:00,LZ_WEST,2025-08-23 00:00:00+00:00,77.82083333333334,58.67980194091797,42.111026763916016,80.21958923339844
Chronos2,2025-08-23 00:00:00+00:00,LZ_WEST,2025-08-23 01:00:00+00:00,76.01166666666667,64.10829162597656,43.57762908935547,89.87709045410156
Chronos2,2025-08-23 00:00:00+00:00,LZ_WEST,2025-08-23 02:00:00+00:00,60.7525,70.16776275634766,48.16116714477539,97.03560638427734
Chronos2,2025-08-23 00:00:00+00:00,LZ_WEST,2025-08-23 03:00:00+00:00,50.656666666666666,67.68164825439453,44.80948257446289,94.4095230102539
Chronos2,2025-08-23 00:00:00+00:00,LZ_WEST,2025-08-23 04:00:00+00:00,53.7375,65.67613983154297,43.471038818359375,92.13119506835938
Chronos2,2025-08-23 00:00:00+00:00,LZ_WEST,2025-08-23 05:00:00+00:00,64.61,67.25935363769531,44.65589141845703,93.11386108398438
Chronos2,2025-08-23 00:00:00+00:00,LZ_WEST,2025-08-23 06:00:00+00:00,66.68666666666667,66.70582580566406,43.221595764160156,93.80551147460938
Chronos2,2025-08-23 00:00:00+00:00,LZ_WEST,2025-08-23 07:00:00+00:00,66.95083333333334,67.64273834228516,42.62259292602539,95.64860534667969
Chronos2,2025-08-23 00:00:00+00:00,LZ_WEST,2025-08-23 08:00:00+00:00,76.385,69.01803588867188,42.16168212890625,98.98014831542969
Chronos2,2025-08-23 00:00:00+00:00,LZ_WEST,2025-08-23 09:00:00+00:00,79.50750000000001,70.25904846191406,41.245601654052734,102.67621612548828
Chronos2,2025-08-23 00:00:00+00:00,LZ_WEST,2025-08-23 10:00:00+00:00,80.29833333333333,69.88613891601562,40.38630294799805,102.73867797851562
Chronos2,2025-08-23 00:00:00+00:00,LZ_WEST,2025-08-23 11:00:00+00:00,80.62833333333333,68.61426544189453,40.71784210205078,100.71003723144531
Chronos2,2025-08-23 00:00:00+00:00,LZ_WEST,2025-08-23 12:00:00+00:00,61.40583333333333,60.04737854003906,33.62374496459961,94.37985229492188
Chronos2,2025-08-23 00:00:00+00:00,LZ_WEST,2025-08-23 13:00:00+00:00,20.486666666666668,28.38652801513672,13.59157943725586,52.702110290527344
Chronos2,2025-08-23 00:00:00+00:00,LZ_WEST,2025-08-23 14:00:00+00:00,17.6775,22.634456634521484,10.05911636352539,41.22404861450195
Chronos2,2025-08-23 00:00:00+00:00,LZ_WEST,2025-08-23 15:00:00+00:00,18.044166666666666,22.245216369628906,10.099834442138672,38.6453857421875
Chronos2,2025-08-23 00:00:00+00:00,LZ_WEST,2025-08-23 16:00:00+00:00,21.009166666666665,25.548269271850586,14.010467529296875,45.15705108642578
Chronos2,2025-08-23 00:00:00+00:00,LZ_WEST,2025-08-23 17:00:00+00:00,22.42,28.4030704498291,15.649517059326172,51.71800231933594
Chronos2,2025-08-23 00:00:00+00:00,LZ_WEST,2025-08-23 18:00:00+00:00,24.87833333333333,30.716087341308594,16.6728515625,55.07562255859375
Chronos2,2025-08-23 00:00:00+00:00,LZ_WEST,2025-08-23 19:00:00+00:00,23.30333333333333,31.746421813964844,16.452465057373047,58.21588897705078
Chronos2,2025-08-23 00:00:00+00:00,LZ_WEST,2025-08-23 20:00:00+00:00,32.16916666666666,34.369529724121094,17.427005767822266,65.39775848388672
Chronos2,2025-08-23 00:00:00+00:00,LZ_WEST,2025-08-23 21:00:00+00:00,25.6675,42.17416763305664,20.437591552734375,78.19677734375
Chronos2,2025-08-23 00:00:00+00:00,LZ_WEST,2025-08-23 22:00:00+00:00,23.824166666666667,48.23363494873047,24.16990089416504,87.189453125
Chronos2,2025-08-23 00:00:00+00:00,LZ_WEST,2025-08-23 23:00:00+00:00,46.37833333333333,62.8160285949707,34.10834503173828,99.54190063476562
Chronos2,2025-08-24 00:00:00+00:00,HB_HUBAVG,2025-08-24 00:00:00+00:00,100.8725,64.17405700683594,47.1996955871582,83.27549743652344
Chronos2,2025-08-24 00:00:00+00:00,HB_HUBAVG,2025-08-24 01:00:00+00:00,102.75583333333331,56.7757568359375,38.772098541259766,79.12139892578125
Chronos2,2025-08-24 00:00:00+00:00,HB_HUBAVG,2025-08-24 02:00:00+00:00,90.16,45.324214935302734,31.72235679626465,65.2587661743164
Chronos2,2025-08-24 00:00:00+00:00,HB_HUBAVG,2025-08-24 03:00:00+00:00,54.182500000000005,35.39535140991211,25.65493392944336,48.62715148925781
Chronos2,2025-08-24 00:00:00+00:00,HB_HUBAVG,2025-08-24 04:00:00+00:00,35.64083333333333,27.926727294921875,21.44716453552246,36.350242614746094
Chronos2,2025-08-24 00:00:00+00:00,HB_HUBAVG,2025-08-24 05:00:00+00:00,40.34,25.766799926757812,20.242895126342773,32.58096694946289
Chronos2,2025-08-24 00:00:00+00:00,HB_HUBAVG,2025-08-24 06:00:00+00:00,30.53833333333333,25.249080657958984,20.235322952270508,31.333778381347656
Chronos2,2025-08-24 00:00:00+00:00,HB_HUBAVG,2025-08-24 07:00:00+00:00,29.35166666666667,24.52644157409668,19.732345581054688,30.143657684326172
Chronos2,2025-08-24 00:00:00+00:00,HB_HUBAVG,2025-08-24 08:00:00+00:00,29.598333333333333,25.032548904418945,19.67619514465332,30.288724899291992
Chronos2,2025-08-24 00:00:00+00:00,HB_HUBAVG,2025-08-24 09:00:00+00:00,29.919166666666666,25.328712463378906,19.644742965698242,31.635793685913086
Chronos2,2025-08-24 00:00:00+00:00,HB_HUBAVG,2025-08-24 10:00:00+00:00,29.473333333333333,27.318265914916992,20.332256317138672,34.65294647216797
Chronos2,2025-08-24 00:00:00+00:00,HB_HUBAVG,2025-08-24 11:00:00+00:00,30.004166666666663,30.136592864990234,22.40906524658203,38.08649444580078
Chronos2,2025-08-24 00:00:00+00:00,HB_HUBAVG,2025-08-24 12:00:00+00:00,26.876666666666665,26.89510154724121,19.509496688842773,34.256004333496094
Chronos2,2025-08-24 00:00:00+00:00,HB_HUBAVG,2025-08-24 13:00:00+00:00,19.264166666666664,17.88304901123047,11.898784637451172,24.691240310668945
Chronos2,2025-08-24 00:00:00+00:00,HB_HUBAVG,2025-08-24 14:00:00+00:00,16.97583333333333,14.836091995239258,8.733596801757812,21.451438903808594
Chronos2,2025-08-24 00:00:00+00:00,HB_HUBAVG,2025-08-24 15:00:00+00:00,17.383333333333333,14.413206100463867,8.279792785644531,20.63873863220215
Chronos2,2025-08-24 00:00:00+00:00,HB_HUBAVG,2025-08-24 16:00:00+00:00,19.4075,19.961427688598633,13.75655746459961,28.25049591064453
Chronos2,2025-08-24 00:00:00+00:00,HB_HUBAVG,2025-08-24 17:00:00+00:00,28.92333333333333,24.854412078857422,17.42112159729004,35.46794891357422
Chronos2,2025-08-24 00:00:00+00:00,HB_HUBAVG,2025-08-24 18:00:00+00:00,35.59166666666666,27.089818954467773,18.490842819213867,40.13496398925781
Chronos2,2025-08-24 00:00:00+00:00,HB_HUBAVG,2025-08-24 19:00:00+00:00,42.2125,27.48876953125,18.987783432006836,40.961605072021484
Chronos2,2025-08-24 00:00:00+00:00,HB_HUBAVG,2025-08-24 20:00:00+00:00,43.8,30.809707641601562,20.54212760925293,47.03681945800781
Chronos2,2025-08-24 00:00:00+00:00,HB_HUBAVG,2025-08-24 21:00:00+00:00,53.0525,33.331241607666016,21.41040802001953,53.490867614746094
Chronos2,2025-08-24 00:00:00+00:00,HB_HUBAVG,2025-08-24 22:00:00+00:00,49.26666666666667,34.4859619140625,22.182735443115234,55.0751838684082
Chronos2,2025-08-24 00:00:00+00:00,HB_HUBAVG,2025-08-24 23:00:00+00:00,95.8625,51.19081497192383,33.61591339111328,77.16526794433594
Chronos2,2025-08-24 00:00:00+00:00,HB_PAN,2025-08-24 00:00:00+00:00,100.82416666666666,63.84185028076172,46.04505157470703,82.65873718261719
Chronos2,2025-08-24 00:00:00+00:00,HB_PAN,2025-08-24 01:00:00+00:00,102.70416666666668,56.364192962646484,38.63766860961914,79.32113647460938
Chronos2,2025-08-24 00:00:00+00:00,HB_PAN,2025-08-24 02:00:00+00:00,90.11916666666669,41.77457046508789,29.280546188354492,59.94664001464844
Chronos2,2025-08-24 00:00:00+00:00,HB_PAN,2025-08-24 03:00:00+00:00,55.1225,31.77608871459961,23.01680564880371,42.486717224121094
Chronos2,2025-08-24 00:00:00+00:00,HB_PAN,2025-08-24 04:00:00+00:00,37.7075,26.251550674438477,19.7457218170166,32.44855499267578
Chronos2,2025-08-24 00:00:00+00:00,HB_PAN,2025-08-24 05:00:00+00:00,42.16416666666667,26.520702362060547,20.63743782043457,32.83589172363281
Chronos2,2025-08-24 00:00:00+00:00,HB_PAN,2025-08-24 06:00:00+00:00,32.72666666666667,27.145183563232422,21.48927879333496,32.70516586303711
Chronos2,2025-08-24 00:00:00+00:00,HB_PAN,2025-08-24 07:00:00+00:00,32.40416666666667,26.94613265991211,21.578048706054688,32.40656280517578
Chronos2,2025-08-24 00:00:00+00:00,HB_PAN,2025-08-24 08:00:00+00:00,32.66416666666667,27.78723907470703,22.021650314331055,32.77262878417969
Chronos2,2025-08-24 00:00:00+00:00,HB_PAN,2025-08-24 09:00:00+00:00,33.24916666666667,28.077346801757812,22.085498809814453,33.927642822265625
Chronos2,2025-08-24 00:00:00+00:00,HB_PAN,2025-08-24 10:00:00+00:00,33.40333333333333,30.756404876708984,23.54791259765625,37.33464431762695
Chronos2,2025-08-24 00:00:00+00:00,HB_PAN,2025-08-24 11:00:00+00:00,34.11666666666667,33.12565612792969,25.114540100097656,40.48955154418945
Chronos2,2025-08-24 00:00:00+00:00,HB_PAN,2025-08-24 12:00:00+00:00,31.545,29.803266525268555,21.77037811279297,36.622955322265625
Chronos2,2025-08-24 00:00:00+00:00,HB_PAN,2025-08-24 13:00:00+00:00,19.295,19.462787628173828,12.140375137329102,26.008026123046875
Chronos2,2025-08-24 00:00:00+00:00,HB_PAN,2025-08-24 14:00:00+00:00,16.9775,15.864362716674805,8.566837310791016,22.03301429748535
Chronos2,2025-08-24 00:00:00+00:00,HB_PAN,2025-08-24 15:00:00+00:00,17.385,14.504964828491211,7.0208740234375,20.64535140991211
Chronos2,2025-08-24 00:00:00+00:00,HB_PAN,2025-08-24 16:00:00+00:00,19.349166666666665,19.714075088500977,13.13894271850586,26.066612243652344
Chronos2,2025-08-24 00:00:00+00:00,HB_PAN,2025-08-24 17:00:00+00:00,28.799166666666665,24.028959274291992,17.09983253479004,31.657506942749023
Chronos2,2025-08-24 00:00:00+00:00,HB_PAN,2025-08-24 18:00:00+00:00,33.70916666666667,26.24471664428711,18.467098236083984,34.316585540771484
Chronos2,2025-08-24 00:00:00+00:00,HB_PAN,2025-08-24 19:00:00+00:00,40.22,26.494449615478516,18.755971908569336,35.763023376464844
Chronos2,2025-08-24 00:00:00+00:00,HB_PAN,2025-08-24 20:00:00+00:00,40.13583333333333,28.263105392456055,19.412248611450195,39.99435043334961
Chronos2,2025-08-24 00:00:00+00:00,HB_PAN,2025-08-24 21:00:00+00:00,46.89000000000001,29.925975799560547,19.406272888183594,44.59923553466797
Chronos2,2025-08-24 00:00:00+00:00,HB_PAN,2025-08-24 22:00:00+00:00,38.485,29.358257293701172,18.213623046875,45.699562072753906
Chronos2,2025-08-24 00:00:00+00:00,HB_PAN,2025-08-24 23:00:00+00:00,94.8575,43.589691162109375,27.356700897216797,68.97626495361328
Chronos2,2025-08-24 00:00:00+00:00,LZ_WEST,2025-08-24 00:00:00+00:00,100.82166666666669,66.07573699951172,49.074195861816406,85.57621002197266
Chronos2,2025-08-24 00:00:00+00:00,LZ_WEST,2025-08-24 01:00:00+00:00,102.70083333333334,65.37886810302734,46.497901916503906,86.66767883300781
Chronos2,2025-08-24 00:00:00+00:00,LZ_WEST,2025-08-24 02:00:00+00:00,90.1125,63.681121826171875,44.77303695678711,84.45582580566406
Chronos2,2025-08-24 00:00:00+00:00,LZ_WEST,2025-08-24 03:00:00+00:00,68.70083333333334,59.8060302734375,41.73810577392578,78.07555389404297
Chronos2,2025-08-24 00:00:00+00:00,LZ_WEST,2025-08-24 04:00:00+00:00,67.35916666666667,59.18259811401367,44.24044418334961,75.81420135498047
Chronos2,2025-08-24 00:00:00+00:00,LZ_WEST,2025-08-24 05:00:00+00:00,68.66166666666666,62.928466796875,49.792171478271484,77.61267852783203
Chronos2,2025-08-24 00:00:00+00:00,LZ_WEST,2025-08-24 06:00:00+00:00,57.810833333333335,64.41309356689453,51.18318557739258,78.78561401367188
Chronos2,2025-08-24 00:00:00+00:00,LZ_WEST,2025-08-24 07:00:00+00:00,67.38916666666667,64.98980712890625,50.16176223754883,80.30497741699219
Chronos2,2025-08-24 00:00:00+00:00,LZ_WEST,2025-08-24 08:00:00+00:00,74.50416666666666,68.29551696777344,50.28243637084961,85.97309875488281
Chronos2,2025-08-24 00:00:00+00:00,LZ_WEST,2025-08-24 09:00:00+00:00,81.62416666666667,69.30011749267578,46.53498077392578,89.7794189453125
Chronos2,2025-08-24 00:00:00+00:00,LZ_WEST,2025-08-24 10:00:00+00:00,90.18,69.1592788696289,42.23052215576172,92.19638061523438
Chronos2,2025-08-24 00:00:00+00:00,LZ_WEST,2025-08-24 11:00:00+00:00,93.02833333333332,67.09103393554688,40.67749786376953,92.2490234375
Chronos2,2025-08-24 00:00:00+00:00,LZ_WEST,2025-08-24 12:00:00+00:00,97.83833333333332,54.524837493896484,31.85410499572754,79.94354248046875
Chronos2,2025-08-24 00:00:00+00:00,LZ_WEST,2025-08-24 13:00:00+00:00,19.7425,18.715267181396484,10.385570526123047,31.838077545166016
Chronos2,2025-08-24 00:00:00+00:00,LZ_WEST,2025-08-24 14:00:00+00:00,17.0025,15.759204864501953,8.56631088256836,25.672744750976562
Chronos2,2025-08-24 00:00:00+00:00,LZ_WEST,2025-08-24 15:00:00+00:00,17.405833333333334,14.898433685302734,7.981422424316406,24.090904235839844
Chronos2,2025-08-24 00:00:00+00:00,LZ_WEST,2025-08-24 16:00:00+00:00,19.299166666666668,19.864452362060547,11.353137969970703,30.107458114624023
Chronos2,2025-08-24 00:00:00+00:00,LZ_WEST,2025-08-24 17:00:00+00:00,28.79833333333333,22.34610366821289,13.898174285888672,32.49291229248047
Chronos2,2025-08-24 00:00:00+00:00,LZ_WEST,2025-08-24 18:00:00+00:00,34.4575,22.98499298095703,14.807579040527344,34.829551696777344
Chronos2,2025-08-24 00:00:00+00:00,LZ_WEST,2025-08-24 19:00:00+00:00,41.01083333333333,23.494461059570312,14.27548599243164,35.00879669189453
Chronos2,2025-08-24 00:00:00+00:00,LZ_WEST,2025-08-24 20:00:00+00:00,41.6075,25.580575942993164,14.50490951538086,44.08189392089844
Chronos2,2025-08-24 00:00:00+00:00,LZ_WEST,2025-08-24 21:00:00+00:00,49.69166666666666,29.28692626953125,15.266704559326172,54.83066940307617
Chronos2,2025-08-24 00:00:00+00:00,LZ_WEST,2025-08-24 22:00:00+00:00,42.94833333333333,30.72637939453125,15.282825469970703,57.97502136230469
Chronos2,2025-08-24 00:00:00+00:00,LZ_WEST,2025-08-24 23:00:00+00:00,106.00583333333331,51.95199203491211,29.843990325927734,85.77384948730469
Chronos2,2025-08-25 00:00:00+00:00,HB_HUBAVG,2025-08-25 00:00:00+00:00,116.71750000000002,109.3076171875,79.60496520996094,151.10977172851562
Chronos2,2025-08-25 00:00:00+00:00,HB_HUBAVG,2025-08-25 01:00:00+00:00,109.4725,96.81090545654297,64.1165771484375,135.12124633789062
Chronos2,2025-08-25 00:00:00+00:00,HB_HUBAVG,2025-08-25 02:00:00+00:00,107.01,82.22277069091797,54.7436408996582,122.74884033203125
Chronos2,2025-08-25 00:00:00+00:00,HB_HUBAVG,2025-08-25 03:00:00+00:00,41.623333333333335,55.09984588623047,38.416297912597656,81.14741516113281
Chronos2,2025-08-25 00:00:00+00:00,HB_HUBAVG,2025-08-25 04:00:00+00:00,34.235,37.6741943359375,28.246347427368164,52.217681884765625
Chronos2,2025-08-25 00:00:00+00:00,HB_HUBAVG,2025-08-25 05:00:00+00:00,27.424166666666668,34.3492546081543,26.554452896118164,44.608848571777344
Chronos2,2025-08-25 00:00:00+00:00,HB_HUBAVG,2025-08-25 06:00:00+00:00,24.955,32.29811096191406,25.682113647460938,41.8104362487793
Chronos2,2025-08-25 00:00:00+00:00,HB_HUBAVG,2025-08-25 07:00:00+00:00,24.4075,30.450096130371094,24.59019660949707,38.64319610595703
Chronos2,2025-08-25 00:00:00+00:00,HB_HUBAVG,2025-08-25 08:00:00+00:00,24.99,30.30409049987793,23.998197555541992,37.711578369140625
Chronos2,2025-08-25 00:00:00+00:00,HB_HUBAVG,2025-08-25 09:00:00+00:00,24.674166666666668,30.3194580078125,23.684152603149414,39.69392395019531
Chronos2,2025-08-25 00:00:00+00:00,HB_HUBAVG,2025-08-25 10:00:00+00:00,25.37,31.932649612426758,23.719106674194336,43.58989334106445
Chronos2,2025-08-25 00:00:00+00:00,HB_HUBAVG,2025-08-25 11:00:00+00:00,25.725,33.548988342285156,24.038658142089844,47.74546432495117
Chronos2,2025-08-25 00:00:00+00:00,HB_HUBAVG,2025-08-25 12:00:00+00:00,24.249166666666667,29.387271881103516,21.14716911315918,41.84943389892578
Chronos2,2025-08-25 00:00:00+00:00,HB_HUBAVG,2025-08-25 13:00:00+00:00,20.48,21.120830535888672,15.109655380249023,30.850452423095703
Chronos2,2025-08-25 00:00:00+00:00,HB_HUBAVG,2025-08-25 14:00:00+00:00,19.563333333333333,18.432214736938477,12.212100982666016,27.6011962890625
Chronos2,2025-08-25 00:00:00+00:00,HB_HUBAVG,2025-08-25 15:00:00+00:00,18.104166666666668,19.220956802368164,13.311502456665039,27.72474479675293
Chronos2,2025-08-25 00:00:00+00:00,HB_HUBAVG,2025-08-25 16:00:00+00:00,20.116666666666664,23.560306549072266,17.83672523498535,32.539093017578125
Chronos2,2025-08-25 00:00:00+00:00,HB_HUBAVG,2025-08-25 17:00:00+00:00,24.43166666666667,32.6729736328125,23.995040893554688,45.416908264160156
Chronos2,2025-08-25 00:00:00+00:00,HB_HUBAVG,2025-08-25 18:00:00+00:00,38.47416666666667,37.66209030151367,26.56541633605957,54.333213806152344
Chronos2,2025-08-25 00:00:00+00:00,HB_HUBAVG,2025-08-25 19:00:00+00:00,35.600833333333334,39.71195602416992,27.62802505493164,57.61198806762695
Chronos2,2025-08-25 00:00:00+00:00,HB_HUBAVG,2025-08-25 20:00:00+00:00,28.939166666666665,46.682655334472656,31.996902465820312,67.74684143066406
Chronos2,2025-08-25 00:00:00+00:00,HB_HUBAVG,2025-08-25 21:00:00+00:00,29.436666666666667,52.358375549316406,34.24018859863281,78.80078125
Chronos2,2025-08-25 00:00:00+00:00,HB_HUBAVG,2025-08-25 22:00:00+00:00,42.219166666666666,53.20564270019531,32.178749084472656,90.02645874023438
Chronos2,2025-08-25 00:00:00+00:00,HB_HUBAVG,2025-08-25 23:00:00+00:00,57.04333333333333,79.32795715332031,44.92633056640625,127.73747253417969
Chronos2,2025-08-25 00:00:00+00:00,HB_PAN,2025-08-25 00:00:00+00:00,115.20583333333332,111.6163558959961,78.38970947265625,159.8553466796875
Chronos2,2025-08-25 00:00:00+00:00,HB_PAN,2025-08-25 01:00:00+00:00,104.88083333333331,98.04530334472656,60.92409896850586,143.2777557373047
Chronos2,2025-08-25 00:00:00+00:00,HB_PAN,2025-08-25 02:00:00+00:00,97.80833333333334,81.93984985351562,50.865901947021484,130.75070190429688
Chronos2,2025-08-25 00:00:00+00:00,HB_PAN,2025-08-25 03:00:00+00:00,28.31083333333333,52.949974060058594,35.44593811035156,83.57380676269531
Chronos2,2025-08-25 00:00:00+00:00,HB_PAN,2025-08-25 04:00:00+00:00,17.341666666666665,37.158775329589844,27.416622161865234,52.82133483886719
Chronos2,2025-08-25 00:00:00+00:00,HB_PAN,2025-08-25 05:00:00+00:00,22.5375,36.28828048706055,28.01705551147461,47.735286712646484
Chronos2,2025-08-25 00:00:00+00:00,HB_PAN,2025-08-25 06:00:00+00:00,27.136666666666667,35.08348846435547,27.900352478027344,45.46300506591797
Chronos2,2025-08-25 00:00:00+00:00,HB_PAN,2025-08-25 07:00:00+00:00,26.221666666666668,32.914886474609375,26.885282516479492,41.59611511230469
Chronos2,2025-08-25 00:00:00+00:00,HB_PAN,2025-08-25 08:00:00+00:00,26.640833333333333,33.38841247558594,26.48626708984375,41.46955490112305
Chronos2,2025-08-25 00:00:00+00:00,HB_PAN,2025-08-25 09:00:00+00:00,26.90333333333333,32.803924560546875,25.235641479492188,43.81064987182617
Chronos2,2025-08-25 00:00:00+00:00,HB_PAN,2025-08-25 10:00:00+00:00,27.1775,34.08553695678711,24.553569793701172,48.318424224853516
Chronos2,2025-08-25 00:00:00+00:00,HB_PAN,2025-08-25 11:00:00+00:00,26.344166666666663,35.96641540527344,25.06945037841797,54.29897689819336
Chronos2,2025-08-25 00:00:00+00:00,HB_PAN,2025-08-25 12:00:00+00:00,24.535833333333333,31.670677185058594,22.41862678527832,47.58635330200195
Chronos2,2025-08-25 00:00:00+00:00,HB_PAN,2025-08-25 13:00:00+00:00,20.5075,21.89990997314453,15.04010009765625,33.30445098876953
Chronos2,2025-08-25 00:00:00+00:00,HB_PAN,2025-08-25 14:00:00+00:00,19.535833333333333,18.594152450561523,11.85165786743164,28.537456512451172
Chronos2,2025-08-25 00:00:00+00:00,HB_PAN,2025-08-25 15:00:00+00:00,14.386666666666663,19.21013069152832,12.86929702758789,27.924402236938477
Chronos2,2025-08-25 00:00:00+00:00,HB_PAN,2025-08-25 16:00:00+00:00,14.024166666666666,22.776817321777344,16.668750762939453,32.170310974121094
Chronos2,2025-08-25 00:00:00+00:00,HB_PAN,2025-08-25 17:00:00+00:00,19.79,30.777488708496094,22.153657913208008,44.05866622924805
Chronos2,2025-08-25 00:00:00+00:00,HB_PAN,2025-08-25 18:00:00+00:00,32.32666666666666,35.03227996826172,24.57844352722168,52.563446044921875
Chronos2,2025-08-25 00:00:00+00:00,HB_PAN,2025-08-25 19:00:00+00:00,33.83583333333333,36.76876449584961,25.34483528137207,55.556907653808594
Chronos2,2025-08-25 00:00:00+00:00,HB_PAN,2025-08-25 20:00:00+00:00,28.964166666666667,42.67851638793945,28.189857482910156,65.62284851074219
Chronos2,2025-08-25 00:00:00+00:00,HB_PAN,2025-08-25 21:00:00+00:00,27.49083333333333,48.7327880859375,29.9437255859375,80.5581283569336
Chronos2,2025-08-25 00:00:00+00:00,HB_PAN,2025-08-25 22:00:00+00:00,39.99666666666666,49.89463424682617,28.054086685180664,97.60136413574219
Chronos2,2025-08-25 00:00:00+00:00,HB_PAN,2025-08-25 23:00:00+00:00,57.90833333333333,81.4835205078125,41.74486541748047,143.78512573242188
Chronos2,2025-08-25 00:00:00+00:00,LZ_WEST,2025-08-25 00:00:00+00:00,127.8725,100.1274185180664,76.84644317626953,140.96780395507812
Chronos2,2025-08-25 00:00:00+00:00,LZ_WEST,2025-08-25 01:00:00+00:00,112.95833333333331,95.41914367675781,70.66112518310547,135.61026000976562
Chronos2,2025-08-25 00:00:00+00:00,LZ_WEST,2025-08-25 02:00:00+00:00,111.91166666666668,91.03289031982422,68.53758239746094,126.02571105957031
Chronos2,2025-08-25 00:00:00+00:00,LZ_WEST,2025-08-25 03:00:00+00:00,62.34583333333333,78.95575714111328,61.65683364868164,105.04866027832031
Chronos2,2025-08-25 00:00:00+00:00,LZ_WEST,2025-08-25 04:00:00+00:00,78.335,73.46554565429688,60.735572814941406,95.12212371826172
Chronos2,2025-08-25 00:00:00+00:00,LZ_WEST,2025-08-25 05:00:00+00:00,69.06583333333333,74.74059295654297,62.518028259277344,93.96228790283203
Chronos2,2025-08-25 00:00:00+00:00,LZ_WEST,2025-08-25 06:00:00+00:00,60.59166666666667,73.02057647705078,61.41260528564453,90.8563461303711
Chronos2,2025-08-25 00:00:00+00:00,LZ_WEST,2025-08-25 07:00:00+00:00,54.16333333333333,72.9969711303711,62.61875915527344,90.12380981445312
Chronos2,2025-08-25 00:00:00+00:00,LZ_WEST,2025-08-25 08:00:00+00:00,62.55833333333333,78.04330444335938,66.52362060546875,95.83297729492188
Chronos2,2025-08-25 00:00:00+00:00,LZ_WEST,2025-08-25 09:00:00+00:00,61.3575,80.82563781738281,68.03032684326172,100.92080688476562
Chronos2,2025-08-25 00:00:00+00:00,LZ_WEST,2025-08-25 10:00:00+00:00,55.15583333333333,82.11981201171875,67.22216796875,105.84942626953125
Chronos2,2025-08-25 00:00:00+00:00,LZ_WEST,2025-08-25 11:00:00+00:00,35.865,81.31930541992188,64.53695678710938,107.35330200195312
Chronos2,2025-08-25 00:00:00+00:00,LZ_WEST,2025-08-25 12:00:00+00:00,28.90833333333333,72.48229217529297,55.183414459228516,100.9233169555664
Chronos2,2025-08-25 00:00:00+00:00,LZ_WEST,2025-08-25 13:00:00+00:00,20.929166666666667,25.124576568603516,17.659706115722656,41.1043701171875
Chronos2,2025-08-25 00:00:00+00:00,LZ_WEST,2025-08-25 14:00:00+00:00,19.524166666666662,22.224727630615234,15.216716766357422,35.03902816772461
Chronos2,2025-08-25 00:00:00+00:00,LZ_WEST,2025-08-25 15:00:00+00:00,15.434166666666668,22.705921173095703,16.270893096923828,33.46472930908203
Chronos2,2025-08-25 00:00:00+00:00,LZ_WEST,2025-08-25 16:00:00+00:00,16.058333333333334,26.550731658935547,19.729248046875,37.72825622558594
Chronos2,2025-08-25 00:00:00+00:00,LZ_WEST,2025-08-25 17:00:00+00:00,20.789166666666667,30.160974502563477,22.51181411743164,46.047454833984375
Chronos2,2025-08-25 00:00:00+00:00,LZ_WEST,2025-08-25 18:00:00+00:00,34.03666666666667,33.124534606933594,24.08034896850586,52.730838775634766
Chronos2,2025-08-25 00:00:00+00:00,LZ_WEST,2025-08-25 19:00:00+00:00,34.03333333333334,34.894371032714844,23.605854034423828,57.302425384521484
Chronos2,2025-08-25 00:00:00+00:00,LZ_WEST,2025-08-25 20:00:00+00:00,28.85083333333333,39.60700988769531,25.99427032470703,66.41617584228516
Chronos2,2025-08-25 00:00:00+00:00,LZ_WEST,2025-08-25 21:00:00+00:00,28.846666666666668,47.11582946777344,27.707279205322266,82.89611053466797
Chronos2,2025-08-25 00:00:00+00:00,LZ_WEST,2025-08-25 22:00:00+00:00,42.65333333333333,45.48013687133789,23.49618148803711,91.93974304199219
Chronos2,2025-08-25 00:00:00+00:00,LZ_WEST,2025-08-25 23:00:00+00:00,61.37583333333333,76.10232543945312,39.94453430175781,126.48709869384766
Chronos2,2025-08-26 00:00:00+00:00,HB_HUBAVG,2025-08-26 00:00:00+00:00,66.37416666666667,89.49714660644531,58.722984313964844,131.22195434570312
Chronos2,2025-08-26 00:00:00+00:00,HB_HUBAVG,2025-08-26 01:00:00+00:00,53.71833333333333,92.84634399414062,53.25788497924805,141.23863220214844
Chronos2,2025-08-26 00:00:00+00:00,HB_HUBAVG,2025-08-26 02:00:00+00:00,33.45333333333333,81.03860473632812,44.146549224853516,136.4653778076172
Chronos2,2025-08-26 00:00:00+00:00,HB_HUBAVG,2025-08-26 03:00:00+00:00,31.3575,58.42831039428711,38.283565521240234,95.36775970458984
Chronos2,2025-08-26 00:00:00+00:00,HB_HUBAVG,2025-08-26 04:00:00+00:00,26.4725,43.3358154296875,32.95003128051758,61.03106689453125
Chronos2,2025-08-26 00:00:00+00:00,HB_HUBAVG,2025-08-26 05:00:00+00:00,24.3225,38.28434371948242,30.408802032470703,50.34361267089844
Chronos2,2025-08-26 00:00:00+00:00,HB_HUBAVG,2025-08-26 06:00:00+00:00,23.8225,36.185020446777344,29.518070220947266,46.74049758911133
Chronos2,2025-08-26 00:00:00+00:00,HB_HUBAVG,2025-08-26 07:00:00+00:00,24.56833333333333,34.83710861206055,28.68758773803711,43.86880874633789
Chronos2,2025-08-26 00:00:00+00:00,HB_HUBAVG,2025-08-26 08:00:00+00:00,24.410833333333333,35.663150787353516,28.3762264251709,44.67332077026367
Chronos2,2025-08-26 00:00:00+00:00,HB_HUBAVG,2025-08-26 09:00:00+00:00,25.365,37.28273391723633,29.035476684570312,49.19281768798828
Chronos2,2025-08-26 00:00:00+00:00,HB_HUBAVG,2025-08-26 10:00:00+00:00,28.5875,39.90873336791992,29.783416748046875,55.02832794189453
Chronos2,2025-08-26 00:00:00+00:00,HB_HUBAVG,2025-08-26 11:00:00+00:00,41.39833333333333,43.0829963684082,31.520618438720703,61.30243682861328
Chronos2,2025-08-26 00:00:00+00:00,HB_HUBAVG,2025-08-26 12:00:00+00:00,46.465833333333336,38.397605895996094,27.9772891998291,55.91187286376953
Chronos2,2025-08-26 00:00:00+00:00,HB_HUBAVG,2025-08-26 13:00:00+00:00,26.16916666666667,27.464218139648438,19.99811363220215,39.89335250854492
Chronos2,2025-08-26 00:00:00+00:00,HB_HUBAVG,2025-08-26 14:00:00+00:00,23.75583333333333,23.37727165222168,17.072235107421875,33.47325897216797
Chronos2,2025-08-26 00:00:00+00:00,HB_HUBAVG,2025-08-26 15:00:00+00:00,23.4225,23.16646957397461,17.16496467590332,31.974609375
Chronos2,2025-08-26 00:00:00+00:00,HB_HUBAVG,2025-08-26 16:00:00+00:00,24.329166666666666,27.730260848999023,20.080236434936523,40.4701042175293
Chronos2,2025-08-26 00:00:00+00:00,HB_HUBAVG,2025-08-26 17:00:00+00:00,36.715833333333336,30.931791305541992,22.002866744995117,47.146480560302734
Chronos2,2025-08-26 00:00:00+00:00,HB_HUBAVG,2025-08-26 18:00:00+00:00,47.4675,33.63422775268555,22.960691452026367,54.390750885009766
Chronos2,2025-08-26 00:00:00+00:00,HB_HUBAVG,2025-08-26 19:00:00+00:00,48.7325,36.216102600097656,24.01517105102539,59.47998046875
Chronos2,2025-08-26 00:00:00+00:00,HB_HUBAVG,2025-08-26 20:00:00+00:00,56.56666666666666,42.240055084228516,26.838783264160156,72.66179656982422
Chronos2,2025-08-26 00:00:00+00:00,HB_HUBAVG,2025-08-26 21:00:00+00:00,51.88166666666666,48.94389343261719,27.184396743774414,89.99671936035156
Chronos2,2025-08-26 00:00:00+00:00,HB_HUBAVG,2025-08-26 22:00:00+00:00,49.8025,52.4059944152832,31.04608154296875,95.76547241210938
Chronos2,2025-08-26 00:00:00+00:00,HB_HUBAVG,2025-08-26 23:00:00+00:00,54.10333333333333,67.01271057128906,38.82349395751953,117.06005859375
Chronos2,2025-08-26 00:00:00+00:00,HB_PAN,2025-08-26 00:00:00+00:00,32.93833333333333,98.28285217285156,63.488712310791016,141.03890991210938
Chronos2,2025-08-26 00:00:00+00:00,HB_PAN,2025-08-26 01:00:00+00:00,36.06666666666667,101.76132202148438,58.55640411376953,148.52757263183594
Chronos2,2025-08-26 00:00:00+00:00,HB_PAN,2025-08-26 02:00:00+00:00,22.609166666666667,89.71974182128906,47.7213249206543,143.7837371826172
Chronos2,2025-08-26 00:00:00+00:00,HB_PAN,2025-08-26 03:00:00+00:00,22.31083333333333,60.13569641113281,35.82905197143555,104.49241638183594
Chronos2,2025-08-26 00:00:00+00:00,HB_PAN,2025-08-26 04:00:00+00:00,25.69833333333333,44.31353759765625,30.891258239746094,67.74425506591797
Chronos2,2025-08-26 00:00:00+00:00,HB_PAN,2025-08-26 05:00:00+00:00,24.910833333333333,42.58827209472656,30.883018493652344,62.25239562988281
Chronos2,2025-08-26 00:00:00+00:00,HB_PAN,2025-08-26 06:00:00+00:00,24.05666666666667,41.704010009765625,31.229434967041016,59.027076721191406
Chronos2,2025-08-26 00:00:00+00:00,HB_PAN,2025-08-26 07:00:00+00:00,24.81083333333333,40.621028900146484,30.701393127441406,56.321937561035156
Chronos2,2025-08-26 00:00:00+00:00,HB_PAN,2025-08-26 08:00:00+00:00,24.5975,41.9113655090332,30.70873260498047,59.4021110534668
Chronos2,2025-08-26 00:00:00+00:00,HB_PAN,2025-08-26 09:00:00+00:00,25.366666666666664,43.56368637084961,31.529403686523438,63.561119079589844
Chronos2,2025-08-26 00:00:00+00:00,HB_PAN,2025-08-26 10:00:00+00:00,28.5875,47.50909423828125,33.20130157470703,71.64234924316406
Chronos2,2025-08-26 00:00:00+00:00,HB_PAN,2025-08-26 11:00:00+00:00,41.39833333333333,51.75820541381836,35.251068115234375,77.48736572265625
Chronos2,2025-08-26 00:00:00+00:00,HB_PAN,2025-08-26 12:00:00+00:00,46.465833333333336,45.450279235839844,30.93281364440918,69.46480560302734
Chronos2,2025-08-26 00:00:00+00:00,HB_PAN,2025-08-26 13:00:00+00:00,26.1925,32.594810485839844,21.79557228088379,50.46929931640625
Chronos2,2025-08-26 00:00:00+00:00,HB_PAN,2025-08-26 14:00:00+00:00,23.75583333333333,28.444358825683594,18.632253646850586,45.435455322265625
Chronos2,2025-08-26 00:00:00+00:00,HB_PAN,2025-08-26 15:00:00+00:00,23.42333333333333,27.789066314697266,18.181293487548828,43.60335159301758
Chronos2,2025-08-26 00:00:00+00:00,HB_PAN,2025-08-26 16:00:00+00:00,24.329166666666666,30.927339553833008,19.799009323120117,49.20296096801758
Chronos2,2025-08-26 00:00:00+00:00,HB_PAN,2025-08-26 17:00:00+00:00,36.715833333333336,34.35353469848633,21.892932891845703,56.363433837890625
Chronos2,2025-08-26 00:00:00+00:00,HB_PAN,2025-08-26 18:00:00+00:00,47.498333333333335,37.3366584777832,23.45473861694336,63.724552154541016
Chronos2,2025-08-26 00:00:00+00:00,HB_PAN,2025-08-26 19:00:00+00:00,48.74916666666667,40.257781982421875,24.855571746826172,70.04625701904297
Chronos2,2025-08-26 00:00:00+00:00,HB_PAN,2025-08-26 20:00:00+00:00,57.22166666666666,46.204891204833984,26.786558151245117,84.27018737792969
Chronos2,2025-08-26 00:00:00+00:00,HB_PAN,2025-08-26 21:00:00+00:00,52.88583333333333,52.55537033081055,27.141298294067383,103.50204467773438
Chronos2,2025-08-26 00:00:00+00:00,HB_PAN,2025-08-26 22:00:00+00:00,49.54666666666666,57.15152359008789,31.264842987060547,109.36491394042969
Chronos2,2025-08-26 00:00:00+00:00,HB_PAN,2025-08-26 23:00:00+00:00,55.81166666666667,75.34593200683594,41.11846923828125,133.9069061279297
Chronos2,2025-08-26 00:00:00+00:00,LZ_WEST,2025-08-26 00:00:00+00:00,79.14583333333333,88.24449157714844,68.0574951171875,125.81478118896484
Chronos2,2025-08-26 00:00:00+00:00,LZ_WEST,2025-08-26 01:00:00+00:00,65.3425,88.94467163085938,66.88875579833984,128.21841430664062
Chronos2,2025-08-26 00:00:00+00:00,LZ_WEST,2025-08-26 02:00:00+00:00,52.0025,84.08403015136719,63.80103302001953,121.50204467773438
Chronos2,2025-08-26 00:00:00+00:00,LZ_WEST,2025-08-26 03:00:00+00:00,48.70666666666667,75.37101745605469,58.7100944519043,105.32521057128906
Chronos2,2025-08-26 00:00:00+00:00,LZ_WEST,2025-08-26 04:00:00+00:00,40.8675,71.88514709472656,59.74838638305664,96.71211242675781
Chronos2,2025-08-26 00:00:00+00:00,LZ_WEST,2025-08-26 05:00:00+00:00,33.559999999999995,72.0156021118164,61.7681884765625,93.15509033203125
Chronos2,2025-08-26 00:00:00+00:00,LZ_WEST,2025-08-26 06:00:00+00:00,27.516666666666666,70.53032684326172,61.26362228393555,89.33000946044922
Chronos2,2025-08-26 00:00:00+00:00,LZ_WEST,2025-08-26 07:00:00+00:00,28.415000000000003,70.71871185302734,61.53481674194336,89.06660461425781
Chronos2,2025-08-26 00:00:00+00:00,LZ_WEST,2025-08-26 08:00:00+00:00,27.249166666666667,74.1854476928711,62.409828186035156,95.31069946289062
Chronos2,2025-08-26 00:00:00+00:00,LZ_WEST,2025-08-26 09:00:00+00:00,25.389166666666668,76.15069580078125,62.99817657470703,98.4463882446289
Chronos2,2025-08-26 00:00:00+00:00,LZ_WEST,2025-08-26 10:00:00+00:00,28.5875,75.45565032958984,59.800018310546875,100.42416381835938
Chronos2,2025-08-26 00:00:00+00:00,LZ_WEST,2025-08-26 11:00:00+00:00,41.39833333333333,71.42692565917969,54.468509674072266,99.58444213867188
Chronos2,2025-08-26 00:00:00+00:00,LZ_WEST,2025-08-26 12:00:00+00:00,46.465833333333336,60.54049301147461,41.202362060546875,93.12602233886719
Chronos2,2025-08-26 00:00:00+00:00,LZ_WEST,2025-08-26 13:00:00+00:00,26.613333333333333,24.33414077758789,15.96207046508789,43.041954040527344
Chronos2,2025-08-26 00:00:00+00:00,LZ_WEST,2025-08-26 14:00:00+00:00,23.75583333333333,20.840106964111328,13.351089477539062,35.85320281982422
Chronos2,2025-08-26 00:00:00+00:00,LZ_WEST,2025-08-26 15:00:00+00:00,23.43166666666667,19.76036834716797,12.457695007324219,32.28135681152344
Chronos2,2025-08-26 00:00:00+00:00,LZ_WEST,2025-08-26 16:00:00+00:00,24.33666666666667,22.688690185546875,14.763874053955078,35.99106216430664
Chronos2,2025-08-26 00:00:00+00:00,LZ_WEST,2025-08-26 17:00:00+00:00,36.715833333333336,24.478633880615234,16.27320098876953,38.916748046875
Chronos2,2025-08-26 00:00:00+00:00,LZ_WEST,2025-08-26 18:00:00+00:00,47.49583333333334,26.833087921142578,17.83700180053711,46.69792938232422
Chronos2,2025-08-26 00:00:00+00:00,LZ_WEST,2025-08-26 19:00:00+00:00,48.74666666666667,29.34229278564453,18.763877868652344,53.28465270996094
Chronos2,2025-08-26 00:00:00+00:00,LZ_WEST,2025-08-26 20:00:00+00:00,57.39833333333333,32.04369354248047,19.291072845458984,62.18053436279297
Chronos2,2025-08-26 00:00:00+00:00,LZ_WEST,2025-08-26 21:00:00+00:00,53.615,38.182334899902344,20.037826538085938,79.28531646728516
Chronos2,2025-08-26 00:00:00+00:00,LZ_WEST,2025-08-26 22:00:00+00:00,50.65583333333333,40.34629821777344,23.09036636352539,79.38087463378906
Chronos2,2025-08-26 00:00:00+00:00,LZ_WEST,2025-08-26 23:00:00+00:00,56.35833333333333,56.965362548828125,35.786842346191406,94.81305694580078
Chronos2,2025-08-27 00:00:00+00:00,HB_HUBAVG,2025-08-27 00:00:00+00:00,48.17,70.24492645263672,48.709320068359375,107.4217300415039
Chronos2,2025-08-27 00:00:00+00:00,HB_HUBAVG,2025-08-27 01:00:00+00:00,68.35666666666667,65.08540344238281,38.85575866699219,113.05311584472656
Chronos2,2025-08-27 00:00:00+00:00,HB_HUBAVG,2025-08-27 02:00:00+00:00,56.03083333333333,52.61425018310547,33.159423828125,95.20050048828125
Chronos2,2025-08-27 00:00:00+00:00,HB_HUBAVG,2025-08-27 03:00:00+00:00,36.10416666666666,41.645545959472656,29.447404861450195,69.68846130371094
Chronos2,2025-08-27 00:00:00+00:00,HB_HUBAVG,2025-08-27 04:00:00+00:00,31.186666666666667,34.85089874267578,25.87915802001953,51.65687561035156
Chronos2,2025-08-27 00:00:00+00:00,HB_HUBAVG,2025-08-27 05:00:00+00:00,27.545,32.19880676269531,24.972824096679688,44.506072998046875
Chronos2,2025-08-27 00:00:00+00:00,HB_HUBAVG,2025-08-27 06:00:00+00:00,27.255,31.52549171447754,25.562286376953125,41.29124069213867
Chronos2,2025-08-27 00:00:00+00:00,HB_HUBAVG,2025-08-27 07:00:00+00:00,26.996666666666663,31.179702758789062,25.858688354492188,39.34013366699219
Chronos2,2025-08-27 00:00:00+00:00,HB_HUBAVG,2025-08-27 08:00:00+00:00,28.194166666666664,32.126197814941406,26.12160873413086,39.06233215332031
Chronos2,2025-08-27 00:00:00+00:00,HB_HUBAVG,2025-08-27 09:00:00+00:00,30.96166666666667,33.092769622802734,26.799880981445312,41.6950798034668
Chronos2,2025-08-27 00:00:00+00:00,HB_HUBAVG,2025-08-27 10:00:00+00:00,35.215833333333336,34.49278259277344,27.10934829711914,44.521583557128906
Chronos2,2025-08-27 00:00:00+00:00,HB_HUBAVG,2025-08-27 11:00:00+00:00,48.32583333333333,36.46809005737305,27.87554931640625,49.82559585571289
Chronos2,2025-08-27 00:00:00+00:00,HB_HUBAVG,2025-08-27 12:00:00+00:00,66.655,34.924495697021484,25.533239364624023,51.20044708251953
Chronos2,2025-08-27 00:00:00+00:00,HB_HUBAVG,2025-08-27 13:00:00+00:00,27.3425,25.417449951171875,19.125534057617188,35.807273864746094
Chronos2,2025-08-27 00:00:00+00:00,HB_HUBAVG,2025-08-27 14:00:00+00:00,23.184166666666663,21.747276306152344,16.25501823425293,30.277687072753906
Chronos2,2025-08-27 00:00:00+00:00,HB_HUBAVG,2025-08-27 15:00:00+00:00,22.629166666666663,20.672822952270508,15.29140853881836,28.337587356567383
Chronos2,2025-08-27 00:00:00+00:00,HB_HUBAVG,2025-08-27 16:00:00+00:00,23.52583333333333,23.771366119384766,18.146726608276367,34.784751892089844
Chronos2,2025-08-27 00:00:00+00:00,HB_HUBAVG,2025-08-27 17:00:00+00:00,27.219166666666663,29.575157165527344,20.875089645385742,45.457664489746094
Chronos2,2025-08-27 00:00:00+00:00,HB_HUBAVG,2025-08-27 18:00:00+00:00,30.18166666666667,36.300071716308594,24.08087158203125,59.845523834228516
Chronos2,2025-08-27 00:00:00+00:00,HB_HUBAVG,2025-08-27 19:00:00+00:00,41.46583333333333,40.184051513671875,25.969532012939453,66.77423858642578
Chronos2,2025-08-27 00:00:00+00:00,HB_HUBAVG,2025-08-27 20:00:00+00:00,59.8,43.35232925415039,28.16861343383789,71.79116821289062
Chronos2,2025-08-27 00:00:00+00:00,HB_HUBAVG,2025-08-27 21:00:00+00:00,63.10999999999999,45.946266174316406,28.946796417236328,76.2625961303711
Chronos2,2025-08-27 00:00:00+00:00,HB_HUBAVG,2025-08-27 22:00:00+00:00,38.594166666666666,47.51591873168945,29.722991943359375,82.03941345214844
Chronos2,2025-08-27 00:00:00+00:00,HB_HUBAVG,2025-08-27 23:00:00+00:00,53.0225,58.063934326171875,34.37141036987305,104.75282287597656
Chronos2,2025-08-27 00:00:00+00:00,HB_PAN,2025-08-27 00:00:00+00:00,49.92083333333333,70.40523529052734,43.475830078125,107.466064453125
Chronos2,2025-08-27 00:00:00+00:00,HB_PAN,2025-08-27 01:00:00+00:00,70.15083333333332,67.54120635986328,35.940406799316406,112.93315124511719
Chronos2,2025-08-27 00:00:00+00:00,HB_PAN,2025-08-27 02:00:00+00:00,57.14416666666667,55.898406982421875,29.822202682495117,101.88712310791016
Chronos2,2025-08-27 00:00:00+00:00,HB_PAN,2025-08-27 03:00:00+00:00,35.75833333333333,44.275108337402344,26.8753662109375,77.04149627685547
Chronos2,2025-08-27 00:00:00+00:00,HB_PAN,2025-08-27 04:00:00+00:00,31.73,38.31794738769531,24.293960571289062,60.956268310546875
Chronos2,2025-08-27 00:00:00+00:00,HB_PAN,2025-08-27 05:00:00+00:00,29.365,36.8684196472168,24.535015106201172,55.30249786376953
Chronos2,2025-08-27 00:00:00+00:00,HB_PAN,2025-08-27 06:00:00+00:00,29.75916666666667,36.11579895019531,24.928482055664062,51.6416015625
Chronos2,2025-08-27 00:00:00+00:00,HB_PAN,2025-08-27 07:00:00+00:00,29.449166666666667,34.953914642333984,24.756866455078125,48.344970703125
Chronos2,2025-08-27 00:00:00+00:00,HB_PAN,2025-08-27 08:00:00+00:00,29.63833333333333,34.836212158203125,23.765344619750977,49.42873001098633
Chronos2,2025-08-27 00:00:00+00:00,HB_PAN,2025-08-27 09:00:00+00:00,32.97666666666667,33.908870697021484,22.834178924560547,48.04798126220703
Chronos2,2025-08-27 00:00:00+00:00,HB_PAN,2025-08-27 10:00:00+00:00,36.67083333333333,33.920555114746094,22.210268020629883,49.67887878417969
Chronos2,2025-08-27 00:00:00+00:00,HB_PAN,2025-08-27 11:00:00+00:00,50.55833333333334,35.43910217285156,22.46800994873047,54.0908088684082
Chronos2,2025-08-27 00:00:00+00:00,HB_PAN,2025-08-27 12:00:00+00:00,68.28833333333333,35.226646423339844,21.409379959106445,58.14768981933594
Chronos2,2025-08-27 00:00:00+00:00,HB_PAN,2025-08-27 13:00:00+00:00,27.593333333333337,27.067176818847656,16.74587631225586,41.121551513671875
Chronos2,2025-08-27 00:00:00+00:00,HB_PAN,2025-08-27 14:00:00+00:00,23.269166666666667,23.694429397583008,13.946250915527344,36.83189392089844
Chronos2,2025-08-27 00:00:00+00:00,HB_PAN,2025-08-27 15:00:00+00:00,22.616666666666664,22.242549896240234,12.502046585083008,34.362186431884766
Chronos2,2025-08-27 00:00:00+00:00,HB_PAN,2025-08-27 16:00:00+00:00,23.46333333333333,23.452733993530273,13.938079833984375,37.52033615112305
Chronos2,2025-08-27 00:00:00+00:00,HB_PAN,2025-08-27 17:00:00+00:00,25.189166666666665,28.918413162231445,16.50611686706543,46.94344711303711
Chronos2,2025-08-27 00:00:00+00:00,HB_PAN,2025-08-27 18:00:00+00:00,29.505,34.86720275878906,19.58032989501953,58.08393096923828
Chronos2,2025-08-27 00:00:00+00:00,HB_PAN,2025-08-27 19:00:00+00:00,42.495,39.352684020996094,22.002859115600586,66.9022445678711
Chronos2,2025-08-27 00:00:00+00:00,HB_PAN,2025-08-27 20:00:00+00:00,59.1375,43.399383544921875,23.917827606201172,73.79579162597656
Chronos2,2025-08-27 00:00:00+00:00,HB_PAN,2025-08-27 21:00:00+00:00,64.3325,46.09576416015625,24.685436248779297,80.69450378417969
Chronos2,2025-08-27 00:00:00+00:00,HB_PAN,2025-08-27 22:00:00+00:00,40.4325,48.15961837768555,25.503520965576172,86.78187561035156
Chronos2,2025-08-27 00:00:00+00:00,HB_PAN,2025-08-27 23:00:00+00:00,55.8025,59.97918701171875,29.567880630493164,111.7535400390625
Chronos2,2025-08-27 00:00:00+00:00,LZ_WEST,2025-08-27 00:00:00+00:00,50.50666666666667,72.13280487060547,54.04652404785156,93.24174499511719
Chronos2,2025-08-27 00:00:00+00:00,LZ_WEST,2025-08-27 01:00:00+00:00,70.75333333333333,66.03311157226562,44.599552154541016,91.22845458984375
Chronos2,2025-08-27 00:00:00+00:00,LZ_WEST,2025-08-27 02:00:00+00:00,58.6925,58.958717346191406,37.8094596862793,84.15983581542969
Chronos2,2025-08-27 00:00:00+00:00,LZ_WEST,2025-08-27 03:00:00+00:00,47.1525,52.32177734375,31.62722396850586,77.58038330078125
Chronos2,2025-08-27 00:00:00+00:00,LZ_WEST,2025-08-27 04:00:00+00:00,48.36333333333334,50.66608428955078,28.17034339904785,78.26467895507812
Chronos2,2025-08-27 00:00:00+00:00,LZ_WEST,2025-08-27 05:00:00+00:00,57.51333333333333,50.576576232910156,26.65558433532715,80.3922119140625
Chronos2,2025-08-27 00:00:00+00:00,LZ_WEST,2025-08-27 06:00:00+00:00,65.23,49.26768493652344,25.84867286682129,78.1812973022461
Chronos2,2025-08-27 00:00:00+00:00,LZ_WEST,2025-08-27 07:00:00+00:00,64.34916666666668,51.85837936401367,26.875568389892578,82.13099670410156
Chronos2,2025-08-27 00:00:00+00:00,LZ_WEST,2025-08-27 08:00:00+00:00,50.2775,57.08018493652344,26.782142639160156,93.41114807128906
Chronos2,2025-08-27 00:00:00+00:00,LZ_WEST,2025-08-27 09:00:00+00:00,61.45666666666667,60.4520263671875,28.889015197753906,96.57223510742188
Chronos2,2025-08-27 00:00:00+00:00,LZ_WEST,2025-08-27 10:00:00+00:00,57.03916666666667,62.9322624206543,30.488250732421875,98.74462127685547
Chronos2,2025-08-27 00:00:00+00:00,LZ_WEST,2025-08-27 11:00:00+00:00,69.24166666666666,64.47801208496094,34.273475646972656,100.2911376953125
Chronos2,2025-08-27 00:00:00+00:00,LZ_WEST,2025-08-27 12:00:00+00:00,81.02416666666666,61.36850357055664,30.13628578186035,100.68728637695312
Chronos2,2025-08-27 00:00:00+00:00,LZ_WEST,2025-08-27 13:00:00+00:00,27.820000000000004,30.404531478881836,14.460651397705078,54.44697189331055
Chronos2,2025-08-27 00:00:00+00:00,LZ_WEST,2025-08-27 14:00:00+00:00,23.366666666666664,25.242218017578125,11.703117370605469,43.2550163269043
Chronos2,2025-08-27 00:00:00+00:00,LZ_WEST,2025-08-27 15:00:00+00:00,22.701666666666668,24.425188064575195,10.660789489746094,43.94623565673828
Chronos2,2025-08-27 00:00:00+00:00,LZ_WEST,2025-08-27 16:00:00+00:00,23.45833333333333,30.43853759765625,14.441028594970703,52.99793243408203
Chronos2,2025-08-27 00:00:00+00:00,LZ_WEST,2025-08-27 17:00:00+00:00,24.96333333333333,39.443851470947266,19.343719482421875,66.58457946777344
Chronos2,2025-08-27 00:00:00+00:00,LZ_WEST,2025-08-27 18:00:00+00:00,29.430833333333336,47.25286102294922,22.93730926513672,75.28660583496094
Chronos2,2025-08-27 00:00:00+00:00,LZ_WEST,2025-08-27 19:00:00+00:00,42.67166666666666,50.02867126464844,25.2792911529541,79.68812561035156
Chronos2,2025-08-27 00:00:00+00:00,LZ_WEST,2025-08-27 20:00:00+00:00,59.1575,53.04026794433594,26.13844108581543,85.67182922363281
Chronos2,2025-08-27 00:00:00+00:00,LZ_WEST,2025-08-27 21:00:00+00:00,64.60916666666667,53.444854736328125,26.0936279296875,87.75178527832031
Chronos2,2025-08-27 00:00:00+00:00,LZ_WEST,2025-08-27 22:00:00+00:00,40.91666666666666,52.245361328125,25.364356994628906,85.2697982788086
Chronos2,2025-08-27 00:00:00+00:00,LZ_WEST,2025-08-27 23:00:00+00:00,56.43833333333333,60.48883056640625,30.67459487915039,96.290283203125
Chronos2,2025-08-28 00:00:00+00:00,HB_HUBAVG,2025-08-28 00:00:00+00:00,62.15,68.14187622070312,44.22615432739258,110.28823852539062
Chronos2,2025-08-28 00:00:00+00:00,HB_HUBAVG,2025-08-28 01:00:00+00:00,63.5075,70.97526550292969,40.92119598388672,127.15107727050781
Chronos2,2025-08-28 00:00:00+00:00,HB_HUBAVG,2025-08-28 02:00:00+00:00,50.51333333333333,57.207828521728516,35.61507797241211,103.7439193725586
Chronos2,2025-08-28 00:00:00+00:00,HB_HUBAVG,2025-08-28 03:00:00+00:00,33.19416666666667,41.75834274291992,30.76272201538086,64.0013198852539
Chronos2,2025-08-28 00:00:00+00:00,HB_HUBAVG,2025-08-28 04:00:00+00:00,26.506666666666664,33.945919036865234,26.78286361694336,45.68406295776367
Chronos2,2025-08-28 00:00:00+00:00,HB_HUBAVG,2025-08-28 05:00:00+00:00,24.314166666666665,31.143972396850586,25.913829803466797,39.57192611694336
Chronos2,2025-08-28 00:00:00+00:00,HB_HUBAVG,2025-08-28 06:00:00+00:00,21.70583333333333,30.419904708862305,25.852569580078125,37.5958137512207
Chronos2,2025-08-28 00:00:00+00:00,HB_HUBAVG,2025-08-28 07:00:00+00:00,19.101666666666667,29.852441787719727,25.410808563232422,35.89308166503906
Chronos2,2025-08-28 00:00:00+00:00,HB_HUBAVG,2025-08-28 08:00:00+00:00,18.05583333333333,30.95858383178711,25.513721466064453,36.683624267578125
Chronos2,2025-08-28 00:00:00+00:00,HB_HUBAVG,2025-08-28 09:00:00+00:00,17.824166666666667,32.19977569580078,26.363391876220703,39.8807373046875
Chronos2,2025-08-28 00:00:00+00:00,HB_HUBAVG,2025-08-28 10:00:00+00:00,18.979166666666668,35.933712005615234,28.036224365234375,46.75208282470703
Chronos2,2025-08-28 00:00:00+00:00,HB_HUBAVG,2025-08-28 11:00:00+00:00,19.988333333333333,41.67402267456055,31.49420166015625,58.77167892456055
Chronos2,2025-08-28 00:00:00+00:00,HB_HUBAVG,2025-08-28 12:00:00+00:00,19.281666666666663,41.0355224609375,29.781511306762695,62.55612564086914
Chronos2,2025-08-28 00:00:00+00:00,HB_HUBAVG,2025-08-28 13:00:00+00:00,13.93,25.170860290527344,20.73016929626465,33.459903717041016
Chronos2,2025-08-28 00:00:00+00:00,HB_HUBAVG,2025-08-28 14:00:00+00:00,9.9225,21.882068634033203,18.300451278686523,26.9322452545166
Chronos2,2025-08-28 00:00:00+00:00,HB_HUBAVG,2025-08-28 15:00:00+00:00,10.480833333333331,21.947986602783203,18.54611587524414,26.669038772583008
Chronos2,2025-08-28 00:00:00+00:00,HB_HUBAVG,2025-08-28 16:00:00+00:00,14.273333333333332,24.8419132232666,20.722715377807617,31.316287994384766
Chronos2,2025-08-28 00:00:00+00:00,HB_HUBAVG,2025-08-28 17:00:00+00:00,20.31833333333333,31.469120025634766,24.40911102294922,43.05831527709961
Chronos2,2025-08-28 00:00:00+00:00,HB_HUBAVG,2025-08-28 18:00:00+00:00,40.6575,36.99788284301758,26.613815307617188,55.66914749145508
Chronos2,2025-08-28 00:00:00+00:00,HB_HUBAVG,2025-08-28 19:00:00+00:00,69.60833333333333,40.478694915771484,28.169675827026367,63.33997344970703
Chronos2,2025-08-28 00:00:00+00:00,HB_HUBAVG,2025-08-28 20:00:00+00:00,71.91833333333334,46.431861877441406,30.85535430908203,79.46484375
Chronos2,2025-08-28 00:00:00+00:00,HB_HUBAVG,2025-08-28 21:00:00+00:00,73.28916666666667,48.19170379638672,30.717830657958984,82.75460052490234
Chronos2,2025-08-28 00:00:00+00:00,HB_HUBAVG,2025-08-28 22:00:00+00:00,47.781666666666666,46.714481353759766,31.467287063598633,74.78782653808594
Chronos2,2025-08-28 00:00:00+00:00,HB_HUBAVG,2025-08-28 23:00:00+00:00,53.14166666666667,60.4755973815918,38.17313766479492,104.66595458984375
Chronos2,2025-08-28 00:00:00+00:00,HB_PAN,2025-08-28 00:00:00+00:00,65.71,68.71607971191406,42.40250015258789,112.36985778808594
Chronos2,2025-08-28 00:00:00+00:00,HB_PAN,2025-08-28 01:00:00+00:00,67.24416666666667,72.62016296386719,38.47725296020508,134.2318878173828
Chronos2,2025-08-28 00:00:00+00:00,HB_PAN,2025-08-28 02:00:00+00:00,48.915,58.52574157714844,32.631683349609375,112.22541809082031
Chronos2,2025-08-28 00:00:00+00:00,HB_PAN,2025-08-28 03:00:00+00:00,25.52,40.751220703125,28.916000366210938,65.87052154541016
Chronos2,2025-08-28 00:00:00+00:00,HB_PAN,2025-08-28 04:00:00+00:00,19.655,34.34482192993164,26.02398681640625,47.07135009765625
Chronos2,2025-08-28 00:00:00+00:00,HB_PAN,2025-08-28 05:00:00+00:00,17.791666666666668,33.130577087402344,26.478443145751953,42.43321990966797
Chronos2,2025-08-28 00:00:00+00:00,HB_PAN,2025-08-28 06:00:00+00:00,18.204166666666666,32.83104705810547,26.764150619506836,40.92898178100586
Chronos2,2025-08-28 00:00:00+00:00,HB_PAN,2025-08-28 07:00:00+00:00,19.12,32.41391372680664,26.73199462890625,39.521873474121094
Chronos2,2025-08-28 00:00:00+00:00,HB_PAN,2025-08-28 08:00:00+00:00,17.995,34.112396240234375,27.070240020751953,41.01695251464844
Chronos2,2025-08-28 00:00:00+00:00,HB_PAN,2025-08-28 09:00:00+00:00,17.684166666666666,35.795249938964844,28.318279266357422,44.846534729003906
Chronos2,2025-08-28 00:00:00+00:00,HB_PAN,2025-08-28 10:00:00+00:00,18.979166666666668,39.70573806762695,30.3560791015625,52.75824737548828
Chronos2,2025-08-28 00:00:00+00:00,HB_PAN,2025-08-28 11:00:00+00:00,19.925833333333333,45.075679779052734,33.497440338134766,62.04450225830078
Chronos2,2025-08-28 00:00:00+00:00,HB_PAN,2025-08-28 12:00:00+00:00,19.273333333333333,43.84530258178711,31.006053924560547,66.60269927978516
Chronos2,2025-08-28 00:00:00+00:00,HB_PAN,2025-08-28 13:00:00+00:00,13.2575,26.481456756591797,20.58517074584961,35.47556686401367
Chronos2,2025-08-28 00:00:00+00:00,HB_PAN,2025-08-28 14:00:00+00:00,3.62,22.43827247619629,17.58251190185547,28.742534637451172
Chronos2,2025-08-28 00:00:00+00:00,HB_PAN,2025-08-28 15:00:00+00:00,3.1666666666666665,22.372114181518555,17.77301025390625,27.94822120666504
Chronos2,2025-08-28 00:00:00+00:00,HB_PAN,2025-08-28 16:00:00+00:00,7.7425,25.696313858032227,20.458677291870117,33.3881721496582
Chronos2,2025-08-28 00:00:00+00:00,HB_PAN,2025-08-28 17:00:00+00:00,17.00166666666667,30.86233139038086,23.279708862304688,42.36881637573242
Chronos2,2025-08-28 00:00:00+00:00,HB_PAN,2025-08-28 18:00:00+00:00,38.81666666666667,36.361881256103516,25.871105194091797,53.2828483581543
Chronos2,2025-08-28 00:00:00+00:00,HB_PAN,2025-08-28 19:00:00+00:00,76.08333333333333,40.15102767944336,27.889747619628906,61.305755615234375
Chronos2,2025-08-28 00:00:00+00:00,HB_PAN,2025-08-28 20:00:00+00:00,82.16250000000001,45.58694076538086,30.604393005371094,75.7782974243164
Chronos2,2025-08-28 00:00:00+00:00,HB_PAN,2025-08-28 21:00:00+00:00,84.67583333333333,46.64915084838867,29.946731567382812,79.50581359863281
Chronos2,2025-08-28 00:00:00+00:00,HB_PAN,2025-08-28 22:00:00+00:00,43.365833333333335,44.29269790649414,29.77005386352539,70.34953308105469
Chronos2,2025-08-28 00:00:00+00:00,HB_PAN,2025-08-28 23:00:00+00:00,3.7475,59.72085952758789,36.6702995300293,105.982177734375
Chronos2,2025-08-28 00:00:00+00:00,LZ_WEST,2025-08-28 00:00:00+00:00,66.60083333333334,73.90547943115234,50.84843063354492,108.06779479980469
Chronos2,2025-08-28 00:00:00+00:00,LZ_WEST,2025-08-28 01:00:00+00:00,68.17916666666666,75.66160583496094,50.45386505126953,115.62279510498047
Chronos2,2025-08-28 00:00:00+00:00,LZ_WEST,2025-08-28 02:00:00+00:00,59.053333333333335,72.257568359375,48.02598190307617,109.28457641601562
Chronos2,2025-08-28 00:00:00+00:00,LZ_WEST,2025-08-28 03:00:00+00:00,48.465833333333336,63.76591110229492,43.823429107666016,89.15530395507812
Chronos2,2025-08-28 00:00:00+00:00,LZ_WEST,2025-08-28 04:00:00+00:00,40.29583333333333,63.88814926147461,46.43494415283203,87.70515441894531
Chronos2,2025-08-28 00:00:00+00:00,LZ_WEST,2025-08-28 05:00:00+00:00,37.10416666666666,66.93670654296875,49.16054916381836,89.30612182617188
Chronos2,2025-08-28 00:00:00+00:00,LZ_WEST,2025-08-28 06:00:00+00:00,33.1825,67.62054443359375,50.24077224731445,89.43472290039062
Chronos2,2025-08-28 00:00:00+00:00,LZ_WEST,2025-08-28 07:00:00+00:00,26.911666666666665,68.62097930908203,50.955387115478516,90.4894027709961
Chronos2,2025-08-28 00:00:00+00:00,LZ_WEST,2025-08-28 08:00:00+00:00,25.046666666666667,70.30481719970703,50.37122344970703,95.52510070800781
Chronos2,2025-08-28 00:00:00+00:00,LZ_WEST,2025-08-28 09:00:00+00:00,21.986666666666665,72.48147583007812,51.781822204589844,99.60002136230469
Chronos2,2025-08-28 00:00:00+00:00,LZ_WEST,2025-08-28 10:00:00+00:00,18.979166666666668,76.12606811523438,53.665313720703125,105.15718841552734
Chronos2,2025-08-28 00:00:00+00:00,LZ_WEST,2025-08-28 11:00:00+00:00,20.102500000000003,76.980224609375,53.4346923828125,108.79419708251953
Chronos2,2025-08-28 00:00:00+00:00,LZ_WEST,2025-08-28 12:00:00+00:00,19.88833333333333,74.85337829589844,49.556068420410156,111.25921630859375
Chronos2,2025-08-28 00:00:00+00:00,LZ_WEST,2025-08-28 13:00:00+00:00,13.498333333333337,24.32655906677246,18.184833526611328,35.040706634521484
Chronos2,2025-08-28 00:00:00+00:00,LZ_WEST,2025-08-28 14:00:00+00:00,4.486666666666667,21.97899627685547,16.839702606201172,29.353315353393555
Chronos2,2025-08-28 00:00:00+00:00,LZ_WEST,2025-08-28 15:00:00+00:00,2.8441666666666667,21.78585433959961,17.050357818603516,28.433948516845703
Chronos2,2025-08-28 00:00:00+00:00,LZ_WEST,2025-08-28 16:00:00+00:00,7.5075,26.240053176879883,18.95608901977539,37.779029846191406
Chronos2,2025-08-28 00:00:00+00:00,LZ_WEST,2025-08-28 17:00:00+00:00,17.03,31.90229606628418,21.847610473632812,49.42865753173828
Chronos2,2025-08-28 00:00:00+00:00,LZ_WEST,2025-08-28 18:00:00+00:00,38.60833333333333,37.79711151123047,23.886255264282227,58.823848724365234
Chronos2,2025-08-28 00:00:00+00:00,LZ_WEST,2025-08-28 19:00:00+00:00,73.19833333333334,40.981163024902344,25.160123825073242,64.73531341552734
Chronos2,2025-08-28 00:00:00+00:00,LZ_WEST,2025-08-28 20:00:00+00:00,79.16833333333334,47.8732795715332,27.9746036529541,79.99901580810547
Chronos2,2025-08-28 00:00:00+00:00,LZ_WEST,2025-08-28 21:00:00+00:00,80.85166666666667,49.902061462402344,28.630573272705078,85.52198028564453
Chronos2,2025-08-28 00:00:00+00:00,LZ_WEST,2025-08-28 22:00:00+00:00,49.43333333333334,43.63050079345703,25.41384506225586,71.29991149902344
Chronos2,2025-08-28 00:00:00+00:00,LZ_WEST,2025-08-28 23:00:00+00:00,87.51916666666666,61.64057922363281,36.027137756347656,99.28346252441406
Chronos2,2025-08-29 00:00:00+00:00,HB_HUBAVG,2025-08-29 00:00:00+00:00,66.83083333333333,62.95802307128906,44.9556770324707,84.90765380859375
Chronos2,2025-08-29 00:00:00+00:00,HB_HUBAVG,2025-08-29 01:00:00+00:00,56.29166666666666,60.93443298339844,40.84893035888672,83.28247833251953
Chronos2,2025-08-29 00:00:00+00:00,HB_HUBAVG,2025-08-29 02:00:00+00:00,38.79333333333333,47.116973876953125,31.68610191345215,67.80166625976562
Chronos2,2025-08-29 00:00:00+00:00,HB_HUBAVG,2025-08-29 03:00:00+00:00,30.159166666666664,30.136974334716797,20.349946975708008,41.8015251159668
Chronos2,2025-08-29 00:00:00+00:00,HB_HUBAVG,2025-08-29 04:00:00+00:00,28.4475,24.06568145751953,15.743371963500977,33.5504264831543
Chronos2,2025-08-29 00:00:00+00:00,HB_HUBAVG,2025-08-29 05:00:00+00:00,29.405,22.139667510986328,13.782955169677734,30.791215896606445
Chronos2,2025-08-29 00:00:00+00:00,HB_HUBAVG,2025-08-29 06:00:00+00:00,30.54083333333333,21.03061294555664,13.16726303100586,29.23269271850586
Chronos2,2025-08-29 00:00:00+00:00,HB_HUBAVG,2025-08-29 07:00:00+00:00,31.115,20.271944046020508,11.700126647949219,27.692092895507812
Chronos2,2025-08-29 00:00:00+00:00,HB_HUBAVG,2025-08-29 08:00:00+00:00,30.47666666666667,20.22171401977539,11.239023208618164,28.860462188720703
Chronos2,2025-08-29 00:00:00+00:00,HB_HUBAVG,2025-08-29 09:00:00+00:00,34.115833333333335,20.937597274780273,11.811056137084961,30.004074096679688
Chronos2,2025-08-29 00:00:00+00:00,HB_HUBAVG,2025-08-29 10:00:00+00:00,43.40416666666667,22.056961059570312,12.40958023071289,31.643413543701172
Chronos2,2025-08-29 00:00:00+00:00,HB_HUBAVG,2025-08-29 11:00:00+00:00,37.3175,23.423198699951172,12.487785339355469,37.5032844543457
Chronos2,2025-08-29 00:00:00+00:00,HB_HUBAVG,2025-08-29 12:00:00+00:00,36.6525,23.344581604003906,11.044109344482422,44.24237060546875
Chronos2,2025-08-29 00:00:00+00:00,HB_HUBAVG,2025-08-29 13:00:00+00:00,26.474166666666665,17.896665573120117,7.789213180541992,30.160228729248047
Chronos2,2025-08-29 00:00:00+00:00,HB_HUBAVG,2025-08-29 14:00:00+00:00,25.264166666666668,14.760505676269531,4.654293060302734,24.92508316040039
Chronos2,2025-08-29 00:00:00+00:00,HB_HUBAVG,2025-08-29 15:00:00+00:00,25.581666666666667,15.795829772949219,5.87226676940918,25.061473846435547
Chronos2,2025-08-29 00:00:00+00:00,HB_HUBAVG,2025-08-29 16:00:00+00:00,26.2225,19.48225975036621,9.942672729492188,29.644641876220703
Chronos2,2025-08-29 00:00:00+00:00,HB_HUBAVG,2025-08-29 17:00:00+00:00,32.88166666666667,24.365280151367188,12.61248779296875,40.87349319458008
Chronos2,2025-08-29 00:00:00+00:00,HB_HUBAVG,2025-08-29 18:00:00+00:00,37.13333333333333,35.839359283447266,16.840179443359375,63.695228576660156
Chronos2,2025-08-29 00:00:00+00:00,HB_HUBAVG,2025-08-29 19:00:00+00:00,45.95083333333333,45.243595123291016,17.678218841552734,86.84068298339844
Chronos2,2025-08-29 00:00:00+00:00,HB_HUBAVG,2025-08-29 20:00:00+00:00,45.18416666666667,51.93431091308594,17.827476501464844,95.88892364501953
Chronos2,2025-08-29 00:00:00+00:00,HB_HUBAVG,2025-08-29 21:00:00+00:00,40.28833333333333,50.59046936035156,19.413780212402344,88.84199523925781
Chronos2,2025-08-29 00:00:00+00:00,HB_HUBAVG,2025-08-29 22:00:00+00:00,35.964166666666664,46.022857666015625,23.42874526977539,77.40992736816406
Chronos2,2025-08-29 00:00:00+00:00,HB_HUBAVG,2025-08-29 23:00:00+00:00,44.27166666666667,52.584716796875,26.927352905273438,87.62864685058594
Chronos2,2025-08-29 00:00:00+00:00,HB_PAN,2025-08-29 00:00:00+00:00,18.035,-12.096748352050781,-46.88251876831055,25.165878295898438
Chronos2,2025-08-29 00:00:00+00:00,HB_PAN,2025-08-29 01:00:00+00:00,6.664166666666667,-7.401397705078125,-49.3613395690918,35.335445404052734
Chronos2,2025-08-29 00:00:00+00:00,HB_PAN,2025-08-29 02:00:00+00:00,2.2,-11.450599670410156,-50.051204681396484,25.856433868408203
Chronos2,2025-08-29 00:00:00+00:00,HB_PAN,2025-08-29 03:00:00+00:00,8.350833333333332,-16.262371063232422,-52.48008346557617,16.9737491607666
Chronos2,2025-08-29 00:00:00+00:00,HB_PAN,2025-08-29 04:00:00+00:00,21.215,-20.384078979492188,-59.45090103149414,10.975910186767578
Chronos2,2025-08-29 00:00:00+00:00,HB_PAN,2025-08-29 05:00:00+00:00,22.2375,-21.00860595703125,-61.23158645629883,8.825908660888672
Chronos2,2025-08-29 00:00:00+00:00,HB_PAN,2025-08-29 06:00:00+00:00,26.53833333333333,-20.646549224853516,-61.24543380737305,8.999855041503906
Chronos2,2025-08-29 00:00:00+00:00,HB_PAN,2025-08-29 07:00:00+00:00,33.54833333333334,-20.28460693359375,-61.12369918823242,9.053281784057617
Chronos2,2025-08-29 00:00:00+00:00,HB_PAN,2025-08-29 08:00:00+00:00,33.04916666666667,-20.008094787597656,-60.709537506103516,11.31036376953125
Chronos2,2025-08-29 00:00:00+00:00,HB_PAN,2025-08-29 09:00:00+00:00,37.01,-18.26827621459961,-59.05520248413086,14.146520614624023
Chronos2,2025-08-29 00:00:00+00:00,HB_PAN,2025-08-29 10:00:00+00:00,45.98833333333334,-16.000736236572266,-58.223140716552734,16.459157943725586
Chronos2,2025-08-29 00:00:00+00:00,HB_PAN,2025-08-29 11:00:00+00:00,40.28916666666667,-13.792556762695312,-59.60306167602539,21.662919998168945
Chronos2,2025-08-29 00:00:00+00:00,HB_PAN,2025-08-29 12:00:00+00:00,38.0425,-14.229564666748047,-59.812435150146484,28.025129318237305
Chronos2,2025-08-29 00:00:00+00:00,HB_PAN,2025-08-29 13:00:00+00:00,27.070833333333336,-19.993022918701172,-66.68235778808594,15.950973510742188
Chronos2,2025-08-29 00:00:00+00:00,HB_PAN,2025-08-29 14:00:00+00:00,27.320000000000004,-23.151824951171875,-69.18635559082031,9.931770324707031
Chronos2,2025-08-29 00:00:00+00:00,HB_PAN,2025-08-29 15:00:00+00:00,26.828333333333333,-22.492687225341797,-66.384765625,9.481346130371094
Chronos2,2025-08-29 00:00:00+00:00,HB_PAN,2025-08-29 16:00:00+00:00,26.761666666666667,-5.375999450683594,-44.36259078979492,22.8380184173584
Chronos2,2025-08-29 00:00:00+00:00,HB_PAN,2025-08-29 17:00:00+00:00,32.855,-0.6791648864746094,-42.922725677490234,31.994840621948242
Chronos2,2025-08-29 00:00:00+00:00,HB_PAN,2025-08-29 18:00:00+00:00,32.50333333333333,11.812055587768555,-38.14536666870117,48.99866485595703
Chronos2,2025-08-29 00:00:00+00:00,HB_PAN,2025-08-29 19:00:00+00:00,35.678333333333335,23.038158416748047,-38.623104095458984,75.60063171386719
Chronos2,2025-08-29 00:00:00+00:00,HB_PAN,2025-08-29 20:00:00+00:00,31.14833333333333,28.47745704650879,-42.10848617553711,87.95553588867188
Chronos2,2025-08-29 00:00:00+00:00,HB_PAN,2025-08-29 21:00:00+00:00,29.0175,25.238788604736328,-41.89346694946289,83.9475326538086
Chronos2,2025-08-29 00:00:00+00:00,HB_PAN,2025-08-29 22:00:00+00:00,28.824166666666667,16.13271713256836,-49.414852142333984,75.29505920410156
Chronos2,2025-08-29 00:00:00+00:00,HB_PAN,2025-08-29 23:00:00+00:00,43.975,10.022504806518555,-49.4698371887207,72.65393829345703
Chronos2,2025-08-29 00:00:00+00:00,LZ_WEST,2025-08-29 00:00:00+00:00,98.265,92.56636047363281,68.25684356689453,125.17964935302734
Chronos2,2025-08-29 00:00:00+00:00,LZ_WEST,2025-08-29 01:00:00+00:00,85.85666666666667,84.71615600585938,55.683372497558594,119.151611328125
Chronos2,2025-08-29 00:00:00+00:00,LZ_WEST,2025-08-29 02:00:00+00:00,92.40083333333332,71.6263427734375,43.82855224609375,108.9444580078125
Chronos2,2025-08-29 00:00:00+00:00,LZ_WEST,2025-08-29 03:00:00+00:00,68.17083333333333,56.10828399658203,30.826290130615234,90.98745727539062
Chronos2,2025-08-29 00:00:00+00:00,LZ_WEST,2025-08-29 04:00:00+00:00,48.59,49.85458755493164,24.67985725402832,86.08416748046875
Chronos2,2025-08-29 00:00:00+00:00,LZ_WEST,2025-08-29 05:00:00+00:00,60.29749999999999,46.396549224853516,19.999868392944336,84.2630615234375
Chronos2,2025-08-29 00:00:00+00:00,LZ_WEST,2025-08-29 06:00:00+00:00,54.8825,40.489559173583984,14.198982238769531,81.04937744140625
Chronos2,2025-08-29 00:00:00+00:00,LZ_WEST,2025-08-29 07:00:00+00:00,43.8375,35.101985931396484,7.8191070556640625,78.41200256347656
Chronos2,2025-08-29 00:00:00+00:00,LZ_WEST,2025-08-29 08:00:00+00:00,51.310833333333335,31.931142807006836,4.167438507080078,80.67292785644531
Chronos2,2025-08-29 00:00:00+00:00,LZ_WEST,2025-08-29 09:00:00+00:00,62.270833333333336,30.366127014160156,1.2244529724121094,84.60832214355469
Chronos2,2025-08-29 00:00:00+00:00,LZ_WEST,2025-08-29 10:00:00+00:00,64.62416666666667,29.033254623413086,-1.2441596984863281,85.74343872070312
Chronos2,2025-08-29 00:00:00+00:00,LZ_WEST,2025-08-29 11:00:00+00:00,68.50666666666666,28.31488800048828,-3.56414794921875,87.56637573242188
Chronos2,2025-08-29 00:00:00+00:00,LZ_WEST,2025-08-29 12:00:00+00:00,48.21833333333333,27.28009796142578,-5.079277038574219,93.77471923828125
Chronos2,2025-08-29 00:00:00+00:00,LZ_WEST,2025-08-29 13:00:00+00:00,27.250833333333333,18.39030647277832,-8.806293487548828,60.46220016479492
Chronos2,2025-08-29 00:00:00+00:00,LZ_WEST,2025-08-29 14:00:00+00:00,27.793333333333333,13.432239532470703,-12.16299819946289,49.210296630859375
Chronos2,2025-08-29 00:00:00+00:00,LZ_WEST,2025-08-29 15:00:00+00:00,27.095,14.97848892211914,-8.915843963623047,48.51207733154297
Chronos2,2025-08-29 00:00:00+00:00,LZ_WEST,2025-08-29 16:00:00+00:00,26.8725,18.844453811645508,-10.698841094970703,49.40160369873047
Chronos2,2025-08-29 00:00:00+00:00,LZ_WEST,2025-08-29 17:00:00+00:00,32.47833333333333,27.05626106262207,-2.865924835205078,63.2872314453125
Chronos2,2025-08-29 00:00:00+00:00,LZ_WEST,2025-08-29 18:00:00+00:00,34.52333333333333,41.838905334472656,6.932239532470703,85.60476684570312
Chronos2,2025-08-29 00:00:00+00:00,LZ_WEST,2025-08-29 19:00:00+00:00,40.72,55.97515106201172,16.283828735351562,121.77313232421875
Chronos2,2025-08-29 00:00:00+00:00,LZ_WEST,2025-08-29 20:00:00+00:00,38.42333333333333,64.12589263916016,17.18811798095703,134.64305114746094
Chronos2,2025-08-29 00:00:00+00:00,LZ_WEST,2025-08-29 21:00:00+00:00,35.590833333333336,64.02424621582031,18.53845977783203,128.00216674804688
Chronos2,2025-08-29 00:00:00+00:00,LZ_WEST,2025-08-29 22:00:00+00:00,39.310833333333335,58.44161605834961,12.983966827392578,119.5362319946289
Chronos2,2025-08-29 00:00:00+00:00,LZ_WEST,2025-08-29 23:00:00+00:00,51.68,72.23126983642578,21.087495803833008,146.01266479492188
