model,origin,node,ts,actual,mean,q10,q90
ElecFM,2025-03-01 00:00:00+00:00,LZ_LCRA,2025-03-01 00:00:00+00:00,60.32,58.707382,37.315014,83.52985
ElecFM,2025-03-01 00:00:00+00:00,LZ_LCRA,2025-03-01 01:00:00+00:00,54.615,55.599613,33.393974,81.73818
ElecFM,2025-03-01 00:00:00+00:00,LZ_LCRA,2025-03-01 02:00:00+00:00,47.03083333333333,46.600742,28.37372,71.101295
ElecFM,2025-03-01 00:00:00+00:00,LZ_LCRA,2025-03-01 03:00:00+00:00,39.13666666666666,39.06994,25.184849,59.81244
ElecFM,2025-03-01 00:00:00+00:00,LZ_LCRA,2025-03-01 04:00:00+00:00,38.01416666666667,33.2865,23.294662,49.978775
ElecFM,2025-03-01 00:00:00+00:00,LZ_LCRA,2025-03-01 05:00:00+00:00,40.42583333333334,28.58991,20.491177,42.533768
ElecFM,2025-03-01 00:00:00+00:00,LZ_LCRA,2025-03-01 06:00:00+00:00,63.1875,27.759197,20.588713,39.894283
ElecFM,2025-03-01 00:00:00+00:00,LZ_LCRA,2025-03-01 07:00:00+00:00,58.80583333333333,22.827173,17.049942,34.67136
ElecFM,2025-03-01 00:00:00+00:00,LZ_LCRA,2025-03-01 08:00:00+00:00,46.29166666666666,18.80622,14.037962,28.197641
ElecFM,2025-03-01 00:00:00+00:00,LZ_LCRA,2025-03-01 09:00:00+00:00,70.375,19.369217,14.887514,28.959705
ElecFM,2025-03-01 00:00:00+00:00,LZ_LCRA,2025-03-01 10:00:00+00:00,93.25666666666666,22.89066,17.424591,32.463615
ElecFM,2025-03-01 00:00:00+00:00,LZ_LCRA,2025-03-01 11:00:00+00:00,102.06666666666666,28.515862,20.691391,40.668804
ElecFM,2025-03-01 00:00:00+00:00,LZ_LCRA,2025-03-01 12:00:00+00:00,81.76,33.981052,25.342716,47.015152
ElecFM,2025-03-01 00:00:00+00:00,LZ_LCRA,2025-03-01 13:00:00+00:00,86.75416666666666,29.204195,21.009716,41.5164
ElecFM,2025-03-01 00:00:00+00:00,LZ_LCRA,2025-03-01 14:00:00+00:00,14.423333333333334,20.967178,14.851,31.335312
ElecFM,2025-03-01 00:00:00+00:00,LZ_LCRA,2025-03-01 15:00:00+00:00,14.481666666666667,19.434912,14.287163,27.782671
ElecFM,2025-03-01 00:00:00+00:00,LZ_LCRA,2025-03-01 16:00:00+00:00,13.079166666666666,14.621004,11.180829,22.114151
ElecFM,2025-03-01 00:00:00+00:00,LZ_LCRA,2025-03-01 17:00:00+00:00,18.086666666666662,14.155714,10.181259,21.756605
ElecFM,2025-03-01 00:00:00+00:00,LZ_LCRA,2025-03-01 18:00:00+00:00,19.554166666666667,13.825404,9.85173,23.017448
ElecFM,2025-03-01 00:00:00+00:00,LZ_LCRA,2025-03-01 19:00:00+00:00,21.0275,11.405379,6.5813656,21.533802
ElecFM,2025-03-01 00:00:00+00:00,LZ_LCRA,2025-03-01 20:00:00+00:00,21.316666666666663,11.077104,5.7970047,21.538652
ElecFM,2025-03-01 00:00:00+00:00,LZ_LCRA,2025-03-01 21:00:00+00:00,19.70583333333333,13.950521,6.338934,25.997416
ElecFM,2025-03-01 00:00:00+00:00,LZ_LCRA,2025-03-01 22:00:00+00:00,41.4225,20.14344,10.619214,35.27849
ElecFM,2025-03-01 00:00:00+00:00,LZ_LCRA,2025-03-01 23:00:00+00:00,75.20083333333334,32.56595,19.489956,50.67852
ElecFM,2025-03-01 00:00:00+00:00,LZ_RAYBN,2025-03-01 00:00:00+00:00,64.08333333333333,78.78653,49.43833,112.06035
ElecFM,2025-03-01 00:00:00+00:00,LZ_RAYBN,2025-03-01 01:00:00+00:00,56.605,72.2792,41.362267,108.17121
ElecFM,2025-03-01 00:00:00+00:00,LZ_RAYBN,2025-03-01 02:00:00+00:00,47.21083333333333,58.144573,31.852314,93.39663
ElecFM,2025-03-01 00:00:00+00:00,LZ_RAYBN,2025-03-01 03:00:00+00:00,37.15083333333333,48.815506,27.670347,81.79295
ElecFM,2025-03-01 00:00:00+00:00,LZ_RAYBN,2025-03-01 04:00:00+00:00,33.751666666666665,38.42129,22.784172,66.41615
ElecFM,2025-03-01 00:00:00+00:00,LZ_RAYBN,2025-03-01 05:00:00+00:00,35.8375,34.10698,21.069532,58.07341
ElecFM,2025-03-01 00:00:00+00:00,LZ_RAYBN,2025-03-01 06:00:00+00:00,59.69916666666666,31.074371,19.999104,52.84273
ElecFM,2025-03-01 00:00:00+00:00,LZ_RAYBN,2025-03-01 07:00:00+00:00,58.86333333333334,23.972172,15.216509,45.062546
ElecFM,2025-03-01 00:00:00+00:00,LZ_RAYBN,2025-03-01 08:00:00+00:00,46.38999999999999,19.80252,12.484209,35.890675
ElecFM,2025-03-01 00:00:00+00:00,LZ_RAYBN,2025-03-01 09:00:00+00:00,70.80416666666666,18.826069,11.848545,34.582306
ElecFM,2025-03-01 00:00:00+00:00,LZ_RAYBN,2025-03-01 10:00:00+00:00,93.25666666666666,21.473288,12.527814,36.808075
ElecFM,2025-03-01 00:00:00+00:00,LZ_RAYBN,2025-03-01 11:00:00+00:00,102.06666666666666,27.096811,16.178135,46.403473
ElecFM,2025-03-01 00:00:00+00:00,LZ_RAYBN,2025-03-01 12:00:00+00:00,81.76,33.791077,21.949518,51.959515
ElecFM,2025-03-01 00:00:00+00:00,LZ_RAYBN,2025-03-01 13:00:00+00:00,86.75416666666666,30.15904,18.812334,48.32802
ElecFM,2025-03-01 00:00:00+00:00,LZ_RAYBN,2025-03-01 14:00:00+00:00,14.423333333333334,22.151018,11.020615,39.95117
ElecFM,2025-03-01 00:00:00+00:00,LZ_RAYBN,2025-03-01 15:00:00+00:00,14.481666666666667,22.255663,11.792691,38.043556
ElecFM,2025-03-01 00:00:00+00:00,LZ_RAYBN,2025-03-01 16:00:00+00:00,13.0625,15.080402,5.211376,29.77478
ElecFM,2025-03-01 00:00:00+00:00,LZ_RAYBN,2025-03-01 17:00:00+00:00,18.044166666666666,13.605292,4.7688026,27.740395
ElecFM,2025-03-01 00:00:00+00:00,LZ_RAYBN,2025-03-01 18:00:00+00:00,19.511666666666667,14.361019,6.535063,28.660864
ElecFM,2025-03-01 00:00:00+00:00,LZ_RAYBN,2025-03-01 19:00:00+00:00,21.03,13.130516,5.3281612,25.89448
ElecFM,2025-03-01 00:00:00+00:00,LZ_RAYBN,2025-03-01 20:00:00+00:00,21.346666666666664,13.8961315,4.743311,26.40317
ElecFM,2025-03-01 00:00:00+00:00,LZ_RAYBN,2025-03-01 21:00:00+00:00,20.655833333333337,16.812063,5.0605984,31.161566
ElecFM,2025-03-01 00:00:00+00:00,LZ_RAYBN,2025-03-01 22:00:00+00:00,41.66333333333333,23.412579,7.836645,41.605274
ElecFM,2025-03-01 00:00:00+00:00,LZ_RAYBN,2025-03-01 23:00:00+00:00,75.20083333333334,35.09962,15.920281,57.477795
ElecFM,2025-03-01 00:00:00+00:00,LZ_WEST,2025-03-01 00:00:00+00:00,84.28333333333333,71.06633,46.012123,98.48106
ElecFM,2025-03-01 00:00:00+00:00,LZ_WEST,2025-03-01 01:00:00+00:00,69.29916666666666,68.71737,42.353798,99.136154
ElecFM,2025-03-01 00:00:00+00:00,LZ_WEST,2025-03-01 02:00:00+00:00,49.2425,62.941597,38.849297,92.41663
ElecFM,2025-03-01 00:00:00+00:00,LZ_WEST,2025-03-01 03:00:00+00:00,52.285833333333336,58.927204,37.186966,86.58074
ElecFM,2025-03-01 00:00:00+00:00,LZ_WEST,2025-03-01 04:00:00+00:00,51.267500000000005,59.546776,39.959557,86.15419
ElecFM,2025-03-01 00:00:00+00:00,LZ_WEST,2025-03-01 05:00:00+00:00,56.498333333333335,59.049126,39.64985,85.308136
ElecFM,2025-03-01 00:00:00+00:00,LZ_WEST,2025-03-01 06:00:00+00:00,72.08583333333333,58.664444,40.821144,84.934875
ElecFM,2025-03-01 00:00:00+00:00,LZ_WEST,2025-03-01 07:00:00+00:00,59.578333333333326,57.741413,40.396027,84.35111
ElecFM,2025-03-01 00:00:00+00:00,LZ_WEST,2025-03-01 08:00:00+00:00,54.04416666666666,55.143578,38.89928,80.01723
ElecFM,2025-03-01 00:00:00+00:00,LZ_WEST,2025-03-01 09:00:00+00:00,76.70333333333333,53.894093,37.72658,78.209625
ElecFM,2025-03-01 00:00:00+00:00,LZ_WEST,2025-03-01 10:00:00+00:00,93.25666666666666,54.65451,38.719368,78.51964
ElecFM,2025-03-01 00:00:00+00:00,LZ_WEST,2025-03-01 11:00:00+00:00,102.06666666666666,56.44937,39.89249,81.09386
ElecFM,2025-03-01 00:00:00+00:00,LZ_WEST,2025-03-01 12:00:00+00:00,81.76,57.186314,40.647537,79.80185
ElecFM,2025-03-01 00:00:00+00:00,LZ_WEST,2025-03-01 13:00:00+00:00,86.75416666666666,46.79368,31.76931,66.29904
ElecFM,2025-03-01 00:00:00+00:00,LZ_WEST,2025-03-01 14:00:00+00:00,14.423333333333334,24.261883,12.488575,40.998993
ElecFM,2025-03-01 00:00:00+00:00,LZ_WEST,2025-03-01 15:00:00+00:00,14.481666666666667,21.576212,11.52763,35.232327
ElecFM,2025-03-01 00:00:00+00:00,LZ_WEST,2025-03-01 16:00:00+00:00,12.999166666666667,18.662529,9.206932,29.759241
ElecFM,2025-03-01 00:00:00+00:00,LZ_WEST,2025-03-01 17:00:00+00:00,17.870833333333334,12.386318,3.7679825,23.875364
ElecFM,2025-03-01 00:00:00+00:00,LZ_WEST,2025-03-01 18:00:00+00:00,19.364166666666662,14.380337,5.7913246,26.39082
ElecFM,2025-03-01 00:00:00+00:00,LZ_WEST,2025-03-01 19:00:00+00:00,21.01083333333333,15.244108,4.768463,27.22798
ElecFM,2025-03-01 00:00:00+00:00,LZ_WEST,2025-03-01 20:00:00+00:00,21.33583333333333,16.946095,6.994274,29.323776
ElecFM,2025-03-01 00:00:00+00:00,LZ_WEST,2025-03-01 21:00:00+00:00,20.29,16.94445,4.0161667,33.06939
ElecFM,2025-03-01 00:00:00+00:00,LZ_WEST,2025-03-01 22:00:00+00:00,41.57,23.439627,8.171135,42.757828
ElecFM,2025-03-01 00:00:00+00:00,LZ_WEST,2025-03-01 23:00:00+00:00,75.20083333333334,47.830044,28.19256,72.30812
ElecFM,2025-03-02 00:00:00+00:00,LZ_LCRA,2025-03-02 00:00:00+00:00,68.54083333333334,83.78529,54.578903,120.97494
ElecFM,2025-03-02 00:00:00+00:00,LZ_LCRA,2025-03-02 01:00:00+00:00,39.244166666666665,80.75863,47.219376,122.75441
ElecFM,2025-03-02 00:00:00+00:00,LZ_LCRA,2025-03-02 02:00:00+00:00,25.46666666666667,68.57098,38.79142,109.34835
ElecFM,2025-03-02 00:00:00+00:00,LZ_LCRA,2025-03-02 03:00:00+00:00,22.614166666666662,53.499287,29.831566,90.6696
ElecFM,2025-03-02 00:00:00+00:00,LZ_LCRA,2025-03-02 04:00:00+00:00,26.3975,42.776466,24.886007,72.88042
ElecFM,2025-03-02 00:00:00+00:00,LZ_LCRA,2025-03-02 05:00:00+00:00,26.204166666666666,40.78774,25.357304,66.824066
ElecFM,2025-03-02 00:00:00+00:00,LZ_LCRA,2025-03-02 06:00:00+00:00,23.206666666666667,40.14853,26.067497,63.998787
ElecFM,2025-03-02 00:00:00+00:00,LZ_LCRA,2025-03-02 07:00:00+00:00,22.694166666666664,37.3514,25.480968,62.954857
ElecFM,2025-03-02 00:00:00+00:00,LZ_LCRA,2025-03-02 08:00:00+00:00,23.594166666666663,33.769638,20.917284,56.6179
ElecFM,2025-03-02 00:00:00+00:00,LZ_LCRA,2025-03-02 09:00:00+00:00,23.684166666666663,35.4257,22.262829,58.84697
ElecFM,2025-03-02 00:00:00+00:00,LZ_LCRA,2025-03-02 10:00:00+00:00,23.366666666666664,36.12481,20.09496,60.45675
ElecFM,2025-03-02 00:00:00+00:00,LZ_LCRA,2025-03-02 11:00:00+00:00,22.495,46.810486,27.517239,75.8082
ElecFM,2025-03-02 00:00:00+00:00,LZ_LCRA,2025-03-02 12:00:00+00:00,20.9175,52.473526,33.493805,79.86306
ElecFM,2025-03-02 00:00:00+00:00,LZ_LCRA,2025-03-02 13:00:00+00:00,14.138333333333334,43.516205,27.559465,70.97741
ElecFM,2025-03-02 00:00:00+00:00,LZ_LCRA,2025-03-02 14:00:00+00:00,0.8983333333333334,27.32769,14.2491045,47.904297
ElecFM,2025-03-02 00:00:00+00:00,LZ_LCRA,2025-03-02 15:00:00+00:00,-1.768333333333333,14.704661,6.8131046,31.692745
ElecFM,2025-03-02 00:00:00+00:00,LZ_LCRA,2025-03-02 16:00:00+00:00,-4.373333333333334,8.545076,1.8256493,21.294437
ElecFM,2025-03-02 00:00:00+00:00,LZ_LCRA,2025-03-02 17:00:00+00:00,-4.704166666666667,7.007004,1.0206833,19.538591
ElecFM,2025-03-02 00:00:00+00:00,LZ_LCRA,2025-03-02 18:00:00+00:00,-4.189166666666666,10.716276,5.1645145,23.62118
ElecFM,2025-03-02 00:00:00+00:00,LZ_LCRA,2025-03-02 19:00:00+00:00,-3.0050000000000003,9.927547,1.9341698,23.278858
ElecFM,2025-03-02 00:00:00+00:00,LZ_LCRA,2025-03-02 20:00:00+00:00,-2.0766666666666667,10.03685,3.7343884,25.27725
ElecFM,2025-03-02 00:00:00+00:00,LZ_LCRA,2025-03-02 21:00:00+00:00,-1.78,14.542226,4.4159946,34.015076
ElecFM,2025-03-02 00:00:00+00:00,LZ_LCRA,2025-03-02 22:00:00+00:00,11.379166666666668,24.749763,10.448427,51.609344
ElecFM,2025-03-02 00:00:00+00:00,LZ_LCRA,2025-03-02 23:00:00+00:00,38.333333333333336,44.228096,23.409353,78.09763
ElecFM,2025-03-02 00:00:00+00:00,LZ_RAYBN,2025-03-02 00:00:00+00:00,68.54083333333334,92.4233,57.30346,135.17085
ElecFM,2025-03-02 00:00:00+00:00,LZ_RAYBN,2025-03-02 01:00:00+00:00,39.22916666666666,83.52481,46.495743,129.46202
ElecFM,2025-03-02 00:00:00+00:00,LZ_RAYBN,2025-03-02 02:00:00+00:00,24.07,68.3327,37.229675,109.88632
ElecFM,2025-03-02 00:00:00+00:00,LZ_RAYBN,2025-03-02 03:00:00+00:00,20.335833333333333,52.60553,29.816265,88.34744
ElecFM,2025-03-02 00:00:00+00:00,LZ_RAYBN,2025-03-02 04:00:00+00:00,21.551666666666662,38.794785,24.555647,66.07032
ElecFM,2025-03-02 00:00:00+00:00,LZ_RAYBN,2025-03-02 05:00:00+00:00,20.384166666666665,35.19419,23.659813,57.453598
ElecFM,2025-03-02 00:00:00+00:00,LZ_RAYBN,2025-03-02 06:00:00+00:00,18.975,31.407013,22.38333,51.955177
ElecFM,2025-03-02 00:00:00+00:00,LZ_RAYBN,2025-03-02 07:00:00+00:00,17.4925,27.951193,20.980389,51.564278
ElecFM,2025-03-02 00:00:00+00:00,LZ_RAYBN,2025-03-02 08:00:00+00:00,17.144166666666667,23.35765,15.427057,42.785164
ElecFM,2025-03-02 00:00:00+00:00,LZ_RAYBN,2025-03-02 09:00:00+00:00,18.604166666666668,22.513783,15.1335745,41.17182
ElecFM,2025-03-02 00:00:00+00:00,LZ_RAYBN,2025-03-02 10:00:00+00:00,18.555,25.558992,16.421085,43.70446
ElecFM,2025-03-02 00:00:00+00:00,LZ_RAYBN,2025-03-02 11:00:00+00:00,18.086666666666662,33.491856,22.74347,55.57546
ElecFM,2025-03-02 00:00:00+00:00,LZ_RAYBN,2025-03-02 12:00:00+00:00,18.65,39.162487,27.665947,59.180687
ElecFM,2025-03-02 00:00:00+00:00,LZ_RAYBN,2025-03-02 13:00:00+00:00,11.2575,32.738678,22.573652,53.967575
ElecFM,2025-03-02 00:00:00+00:00,LZ_RAYBN,2025-03-02 14:00:00+00:00,-1.6475,23.136932,13.387921,38.884117
ElecFM,2025-03-02 00:00:00+00:00,LZ_RAYBN,2025-03-02 15:00:00+00:00,-3.235,11.506159,5.6454506,24.038193
ElecFM,2025-03-02 00:00:00+00:00,LZ_RAYBN,2025-03-02 16:00:00+00:00,-5.211666666666667,4.8289948,0.85840225,12.827186
ElecFM,2025-03-02 00:00:00+00:00,LZ_RAYBN,2025-03-02 17:00:00+00:00,-5.184166666666667,4.43046,2.1375332,12.046906
ElecFM,2025-03-02 00:00:00+00:00,LZ_RAYBN,2025-03-02 18:00:00+00:00,-4.501666666666666,7.193716,5.681902,14.254231
ElecFM,2025-03-02 00:00:00+00:00,LZ_RAYBN,2025-03-02 19:00:00+00:00,-3.5825,7.4036026,1.33045,15.125653
ElecFM,2025-03-02 00:00:00+00:00,LZ_RAYBN,2025-03-02 20:00:00+00:00,-2.76,7.7932796,3.263815,18.355309
ElecFM,2025-03-02 00:00:00+00:00,LZ_RAYBN,2025-03-02 21:00:00+00:00,-2.43,12.860265,4.1590214,26.85444
ElecFM,2025-03-02 00:00:00+00:00,LZ_RAYBN,2025-03-02 22:00:00+00:00,9.845833333333331,19.801113,7.317442,39.958332
ElecFM,2025-03-02 00:00:00+00:00,LZ_RAYBN,2025-03-02 23:00:00+00:00,39.8575,40.25548,23.085148,66.06908
ElecFM,2025-03-02 00:00:00+00:00,LZ_WEST,2025-03-02 00:00:00+00:00,68.54083333333334,94.18295,69.122185,123.21854
ElecFM,2025-03-02 00:00:00+00:00,LZ_WEST,2025-03-02 01:00:00+00:00,39.30416666666667,82.706635,55.751232,114.48869
ElecFM,2025-03-02 00:00:00+00:00,LZ_WEST,2025-03-02 02:00:00+00:00,37.75083333333333,73.70518,47.49761,105.26689
ElecFM,2025-03-02 00:00:00+00:00,LZ_WEST,2025-03-02 03:00:00+00:00,42.89333333333334,69.00194,44.065624,99.03398
ElecFM,2025-03-02 00:00:00+00:00,LZ_WEST,2025-03-02 04:00:00+00:00,45.4025,66.94651,43.879772,96.38333
ElecFM,2025-03-02 00:00:00+00:00,LZ_WEST,2025-03-02 05:00:00+00:00,38.9325,70.01234,47.329113,98.05148
ElecFM,2025-03-02 00:00:00+00:00,LZ_WEST,2025-03-02 06:00:00+00:00,38.766666666666666,68.817635,47.499634,95.87442
ElecFM,2025-03-02 00:00:00+00:00,LZ_WEST,2025-03-02 07:00:00+00:00,37.31666666666667,64.28901,43.931957,90.85579
ElecFM,2025-03-02 00:00:00+00:00,LZ_WEST,2025-03-02 08:00:00+00:00,41.7525,64.94812,45.408005,89.6678
ElecFM,2025-03-02 00:00:00+00:00,LZ_WEST,2025-03-02 09:00:00+00:00,46.61666666666667,66.10411,47.122585,90.07919
ElecFM,2025-03-02 00:00:00+00:00,LZ_WEST,2025-03-02 10:00:00+00:00,43.91583333333333,68.45273,49.843895,92.12987
ElecFM,2025-03-02 00:00:00+00:00,LZ_WEST,2025-03-02 11:00:00+00:00,27.27583333333333,67.24668,50.303154,90.97514
ElecFM,2025-03-02 00:00:00+00:00,LZ_WEST,2025-03-02 12:00:00+00:00,15.346666666666666,68.02864,51.007008,90.801796
ElecFM,2025-03-02 00:00:00+00:00,LZ_WEST,2025-03-02 13:00:00+00:00,15.171666666666669,57.96524,43.07822,78.47139
ElecFM,2025-03-02 00:00:00+00:00,LZ_WEST,2025-03-02 14:00:00+00:00,-2.178333333333333,31.939869,19.01678,50.911507
ElecFM,2025-03-02 00:00:00+00:00,LZ_WEST,2025-03-02 15:00:00+00:00,-2.583333333333333,26.70813,16.26431,43.31767
ElecFM,2025-03-02 00:00:00+00:00,LZ_WEST,2025-03-02 16:00:00+00:00,-2.4441666666666664,22.793856,13.038502,37.2377
ElecFM,2025-03-02 00:00:00+00:00,LZ_WEST,2025-03-02 17:00:00+00:00,-2.435,17.539057,9.522755,31.458479
ElecFM,2025-03-02 00:00:00+00:00,LZ_WEST,2025-03-02 18:00:00+00:00,-2.43,16.605808,9.270756,30.48108
ElecFM,2025-03-02 00:00:00+00:00,LZ_WEST,2025-03-02 19:00:00+00:00,-1.7275,18.71433,9.913818,31.781242
ElecFM,2025-03-02 00:00:00+00:00,LZ_WEST,2025-03-02 20:00:00+00:00,-1.9458333333333333,17.909567,8.60289,31.645012
ElecFM,2025-03-02 00:00:00+00:00,LZ_WEST,2025-03-02 21:00:00+00:00,-2.585833333333333,22.516085,9.57782,37.948097
ElecFM,2025-03-02 00:00:00+00:00,LZ_WEST,2025-03-02 22:00:00+00:00,-0.7975,26.962467,10.5590515,44.888885
ElecFM,2025-03-02 00:00:00+00:00,LZ_WEST,2025-03-02 23:00:00+00:00,29.680000000000003,53.414993,32.757275,74.86334
ElecFM,2025-03-03 00:00:00+00:00,LZ_LCRA,2025-03-03 00:00:00+00:00,81.715,44.163834,26.9611,65.404366
ElecFM,2025-03-03 00:00:00+00:00,LZ_LCRA,2025-03-03 01:00:00+00:00,109.11333333333334,39.27781,21.030598,62.699364
ElecFM,2025-03-03 00:00:00+00:00,LZ_LCRA,2025-03-03 02:00:00+00:00,93.03416666666668,32.214394,15.412391,55.489258
ElecFM,2025-03-03 00:00:00+00:00,LZ_LCRA,2025-03-03 03:00:00+00:00,59.32333333333333,28.792784,14.191306,50.265556
ElecFM,2025-03-03 00:00:00+00:00,LZ_LCRA,2025-03-03 04:00:00+00:00,45.82916666666667,27.640314,13.883409,47.826447
ElecFM,2025-03-03 00:00:00+00:00,LZ_LCRA,2025-03-03 05:00:00+00:00,38.34666666666667,28.555098,14.918997,48.734657
ElecFM,2025-03-03 00:00:00+00:00,LZ_LCRA,2025-03-03 06:00:00+00:00,33.80583333333333,29.776901,16.520851,50.626984
ElecFM,2025-03-03 00:00:00+00:00,LZ_LCRA,2025-03-03 07:00:00+00:00,28.629166666666663,28.684166,15.019511,50.714596
ElecFM,2025-03-03 00:00:00+00:00,LZ_LCRA,2025-03-03 08:00:00+00:00,27.55333333333333,27.958195,14.3654375,48.769646
ElecFM,2025-03-03 00:00:00+00:00,LZ_LCRA,2025-03-03 09:00:00+00:00,24.17,29.722504,15.309794,51.413986
ElecFM,2025-03-03 00:00:00+00:00,LZ_LCRA,2025-03-03 10:00:00+00:00,22.882500000000004,34.37148,17.417135,58.41977
ElecFM,2025-03-03 00:00:00+00:00,LZ_LCRA,2025-03-03 11:00:00+00:00,30.49416666666667,42.318264,23.088306,69.05983
ElecFM,2025-03-03 00:00:00+00:00,LZ_LCRA,2025-03-03 12:00:00+00:00,30.52,45.289238,24.483068,71.900925
ElecFM,2025-03-03 00:00:00+00:00,LZ_LCRA,2025-03-03 13:00:00+00:00,25.125,37.340195,18.66183,62.340508
ElecFM,2025-03-03 00:00:00+00:00,LZ_LCRA,2025-03-03 14:00:00+00:00,29.0,24.978552,9.0992155,45.070164
ElecFM,2025-03-03 00:00:00+00:00,LZ_LCRA,2025-03-03 15:00:00+00:00,33.95916666666667,15.5117235,3.9750614,31.059181
ElecFM,2025-03-03 00:00:00+00:00,LZ_LCRA,2025-03-03 16:00:00+00:00,25.515,10.742389,0.85933876,21.955345
ElecFM,2025-03-03 00:00:00+00:00,LZ_LCRA,2025-03-03 17:00:00+00:00,22.796666666666667,8.932035,0.01927185,18.88592
ElecFM,2025-03-03 00:00:00+00:00,LZ_LCRA,2025-03-03 18:00:00+00:00,24.001666666666665,10.971322,1.8476639,21.637875
ElecFM,2025-03-03 00:00:00+00:00,LZ_LCRA,2025-03-03 19:00:00+00:00,25.328333333333333,9.543145,-1.176445,20.500193
ElecFM,2025-03-03 00:00:00+00:00,LZ_LCRA,2025-03-03 20:00:00+00:00,35.63166666666667,9.250192,-0.55814743,21.373583
ElecFM,2025-03-03 00:00:00+00:00,LZ_LCRA,2025-03-03 21:00:00+00:00,77.9075,13.032786,0.25666428,27.173433
ElecFM,2025-03-03 00:00:00+00:00,LZ_LCRA,2025-03-03 22:00:00+00:00,42.41333333333333,23.002157,7.7325783,41.577927
ElecFM,2025-03-03 00:00:00+00:00,LZ_LCRA,2025-03-03 23:00:00+00:00,28.30333333333333,43.132126,25.332386,65.804344
ElecFM,2025-03-03 00:00:00+00:00,LZ_RAYBN,2025-03-03 00:00:00+00:00,80.91666666666667,56.309364,32.77043,83.04918
ElecFM,2025-03-03 00:00:00+00:00,LZ_RAYBN,2025-03-03 01:00:00+00:00,109.13916666666668,49.639664,24.536968,78.63969
ElecFM,2025-03-03 00:00:00+00:00,LZ_RAYBN,2025-03-03 02:00:00+00:00,88.35416666666667,39.619514,17.058489,68.04184
ElecFM,2025-03-03 00:00:00+00:00,LZ_RAYBN,2025-03-03 03:00:00+00:00,52.50083333333333,33.686043,14.748527,58.8276
ElecFM,2025-03-03 00:00:00+00:00,LZ_RAYBN,2025-03-03 04:00:00+00:00,38.41666666666666,24.641088,9.616165,46.63655
ElecFM,2025-03-03 00:00:00+00:00,LZ_RAYBN,2025-03-03 05:00:00+00:00,31.3475,24.621485,11.638664,43.699135
ElecFM,2025-03-03 00:00:00+00:00,LZ_RAYBN,2025-03-03 06:00:00+00:00,26.06583333333333,25.695822,15.079566,42.59949
ElecFM,2025-03-03 00:00:00+00:00,LZ_RAYBN,2025-03-03 07:00:00+00:00,21.570000000000004,24.295593,14.400414,39.703186
ElecFM,2025-03-03 00:00:00+00:00,LZ_RAYBN,2025-03-03 08:00:00+00:00,21.601666666666663,22.702381,13.18112,37.11673
ElecFM,2025-03-03 00:00:00+00:00,LZ_RAYBN,2025-03-03 09:00:00+00:00,19.411666666666665,20.431854,10.133506,35.782234
ElecFM,2025-03-03 00:00:00+00:00,LZ_RAYBN,2025-03-03 10:00:00+00:00,20.480833333333333,25.564962,12.393035,42.92291
ElecFM,2025-03-03 00:00:00+00:00,LZ_RAYBN,2025-03-03 11:00:00+00:00,27.471666666666668,32.177357,17.860386,52.791145
ElecFM,2025-03-03 00:00:00+00:00,LZ_RAYBN,2025-03-03 12:00:00+00:00,25.795,37.80892,21.878336,60.22613
ElecFM,2025-03-03 00:00:00+00:00,LZ_RAYBN,2025-03-03 13:00:00+00:00,22.449166666666667,31.217815,15.910477,53.19698
ElecFM,2025-03-03 00:00:00+00:00,LZ_RAYBN,2025-03-03 14:00:00+00:00,28.724166666666665,21.364258,8.132992,41.128212
ElecFM,2025-03-03 00:00:00+00:00,LZ_RAYBN,2025-03-03 15:00:00+00:00,81.27333333333333,13.403846,3.2125378,29.64103
ElecFM,2025-03-03 00:00:00+00:00,LZ_RAYBN,2025-03-03 16:00:00+00:00,49.165,7.7933025,-0.9108105,20.22007
ElecFM,2025-03-03 00:00:00+00:00,LZ_RAYBN,2025-03-03 17:00:00+00:00,26.486666666666665,5.134672,-1.8402042,16.215836
ElecFM,2025-03-03 00:00:00+00:00,LZ_RAYBN,2025-03-03 18:00:00+00:00,37.85916666666667,6.0269585,-0.95560074,17.84485
ElecFM,2025-03-03 00:00:00+00:00,LZ_RAYBN,2025-03-03 19:00:00+00:00,40.2825,6.052767,-2.7376556,17.860487
ElecFM,2025-03-03 00:00:00+00:00,LZ_RAYBN,2025-03-03 20:00:00+00:00,55.20083333333333,6.8453465,-2.8806686,20.588192
ElecFM,2025-03-03 00:00:00+00:00,LZ_RAYBN,2025-03-03 21:00:00+00:00,151.3658333333333,10.890983,-1.6158352,28.266989
ElecFM,2025-03-03 00:00:00+00:00,LZ_RAYBN,2025-03-03 22:00:00+00:00,64.51333333333334,21.356564,4.8198776,43.879955
ElecFM,2025-03-03 00:00:00+00:00,LZ_RAYBN,2025-03-03 23:00:00+00:00,30.06916666666667,41.069492,20.198614,68.08264
ElecFM,2025-03-03 00:00:00+00:00,LZ_WEST,2025-03-03 00:00:00+00:00,86.73916666666666,46.151443,31.675694,63.57518
ElecFM,2025-03-03 00:00:00+00:00,LZ_WEST,2025-03-03 01:00:00+00:00,109.42,43.075085,27.352436,61.689102
ElecFM,2025-03-03 00:00:00+00:00,LZ_WEST,2025-03-03 02:00:00+00:00,115.38333333333333,40.582157,24.905619,59.623222
ElecFM,2025-03-03 00:00:00+00:00,LZ_WEST,2025-03-03 03:00:00+00:00,94.85333333333334,42.520206,27.396355,62.29103
ElecFM,2025-03-03 00:00:00+00:00,LZ_WEST,2025-03-03 04:00:00+00:00,84.16083333333333,43.357513,27.721424,61.9697
ElecFM,2025-03-03 00:00:00+00:00,LZ_WEST,2025-03-03 05:00:00+00:00,76.68333333333334,43.22071,26.478561,63.582375
ElecFM,2025-03-03 00:00:00+00:00,LZ_WEST,2025-03-03 06:00:00+00:00,81.76666666666667,43.491413,27.082066,64.67319
ElecFM,2025-03-03 00:00:00+00:00,LZ_WEST,2025-03-03 07:00:00+00:00,72.06333333333333,43.102455,25.505322,65.308334
ElecFM,2025-03-03 00:00:00+00:00,LZ_WEST,2025-03-03 08:00:00+00:00,71.53166666666667,43.320904,26.21707,63.5022
ElecFM,2025-03-03 00:00:00+00:00,LZ_WEST,2025-03-03 09:00:00+00:00,64.1875,44.394054,27.388464,65.24696
ElecFM,2025-03-03 00:00:00+00:00,LZ_WEST,2025-03-03 10:00:00+00:00,43.469166666666666,47.806683,30.720003,68.19083
ElecFM,2025-03-03 00:00:00+00:00,LZ_WEST,2025-03-03 11:00:00+00:00,57.5875,44.860867,27.885792,65.39215
ElecFM,2025-03-03 00:00:00+00:00,LZ_WEST,2025-03-03 12:00:00+00:00,73.5025,44.525295,27.35848,63.19953
ElecFM,2025-03-03 00:00:00+00:00,LZ_WEST,2025-03-03 13:00:00+00:00,48.72666666666667,37.031445,20.37333,53.837402
ElecFM,2025-03-03 00:00:00+00:00,LZ_WEST,2025-03-03 14:00:00+00:00,4.306666666666667,17.369225,3.3803673,32.59164
ElecFM,2025-03-03 00:00:00+00:00,LZ_WEST,2025-03-03 15:00:00+00:00,0.4841666666666666,15.673719,2.7790642,28.715052
ElecFM,2025-03-03 00:00:00+00:00,LZ_WEST,2025-03-03 16:00:00+00:00,-0.2575,9.723804,-2.0458832,19.050303
ElecFM,2025-03-03 00:00:00+00:00,LZ_WEST,2025-03-03 17:00:00+00:00,-1.17,9.955435,-0.4783516,17.304863
ElecFM,2025-03-03 00:00:00+00:00,LZ_WEST,2025-03-03 18:00:00+00:00,-2.7416666666666667,11.13464,1.2476845,18.423971
ElecFM,2025-03-03 00:00:00+00:00,LZ_WEST,2025-03-03 19:00:00+00:00,-3.2891666666666666,10.810005,1.15271,19.779194
ElecFM,2025-03-03 00:00:00+00:00,LZ_WEST,2025-03-03 20:00:00+00:00,-5.129166666666667,12.663853,2.0178757,22.265957
ElecFM,2025-03-03 00:00:00+00:00,LZ_WEST,2025-03-03 21:00:00+00:00,-3.908333333333333,10.7338085,-3.6107368,24.483438
ElecFM,2025-03-03 00:00:00+00:00,LZ_WEST,2025-03-03 22:00:00+00:00,-0.2491666666666666,18.480965,0.7992592,36.458138
ElecFM,2025-03-03 00:00:00+00:00,LZ_WEST,2025-03-03 23:00:00+00:00,28.46333333333333,43.051434,22.743916,65.38165
ElecFM,2025-03-04 00:00:00+00:00,LZ_LCRA,2025-03-04 00:00:00+00:00,29.57166666666667,40.879623,14.276999,76.0004
ElecFM,2025-03-04 00:00:00+00:00,LZ_LCRA,2025-03-04 01:00:00+00:00,30.355,52.20195,24.237844,89.524025
ElecFM,2025-03-04 00:00:00+00:00,LZ_LCRA,2025-03-04 02:00:00+00:00,31.300833333333333,44.99466,19.885868,78.97205
ElecFM,2025-03-04 00:00:00+00:00,LZ_LCRA,2025-03-04 03:00:00+00:00,26.375833333333333,36.89286,17.276466,65.47571
ElecFM,2025-03-04 00:00:00+00:00,LZ_LCRA,2025-03-04 04:00:00+00:00,21.984166666666667,32.77697,17.662903,56.768997
ElecFM,2025-03-04 00:00:00+00:00,LZ_LCRA,2025-03-04 05:00:00+00:00,22.991666666666664,31.948933,18.052805,53.88
ElecFM,2025-03-04 00:00:00+00:00,LZ_LCRA,2025-03-04 06:00:00+00:00,20.531666666666663,30.834894,18.846905,53.487823
ElecFM,2025-03-04 00:00:00+00:00,LZ_LCRA,2025-03-04 07:00:00+00:00,16.890833333333333,26.461788,15.077244,49.828857
ElecFM,2025-03-04 00:00:00+00:00,LZ_LCRA,2025-03-04 08:00:00+00:00,15.016666666666666,26.23366,14.315492,46.302475
ElecFM,2025-03-04 00:00:00+00:00,LZ_LCRA,2025-03-04 09:00:00+00:00,14.411666666666669,26.709444,15.832173,45.10646
ElecFM,2025-03-04 00:00:00+00:00,LZ_LCRA,2025-03-04 10:00:00+00:00,19.695833333333333,28.359573,15.73569,46.830246
ElecFM,2025-03-04 00:00:00+00:00,LZ_LCRA,2025-03-04 11:00:00+00:00,17.491666666666667,34.847008,20.759203,55.387554
ElecFM,2025-03-04 00:00:00+00:00,LZ_LCRA,2025-03-04 12:00:00+00:00,17.734166666666667,33.153805,17.846317,51.72696
ElecFM,2025-03-04 00:00:00+00:00,LZ_LCRA,2025-03-04 13:00:00+00:00,26.03,29.747986,15.141852,46.71673
ElecFM,2025-03-04 00:00:00+00:00,LZ_LCRA,2025-03-04 14:00:00+00:00,16.775833333333335,19.488651,7.484066,32.409153
ElecFM,2025-03-04 00:00:00+00:00,LZ_LCRA,2025-03-04 15:00:00+00:00,5.404166666666666,11.975427,4.3211193,20.35244
ElecFM,2025-03-04 00:00:00+00:00,LZ_LCRA,2025-03-04 16:00:00+00:00,-0.3341666666666666,10.064313,2.6128693,15.23812
ElecFM,2025-03-04 00:00:00+00:00,LZ_LCRA,2025-03-04 17:00:00+00:00,-1.2325,9.864081,2.8481522,15.7432165
ElecFM,2025-03-04 00:00:00+00:00,LZ_LCRA,2025-03-04 18:00:00+00:00,-1.895,8.263485,-0.71162033,18.257416
ElecFM,2025-03-04 00:00:00+00:00,LZ_LCRA,2025-03-04 19:00:00+00:00,-1.9416666666666664,9.521837,-2.2152004,20.62561
ElecFM,2025-03-04 00:00:00+00:00,LZ_LCRA,2025-03-04 20:00:00+00:00,0.3566666666666667,13.440099,1.4175701,26.406221
ElecFM,2025-03-04 00:00:00+00:00,LZ_LCRA,2025-03-04 21:00:00+00:00,22.49416666666667,17.13796,5.035898,32.09837
ElecFM,2025-03-04 00:00:00+00:00,LZ_LCRA,2025-03-04 22:00:00+00:00,10.220833333333331,24.298857,9.794203,44.78239
ElecFM,2025-03-04 00:00:00+00:00,LZ_LCRA,2025-03-04 23:00:00+00:00,20.85833333333333,37.369072,19.300724,63.44998
ElecFM,2025-03-04 00:00:00+00:00,LZ_RAYBN,2025-03-04 00:00:00+00:00,25.780833333333337,46.81244,19.924925,83.35895
ElecFM,2025-03-04 00:00:00+00:00,LZ_RAYBN,2025-03-04 01:00:00+00:00,28.3375,52.6283,24.528736,91.7069
ElecFM,2025-03-04 00:00:00+00:00,LZ_RAYBN,2025-03-04 02:00:00+00:00,30.63416666666667,46.29039,21.364239,83.25255
ElecFM,2025-03-04 00:00:00+00:00,LZ_RAYBN,2025-03-04 03:00:00+00:00,24.41416666666667,34.313282,13.694623,66.73027
ElecFM,2025-03-04 00:00:00+00:00,LZ_RAYBN,2025-03-04 04:00:00+00:00,18.81833333333333,26.05026,9.208168,54.81836
ElecFM,2025-03-04 00:00:00+00:00,LZ_RAYBN,2025-03-04 05:00:00+00:00,56.48499999999999,23.649946,9.603544,48.715477
ElecFM,2025-03-04 00:00:00+00:00,LZ_RAYBN,2025-03-04 06:00:00+00:00,21.7725,22.659204,11.594919,44.726357
ElecFM,2025-03-04 00:00:00+00:00,LZ_RAYBN,2025-03-04 07:00:00+00:00,30.585833333333337,18.427513,9.536697,37.993053
ElecFM,2025-03-04 00:00:00+00:00,LZ_RAYBN,2025-03-04 08:00:00+00:00,31.19666666666667,16.759644,8.181227,33.9596
ElecFM,2025-03-04 00:00:00+00:00,LZ_RAYBN,2025-03-04 09:00:00+00:00,25.604166666666668,17.670193,8.654013,34.736057
ElecFM,2025-03-04 00:00:00+00:00,LZ_RAYBN,2025-03-04 10:00:00+00:00,21.688333333333333,21.352217,10.314856,39.1292
ElecFM,2025-03-04 00:00:00+00:00,LZ_RAYBN,2025-03-04 11:00:00+00:00,17.859166666666667,27.354671,14.184905,47.477406
ElecFM,2025-03-04 00:00:00+00:00,LZ_RAYBN,2025-03-04 12:00:00+00:00,14.624166666666667,27.20367,13.491922,48.234863
ElecFM,2025-03-04 00:00:00+00:00,LZ_RAYBN,2025-03-04 13:00:00+00:00,18.78833333333333,23.64854,11.242629,43.87847
ElecFM,2025-03-04 00:00:00+00:00,LZ_RAYBN,2025-03-04 14:00:00+00:00,15.426666666666668,17.734629,7.645664,35.66381
ElecFM,2025-03-04 00:00:00+00:00,LZ_RAYBN,2025-03-04 15:00:00+00:00,4.368333333333333,12.651723,5.6548347,27.979572
ElecFM,2025-03-04 00:00:00+00:00,LZ_RAYBN,2025-03-04 16:00:00+00:00,-0.8158333333333333,11.200211,5.422638,24.878515
ElecFM,2025-03-04 00:00:00+00:00,LZ_RAYBN,2025-03-04 17:00:00+00:00,-1.8525,9.806751,5.004116,23.674192
ElecFM,2025-03-04 00:00:00+00:00,LZ_RAYBN,2025-03-04 18:00:00+00:00,-2.6566666666666667,5.1478176,-0.23749733,21.358898
ElecFM,2025-03-04 00:00:00+00:00,LZ_RAYBN,2025-03-04 19:00:00+00:00,-2.7891666666666666,4.562996,-2.604391,21.939787
ElecFM,2025-03-04 00:00:00+00:00,LZ_RAYBN,2025-03-04 20:00:00+00:00,-0.4416666666666667,7.892805,-0.5660515,28.28083
ElecFM,2025-03-04 00:00:00+00:00,LZ_RAYBN,2025-03-04 21:00:00+00:00,35.40416666666667,14.211989,2.979412,39.15324
ElecFM,2025-03-04 00:00:00+00:00,LZ_RAYBN,2025-03-04 22:00:00+00:00,12.810833333333331,21.617903,7.7823563,52.44719
ElecFM,2025-03-04 00:00:00+00:00,LZ_RAYBN,2025-03-04 23:00:00+00:00,21.724166666666665,32.138744,14.45373,67.72745
ElecFM,2025-03-04 00:00:00+00:00,LZ_WEST,2025-03-04 00:00:00+00:00,37.17666666666667,51.37252,32.28698,75.00046
ElecFM,2025-03-04 00:00:00+00:00,LZ_WEST,2025-03-04 01:00:00+00:00,22.085,50.831425,29.99073,77.614365
ElecFM,2025-03-04 00:00:00+00:00,LZ_WEST,2025-03-04 02:00:00+00:00,12.611666666666666,46.670063,25.443764,73.70726
ElecFM,2025-03-04 00:00:00+00:00,LZ_WEST,2025-03-04 03:00:00+00:00,10.290833333333332,44.111107,24.06812,71.26691
ElecFM,2025-03-04 00:00:00+00:00,LZ_WEST,2025-03-04 04:00:00+00:00,14.395833333333334,44.840538,24.656342,71.3822
ElecFM,2025-03-04 00:00:00+00:00,LZ_WEST,2025-03-04 05:00:00+00:00,14.631666666666668,45.977654,24.641178,72.04505
ElecFM,2025-03-04 00:00:00+00:00,LZ_WEST,2025-03-04 06:00:00+00:00,25.617500000000003,45.314537,25.318249,71.76413
ElecFM,2025-03-04 00:00:00+00:00,LZ_WEST,2025-03-04 07:00:00+00:00,7.199166666666667,42.78792,23.181114,69.95871
ElecFM,2025-03-04 00:00:00+00:00,LZ_WEST,2025-03-04 08:00:00+00:00,2.065,39.92767,19.98397,64.84299
ElecFM,2025-03-04 00:00:00+00:00,LZ_WEST,2025-03-04 09:00:00+00:00,4.795833333333333,43.07249,23.044474,67.57546
ElecFM,2025-03-04 00:00:00+00:00,LZ_WEST,2025-03-04 10:00:00+00:00,20.485,45.95054,25.809032,70.31871
ElecFM,2025-03-04 00:00:00+00:00,LZ_WEST,2025-03-04 11:00:00+00:00,15.789166666666668,45.72028,25.47891,70.82387
ElecFM,2025-03-04 00:00:00+00:00,LZ_WEST,2025-03-04 12:00:00+00:00,2.3541666666666665,45.11254,25.14942,65.85125
ElecFM,2025-03-04 00:00:00+00:00,LZ_WEST,2025-03-04 13:00:00+00:00,-1.8216666666666663,34.098812,16.924662,52.319965
ElecFM,2025-03-04 00:00:00+00:00,LZ_WEST,2025-03-04 14:00:00+00:00,-2.2841666666666667,13.846647,-0.9826164,29.529715
ElecFM,2025-03-04 00:00:00+00:00,LZ_WEST,2025-03-04 15:00:00+00:00,-2.1925,8.2036705,-4.69236,21.832516
ElecFM,2025-03-04 00:00:00+00:00,LZ_WEST,2025-03-04 16:00:00+00:00,-0.7083333333333334,4.224125,-9.087559,16.27462
ElecFM,2025-03-04 00:00:00+00:00,LZ_WEST,2025-03-04 17:00:00+00:00,-1.3,2.2087593,-9.878204,15.228994
ElecFM,2025-03-04 00:00:00+00:00,LZ_WEST,2025-03-04 18:00:00+00:00,-2.3858333333333333,5.089802,-6.8472214,18.671783
ElecFM,2025-03-04 00:00:00+00:00,LZ_WEST,2025-03-04 19:00:00+00:00,-2.6416666666666666,5.850849,-7.5269966,18.118565
ElecFM,2025-03-04 00:00:00+00:00,LZ_WEST,2025-03-04 20:00:00+00:00,-2.580833333333333,6.7967033,-5.7988396,19.424208
ElecFM,2025-03-04 00:00:00+00:00,LZ_WEST,2025-03-04 21:00:00+00:00,-2.8725,9.202641,-5.8167915,24.268692
ElecFM,2025-03-04 00:00:00+00:00,LZ_WEST,2025-03-04 22:00:00+00:00,-2.9925,17.46533,0.5567589,35.80934
ElecFM,2025-03-04 00:00:00+00:00,LZ_WEST,2025-03-04 23:00:00+00:00,-1.8525,38.43563,18.947638,61.745102
ElecFM,2025-03-05 00:00:00+00:00,LZ_LCRA,2025-03-05 00:00:00+00:00,28.881666666666664,32.275898,13.289845,55.97473
ElecFM,2025-03-05 00:00:00+00:00,LZ_LCRA,2025-03-05 01:00:00+00:00,39.28083333333333,39.306683,19.012283,63.877457
ElecFM,2025-03-05 00:00:00+00:00,LZ_LCRA,2025-03-05 02:00:00+00:00,42.37416666666667,35.45011,16.048218,58.298046
ElecFM,2025-03-05 00:00:00+00:00,LZ_LCRA,2025-03-05 03:00:00+00:00,46.04666666666666,27.43411,10.355569,47.765564
ElecFM,2025-03-05 00:00:00+00:00,LZ_LCRA,2025-03-05 04:00:00+00:00,37.855,22.204992,7.412548,40.139603
ElecFM,2025-03-05 00:00:00+00:00,LZ_LCRA,2025-03-05 05:00:00+00:00,33.955,20.567345,7.99914,36.531265
ElecFM,2025-03-05 00:00:00+00:00,LZ_LCRA,2025-03-05 06:00:00+00:00,31.0675,20.848812,9.7478485,34.666412
ElecFM,2025-03-05 00:00:00+00:00,LZ_LCRA,2025-03-05 07:00:00+00:00,26.500833333333333,17.316055,6.990738,29.958033
ElecFM,2025-03-05 00:00:00+00:00,LZ_LCRA,2025-03-05 08:00:00+00:00,23.05666666666667,15.126214,5.26268,26.86874
ElecFM,2025-03-05 00:00:00+00:00,LZ_LCRA,2025-03-05 09:00:00+00:00,22.215833333333336,14.818843,4.280781,27.730072
ElecFM,2025-03-05 00:00:00+00:00,LZ_LCRA,2025-03-05 10:00:00+00:00,24.828333333333333,17.210344,5.7758007,31.901321
ElecFM,2025-03-05 00:00:00+00:00,LZ_LCRA,2025-03-05 11:00:00+00:00,29.705,21.406086,8.7437935,36.61653
ElecFM,2025-03-05 00:00:00+00:00,LZ_LCRA,2025-03-05 12:00:00+00:00,42.16666666666666,20.988344,7.878887,37.163002
ElecFM,2025-03-05 00:00:00+00:00,LZ_LCRA,2025-03-05 13:00:00+00:00,25.829166666666666,17.34363,4.732126,31.684671
ElecFM,2025-03-05 00:00:00+00:00,LZ_LCRA,2025-03-05 14:00:00+00:00,7.201666666666667,11.066698,0.36861992,24.23153
ElecFM,2025-03-05 00:00:00+00:00,LZ_LCRA,2025-03-05 15:00:00+00:00,-0.0525,7.2438545,-2.2183838,17.910843
ElecFM,2025-03-05 00:00:00+00:00,LZ_LCRA,2025-03-05 16:00:00+00:00,-0.0325,5.196083,-3.1915398,13.795616
ElecFM,2025-03-05 00:00:00+00:00,LZ_LCRA,2025-03-05 17:00:00+00:00,0.0133333333333333,4.6501846,-3.2868576,11.84338
ElecFM,2025-03-05 00:00:00+00:00,LZ_LCRA,2025-03-05 18:00:00+00:00,5.300833333333333,6.329298,-1.6501827,13.788934
ElecFM,2025-03-05 00:00:00+00:00,LZ_LCRA,2025-03-05 19:00:00+00:00,11.0625,6.6106777,-1.5110607,14.771
ElecFM,2025-03-05 00:00:00+00:00,LZ_LCRA,2025-03-05 20:00:00+00:00,14.3675,9.28574,0.23728752,18.210344
ElecFM,2025-03-05 00:00:00+00:00,LZ_LCRA,2025-03-05 21:00:00+00:00,7.338333333333334,12.593886,1.8164692,24.151844
ElecFM,2025-03-05 00:00:00+00:00,LZ_LCRA,2025-03-05 22:00:00+00:00,13.956666666666663,17.659365,5.135622,32.95317
ElecFM,2025-03-05 00:00:00+00:00,LZ_LCRA,2025-03-05 23:00:00+00:00,55.93833333333333,27.401155,12.647354,45.900864
ElecFM,2025-03-05 00:00:00+00:00,LZ_RAYBN,2025-03-05 00:00:00+00:00,28.915000000000003,25.900105,5.2644634,53.153503
ElecFM,2025-03-05 00:00:00+00:00,LZ_RAYBN,2025-03-05 01:00:00+00:00,34.67666666666667,33.62782,12.26949,62.768497
ElecFM,2025-03-05 00:00:00+00:00,LZ_RAYBN,2025-03-05 02:00:00+00:00,34.60166666666667,29.804901,10.213379,57.770164
ElecFM,2025-03-05 00:00:00+00:00,LZ_RAYBN,2025-03-05 03:00:00+00:00,37.373333333333335,20.874432,4.7327805,46.351242
ElecFM,2025-03-05 00:00:00+00:00,LZ_RAYBN,2025-03-05 04:00:00+00:00,28.4325,15.333019,2.4839745,36.759533
ElecFM,2025-03-05 00:00:00+00:00,LZ_RAYBN,2025-03-05 05:00:00+00:00,23.656666666666663,13.0417595,2.7067509,31.31279
ElecFM,2025-03-05 00:00:00+00:00,LZ_RAYBN,2025-03-05 06:00:00+00:00,21.541666666666668,13.557542,4.8434715,29.048147
ElecFM,2025-03-05 00:00:00+00:00,LZ_RAYBN,2025-03-05 07:00:00+00:00,22.3925,9.797733,1.8750877,24.424793
ElecFM,2025-03-05 00:00:00+00:00,LZ_RAYBN,2025-03-05 08:00:00+00:00,22.8575,8.393557,1.3011074,21.075485
ElecFM,2025-03-05 00:00:00+00:00,LZ_RAYBN,2025-03-05 09:00:00+00:00,22.215833333333336,10.166035,2.1880665,23.11931
ElecFM,2025-03-05 00:00:00+00:00,LZ_RAYBN,2025-03-05 10:00:00+00:00,24.066666666666663,10.6097355,1.9940186,26.379375
ElecFM,2025-03-05 00:00:00+00:00,LZ_RAYBN,2025-03-05 11:00:00+00:00,29.275,15.035212,3.5450516,31.383121
ElecFM,2025-03-05 00:00:00+00:00,LZ_RAYBN,2025-03-05 12:00:00+00:00,42.16666666666666,13.61706,0.3961544,33.377857
ElecFM,2025-03-05 00:00:00+00:00,LZ_RAYBN,2025-03-05 13:00:00+00:00,25.829166666666666,10.6651125,-3.4925022,31.33315
ElecFM,2025-03-05 00:00:00+00:00,LZ_RAYBN,2025-03-05 14:00:00+00:00,6.8425,7.2121983,-5.746895,27.03841
ElecFM,2025-03-05 00:00:00+00:00,LZ_RAYBN,2025-03-05 15:00:00+00:00,-0.2983333333333333,3.9547634,-7.229473,20.553091
ElecFM,2025-03-05 00:00:00+00:00,LZ_RAYBN,2025-03-05 16:00:00+00:00,-0.3041666666666666,0.78557205,-7.8157425,12.063953
ElecFM,2025-03-05 00:00:00+00:00,LZ_RAYBN,2025-03-05 17:00:00+00:00,-0.005,0.25667763,-6.0171165,8.9202
ElecFM,2025-03-05 00:00:00+00:00,LZ_RAYBN,2025-03-05 18:00:00+00:00,5.4575000000000005,1.9643574,-4.1562023,11.489296
ElecFM,2025-03-05 00:00:00+00:00,LZ_RAYBN,2025-03-05 19:00:00+00:00,12.250833333333333,3.5945683,-4.310396,14.902634
ElecFM,2025-03-05 00:00:00+00:00,LZ_RAYBN,2025-03-05 20:00:00+00:00,15.706666666666663,8.463919,-2.205759,23.271164
ElecFM,2025-03-05 00:00:00+00:00,LZ_RAYBN,2025-03-05 21:00:00+00:00,7.911666666666666,13.07205,-0.9038086,32.794353
ElecFM,2025-03-05 00:00:00+00:00,LZ_RAYBN,2025-03-05 22:00:00+00:00,13.454166666666666,17.524694,0.8508644,42.294067
ElecFM,2025-03-05 00:00:00+00:00,LZ_RAYBN,2025-03-05 23:00:00+00:00,54.69,27.420948,8.616125,56.032314
ElecFM,2025-03-05 00:00:00+00:00,LZ_WEST,2025-03-05 00:00:00+00:00,10.110833333333334,15.353519,2.3892174,32.799614
ElecFM,2025-03-05 00:00:00+00:00,LZ_WEST,2025-03-05 01:00:00+00:00,48.531666666666666,15.77486,1.4015884,35.118595
ElecFM,2025-03-05 00:00:00+00:00,LZ_WEST,2025-03-05 02:00:00+00:00,62.15166666666667,16.221075,1.003231,36.364464
ElecFM,2025-03-05 00:00:00+00:00,LZ_WEST,2025-03-05 03:00:00+00:00,66.42583333333333,11.094366,-3.609352,31.530315
ElecFM,2025-03-05 00:00:00+00:00,LZ_WEST,2025-03-05 04:00:00+00:00,67.155,13.714632,-1.6248817,33.144417
ElecFM,2025-03-05 00:00:00+00:00,LZ_WEST,2025-03-05 05:00:00+00:00,70.14583333333333,14.21332,-1.1762161,33.514744
ElecFM,2025-03-05 00:00:00+00:00,LZ_WEST,2025-03-05 06:00:00+00:00,66.42333333333333,18.067364,4.8305874,38.80069
ElecFM,2025-03-05 00:00:00+00:00,LZ_WEST,2025-03-05 07:00:00+00:00,39.9325,13.581913,0.2661667,34.02011
ElecFM,2025-03-05 00:00:00+00:00,LZ_WEST,2025-03-05 08:00:00+00:00,24.825833333333332,11.10084,-1.6477661,29.351568
ElecFM,2025-03-05 00:00:00+00:00,LZ_WEST,2025-03-05 09:00:00+00:00,22.215833333333336,14.054583,1.4561615,33.095173
ElecFM,2025-03-05 00:00:00+00:00,LZ_WEST,2025-03-05 10:00:00+00:00,26.4475,19.759361,7.6019382,39.201866
ElecFM,2025-03-05 00:00:00+00:00,LZ_WEST,2025-03-05 11:00:00+00:00,30.616666666666664,21.451813,8.912615,42.235687
ElecFM,2025-03-05 00:00:00+00:00,LZ_WEST,2025-03-05 12:00:00+00:00,42.16666666666666,23.76976,11.48192,41.1182
ElecFM,2025-03-05 00:00:00+00:00,LZ_WEST,2025-03-05 13:00:00+00:00,25.829166666666666,16.719786,6.41317,33.537933
ElecFM,2025-03-05 00:00:00+00:00,LZ_WEST,2025-03-05 14:00:00+00:00,8.095,5.4308453,-3.7612953,21.100409
ElecFM,2025-03-05 00:00:00+00:00,LZ_WEST,2025-03-05 15:00:00+00:00,0.6825,7.8079147,-1.7912216,21.365799
ElecFM,2025-03-05 00:00:00+00:00,LZ_WEST,2025-03-05 16:00:00+00:00,0.9283333333333332,8.460003,-1.6144104,21.102839
ElecFM,2025-03-05 00:00:00+00:00,LZ_WEST,2025-03-05 17:00:00+00:00,0.0708333333333333,7.814478,-2.025959,20.338684
ElecFM,2025-03-05 00:00:00+00:00,LZ_WEST,2025-03-05 18:00:00+00:00,5.4175,10.914822,0.68777084,24.33551
ElecFM,2025-03-05 00:00:00+00:00,LZ_WEST,2025-03-05 19:00:00+00:00,11.924166666666666,10.036243,-0.12071991,25.189243
ElecFM,2025-03-05 00:00:00+00:00,LZ_WEST,2025-03-05 20:00:00+00:00,15.305,9.385807,-2.0323715,26.094124
ElecFM,2025-03-05 00:00:00+00:00,LZ_WEST,2025-03-05 21:00:00+00:00,7.656666666666666,10.84643,-5.8246,32.058636
ElecFM,2025-03-05 00:00:00+00:00,LZ_WEST,2025-03-05 22:00:00+00:00,13.419166666666667,15.01384,-4.6759872,41.35699
ElecFM,2025-03-05 00:00:00+00:00,LZ_WEST,2025-03-05 23:00:00+00:00,54.82833333333334,30.77959,8.050224,59.450237
ElecFM,2025-03-06 00:00:00+00:00,LZ_LCRA,2025-03-06 00:00:00+00:00,115.98666666666666,58.253876,35.174458,88.8146
ElecFM,2025-03-06 00:00:00+00:00,LZ_LCRA,2025-03-06 01:00:00+00:00,74.75083333333333,58.94367,34.185333,92.41493
ElecFM,2025-03-06 00:00:00+00:00,LZ_LCRA,2025-03-06 02:00:00+00:00,42.99,54.96794,31.131124,87.64825
ElecFM,2025-03-06 00:00:00+00:00,LZ_LCRA,2025-03-06 03:00:00+00:00,34.075833333333335,47.400745,26.473581,76.68994
ElecFM,2025-03-06 00:00:00+00:00,LZ_LCRA,2025-03-06 04:00:00+00:00,31.660833333333333,41.029064,22.772726,67.16011
ElecFM,2025-03-06 00:00:00+00:00,LZ_LCRA,2025-03-06 05:00:00+00:00,27.102500000000003,34.5436,20.451935,57.642517
ElecFM,2025-03-06 00:00:00+00:00,LZ_LCRA,2025-03-06 06:00:00+00:00,23.701666666666668,29.75402,18.251451,49.75103
ElecFM,2025-03-06 00:00:00+00:00,LZ_LCRA,2025-03-06 07:00:00+00:00,22.644166666666667,23.675518,13.950047,41.622013
ElecFM,2025-03-06 00:00:00+00:00,LZ_LCRA,2025-03-06 08:00:00+00:00,21.4675,19.11267,10.618187,36.138535
ElecFM,2025-03-06 00:00:00+00:00,LZ_LCRA,2025-03-06 09:00:00+00:00,19.714166666666667,21.224945,12.382215,38.09705
ElecFM,2025-03-06 00:00:00+00:00,LZ_LCRA,2025-03-06 10:00:00+00:00,18.8625,23.0793,13.115577,41.00334
ElecFM,2025-03-06 00:00:00+00:00,LZ_LCRA,2025-03-06 11:00:00+00:00,25.39333333333333,23.996944,13.440723,42.57523
ElecFM,2025-03-06 00:00:00+00:00,LZ_LCRA,2025-03-06 12:00:00+00:00,69.5775,26.172583,15.168582,45.745274
ElecFM,2025-03-06 00:00:00+00:00,LZ_LCRA,2025-03-06 13:00:00+00:00,28.71,21.850044,12.236138,39.798912
ElecFM,2025-03-06 00:00:00+00:00,LZ_LCRA,2025-03-06 14:00:00+00:00,5.043333333333334,11.428527,3.647089,28.5664
ElecFM,2025-03-06 00:00:00+00:00,LZ_LCRA,2025-03-06 15:00:00+00:00,-7.798333333333333,7.0364685,0.61159325,22.186115
ElecFM,2025-03-06 00:00:00+00:00,LZ_LCRA,2025-03-06 16:00:00+00:00,-15.975,3.579218,-2.1494713,18.208477
ElecFM,2025-03-06 00:00:00+00:00,LZ_LCRA,2025-03-06 17:00:00+00:00,-15.784166666666666,2.3917255,-3.0121346,17.573
ElecFM,2025-03-06 00:00:00+00:00,LZ_LCRA,2025-03-06 18:00:00+00:00,-19.0125,7.5597496,0.41783524,24.15903
ElecFM,2025-03-06 00:00:00+00:00,LZ_LCRA,2025-03-06 19:00:00+00:00,-12.225,9.382484,-0.11366081,28.575985
ElecFM,2025-03-06 00:00:00+00:00,LZ_LCRA,2025-03-06 20:00:00+00:00,-12.155,14.813548,3.3460693,37.566284
ElecFM,2025-03-06 00:00:00+00:00,LZ_LCRA,2025-03-06 21:00:00+00:00,-11.0025,21.683968,6.2215595,47.74669
ElecFM,2025-03-06 00:00:00+00:00,LZ_LCRA,2025-03-06 22:00:00+00:00,-6.478333333333333,28.716019,9.847746,58.921604
ElecFM,2025-03-06 00:00:00+00:00,LZ_LCRA,2025-03-06 23:00:00+00:00,30.1775,40.2354,18.717077,73.57081
ElecFM,2025-03-06 00:00:00+00:00,LZ_RAYBN,2025-03-06 00:00:00+00:00,114.28583333333334,57.555737,32.581882,93.56503
ElecFM,2025-03-06 00:00:00+00:00,LZ_RAYBN,2025-03-06 01:00:00+00:00,73.425,57.827694,31.483084,96.40069
ElecFM,2025-03-06 00:00:00+00:00,LZ_RAYBN,2025-03-06 02:00:00+00:00,42.932500000000005,52.167656,26.966724,89.073105
ElecFM,2025-03-06 00:00:00+00:00,LZ_RAYBN,2025-03-06 03:00:00+00:00,34.0675,44.001194,21.880054,76.55432
ElecFM,2025-03-06 00:00:00+00:00,LZ_RAYBN,2025-03-06 04:00:00+00:00,31.660833333333333,37.463707,18.162884,66.027176
ElecFM,2025-03-06 00:00:00+00:00,LZ_RAYBN,2025-03-06 05:00:00+00:00,27.102500000000003,31.120064,16.736355,56.972794
ElecFM,2025-03-06 00:00:00+00:00,LZ_RAYBN,2025-03-06 06:00:00+00:00,27.82333333333333,26.917156,15.005821,49.334335
ElecFM,2025-03-06 00:00:00+00:00,LZ_RAYBN,2025-03-06 07:00:00+00:00,35.714166666666664,21.908602,11.930109,42.4214
ElecFM,2025-03-06 00:00:00+00:00,LZ_RAYBN,2025-03-06 08:00:00+00:00,33.85916666666667,19.26798,10.778252,38.402893
ElecFM,2025-03-06 00:00:00+00:00,LZ_RAYBN,2025-03-06 09:00:00+00:00,35.568333333333335,23.169397,14.716624,42.538742
ElecFM,2025-03-06 00:00:00+00:00,LZ_RAYBN,2025-03-06 10:00:00+00:00,34.725833333333334,25.32204,15.397508,46.61692
ElecFM,2025-03-06 00:00:00+00:00,LZ_RAYBN,2025-03-06 11:00:00+00:00,48.36083333333334,25.754635,13.8288145,48.703644
ElecFM,2025-03-06 00:00:00+00:00,LZ_RAYBN,2025-03-06 12:00:00+00:00,148.7275,25.542982,12.537089,50.59021
ElecFM,2025-03-06 00:00:00+00:00,LZ_RAYBN,2025-03-06 13:00:00+00:00,64.71,20.518787,8.754513,43.98873
ElecFM,2025-03-06 00:00:00+00:00,LZ_RAYBN,2025-03-06 14:00:00+00:00,36.26583333333333,12.045992,2.72966,34.7278
ElecFM,2025-03-06 00:00:00+00:00,LZ_RAYBN,2025-03-06 15:00:00+00:00,9.670833333333333,7.688719,0.15852928,28.91633
ElecFM,2025-03-06 00:00:00+00:00,LZ_RAYBN,2025-03-06 16:00:00+00:00,5.335,4.9389706,-1.0934525,25.290754
ElecFM,2025-03-06 00:00:00+00:00,LZ_RAYBN,2025-03-06 17:00:00+00:00,0.9616666666666668,5.7336082,-0.077316284,28.38072
ElecFM,2025-03-06 00:00:00+00:00,LZ_RAYBN,2025-03-06 18:00:00+00:00,0.9725,9.61459,0.38634682,35.163578
ElecFM,2025-03-06 00:00:00+00:00,LZ_RAYBN,2025-03-06 19:00:00+00:00,-0.6175,11.647282,-2.4761658,40.966484
ElecFM,2025-03-06 00:00:00+00:00,LZ_RAYBN,2025-03-06 20:00:00+00:00,-0.0158333333333333,17.79039,0.45527458,52.25314
ElecFM,2025-03-06 00:00:00+00:00,LZ_RAYBN,2025-03-06 21:00:00+00:00,3.1675,25.270536,3.4030685,63.944244
ElecFM,2025-03-06 00:00:00+00:00,LZ_RAYBN,2025-03-06 22:00:00+00:00,11.998333333333331,34.099052,8.95372,77.64062
ElecFM,2025-03-06 00:00:00+00:00,LZ_RAYBN,2025-03-06 23:00:00+00:00,29.889166666666668,45.526806,17.623333,91.65845
ElecFM,2025-03-06 00:00:00+00:00,LZ_WEST,2025-03-06 00:00:00+00:00,114.47583333333334,70.78529,38.05854,112.60916
ElecFM,2025-03-06 00:00:00+00:00,LZ_WEST,2025-03-06 01:00:00+00:00,73.58416666666666,63.84381,28.525824,111.44632
ElecFM,2025-03-06 00:00:00+00:00,LZ_WEST,2025-03-06 02:00:00+00:00,43.07,59.38967,25.86149,107.686165
ElecFM,2025-03-06 00:00:00+00:00,LZ_WEST,2025-03-06 03:00:00+00:00,34.08583333333333,49.063995,18.631319,97.26702
ElecFM,2025-03-06 00:00:00+00:00,LZ_WEST,2025-03-06 04:00:00+00:00,31.64583333333333,51.685875,24.117092,95.22508
ElecFM,2025-03-06 00:00:00+00:00,LZ_WEST,2025-03-06 05:00:00+00:00,27.09,49.045143,22.616856,90.74477
ElecFM,2025-03-06 00:00:00+00:00,LZ_WEST,2025-03-06 06:00:00+00:00,18.979166666666668,45.906315,23.267334,87.01832
ElecFM,2025-03-06 00:00:00+00:00,LZ_WEST,2025-03-06 07:00:00+00:00,8.970833333333333,41.515717,20.163929,82.72688
ElecFM,2025-03-06 00:00:00+00:00,LZ_WEST,2025-03-06 08:00:00+00:00,6.594166666666666,39.927628,19.486324,76.340225
ElecFM,2025-03-06 00:00:00+00:00,LZ_WEST,2025-03-06 09:00:00+00:00,2.9625,36.962585,16.53797,73.80566
ElecFM,2025-03-06 00:00:00+00:00,LZ_WEST,2025-03-06 10:00:00+00:00,2.6558333333333333,37.666573,16.171131,73.79895
ElecFM,2025-03-06 00:00:00+00:00,LZ_WEST,2025-03-06 11:00:00+00:00,2.2466666666666666,33.25574,10.597628,69.7824
ElecFM,2025-03-06 00:00:00+00:00,LZ_WEST,2025-03-06 12:00:00+00:00,4.434166666666667,32.146587,10.905645,63.119476
ElecFM,2025-03-06 00:00:00+00:00,LZ_WEST,2025-03-06 13:00:00+00:00,-1.100833333333333,24.938858,6.758293,52.703503
ElecFM,2025-03-06 00:00:00+00:00,LZ_WEST,2025-03-06 14:00:00+00:00,-1.8016666666666667,12.31213,-3.3440018,35.962475
ElecFM,2025-03-06 00:00:00+00:00,LZ_WEST,2025-03-06 15:00:00+00:00,-3.1650000000000005,12.952791,-1.4102669,33.152878
ElecFM,2025-03-06 00:00:00+00:00,LZ_WEST,2025-03-06 16:00:00+00:00,-4.278333333333333,8.004078,-6.8839836,25.567636
ElecFM,2025-03-06 00:00:00+00:00,LZ_WEST,2025-03-06 17:00:00+00:00,-5.885000000000001,4.623619,-10.189888,22.316662
ElecFM,2025-03-06 00:00:00+00:00,LZ_WEST,2025-03-06 18:00:00+00:00,-5.88,8.150448,-7.023876,25.595669
ElecFM,2025-03-06 00:00:00+00:00,LZ_WEST,2025-03-06 19:00:00+00:00,-6.420000000000001,6.8003426,-9.4126625,24.671322
ElecFM,2025-03-06 00:00:00+00:00,LZ_WEST,2025-03-06 20:00:00+00:00,-5.12,6.818617,-9.870537,26.485563
ElecFM,2025-03-06 00:00:00+00:00,LZ_WEST,2025-03-06 21:00:00+00:00,-4.53,7.929579,-15.088623,34.12134
ElecFM,2025-03-06 00:00:00+00:00,LZ_WEST,2025-03-06 22:00:00+00:00,-3.370000000000001,12.164331,-16.959969,45.119045
ElecFM,2025-03-06 00:00:00+00:00,LZ_WEST,2025-03-06 23:00:00+00:00,-1.8575,39.17671,4.5645123,79.22098
ElecFM,2025-03-07 00:00:00+00:00,LZ_LCRA,2025-03-07 00:00:00+00:00,35.115,74.40272,33.85058,120.23706
ElecFM,2025-03-07 00:00:00+00:00,LZ_LCRA,2025-03-07 01:00:00+00:00,38.17583333333334,80.7738,39.469112,125.10506
ElecFM,2025-03-07 00:00:00+00:00,LZ_LCRA,2025-03-07 02:00:00+00:00,40.335,68.622444,33.192196,108.70041
ElecFM,2025-03-07 00:00:00+00:00,LZ_LCRA,2025-03-07 03:00:00+00:00,36.2375,59.185925,31.63242,92.73684
ElecFM,2025-03-07 00:00:00+00:00,LZ_LCRA,2025-03-07 04:00:00+00:00,25.71666666666667,48.19509,25.989487,73.16399
ElecFM,2025-03-07 00:00:00+00:00,LZ_LCRA,2025-03-07 05:00:00+00:00,25.456666666666667,39.418922,22.349052,59.6062
ElecFM,2025-03-07 00:00:00+00:00,LZ_LCRA,2025-03-07 06:00:00+00:00,25.66583333333333,32.172016,19.531689,49.951447
ElecFM,2025-03-07 00:00:00+00:00,LZ_LCRA,2025-03-07 07:00:00+00:00,25.933333333333337,28.105808,16.834194,44.44348
ElecFM,2025-03-07 00:00:00+00:00,LZ_LCRA,2025-03-07 08:00:00+00:00,27.133333333333336,26.723932,16.380154,40.64074
ElecFM,2025-03-07 00:00:00+00:00,LZ_LCRA,2025-03-07 09:00:00+00:00,30.981666666666666,28.699503,17.578732,44.438362
ElecFM,2025-03-07 00:00:00+00:00,LZ_LCRA,2025-03-07 10:00:00+00:00,33.274166666666666,29.831135,17.568937,48.21229
ElecFM,2025-03-07 00:00:00+00:00,LZ_LCRA,2025-03-07 11:00:00+00:00,48.71416666666667,34.6904,20.525051,55.861855
ElecFM,2025-03-07 00:00:00+00:00,LZ_LCRA,2025-03-07 12:00:00+00:00,55.30416666666667,36.72889,21.337725,58.076557
ElecFM,2025-03-07 00:00:00+00:00,LZ_LCRA,2025-03-07 13:00:00+00:00,43.54750000000001,32.322903,17.710285,54.20582
ElecFM,2025-03-07 00:00:00+00:00,LZ_LCRA,2025-03-07 14:00:00+00:00,33.4475,21.626316,8.512865,40.886444
ElecFM,2025-03-07 00:00:00+00:00,LZ_LCRA,2025-03-07 15:00:00+00:00,25.20583333333333,12.21135,1.2469387,29.818218
ElecFM,2025-03-07 00:00:00+00:00,LZ_LCRA,2025-03-07 16:00:00+00:00,13.9475,6.486458,-3.438408,21.252565
ElecFM,2025-03-07 00:00:00+00:00,LZ_LCRA,2025-03-07 17:00:00+00:00,21.52333333333333,6.141924,-3.30134,22.578003
ElecFM,2025-03-07 00:00:00+00:00,LZ_LCRA,2025-03-07 18:00:00+00:00,24.9525,7.242605,-3.9075813,24.8514
ElecFM,2025-03-07 00:00:00+00:00,LZ_LCRA,2025-03-07 19:00:00+00:00,23.88583333333333,10.565546,-4.00482,32.315502
ElecFM,2025-03-07 00:00:00+00:00,LZ_LCRA,2025-03-07 20:00:00+00:00,24.2175,14.705839,-1.6822166,40.0945
ElecFM,2025-03-07 00:00:00+00:00,LZ_LCRA,2025-03-07 21:00:00+00:00,25.734166666666667,22.979221,2.4699345,52.51394
ElecFM,2025-03-07 00:00:00+00:00,LZ_LCRA,2025-03-07 22:00:00+00:00,27.640833333333333,31.809193,8.769144,65.57823
ElecFM,2025-03-07 00:00:00+00:00,LZ_LCRA,2025-03-07 23:00:00+00:00,57.406666666666666,47.783745,23.237484,82.40228
ElecFM,2025-03-07 00:00:00+00:00,LZ_RAYBN,2025-03-07 00:00:00+00:00,29.66583333333333,65.74164,26.267778,116.938385
ElecFM,2025-03-07 00:00:00+00:00,LZ_RAYBN,2025-03-07 01:00:00+00:00,33.329166666666666,61.26632,21.373306,112.85054
ElecFM,2025-03-07 00:00:00+00:00,LZ_RAYBN,2025-03-07 02:00:00+00:00,35.08166666666667,49.233143,15.907874,95.04112
ElecFM,2025-03-07 00:00:00+00:00,LZ_RAYBN,2025-03-07 03:00:00+00:00,30.793333333333333,40.542084,16.403156,77.28868
ElecFM,2025-03-07 00:00:00+00:00,LZ_RAYBN,2025-03-07 04:00:00+00:00,20.4925,31.365444,14.721556,59.36493
ElecFM,2025-03-07 00:00:00+00:00,LZ_RAYBN,2025-03-07 05:00:00+00:00,21.2425,27.226177,14.257481,49.74892
ElecFM,2025-03-07 00:00:00+00:00,LZ_RAYBN,2025-03-07 06:00:00+00:00,20.414166666666667,20.16518,10.432362,41.21416
ElecFM,2025-03-07 00:00:00+00:00,LZ_RAYBN,2025-03-07 07:00:00+00:00,18.966666666666665,19.596075,10.223536,40.569798
ElecFM,2025-03-07 00:00:00+00:00,LZ_RAYBN,2025-03-07 08:00:00+00:00,23.7975,21.983097,10.869823,42.175053
ElecFM,2025-03-07 00:00:00+00:00,LZ_RAYBN,2025-03-07 09:00:00+00:00,25.27083333333333,24.993406,12.436968,46.603077
ElecFM,2025-03-07 00:00:00+00:00,LZ_RAYBN,2025-03-07 10:00:00+00:00,25.5825,22.082104,7.848139,45.909523
ElecFM,2025-03-07 00:00:00+00:00,LZ_RAYBN,2025-03-07 11:00:00+00:00,39.77916666666667,27.167065,10.15382,54.671955
ElecFM,2025-03-07 00:00:00+00:00,LZ_RAYBN,2025-03-07 12:00:00+00:00,43.01833333333334,32.12487,13.809324,62.981884
ElecFM,2025-03-07 00:00:00+00:00,LZ_RAYBN,2025-03-07 13:00:00+00:00,34.98833333333334,25.14715,5.8904343,57.96904
ElecFM,2025-03-07 00:00:00+00:00,LZ_RAYBN,2025-03-07 14:00:00+00:00,32.66166666666667,18.471786,0.37470245,49.033833
ElecFM,2025-03-07 00:00:00+00:00,LZ_RAYBN,2025-03-07 15:00:00+00:00,25.171666666666667,10.413448,-4.292671,38.457546
ElecFM,2025-03-07 00:00:00+00:00,LZ_RAYBN,2025-03-07 16:00:00+00:00,20.7825,2.8246574,-8.024368,26.602571
ElecFM,2025-03-07 00:00:00+00:00,LZ_RAYBN,2025-03-07 17:00:00+00:00,24.20083333333333,1.1980209,-7.23143,25.332373
ElecFM,2025-03-07 00:00:00+00:00,LZ_RAYBN,2025-03-07 18:00:00+00:00,24.95,3.3091412,-6.399025,30.385088
ElecFM,2025-03-07 00:00:00+00:00,LZ_RAYBN,2025-03-07 19:00:00+00:00,23.825,8.423666,-6.2941704,40.870438
ElecFM,2025-03-07 00:00:00+00:00,LZ_RAYBN,2025-03-07 20:00:00+00:00,24.126666666666665,15.309344,-2.6273804,54.107193
ElecFM,2025-03-07 00:00:00+00:00,LZ_RAYBN,2025-03-07 21:00:00+00:00,25.74083333333333,23.859629,0.677721,67.906494
ElecFM,2025-03-07 00:00:00+00:00,LZ_RAYBN,2025-03-07 22:00:00+00:00,27.640833333333333,30.319656,3.641945,81.695274
ElecFM,2025-03-07 00:00:00+00:00,LZ_RAYBN,2025-03-07 23:00:00+00:00,55.26500000000001,41.37105,11.606848,94.934494
ElecFM,2025-03-07 00:00:00+00:00,LZ_WEST,2025-03-07 00:00:00+00:00,5.8308333333333335,32.725178,0.26266098,75.79085
ElecFM,2025-03-07 00:00:00+00:00,LZ_WEST,2025-03-07 01:00:00+00:00,6.579166666666667,47.55304,11.395752,94.043945
ElecFM,2025-03-07 00:00:00+00:00,LZ_WEST,2025-03-07 02:00:00+00:00,7.245,62.743774,26.80164,109.55754
ElecFM,2025-03-07 00:00:00+00:00,LZ_WEST,2025-03-07 03:00:00+00:00,11.795,63.43724,28.474531,109.37334
ElecFM,2025-03-07 00:00:00+00:00,LZ_WEST,2025-03-07 04:00:00+00:00,12.030833333333334,64.40073,30.022434,108.16775
ElecFM,2025-03-07 00:00:00+00:00,LZ_WEST,2025-03-07 05:00:00+00:00,9.088333333333331,66.150795,33.05155,108.91846
ElecFM,2025-03-07 00:00:00+00:00,LZ_WEST,2025-03-07 06:00:00+00:00,18.094166666666663,65.08906,34.769005,106.74078
ElecFM,2025-03-07 00:00:00+00:00,LZ_WEST,2025-03-07 07:00:00+00:00,31.074166666666667,57.00872,29.972916,95.60429
ElecFM,2025-03-07 00:00:00+00:00,LZ_WEST,2025-03-07 08:00:00+00:00,43.906666666666666,52.029186,28.001492,84.71443
ElecFM,2025-03-07 00:00:00+00:00,LZ_WEST,2025-03-07 09:00:00+00:00,59.55166666666667,51.953487,30.536655,82.65161
ElecFM,2025-03-07 00:00:00+00:00,LZ_WEST,2025-03-07 10:00:00+00:00,69.29666666666667,57.874115,36.925934,88.38639
ElecFM,2025-03-07 00:00:00+00:00,LZ_WEST,2025-03-07 11:00:00+00:00,80.14916666666666,52.975018,32.2317,83.37548
ElecFM,2025-03-07 00:00:00+00:00,LZ_WEST,2025-03-07 12:00:00+00:00,97.87166666666668,50.197975,31.006983,76.35581
ElecFM,2025-03-07 00:00:00+00:00,LZ_WEST,2025-03-07 13:00:00+00:00,71.12416666666667,38.7162,21.950222,63.07999
ElecFM,2025-03-07 00:00:00+00:00,LZ_WEST,2025-03-07 14:00:00+00:00,34.835,26.872093,12.693785,48.216118
ElecFM,2025-03-07 00:00:00+00:00,LZ_WEST,2025-03-07 15:00:00+00:00,25.194166666666664,23.904243,10.665834,43.36068
ElecFM,2025-03-07 00:00:00+00:00,LZ_WEST,2025-03-07 16:00:00+00:00,16.768333333333334,19.209373,5.18211,36.78599
ElecFM,2025-03-07 00:00:00+00:00,LZ_WEST,2025-03-07 17:00:00+00:00,22.63,16.176132,2.5044537,34.866596
ElecFM,2025-03-07 00:00:00+00:00,LZ_WEST,2025-03-07 18:00:00+00:00,24.9525,15.0435505,1.537447,34.877464
ElecFM,2025-03-07 00:00:00+00:00,LZ_WEST,2025-03-07 19:00:00+00:00,23.599166666666665,10.921804,-2.064886,30.61781
ElecFM,2025-03-07 00:00:00+00:00,LZ_WEST,2025-03-07 20:00:00+00:00,23.661666666666665,12.522913,-1.2828274,33.98583
ElecFM,2025-03-07 00:00:00+00:00,LZ_WEST,2025-03-07 21:00:00+00:00,25.444166666666664,15.65395,-1.6785641,40.225777
ElecFM,2025-03-07 00:00:00+00:00,LZ_WEST,2025-03-07 22:00:00+00:00,27.640833333333333,24.997429,3.216133,54.98787
ElecFM,2025-03-07 00:00:00+00:00,LZ_WEST,2025-03-07 23:00:00+00:00,61.26916666666667,41.28934,16.90561,75.67478
ElecFM,2025-03-08 00:00:00+00:00,LZ_LCRA,2025-03-08 00:00:00+00:00,70.06333333333333,82.108955,56.60983,113.785034
ElecFM,2025-03-08 00:00:00+00:00,LZ_LCRA,2025-03-08 01:00:00+00:00,49.85333333333333,74.00114,46.847237,106.59112
ElecFM,2025-03-08 00:00:00+00:00,LZ_LCRA,2025-03-08 02:00:00+00:00,38.16,58.785484,33.788406,88.08187
ElecFM,2025-03-08 00:00:00+00:00,LZ_LCRA,2025-03-08 03:00:00+00:00,33.93083333333333,51.511574,30.479548,75.31721
ElecFM,2025-03-08 00:00:00+00:00,LZ_LCRA,2025-03-08 04:00:00+00:00,28.7525,43.565094,26.900791,62.658043
ElecFM,2025-03-08 00:00:00+00:00,LZ_LCRA,2025-03-08 05:00:00+00:00,19.44333333333333,42.387253,27.532042,58.34451
ElecFM,2025-03-08 00:00:00+00:00,LZ_LCRA,2025-03-08 06:00:00+00:00,19.691666666666663,38.92914,26.774515,52.85762
ElecFM,2025-03-08 00:00:00+00:00,LZ_LCRA,2025-03-08 07:00:00+00:00,14.168333333333337,34.825687,23.459194,48.20587
ElecFM,2025-03-08 00:00:00+00:00,LZ_LCRA,2025-03-08 08:00:00+00:00,8.865,33.71122,22.111702,45.646336
ElecFM,2025-03-08 00:00:00+00:00,LZ_LCRA,2025-03-08 09:00:00+00:00,11.566666666666668,34.120926,21.350876,47.514675
ElecFM,2025-03-08 00:00:00+00:00,LZ_LCRA,2025-03-08 10:00:00+00:00,13.6225,33.238087,18.526716,48.428986
ElecFM,2025-03-08 00:00:00+00:00,LZ_LCRA,2025-03-08 11:00:00+00:00,14.703333333333331,35.132534,18.848995,53.39175
ElecFM,2025-03-08 00:00:00+00:00,LZ_LCRA,2025-03-08 12:00:00+00:00,16.8125,37.20771,19.003082,57.21095
ElecFM,2025-03-08 00:00:00+00:00,LZ_LCRA,2025-03-08 13:00:00+00:00,20.01333333333333,30.647228,12.087725,50.003654
ElecFM,2025-03-08 00:00:00+00:00,LZ_LCRA,2025-03-08 14:00:00+00:00,15.885,24.236275,7.375393,43.302094
ElecFM,2025-03-08 00:00:00+00:00,LZ_LCRA,2025-03-08 15:00:00+00:00,16.62,19.117939,4.0071926,35.7784
ElecFM,2025-03-08 00:00:00+00:00,LZ_LCRA,2025-03-08 16:00:00+00:00,17.9325,14.176162,0.75442696,28.87381
ElecFM,2025-03-08 00:00:00+00:00,LZ_LCRA,2025-03-08 17:00:00+00:00,22.95,16.149033,3.1403027,31.999247
ElecFM,2025-03-08 00:00:00+00:00,LZ_LCRA,2025-03-08 18:00:00+00:00,28.043333333333333,16.450565,2.7434387,34.58669
ElecFM,2025-03-08 00:00:00+00:00,LZ_LCRA,2025-03-08 19:00:00+00:00,29.16416666666667,17.854412,-0.15905571,39.36461
ElecFM,2025-03-08 00:00:00+00:00,LZ_LCRA,2025-03-08 20:00:00+00:00,40.740833333333335,21.614523,2.5400276,47.532993
ElecFM,2025-03-08 00:00:00+00:00,LZ_LCRA,2025-03-08 21:00:00+00:00,40.35666666666666,26.823202,3.343895,57.408783
ElecFM,2025-03-08 00:00:00+00:00,LZ_LCRA,2025-03-08 22:00:00+00:00,28.11916666666667,32.454937,5.4866257,68.350685
ElecFM,2025-03-08 00:00:00+00:00,LZ_LCRA,2025-03-08 23:00:00+00:00,26.800833333333333,46.490826,15.410302,85.565186
ElecFM,2025-03-08 00:00:00+00:00,LZ_RAYBN,2025-03-08 00:00:00+00:00,48.66666666666666,81.32756,53.448532,119.98864
ElecFM,2025-03-08 00:00:00+00:00,LZ_RAYBN,2025-03-08 01:00:00+00:00,32.4375,70.95197,40.594334,111.01985
ElecFM,2025-03-08 00:00:00+00:00,LZ_RAYBN,2025-03-08 02:00:00+00:00,24.385,55.06814,26.718851,92.25748
ElecFM,2025-03-08 00:00:00+00:00,LZ_RAYBN,2025-03-08 03:00:00+00:00,20.125833333333333,46.847305,22.976755,77.70067
ElecFM,2025-03-08 00:00:00+00:00,LZ_RAYBN,2025-03-08 04:00:00+00:00,16.208333333333332,39.20359,20.402248,65.265335
ElecFM,2025-03-08 00:00:00+00:00,LZ_RAYBN,2025-03-08 05:00:00+00:00,7.704166666666667,36.67849,21.347214,58.607662
ElecFM,2025-03-08 00:00:00+00:00,LZ_RAYBN,2025-03-08 06:00:00+00:00,10.521666666666668,35.312637,22.151608,55.38533
ElecFM,2025-03-08 00:00:00+00:00,LZ_RAYBN,2025-03-08 07:00:00+00:00,6.553333333333334,32.79136,21.115723,51.572334
ElecFM,2025-03-08 00:00:00+00:00,LZ_RAYBN,2025-03-08 08:00:00+00:00,-0.6708333333333334,34.044086,20.755028,52.694878
ElecFM,2025-03-08 00:00:00+00:00,LZ_RAYBN,2025-03-08 09:00:00+00:00,1.68,33.50491,17.542416,54.348724
ElecFM,2025-03-08 00:00:00+00:00,LZ_RAYBN,2025-03-08 10:00:00+00:00,5.944166666666667,33.384014,13.973602,58.913437
ElecFM,2025-03-08 00:00:00+00:00,LZ_RAYBN,2025-03-08 11:00:00+00:00,8.361666666666666,35.36405,13.465521,64.747955
ElecFM,2025-03-08 00:00:00+00:00,LZ_RAYBN,2025-03-08 12:00:00+00:00,10.274166666666666,38.73368,14.750764,70.30496
ElecFM,2025-03-08 00:00:00+00:00,LZ_RAYBN,2025-03-08 13:00:00+00:00,18.019166666666667,33.03923,9.029295,64.34401
ElecFM,2025-03-08 00:00:00+00:00,LZ_RAYBN,2025-03-08 14:00:00+00:00,11.220833333333331,28.066305,7.1797657,59.17475
ElecFM,2025-03-08 00:00:00+00:00,LZ_RAYBN,2025-03-08 15:00:00+00:00,11.514166666666666,24.360344,6.7488766,50.895355
ElecFM,2025-03-08 00:00:00+00:00,LZ_RAYBN,2025-03-08 16:00:00+00:00,20.625,19.726856,4.936495,42.87484
ElecFM,2025-03-08 00:00:00+00:00,LZ_RAYBN,2025-03-08 17:00:00+00:00,22.185,18.865368,7.1089115,41.119766
ElecFM,2025-03-08 00:00:00+00:00,LZ_RAYBN,2025-03-08 18:00:00+00:00,27.70833333333333,18.133759,6.261307,41.146095
ElecFM,2025-03-08 00:00:00+00:00,LZ_RAYBN,2025-03-08 19:00:00+00:00,29.916666666666668,20.058357,5.9319324,44.786884
ElecFM,2025-03-08 00:00:00+00:00,LZ_RAYBN,2025-03-08 20:00:00+00:00,41.38833333333333,23.683174,6.2119713,53.671623
ElecFM,2025-03-08 00:00:00+00:00,LZ_RAYBN,2025-03-08 21:00:00+00:00,41.565000000000005,31.36219,9.017557,67.0903
ElecFM,2025-03-08 00:00:00+00:00,LZ_RAYBN,2025-03-08 22:00:00+00:00,28.65,36.31391,8.840618,81.23338
ElecFM,2025-03-08 00:00:00+00:00,LZ_RAYBN,2025-03-08 23:00:00+00:00,20.775,46.26723,13.377142,94.70107
ElecFM,2025-03-08 00:00:00+00:00,LZ_WEST,2025-03-08 00:00:00+00:00,106.055,77.28103,49.31862,115.06321
ElecFM,2025-03-08 00:00:00+00:00,LZ_WEST,2025-03-08 01:00:00+00:00,85.23916666666666,70.85728,37.79933,113.16535
ElecFM,2025-03-08 00:00:00+00:00,LZ_WEST,2025-03-08 02:00:00+00:00,65.17916666666666,58.822205,25.740528,104.274124
ElecFM,2025-03-08 00:00:00+00:00,LZ_WEST,2025-03-08 03:00:00+00:00,60.7075,60.30797,26.605232,105.62531
ElecFM,2025-03-08 00:00:00+00:00,LZ_WEST,2025-03-08 04:00:00+00:00,53.240833333333335,54.988594,21.493645,99.8498
ElecFM,2025-03-08 00:00:00+00:00,LZ_WEST,2025-03-08 05:00:00+00:00,58.123333333333335,53.839863,21.564137,98.07017
ElecFM,2025-03-08 00:00:00+00:00,LZ_WEST,2025-03-08 06:00:00+00:00,54.990833333333335,51.684105,20.351238,94.81862
ElecFM,2025-03-08 00:00:00+00:00,LZ_WEST,2025-03-08 07:00:00+00:00,35.288333333333334,43.532436,16.510254,85.15846
ElecFM,2025-03-08 00:00:00+00:00,LZ_WEST,2025-03-08 08:00:00+00:00,20.535,36.654514,10.814865,74.89857
ElecFM,2025-03-08 00:00:00+00:00,LZ_WEST,2025-03-08 09:00:00+00:00,15.020833333333334,36.527847,13.21064,72.771454
ElecFM,2025-03-08 00:00:00+00:00,LZ_WEST,2025-03-08 10:00:00+00:00,10.126666666666669,36.87413,12.533365,72.18359
ElecFM,2025-03-08 00:00:00+00:00,LZ_WEST,2025-03-08 11:00:00+00:00,7.504166666666666,37.206425,13.045567,73.86177
ElecFM,2025-03-08 00:00:00+00:00,LZ_WEST,2025-03-08 12:00:00+00:00,12.540833333333332,39.82108,16.37513,75.70992
ElecFM,2025-03-08 00:00:00+00:00,LZ_WEST,2025-03-08 13:00:00+00:00,18.669166666666666,26.298798,4.4606857,58.98516
ElecFM,2025-03-08 00:00:00+00:00,LZ_WEST,2025-03-08 14:00:00+00:00,4.4191666666666665,15.72745,-4.880968,45.701653
ElecFM,2025-03-08 00:00:00+00:00,LZ_WEST,2025-03-08 15:00:00+00:00,3.2925,13.328959,-4.0654507,41.485214
ElecFM,2025-03-08 00:00:00+00:00,LZ_WEST,2025-03-08 16:00:00+00:00,5.2425,7.4419327,-7.773447,32.837242
ElecFM,2025-03-08 00:00:00+00:00,LZ_WEST,2025-03-08 17:00:00+00:00,20.3125,6.5194397,-6.0656834,31.74715
ElecFM,2025-03-08 00:00:00+00:00,LZ_WEST,2025-03-08 18:00:00+00:00,26.909166666666668,11.237526,-0.7090149,37.374466
ElecFM,2025-03-08 00:00:00+00:00,LZ_WEST,2025-03-08 19:00:00+00:00,28.72083333333333,9.420456,-2.9130535,35.108162
ElecFM,2025-03-08 00:00:00+00:00,LZ_WEST,2025-03-08 20:00:00+00:00,40.2625,11.670006,-1.7014542,39.63634
ElecFM,2025-03-08 00:00:00+00:00,LZ_WEST,2025-03-08 21:00:00+00:00,40.29416666666666,15.480483,-2.024191,46.763268
ElecFM,2025-03-08 00:00:00+00:00,LZ_WEST,2025-03-08 22:00:00+00:00,27.94,22.751196,0.43200302,61.35266
ElecFM,2025-03-08 00:00:00+00:00,LZ_WEST,2025-03-08 23:00:00+00:00,21.993333333333336,39.59012,11.682301,84.00551
ElecFM,2025-03-09 00:00:00+00:00,LZ_LCRA,2025-03-09 00:00:00+00:00,30.99,33.641373,20.725773,52.8428
ElecFM,2025-03-09 00:00:00+00:00,LZ_LCRA,2025-03-09 01:00:00+00:00,29.921666666666667,33.246696,17.997358,56.655426
ElecFM,2025-03-09 00:00:00+00:00,LZ_LCRA,2025-03-09 02:00:00+00:00,27.52583333333333,31.277338,15.460128,54.524925
ElecFM,2025-03-09 00:00:00+00:00,LZ_LCRA,2025-03-09 03:00:00+00:00,26.974166666666665,27.25126,12.938622,48.263317
ElecFM,2025-03-09 00:00:00+00:00,LZ_LCRA,2025-03-09 04:00:00+00:00,24.683333333333337,24.256283,12.170458,43.098152
ElecFM,2025-03-09 00:00:00+00:00,LZ_LCRA,2025-03-09 05:00:00+00:00,22.25916666666667,22.564753,10.930465,39.071648
ElecFM,2025-03-09 00:00:00+00:00,LZ_LCRA,2025-03-09 06:00:00+00:00,22.84083333333333,21.451221,10.695102,37.586975
ElecFM,2025-03-09 00:00:00+00:00,LZ_LCRA,2025-03-09 07:00:00+00:00,25.24833333333333,21.136211,9.898329,37.170483
ElecFM,2025-03-09 00:00:00+00:00,LZ_LCRA,2025-03-09 08:00:00+00:00,24.01833333333333,18.848776,6.487343,34.645588
ElecFM,2025-03-09 00:00:00+00:00,LZ_LCRA,2025-03-09 09:00:00+00:00,24.06833333333333,20.71669,7.2411327,37.333378
ElecFM,2025-03-09 00:00:00+00:00,LZ_LCRA,2025-03-09 10:00:00+00:00,23.51833333333333,21.962149,6.510914,39.51713
ElecFM,2025-03-09 00:00:00+00:00,LZ_LCRA,2025-03-09 11:00:00+00:00,26.6725,27.546001,10.137328,46.382187
ElecFM,2025-03-09 00:00:00+00:00,LZ_LCRA,2025-03-09 12:00:00+00:00,31.165000000000003,30.039602,10.967522,50.796547
ElecFM,2025-03-09 00:00:00+00:00,LZ_LCRA,2025-03-09 13:00:00+00:00,32.885,26.297623,7.519327,47.11978
ElecFM,2025-03-09 00:00:00+00:00,LZ_LCRA,2025-03-09 14:00:00+00:00,24.839166666666667,21.44837,3.474493,41.96442
ElecFM,2025-03-09 00:00:00+00:00,LZ_LCRA,2025-03-09 15:00:00+00:00,28.52416666666667,14.9850235,-1.4394951,33.22621
ElecFM,2025-03-09 00:00:00+00:00,LZ_LCRA,2025-03-09 16:00:00+00:00,20.33083333333333,12.0267725,-2.9023457,28.691341
ElecFM,2025-03-09 00:00:00+00:00,LZ_LCRA,2025-03-09 17:00:00+00:00,16.476666666666667,10.756668,-3.6358566,26.911392
ElecFM,2025-03-09 00:00:00+00:00,LZ_LCRA,2025-03-09 18:00:00+00:00,11.784166666666666,12.260538,-2.6887455,30.376358
ElecFM,2025-03-09 00:00:00+00:00,LZ_LCRA,2025-03-09 19:00:00+00:00,10.58,14.395279,-1.9078121,32.841545
ElecFM,2025-03-09 00:00:00+00:00,LZ_LCRA,2025-03-09 20:00:00+00:00,5.2725,15.785189,-1.8767624,35.50671
ElecFM,2025-03-09 00:00:00+00:00,LZ_LCRA,2025-03-09 21:00:00+00:00,3.435,18.968729,-0.52534676,41.37616
ElecFM,2025-03-09 00:00:00+00:00,LZ_LCRA,2025-03-09 22:00:00+00:00,0.4141666666666666,22.855476,1.1440735,48.67885
ElecFM,2025-03-09 00:00:00+00:00,LZ_LCRA,2025-03-09 23:00:00+00:00,19.16583333333333,34.09901,10.398581,64.48068
ElecFM,2025-03-09 00:00:00+00:00,LZ_RAYBN,2025-03-09 00:00:00+00:00,27.36583333333333,23.089626,12.11134,40.27803
ElecFM,2025-03-09 00:00:00+00:00,LZ_RAYBN,2025-03-09 01:00:00+00:00,29.73333333333333,21.493816,9.328213,41.79353
ElecFM,2025-03-09 00:00:00+00:00,LZ_RAYBN,2025-03-09 02:00:00+00:00,27.865,20.454308,8.374912,41.17675
ElecFM,2025-03-09 00:00:00+00:00,LZ_RAYBN,2025-03-09 03:00:00+00:00,27.839166666666667,18.814743,7.007208,38.31705
ElecFM,2025-03-09 00:00:00+00:00,LZ_RAYBN,2025-03-09 04:00:00+00:00,25.939166666666665,17.009554,5.8665695,36.42444
ElecFM,2025-03-09 00:00:00+00:00,LZ_RAYBN,2025-03-09 05:00:00+00:00,25.89583333333333,17.150116,6.4357986,35.476105
ElecFM,2025-03-09 00:00:00+00:00,LZ_RAYBN,2025-03-09 06:00:00+00:00,26.10333333333333,18.00329,7.047676,36.409378
ElecFM,2025-03-09 00:00:00+00:00,LZ_RAYBN,2025-03-09 07:00:00+00:00,26.8125,20.865086,9.245146,40.451828
ElecFM,2025-03-09 00:00:00+00:00,LZ_RAYBN,2025-03-09 08:00:00+00:00,24.23333333333333,18.91529,7.0758495,38.618214
ElecFM,2025-03-09 00:00:00+00:00,LZ_RAYBN,2025-03-09 09:00:00+00:00,24.114166666666662,18.647934,5.006275,39.52145
ElecFM,2025-03-09 00:00:00+00:00,LZ_RAYBN,2025-03-09 10:00:00+00:00,24.585,17.577778,2.8302307,40.318676
ElecFM,2025-03-09 00:00:00+00:00,LZ_RAYBN,2025-03-09 11:00:00+00:00,28.041666666666668,18.307669,1.882452,42.10277
ElecFM,2025-03-09 00:00:00+00:00,LZ_RAYBN,2025-03-09 12:00:00+00:00,33.59583333333333,22.106781,4.7846813,46.735214
ElecFM,2025-03-09 00:00:00+00:00,LZ_RAYBN,2025-03-09 13:00:00+00:00,32.920833333333334,21.969612,5.468767,46.0514
ElecFM,2025-03-09 00:00:00+00:00,LZ_RAYBN,2025-03-09 14:00:00+00:00,23.79583333333333,18.732222,3.0530224,42.10349
ElecFM,2025-03-09 00:00:00+00:00,LZ_RAYBN,2025-03-09 15:00:00+00:00,37.245,15.440435,0.7950916,37.272667
ElecFM,2025-03-09 00:00:00+00:00,LZ_RAYBN,2025-03-09 16:00:00+00:00,29.944166666666664,10.99327,-2.1244965,32.02525
ElecFM,2025-03-09 00:00:00+00:00,LZ_RAYBN,2025-03-09 17:00:00+00:00,24.48,12.531535,0.16438484,33.57298
ElecFM,2025-03-09 00:00:00+00:00,LZ_RAYBN,2025-03-09 18:00:00+00:00,21.72833333333333,14.974658,2.0682507,36.563858
ElecFM,2025-03-09 00:00:00+00:00,LZ_RAYBN,2025-03-09 19:00:00+00:00,21.81583333333333,18.600357,3.6854916,40.423054
ElecFM,2025-03-09 00:00:00+00:00,LZ_RAYBN,2025-03-09 20:00:00+00:00,9.0075,20.54036,4.6071587,44.40738
ElecFM,2025-03-09 00:00:00+00:00,LZ_RAYBN,2025-03-09 21:00:00+00:00,3.3125,23.231133,4.5007534,49.125137
ElecFM,2025-03-09 00:00:00+00:00,LZ_RAYBN,2025-03-09 22:00:00+00:00,-0.2841666666666667,24.816572,4.2025623,53.59896
ElecFM,2025-03-09 00:00:00+00:00,LZ_RAYBN,2025-03-09 23:00:00+00:00,18.26083333333333,30.65327,8.279394,62.261032
ElecFM,2025-03-09 00:00:00+00:00,LZ_WEST,2025-03-09 00:00:00+00:00,28.5525,29.740313,5.985302,62.631367
ElecFM,2025-03-09 00:00:00+00:00,LZ_WEST,2025-03-09 01:00:00+00:00,29.795,34.61117,7.1180706,72.52895
ElecFM,2025-03-09 00:00:00+00:00,LZ_WEST,2025-03-09 02:00:00+00:00,31.33833333333333,30.074326,3.0474243,70.461296
ElecFM,2025-03-09 00:00:00+00:00,LZ_WEST,2025-03-09 03:00:00+00:00,37.72083333333333,28.54931,1.7928333,68.70796
ElecFM,2025-03-09 00:00:00+00:00,LZ_WEST,2025-03-09 04:00:00+00:00,41.869166666666665,26.69848,2.259081,66.15382
ElecFM,2025-03-09 00:00:00+00:00,LZ_WEST,2025-03-09 05:00:00+00:00,67.10083333333334,28.413254,4.3942146,66.61757
ElecFM,2025-03-09 00:00:00+00:00,LZ_WEST,2025-03-09 06:00:00+00:00,62.6675,28.291037,6.7647743,65.73312
ElecFM,2025-03-09 00:00:00+00:00,LZ_WEST,2025-03-09 07:00:00+00:00,46.028333333333336,25.794876,6.6252403,62.878147
ElecFM,2025-03-09 00:00:00+00:00,LZ_WEST,2025-03-09 08:00:00+00:00,28.844166666666663,23.746233,6.043041,57.886253
ElecFM,2025-03-09 00:00:00+00:00,LZ_WEST,2025-03-09 09:00:00+00:00,27.74,27.125427,8.813147,61.493156
ElecFM,2025-03-09 00:00:00+00:00,LZ_WEST,2025-03-09 10:00:00+00:00,38.28333333333333,30.883692,10.244352,65.21149
ElecFM,2025-03-09 00:00:00+00:00,LZ_WEST,2025-03-09 11:00:00+00:00,45.42666666666667,31.451118,9.5674095,69.17343
ElecFM,2025-03-09 00:00:00+00:00,LZ_WEST,2025-03-09 12:00:00+00:00,60.98166666666666,29.755106,8.276703,67.66982
ElecFM,2025-03-09 00:00:00+00:00,LZ_WEST,2025-03-09 13:00:00+00:00,40.24,25.17502,5.764578,60.777023
ElecFM,2025-03-09 00:00:00+00:00,LZ_WEST,2025-03-09 14:00:00+00:00,24.865,18.568195,0.7729397,50.48007
ElecFM,2025-03-09 00:00:00+00:00,LZ_WEST,2025-03-09 15:00:00+00:00,39.32666666666667,14.566994,-1.2640896,43.969353
ElecFM,2025-03-09 00:00:00+00:00,LZ_WEST,2025-03-09 16:00:00+00:00,27.42,9.399563,-6.3108025,36.998146
ElecFM,2025-03-09 00:00:00+00:00,LZ_WEST,2025-03-09 17:00:00+00:00,20.438333333333333,9.951105,-6.5175247,37.62358
ElecFM,2025-03-09 00:00:00+00:00,LZ_WEST,2025-03-09 18:00:00+00:00,12.4975,9.900425,-6.674713,39.82053
ElecFM,2025-03-09 00:00:00+00:00,LZ_WEST,2025-03-09 19:00:00+00:00,7.785,9.701996,-9.09948,40.831696
ElecFM,2025-03-09 00:00:00+00:00,LZ_WEST,2025-03-09 20:00:00+00:00,4.434166666666667,10.793557,-7.976063,43.375206
ElecFM,2025-03-09 00:00:00+00:00,LZ_WEST,2025-03-09 21:00:00+00:00,3.153333333333333,15.4577675,-6.9194603,52.050568
ElecFM,2025-03-09 00:00:00+00:00,LZ_WEST,2025-03-09 22:00:00+00:00,0.1516666666666666,21.252417,-4.2510796,64.20708
ElecFM,2025-03-09 00:00:00+00:00,LZ_WEST,2025-03-09 23:00:00+00:00,18.6075,34.295986,3.4063015,84.3858
ElecFM,2025-03-10 00:00:00+00:00,LZ_LCRA,2025-03-10 00:00:00+00:00,61.40166666666667,32.286995,18.273325,51.92189
ElecFM,2025-03-10 00:00:00+00:00,LZ_LCRA,2025-03-10 01:00:00+00:00,52.43333333333334,34.10429,17.391108,56.16085
ElecFM,2025-03-10 00:00:00+00:00,LZ_LCRA,2025-03-10 02:00:00+00:00,52.75083333333333,34.01689,17.036087,56.386803
ElecFM,2025-03-10 00:00:00+00:00,LZ_LCRA,2025-03-10 03:00:00+00:00,50.571666666666665,36.33979,19.400589,57.988884
ElecFM,2025-03-10 00:00:00+00:00,LZ_LCRA,2025-03-10 04:00:00+00:00,35.678333333333335,36.580254,20.135036,57.812336
ElecFM,2025-03-10 00:00:00+00:00,LZ_LCRA,2025-03-10 05:00:00+00:00,39.9,35.27428,18.40735,55.598377
ElecFM,2025-03-10 00:00:00+00:00,LZ_LCRA,2025-03-10 06:00:00+00:00,47.78583333333333,32.216305,15.976215,51.363808
ElecFM,2025-03-10 00:00:00+00:00,LZ_LCRA,2025-03-10 07:00:00+00:00,45.91916666666666,30.445564,14.6825905,49.056988
ElecFM,2025-03-10 00:00:00+00:00,LZ_LCRA,2025-03-10 08:00:00+00:00,44.60833333333333,30.950848,15.23083,48.321632
ElecFM,2025-03-10 00:00:00+00:00,LZ_LCRA,2025-03-10 09:00:00+00:00,41.15166666666666,29.816822,14.046136,47.075504
ElecFM,2025-03-10 00:00:00+00:00,LZ_LCRA,2025-03-10 10:00:00+00:00,55.27916666666667,29.216728,12.751097,46.32544
ElecFM,2025-03-10 00:00:00+00:00,LZ_LCRA,2025-03-10 11:00:00+00:00,65.74416666666667,31.663414,14.388672,50.05017
ElecFM,2025-03-10 00:00:00+00:00,LZ_LCRA,2025-03-10 12:00:00+00:00,74.24416666666667,34.072716,17.856434,52.11302
ElecFM,2025-03-10 00:00:00+00:00,LZ_LCRA,2025-03-10 13:00:00+00:00,71.33666666666666,27.5607,12.426188,44.46778
ElecFM,2025-03-10 00:00:00+00:00,LZ_LCRA,2025-03-10 14:00:00+00:00,15.850833333333334,21.499805,7.811077,37.486027
ElecFM,2025-03-10 00:00:00+00:00,LZ_LCRA,2025-03-10 15:00:00+00:00,21.98583333333333,18.983925,6.266617,33.831924
ElecFM,2025-03-10 00:00:00+00:00,LZ_LCRA,2025-03-10 16:00:00+00:00,18.370833333333337,15.230615,3.1599712,29.66423
ElecFM,2025-03-10 00:00:00+00:00,LZ_LCRA,2025-03-10 17:00:00+00:00,14.6425,12.460999,0.9704914,27.04775
ElecFM,2025-03-10 00:00:00+00:00,LZ_LCRA,2025-03-10 18:00:00+00:00,12.981666666666667,13.3893585,2.3884964,28.443037
ElecFM,2025-03-10 00:00:00+00:00,LZ_LCRA,2025-03-10 19:00:00+00:00,11.809166666666668,16.425009,4.9206753,31.698292
ElecFM,2025-03-10 00:00:00+00:00,LZ_LCRA,2025-03-10 20:00:00+00:00,7.728333333333333,18.437183,5.653557,34.366226
ElecFM,2025-03-10 00:00:00+00:00,LZ_LCRA,2025-03-10 21:00:00+00:00,5.2275,21.155418,5.7090664,40.130875
ElecFM,2025-03-10 00:00:00+00:00,LZ_LCRA,2025-03-10 22:00:00+00:00,4.604166666666667,24.647537,6.902729,47.25192
ElecFM,2025-03-10 00:00:00+00:00,LZ_LCRA,2025-03-10 23:00:00+00:00,45.98083333333333,35.862938,15.202854,60.817383
ElecFM,2025-03-10 00:00:00+00:00,LZ_RAYBN,2025-03-10 00:00:00+00:00,61.55833333333334,21.367958,8.293451,38.066086
ElecFM,2025-03-10 00:00:00+00:00,LZ_RAYBN,2025-03-10 01:00:00+00:00,54.744166666666665,22.094906,7.12212,41.129955
ElecFM,2025-03-10 00:00:00+00:00,LZ_RAYBN,2025-03-10 02:00:00+00:00,56.94416666666667,22.048756,6.875738,41.8596
ElecFM,2025-03-10 00:00:00+00:00,LZ_RAYBN,2025-03-10 03:00:00+00:00,57.8875,22.761477,7.9483833,42.74379
ElecFM,2025-03-10 00:00:00+00:00,LZ_RAYBN,2025-03-10 04:00:00+00:00,38.35666666666667,22.658772,8.522947,40.933826
ElecFM,2025-03-10 00:00:00+00:00,LZ_RAYBN,2025-03-10 05:00:00+00:00,37.51916666666667,20.280949,5.7962074,37.65342
ElecFM,2025-03-10 00:00:00+00:00,LZ_RAYBN,2025-03-10 06:00:00+00:00,34.48833333333334,19.46265,6.8590794,36.084972
ElecFM,2025-03-10 00:00:00+00:00,LZ_RAYBN,2025-03-10 07:00:00+00:00,31.38416666666667,18.718922,6.932081,35.146587
ElecFM,2025-03-10 00:00:00+00:00,LZ_RAYBN,2025-03-10 08:00:00+00:00,28.799166666666665,17.725063,6.5272408,32.91818
ElecFM,2025-03-10 00:00:00+00:00,LZ_RAYBN,2025-03-10 09:00:00+00:00,26.7325,16.545784,4.6356773,32.378845
ElecFM,2025-03-10 00:00:00+00:00,LZ_RAYBN,2025-03-10 10:00:00+00:00,31.59166666666667,16.447027,3.9310207,31.940296
ElecFM,2025-03-10 00:00:00+00:00,LZ_RAYBN,2025-03-10 11:00:00+00:00,48.35916666666666,18.77576,5.7075596,35.445923
ElecFM,2025-03-10 00:00:00+00:00,LZ_RAYBN,2025-03-10 12:00:00+00:00,56.62583333333333,18.168152,5.692358,34.676876
ElecFM,2025-03-10 00:00:00+00:00,LZ_RAYBN,2025-03-10 13:00:00+00:00,57.43,16.160206,4.0482044,32.232872
ElecFM,2025-03-10 00:00:00+00:00,LZ_RAYBN,2025-03-10 14:00:00+00:00,15.923333333333334,13.550627,1.6139412,29.91711
ElecFM,2025-03-10 00:00:00+00:00,LZ_RAYBN,2025-03-10 15:00:00+00:00,24.82166666666667,11.063786,-1.1346283,28.209234
ElecFM,2025-03-10 00:00:00+00:00,LZ_RAYBN,2025-03-10 16:00:00+00:00,21.125833333333333,9.383547,-3.1754303,27.180546
ElecFM,2025-03-10 00:00:00+00:00,LZ_RAYBN,2025-03-10 17:00:00+00:00,13.353333333333332,8.933573,-3.6056423,27.591877
ElecFM,2025-03-10 00:00:00+00:00,LZ_RAYBN,2025-03-10 18:00:00+00:00,9.028333333333334,10.239826,-2.4339943,29.95058
ElecFM,2025-03-10 00:00:00+00:00,LZ_RAYBN,2025-03-10 19:00:00+00:00,1.1033333333333333,14.017301,1.1854229,35.026955
ElecFM,2025-03-10 00:00:00+00:00,LZ_RAYBN,2025-03-10 20:00:00+00:00,-0.5875,14.560449,0.62768173,36.620674
ElecFM,2025-03-10 00:00:00+00:00,LZ_RAYBN,2025-03-10 21:00:00+00:00,-1.3083333333333331,16.751034,0.24377823,40.31595
ElecFM,2025-03-10 00:00:00+00:00,LZ_RAYBN,2025-03-10 22:00:00+00:00,0.2599999999999999,18.310217,0.14184952,44.41953
ElecFM,2025-03-10 00:00:00+00:00,LZ_RAYBN,2025-03-10 23:00:00+00:00,42.807500000000005,22.2861,3.233553,49.991913
ElecFM,2025-03-10 00:00:00+00:00,LZ_WEST,2025-03-10 00:00:00+00:00,74.94666666666667,33.804886,13.78029,64.76236
ElecFM,2025-03-10 00:00:00+00:00,LZ_WEST,2025-03-10 01:00:00+00:00,78.3475,36.546387,10.41613,74.75913
ElecFM,2025-03-10 00:00:00+00:00,LZ_WEST,2025-03-10 02:00:00+00:00,84.77499999999999,31.369799,4.65794,72.29709
ElecFM,2025-03-10 00:00:00+00:00,LZ_WEST,2025-03-10 03:00:00+00:00,100.27833333333332,36.1956,9.231054,77.74568
ElecFM,2025-03-10 00:00:00+00:00,LZ_WEST,2025-03-10 04:00:00+00:00,109.24,40.518295,15.476474,78.8248
ElecFM,2025-03-10 00:00:00+00:00,LZ_WEST,2025-03-10 05:00:00+00:00,87.52916666666665,42.843895,17.630577,77.805336
ElecFM,2025-03-10 00:00:00+00:00,LZ_WEST,2025-03-10 06:00:00+00:00,82.01833333333333,38.91328,16.915852,70.592926
ElecFM,2025-03-10 00:00:00+00:00,LZ_WEST,2025-03-10 07:00:00+00:00,68.02833333333334,29.573963,11.357857,59.25996
ElecFM,2025-03-10 00:00:00+00:00,LZ_WEST,2025-03-10 08:00:00+00:00,71.54666666666667,21.772598,5.474823,45.45215
ElecFM,2025-03-10 00:00:00+00:00,LZ_WEST,2025-03-10 09:00:00+00:00,86.3975,20.722395,5.3200016,42.5722
ElecFM,2025-03-10 00:00:00+00:00,LZ_WEST,2025-03-10 10:00:00+00:00,117.2925,23.826523,7.507984,43.92282
ElecFM,2025-03-10 00:00:00+00:00,LZ_WEST,2025-03-10 11:00:00+00:00,98.0525,24.92238,7.5269012,46.362938
ElecFM,2025-03-10 00:00:00+00:00,LZ_WEST,2025-03-10 12:00:00+00:00,104.18833333333332,25.812773,8.024771,46.31398
ElecFM,2025-03-10 00:00:00+00:00,LZ_WEST,2025-03-10 13:00:00+00:00,96.1,19.258297,1.9716625,38.509193
ElecFM,2025-03-10 00:00:00+00:00,LZ_WEST,2025-03-10 14:00:00+00:00,15.691666666666668,13.734044,-1.8510475,30.462532
ElecFM,2025-03-10 00:00:00+00:00,LZ_WEST,2025-03-10 15:00:00+00:00,20.74416666666667,13.674842,-0.4801216,28.378922
ElecFM,2025-03-10 00:00:00+00:00,LZ_WEST,2025-03-10 16:00:00+00:00,17.300833333333333,12.373294,-2.9701977,24.425455
ElecFM,2025-03-10 00:00:00+00:00,LZ_WEST,2025-03-10 17:00:00+00:00,12.750833333333333,15.108789,0.18675041,27.294056
ElecFM,2025-03-10 00:00:00+00:00,LZ_WEST,2025-03-10 18:00:00+00:00,8.9725,15.4153,0.99209404,29.409117
ElecFM,2025-03-10 00:00:00+00:00,LZ_WEST,2025-03-10 19:00:00+00:00,2.475,13.308521,-0.8362942,29.173635
ElecFM,2025-03-10 00:00:00+00:00,LZ_WEST,2025-03-10 20:00:00+00:00,0.9341666666666668,12.540067,0.09952164,30.358635
ElecFM,2025-03-10 00:00:00+00:00,LZ_WEST,2025-03-10 21:00:00+00:00,0.1383333333333333,17.141634,1.7620926,39.85978
ElecFM,2025-03-10 00:00:00+00:00,LZ_WEST,2025-03-10 22:00:00+00:00,1.595,19.807556,3.1259708,49.651764
ElecFM,2025-03-10 00:00:00+00:00,LZ_WEST,2025-03-10 23:00:00+00:00,56.27333333333333,28.15502,5.58539,65.845634
ElecFM,2025-03-11 00:00:00+00:00,LZ_LCRA,2025-03-11 00:00:00+00:00,94.11416666666666,61.2898,39.22639,87.53465
ElecFM,2025-03-11 00:00:00+00:00,LZ_LCRA,2025-03-11 01:00:00+00:00,54.11833333333333,56.277115,32.255695,84.6584
ElecFM,2025-03-11 00:00:00+00:00,LZ_LCRA,2025-03-11 02:00:00+00:00,36.12,43.88695,23.193268,70.82681
ElecFM,2025-03-11 00:00:00+00:00,LZ_LCRA,2025-03-11 03:00:00+00:00,26.7525,35.67066,19.26553,58.81067
ElecFM,2025-03-11 00:00:00+00:00,LZ_LCRA,2025-03-11 04:00:00+00:00,15.758333333333333,29.086908,16.260494,48.445496
ElecFM,2025-03-11 00:00:00+00:00,LZ_LCRA,2025-03-11 05:00:00+00:00,22.155833333333337,25.17389,13.671692,42.961113
ElecFM,2025-03-11 00:00:00+00:00,LZ_LCRA,2025-03-11 06:00:00+00:00,18.289166666666667,22.42523,11.268975,39.86317
ElecFM,2025-03-11 00:00:00+00:00,LZ_LCRA,2025-03-11 07:00:00+00:00,18.266666666666666,21.950792,11.094943,40.87657
ElecFM,2025-03-11 00:00:00+00:00,LZ_LCRA,2025-03-11 08:00:00+00:00,7.991666666666667,20.428205,9.3201275,38.16086
ElecFM,2025-03-11 00:00:00+00:00,LZ_LCRA,2025-03-11 09:00:00+00:00,15.48,21.958633,10.355772,41.082
ElecFM,2025-03-11 00:00:00+00:00,LZ_LCRA,2025-03-11 10:00:00+00:00,26.026666666666667,23.890333,10.260367,43.7782
ElecFM,2025-03-11 00:00:00+00:00,LZ_LCRA,2025-03-11 11:00:00+00:00,35.33166666666667,31.625881,15.831979,53.927032
ElecFM,2025-03-11 00:00:00+00:00,LZ_LCRA,2025-03-11 12:00:00+00:00,43.623333333333335,35.617416,18.782969,58.215786
ElecFM,2025-03-11 00:00:00+00:00,LZ_LCRA,2025-03-11 13:00:00+00:00,17.857499999999998,27.840208,12.016131,49.844254
ElecFM,2025-03-11 00:00:00+00:00,LZ_LCRA,2025-03-11 14:00:00+00:00,-0.2425,17.484108,3.1266441,35.30875
ElecFM,2025-03-11 00:00:00+00:00,LZ_LCRA,2025-03-11 15:00:00+00:00,-0.9991666666666666,10.720504,-1.4542847,25.260363
ElecFM,2025-03-11 00:00:00+00:00,LZ_LCRA,2025-03-11 16:00:00+00:00,-1.3391666666666666,6.919796,-3.1996746,18.198534
ElecFM,2025-03-11 00:00:00+00:00,LZ_LCRA,2025-03-11 17:00:00+00:00,-1.3191666666666666,6.764162,-3.3437042,17.494753
ElecFM,2025-03-11 00:00:00+00:00,LZ_LCRA,2025-03-11 18:00:00+00:00,-1.17,8.377117,-2.223505,20.291275
ElecFM,2025-03-11 00:00:00+00:00,LZ_LCRA,2025-03-11 19:00:00+00:00,-1.0841666666666667,9.436776,-2.885374,22.349928
ElecFM,2025-03-11 00:00:00+00:00,LZ_LCRA,2025-03-11 20:00:00+00:00,-0.4333333333333333,13.387281,1.4015446,27.7085
ElecFM,2025-03-11 00:00:00+00:00,LZ_LCRA,2025-03-11 21:00:00+00:00,-0.5916666666666667,17.164635,3.5037632,34.071026
ElecFM,2025-03-11 00:00:00+00:00,LZ_LCRA,2025-03-11 22:00:00+00:00,-1.4108333333333334,20.608253,4.657507,41.296333
ElecFM,2025-03-11 00:00:00+00:00,LZ_LCRA,2025-03-11 23:00:00+00:00,16.68,35.37189,16.546207,60.73117
ElecFM,2025-03-11 00:00:00+00:00,LZ_RAYBN,2025-03-11 00:00:00+00:00,92.2325,46.394535,24.872068,76.019745
ElecFM,2025-03-11 00:00:00+00:00,LZ_RAYBN,2025-03-11 01:00:00+00:00,48.281666666666666,45.738464,22.944107,77.89409
ElecFM,2025-03-11 00:00:00+00:00,LZ_RAYBN,2025-03-11 02:00:00+00:00,26.7175,33.930275,14.310629,64.31769
ElecFM,2025-03-11 00:00:00+00:00,LZ_RAYBN,2025-03-11 03:00:00+00:00,19.001666666666665,24.520565,8.963434,52.199745
ElecFM,2025-03-11 00:00:00+00:00,LZ_RAYBN,2025-03-11 04:00:00+00:00,9.461666666666668,20.659708,8.297419,44.69403
ElecFM,2025-03-11 00:00:00+00:00,LZ_RAYBN,2025-03-11 05:00:00+00:00,21.32166666666667,17.157955,6.697813,40.058754
ElecFM,2025-03-11 00:00:00+00:00,LZ_RAYBN,2025-03-11 06:00:00+00:00,18.714166666666667,16.110455,6.3499203,39.625397
ElecFM,2025-03-11 00:00:00+00:00,LZ_RAYBN,2025-03-11 07:00:00+00:00,19.0025,16.615017,7.369835,41.704865
ElecFM,2025-03-11 00:00:00+00:00,LZ_RAYBN,2025-03-11 08:00:00+00:00,13.015,16.563797,6.461191,40.432087
ElecFM,2025-03-11 00:00:00+00:00,LZ_RAYBN,2025-03-11 09:00:00+00:00,17.555833333333332,17.828737,7.038208,43.60856
ElecFM,2025-03-11 00:00:00+00:00,LZ_RAYBN,2025-03-11 10:00:00+00:00,25.465,21.90428,9.042028,49.03528
ElecFM,2025-03-11 00:00:00+00:00,LZ_RAYBN,2025-03-11 11:00:00+00:00,46.553333333333335,25.22756,10.848456,55.967224
ElecFM,2025-03-11 00:00:00+00:00,LZ_RAYBN,2025-03-11 12:00:00+00:00,89.69,27.00384,11.53978,57.278152
ElecFM,2025-03-11 00:00:00+00:00,LZ_RAYBN,2025-03-11 13:00:00+00:00,31.58083333333333,22.95563,9.167896,53.508575
ElecFM,2025-03-11 00:00:00+00:00,LZ_RAYBN,2025-03-11 14:00:00+00:00,-0.2333333333333333,16.810532,3.5868416,44.24968
ElecFM,2025-03-11 00:00:00+00:00,LZ_RAYBN,2025-03-11 15:00:00+00:00,-0.5325,14.200253,3.0784645,39.31183
ElecFM,2025-03-11 00:00:00+00:00,LZ_RAYBN,2025-03-11 16:00:00+00:00,-1.0991666666666668,14.017258,3.2686615,36.436615
ElecFM,2025-03-11 00:00:00+00:00,LZ_RAYBN,2025-03-11 17:00:00+00:00,-1.1333333333333333,13.703406,4.1519604,35.300797
ElecFM,2025-03-11 00:00:00+00:00,LZ_RAYBN,2025-03-11 18:00:00+00:00,-0.9133333333333332,12.605308,3.918291,33.156265
ElecFM,2025-03-11 00:00:00+00:00,LZ_RAYBN,2025-03-11 19:00:00+00:00,-0.7583333333333333,11.851507,2.752386,31.68112
ElecFM,2025-03-11 00:00:00+00:00,LZ_RAYBN,2025-03-11 20:00:00+00:00,-0.5808333333333333,13.297746,5.393963,33.606716
ElecFM,2025-03-11 00:00:00+00:00,LZ_RAYBN,2025-03-11 21:00:00+00:00,-0.2708333333333333,17.02927,6.6074886,40.1374
ElecFM,2025-03-11 00:00:00+00:00,LZ_RAYBN,2025-03-11 22:00:00+00:00,-0.6325,20.642946,6.830633,47.240223
ElecFM,2025-03-11 00:00:00+00:00,LZ_RAYBN,2025-03-11 23:00:00+00:00,22.508333333333336,29.57341,12.500954,60.52044
ElecFM,2025-03-11 00:00:00+00:00,LZ_WEST,2025-03-11 00:00:00+00:00,97.30666666666669,90.71341,46.616364,148.06969
ElecFM,2025-03-11 00:00:00+00:00,LZ_WEST,2025-03-11 01:00:00+00:00,64.2475,83.627556,37.311516,144.73093
ElecFM,2025-03-11 00:00:00+00:00,LZ_WEST,2025-03-11 02:00:00+00:00,68.95166666666667,62.040062,21.938597,121.90937
ElecFM,2025-03-11 00:00:00+00:00,LZ_WEST,2025-03-11 03:00:00+00:00,57.6975,56.59899,22.052544,113.23902
ElecFM,2025-03-11 00:00:00+00:00,LZ_WEST,2025-03-11 04:00:00+00:00,13.2875,51.144817,22.028948,103.462364
ElecFM,2025-03-11 00:00:00+00:00,LZ_WEST,2025-03-11 05:00:00+00:00,8.137500000000001,48.030075,22.656069,97.93746
ElecFM,2025-03-11 00:00:00+00:00,LZ_WEST,2025-03-11 06:00:00+00:00,6.699166666666667,43.35018,21.867886,90.79306
ElecFM,2025-03-11 00:00:00+00:00,LZ_WEST,2025-03-11 07:00:00+00:00,5.7,41.32386,23.432491,88.71124
ElecFM,2025-03-11 00:00:00+00:00,LZ_WEST,2025-03-11 08:00:00+00:00,3.624166666666667,37.746925,22.593906,80.10385
ElecFM,2025-03-11 00:00:00+00:00,LZ_WEST,2025-03-11 09:00:00+00:00,6.145,39.663044,24.826897,81.05178
ElecFM,2025-03-11 00:00:00+00:00,LZ_WEST,2025-03-11 10:00:00+00:00,10.6125,39.003216,21.90743,79.37677
ElecFM,2025-03-11 00:00:00+00:00,LZ_WEST,2025-03-11 11:00:00+00:00,15.71,40.539818,22.687126,84.166916
ElecFM,2025-03-11 00:00:00+00:00,LZ_WEST,2025-03-11 12:00:00+00:00,15.881666666666668,41.101162,24.902311,81.54245
ElecFM,2025-03-11 00:00:00+00:00,LZ_WEST,2025-03-11 13:00:00+00:00,9.608333333333333,33.620285,20.521719,71.46932
ElecFM,2025-03-11 00:00:00+00:00,LZ_WEST,2025-03-11 14:00:00+00:00,-0.1575,20.851898,10.706514,51.810806
ElecFM,2025-03-11 00:00:00+00:00,LZ_WEST,2025-03-11 15:00:00+00:00,-0.3758333333333333,12.998199,5.1061325,41.578205
ElecFM,2025-03-11 00:00:00+00:00,LZ_WEST,2025-03-11 16:00:00+00:00,-0.695,13.502548,5.6197414,38.377197
ElecFM,2025-03-11 00:00:00+00:00,LZ_WEST,2025-03-11 17:00:00+00:00,-0.6925,14.39477,6.350422,40.429134
ElecFM,2025-03-11 00:00:00+00:00,LZ_WEST,2025-03-11 18:00:00+00:00,-0.5566666666666666,13.709554,5.422247,40.029713
ElecFM,2025-03-11 00:00:00+00:00,LZ_WEST,2025-03-11 19:00:00+00:00,-0.3566666666666667,12.366724,2.110201,39.034176
ElecFM,2025-03-11 00:00:00+00:00,LZ_WEST,2025-03-11 20:00:00+00:00,-0.1275,14.887423,4.7761784,42.506615
ElecFM,2025-03-11 00:00:00+00:00,LZ_WEST,2025-03-11 21:00:00+00:00,-0.2958333333333333,15.505379,1.734436,47.100594
ElecFM,2025-03-11 00:00:00+00:00,LZ_WEST,2025-03-11 22:00:00+00:00,-0.7541666666666668,20.28056,2.7713108,58.037468
ElecFM,2025-03-11 00:00:00+00:00,LZ_WEST,2025-03-11 23:00:00+00:00,17.189166666666665,30.297926,7.811144,74.70359
ElecFM,2025-03-12 00:00:00+00:00,LZ_LCRA,2025-03-12 00:00:00+00:00,75.2,35.26081,17.235546,58.14454
ElecFM,2025-03-12 00:00:00+00:00,LZ_LCRA,2025-03-12 01:00:00+00:00,63.15916666666666,36.55977,16.375683,61.539078
ElecFM,2025-03-12 00:00:00+00:00,LZ_LCRA,2025-03-12 02:00:00+00:00,36.435,32.19773,12.860407,56.337414
ElecFM,2025-03-12 00:00:00+00:00,LZ_LCRA,2025-03-12 03:00:00+00:00,22.129166666666663,26.532612,9.689139,48.584877
ElecFM,2025-03-12 00:00:00+00:00,LZ_LCRA,2025-03-12 04:00:00+00:00,11.11,20.211208,4.5300674,39.77513
ElecFM,2025-03-12 00:00:00+00:00,LZ_LCRA,2025-03-12 05:00:00+00:00,16.3,18.27222,2.9351597,36.868057
ElecFM,2025-03-12 00:00:00+00:00,LZ_LCRA,2025-03-12 06:00:00+00:00,8.26,18.606651,4.400049,36.691883
ElecFM,2025-03-12 00:00:00+00:00,LZ_LCRA,2025-03-12 07:00:00+00:00,6.6525,19.932178,5.8150883,37.342995
ElecFM,2025-03-12 00:00:00+00:00,LZ_LCRA,2025-03-12 08:00:00+00:00,4.489166666666667,19.634,5.3801193,35.61866
ElecFM,2025-03-12 00:00:00+00:00,LZ_LCRA,2025-03-12 09:00:00+00:00,8.430833333333334,21.562714,6.5780506,38.258087
ElecFM,2025-03-12 00:00:00+00:00,LZ_LCRA,2025-03-12 10:00:00+00:00,23.388333333333332,23.996328,7.3805676,42.88878
ElecFM,2025-03-12 00:00:00+00:00,LZ_LCRA,2025-03-12 11:00:00+00:00,38.5375,33.252728,14.313586,55.10099
ElecFM,2025-03-12 00:00:00+00:00,LZ_LCRA,2025-03-12 12:00:00+00:00,43.505,39.598946,18.808567,62.42321
ElecFM,2025-03-12 00:00:00+00:00,LZ_LCRA,2025-03-12 13:00:00+00:00,26.570833333333336,29.218918,9.9809475,51.758377
ElecFM,2025-03-12 00:00:00+00:00,LZ_LCRA,2025-03-12 14:00:00+00:00,8.16,18.665451,1.7894611,39.32196
ElecFM,2025-03-12 00:00:00+00:00,LZ_LCRA,2025-03-12 15:00:00+00:00,14.14,11.387779,-2.542488,29.099228
ElecFM,2025-03-12 00:00:00+00:00,LZ_LCRA,2025-03-12 16:00:00+00:00,5.831666666666667,7.036415,-5.6520767,21.278645
ElecFM,2025-03-12 00:00:00+00:00,LZ_LCRA,2025-03-12 17:00:00+00:00,0.7966666666666667,6.8753033,-4.7596836,20.422314
ElecFM,2025-03-12 00:00:00+00:00,LZ_LCRA,2025-03-12 18:00:00+00:00,12.365833333333333,10.383012,-1.7819748,24.027248
ElecFM,2025-03-12 00:00:00+00:00,LZ_LCRA,2025-03-12 19:00:00+00:00,13.016666666666667,10.411905,-2.2108078,24.494713
ElecFM,2025-03-12 00:00:00+00:00,LZ_LCRA,2025-03-12 20:00:00+00:00,9.521666666666668,10.9842205,-1.6616802,26.416801
ElecFM,2025-03-12 00:00:00+00:00,LZ_LCRA,2025-03-12 21:00:00+00:00,19.8075,12.303389,-2.4559326,31.25903
ElecFM,2025-03-12 00:00:00+00:00,LZ_LCRA,2025-03-12 22:00:00+00:00,27.135,16.212105,-0.29937935,39.141365
ElecFM,2025-03-12 00:00:00+00:00,LZ_LCRA,2025-03-12 23:00:00+00:00,32.34166666666667,35.68613,16.546959,62.26528
ElecFM,2025-03-12 00:00:00+00:00,LZ_RAYBN,2025-03-12 00:00:00+00:00,75.32833333333333,43.63305,22.163311,76.974785
ElecFM,2025-03-12 00:00:00+00:00,LZ_RAYBN,2025-03-12 01:00:00+00:00,61.21083333333333,39.832787,16.621136,76.22974
ElecFM,2025-03-12 00:00:00+00:00,LZ_RAYBN,2025-03-12 02:00:00+00:00,29.845,32.707703,11.465129,67.67521
ElecFM,2025-03-12 00:00:00+00:00,LZ_RAYBN,2025-03-12 03:00:00+00:00,19.615,27.3057,9.910286,59.73066
ElecFM,2025-03-12 00:00:00+00:00,LZ_RAYBN,2025-03-12 04:00:00+00:00,15.674166666666666,21.348242,5.9797516,49.788948
ElecFM,2025-03-12 00:00:00+00:00,LZ_RAYBN,2025-03-12 05:00:00+00:00,11.128333333333332,18.816824,2.807064,46.731663
ElecFM,2025-03-12 00:00:00+00:00,LZ_RAYBN,2025-03-12 06:00:00+00:00,10.575833333333334,18.566216,3.5255623,46.69094
ElecFM,2025-03-12 00:00:00+00:00,LZ_RAYBN,2025-03-12 07:00:00+00:00,8.748333333333333,20.735573,5.384804,48.936306
ElecFM,2025-03-12 00:00:00+00:00,LZ_RAYBN,2025-03-12 08:00:00+00:00,6.528333333333333,20.413425,4.75922,46.294632
ElecFM,2025-03-12 00:00:00+00:00,LZ_RAYBN,2025-03-12 09:00:00+00:00,8.245833333333334,21.070572,4.2878284,48.325104
ElecFM,2025-03-12 00:00:00+00:00,LZ_RAYBN,2025-03-12 10:00:00+00:00,19.1125,24.54137,5.0738144,53.437798
ElecFM,2025-03-12 00:00:00+00:00,LZ_RAYBN,2025-03-12 11:00:00+00:00,31.4175,36.392456,14.089794,69.972626
ElecFM,2025-03-12 00:00:00+00:00,LZ_RAYBN,2025-03-12 12:00:00+00:00,39.29333333333333,47.466045,23.142904,81.23642
ElecFM,2025-03-12 00:00:00+00:00,LZ_RAYBN,2025-03-12 13:00:00+00:00,24.059166666666663,33.473892,10.855392,68.06768
ElecFM,2025-03-12 00:00:00+00:00,LZ_RAYBN,2025-03-12 14:00:00+00:00,8.408333333333333,20.807446,0.5250988,51.34011
ElecFM,2025-03-12 00:00:00+00:00,LZ_RAYBN,2025-03-12 15:00:00+00:00,19.089166666666667,18.885555,3.2729645,45.4441
ElecFM,2025-03-12 00:00:00+00:00,LZ_RAYBN,2025-03-12 16:00:00+00:00,8.8075,16.108845,2.7690678,38.119003
ElecFM,2025-03-12 00:00:00+00:00,LZ_RAYBN,2025-03-12 17:00:00+00:00,3.9141666666666666,10.449699,-0.86935806,31.220646
ElecFM,2025-03-12 00:00:00+00:00,LZ_RAYBN,2025-03-12 18:00:00+00:00,1.8183333333333331,10.655752,-0.392313,32.119415
ElecFM,2025-03-12 00:00:00+00:00,LZ_RAYBN,2025-03-12 19:00:00+00:00,2.745,10.777652,-1.5141888,33.28756
ElecFM,2025-03-12 00:00:00+00:00,LZ_RAYBN,2025-03-12 20:00:00+00:00,4.720833333333333,6.1098537,-5.4261665,30.506195
ElecFM,2025-03-12 00:00:00+00:00,LZ_RAYBN,2025-03-12 21:00:00+00:00,23.8925,6.5673103,-8.861906,35.491734
ElecFM,2025-03-12 00:00:00+00:00,LZ_RAYBN,2025-03-12 22:00:00+00:00,25.299166666666665,7.2493343,-10.827833,41.997696
ElecFM,2025-03-12 00:00:00+00:00,LZ_RAYBN,2025-03-12 23:00:00+00:00,23.83083333333333,30.691282,8.658016,70.13456
ElecFM,2025-03-12 00:00:00+00:00,LZ_WEST,2025-03-12 00:00:00+00:00,76.23916666666666,33.339558,12.599985,63.048737
ElecFM,2025-03-12 00:00:00+00:00,LZ_WEST,2025-03-12 01:00:00+00:00,66.99166666666666,39.485554,13.3287735,74.701614
ElecFM,2025-03-12 00:00:00+00:00,LZ_WEST,2025-03-12 02:00:00+00:00,54.44916666666666,38.028862,10.294458,76.59004
ElecFM,2025-03-12 00:00:00+00:00,LZ_WEST,2025-03-12 03:00:00+00:00,49.31333333333333,35.909416,7.428131,75.891754
ElecFM,2025-03-12 00:00:00+00:00,LZ_WEST,2025-03-12 04:00:00+00:00,25.189166666666665,31.827436,2.7024994,71.80885
ElecFM,2025-03-12 00:00:00+00:00,LZ_WEST,2025-03-12 05:00:00+00:00,112.6275,32.117596,3.7278576,71.81044
ElecFM,2025-03-12 00:00:00+00:00,LZ_WEST,2025-03-12 06:00:00+00:00,28.903333333333336,30.899225,4.279957,68.90123
ElecFM,2025-03-12 00:00:00+00:00,LZ_WEST,2025-03-12 07:00:00+00:00,41.80416666666667,27.686964,4.131323,63.414135
ElecFM,2025-03-12 00:00:00+00:00,LZ_WEST,2025-03-12 08:00:00+00:00,52.135,24.756874,3.7997513,56.118866
ElecFM,2025-03-12 00:00:00+00:00,LZ_WEST,2025-03-12 09:00:00+00:00,59.065,26.59903,6.220274,55.902122
ElecFM,2025-03-12 00:00:00+00:00,LZ_WEST,2025-03-12 10:00:00+00:00,66.28,27.31734,6.100561,57.01436
ElecFM,2025-03-12 00:00:00+00:00,LZ_WEST,2025-03-12 11:00:00+00:00,84.21916666666667,30.798727,8.600216,62.856346
ElecFM,2025-03-12 00:00:00+00:00,LZ_WEST,2025-03-12 12:00:00+00:00,70.0825,28.545172,6.328989,60.879547
ElecFM,2025-03-12 00:00:00+00:00,LZ_WEST,2025-03-12 13:00:00+00:00,41.39833333333333,22.466057,1.0113811,53.371765
ElecFM,2025-03-12 00:00:00+00:00,LZ_WEST,2025-03-12 14:00:00+00:00,11.021666666666668,13.544727,-5.415901,41.68761
ElecFM,2025-03-12 00:00:00+00:00,LZ_WEST,2025-03-12 15:00:00+00:00,15.663333333333334,9.088381,-7.615658,34.263237
ElecFM,2025-03-12 00:00:00+00:00,LZ_WEST,2025-03-12 16:00:00+00:00,6.881666666666667,3.9152222,-11.921562,26.49757
ElecFM,2025-03-12 00:00:00+00:00,LZ_WEST,2025-03-12 17:00:00+00:00,0.5391666666666667,2.5593243,-11.628773,24.531178
ElecFM,2025-03-12 00:00:00+00:00,LZ_WEST,2025-03-12 18:00:00+00:00,-1.7,0.30313873,-13.040714,22.015095
ElecFM,2025-03-12 00:00:00+00:00,LZ_WEST,2025-03-12 19:00:00+00:00,-3.723333333333333,-2.787693,-14.38747,17.075054
ElecFM,2025-03-12 00:00:00+00:00,LZ_WEST,2025-03-12 20:00:00+00:00,-4.121666666666667,-4.77042,-14.558952,14.470371
ElecFM,2025-03-12 00:00:00+00:00,LZ_WEST,2025-03-12 21:00:00+00:00,-4.4875,-3.7197685,-15.362671,17.391472
ElecFM,2025-03-12 00:00:00+00:00,LZ_WEST,2025-03-12 22:00:00+00:00,-3.2583333333333333,2.423111,-9.836239,28.07791
ElecFM,2025-03-12 00:00:00+00:00,LZ_WEST,2025-03-12 23:00:00+00:00,-0.8525,14.92794,-1.4501877,45.058296
ElecFM,2025-03-13 00:00:00+00:00,LZ_LCRA,2025-03-13 00:00:00+00:00,45.78083333333333,56.626884,31.851444,89.73261
ElecFM,2025-03-13 00:00:00+00:00,LZ_LCRA,2025-03-13 01:00:00+00:00,46.63916666666666,55.304565,28.689993,91.66202
ElecFM,2025-03-13 00:00:00+00:00,LZ_LCRA,2025-03-13 02:00:00+00:00,37.15166666666666,45.31711,20.366869,81.177124
ElecFM,2025-03-13 00:00:00+00:00,LZ_LCRA,2025-03-13 03:00:00+00:00,27.58583333333333,37.528435,15.856689,70.29438
ElecFM,2025-03-13 00:00:00+00:00,LZ_LCRA,2025-03-13 04:00:00+00:00,24.530833333333337,29.480583,10.21594,59.202965
ElecFM,2025-03-13 00:00:00+00:00,LZ_LCRA,2025-03-13 05:00:00+00:00,25.40416666666667,30.88956,13.037851,58.26757
ElecFM,2025-03-13 00:00:00+00:00,LZ_LCRA,2025-03-13 06:00:00+00:00,26.910833333333333,31.038008,15.642525,57.1852
ElecFM,2025-03-13 00:00:00+00:00,LZ_LCRA,2025-03-13 07:00:00+00:00,28.981666666666666,27.958706,14.026925,52.635235
ElecFM,2025-03-13 00:00:00+00:00,LZ_LCRA,2025-03-13 08:00:00+00:00,24.68583333333333,26.994781,12.939121,50.777157
ElecFM,2025-03-13 00:00:00+00:00,LZ_LCRA,2025-03-13 09:00:00+00:00,28.258333333333336,31.555426,16.361399,56.128685
ElecFM,2025-03-13 00:00:00+00:00,LZ_LCRA,2025-03-13 10:00:00+00:00,42.115,37.8188,19.298405,65.15815
ElecFM,2025-03-13 00:00:00+00:00,LZ_LCRA,2025-03-13 11:00:00+00:00,56.2275,45.44948,24.31668,76.016136
ElecFM,2025-03-13 00:00:00+00:00,LZ_LCRA,2025-03-13 12:00:00+00:00,62.305,50.082054,27.780823,81.63332
ElecFM,2025-03-13 00:00:00+00:00,LZ_LCRA,2025-03-13 13:00:00+00:00,58.93,40.9972,20.473913,71.84836
ElecFM,2025-03-13 00:00:00+00:00,LZ_LCRA,2025-03-13 14:00:00+00:00,28.12833333333333,33.67753,15.610772,62.49803
ElecFM,2025-03-13 00:00:00+00:00,LZ_LCRA,2025-03-13 15:00:00+00:00,26.08666666666667,26.44086,11.76893,53.51891
ElecFM,2025-03-13 00:00:00+00:00,LZ_LCRA,2025-03-13 16:00:00+00:00,29.144166666666667,22.446638,7.8334236,48.04594
ElecFM,2025-03-13 00:00:00+00:00,LZ_LCRA,2025-03-13 17:00:00+00:00,28.660833333333333,20.890972,6.3330097,46.755405
ElecFM,2025-03-13 00:00:00+00:00,LZ_LCRA,2025-03-13 18:00:00+00:00,24.83666666666667,22.395195,6.9709873,49.660267
ElecFM,2025-03-13 00:00:00+00:00,LZ_LCRA,2025-03-13 19:00:00+00:00,13.729166666666666,19.690325,3.3523254,46.775024
ElecFM,2025-03-13 00:00:00+00:00,LZ_LCRA,2025-03-13 20:00:00+00:00,23.39583333333333,18.023277,1.5377216,46.906807
ElecFM,2025-03-13 00:00:00+00:00,LZ_LCRA,2025-03-13 21:00:00+00:00,22.136666666666667,22.766766,3.8970928,55.36159
ElecFM,2025-03-13 00:00:00+00:00,LZ_LCRA,2025-03-13 22:00:00+00:00,29.94333333333333,28.322344,6.4729557,66.88307
ElecFM,2025-03-13 00:00:00+00:00,LZ_LCRA,2025-03-13 23:00:00+00:00,45.21083333333333,41.025032,14.387076,83.91627
ElecFM,2025-03-13 00:00:00+00:00,LZ_RAYBN,2025-03-13 00:00:00+00:00,44.640833333333326,43.365868,20.461428,75.13458
ElecFM,2025-03-13 00:00:00+00:00,LZ_RAYBN,2025-03-13 01:00:00+00:00,45.14083333333334,39.762104,15.532783,73.621765
ElecFM,2025-03-13 00:00:00+00:00,LZ_RAYBN,2025-03-13 02:00:00+00:00,36.44833333333333,30.575064,8.013134,62.593243
ElecFM,2025-03-13 00:00:00+00:00,LZ_RAYBN,2025-03-13 03:00:00+00:00,23.94333333333333,26.311346,8.159525,55.262085
ElecFM,2025-03-13 00:00:00+00:00,LZ_RAYBN,2025-03-13 04:00:00+00:00,22.72833333333333,20.491665,4.518097,45.532177
ElecFM,2025-03-13 00:00:00+00:00,LZ_RAYBN,2025-03-13 05:00:00+00:00,23.648333333333337,18.68097,3.178028,41.820206
ElecFM,2025-03-13 00:00:00+00:00,LZ_RAYBN,2025-03-13 06:00:00+00:00,24.66333333333333,14.382206,0.88171005,38.821262
ElecFM,2025-03-13 00:00:00+00:00,LZ_RAYBN,2025-03-13 07:00:00+00:00,26.236666666666665,13.334892,1.0083218,36.22722
ElecFM,2025-03-13 00:00:00+00:00,LZ_RAYBN,2025-03-13 08:00:00+00:00,22.01333333333333,16.6026,3.7442513,37.429245
ElecFM,2025-03-13 00:00:00+00:00,LZ_RAYBN,2025-03-13 09:00:00+00:00,25.644166666666667,18.110489,5.525549,39.47506
ElecFM,2025-03-13 00:00:00+00:00,LZ_RAYBN,2025-03-13 10:00:00+00:00,40.17666666666667,20.898262,5.9563847,45.453133
ElecFM,2025-03-13 00:00:00+00:00,LZ_RAYBN,2025-03-13 11:00:00+00:00,54.656666666666666,34.246662,15.442149,63.08052
ElecFM,2025-03-13 00:00:00+00:00,LZ_RAYBN,2025-03-13 12:00:00+00:00,60.72833333333333,42.322716,20.963053,72.597946
ElecFM,2025-03-13 00:00:00+00:00,LZ_RAYBN,2025-03-13 13:00:00+00:00,55.4375,31.334522,10.001112,64.02548
ElecFM,2025-03-13 00:00:00+00:00,LZ_RAYBN,2025-03-13 14:00:00+00:00,27.64833333333333,19.674633,-0.14258194,51.16057
ElecFM,2025-03-13 00:00:00+00:00,LZ_RAYBN,2025-03-13 15:00:00+00:00,31.52,17.95716,2.8234253,46.35324
ElecFM,2025-03-13 00:00:00+00:00,LZ_RAYBN,2025-03-13 16:00:00+00:00,32.42583333333334,16.517107,2.8549824,42.293705
ElecFM,2025-03-13 00:00:00+00:00,LZ_RAYBN,2025-03-13 17:00:00+00:00,32.75,14.484729,2.534155,39.754948
ElecFM,2025-03-13 00:00:00+00:00,LZ_RAYBN,2025-03-13 18:00:00+00:00,27.5925,16.0629,3.3580418,42.678276
ElecFM,2025-03-13 00:00:00+00:00,LZ_RAYBN,2025-03-13 19:00:00+00:00,9.993333333333334,14.114106,-0.35365295,40.993267
ElecFM,2025-03-13 00:00:00+00:00,LZ_RAYBN,2025-03-13 20:00:00+00:00,10.385833333333332,11.797883,-2.565569,42.15444
ElecFM,2025-03-13 00:00:00+00:00,LZ_RAYBN,2025-03-13 21:00:00+00:00,14.941666666666668,15.970332,-0.7054901,49.68337
ElecFM,2025-03-13 00:00:00+00:00,LZ_RAYBN,2025-03-13 22:00:00+00:00,20.18166666666667,18.926506,-0.32697868,57.98485
ElecFM,2025-03-13 00:00:00+00:00,LZ_RAYBN,2025-03-13 23:00:00+00:00,30.86083333333333,31.462555,8.673662,73.413605
ElecFM,2025-03-13 00:00:00+00:00,LZ_WEST,2025-03-13 00:00:00+00:00,39.85333333333333,16.176949,-9.153187,56.727436
ElecFM,2025-03-13 00:00:00+00:00,LZ_WEST,2025-03-13 01:00:00+00:00,52.1475,25.877836,-5.4513474,73.76061
ElecFM,2025-03-13 00:00:00+00:00,LZ_WEST,2025-03-13 02:00:00+00:00,40.60333333333333,27.461212,-4.658329,76.428406
ElecFM,2025-03-13 00:00:00+00:00,LZ_WEST,2025-03-13 03:00:00+00:00,44.2225,26.909492,-3.349247,74.55709
ElecFM,2025-03-13 00:00:00+00:00,LZ_WEST,2025-03-13 04:00:00+00:00,35.665,25.96252,-2.8771362,70.296234
ElecFM,2025-03-13 00:00:00+00:00,LZ_WEST,2025-03-13 05:00:00+00:00,40.70916666666667,27.369467,-2.158825,69.69319
ElecFM,2025-03-13 00:00:00+00:00,LZ_WEST,2025-03-13 06:00:00+00:00,46.59666666666666,23.658627,-3.309311,64.04083
ElecFM,2025-03-13 00:00:00+00:00,LZ_WEST,2025-03-13 07:00:00+00:00,52.615833333333335,20.840702,-3.5724373,58.869045
ElecFM,2025-03-13 00:00:00+00:00,LZ_WEST,2025-03-13 08:00:00+00:00,48.01583333333334,21.269999,-0.6160431,53.750534
ElecFM,2025-03-13 00:00:00+00:00,LZ_WEST,2025-03-13 09:00:00+00:00,50.90166666666666,23.311377,4.1150646,51.62639
ElecFM,2025-03-13 00:00:00+00:00,LZ_WEST,2025-03-13 10:00:00+00:00,56.77666666666666,24.958107,6.515913,51.88401
ElecFM,2025-03-13 00:00:00+00:00,LZ_WEST,2025-03-13 11:00:00+00:00,64.77916666666667,27.170525,7.4156,54.25587
ElecFM,2025-03-13 00:00:00+00:00,LZ_WEST,2025-03-13 12:00:00+00:00,70.62,28.467083,7.759142,55.217407
ElecFM,2025-03-13 00:00:00+00:00,LZ_WEST,2025-03-13 13:00:00+00:00,77.4675,20.496605,-0.098493576,45.451775
ElecFM,2025-03-13 00:00:00+00:00,LZ_WEST,2025-03-13 14:00:00+00:00,30.286666666666665,10.750664,-7.4236603,32.817986
ElecFM,2025-03-13 00:00:00+00:00,LZ_WEST,2025-03-13 15:00:00+00:00,26.67083333333333,5.7678757,-9.352489,24.028334
ElecFM,2025-03-13 00:00:00+00:00,LZ_WEST,2025-03-13 16:00:00+00:00,29.493333333333336,6.3127117,-7.8847504,21.222488
ElecFM,2025-03-13 00:00:00+00:00,LZ_WEST,2025-03-13 17:00:00+00:00,27.671666666666667,4.7562523,-7.3522873,19.810823
ElecFM,2025-03-13 00:00:00+00:00,LZ_WEST,2025-03-13 18:00:00+00:00,23.28,0.80114174,-11.269436,17.22407
ElecFM,2025-03-13 00:00:00+00:00,LZ_WEST,2025-03-13 19:00:00+00:00,9.9425,-0.84944916,-12.790592,16.394356
ElecFM,2025-03-13 00:00:00+00:00,LZ_WEST,2025-03-13 20:00:00+00:00,20.526666666666667,-0.17875671,-11.295723,17.249886
ElecFM,2025-03-13 00:00:00+00:00,LZ_WEST,2025-03-13 21:00:00+00:00,47.74583333333334,1.2719135,-10.8291855,21.196898
ElecFM,2025-03-13 00:00:00+00:00,LZ_WEST,2025-03-13 22:00:00+00:00,81.21166666666666,3.3333645,-11.006226,29.639639
ElecFM,2025-03-13 00:00:00+00:00,LZ_WEST,2025-03-13 23:00:00+00:00,94.89666666666666,13.924885,-5.609829,46.477863
ElecFM,2025-03-14 00:00:00+00:00,LZ_LCRA,2025-03-14 00:00:00+00:00,45.16833333333333,63.274063,41.53869,89.84605
ElecFM,2025-03-14 00:00:00+00:00,LZ_LCRA,2025-03-14 01:00:00+00:00,46.77166666666667,58.043037,33.99431,88.937775
ElecFM,2025-03-14 00:00:00+00:00,LZ_LCRA,2025-03-14 02:00:00+00:00,46.3175,43.73124,20.467686,75.205
ElecFM,2025-03-14 00:00:00+00:00,LZ_LCRA,2025-03-14 03:00:00+00:00,35.29333333333333,34.09444,13.878428,63.532562
ElecFM,2025-03-14 00:00:00+00:00,LZ_LCRA,2025-03-14 04:00:00+00:00,24.89,27.756838,10.535965,54.35099
ElecFM,2025-03-14 00:00:00+00:00,LZ_LCRA,2025-03-14 05:00:00+00:00,21.391666666666666,26.42862,12.125102,50.895218
ElecFM,2025-03-14 00:00:00+00:00,LZ_LCRA,2025-03-14 06:00:00+00:00,18.214166666666667,25.298086,12.146579,48.727764
ElecFM,2025-03-14 00:00:00+00:00,LZ_LCRA,2025-03-14 07:00:00+00:00,17.7775,27.984398,15.660116,48.99613
ElecFM,2025-03-14 00:00:00+00:00,LZ_LCRA,2025-03-14 08:00:00+00:00,15.22,24.658682,13.151493,44.691826
ElecFM,2025-03-14 00:00:00+00:00,LZ_LCRA,2025-03-14 09:00:00+00:00,14.2,30.111818,17.670757,49.27834
ElecFM,2025-03-14 00:00:00+00:00,LZ_LCRA,2025-03-14 10:00:00+00:00,15.673333333333332,35.675587,21.215914,56.26564
ElecFM,2025-03-14 00:00:00+00:00,LZ_LCRA,2025-03-14 11:00:00+00:00,21.599166666666665,43.58219,27.530039,64.37857
ElecFM,2025-03-14 00:00:00+00:00,LZ_LCRA,2025-03-14 12:00:00+00:00,24.75333333333333,50.08004,32.53258,71.54799
ElecFM,2025-03-14 00:00:00+00:00,LZ_LCRA,2025-03-14 13:00:00+00:00,22.9175,39.045635,22.333431,59.23845
ElecFM,2025-03-14 00:00:00+00:00,LZ_LCRA,2025-03-14 14:00:00+00:00,19.595,29.358248,14.408046,48.34249
ElecFM,2025-03-14 00:00:00+00:00,LZ_LCRA,2025-03-14 15:00:00+00:00,10.909166666666666,25.869783,12.892513,42.69258
ElecFM,2025-03-14 00:00:00+00:00,LZ_LCRA,2025-03-14 16:00:00+00:00,13.446666666666667,23.665937,11.359708,39.4036
ElecFM,2025-03-14 00:00:00+00:00,LZ_LCRA,2025-03-14 17:00:00+00:00,15.280833333333334,21.925554,10.488239,36.562286
ElecFM,2025-03-14 00:00:00+00:00,LZ_LCRA,2025-03-14 18:00:00+00:00,17.105,19.783552,7.545532,35.564316
ElecFM,2025-03-14 00:00:00+00:00,LZ_LCRA,2025-03-14 19:00:00+00:00,23.1575,17.811386,4.624153,32.8146
ElecFM,2025-03-14 00:00:00+00:00,LZ_LCRA,2025-03-14 20:00:00+00:00,30.54083333333333,16.98235,2.816864,33.200928
ElecFM,2025-03-14 00:00:00+00:00,LZ_LCRA,2025-03-14 21:00:00+00:00,24.44333333333333,18.98637,2.6798038,37.477432
ElecFM,2025-03-14 00:00:00+00:00,LZ_LCRA,2025-03-14 22:00:00+00:00,28.4225,25.860823,7.3147774,49.057518
ElecFM,2025-03-14 00:00:00+00:00,LZ_LCRA,2025-03-14 23:00:00+00:00,38.906666666666666,36.587677,15.419951,63.5263
ElecFM,2025-03-14 00:00:00+00:00,LZ_RAYBN,2025-03-14 00:00:00+00:00,34.276666666666664,45.917816,25.35654,69.32096
ElecFM,2025-03-14 00:00:00+00:00,LZ_RAYBN,2025-03-14 01:00:00+00:00,31.25916666666667,44.461864,21.785355,70.95714
ElecFM,2025-03-14 00:00:00+00:00,LZ_RAYBN,2025-03-14 02:00:00+00:00,29.715,36.810318,14.976856,63.284805
ElecFM,2025-03-14 00:00:00+00:00,LZ_RAYBN,2025-03-14 03:00:00+00:00,22.419166666666666,27.28106,8.22909,51.786987
ElecFM,2025-03-14 00:00:00+00:00,LZ_RAYBN,2025-03-14 04:00:00+00:00,16.9475,20.763626,4.0426655,43.902554
ElecFM,2025-03-14 00:00:00+00:00,LZ_RAYBN,2025-03-14 05:00:00+00:00,18.80666666666667,19.549238,4.410448,41.033348
ElecFM,2025-03-14 00:00:00+00:00,LZ_RAYBN,2025-03-14 06:00:00+00:00,17.459166666666665,20.136503,5.775961,41.754665
ElecFM,2025-03-14 00:00:00+00:00,LZ_RAYBN,2025-03-14 07:00:00+00:00,17.3875,19.956854,6.059057,40.194847
ElecFM,2025-03-14 00:00:00+00:00,LZ_RAYBN,2025-03-14 08:00:00+00:00,15.475,18.940653,5.2687283,38.890152
ElecFM,2025-03-14 00:00:00+00:00,LZ_RAYBN,2025-03-14 09:00:00+00:00,14.8275,23.595654,9.4896145,43.240322
ElecFM,2025-03-14 00:00:00+00:00,LZ_RAYBN,2025-03-14 10:00:00+00:00,15.6325,26.60215,11.125823,47.72151
ElecFM,2025-03-14 00:00:00+00:00,LZ_RAYBN,2025-03-14 11:00:00+00:00,20.831666666666667,35.858833,18.446302,57.960777
ElecFM,2025-03-14 00:00:00+00:00,LZ_RAYBN,2025-03-14 12:00:00+00:00,17.106666666666666,43.166355,24.239552,65.98828
ElecFM,2025-03-14 00:00:00+00:00,LZ_RAYBN,2025-03-14 13:00:00+00:00,14.589166666666666,32.609665,14.470621,55.300087
ElecFM,2025-03-14 00:00:00+00:00,LZ_RAYBN,2025-03-14 14:00:00+00:00,12.589999999999998,22.485125,6.408266,43.511497
ElecFM,2025-03-14 00:00:00+00:00,LZ_RAYBN,2025-03-14 15:00:00+00:00,3.3041666666666667,24.085365,10.209348,42.99733
ElecFM,2025-03-14 00:00:00+00:00,LZ_RAYBN,2025-03-14 16:00:00+00:00,4.291666666666667,20.691137,7.2984943,38.531715
ElecFM,2025-03-14 00:00:00+00:00,LZ_RAYBN,2025-03-14 17:00:00+00:00,15.155,17.290092,4.6646557,35.48452
ElecFM,2025-03-14 00:00:00+00:00,LZ_RAYBN,2025-03-14 18:00:00+00:00,24.295,14.762394,1.4206638,34.089706
ElecFM,2025-03-14 00:00:00+00:00,LZ_RAYBN,2025-03-14 19:00:00+00:00,21.915000000000003,11.726836,-2.6079693,30.520031
ElecFM,2025-03-14 00:00:00+00:00,LZ_RAYBN,2025-03-14 20:00:00+00:00,23.126666666666665,9.904754,-3.962658,29.350231
ElecFM,2025-03-14 00:00:00+00:00,LZ_RAYBN,2025-03-14 21:00:00+00:00,16.03,11.692657,-3.3032951,33.017906
ElecFM,2025-03-14 00:00:00+00:00,LZ_RAYBN,2025-03-14 22:00:00+00:00,14.835833333333332,17.95286,1.7829819,42.2797
ElecFM,2025-03-14 00:00:00+00:00,LZ_RAYBN,2025-03-14 23:00:00+00:00,26.844166666666663,28.762077,8.975128,55.540466
ElecFM,2025-03-14 00:00:00+00:00,LZ_WEST,2025-03-14 00:00:00+00:00,83.1375,107.18671,64.359856,159.47662
ElecFM,2025-03-14 00:00:00+00:00,LZ_WEST,2025-03-14 01:00:00+00:00,105.90916666666668,100.25574,52.72808,159.0546
ElecFM,2025-03-14 00:00:00+00:00,LZ_WEST,2025-03-14 02:00:00+00:00,109.83166666666666,82.6439,36.64186,142.52805
ElecFM,2025-03-14 00:00:00+00:00,LZ_WEST,2025-03-14 03:00:00+00:00,84.63333333333334,69.83937,25.811356,126.60419
ElecFM,2025-03-14 00:00:00+00:00,LZ_WEST,2025-03-14 04:00:00+00:00,52.11083333333334,62.577866,20.928246,115.091156
ElecFM,2025-03-14 00:00:00+00:00,LZ_WEST,2025-03-14 05:00:00+00:00,24.0225,65.06386,25.628803,116.76427
ElecFM,2025-03-14 00:00:00+00:00,LZ_WEST,2025-03-14 06:00:00+00:00,13.374166666666667,63.131035,25.649529,114.401276
ElecFM,2025-03-14 00:00:00+00:00,LZ_WEST,2025-03-14 07:00:00+00:00,12.963333333333331,62.287727,26.936975,114.75937
ElecFM,2025-03-14 00:00:00+00:00,LZ_WEST,2025-03-14 08:00:00+00:00,8.2225,61.00373,26.246637,108.73935
ElecFM,2025-03-14 00:00:00+00:00,LZ_WEST,2025-03-14 09:00:00+00:00,2.158333333333333,62.011997,28.62864,107.73901
ElecFM,2025-03-14 00:00:00+00:00,LZ_WEST,2025-03-14 10:00:00+00:00,-0.4633333333333334,62.91311,27.240044,107.03398
ElecFM,2025-03-14 00:00:00+00:00,LZ_WEST,2025-03-14 11:00:00+00:00,0.7733333333333333,64.15669,29.663397,110.15463
ElecFM,2025-03-14 00:00:00+00:00,LZ_WEST,2025-03-14 12:00:00+00:00,2.94,66.27222,32.57367,109.44862
ElecFM,2025-03-14 00:00:00+00:00,LZ_WEST,2025-03-14 13:00:00+00:00,1.8458333333333328,51.097027,21.350235,90.463715
ElecFM,2025-03-14 00:00:00+00:00,LZ_WEST,2025-03-14 14:00:00+00:00,2.7125,34.034637,8.43202,68.05097
ElecFM,2025-03-14 00:00:00+00:00,LZ_WEST,2025-03-14 15:00:00+00:00,0.5008333333333334,26.293001,5.1745167,53.61934
ElecFM,2025-03-14 00:00:00+00:00,LZ_WEST,2025-03-14 16:00:00+00:00,0.6425,22.962246,5.96533,44.041588
ElecFM,2025-03-14 00:00:00+00:00,LZ_WEST,2025-03-14 17:00:00+00:00,2.894166666666667,23.526657,10.3514805,41.688602
ElecFM,2025-03-14 00:00:00+00:00,LZ_WEST,2025-03-14 18:00:00+00:00,5.651666666666667,20.061926,6.2880154,38.80786
ElecFM,2025-03-14 00:00:00+00:00,LZ_WEST,2025-03-14 19:00:00+00:00,3.638333333333333,15.360186,-1.6588135,36.36271
ElecFM,2025-03-14 00:00:00+00:00,LZ_WEST,2025-03-14 20:00:00+00:00,3.599166666666666,13.421093,-4.6440697,39.21944
ElecFM,2025-03-14 00:00:00+00:00,LZ_WEST,2025-03-14 21:00:00+00:00,1.278333333333333,17.682148,-6.100872,47.3174
ElecFM,2025-03-14 00:00:00+00:00,LZ_WEST,2025-03-14 22:00:00+00:00,0.4041666666666666,25.600521,-0.8000412,63.821716
ElecFM,2025-03-14 00:00:00+00:00,LZ_WEST,2025-03-14 23:00:00+00:00,1.4325,39.227627,8.2215805,85.438095
ElecFM,2025-03-15 00:00:00+00:00,LZ_LCRA,2025-03-15 00:00:00+00:00,32.61083333333333,45.061493,33.01656,59.757675
ElecFM,2025-03-15 00:00:00+00:00,LZ_LCRA,2025-03-15 01:00:00+00:00,31.39833333333333,42.848236,29.383993,60.0065
ElecFM,2025-03-15 00:00:00+00:00,LZ_LCRA,2025-03-15 02:00:00+00:00,38.696666666666665,35.784,22.295109,53.925217
ElecFM,2025-03-15 00:00:00+00:00,LZ_LCRA,2025-03-15 03:00:00+00:00,42.045,30.19945,17.440802,48.233948
ElecFM,2025-03-15 00:00:00+00:00,LZ_LCRA,2025-03-15 04:00:00+00:00,29.60166666666667,24.387375,12.887114,41.00096
ElecFM,2025-03-15 00:00:00+00:00,LZ_LCRA,2025-03-15 05:00:00+00:00,53.59916666666667,20.8209,10.205677,36.077316
ElecFM,2025-03-15 00:00:00+00:00,LZ_LCRA,2025-03-15 06:00:00+00:00,70.0825,16.79233,7.359995,30.89751
ElecFM,2025-03-15 00:00:00+00:00,LZ_LCRA,2025-03-15 07:00:00+00:00,136.80666666666664,18.68491,9.95619,32.293026
ElecFM,2025-03-15 00:00:00+00:00,LZ_LCRA,2025-03-15 08:00:00+00:00,74.415,15.454006,7.301939,28.612635
ElecFM,2025-03-15 00:00:00+00:00,LZ_LCRA,2025-03-15 09:00:00+00:00,56.02,17.590948,8.738146,31.375694
ElecFM,2025-03-15 00:00:00+00:00,LZ_LCRA,2025-03-15 10:00:00+00:00,44.22916666666666,24.211596,13.867865,39.69153
ElecFM,2025-03-15 00:00:00+00:00,LZ_LCRA,2025-03-15 11:00:00+00:00,64.20583333333333,26.966692,15.078465,43.410713
ElecFM,2025-03-15 00:00:00+00:00,LZ_LCRA,2025-03-15 12:00:00+00:00,41.435833333333335,33.031845,20.652641,49.709854
ElecFM,2025-03-15 00:00:00+00:00,LZ_LCRA,2025-03-15 13:00:00+00:00,38.08833333333333,26.926558,14.910142,42.100113
ElecFM,2025-03-15 00:00:00+00:00,LZ_LCRA,2025-03-15 14:00:00+00:00,8.255,17.21122,7.240679,31.02009
ElecFM,2025-03-15 00:00:00+00:00,LZ_LCRA,2025-03-15 15:00:00+00:00,-0.3341666666666666,17.03293,8.195587,29.426302
ElecFM,2025-03-15 00:00:00+00:00,LZ_LCRA,2025-03-15 16:00:00+00:00,-3.0500000000000003,15.695007,7.7012215,27.376879
ElecFM,2025-03-15 00:00:00+00:00,LZ_LCRA,2025-03-15 17:00:00+00:00,-3.6366666666666663,14.924744,7.836586,26.846275
ElecFM,2025-03-15 00:00:00+00:00,LZ_LCRA,2025-03-15 18:00:00+00:00,-3.6425,16.487604,8.936836,28.46974
ElecFM,2025-03-15 00:00:00+00:00,LZ_LCRA,2025-03-15 19:00:00+00:00,-2.8675,16.598532,8.572424,28.546371
ElecFM,2025-03-15 00:00:00+00:00,LZ_LCRA,2025-03-15 20:00:00+00:00,-2.97,15.3109665,7.289057,27.981808
ElecFM,2025-03-15 00:00:00+00:00,LZ_LCRA,2025-03-15 21:00:00+00:00,-2.0391666666666666,15.346662,5.979128,29.615562
ElecFM,2025-03-15 00:00:00+00:00,LZ_LCRA,2025-03-15 22:00:00+00:00,-2.0483333333333333,19.476486,8.260439,36.401035
ElecFM,2025-03-15 00:00:00+00:00,LZ_LCRA,2025-03-15 23:00:00+00:00,13.395,27.770641,14.644666,47.358444
ElecFM,2025-03-15 00:00:00+00:00,LZ_RAYBN,2025-03-15 00:00:00+00:00,24.68,33.724846,21.875198,46.427547
ElecFM,2025-03-15 00:00:00+00:00,LZ_RAYBN,2025-03-15 01:00:00+00:00,26.8625,31.40842,18.416597,45.75354
ElecFM,2025-03-15 00:00:00+00:00,LZ_RAYBN,2025-03-15 02:00:00+00:00,34.5775,26.06111,13.00148,40.857872
ElecFM,2025-03-15 00:00:00+00:00,LZ_RAYBN,2025-03-15 03:00:00+00:00,40.141666666666666,22.333302,9.934942,36.50641
ElecFM,2025-03-15 00:00:00+00:00,LZ_RAYBN,2025-03-15 04:00:00+00:00,29.5575,19.074858,7.4554768,32.011955
ElecFM,2025-03-15 00:00:00+00:00,LZ_RAYBN,2025-03-15 05:00:00+00:00,53.51416666666666,17.414518,6.420269,29.871502
ElecFM,2025-03-15 00:00:00+00:00,LZ_RAYBN,2025-03-15 06:00:00+00:00,69.84666666666666,15.357121,4.809801,27.406694
ElecFM,2025-03-15 00:00:00+00:00,LZ_RAYBN,2025-03-15 07:00:00+00:00,136.75333333333333,14.704794,4.418253,26.458637
ElecFM,2025-03-15 00:00:00+00:00,LZ_RAYBN,2025-03-15 08:00:00+00:00,74.42333333333333,12.939478,2.1392422,24.546295
ElecFM,2025-03-15 00:00:00+00:00,LZ_RAYBN,2025-03-15 09:00:00+00:00,56.245000000000005,15.029562,3.7003822,27.449083
ElecFM,2025-03-15 00:00:00+00:00,LZ_RAYBN,2025-03-15 10:00:00+00:00,44.365833333333335,18.830767,5.4267826,32.674397
ElecFM,2025-03-15 00:00:00+00:00,LZ_RAYBN,2025-03-15 11:00:00+00:00,64.20583333333333,21.286636,6.891697,36.408974
ElecFM,2025-03-15 00:00:00+00:00,LZ_RAYBN,2025-03-15 12:00:00+00:00,41.517500000000005,27.063482,12.303148,42.58084
ElecFM,2025-03-15 00:00:00+00:00,LZ_RAYBN,2025-03-15 13:00:00+00:00,38.16916666666666,19.316853,4.991007,33.9591
ElecFM,2025-03-15 00:00:00+00:00,LZ_RAYBN,2025-03-15 14:00:00+00:00,8.460833333333333,13.315701,0.37182617,26.84468
ElecFM,2025-03-15 00:00:00+00:00,LZ_RAYBN,2025-03-15 15:00:00+00:00,-0.2299999999999999,13.198429,1.17552,25.371172
ElecFM,2025-03-15 00:00:00+00:00,LZ_RAYBN,2025-03-15 16:00:00+00:00,-2.999166666666667,12.262052,1.7422428,23.96278
ElecFM,2025-03-15 00:00:00+00:00,LZ_RAYBN,2025-03-15 17:00:00+00:00,-3.675,11.38872,2.2598133,22.834352
ElecFM,2025-03-15 00:00:00+00:00,LZ_RAYBN,2025-03-15 18:00:00+00:00,-3.883333333333333,11.711919,2.9879856,23.31445
ElecFM,2025-03-15 00:00:00+00:00,LZ_RAYBN,2025-03-15 19:00:00+00:00,-3.5583333333333336,10.406941,1.9076328,21.281387
ElecFM,2025-03-15 00:00:00+00:00,LZ_RAYBN,2025-03-15 20:00:00+00:00,-3.795,8.736603,0.44978714,20.073606
ElecFM,2025-03-15 00:00:00+00:00,LZ_RAYBN,2025-03-15 21:00:00+00:00,-3.6325,10.599555,0.84887123,22.626371
ElecFM,2025-03-15 00:00:00+00:00,LZ_RAYBN,2025-03-15 22:00:00+00:00,-4.0025,13.01024,1.2309303,27.30634
ElecFM,2025-03-15 00:00:00+00:00,LZ_RAYBN,2025-03-15 23:00:00+00:00,7.5125,19.26655,5.904602,35.45782
ElecFM,2025-03-15 00:00:00+00:00,LZ_WEST,2025-03-15 00:00:00+00:00,4.359166666666667,9.539597,-5.219265,29.552084
ElecFM,2025-03-15 00:00:00+00:00,LZ_WEST,2025-03-15 01:00:00+00:00,11.7975,16.237415,-2.2893753,43.26561
ElecFM,2025-03-15 00:00:00+00:00,LZ_WEST,2025-03-15 02:00:00+00:00,20.3625,19.35867,1.0201378,48.949127
ElecFM,2025-03-15 00:00:00+00:00,LZ_WEST,2025-03-15 03:00:00+00:00,33.68333333333333,18.945566,2.3132515,48.47454
ElecFM,2025-03-15 00:00:00+00:00,LZ_WEST,2025-03-15 04:00:00+00:00,29.84166666666667,15.497522,0.48666763,42.251472
ElecFM,2025-03-15 00:00:00+00:00,LZ_WEST,2025-03-15 05:00:00+00:00,54.05083333333334,17.849066,2.3991585,44.804832
ElecFM,2025-03-15 00:00:00+00:00,LZ_WEST,2025-03-15 06:00:00+00:00,71.365,18.44417,2.5546608,45.515884
ElecFM,2025-03-15 00:00:00+00:00,LZ_WEST,2025-03-15 07:00:00+00:00,136.95916666666668,18.724867,2.288292,48.136738
ElecFM,2025-03-15 00:00:00+00:00,LZ_WEST,2025-03-15 08:00:00+00:00,74.41416666666667,18.813013,2.3511543,45.60683
ElecFM,2025-03-15 00:00:00+00:00,LZ_WEST,2025-03-15 09:00:00+00:00,58.57916666666667,20.132656,2.9774952,46.64628
ElecFM,2025-03-15 00:00:00+00:00,LZ_WEST,2025-03-15 10:00:00+00:00,45.7275,23.298882,4.7778416,50.348976
ElecFM,2025-03-15 00:00:00+00:00,LZ_WEST,2025-03-15 11:00:00+00:00,64.20583333333333,22.801712,2.9481125,52.531235
ElecFM,2025-03-15 00:00:00+00:00,LZ_WEST,2025-03-15 12:00:00+00:00,42.34,28.189249,6.528225,55.93721
ElecFM,2025-03-15 00:00:00+00:00,LZ_WEST,2025-03-15 13:00:00+00:00,39.23,21.475616,1.8367958,48.046944
ElecFM,2025-03-15 00:00:00+00:00,LZ_WEST,2025-03-15 14:00:00+00:00,8.110833333333334,14.260471,-1.959053,35.799084
ElecFM,2025-03-15 00:00:00+00:00,LZ_WEST,2025-03-15 15:00:00+00:00,-0.415,11.798862,-0.11053085,28.04176
ElecFM,2025-03-15 00:00:00+00:00,LZ_WEST,2025-03-15 16:00:00+00:00,-2.8608333333333333,9.914513,-0.36925507,20.826952
ElecFM,2025-03-15 00:00:00+00:00,LZ_WEST,2025-03-15 17:00:00+00:00,-3.6525,11.510847,2.6884842,20.350653
ElecFM,2025-03-15 00:00:00+00:00,LZ_WEST,2025-03-15 18:00:00+00:00,-4.125,11.144794,2.3238907,21.126457
ElecFM,2025-03-15 00:00:00+00:00,LZ_WEST,2025-03-15 19:00:00+00:00,-4.3925,8.293343,-2.9998398,18.450727
ElecFM,2025-03-15 00:00:00+00:00,LZ_WEST,2025-03-15 20:00:00+00:00,-4.206666666666666,6.499777,-3.8501282,18.977995
ElecFM,2025-03-15 00:00:00+00:00,LZ_WEST,2025-03-15 21:00:00+00:00,-3.395833333333333,8.750208,-4.61248,24.95414
ElecFM,2025-03-15 00:00:00+00:00,LZ_WEST,2025-03-15 22:00:00+00:00,-3.443333333333334,13.310488,-4.824421,37.23536
ElecFM,2025-03-15 00:00:00+00:00,LZ_WEST,2025-03-15 23:00:00+00:00,2.588333333333334,21.383806,-0.9871597,53.762016
ElecFM,2025-03-16 00:00:00+00:00,LZ_LCRA,2025-03-16 00:00:00+00:00,55.04083333333333,25.88998,13.9340315,40.337444
ElecFM,2025-03-16 00:00:00+00:00,LZ_LCRA,2025-03-16 01:00:00+00:00,63.34666666666666,26.935802,13.498419,43.7499
ElecFM,2025-03-16 00:00:00+00:00,LZ_LCRA,2025-03-16 02:00:00+00:00,67.2625,20.952461,7.878908,38.24303
ElecFM,2025-03-16 00:00:00+00:00,LZ_LCRA,2025-03-16 03:00:00+00:00,78.935,16.941238,5.54467,34.157482
ElecFM,2025-03-16 00:00:00+00:00,LZ_LCRA,2025-03-16 04:00:00+00:00,61.090833333333336,10.8850155,-0.8366089,27.050997
ElecFM,2025-03-16 00:00:00+00:00,LZ_LCRA,2025-03-16 05:00:00+00:00,60.09916666666666,12.330293,-0.8490677,27.97144
ElecFM,2025-03-16 00:00:00+00:00,LZ_LCRA,2025-03-16 06:00:00+00:00,44.35833333333333,14.069773,1.0353584,30.004028
ElecFM,2025-03-16 00:00:00+00:00,LZ_LCRA,2025-03-16 07:00:00+00:00,38.93833333333333,19.531452,6.6869373,36.74062
ElecFM,2025-03-16 00:00:00+00:00,LZ_LCRA,2025-03-16 08:00:00+00:00,30.971666666666668,16.509487,2.5098438,32.31427
ElecFM,2025-03-16 00:00:00+00:00,LZ_LCRA,2025-03-16 09:00:00+00:00,25.319166666666664,15.895326,1.600977,32.501244
ElecFM,2025-03-16 00:00:00+00:00,LZ_LCRA,2025-03-16 10:00:00+00:00,21.40333333333333,17.29868,0.93397903,34.88781
ElecFM,2025-03-16 00:00:00+00:00,LZ_LCRA,2025-03-16 11:00:00+00:00,21.919166666666666,24.67474,6.9028397,44.463753
ElecFM,2025-03-16 00:00:00+00:00,LZ_LCRA,2025-03-16 12:00:00+00:00,24.69666666666667,28.804241,10.779591,46.980663
ElecFM,2025-03-16 00:00:00+00:00,LZ_LCRA,2025-03-16 13:00:00+00:00,15.2025,19.025133,2.6697407,36.563797
ElecFM,2025-03-16 00:00:00+00:00,LZ_LCRA,2025-03-16 14:00:00+00:00,2.26,7.0602627,-7.27433,21.246979
ElecFM,2025-03-16 00:00:00+00:00,LZ_LCRA,2025-03-16 15:00:00+00:00,0.0116666666666666,2.9477139,-9.116325,14.57917
ElecFM,2025-03-16 00:00:00+00:00,LZ_LCRA,2025-03-16 16:00:00+00:00,0.02,-2.8556728,-14.223282,6.1314735
ElecFM,2025-03-16 00:00:00+00:00,LZ_LCRA,2025-03-16 17:00:00+00:00,0.0316666666666666,-2.261135,-11.774021,5.9820004
ElecFM,2025-03-16 00:00:00+00:00,LZ_LCRA,2025-03-16 18:00:00+00:00,0.03,1.5499897,-7.2888107,8.448025
ElecFM,2025-03-16 00:00:00+00:00,LZ_LCRA,2025-03-16 19:00:00+00:00,0.0174999999999999,2.9636078,-6.324333,9.17835
ElecFM,2025-03-16 00:00:00+00:00,LZ_LCRA,2025-03-16 20:00:00+00:00,0.0,1.1230869,-6.6856766,8.142376
ElecFM,2025-03-16 00:00:00+00:00,LZ_LCRA,2025-03-16 21:00:00+00:00,0.0,3.142311,-7.120804,11.723817
ElecFM,2025-03-16 00:00:00+00:00,LZ_LCRA,2025-03-16 22:00:00+00:00,0.0016666666666666,8.041822,-4.448271,20.892696
ElecFM,2025-03-16 00:00:00+00:00,LZ_LCRA,2025-03-16 23:00:00+00:00,44.931666666666665,19.037052,4.1628914,35.732788
ElecFM,2025-03-16 00:00:00+00:00,LZ_RAYBN,2025-03-16 00:00:00+00:00,54.97083333333333,20.730639,4.926016,38.628258
ElecFM,2025-03-16 00:00:00+00:00,LZ_RAYBN,2025-03-16 01:00:00+00:00,63.373333333333335,25.251484,7.9076824,45.246414
ElecFM,2025-03-16 00:00:00+00:00,LZ_RAYBN,2025-03-16 02:00:00+00:00,68.54833333333333,21.858377,5.6579037,42.029015
ElecFM,2025-03-16 00:00:00+00:00,LZ_RAYBN,2025-03-16 03:00:00+00:00,79.55916666666667,17.23915,3.1712132,36.555336
ElecFM,2025-03-16 00:00:00+00:00,LZ_RAYBN,2025-03-16 04:00:00+00:00,64.27833333333334,12.011766,-0.27228546,28.349493
ElecFM,2025-03-16 00:00:00+00:00,LZ_RAYBN,2025-03-16 05:00:00+00:00,66.19166666666666,13.686523,0.7574482,28.603016
ElecFM,2025-03-16 00:00:00+00:00,LZ_RAYBN,2025-03-16 06:00:00+00:00,52.43416666666667,15.805022,5.089695,30.447657
ElecFM,2025-03-16 00:00:00+00:00,LZ_RAYBN,2025-03-16 07:00:00+00:00,45.32,16.873295,7.885372,31.943552
ElecFM,2025-03-16 00:00:00+00:00,LZ_RAYBN,2025-03-16 08:00:00+00:00,32.09,14.016535,4.097967,26.96216
ElecFM,2025-03-16 00:00:00+00:00,LZ_RAYBN,2025-03-16 09:00:00+00:00,25.319166666666664,14.30684,3.9319973,28.942745
ElecFM,2025-03-16 00:00:00+00:00,LZ_RAYBN,2025-03-16 10:00:00+00:00,21.40333333333333,17.64676,4.313534,34.17721
ElecFM,2025-03-16 00:00:00+00:00,LZ_RAYBN,2025-03-16 11:00:00+00:00,21.924166666666665,22.970694,7.0053425,43.183487
ElecFM,2025-03-16 00:00:00+00:00,LZ_RAYBN,2025-03-16 12:00:00+00:00,24.69666666666667,28.358797,11.599882,48.48947
ElecFM,2025-03-16 00:00:00+00:00,LZ_RAYBN,2025-03-16 13:00:00+00:00,15.2025,18.898369,3.609356,38.747955
ElecFM,2025-03-16 00:00:00+00:00,LZ_RAYBN,2025-03-16 14:00:00+00:00,2.2666666666666666,7.4289494,-5.6948223,24.619616
ElecFM,2025-03-16 00:00:00+00:00,LZ_RAYBN,2025-03-16 15:00:00+00:00,0.0116666666666666,5.4963665,-5.363825,20.444916
ElecFM,2025-03-16 00:00:00+00:00,LZ_RAYBN,2025-03-16 16:00:00+00:00,0.0016666666666666,1.0682259,-9.406202,13.300343
ElecFM,2025-03-16 00:00:00+00:00,LZ_RAYBN,2025-03-16 17:00:00+00:00,0.0066666666666666,2.6094284,-5.8183823,14.134248
ElecFM,2025-03-16 00:00:00+00:00,LZ_RAYBN,2025-03-16 18:00:00+00:00,0.0,4.403368,-3.4330215,14.845575
ElecFM,2025-03-16 00:00:00+00:00,LZ_RAYBN,2025-03-16 19:00:00+00:00,0.0,2.904932,-4.0696735,12.074861
ElecFM,2025-03-16 00:00:00+00:00,LZ_RAYBN,2025-03-16 20:00:00+00:00,0.0,1.8951206,-4.263237,10.444674
ElecFM,2025-03-16 00:00:00+00:00,LZ_RAYBN,2025-03-16 21:00:00+00:00,0.0,6.831583,-1.802742,16.865335
ElecFM,2025-03-16 00:00:00+00:00,LZ_RAYBN,2025-03-16 22:00:00+00:00,0.0016666666666666,10.939423,-0.7943516,25.183271
ElecFM,2025-03-16 00:00:00+00:00,LZ_RAYBN,2025-03-16 23:00:00+00:00,45.682500000000005,22.961761,7.418503,41.590744
ElecFM,2025-03-16 00:00:00+00:00,LZ_WEST,2025-03-16 00:00:00+00:00,54.99333333333333,17.0982,-1.8653336,44.21172
ElecFM,2025-03-16 00:00:00+00:00,LZ_WEST,2025-03-16 01:00:00+00:00,63.44083333333333,30.4136,7.038351,63.475494
ElecFM,2025-03-16 00:00:00+00:00,LZ_WEST,2025-03-16 02:00:00+00:00,71.63083333333334,34.34929,9.723177,69.86636
ElecFM,2025-03-16 00:00:00+00:00,LZ_WEST,2025-03-16 03:00:00+00:00,91.65166666666666,31.846813,7.012718,67.579346
ElecFM,2025-03-16 00:00:00+00:00,LZ_WEST,2025-03-16 04:00:00+00:00,95.3575,28.166565,2.9203148,62.67465
ElecFM,2025-03-16 00:00:00+00:00,LZ_WEST,2025-03-16 05:00:00+00:00,71.415,28.811573,3.0738506,63.23749
ElecFM,2025-03-16 00:00:00+00:00,LZ_WEST,2025-03-16 06:00:00+00:00,64.1775,29.316195,5.937685,63.753548
ElecFM,2025-03-16 00:00:00+00:00,LZ_WEST,2025-03-16 07:00:00+00:00,55.16416666666667,27.245703,6.5506496,61.87256
ElecFM,2025-03-16 00:00:00+00:00,LZ_WEST,2025-03-16 08:00:00+00:00,34.0375,24.520727,3.9998322,56.524765
ElecFM,2025-03-16 00:00:00+00:00,LZ_WEST,2025-03-16 09:00:00+00:00,25.319166666666664,26.178324,5.6173744,56.875008
ElecFM,2025-03-16 00:00:00+00:00,LZ_WEST,2025-03-16 10:00:00+00:00,21.40333333333333,27.82294,5.412739,60.198486
ElecFM,2025-03-16 00:00:00+00:00,LZ_WEST,2025-03-16 11:00:00+00:00,21.7625,31.215797,7.4858303,66.76512
ElecFM,2025-03-16 00:00:00+00:00,LZ_WEST,2025-03-16 12:00:00+00:00,24.69666666666667,31.288658,6.4090023,65.6323
ElecFM,2025-03-16 00:00:00+00:00,LZ_WEST,2025-03-16 13:00:00+00:00,15.2025,24.289005,0.86356735,55.12496
ElecFM,2025-03-16 00:00:00+00:00,LZ_WEST,2025-03-16 14:00:00+00:00,2.2608333333333333,13.428471,-6.0077896,40.12137
ElecFM,2025-03-16 00:00:00+00:00,LZ_WEST,2025-03-16 15:00:00+00:00,-0.0058333333333333,5.2956734,-9.549797,25.63784
ElecFM,2025-03-16 00:00:00+00:00,LZ_WEST,2025-03-16 16:00:00+00:00,-0.0141666666666666,0.1481018,-11.685875,13.716539
ElecFM,2025-03-16 00:00:00+00:00,LZ_WEST,2025-03-16 17:00:00+00:00,-0.02,-2.34523,-8.718742,8.350666
ElecFM,2025-03-16 00:00:00+00:00,LZ_WEST,2025-03-16 18:00:00+00:00,-0.0283333333333333,-1.3646355,-7.394348,7.145216
ElecFM,2025-03-16 00:00:00+00:00,LZ_WEST,2025-03-16 19:00:00+00:00,-0.0174999999999999,-2.0643044,-8.007023,4.8374634
ElecFM,2025-03-16 00:00:00+00:00,LZ_WEST,2025-03-16 20:00:00+00:00,0.0,-2.5939217,-8.419243,5.359455
ElecFM,2025-03-16 00:00:00+00:00,LZ_WEST,2025-03-16 21:00:00+00:00,0.0,-3.3958397,-11.411961,5.907833
ElecFM,2025-03-16 00:00:00+00:00,LZ_WEST,2025-03-16 22:00:00+00:00,0.0016666666666666,2.8481922,-8.211842,18.096134
ElecFM,2025-03-16 00:00:00+00:00,LZ_WEST,2025-03-16 23:00:00+00:00,45.41166666666667,12.9213505,-1.8165779,33.624615
ElecFM,2025-03-17 00:00:00+00:00,LZ_LCRA,2025-03-17 00:00:00+00:00,101.38833333333334,79.48694,40.449142,127.76816
ElecFM,2025-03-17 00:00:00+00:00,LZ_LCRA,2025-03-17 01:00:00+00:00,89.52166666666666,74.93025,35.817265,124.74045
ElecFM,2025-03-17 00:00:00+00:00,LZ_LCRA,2025-03-17 02:00:00+00:00,43.19,56.97339,26.17193,101.462814
ElecFM,2025-03-17 00:00:00+00:00,LZ_LCRA,2025-03-17 03:00:00+00:00,36.1,44.168022,22.428545,81.70639
ElecFM,2025-03-17 00:00:00+00:00,LZ_LCRA,2025-03-17 04:00:00+00:00,29.81583333333333,32.234055,16.583878,60.640472
ElecFM,2025-03-17 00:00:00+00:00,LZ_LCRA,2025-03-17 05:00:00+00:00,26.89333333333333,28.306334,14.57455,54.017258
ElecFM,2025-03-17 00:00:00+00:00,LZ_LCRA,2025-03-17 06:00:00+00:00,21.315,22.522175,10.904175,49.18076
ElecFM,2025-03-17 00:00:00+00:00,LZ_LCRA,2025-03-17 07:00:00+00:00,20.941666666666663,21.809824,11.157558,50.62288
ElecFM,2025-03-17 00:00:00+00:00,LZ_LCRA,2025-03-17 08:00:00+00:00,20.294166666666666,16.990253,6.542797,41.755238
ElecFM,2025-03-17 00:00:00+00:00,LZ_LCRA,2025-03-17 09:00:00+00:00,15.815833333333332,16.439915,5.1644955,40.9559
ElecFM,2025-03-17 00:00:00+00:00,LZ_LCRA,2025-03-17 10:00:00+00:00,17.605,23.848183,9.339163,48.79555
ElecFM,2025-03-17 00:00:00+00:00,LZ_LCRA,2025-03-17 11:00:00+00:00,20.14333333333333,35.353848,17.06886,67.067764
ElecFM,2025-03-17 00:00:00+00:00,LZ_LCRA,2025-03-17 12:00:00+00:00,19.18,36.845146,17.825403,67.77348
ElecFM,2025-03-17 00:00:00+00:00,LZ_LCRA,2025-03-17 13:00:00+00:00,7.864166666666667,25.355938,7.970484,55.364273
ElecFM,2025-03-17 00:00:00+00:00,LZ_LCRA,2025-03-17 14:00:00+00:00,-0.5216666666666666,10.269863,-3.0407238,32.059155
ElecFM,2025-03-17 00:00:00+00:00,LZ_LCRA,2025-03-17 15:00:00+00:00,-1.9125,6.606779,-0.40932274,21.812939
ElecFM,2025-03-17 00:00:00+00:00,LZ_LCRA,2025-03-17 16:00:00+00:00,-3.7266666666666666,3.393423,-3.1774082,12.499307
ElecFM,2025-03-17 00:00:00+00:00,LZ_LCRA,2025-03-17 17:00:00+00:00,-5.905833333333334,2.8957767,-2.8719883,11.39896
ElecFM,2025-03-17 00:00:00+00:00,LZ_LCRA,2025-03-17 18:00:00+00:00,-4.679166666666666,5.664503,-3.129984,16.668133
ElecFM,2025-03-17 00:00:00+00:00,LZ_LCRA,2025-03-17 19:00:00+00:00,-2.9325,4.490904,-6.9104958,18.363876
ElecFM,2025-03-17 00:00:00+00:00,LZ_LCRA,2025-03-17 20:00:00+00:00,0.1566666666666666,5.272194,-6.0597725,21.61206
ElecFM,2025-03-17 00:00:00+00:00,LZ_LCRA,2025-03-17 21:00:00+00:00,5.465833333333333,8.59326,-5.8378334,29.588999
ElecFM,2025-03-17 00:00:00+00:00,LZ_LCRA,2025-03-17 22:00:00+00:00,12.150833333333331,16.83395,-1.1367016,45.7221
ElecFM,2025-03-17 00:00:00+00:00,LZ_LCRA,2025-03-17 23:00:00+00:00,27.631666666666664,33.21375,10.225218,69.53229
ElecFM,2025-03-17 00:00:00+00:00,LZ_RAYBN,2025-03-17 00:00:00+00:00,101.38833333333334,82.648285,47.747063,126.29825
ElecFM,2025-03-17 00:00:00+00:00,LZ_RAYBN,2025-03-17 01:00:00+00:00,89.52166666666666,74.595116,39.538704,119.12128
ElecFM,2025-03-17 00:00:00+00:00,LZ_RAYBN,2025-03-17 02:00:00+00:00,42.22,52.414093,25.018055,92.989426
ElecFM,2025-03-17 00:00:00+00:00,LZ_RAYBN,2025-03-17 03:00:00+00:00,28.334166666666665,39.3508,20.307196,73.76114
ElecFM,2025-03-17 00:00:00+00:00,LZ_RAYBN,2025-03-17 04:00:00+00:00,20.419166666666666,30.129848,16.940773,57.326508
ElecFM,2025-03-17 00:00:00+00:00,LZ_RAYBN,2025-03-17 05:00:00+00:00,17.671666666666667,25.92675,14.958995,50.102783
ElecFM,2025-03-17 00:00:00+00:00,LZ_RAYBN,2025-03-17 06:00:00+00:00,13.851666666666668,23.543915,14.458158,47.86415
ElecFM,2025-03-17 00:00:00+00:00,LZ_RAYBN,2025-03-17 07:00:00+00:00,13.565,21.789244,14.185739,46.367622
ElecFM,2025-03-17 00:00:00+00:00,LZ_RAYBN,2025-03-17 08:00:00+00:00,12.831666666666663,16.97075,9.765522,38.541016
ElecFM,2025-03-17 00:00:00+00:00,LZ_RAYBN,2025-03-17 09:00:00+00:00,10.5575,18.968689,11.542395,40.724632
ElecFM,2025-03-17 00:00:00+00:00,LZ_RAYBN,2025-03-17 10:00:00+00:00,13.588333333333331,23.419699,12.716135,46.417595
ElecFM,2025-03-17 00:00:00+00:00,LZ_RAYBN,2025-03-17 11:00:00+00:00,16.61583333333333,33.123394,19.28015,62.06614
ElecFM,2025-03-17 00:00:00+00:00,LZ_RAYBN,2025-03-17 12:00:00+00:00,16.285833333333333,36.650673,21.68381,65.26442
ElecFM,2025-03-17 00:00:00+00:00,LZ_RAYBN,2025-03-17 13:00:00+00:00,6.65,26.373625,13.469833,53.368347
ElecFM,2025-03-17 00:00:00+00:00,LZ_RAYBN,2025-03-17 14:00:00+00:00,-1.4866666666666666,15.144723,5.4457054,35.378563
ElecFM,2025-03-17 00:00:00+00:00,LZ_RAYBN,2025-03-17 15:00:00+00:00,-2.9658333333333338,8.617582,4.7286034,22.690063
ElecFM,2025-03-17 00:00:00+00:00,LZ_RAYBN,2025-03-17 16:00:00+00:00,-6.419999999999999,5.8442707,2.9375477,15.762938
ElecFM,2025-03-17 00:00:00+00:00,LZ_RAYBN,2025-03-17 17:00:00+00:00,-7.600833333333333,4.8032722,2.4939575,15.0176115
ElecFM,2025-03-17 00:00:00+00:00,LZ_RAYBN,2025-03-17 18:00:00+00:00,-6.07,4.6111374,0.3935318,16.887821
ElecFM,2025-03-17 00:00:00+00:00,LZ_RAYBN,2025-03-17 19:00:00+00:00,-4.078333333333333,1.9316788,-4.718416,16.267857
ElecFM,2025-03-17 00:00:00+00:00,LZ_RAYBN,2025-03-17 20:00:00+00:00,-0.6150000000000001,1.2644558,-5.8473377,18.88556
ElecFM,2025-03-17 00:00:00+00:00,LZ_RAYBN,2025-03-17 21:00:00+00:00,4.415,7.7505703,-3.197443,28.770342
ElecFM,2025-03-17 00:00:00+00:00,LZ_RAYBN,2025-03-17 22:00:00+00:00,8.799999999999999,18.151299,3.2463837,45.63307
ElecFM,2025-03-17 00:00:00+00:00,LZ_RAYBN,2025-03-17 23:00:00+00:00,24.035833333333333,34.082417,14.756904,66.63642
ElecFM,2025-03-17 00:00:00+00:00,LZ_WEST,2025-03-17 00:00:00+00:00,101.38833333333334,75.61458,41.54361,118.547295
ElecFM,2025-03-17 00:00:00+00:00,LZ_WEST,2025-03-17 01:00:00+00:00,89.52166666666666,73.52199,35.86279,121.31986
ElecFM,2025-03-17 00:00:00+00:00,LZ_WEST,2025-03-17 02:00:00+00:00,45.36166666666667,61.8155,27.191832,109.835365
ElecFM,2025-03-17 00:00:00+00:00,LZ_WEST,2025-03-17 03:00:00+00:00,65.87083333333334,53.80682,22.741642,97.373116
ElecFM,2025-03-17 00:00:00+00:00,LZ_WEST,2025-03-17 04:00:00+00:00,71.60916666666667,45.581066,18.725481,84.76961
ElecFM,2025-03-17 00:00:00+00:00,LZ_WEST,2025-03-17 05:00:00+00:00,63.85416666666666,37.75586,15.110144,72.506065
ElecFM,2025-03-17 00:00:00+00:00,LZ_WEST,2025-03-17 06:00:00+00:00,48.880833333333335,30.375782,12.416422,61.53311
ElecFM,2025-03-17 00:00:00+00:00,LZ_WEST,2025-03-17 07:00:00+00:00,48.09833333333333,29.225554,14.986031,60.00679
ElecFM,2025-03-17 00:00:00+00:00,LZ_WEST,2025-03-17 08:00:00+00:00,50.90416666666667,26.180054,12.815727,55.096275
ElecFM,2025-03-17 00:00:00+00:00,LZ_WEST,2025-03-17 09:00:00+00:00,30.70083333333333,29.241478,14.130886,58.24521
ElecFM,2025-03-17 00:00:00+00:00,LZ_WEST,2025-03-17 10:00:00+00:00,11.598333333333334,31.977411,14.078346,61.536926
ElecFM,2025-03-17 00:00:00+00:00,LZ_WEST,2025-03-17 11:00:00+00:00,6.38,31.868612,13.056236,64.080475
ElecFM,2025-03-17 00:00:00+00:00,LZ_WEST,2025-03-17 12:00:00+00:00,0.7158333333333333,29.813011,11.77051,60.88806
ElecFM,2025-03-17 00:00:00+00:00,LZ_WEST,2025-03-17 13:00:00+00:00,-2.035833333333333,20.014793,5.0725555,46.05391
ElecFM,2025-03-17 00:00:00+00:00,LZ_WEST,2025-03-17 14:00:00+00:00,-1.6933333333333334,9.903318,-2.312397,30.438908
ElecFM,2025-03-17 00:00:00+00:00,LZ_WEST,2025-03-17 15:00:00+00:00,-3.42,2.4766197,-7.684681,17.913591
ElecFM,2025-03-17 00:00:00+00:00,LZ_WEST,2025-03-17 16:00:00+00:00,-5.976666666666667,0.66597366,-8.039909,12.119968
ElecFM,2025-03-17 00:00:00+00:00,LZ_WEST,2025-03-17 17:00:00+00:00,-8.761666666666667,2.403675,-5.36166,13.159361
ElecFM,2025-03-17 00:00:00+00:00,LZ_WEST,2025-03-17 18:00:00+00:00,-8.84,5.4391823,-2.1950722,16.505033
ElecFM,2025-03-17 00:00:00+00:00,LZ_WEST,2025-03-17 19:00:00+00:00,-8.971666666666666,4.872135,-3.9648018,18.005219
ElecFM,2025-03-17 00:00:00+00:00,LZ_WEST,2025-03-17 20:00:00+00:00,-9.166666666666666,3.2004814,-5.22118,19.577576
ElecFM,2025-03-17 00:00:00+00:00,LZ_WEST,2025-03-17 21:00:00+00:00,-9.303333333333333,3.8466969,-8.4176445,24.89325
ElecFM,2025-03-17 00:00:00+00:00,LZ_WEST,2025-03-17 22:00:00+00:00,-9.828333333333331,13.153112,-1.8988724,39.965794
ElecFM,2025-03-17 00:00:00+00:00,LZ_WEST,2025-03-17 23:00:00+00:00,-14.3625,25.431873,7.4798107,58.422764
ElecFM,2025-03-18 00:00:00+00:00,LZ_LCRA,2025-03-18 00:00:00+00:00,34.995,49.83728,33.55404,71.752594
ElecFM,2025-03-18 00:00:00+00:00,LZ_LCRA,2025-03-18 01:00:00+00:00,31.629166666666663,51.712723,32.737213,78.293526
ElecFM,2025-03-18 00:00:00+00:00,LZ_LCRA,2025-03-18 02:00:00+00:00,27.545,37.220222,18.474415,64.92559
ElecFM,2025-03-18 00:00:00+00:00,LZ_LCRA,2025-03-18 03:00:00+00:00,24.054166666666664,28.696554,12.003406,55.66298
ElecFM,2025-03-18 00:00:00+00:00,LZ_LCRA,2025-03-18 04:00:00+00:00,18.61583333333333,22.705753,8.503542,47.326443
ElecFM,2025-03-18 00:00:00+00:00,LZ_LCRA,2025-03-18 05:00:00+00:00,19.91333333333333,20.395958,7.849903,42.70061
ElecFM,2025-03-18 00:00:00+00:00,LZ_LCRA,2025-03-18 06:00:00+00:00,17.066666666666666,19.047508,8.091145,39.265987
ElecFM,2025-03-18 00:00:00+00:00,LZ_LCRA,2025-03-18 07:00:00+00:00,17.839166666666667,17.102592,7.4689255,36.926456
ElecFM,2025-03-18 00:00:00+00:00,LZ_LCRA,2025-03-18 08:00:00+00:00,20.56416666666667,13.298309,4.706396,29.523884
ElecFM,2025-03-18 00:00:00+00:00,LZ_LCRA,2025-03-18 09:00:00+00:00,17.13083333333333,11.764749,3.2598057,26.653114
ElecFM,2025-03-18 00:00:00+00:00,LZ_LCRA,2025-03-18 10:00:00+00:00,19.38833333333333,16.042595,6.9717007,30.664421
ElecFM,2025-03-18 00:00:00+00:00,LZ_LCRA,2025-03-18 11:00:00+00:00,23.293333333333333,22.366972,12.4594555,36.4439
ElecFM,2025-03-18 00:00:00+00:00,LZ_LCRA,2025-03-18 12:00:00+00:00,26.638333333333332,26.144487,14.306289,39.941265
ElecFM,2025-03-18 00:00:00+00:00,LZ_LCRA,2025-03-18 13:00:00+00:00,9.5475,19.705734,7.654543,33.203205
ElecFM,2025-03-18 00:00:00+00:00,LZ_LCRA,2025-03-18 14:00:00+00:00,-2.4875000000000003,9.199005,-1.233715,21.909172
ElecFM,2025-03-18 00:00:00+00:00,LZ_LCRA,2025-03-18 15:00:00+00:00,-2.7216666666666662,6.7656956,-2.9513187,18.740257
ElecFM,2025-03-18 00:00:00+00:00,LZ_LCRA,2025-03-18 16:00:00+00:00,0.2208333333333333,6.0312138,-3.0210915,16.066828
ElecFM,2025-03-18 00:00:00+00:00,LZ_LCRA,2025-03-18 17:00:00+00:00,1.3341666666666667,4.8115788,-3.2656574,15.472792
ElecFM,2025-03-18 00:00:00+00:00,LZ_LCRA,2025-03-18 18:00:00+00:00,1.3016666666666667,4.1492558,-4.359211,15.412081
ElecFM,2025-03-18 00:00:00+00:00,LZ_LCRA,2025-03-18 19:00:00+00:00,1.5291666666666668,4.3132725,-4.5412064,15.182364
ElecFM,2025-03-18 00:00:00+00:00,LZ_LCRA,2025-03-18 20:00:00+00:00,7.8775,5.4727726,-3.375204,16.861221
ElecFM,2025-03-18 00:00:00+00:00,LZ_LCRA,2025-03-18 21:00:00+00:00,4.323333333333333,7.4802017,-2.5371647,20.641438
ElecFM,2025-03-18 00:00:00+00:00,LZ_LCRA,2025-03-18 22:00:00+00:00,11.030833333333334,15.221109,3.0958939,31.7833
ElecFM,2025-03-18 00:00:00+00:00,LZ_LCRA,2025-03-18 23:00:00+00:00,44.39083333333334,32.469696,15.795249,54.33311
ElecFM,2025-03-18 00:00:00+00:00,LZ_RAYBN,2025-03-18 00:00:00+00:00,30.9275,53.53378,33.877666,83.44122
ElecFM,2025-03-18 00:00:00+00:00,LZ_RAYBN,2025-03-18 01:00:00+00:00,26.7,54.239494,31.382847,88.771736
ElecFM,2025-03-18 00:00:00+00:00,LZ_RAYBN,2025-03-18 02:00:00+00:00,21.935,39.963387,18.508862,74.948555
ElecFM,2025-03-18 00:00:00+00:00,LZ_RAYBN,2025-03-18 03:00:00+00:00,17.44333333333333,28.453753,9.98558,60.875263
ElecFM,2025-03-18 00:00:00+00:00,LZ_RAYBN,2025-03-18 04:00:00+00:00,10.9225,21.750542,6.5626125,51.43885
ElecFM,2025-03-18 00:00:00+00:00,LZ_RAYBN,2025-03-18 05:00:00+00:00,10.723333333333334,18.919289,5.5257797,46.302605
ElecFM,2025-03-18 00:00:00+00:00,LZ_RAYBN,2025-03-18 06:00:00+00:00,9.113333333333332,17.683329,5.8463917,43.227394
ElecFM,2025-03-18 00:00:00+00:00,LZ_RAYBN,2025-03-18 07:00:00+00:00,8.463333333333333,15.943825,5.5352364,40.783417
ElecFM,2025-03-18 00:00:00+00:00,LZ_RAYBN,2025-03-18 08:00:00+00:00,9.490833333333333,13.343562,4.2666855,35.1305
ElecFM,2025-03-18 00:00:00+00:00,LZ_RAYBN,2025-03-18 09:00:00+00:00,9.2025,11.550571,3.4093075,31.44218
ElecFM,2025-03-18 00:00:00+00:00,LZ_RAYBN,2025-03-18 10:00:00+00:00,11.756666666666668,13.592851,5.6396008,33.044212
ElecFM,2025-03-18 00:00:00+00:00,LZ_RAYBN,2025-03-18 11:00:00+00:00,16.87666666666667,20.602448,11.491925,39.42402
ElecFM,2025-03-18 00:00:00+00:00,LZ_RAYBN,2025-03-18 12:00:00+00:00,22.2725,25.43723,14.548165,44.66812
ElecFM,2025-03-18 00:00:00+00:00,LZ_RAYBN,2025-03-18 13:00:00+00:00,4.965,19.36801,7.4861183,38.02587
ElecFM,2025-03-18 00:00:00+00:00,LZ_RAYBN,2025-03-18 14:00:00+00:00,-5.130833333333333,9.862932,-1.0002193,27.698654
ElecFM,2025-03-18 00:00:00+00:00,LZ_RAYBN,2025-03-18 15:00:00+00:00,-6.1625000000000005,6.87862,-3.1241817,22.727253
ElecFM,2025-03-18 00:00:00+00:00,LZ_RAYBN,2025-03-18 16:00:00+00:00,-4.141666666666667,4.6326714,-3.9235306,18.339413
ElecFM,2025-03-18 00:00:00+00:00,LZ_RAYBN,2025-03-18 17:00:00+00:00,-1.4283333333333337,3.3136597,-4.5304985,17.41172
ElecFM,2025-03-18 00:00:00+00:00,LZ_RAYBN,2025-03-18 18:00:00+00:00,1.5416666666666667,1.8391819,-5.836647,16.682728
ElecFM,2025-03-18 00:00:00+00:00,LZ_RAYBN,2025-03-18 19:00:00+00:00,0.6833333333333332,0.8248577,-8.281364,15.261429
ElecFM,2025-03-18 00:00:00+00:00,LZ_RAYBN,2025-03-18 20:00:00+00:00,5.5325,2.9468517,-5.730505,18.673365
ElecFM,2025-03-18 00:00:00+00:00,LZ_RAYBN,2025-03-18 21:00:00+00:00,1.45,4.1314316,-5.80859,22.474672
ElecFM,2025-03-18 00:00:00+00:00,LZ_RAYBN,2025-03-18 22:00:00+00:00,6.8525,10.732827,-1.1782322,32.924355
ElecFM,2025-03-18 00:00:00+00:00,LZ_RAYBN,2025-03-18 23:00:00+00:00,42.6,25.923513,10.061417,52.944065
ElecFM,2025-03-18 00:00:00+00:00,LZ_WEST,2025-03-18 00:00:00+00:00,0.7683333333333335,-1.2341251,-18.822372,32.29991
ElecFM,2025-03-18 00:00:00+00:00,LZ_WEST,2025-03-18 01:00:00+00:00,9.758333333333333,12.458672,-12.857464,54.766174
ElecFM,2025-03-18 00:00:00+00:00,LZ_WEST,2025-03-18 02:00:00+00:00,7.015000000000001,17.428757,-10.876728,65.70598
ElecFM,2025-03-18 00:00:00+00:00,LZ_WEST,2025-03-18 03:00:00+00:00,16.675833333333333,21.150791,-9.661068,72.46078
ElecFM,2025-03-18 00:00:00+00:00,LZ_WEST,2025-03-18 04:00:00+00:00,19.216666666666665,19.28297,-12.19976,69.37364
ElecFM,2025-03-18 00:00:00+00:00,LZ_WEST,2025-03-18 05:00:00+00:00,37.3175,18.579487,-12.098602,66.24844
ElecFM,2025-03-18 00:00:00+00:00,LZ_WEST,2025-03-18 06:00:00+00:00,26.156666666666663,20.316578,-6.971073,65.13645
ElecFM,2025-03-18 00:00:00+00:00,LZ_WEST,2025-03-18 07:00:00+00:00,48.4975,19.791256,-3.282093,63.266636
ElecFM,2025-03-18 00:00:00+00:00,LZ_WEST,2025-03-18 08:00:00+00:00,55.48333333333333,18.529606,-1.7979088,55.270294
ElecFM,2025-03-18 00:00:00+00:00,LZ_WEST,2025-03-18 09:00:00+00:00,22.741666666666664,15.831351,-2.5810852,50.220665
ElecFM,2025-03-18 00:00:00+00:00,LZ_WEST,2025-03-18 10:00:00+00:00,20.6925,15.470037,-2.2609673,46.507637
ElecFM,2025-03-18 00:00:00+00:00,LZ_WEST,2025-03-18 11:00:00+00:00,20.474166666666665,13.172422,-3.477993,43.953568
ElecFM,2025-03-18 00:00:00+00:00,LZ_WEST,2025-03-18 12:00:00+00:00,5.708333333333333,10.394541,-4.241726,38.483154
ElecFM,2025-03-18 00:00:00+00:00,LZ_WEST,2025-03-18 13:00:00+00:00,4.923333333333333,2.7636433,-10.001358,29.202065
ElecFM,2025-03-18 00:00:00+00:00,LZ_WEST,2025-03-18 14:00:00+00:00,-5.495833333333334,-2.9781113,-14.686619,21.113285
ElecFM,2025-03-18 00:00:00+00:00,LZ_WEST,2025-03-18 15:00:00+00:00,-8.280833333333334,-4.835182,-15.920063,17.80422
ElecFM,2025-03-18 00:00:00+00:00,LZ_WEST,2025-03-18 16:00:00+00:00,-6.1066666666666665,-4.974903,-15.648979,15.49647
ElecFM,2025-03-18 00:00:00+00:00,LZ_WEST,2025-03-18 17:00:00+00:00,-6.304166666666667,-3.3431702,-12.776558,16.98514
ElecFM,2025-03-18 00:00:00+00:00,LZ_WEST,2025-03-18 18:00:00+00:00,-6.503333333333334,-3.5471954,-10.973381,16.817547
ElecFM,2025-03-18 00:00:00+00:00,LZ_WEST,2025-03-18 19:00:00+00:00,-4.569166666666667,-5.691124,-12.09203,15.570313
ElecFM,2025-03-18 00:00:00+00:00,LZ_WEST,2025-03-18 20:00:00+00:00,-7.4875,-7.8989143,-13.6037445,14.740543
ElecFM,2025-03-18 00:00:00+00:00,LZ_WEST,2025-03-18 21:00:00+00:00,-7.723333333333334,-5.835293,-14.418983,18.6945
ElecFM,2025-03-18 00:00:00+00:00,LZ_WEST,2025-03-18 22:00:00+00:00,-3.900833333333333,-2.3944778,-12.584919,25.822842
ElecFM,2025-03-18 00:00:00+00:00,LZ_WEST,2025-03-18 23:00:00+00:00,-0.5083333333333333,5.8224525,-7.62426,38.242485
ElecFM,2025-03-19 00:00:00+00:00,LZ_LCRA,2025-03-19 00:00:00+00:00,60.54916666666667,48.74775,31.237003,73.66422
ElecFM,2025-03-19 00:00:00+00:00,LZ_LCRA,2025-03-19 01:00:00+00:00,52.54333333333333,44.30597,25.647997,72.505066
ElecFM,2025-03-19 00:00:00+00:00,LZ_LCRA,2025-03-19 02:00:00+00:00,43.09666666666666,35.53461,17.502285,64.62853
ElecFM,2025-03-19 00:00:00+00:00,LZ_LCRA,2025-03-19 03:00:00+00:00,50.49,29.171095,12.554033,56.86569
ElecFM,2025-03-19 00:00:00+00:00,LZ_LCRA,2025-03-19 04:00:00+00:00,29.227500000000003,23.977612,9.117809,50.920746
ElecFM,2025-03-19 00:00:00+00:00,LZ_LCRA,2025-03-19 05:00:00+00:00,30.61,21.628975,7.792248,47.191
ElecFM,2025-03-19 00:00:00+00:00,LZ_LCRA,2025-03-19 06:00:00+00:00,24.8875,23.053493,11.113899,46.950996
ElecFM,2025-03-19 00:00:00+00:00,LZ_LCRA,2025-03-19 07:00:00+00:00,24.13583333333333,22.136183,10.564959,44.72399
ElecFM,2025-03-19 00:00:00+00:00,LZ_LCRA,2025-03-19 08:00:00+00:00,24.441666666666663,21.03878,9.91224,42.155807
ElecFM,2025-03-19 00:00:00+00:00,LZ_LCRA,2025-03-19 09:00:00+00:00,25.4225,19.4725,7.804428,40.684574
ElecFM,2025-03-19 00:00:00+00:00,LZ_LCRA,2025-03-19 10:00:00+00:00,36.465833333333336,21.60113,8.783697,43.468323
ElecFM,2025-03-19 00:00:00+00:00,LZ_LCRA,2025-03-19 11:00:00+00:00,58.2275,26.516489,12.9864025,48.578835
ElecFM,2025-03-19 00:00:00+00:00,LZ_LCRA,2025-03-19 12:00:00+00:00,110.31333333333332,29.427263,14.819903,52.14747
ElecFM,2025-03-19 00:00:00+00:00,LZ_LCRA,2025-03-19 13:00:00+00:00,49.43,24.498104,10.736441,46.02294
ElecFM,2025-03-19 00:00:00+00:00,LZ_LCRA,2025-03-19 14:00:00+00:00,22.258333333333336,16.933607,4.6965237,38.357304
ElecFM,2025-03-19 00:00:00+00:00,LZ_LCRA,2025-03-19 15:00:00+00:00,12.155833333333334,15.900292,3.9253826,36.925144
ElecFM,2025-03-19 00:00:00+00:00,LZ_LCRA,2025-03-19 16:00:00+00:00,1.5533333333333337,13.099172,1.4138012,33.28035
ElecFM,2025-03-19 00:00:00+00:00,LZ_LCRA,2025-03-19 17:00:00+00:00,-1.89,12.004308,0.5401287,32.908142
ElecFM,2025-03-19 00:00:00+00:00,LZ_LCRA,2025-03-19 18:00:00+00:00,-2.1391666666666667,11.54713,-0.000104904175,32.64675
ElecFM,2025-03-19 00:00:00+00:00,LZ_LCRA,2025-03-19 19:00:00+00:00,-2.3625000000000003,12.043639,0.033685684,33.17978
ElecFM,2025-03-19 00:00:00+00:00,LZ_LCRA,2025-03-19 20:00:00+00:00,-3.766666666666667,13.5392885,1.5047264,35.109272
ElecFM,2025-03-19 00:00:00+00:00,LZ_LCRA,2025-03-19 21:00:00+00:00,-4.530833333333333,16.276484,2.1608067,39.379005
ElecFM,2025-03-19 00:00:00+00:00,LZ_LCRA,2025-03-19 22:00:00+00:00,-6.93,22.044634,6.269945,47.47155
ElecFM,2025-03-19 00:00:00+00:00,LZ_LCRA,2025-03-19 23:00:00+00:00,11.8925,36.773224,18.084188,64.2581
ElecFM,2025-03-19 00:00:00+00:00,LZ_RAYBN,2025-03-19 00:00:00+00:00,59.3475,50.53958,28.521927,82.59077
ElecFM,2025-03-19 00:00:00+00:00,LZ_RAYBN,2025-03-19 01:00:00+00:00,51.8725,44.38792,21.186598,80.45504
ElecFM,2025-03-19 00:00:00+00:00,LZ_RAYBN,2025-03-19 02:00:00+00:00,41.2925,35.52889,13.321636,72.58418
ElecFM,2025-03-19 00:00:00+00:00,LZ_RAYBN,2025-03-19 03:00:00+00:00,47.48,29.673082,9.636721,65.276566
ElecFM,2025-03-19 00:00:00+00:00,LZ_RAYBN,2025-03-19 04:00:00+00:00,24.361666666666668,23.383522,5.7328854,57.46501
ElecFM,2025-03-19 00:00:00+00:00,LZ_RAYBN,2025-03-19 05:00:00+00:00,26.71666666666667,21.117956,5.513935,53.550415
ElecFM,2025-03-19 00:00:00+00:00,LZ_RAYBN,2025-03-19 06:00:00+00:00,20.574166666666667,21.46617,8.137325,52.37815
ElecFM,2025-03-19 00:00:00+00:00,LZ_RAYBN,2025-03-19 07:00:00+00:00,19.49416666666667,20.24659,7.5670605,49.757957
ElecFM,2025-03-19 00:00:00+00:00,LZ_RAYBN,2025-03-19 08:00:00+00:00,19.785833333333333,20.070675,7.9567633,47.214584
ElecFM,2025-03-19 00:00:00+00:00,LZ_RAYBN,2025-03-19 09:00:00+00:00,20.231666666666666,19.405113,7.230751,46.50033
ElecFM,2025-03-19 00:00:00+00:00,LZ_RAYBN,2025-03-19 10:00:00+00:00,30.61,21.127441,7.7730894,49.215706
ElecFM,2025-03-19 00:00:00+00:00,LZ_RAYBN,2025-03-19 11:00:00+00:00,52.51083333333333,25.002855,11.198731,53.16005
ElecFM,2025-03-19 00:00:00+00:00,LZ_RAYBN,2025-03-19 12:00:00+00:00,99.87,27.09544,12.0017185,54.986145
ElecFM,2025-03-19 00:00:00+00:00,LZ_RAYBN,2025-03-19 13:00:00+00:00,42.36,22.218237,8.342851,49.025333
ElecFM,2025-03-19 00:00:00+00:00,LZ_RAYBN,2025-03-19 14:00:00+00:00,7.641666666666667,14.864476,2.8483887,41.448322
ElecFM,2025-03-19 00:00:00+00:00,LZ_RAYBN,2025-03-19 15:00:00+00:00,2.7675,14.692955,2.892521,40.9936
ElecFM,2025-03-19 00:00:00+00:00,LZ_RAYBN,2025-03-19 16:00:00+00:00,-1.7758333333333332,12.955458,0.42217827,38.25183
ElecFM,2025-03-19 00:00:00+00:00,LZ_RAYBN,2025-03-19 17:00:00+00:00,-4.219166666666666,13.650918,0.931406,40.462563
ElecFM,2025-03-19 00:00:00+00:00,LZ_RAYBN,2025-03-19 18:00:00+00:00,-4.465833333333333,14.951014,1.5018063,41.70311
ElecFM,2025-03-19 00:00:00+00:00,LZ_RAYBN,2025-03-19 19:00:00+00:00,-5.44,15.335644,1.4700375,42.03917
ElecFM,2025-03-19 00:00:00+00:00,LZ_RAYBN,2025-03-19 20:00:00+00:00,-7.545833333333333,15.851282,1.7179317,42.86814
ElecFM,2025-03-19 00:00:00+00:00,LZ_RAYBN,2025-03-19 21:00:00+00:00,-9.148333333333332,18.794312,2.4446163,47.78085
ElecFM,2025-03-19 00:00:00+00:00,LZ_RAYBN,2025-03-19 22:00:00+00:00,-13.925,23.643894,5.493305,55.120003
ElecFM,2025-03-19 00:00:00+00:00,LZ_RAYBN,2025-03-19 23:00:00+00:00,-0.3483333333333334,39.381104,17.366735,73.39428
ElecFM,2025-03-19 00:00:00+00:00,LZ_WEST,2025-03-19 00:00:00+00:00,23.155,17.599028,-5.0035324,54.053913
ElecFM,2025-03-19 00:00:00+00:00,LZ_WEST,2025-03-19 01:00:00+00:00,35.3525,27.400627,0.7457924,68.99072
ElecFM,2025-03-19 00:00:00+00:00,LZ_WEST,2025-03-19 02:00:00+00:00,26.0,32.806084,4.016775,75.29021
ElecFM,2025-03-19 00:00:00+00:00,LZ_WEST,2025-03-19 03:00:00+00:00,26.08666666666667,32.8713,4.042349,74.795906
ElecFM,2025-03-19 00:00:00+00:00,LZ_WEST,2025-03-19 04:00:00+00:00,11.8275,33.83817,5.027193,75.10336
ElecFM,2025-03-19 00:00:00+00:00,LZ_WEST,2025-03-19 05:00:00+00:00,15.343333333333334,35.014904,4.5975437,75.91421
ElecFM,2025-03-19 00:00:00+00:00,LZ_WEST,2025-03-19 06:00:00+00:00,20.1525,37.02111,9.877815,78.133835
ElecFM,2025-03-19 00:00:00+00:00,LZ_WEST,2025-03-19 07:00:00+00:00,21.7775,38.371277,13.116142,79.119675
ElecFM,2025-03-19 00:00:00+00:00,LZ_WEST,2025-03-19 08:00:00+00:00,26.195833333333336,36.86423,12.7283325,72.77462
ElecFM,2025-03-19 00:00:00+00:00,LZ_WEST,2025-03-19 09:00:00+00:00,25.6925,33.263435,11.006653,65.36521
ElecFM,2025-03-19 00:00:00+00:00,LZ_WEST,2025-03-19 10:00:00+00:00,20.43583333333333,30.892675,10.09194,60.555
ElecFM,2025-03-19 00:00:00+00:00,LZ_WEST,2025-03-19 11:00:00+00:00,8.6075,24.344303,5.0457478,55.10244
ElecFM,2025-03-19 00:00:00+00:00,LZ_WEST,2025-03-19 12:00:00+00:00,5.0841666666666665,19.159573,1.6072617,50.458015
ElecFM,2025-03-19 00:00:00+00:00,LZ_WEST,2025-03-19 13:00:00+00:00,-0.8141666666666666,12.174108,-3.8879948,42.949017
ElecFM,2025-03-19 00:00:00+00:00,LZ_WEST,2025-03-19 14:00:00+00:00,-4.916666666666667,6.9668846,-8.8196335,36.121643
ElecFM,2025-03-19 00:00:00+00:00,LZ_WEST,2025-03-19 15:00:00+00:00,-5.935,3.743969,-9.65934,29.859453
ElecFM,2025-03-19 00:00:00+00:00,LZ_WEST,2025-03-19 16:00:00+00:00,-7.138333333333333,1.3986301,-10.834747,25.688538
ElecFM,2025-03-19 00:00:00+00:00,LZ_WEST,2025-03-19 17:00:00+00:00,-7.528333333333333,1.384285,-9.366238,25.442099
ElecFM,2025-03-19 00:00:00+00:00,LZ_WEST,2025-03-19 18:00:00+00:00,-7.1225,-0.36841583,-9.687649,25.169685
ElecFM,2025-03-19 00:00:00+00:00,LZ_WEST,2025-03-19 19:00:00+00:00,-6.88,-3.420971,-12.120495,23.84988
ElecFM,2025-03-19 00:00:00+00:00,LZ_WEST,2025-03-19 20:00:00+00:00,-8.889166666666666,-6.622223,-14.814274,22.370173
ElecFM,2025-03-19 00:00:00+00:00,LZ_WEST,2025-03-19 21:00:00+00:00,-7.256666666666667,-6.0444336,-15.971592,25.299604
ElecFM,2025-03-19 00:00:00+00:00,LZ_WEST,2025-03-19 22:00:00+00:00,-7.425,-3.0771122,-13.864868,32.78025
ElecFM,2025-03-19 00:00:00+00:00,LZ_WEST,2025-03-19 23:00:00+00:00,-8.6325,5.4212513,-8.069088,45.244896
ElecFM,2025-03-20 00:00:00+00:00,LZ_LCRA,2025-03-20 00:00:00+00:00,27.515833333333333,31.413017,4.4238796,67.93434
ElecFM,2025-03-20 00:00:00+00:00,LZ_LCRA,2025-03-20 01:00:00+00:00,26.504166666666663,40.143955,10.006899,81.49535
ElecFM,2025-03-20 00:00:00+00:00,LZ_LCRA,2025-03-20 02:00:00+00:00,24.6475,34.930084,5.833742,74.970146
ElecFM,2025-03-20 00:00:00+00:00,LZ_LCRA,2025-03-20 03:00:00+00:00,23.375,32.748093,6.9123077,69.77696
ElecFM,2025-03-20 00:00:00+00:00,LZ_LCRA,2025-03-20 04:00:00+00:00,22.1875,32.805016,9.922172,65.7357
ElecFM,2025-03-20 00:00:00+00:00,LZ_LCRA,2025-03-20 05:00:00+00:00,23.78833333333333,34.70998,13.343392,65.58084
ElecFM,2025-03-20 00:00:00+00:00,LZ_LCRA,2025-03-20 06:00:00+00:00,23.51083333333333,31.530155,13.41647,59.56498
ElecFM,2025-03-20 00:00:00+00:00,LZ_LCRA,2025-03-20 07:00:00+00:00,24.492500000000003,29.850773,13.755598,55.963165
ElecFM,2025-03-20 00:00:00+00:00,LZ_LCRA,2025-03-20 08:00:00+00:00,29.25333333333333,28.697132,14.311371,51.112293
ElecFM,2025-03-20 00:00:00+00:00,LZ_LCRA,2025-03-20 09:00:00+00:00,35.7125,27.65099,13.213886,49.79561
ElecFM,2025-03-20 00:00:00+00:00,LZ_LCRA,2025-03-20 10:00:00+00:00,41.598333333333336,29.485167,12.215529,52.100197
ElecFM,2025-03-20 00:00:00+00:00,LZ_LCRA,2025-03-20 11:00:00+00:00,52.392500000000005,32.905903,13.402071,58.931858
ElecFM,2025-03-20 00:00:00+00:00,LZ_LCRA,2025-03-20 12:00:00+00:00,58.5725,38.76633,18.735964,65.10921
ElecFM,2025-03-20 00:00:00+00:00,LZ_LCRA,2025-03-20 13:00:00+00:00,39.424166666666665,25.558792,7.1339703,50.2193
ElecFM,2025-03-20 00:00:00+00:00,LZ_LCRA,2025-03-20 14:00:00+00:00,16.47,13.490096,-1.6637058,34.016182
ElecFM,2025-03-20 00:00:00+00:00,LZ_LCRA,2025-03-20 15:00:00+00:00,13.725,11.85666,-0.15661621,29.874454
ElecFM,2025-03-20 00:00:00+00:00,LZ_LCRA,2025-03-20 16:00:00+00:00,14.928333333333333,11.829707,0.7876873,27.85157
ElecFM,2025-03-20 00:00:00+00:00,LZ_LCRA,2025-03-20 17:00:00+00:00,14.765,11.760356,1.2282753,28.124022
ElecFM,2025-03-20 00:00:00+00:00,LZ_LCRA,2025-03-20 18:00:00+00:00,8.9675,7.556093,-2.8037167,25.257715
ElecFM,2025-03-20 00:00:00+00:00,LZ_LCRA,2025-03-20 19:00:00+00:00,5.510833333333333,8.20759,-4.3157883,27.523718
ElecFM,2025-03-20 00:00:00+00:00,LZ_LCRA,2025-03-20 20:00:00+00:00,0.1825,13.259171,0.0107421875,34.20628
ElecFM,2025-03-20 00:00:00+00:00,LZ_LCRA,2025-03-20 21:00:00+00:00,0.1975,16.611198,-1.7496185,42.8006
ElecFM,2025-03-20 00:00:00+00:00,LZ_LCRA,2025-03-20 22:00:00+00:00,-0.0116666666666666,24.025331,0.61253357,57.694126
ElecFM,2025-03-20 00:00:00+00:00,LZ_LCRA,2025-03-20 23:00:00+00:00,29.444166666666664,41.50556,11.00957,83.7064
ElecFM,2025-03-20 00:00:00+00:00,LZ_RAYBN,2025-03-20 00:00:00+00:00,17.55666666666667,16.34075,-7.7270565,48.65502
ElecFM,2025-03-20 00:00:00+00:00,LZ_RAYBN,2025-03-20 01:00:00+00:00,18.685,23.98544,-2.797182,60.271812
ElecFM,2025-03-20 00:00:00+00:00,LZ_RAYBN,2025-03-20 02:00:00+00:00,20.57583333333333,22.384295,-3.6582146,57.302094
ElecFM,2025-03-20 00:00:00+00:00,LZ_RAYBN,2025-03-20 03:00:00+00:00,23.391666666666666,21.525806,-1.4814663,53.439674
ElecFM,2025-03-20 00:00:00+00:00,LZ_RAYBN,2025-03-20 04:00:00+00:00,22.2075,22.974556,2.5909405,51.339645
ElecFM,2025-03-20 00:00:00+00:00,LZ_RAYBN,2025-03-20 05:00:00+00:00,24.03833333333333,25.591276,5.923662,52.397118
ElecFM,2025-03-20 00:00:00+00:00,LZ_RAYBN,2025-03-20 06:00:00+00:00,27.4575,23.351055,5.971775,48.256866
ElecFM,2025-03-20 00:00:00+00:00,LZ_RAYBN,2025-03-20 07:00:00+00:00,26.856666666666666,23.835417,7.3831415,48.05523
ElecFM,2025-03-20 00:00:00+00:00,LZ_RAYBN,2025-03-20 08:00:00+00:00,29.868333333333336,23.743565,8.290235,44.692772
ElecFM,2025-03-20 00:00:00+00:00,LZ_RAYBN,2025-03-20 09:00:00+00:00,34.502500000000005,23.909794,8.318337,45.059273
ElecFM,2025-03-20 00:00:00+00:00,LZ_RAYBN,2025-03-20 10:00:00+00:00,40.42333333333333,24.610695,6.7502937,46.200417
ElecFM,2025-03-20 00:00:00+00:00,LZ_RAYBN,2025-03-20 11:00:00+00:00,53.5125,27.083363,7.3204317,51.606125
ElecFM,2025-03-20 00:00:00+00:00,LZ_RAYBN,2025-03-20 12:00:00+00:00,49.51333333333333,33.04347,12.537841,57.587326
ElecFM,2025-03-20 00:00:00+00:00,LZ_RAYBN,2025-03-20 13:00:00+00:00,27.918333333333333,21.137138,2.142065,44.140366
ElecFM,2025-03-20 00:00:00+00:00,LZ_RAYBN,2025-03-20 14:00:00+00:00,15.125833333333333,9.056738,-6.5186424,28.830856
ElecFM,2025-03-20 00:00:00+00:00,LZ_RAYBN,2025-03-20 15:00:00+00:00,15.02,7.676791,-4.8750267,24.811432
ElecFM,2025-03-20 00:00:00+00:00,LZ_RAYBN,2025-03-20 16:00:00+00:00,13.764166666666666,6.7717066,-4.382059,22.926859
ElecFM,2025-03-20 00:00:00+00:00,LZ_RAYBN,2025-03-20 17:00:00+00:00,13.843333333333334,7.068346,-3.850624,23.816626
ElecFM,2025-03-20 00:00:00+00:00,LZ_RAYBN,2025-03-20 18:00:00+00:00,15.756666666666668,3.6909504,-7.2932587,22.376614
ElecFM,2025-03-20 00:00:00+00:00,LZ_RAYBN,2025-03-20 19:00:00+00:00,5.631666666666667,4.9518833,-8.173851,25.277231
ElecFM,2025-03-20 00:00:00+00:00,LZ_RAYBN,2025-03-20 20:00:00+00:00,0.0091666666666666,8.708502,-4.7307396,30.338581
ElecFM,2025-03-20 00:00:00+00:00,LZ_RAYBN,2025-03-20 21:00:00+00:00,-0.04,10.831499,-6.3194313,35.893394
ElecFM,2025-03-20 00:00:00+00:00,LZ_RAYBN,2025-03-20 22:00:00+00:00,-0.0833333333333333,15.907618,-4.7749157,46.529068
ElecFM,2025-03-20 00:00:00+00:00,LZ_RAYBN,2025-03-20 23:00:00+00:00,28.56083333333333,29.334312,3.2610264,66.908455
ElecFM,2025-03-20 00:00:00+00:00,LZ_WEST,2025-03-20 00:00:00+00:00,19.46166666666667,5.4049873,-7.7709827,27.743176
ElecFM,2025-03-20 00:00:00+00:00,LZ_WEST,2025-03-20 01:00:00+00:00,48.2275,16.083141,-2.0526447,43.214813
ElecFM,2025-03-20 00:00:00+00:00,LZ_WEST,2025-03-20 02:00:00+00:00,50.28416666666666,17.02213,-3.3876266,46.598328
ElecFM,2025-03-20 00:00:00+00:00,LZ_WEST,2025-03-20 03:00:00+00:00,23.12333333333333,17.179602,-5.353039,47.271584
ElecFM,2025-03-20 00:00:00+00:00,LZ_WEST,2025-03-20 04:00:00+00:00,22.06,22.913822,-1.330801,53.614655
ElecFM,2025-03-20 00:00:00+00:00,LZ_WEST,2025-03-20 05:00:00+00:00,25.72666666666667,29.19787,4.297714,59.713306
ElecFM,2025-03-20 00:00:00+00:00,LZ_WEST,2025-03-20 06:00:00+00:00,57.48499999999999,31.873125,8.4832325,61.914936
ElecFM,2025-03-20 00:00:00+00:00,LZ_WEST,2025-03-20 07:00:00+00:00,62.53083333333333,34.07011,12.009571,63.328884
ElecFM,2025-03-20 00:00:00+00:00,LZ_WEST,2025-03-20 08:00:00+00:00,73.94500000000001,31.51305,10.773306,57.642147
ElecFM,2025-03-20 00:00:00+00:00,LZ_WEST,2025-03-20 09:00:00+00:00,99.76583333333332,27.986042,9.236188,51.781292
ElecFM,2025-03-20 00:00:00+00:00,LZ_WEST,2025-03-20 10:00:00+00:00,90.22333333333334,25.519625,6.17515,45.760834
ElecFM,2025-03-20 00:00:00+00:00,LZ_WEST,2025-03-20 11:00:00+00:00,67.09166666666667,17.90799,-0.6869755,38.575607
ElecFM,2025-03-20 00:00:00+00:00,LZ_WEST,2025-03-20 12:00:00+00:00,78.3675,15.593048,-2.0727081,36.620995
ElecFM,2025-03-20 00:00:00+00:00,LZ_WEST,2025-03-20 13:00:00+00:00,47.29666666666666,10.513872,-6.669079,29.804268
ElecFM,2025-03-20 00:00:00+00:00,LZ_WEST,2025-03-20 14:00:00+00:00,18.390833333333333,4.0492096,-11.728558,22.38898
ElecFM,2025-03-20 00:00:00+00:00,LZ_WEST,2025-03-20 15:00:00+00:00,14.445,1.4320793,-13.552647,18.846844
ElecFM,2025-03-20 00:00:00+00:00,LZ_WEST,2025-03-20 16:00:00+00:00,16.721666666666668,3.2052345,-10.822815,19.566277
ElecFM,2025-03-20 00:00:00+00:00,LZ_WEST,2025-03-20 17:00:00+00:00,15.063333333333333,4.575121,-9.058353,20.16924
ElecFM,2025-03-20 00:00:00+00:00,LZ_WEST,2025-03-20 18:00:00+00:00,12.905,4.687193,-8.889492,20.02932
ElecFM,2025-03-20 00:00:00+00:00,LZ_WEST,2025-03-20 19:00:00+00:00,5.055,3.1130733,-11.09763,19.581621
ElecFM,2025-03-20 00:00:00+00:00,LZ_WEST,2025-03-20 20:00:00+00:00,0.4091666666666667,3.5781746,-10.057125,21.224346
ElecFM,2025-03-20 00:00:00+00:00,LZ_WEST,2025-03-20 21:00:00+00:00,0.5241666666666667,5.782999,-10.7267685,25.50081
ElecFM,2025-03-20 00:00:00+00:00,LZ_WEST,2025-03-20 22:00:00+00:00,0.0308333333333333,11.77612,-5.9047604,36.447777
ElecFM,2025-03-20 00:00:00+00:00,LZ_WEST,2025-03-20 23:00:00+00:00,30.68583333333333,22.81917,0.86702156,51.759834
ElecFM,2025-03-21 00:00:00+00:00,LZ_LCRA,2025-03-21 00:00:00+00:00,52.39166666666667,39.083824,20.330965,64.592
ElecFM,2025-03-21 00:00:00+00:00,LZ_LCRA,2025-03-21 01:00:00+00:00,32.1525,39.59503,17.05793,69.68882
ElecFM,2025-03-21 00:00:00+00:00,LZ_LCRA,2025-03-21 02:00:00+00:00,25.495,38.47333,15.471153,68.43235
ElecFM,2025-03-21 00:00:00+00:00,LZ_LCRA,2025-03-21 03:00:00+00:00,21.496666666666663,38.50859,17.085823,66.24345
ElecFM,2025-03-21 00:00:00+00:00,LZ_LCRA,2025-03-21 04:00:00+00:00,19.216666666666665,35.813126,16.36919,61.1314
ElecFM,2025-03-21 00:00:00+00:00,LZ_LCRA,2025-03-21 05:00:00+00:00,20.816666666666663,31.242304,11.85569,54.46451
ElecFM,2025-03-21 00:00:00+00:00,LZ_LCRA,2025-03-21 06:00:00+00:00,20.3175,26.476685,10.444679,46.428795
ElecFM,2025-03-21 00:00:00+00:00,LZ_LCRA,2025-03-21 07:00:00+00:00,19.381666666666668,25.391562,11.363344,44.563858
ElecFM,2025-03-21 00:00:00+00:00,LZ_LCRA,2025-03-21 08:00:00+00:00,19.3925,22.009867,9.590247,38.094185
ElecFM,2025-03-21 00:00:00+00:00,LZ_LCRA,2025-03-21 09:00:00+00:00,20.94833333333333,18.386923,5.090151,35.14985
ElecFM,2025-03-21 00:00:00+00:00,LZ_LCRA,2025-03-21 10:00:00+00:00,27.60333333333333,20.827852,5.169327,39.72273
ElecFM,2025-03-21 00:00:00+00:00,LZ_LCRA,2025-03-21 11:00:00+00:00,35.08083333333334,24.977085,7.3640366,46.628647
ElecFM,2025-03-21 00:00:00+00:00,LZ_LCRA,2025-03-21 12:00:00+00:00,31.3325,27.819826,9.635131,49.327435
ElecFM,2025-03-21 00:00:00+00:00,LZ_LCRA,2025-03-21 13:00:00+00:00,8.167499999999999,16.533108,0.89621544,34.88173
ElecFM,2025-03-21 00:00:00+00:00,LZ_LCRA,2025-03-21 14:00:00+00:00,-0.6083333333333333,8.022709,-4.6855927,22.087448
ElecFM,2025-03-21 00:00:00+00:00,LZ_LCRA,2025-03-21 15:00:00+00:00,-3.1491666666666664,5.6826153,-5.308035,15.957544
ElecFM,2025-03-21 00:00:00+00:00,LZ_LCRA,2025-03-21 16:00:00+00:00,-4.995833333333334,3.3515015,-6.2791424,10.361005
ElecFM,2025-03-21 00:00:00+00:00,LZ_LCRA,2025-03-21 17:00:00+00:00,-3.651666666666667,2.2789555,-7.2925186,8.826861
ElecFM,2025-03-21 00:00:00+00:00,LZ_LCRA,2025-03-21 18:00:00+00:00,-2.036666666666666,1.5726032,-5.641548,7.7721977
ElecFM,2025-03-21 00:00:00+00:00,LZ_LCRA,2025-03-21 19:00:00+00:00,-0.665,4.70529,-3.2500324,10.074025
ElecFM,2025-03-21 00:00:00+00:00,LZ_LCRA,2025-03-21 20:00:00+00:00,-0.1849999999999999,4.822605,-1.042944,11.257213
ElecFM,2025-03-21 00:00:00+00:00,LZ_LCRA,2025-03-21 21:00:00+00:00,0.0458333333333333,6.1273556,-2.595562,16.717194
ElecFM,2025-03-21 00:00:00+00:00,LZ_LCRA,2025-03-21 22:00:00+00:00,1.7491666666666668,9.502029,-2.8204002,27.991545
ElecFM,2025-03-21 00:00:00+00:00,LZ_LCRA,2025-03-21 23:00:00+00:00,45.17249999999999,24.859129,6.416521,51.819557
ElecFM,2025-03-21 00:00:00+00:00,LZ_RAYBN,2025-03-21 00:00:00+00:00,47.4925,38.846367,20.69376,64.92813
ElecFM,2025-03-21 00:00:00+00:00,LZ_RAYBN,2025-03-21 01:00:00+00:00,29.079166666666666,38.349213,16.355537,69.21635
ElecFM,2025-03-21 00:00:00+00:00,LZ_RAYBN,2025-03-21 02:00:00+00:00,23.00333333333333,35.08149,12.307698,66.7312
ElecFM,2025-03-21 00:00:00+00:00,LZ_RAYBN,2025-03-21 03:00:00+00:00,16.405833333333334,32.686874,10.929301,62.454926
ElecFM,2025-03-21 00:00:00+00:00,LZ_RAYBN,2025-03-21 04:00:00+00:00,12.451666666666666,29.801922,9.549354,57.235504
ElecFM,2025-03-21 00:00:00+00:00,LZ_RAYBN,2025-03-21 05:00:00+00:00,13.4925,26.791124,6.759964,52.23619
ElecFM,2025-03-21 00:00:00+00:00,LZ_RAYBN,2025-03-21 06:00:00+00:00,12.936666666666667,23.234936,6.551979,46.0253
ElecFM,2025-03-21 00:00:00+00:00,LZ_RAYBN,2025-03-21 07:00:00+00:00,12.459166666666668,20.903723,5.8986397,43.2014
ElecFM,2025-03-21 00:00:00+00:00,LZ_RAYBN,2025-03-21 08:00:00+00:00,11.82,18.115492,4.817314,37.849995
ElecFM,2025-03-21 00:00:00+00:00,LZ_RAYBN,2025-03-21 09:00:00+00:00,12.71,16.598783,3.077011,37.511986
ElecFM,2025-03-21 00:00:00+00:00,LZ_RAYBN,2025-03-21 10:00:00+00:00,20.719166666666663,19.994173,3.813078,42.4708
ElecFM,2025-03-21 00:00:00+00:00,LZ_RAYBN,2025-03-21 11:00:00+00:00,30.785,22.872612,5.81404,47.56546
ElecFM,2025-03-21 00:00:00+00:00,LZ_RAYBN,2025-03-21 12:00:00+00:00,28.7975,25.26413,7.364171,50.291435
ElecFM,2025-03-21 00:00:00+00:00,LZ_RAYBN,2025-03-21 13:00:00+00:00,5.2425,15.819532,0.31617737,38.65957
ElecFM,2025-03-21 00:00:00+00:00,LZ_RAYBN,2025-03-21 14:00:00+00:00,-3.2433333333333336,8.112411,-5.1499996,27.76662
ElecFM,2025-03-21 00:00:00+00:00,LZ_RAYBN,2025-03-21 15:00:00+00:00,-6.224166666666666,5.012285,-6.6593113,22.159698
ElecFM,2025-03-21 00:00:00+00:00,LZ_RAYBN,2025-03-21 16:00:00+00:00,-7.729166666666667,3.7652187,-6.6352863,18.020308
ElecFM,2025-03-21 00:00:00+00:00,LZ_RAYBN,2025-03-21 17:00:00+00:00,-3.8708333333333336,1.9879379,-7.804119,16.70167
ElecFM,2025-03-21 00:00:00+00:00,LZ_RAYBN,2025-03-21 18:00:00+00:00,-1.9175,3.238802,-4.931576,17.7244
ElecFM,2025-03-21 00:00:00+00:00,LZ_RAYBN,2025-03-21 19:00:00+00:00,0.8633333333333333,2.7603836,-6.4143734,17.666494
ElecFM,2025-03-21 00:00:00+00:00,LZ_RAYBN,2025-03-21 20:00:00+00:00,1.8083333333333331,2.6960602,-5.260687,18.95453
ElecFM,2025-03-21 00:00:00+00:00,LZ_RAYBN,2025-03-21 21:00:00+00:00,-0.0124999999999999,5.754717,-5.1914463,26.172821
ElecFM,2025-03-21 00:00:00+00:00,LZ_RAYBN,2025-03-21 22:00:00+00:00,1.6808333333333332,9.265826,-5.4460125,36.394325
ElecFM,2025-03-21 00:00:00+00:00,LZ_RAYBN,2025-03-21 23:00:00+00:00,44.4825,24.907013,4.982647,58.704338
ElecFM,2025-03-21 00:00:00+00:00,LZ_WEST,2025-03-21 00:00:00+00:00,61.134166666666665,52.592575,10.246055,111.94482
ElecFM,2025-03-21 00:00:00+00:00,LZ_WEST,2025-03-21 01:00:00+00:00,37.02166666666667,69.687775,18.487465,138.95428
ElecFM,2025-03-21 00:00:00+00:00,LZ_WEST,2025-03-21 02:00:00+00:00,35.465,68.29381,16.330631,141.64885
ElecFM,2025-03-21 00:00:00+00:00,LZ_WEST,2025-03-21 03:00:00+00:00,29.79833333333333,61.706467,10.193159,136.05191
ElecFM,2025-03-21 00:00:00+00:00,LZ_WEST,2025-03-21 04:00:00+00:00,28.94333333333333,59.7127,11.213876,129.7354
ElecFM,2025-03-21 00:00:00+00:00,LZ_WEST,2025-03-21 05:00:00+00:00,33.50333333333333,62.79473,14.587303,129.70807
ElecFM,2025-03-21 00:00:00+00:00,LZ_WEST,2025-03-21 06:00:00+00:00,34.1475,65.51013,22.103432,130.93974
ElecFM,2025-03-21 00:00:00+00:00,LZ_WEST,2025-03-21 07:00:00+00:00,29.9325,65.551186,27.142282,131.91035
ElecFM,2025-03-21 00:00:00+00:00,LZ_WEST,2025-03-21 08:00:00+00:00,40.0375,55.053146,21.955906,109.60316
ElecFM,2025-03-21 00:00:00+00:00,LZ_WEST,2025-03-21 09:00:00+00:00,48.9575,42.69407,15.013971,89.508514
ElecFM,2025-03-21 00:00:00+00:00,LZ_WEST,2025-03-21 10:00:00+00:00,35.2575,30.41097,6.9088793,68.32201
ElecFM,2025-03-21 00:00:00+00:00,LZ_WEST,2025-03-21 11:00:00+00:00,18.344166666666663,19.59113,-0.57748413,55.883644
ElecFM,2025-03-21 00:00:00+00:00,LZ_WEST,2025-03-21 12:00:00+00:00,0.5566666666666666,13.762394,-3.7054195,42.46869
ElecFM,2025-03-21 00:00:00+00:00,LZ_WEST,2025-03-21 13:00:00+00:00,-1.3316666666666668,2.1063786,-13.479795,28.697796
ElecFM,2025-03-21 00:00:00+00:00,LZ_WEST,2025-03-21 14:00:00+00:00,-5.31,-4.06374,-17.899607,18.503408
ElecFM,2025-03-21 00:00:00+00:00,LZ_WEST,2025-03-21 15:00:00+00:00,-5.461666666666667,-4.0231247,-15.460672,16.118212
ElecFM,2025-03-21 00:00:00+00:00,LZ_WEST,2025-03-21 16:00:00+00:00,-4.723333333333334,-2.9539413,-14.483618,10.494879
ElecFM,2025-03-21 00:00:00+00:00,LZ_WEST,2025-03-21 17:00:00+00:00,-2.7466666666666666,-5.5714397,-14.399424,8.262159
ElecFM,2025-03-21 00:00:00+00:00,LZ_WEST,2025-03-21 18:00:00+00:00,-1.538333333333333,-4.8320007,-12.201948,8.096698
ElecFM,2025-03-21 00:00:00+00:00,LZ_WEST,2025-03-21 19:00:00+00:00,-0.0258333333333333,-4.813118,-14.319128,6.803293
ElecFM,2025-03-21 00:00:00+00:00,LZ_WEST,2025-03-21 20:00:00+00:00,0.6375,-4.406906,-13.115065,8.062073
ElecFM,2025-03-21 00:00:00+00:00,LZ_WEST,2025-03-21 21:00:00+00:00,0.0258333333333333,-1.1402817,-11.774057,16.437544
ElecFM,2025-03-21 00:00:00+00:00,LZ_WEST,2025-03-21 22:00:00+00:00,1.7033333333333334,2.9287014,-11.074911,27.576494
ElecFM,2025-03-21 00:00:00+00:00,LZ_WEST,2025-03-21 23:00:00+00:00,45.38,16.409588,-5.8464355,53.749714
ElecFM,2025-03-22 00:00:00+00:00,LZ_LCRA,2025-03-22 00:00:00+00:00,63.1525,53.716587,34.732735,78.765976
ElecFM,2025-03-22 00:00:00+00:00,LZ_LCRA,2025-03-22 01:00:00+00:00,40.45166666666667,42.469944,21.88424,71.8289
ElecFM,2025-03-22 00:00:00+00:00,LZ_LCRA,2025-03-22 02:00:00+00:00,35.22,35.571163,15.774239,65.43445
ElecFM,2025-03-22 00:00:00+00:00,LZ_LCRA,2025-03-22 03:00:00+00:00,23.156666666666663,33.848255,16.361786,62.93243
ElecFM,2025-03-22 00:00:00+00:00,LZ_LCRA,2025-03-22 04:00:00+00:00,20.07333333333333,27.293694,11.81023,54.685978
ElecFM,2025-03-22 00:00:00+00:00,LZ_LCRA,2025-03-22 05:00:00+00:00,21.688333333333333,24.97621,11.807955,51.009308
ElecFM,2025-03-22 00:00:00+00:00,LZ_LCRA,2025-03-22 06:00:00+00:00,21.709166666666665,22.215206,10.769243,46.25083
ElecFM,2025-03-22 00:00:00+00:00,LZ_LCRA,2025-03-22 07:00:00+00:00,20.1175,24.87642,14.693343,47.351326
ElecFM,2025-03-22 00:00:00+00:00,LZ_LCRA,2025-03-22 08:00:00+00:00,22.034166666666668,23.702713,15.027739,44.243507
ElecFM,2025-03-22 00:00:00+00:00,LZ_LCRA,2025-03-22 09:00:00+00:00,22.871666666666663,22.154232,13.009472,42.624886
ElecFM,2025-03-22 00:00:00+00:00,LZ_LCRA,2025-03-22 10:00:00+00:00,23.52416666666667,23.951702,13.637272,45.061195
ElecFM,2025-03-22 00:00:00+00:00,LZ_LCRA,2025-03-22 11:00:00+00:00,22.784166666666664,31.76684,19.996645,53.302383
ElecFM,2025-03-22 00:00:00+00:00,LZ_LCRA,2025-03-22 12:00:00+00:00,22.725,37.51147,24.792269,57.428574
ElecFM,2025-03-22 00:00:00+00:00,LZ_LCRA,2025-03-22 13:00:00+00:00,9.1925,19.953623,8.183435,36.80689
ElecFM,2025-03-22 00:00:00+00:00,LZ_LCRA,2025-03-22 14:00:00+00:00,-0.0716666666666666,6.5672054,-2.447773,20.319687
ElecFM,2025-03-22 00:00:00+00:00,LZ_LCRA,2025-03-22 15:00:00+00:00,-2.0416666666666665,8.267981,1.0301514,19.488152
ElecFM,2025-03-22 00:00:00+00:00,LZ_LCRA,2025-03-22 16:00:00+00:00,-1.669166666666667,4.3774395,-2.631174,12.931854
ElecFM,2025-03-22 00:00:00+00:00,LZ_LCRA,2025-03-22 17:00:00+00:00,-1.8791666666666669,3.25807,-3.1800747,11.350203
ElecFM,2025-03-22 00:00:00+00:00,LZ_LCRA,2025-03-22 18:00:00+00:00,-2.255,3.6606503,-1.9612751,11.199037
ElecFM,2025-03-22 00:00:00+00:00,LZ_LCRA,2025-03-22 19:00:00+00:00,-2.0625,6.20368,0.6321583,12.736115
ElecFM,2025-03-22 00:00:00+00:00,LZ_LCRA,2025-03-22 20:00:00+00:00,-0.965,6.9776573,1.8514118,13.677262
ElecFM,2025-03-22 00:00:00+00:00,LZ_LCRA,2025-03-22 21:00:00+00:00,1.5875,4.8192635,-2.111374,15.055286
ElecFM,2025-03-22 00:00:00+00:00,LZ_LCRA,2025-03-22 22:00:00+00:00,8.846666666666666,5.826662,-4.0737667,20.21567
ElecFM,2025-03-22 00:00:00+00:00,LZ_LCRA,2025-03-22 23:00:00+00:00,26.16,26.705963,12.177152,47.41819
ElecFM,2025-03-22 00:00:00+00:00,LZ_RAYBN,2025-03-22 00:00:00+00:00,63.57333333333333,56.39032,33.006832,88.00311
ElecFM,2025-03-22 00:00:00+00:00,LZ_RAYBN,2025-03-22 01:00:00+00:00,38.29333333333333,45.225277,19.683353,82.16582
ElecFM,2025-03-22 00:00:00+00:00,LZ_RAYBN,2025-03-22 02:00:00+00:00,26.406666666666663,36.27208,11.977785,74.04531
ElecFM,2025-03-22 00:00:00+00:00,LZ_RAYBN,2025-03-22 03:00:00+00:00,20.336666666666662,33.86894,12.705666,70.40151
ElecFM,2025-03-22 00:00:00+00:00,LZ_RAYBN,2025-03-22 04:00:00+00:00,17.530833333333334,26.81491,8.4305935,60.840263
ElecFM,2025-03-22 00:00:00+00:00,LZ_RAYBN,2025-03-22 05:00:00+00:00,19.31583333333333,23.87731,8.170993,55.872746
ElecFM,2025-03-22 00:00:00+00:00,LZ_RAYBN,2025-03-22 06:00:00+00:00,19.613333333333333,22.575556,9.482257,52.087
ElecFM,2025-03-22 00:00:00+00:00,LZ_RAYBN,2025-03-22 07:00:00+00:00,18.883333333333333,23.844557,12.871563,51.09877
ElecFM,2025-03-22 00:00:00+00:00,LZ_RAYBN,2025-03-22 08:00:00+00:00,18.49,21.161898,12.161983,45.73735
ElecFM,2025-03-22 00:00:00+00:00,LZ_RAYBN,2025-03-22 09:00:00+00:00,21.504166666666663,18.46205,9.150962,42.694572
ElecFM,2025-03-22 00:00:00+00:00,LZ_RAYBN,2025-03-22 10:00:00+00:00,23.52083333333333,20.88005,9.780597,46.147934
ElecFM,2025-03-22 00:00:00+00:00,LZ_RAYBN,2025-03-22 11:00:00+00:00,22.766666666666666,30.64444,17.679598,56.66347
ElecFM,2025-03-22 00:00:00+00:00,LZ_RAYBN,2025-03-22 12:00:00+00:00,22.51083333333333,36.287262,22.468517,60.383945
ElecFM,2025-03-22 00:00:00+00:00,LZ_RAYBN,2025-03-22 13:00:00+00:00,8.0425,17.911404,5.9354095,38.192223
ElecFM,2025-03-22 00:00:00+00:00,LZ_RAYBN,2025-03-22 14:00:00+00:00,-0.095,3.1272125,-5.4294033,19.264599
ElecFM,2025-03-22 00:00:00+00:00,LZ_RAYBN,2025-03-22 15:00:00+00:00,-2.0766666666666667,3.5243053,-2.7514515,16.310343
ElecFM,2025-03-22 00:00:00+00:00,LZ_RAYBN,2025-03-22 16:00:00+00:00,-1.6841666666666668,-1.4788322,-8.008497,8.421382
ElecFM,2025-03-22 00:00:00+00:00,LZ_RAYBN,2025-03-22 17:00:00+00:00,-1.91,-0.12673187,-6.6549015,9.570292
ElecFM,2025-03-22 00:00:00+00:00,LZ_RAYBN,2025-03-22 18:00:00+00:00,-2.6558333333333333,2.7652245,-3.5441723,12.147139
ElecFM,2025-03-22 00:00:00+00:00,LZ_RAYBN,2025-03-22 19:00:00+00:00,-4.365833333333334,4.9340696,-1.2809124,13.098398
ElecFM,2025-03-22 00:00:00+00:00,LZ_RAYBN,2025-03-22 20:00:00+00:00,-4.085,5.754121,0.35345268,14.02689
ElecFM,2025-03-22 00:00:00+00:00,LZ_RAYBN,2025-03-22 21:00:00+00:00,-4.3075,2.454092,-4.401087,14.124437
ElecFM,2025-03-22 00:00:00+00:00,LZ_RAYBN,2025-03-22 22:00:00+00:00,-2.5416666666666665,3.2624397,-7.2381496,20.235126
ElecFM,2025-03-22 00:00:00+00:00,LZ_RAYBN,2025-03-22 23:00:00+00:00,19.491666666666667,24.7856,8.367217,48.96946
ElecFM,2025-03-22 00:00:00+00:00,LZ_WEST,2025-03-22 00:00:00+00:00,66.28916666666667,71.963715,36.919376,119.295654
ElecFM,2025-03-22 00:00:00+00:00,LZ_WEST,2025-03-22 01:00:00+00:00,47.5025,73.5263,33.416557,128.38763
ElecFM,2025-03-22 00:00:00+00:00,LZ_WEST,2025-03-22 02:00:00+00:00,61.27583333333333,63.976948,24.459785,121.2982
ElecFM,2025-03-22 00:00:00+00:00,LZ_WEST,2025-03-22 03:00:00+00:00,41.42666666666667,55.731316,17.819836,112.44447
ElecFM,2025-03-22 00:00:00+00:00,LZ_WEST,2025-03-22 04:00:00+00:00,42.318333333333335,51.671806,15.728001,105.758896
ElecFM,2025-03-22 00:00:00+00:00,LZ_WEST,2025-03-22 05:00:00+00:00,43.278333333333336,49.40172,15.736445,101.35185
ElecFM,2025-03-22 00:00:00+00:00,LZ_WEST,2025-03-22 06:00:00+00:00,40.40416666666666,48.912346,17.606913,100.23723
ElecFM,2025-03-22 00:00:00+00:00,LZ_WEST,2025-03-22 07:00:00+00:00,27.631666666666664,48.58481,19.412064,100.48872
ElecFM,2025-03-22 00:00:00+00:00,LZ_WEST,2025-03-22 08:00:00+00:00,30.685,46.49534,19.241346,90.84819
ElecFM,2025-03-22 00:00:00+00:00,LZ_WEST,2025-03-22 09:00:00+00:00,25.355,39.660027,16.202456,79.41934
ElecFM,2025-03-22 00:00:00+00:00,LZ_WEST,2025-03-22 10:00:00+00:00,23.48,33.54944,13.9727545,67.911606
ElecFM,2025-03-22 00:00:00+00:00,LZ_WEST,2025-03-22 11:00:00+00:00,22.531666666666663,26.502468,10.231077,58.347157
ElecFM,2025-03-22 00:00:00+00:00,LZ_WEST,2025-03-22 12:00:00+00:00,24.25583333333333,24.01259,9.362141,51.23986
ElecFM,2025-03-22 00:00:00+00:00,LZ_WEST,2025-03-22 13:00:00+00:00,18.60833333333333,16.119606,2.5537071,40.956223
ElecFM,2025-03-22 00:00:00+00:00,LZ_WEST,2025-03-22 14:00:00+00:00,-0.3899999999999999,7.7833014,-3.9268837,30.909492
ElecFM,2025-03-22 00:00:00+00:00,LZ_WEST,2025-03-22 15:00:00+00:00,-2.2625,5.1517086,-5.77656,26.3677
ElecFM,2025-03-22 00:00:00+00:00,LZ_WEST,2025-03-22 16:00:00+00:00,-2.0075,4.4120827,-7.7174053,20.605978
ElecFM,2025-03-22 00:00:00+00:00,LZ_WEST,2025-03-22 17:00:00+00:00,-2.005833333333334,6.1231194,-5.89773,22.157558
ElecFM,2025-03-22 00:00:00+00:00,LZ_WEST,2025-03-22 18:00:00+00:00,-2.1466666666666665,6.818901,-6.426754,23.096998
ElecFM,2025-03-22 00:00:00+00:00,LZ_WEST,2025-03-22 19:00:00+00:00,-1.9608333333333332,6.390584,-9.837299,24.949268
ElecFM,2025-03-22 00:00:00+00:00,LZ_WEST,2025-03-22 20:00:00+00:00,-1.795,5.4949093,-11.258469,28.459448
ElecFM,2025-03-22 00:00:00+00:00,LZ_WEST,2025-03-22 21:00:00+00:00,-3.835833333333333,6.245205,-13.054554,33.016075
ElecFM,2025-03-22 00:00:00+00:00,LZ_WEST,2025-03-22 22:00:00+00:00,-4.895833333333333,11.005759,-10.860889,43.79837
ElecFM,2025-03-22 00:00:00+00:00,LZ_WEST,2025-03-22 23:00:00+00:00,-3.6741666666666655,25.9034,-0.89162445,64.51955
ElecFM,2025-03-23 00:00:00+00:00,LZ_LCRA,2025-03-23 00:00:00+00:00,28.9825,35.81809,24.654572,50.529324
ElecFM,2025-03-23 00:00:00+00:00,LZ_LCRA,2025-03-23 01:00:00+00:00,29.049166666666668,31.181091,19.639244,47.257675
ElecFM,2025-03-23 00:00:00+00:00,LZ_LCRA,2025-03-23 02:00:00+00:00,28.34166666666667,27.685566,17.024479,43.1614
ElecFM,2025-03-23 00:00:00+00:00,LZ_LCRA,2025-03-23 03:00:00+00:00,22.995833333333337,27.395363,17.751392,41.83179
ElecFM,2025-03-23 00:00:00+00:00,LZ_LCRA,2025-03-23 04:00:00+00:00,22.0525,22.848373,12.823344,36.717827
ElecFM,2025-03-23 00:00:00+00:00,LZ_LCRA,2025-03-23 05:00:00+00:00,21.296666666666667,22.354067,12.186479,36.544067
ElecFM,2025-03-23 00:00:00+00:00,LZ_LCRA,2025-03-23 06:00:00+00:00,21.815,20.547522,10.831767,34.460358
ElecFM,2025-03-23 00:00:00+00:00,LZ_LCRA,2025-03-23 07:00:00+00:00,21.078333333333333,21.701902,12.601668,35.337234
ElecFM,2025-03-23 00:00:00+00:00,LZ_LCRA,2025-03-23 08:00:00+00:00,20.684166666666663,21.203747,13.038252,33.536346
ElecFM,2025-03-23 00:00:00+00:00,LZ_LCRA,2025-03-23 09:00:00+00:00,19.11916666666667,21.4267,11.998569,33.84491
ElecFM,2025-03-23 00:00:00+00:00,LZ_LCRA,2025-03-23 10:00:00+00:00,22.00583333333333,24.483652,13.132577,38.25691
ElecFM,2025-03-23 00:00:00+00:00,LZ_LCRA,2025-03-23 11:00:00+00:00,23.39,30.885284,17.326668,46.655968
ElecFM,2025-03-23 00:00:00+00:00,LZ_LCRA,2025-03-23 12:00:00+00:00,26.175833333333333,32.688198,18.531578,47.642952
ElecFM,2025-03-23 00:00:00+00:00,LZ_LCRA,2025-03-23 13:00:00+00:00,29.76833333333333,19.95409,7.1702337,32.569084
ElecFM,2025-03-23 00:00:00+00:00,LZ_LCRA,2025-03-23 14:00:00+00:00,21.646666666666665,8.518107,-1.3322525,17.731853
ElecFM,2025-03-23 00:00:00+00:00,LZ_LCRA,2025-03-23 15:00:00+00:00,13.790833333333332,6.896777,-1.0769234,14.047214
ElecFM,2025-03-23 00:00:00+00:00,LZ_LCRA,2025-03-23 16:00:00+00:00,14.472499999999998,6.362561,-1.4501514,11.634573
ElecFM,2025-03-23 00:00:00+00:00,LZ_LCRA,2025-03-23 17:00:00+00:00,17.938333333333333,5.0507517,-2.3385963,10.502879
ElecFM,2025-03-23 00:00:00+00:00,LZ_LCRA,2025-03-23 18:00:00+00:00,17.333333333333332,4.7750816,-2.5739746,10.645186
ElecFM,2025-03-23 00:00:00+00:00,LZ_LCRA,2025-03-23 19:00:00+00:00,18.66,6.3184786,-1.0053406,12.300041
ElecFM,2025-03-23 00:00:00+00:00,LZ_LCRA,2025-03-23 20:00:00+00:00,18.269166666666667,5.0954037,-1.7961464,11.469381
ElecFM,2025-03-23 00:00:00+00:00,LZ_LCRA,2025-03-23 21:00:00+00:00,18.131666666666668,6.1299486,-2.6452007,15.791075
ElecFM,2025-03-23 00:00:00+00:00,LZ_LCRA,2025-03-23 22:00:00+00:00,24.08083333333333,9.617534,-2.0687428,22.989191
ElecFM,2025-03-23 00:00:00+00:00,LZ_LCRA,2025-03-23 23:00:00+00:00,31.94083333333333,26.108768,11.294028,44.3089
ElecFM,2025-03-23 00:00:00+00:00,LZ_RAYBN,2025-03-23 00:00:00+00:00,23.94333333333333,30.729815,15.804006,51.694733
ElecFM,2025-03-23 00:00:00+00:00,LZ_RAYBN,2025-03-23 01:00:00+00:00,22.386666666666667,25.696285,9.943741,48.542633
ElecFM,2025-03-23 00:00:00+00:00,LZ_RAYBN,2025-03-23 02:00:00+00:00,21.07166666666667,22.58289,8.234409,44.398346
ElecFM,2025-03-23 00:00:00+00:00,LZ_RAYBN,2025-03-23 03:00:00+00:00,13.516666666666666,23.265968,10.836115,43.334274
ElecFM,2025-03-23 00:00:00+00:00,LZ_RAYBN,2025-03-23 04:00:00+00:00,11.496666666666668,18.309454,5.8469906,36.554764
ElecFM,2025-03-23 00:00:00+00:00,LZ_RAYBN,2025-03-23 05:00:00+00:00,11.856666666666667,16.837254,4.191806,35.27161
ElecFM,2025-03-23 00:00:00+00:00,LZ_RAYBN,2025-03-23 06:00:00+00:00,11.3375,14.797724,3.1140623,32.823837
ElecFM,2025-03-23 00:00:00+00:00,LZ_RAYBN,2025-03-23 07:00:00+00:00,10.326666666666666,15.781883,4.911989,33.187813
ElecFM,2025-03-23 00:00:00+00:00,LZ_RAYBN,2025-03-23 08:00:00+00:00,10.585,16.251295,6.2435913,31.177998
ElecFM,2025-03-23 00:00:00+00:00,LZ_RAYBN,2025-03-23 09:00:00+00:00,10.506666666666666,17.116184,6.5004683,32.188187
ElecFM,2025-03-23 00:00:00+00:00,LZ_RAYBN,2025-03-23 10:00:00+00:00,12.704166666666666,20.187084,6.640667,36.932854
ElecFM,2025-03-23 00:00:00+00:00,LZ_RAYBN,2025-03-23 11:00:00+00:00,15.763333333333334,28.141048,11.760766,47.622322
ElecFM,2025-03-23 00:00:00+00:00,LZ_RAYBN,2025-03-23 12:00:00+00:00,17.575,31.548983,14.001192,50.321556
ElecFM,2025-03-23 00:00:00+00:00,LZ_RAYBN,2025-03-23 13:00:00+00:00,20.51333333333333,17.405771,1.7655659,34.97827
ElecFM,2025-03-23 00:00:00+00:00,LZ_RAYBN,2025-03-23 14:00:00+00:00,13.780833333333334,5.3151073,-7.1543884,18.36762
ElecFM,2025-03-23 00:00:00+00:00,LZ_RAYBN,2025-03-23 15:00:00+00:00,8.089166666666667,4.80453,-5.49469,15.180464
ElecFM,2025-03-23 00:00:00+00:00,LZ_RAYBN,2025-03-23 16:00:00+00:00,7.043333333333334,4.052062,-5.946228,11.385216
ElecFM,2025-03-23 00:00:00+00:00,LZ_RAYBN,2025-03-23 17:00:00+00:00,14.070833333333333,4.310109,-5.4507847,11.882149
ElecFM,2025-03-23 00:00:00+00:00,LZ_RAYBN,2025-03-23 18:00:00+00:00,14.766666666666666,3.7732964,-6.058258,11.6337385
ElecFM,2025-03-23 00:00:00+00:00,LZ_RAYBN,2025-03-23 19:00:00+00:00,16.8875,4.9771814,-4.806307,12.8041115
ElecFM,2025-03-23 00:00:00+00:00,LZ_RAYBN,2025-03-23 20:00:00+00:00,17.304166666666667,3.6499147,-4.7953415,12.014357
ElecFM,2025-03-23 00:00:00+00:00,LZ_RAYBN,2025-03-23 21:00:00+00:00,15.771666666666668,1.6676674,-8.485506,14.01266
ElecFM,2025-03-23 00:00:00+00:00,LZ_RAYBN,2025-03-23 22:00:00+00:00,15.641666666666666,3.5909023,-9.556702,20.412895
ElecFM,2025-03-23 00:00:00+00:00,LZ_RAYBN,2025-03-23 23:00:00+00:00,29.21666666666667,23.69394,6.7443504,46.644524
ElecFM,2025-03-23 00:00:00+00:00,LZ_WEST,2025-03-23 00:00:00+00:00,17.909166666666668,8.806428,-0.4929123,25.770624
ElecFM,2025-03-23 00:00:00+00:00,LZ_WEST,2025-03-23 01:00:00+00:00,41.873333333333335,16.28135,3.5742493,37.85171
ElecFM,2025-03-23 00:00:00+00:00,LZ_WEST,2025-03-23 02:00:00+00:00,50.961666666666666,19.259636,4.721287,43.75454
ElecFM,2025-03-23 00:00:00+00:00,LZ_WEST,2025-03-23 03:00:00+00:00,59.590833333333336,18.251802,2.7040215,44.70387
ElecFM,2025-03-23 00:00:00+00:00,LZ_WEST,2025-03-23 04:00:00+00:00,62.59166666666667,20.145401,2.7718124,47.38589
ElecFM,2025-03-23 00:00:00+00:00,LZ_WEST,2025-03-23 05:00:00+00:00,50.28416666666666,22.580812,3.8694687,50.517174
ElecFM,2025-03-23 00:00:00+00:00,LZ_WEST,2025-03-23 06:00:00+00:00,63.1575,22.848204,4.665745,51.40818
ElecFM,2025-03-23 00:00:00+00:00,LZ_WEST,2025-03-23 07:00:00+00:00,61.86416666666667,23.370312,5.357849,52.88534
ElecFM,2025-03-23 00:00:00+00:00,LZ_WEST,2025-03-23 08:00:00+00:00,46.215833333333336,26.930717,9.188582,54.039864
ElecFM,2025-03-23 00:00:00+00:00,LZ_WEST,2025-03-23 09:00:00+00:00,37.18666666666667,27.052225,10.475238,53.038864
ElecFM,2025-03-23 00:00:00+00:00,LZ_WEST,2025-03-23 10:00:00+00:00,56.32333333333333,24.580475,9.32628,47.635693
ElecFM,2025-03-23 00:00:00+00:00,LZ_WEST,2025-03-23 11:00:00+00:00,49.24,18.855047,5.0100346,40.30796
ElecFM,2025-03-23 00:00:00+00:00,LZ_WEST,2025-03-23 12:00:00+00:00,57.91583333333333,15.035211,1.827774,33.619175
ElecFM,2025-03-23 00:00:00+00:00,LZ_WEST,2025-03-23 13:00:00+00:00,45.54583333333333,7.930274,-3.3576107,24.436789
ElecFM,2025-03-23 00:00:00+00:00,LZ_WEST,2025-03-23 14:00:00+00:00,11.903333333333334,0.65898705,-9.577929,15.933712
ElecFM,2025-03-23 00:00:00+00:00,LZ_WEST,2025-03-23 15:00:00+00:00,-0.2208333333333333,-0.045337677,-9.695473,14.705889
ElecFM,2025-03-23 00:00:00+00:00,LZ_WEST,2025-03-23 16:00:00+00:00,-2.8325,0.8847561,-9.935793,15.432151
ElecFM,2025-03-23 00:00:00+00:00,LZ_WEST,2025-03-23 17:00:00+00:00,-3.925833333333333,0.7493706,-9.652475,15.600759
ElecFM,2025-03-23 00:00:00+00:00,LZ_WEST,2025-03-23 18:00:00+00:00,-4.454166666666667,1.6869392,-8.886469,17.139837
ElecFM,2025-03-23 00:00:00+00:00,LZ_WEST,2025-03-23 19:00:00+00:00,-5.045833333333333,0.9082718,-9.613411,16.908611
ElecFM,2025-03-23 00:00:00+00:00,LZ_WEST,2025-03-23 20:00:00+00:00,-2.2491666666666665,1.6295681,-8.193943,18.45132
ElecFM,2025-03-23 00:00:00+00:00,LZ_WEST,2025-03-23 21:00:00+00:00,0.415,1.6157017,-10.148773,20.455063
ElecFM,2025-03-23 00:00:00+00:00,LZ_WEST,2025-03-23 22:00:00+00:00,2.9658333333333338,2.4196434,-10.843973,24.418198
ElecFM,2025-03-23 00:00:00+00:00,LZ_WEST,2025-03-23 23:00:00+00:00,18.063333333333333,13.674973,-1.9975529,38.994354
ElecFM,2025-03-24 00:00:00+00:00,LZ_LCRA,2025-03-24 00:00:00+00:00,40.63333333333333,38.387096,23.298494,59.11274
ElecFM,2025-03-24 00:00:00+00:00,LZ_LCRA,2025-03-24 01:00:00+00:00,43.080000000000005,37.504948,22.820866,60.323135
ElecFM,2025-03-24 00:00:00+00:00,LZ_LCRA,2025-03-24 02:00:00+00:00,43.90416666666667,34.42933,21.560856,56.326263
ElecFM,2025-03-24 00:00:00+00:00,LZ_LCRA,2025-03-24 03:00:00+00:00,39.586666666666666,33.480392,22.384375,53.469246
ElecFM,2025-03-24 00:00:00+00:00,LZ_LCRA,2025-03-24 04:00:00+00:00,32.9125,33.12801,22.684593,52.524773
ElecFM,2025-03-24 00:00:00+00:00,LZ_LCRA,2025-03-24 05:00:00+00:00,29.81833333333333,32.907974,22.51688,52.584717
ElecFM,2025-03-24 00:00:00+00:00,LZ_LCRA,2025-03-24 06:00:00+00:00,28.86583333333333,31.9404,22.169079,52.41037
ElecFM,2025-03-24 00:00:00+00:00,LZ_LCRA,2025-03-24 07:00:00+00:00,25.58083333333333,32.20583,22.597006,52.73603
ElecFM,2025-03-24 00:00:00+00:00,LZ_LCRA,2025-03-24 08:00:00+00:00,22.19083333333333,30.486246,21.258682,49.96898
ElecFM,2025-03-24 00:00:00+00:00,LZ_LCRA,2025-03-24 09:00:00+00:00,22.50916666666667,32.859764,22.579906,53.00602
ElecFM,2025-03-24 00:00:00+00:00,LZ_LCRA,2025-03-24 10:00:00+00:00,25.059166666666663,34.55194,21.90249,56.50122
ElecFM,2025-03-24 00:00:00+00:00,LZ_LCRA,2025-03-24 11:00:00+00:00,36.32,40.543488,25.05796,64.646675
ElecFM,2025-03-24 00:00:00+00:00,LZ_LCRA,2025-03-24 12:00:00+00:00,36.840833333333336,42.013535,26.166037,65.4254
ElecFM,2025-03-24 00:00:00+00:00,LZ_LCRA,2025-03-24 13:00:00+00:00,21.1275,29.948574,16.287352,50.799435
ElecFM,2025-03-24 00:00:00+00:00,LZ_LCRA,2025-03-24 14:00:00+00:00,6.090833333333333,22.11587,11.711614,38.396744
ElecFM,2025-03-24 00:00:00+00:00,LZ_LCRA,2025-03-24 15:00:00+00:00,0.0083333333333333,20.827887,12.770615,34.1708
ElecFM,2025-03-24 00:00:00+00:00,LZ_LCRA,2025-03-24 16:00:00+00:00,0.0116666666666666,19.784554,11.573618,31.318779
ElecFM,2025-03-24 00:00:00+00:00,LZ_LCRA,2025-03-24 17:00:00+00:00,7.560833333333334,20.0493,10.880722,32.067158
ElecFM,2025-03-24 00:00:00+00:00,LZ_LCRA,2025-03-24 18:00:00+00:00,14.451666666666666,19.406843,9.240134,33.208363
ElecFM,2025-03-24 00:00:00+00:00,LZ_LCRA,2025-03-24 19:00:00+00:00,20.675833333333333,18.323298,7.5966177,32.30494
ElecFM,2025-03-24 00:00:00+00:00,LZ_LCRA,2025-03-24 20:00:00+00:00,22.939166666666665,18.870369,8.166767,33.248062
ElecFM,2025-03-24 00:00:00+00:00,LZ_LCRA,2025-03-24 21:00:00+00:00,31.415000000000003,21.228006,8.570543,38.805573
ElecFM,2025-03-24 00:00:00+00:00,LZ_LCRA,2025-03-24 22:00:00+00:00,38.6075,26.081972,10.869086,47.770058
ElecFM,2025-03-24 00:00:00+00:00,LZ_LCRA,2025-03-24 23:00:00+00:00,99.9,40.42751,21.34529,67.43136
ElecFM,2025-03-24 00:00:00+00:00,LZ_RAYBN,2025-03-24 00:00:00+00:00,40.5,36.48233,21.218464,57.402122
ElecFM,2025-03-24 00:00:00+00:00,LZ_RAYBN,2025-03-24 01:00:00+00:00,42.98,34.438137,18.82595,57.907394
ElecFM,2025-03-24 00:00:00+00:00,LZ_RAYBN,2025-03-24 02:00:00+00:00,42.5725,31.42257,17.193634,54.518394
ElecFM,2025-03-24 00:00:00+00:00,LZ_RAYBN,2025-03-24 03:00:00+00:00,37.635,30.531723,17.800585,52.51403
ElecFM,2025-03-24 00:00:00+00:00,LZ_RAYBN,2025-03-24 04:00:00+00:00,30.405833333333337,29.428877,17.656086,50.48137
ElecFM,2025-03-24 00:00:00+00:00,LZ_RAYBN,2025-03-24 05:00:00+00:00,26.825,30.57116,19.419407,51.507828
ElecFM,2025-03-24 00:00:00+00:00,LZ_RAYBN,2025-03-24 06:00:00+00:00,24.886666666666667,28.913502,18.055021,50.12439
ElecFM,2025-03-24 00:00:00+00:00,LZ_RAYBN,2025-03-24 07:00:00+00:00,22.91,29.047707,18.056976,50.507545
ElecFM,2025-03-24 00:00:00+00:00,LZ_RAYBN,2025-03-24 08:00:00+00:00,22.44083333333333,26.016727,14.94918,46.388103
ElecFM,2025-03-24 00:00:00+00:00,LZ_RAYBN,2025-03-24 09:00:00+00:00,23.371666666666663,29.129498,16.726774,50.67177
ElecFM,2025-03-24 00:00:00+00:00,LZ_RAYBN,2025-03-24 10:00:00+00:00,26.8075,30.615726,16.245596,53.943085
ElecFM,2025-03-24 00:00:00+00:00,LZ_RAYBN,2025-03-24 11:00:00+00:00,33.166666666666664,37.50327,20.999378,62.587944
ElecFM,2025-03-24 00:00:00+00:00,LZ_RAYBN,2025-03-24 12:00:00+00:00,32.1425,38.047104,21.957792,62.0138
ElecFM,2025-03-24 00:00:00+00:00,LZ_RAYBN,2025-03-24 13:00:00+00:00,16.892500000000002,24.310047,10.667593,45.59503
ElecFM,2025-03-24 00:00:00+00:00,LZ_RAYBN,2025-03-24 14:00:00+00:00,5.181666666666667,15.68027,5.547556,32.665127
ElecFM,2025-03-24 00:00:00+00:00,LZ_RAYBN,2025-03-24 15:00:00+00:00,0.0058333333333333,16.727552,8.68634,31.002125
ElecFM,2025-03-24 00:00:00+00:00,LZ_RAYBN,2025-03-24 16:00:00+00:00,0.0583333333333333,16.00027,7.746928,28.728588
ElecFM,2025-03-24 00:00:00+00:00,LZ_RAYBN,2025-03-24 17:00:00+00:00,0.1308333333333333,17.674013,8.028501,31.759277
ElecFM,2025-03-24 00:00:00+00:00,LZ_RAYBN,2025-03-24 18:00:00+00:00,0.5341666666666667,18.383375,6.534395,34.607124
ElecFM,2025-03-24 00:00:00+00:00,LZ_RAYBN,2025-03-24 19:00:00+00:00,1.0508333333333333,17.986143,4.711153,35.090244
ElecFM,2025-03-24 00:00:00+00:00,LZ_RAYBN,2025-03-24 20:00:00+00:00,6.036666666666666,19.331026,5.732459,37.94233
ElecFM,2025-03-24 00:00:00+00:00,LZ_RAYBN,2025-03-24 21:00:00+00:00,10.423333333333334,20.820427,5.136839,42.82891
ElecFM,2025-03-24 00:00:00+00:00,LZ_RAYBN,2025-03-24 22:00:00+00:00,10.198333333333332,22.724747,4.7544374,48.9122
ElecFM,2025-03-24 00:00:00+00:00,LZ_RAYBN,2025-03-24 23:00:00+00:00,95.615,40.255386,18.950878,71.88302
ElecFM,2025-03-24 00:00:00+00:00,LZ_WEST,2025-03-24 00:00:00+00:00,42.34916666666667,40.006115,12.470869,74.94399
ElecFM,2025-03-24 00:00:00+00:00,LZ_WEST,2025-03-24 01:00:00+00:00,43.62583333333333,48.36816,16.292393,88.00413
ElecFM,2025-03-24 00:00:00+00:00,LZ_WEST,2025-03-24 02:00:00+00:00,54.84333333333333,49.606163,17.699615,90.71455
ElecFM,2025-03-24 00:00:00+00:00,LZ_WEST,2025-03-24 03:00:00+00:00,56.43,49.764038,18.988253,90.581406
ElecFM,2025-03-24 00:00:00+00:00,LZ_WEST,2025-03-24 04:00:00+00:00,54.95,50.51811,20.987936,90.000404
ElecFM,2025-03-24 00:00:00+00:00,LZ_WEST,2025-03-24 05:00:00+00:00,56.15166666666667,46.86727,17.428514,84.67398
ElecFM,2025-03-24 00:00:00+00:00,LZ_WEST,2025-03-24 06:00:00+00:00,64.41833333333334,46.714832,19.972284,84.82451
ElecFM,2025-03-24 00:00:00+00:00,LZ_WEST,2025-03-24 07:00:00+00:00,58.958333333333336,45.262543,19.654821,83.5747
ElecFM,2025-03-24 00:00:00+00:00,LZ_WEST,2025-03-24 08:00:00+00:00,30.118333333333336,40.448994,15.126083,74.22624
ElecFM,2025-03-24 00:00:00+00:00,LZ_WEST,2025-03-24 09:00:00+00:00,62.711666666666666,34.80684,12.06413,67.22122
ElecFM,2025-03-24 00:00:00+00:00,LZ_WEST,2025-03-24 10:00:00+00:00,69.88583333333334,25.637846,4.1221466,54.494396
ElecFM,2025-03-24 00:00:00+00:00,LZ_WEST,2025-03-24 11:00:00+00:00,64.47083333333333,18.10917,-0.87205124,46.52298
ElecFM,2025-03-24 00:00:00+00:00,LZ_WEST,2025-03-24 12:00:00+00:00,51.86083333333334,12.645191,-3.5225487,35.842987
ElecFM,2025-03-24 00:00:00+00:00,LZ_WEST,2025-03-24 13:00:00+00:00,32.26333333333333,2.8096695,-10.189384,23.228035
ElecFM,2025-03-24 00:00:00+00:00,LZ_WEST,2025-03-24 14:00:00+00:00,6.319166666666667,-3.4993172,-15.292686,12.591944
ElecFM,2025-03-24 00:00:00+00:00,LZ_WEST,2025-03-24 15:00:00+00:00,0.0033333333333333,-4.9224033,-15.460995,7.7289324
ElecFM,2025-03-24 00:00:00+00:00,LZ_WEST,2025-03-24 16:00:00+00:00,-0.0108333333333333,-6.7769012,-17.255733,1.9701271
ElecFM,2025-03-24 00:00:00+00:00,LZ_WEST,2025-03-24 17:00:00+00:00,1.0133333333333334,-8.490349,-17.753075,0.59412956
ElecFM,2025-03-24 00:00:00+00:00,LZ_WEST,2025-03-24 18:00:00+00:00,2.2475,-8.73534,-18.421413,0.62091064
ElecFM,2025-03-24 00:00:00+00:00,LZ_WEST,2025-03-24 19:00:00+00:00,3.6141666666666654,-7.4305687,-19.330555,2.664753
ElecFM,2025-03-24 00:00:00+00:00,LZ_WEST,2025-03-24 20:00:00+00:00,7.451666666666667,-5.0239277,-17.97868,6.9821005
ElecFM,2025-03-24 00:00:00+00:00,LZ_WEST,2025-03-24 21:00:00+00:00,10.295833333333333,-3.387186,-19.8512,12.41181
ElecFM,2025-03-24 00:00:00+00:00,LZ_WEST,2025-03-24 22:00:00+00:00,13.019166666666663,-1.0788288,-19.896477,18.932081
ElecFM,2025-03-24 00:00:00+00:00,LZ_WEST,2025-03-24 23:00:00+00:00,95.58083333333332,13.433856,-8.556709,39.16836
ElecFM,2025-03-25 00:00:00+00:00,LZ_LCRA,2025-03-25 00:00:00+00:00,125.065,100.62619,66.16492,143.65393
ElecFM,2025-03-25 00:00:00+00:00,LZ_LCRA,2025-03-25 01:00:00+00:00,159.21833333333333,80.179665,46.24753,124.92665
ElecFM,2025-03-25 00:00:00+00:00,LZ_LCRA,2025-03-25 02:00:00+00:00,72.82166666666667,60.847755,32.534412,102.16904
ElecFM,2025-03-25 00:00:00+00:00,LZ_LCRA,2025-03-25 03:00:00+00:00,36.428333333333335,50.088226,27.867037,87.3427
ElecFM,2025-03-25 00:00:00+00:00,LZ_LCRA,2025-03-25 04:00:00+00:00,26.6375,42.619553,25.8302,74.98027
ElecFM,2025-03-25 00:00:00+00:00,LZ_LCRA,2025-03-25 05:00:00+00:00,22.77916666666667,38.937912,25.38296,68.247375
ElecFM,2025-03-25 00:00:00+00:00,LZ_LCRA,2025-03-25 06:00:00+00:00,22.550833333333333,34.650352,24.213406,62.31172
ElecFM,2025-03-25 00:00:00+00:00,LZ_LCRA,2025-03-25 07:00:00+00:00,22.0,31.579775,22.641432,58.72984
ElecFM,2025-03-25 00:00:00+00:00,LZ_LCRA,2025-03-25 08:00:00+00:00,22.133333333333336,29.150541,21.008953,52.807556
ElecFM,2025-03-25 00:00:00+00:00,LZ_LCRA,2025-03-25 09:00:00+00:00,22.579166666666666,30.271622,21.173492,54.364098
ElecFM,2025-03-25 00:00:00+00:00,LZ_LCRA,2025-03-25 10:00:00+00:00,25.206666666666667,31.912628,21.342854,56.530636
ElecFM,2025-03-25 00:00:00+00:00,LZ_LCRA,2025-03-25 11:00:00+00:00,28.034166666666668,36.608734,22.806099,62.877926
ElecFM,2025-03-25 00:00:00+00:00,LZ_LCRA,2025-03-25 12:00:00+00:00,31.855833333333333,37.162575,23.815004,61.04703
ElecFM,2025-03-25 00:00:00+00:00,LZ_LCRA,2025-03-25 13:00:00+00:00,20.209166666666665,23.778345,12.113101,45.98283
ElecFM,2025-03-25 00:00:00+00:00,LZ_LCRA,2025-03-25 14:00:00+00:00,13.049166666666666,12.036617,3.7075481,30.067585
ElecFM,2025-03-25 00:00:00+00:00,LZ_LCRA,2025-03-25 15:00:00+00:00,12.347499999999998,7.886696,0.9989586,23.868273
ElecFM,2025-03-25 00:00:00+00:00,LZ_LCRA,2025-03-25 16:00:00+00:00,20.22583333333333,5.793988,-0.7073841,19.742647
ElecFM,2025-03-25 00:00:00+00:00,LZ_LCRA,2025-03-25 17:00:00+00:00,29.840833333333336,8.311441,0.53779984,23.369192
ElecFM,2025-03-25 00:00:00+00:00,LZ_LCRA,2025-03-25 18:00:00+00:00,29.727500000000003,10.187673,2.4649162,24.644352
ElecFM,2025-03-25 00:00:00+00:00,LZ_LCRA,2025-03-25 19:00:00+00:00,28.924166666666665,12.051571,2.4888115,26.568855
ElecFM,2025-03-25 00:00:00+00:00,LZ_LCRA,2025-03-25 20:00:00+00:00,32.31,12.050166,3.1751804,27.497583
ElecFM,2025-03-25 00:00:00+00:00,LZ_LCRA,2025-03-25 21:00:00+00:00,30.500833333333333,16.436316,4.392437,36.383728
ElecFM,2025-03-25 00:00:00+00:00,LZ_LCRA,2025-03-25 22:00:00+00:00,50.91583333333333,24.182993,9.382323,48.009552
ElecFM,2025-03-25 00:00:00+00:00,LZ_LCRA,2025-03-25 23:00:00+00:00,118.37666666666668,44.532547,24.385078,74.62846
ElecFM,2025-03-25 00:00:00+00:00,LZ_RAYBN,2025-03-25 00:00:00+00:00,136.0675,97.17549,62.294205,140.52275
ElecFM,2025-03-25 00:00:00+00:00,LZ_RAYBN,2025-03-25 01:00:00+00:00,159.9725,78.30986,44.285297,122.513535
ElecFM,2025-03-25 00:00:00+00:00,LZ_RAYBN,2025-03-25 02:00:00+00:00,58.76416666666666,55.41619,26.852417,96.33847
ElecFM,2025-03-25 00:00:00+00:00,LZ_RAYBN,2025-03-25 03:00:00+00:00,25.763333333333332,42.788773,20.613222,79.76554
ElecFM,2025-03-25 00:00:00+00:00,LZ_RAYBN,2025-03-25 04:00:00+00:00,21.888333333333332,36.303284,19.35521,67.60412
ElecFM,2025-03-25 00:00:00+00:00,LZ_RAYBN,2025-03-25 05:00:00+00:00,19.71,32.636593,20.07027,59.947044
ElecFM,2025-03-25 00:00:00+00:00,LZ_RAYBN,2025-03-25 06:00:00+00:00,18.819166666666668,26.501827,16.979301,51.529984
ElecFM,2025-03-25 00:00:00+00:00,LZ_RAYBN,2025-03-25 07:00:00+00:00,17.8625,22.754168,14.92573,45.64328
ElecFM,2025-03-25 00:00:00+00:00,LZ_RAYBN,2025-03-25 08:00:00+00:00,18.280833333333337,18.144835,11.564861,37.72854
ElecFM,2025-03-25 00:00:00+00:00,LZ_RAYBN,2025-03-25 09:00:00+00:00,18.74833333333333,18.748976,11.397631,38.32908
ElecFM,2025-03-25 00:00:00+00:00,LZ_RAYBN,2025-03-25 10:00:00+00:00,21.20833333333333,20.278433,11.783147,41.00482
ElecFM,2025-03-25 00:00:00+00:00,LZ_RAYBN,2025-03-25 11:00:00+00:00,27.23333333333333,25.773815,14.052769,47.981274
ElecFM,2025-03-25 00:00:00+00:00,LZ_RAYBN,2025-03-25 12:00:00+00:00,30.46166666666667,26.436653,15.122411,46.792038
ElecFM,2025-03-25 00:00:00+00:00,LZ_RAYBN,2025-03-25 13:00:00+00:00,20.195833333333333,14.176495,4.3437433,32.498802
ElecFM,2025-03-25 00:00:00+00:00,LZ_RAYBN,2025-03-25 14:00:00+00:00,10.646666666666668,4.858083,-2.1661968,19.905703
ElecFM,2025-03-25 00:00:00+00:00,LZ_RAYBN,2025-03-25 15:00:00+00:00,5.7375,3.4818726,-2.6958523,16.678503
ElecFM,2025-03-25 00:00:00+00:00,LZ_RAYBN,2025-03-25 16:00:00+00:00,10.566666666666666,3.0460653,-3.0715866,14.685236
ElecFM,2025-03-25 00:00:00+00:00,LZ_RAYBN,2025-03-25 17:00:00+00:00,17.695,5.3920383,-1.3361473,18.383173
ElecFM,2025-03-25 00:00:00+00:00,LZ_RAYBN,2025-03-25 18:00:00+00:00,22.898333333333337,7.1431494,0.73950577,19.586582
ElecFM,2025-03-25 00:00:00+00:00,LZ_RAYBN,2025-03-25 19:00:00+00:00,27.730833333333333,6.357236,0.050603867,18.252466
ElecFM,2025-03-25 00:00:00+00:00,LZ_RAYBN,2025-03-25 20:00:00+00:00,39.4825,7.046076,0.510767,19.902222
ElecFM,2025-03-25 00:00:00+00:00,LZ_RAYBN,2025-03-25 21:00:00+00:00,37.585,7.8214216,-1.7834377,24.902744
ElecFM,2025-03-25 00:00:00+00:00,LZ_RAYBN,2025-03-25 22:00:00+00:00,42.80416666666667,11.849102,-1.2921333,33.00654
ElecFM,2025-03-25 00:00:00+00:00,LZ_RAYBN,2025-03-25 23:00:00+00:00,113.98333333333332,30.871708,12.297047,58.10453
ElecFM,2025-03-25 00:00:00+00:00,LZ_WEST,2025-03-25 00:00:00+00:00,131.55083333333332,82.59404,51.059,121.22516
ElecFM,2025-03-25 00:00:00+00:00,LZ_WEST,2025-03-25 01:00:00+00:00,159.65833333333333,68.9031,35.248756,110.77594
ElecFM,2025-03-25 00:00:00+00:00,LZ_WEST,2025-03-25 02:00:00+00:00,95.39,58.20509,27.521835,100.2004
ElecFM,2025-03-25 00:00:00+00:00,LZ_WEST,2025-03-25 03:00:00+00:00,70.3925,49.489483,22.162,89.890114
ElecFM,2025-03-25 00:00:00+00:00,LZ_WEST,2025-03-25 04:00:00+00:00,47.82083333333333,46.567722,22.264437,83.34599
ElecFM,2025-03-25 00:00:00+00:00,LZ_WEST,2025-03-25 05:00:00+00:00,47.28416666666666,45.157234,23.781075,79.07294
ElecFM,2025-03-25 00:00:00+00:00,LZ_WEST,2025-03-25 06:00:00+00:00,54.45249999999999,47.35149,27.440075,79.86043
ElecFM,2025-03-25 00:00:00+00:00,LZ_WEST,2025-03-25 07:00:00+00:00,57.91083333333333,46.960236,27.70211,78.674545
ElecFM,2025-03-25 00:00:00+00:00,LZ_WEST,2025-03-25 08:00:00+00:00,55.52916666666667,41.537117,23.436096,72.73076
ElecFM,2025-03-25 00:00:00+00:00,LZ_WEST,2025-03-25 09:00:00+00:00,55.7225,43.409298,24.618744,73.930855
ElecFM,2025-03-25 00:00:00+00:00,LZ_WEST,2025-03-25 10:00:00+00:00,59.60916666666666,40.46424,22.145464,69.4147
ElecFM,2025-03-25 00:00:00+00:00,LZ_WEST,2025-03-25 11:00:00+00:00,34.32,35.30062,17.204859,63.888226
ElecFM,2025-03-25 00:00:00+00:00,LZ_WEST,2025-03-25 12:00:00+00:00,42.9075,31.011951,14.179946,57.502666
ElecFM,2025-03-25 00:00:00+00:00,LZ_WEST,2025-03-25 13:00:00+00:00,19.77833333333333,25.550014,8.735534,48.407356
ElecFM,2025-03-25 00:00:00+00:00,LZ_WEST,2025-03-25 14:00:00+00:00,8.645,16.952436,2.5419312,38.567608
ElecFM,2025-03-25 00:00:00+00:00,LZ_WEST,2025-03-25 15:00:00+00:00,0.2516666666666666,13.934298,0.24157715,34.19862
ElecFM,2025-03-25 00:00:00+00:00,LZ_WEST,2025-03-25 16:00:00+00:00,-0.1325,10.425953,-2.9071732,29.075626
ElecFM,2025-03-25 00:00:00+00:00,LZ_WEST,2025-03-25 17:00:00+00:00,1.7966666666666666,9.612392,-2.771778,28.47271
ElecFM,2025-03-25 00:00:00+00:00,LZ_WEST,2025-03-25 18:00:00+00:00,10.985833333333332,11.624486,-1.1297188,29.396778
ElecFM,2025-03-25 00:00:00+00:00,LZ_WEST,2025-03-25 19:00:00+00:00,19.07,10.345539,-2.9060802,29.309702
ElecFM,2025-03-25 00:00:00+00:00,LZ_WEST,2025-03-25 20:00:00+00:00,31.659166666666664,10.110001,-3.3833275,30.156982
ElecFM,2025-03-25 00:00:00+00:00,LZ_WEST,2025-03-25 21:00:00+00:00,30.564166666666665,8.987487,-7.5508995,31.696697
ElecFM,2025-03-25 00:00:00+00:00,LZ_WEST,2025-03-25 22:00:00+00:00,54.82416666666666,12.117632,-5.560713,38.48216
ElecFM,2025-03-25 00:00:00+00:00,LZ_WEST,2025-03-25 23:00:00+00:00,132.39666666666668,26.125153,4.2776012,56.575752
ElecFM,2025-03-26 00:00:00+00:00,LZ_LCRA,2025-03-26 00:00:00+00:00,84.63166666666666,110.852806,57.97808,176.62439
ElecFM,2025-03-26 00:00:00+00:00,LZ_LCRA,2025-03-26 01:00:00+00:00,56.56916666666667,81.5195,29.888311,149.2824
ElecFM,2025-03-26 00:00:00+00:00,LZ_LCRA,2025-03-26 02:00:00+00:00,33.45666666666667,54.31888,14.492848,115.71622
ElecFM,2025-03-26 00:00:00+00:00,LZ_LCRA,2025-03-26 03:00:00+00:00,26.11916666666667,40.87814,12.57887,93.59303
ElecFM,2025-03-26 00:00:00+00:00,LZ_LCRA,2025-03-26 04:00:00+00:00,23.28,32.117756,12.70767,73.089676
ElecFM,2025-03-26 00:00:00+00:00,LZ_LCRA,2025-03-26 05:00:00+00:00,23.9425,29.926464,17.637285,64.70699
ElecFM,2025-03-26 00:00:00+00:00,LZ_LCRA,2025-03-26 06:00:00+00:00,22.671666666666667,26.384174,17.51905,55.525814
ElecFM,2025-03-26 00:00:00+00:00,LZ_LCRA,2025-03-26 07:00:00+00:00,22.930833333333336,26.785625,21.201996,54.29317
ElecFM,2025-03-26 00:00:00+00:00,LZ_LCRA,2025-03-26 08:00:00+00:00,24.139166666666668,23.247972,20.211615,44.82306
ElecFM,2025-03-26 00:00:00+00:00,LZ_LCRA,2025-03-26 09:00:00+00:00,24.55333333333333,25.698307,22.64323,46.441406
ElecFM,2025-03-26 00:00:00+00:00,LZ_LCRA,2025-03-26 10:00:00+00:00,28.999166666666667,23.83202,19.990738,45.419662
ElecFM,2025-03-26 00:00:00+00:00,LZ_LCRA,2025-03-26 11:00:00+00:00,37.24,29.959026,21.597271,54.571857
ElecFM,2025-03-26 00:00:00+00:00,LZ_LCRA,2025-03-26 12:00:00+00:00,42.605,38.150124,27.64481,61.33116
ElecFM,2025-03-26 00:00:00+00:00,LZ_LCRA,2025-03-26 13:00:00+00:00,32.50416666666667,25.639002,16.07191,48.062027
ElecFM,2025-03-26 00:00:00+00:00,LZ_LCRA,2025-03-26 14:00:00+00:00,29.45,9.811401,2.987671,27.00384
ElecFM,2025-03-26 00:00:00+00:00,LZ_LCRA,2025-03-26 15:00:00+00:00,25.464166666666667,2.4655685,-2.832468,17.706955
ElecFM,2025-03-26 00:00:00+00:00,LZ_LCRA,2025-03-26 16:00:00+00:00,23.78,1.031414,-4.577732,13.8821125
ElecFM,2025-03-26 00:00:00+00:00,LZ_LCRA,2025-03-26 17:00:00+00:00,21.07583333333333,6.766119,-0.67845345,21.886278
ElecFM,2025-03-26 00:00:00+00:00,LZ_LCRA,2025-03-26 18:00:00+00:00,28.8125,7.146015,-1.6784744,23.858425
ElecFM,2025-03-26 00:00:00+00:00,LZ_LCRA,2025-03-26 19:00:00+00:00,27.910833333333333,10.160914,-0.5180321,30.725044
ElecFM,2025-03-26 00:00:00+00:00,LZ_LCRA,2025-03-26 20:00:00+00:00,39.4175,11.0849,0.87892723,34.88519
ElecFM,2025-03-26 00:00:00+00:00,LZ_LCRA,2025-03-26 21:00:00+00:00,28.675,16.137543,2.3631496,48.025368
ElecFM,2025-03-26 00:00:00+00:00,LZ_LCRA,2025-03-26 22:00:00+00:00,28.715,25.903063,7.0643826,65.23543
ElecFM,2025-03-26 00:00:00+00:00,LZ_LCRA,2025-03-26 23:00:00+00:00,30.953333333333333,49.476097,22.883324,98.04742
ElecFM,2025-03-26 00:00:00+00:00,LZ_RAYBN,2025-03-26 00:00:00+00:00,84.68416666666667,116.31304,57.53472,191.19606
ElecFM,2025-03-26 00:00:00+00:00,LZ_RAYBN,2025-03-26 01:00:00+00:00,55.564166666666665,83.87102,27.101543,160.47966
ElecFM,2025-03-26 00:00:00+00:00,LZ_RAYBN,2025-03-26 02:00:00+00:00,26.8,52.05191,9.298557,120.50932
ElecFM,2025-03-26 00:00:00+00:00,LZ_RAYBN,2025-03-26 03:00:00+00:00,19.578333333333333,38.660126,9.716783,96.81253
ElecFM,2025-03-26 00:00:00+00:00,LZ_RAYBN,2025-03-26 04:00:00+00:00,16.842499999999998,31.623735,12.6338625,76.55706
ElecFM,2025-03-26 00:00:00+00:00,LZ_RAYBN,2025-03-26 05:00:00+00:00,18.0175,29.902115,18.07788,68.07394
ElecFM,2025-03-26 00:00:00+00:00,LZ_RAYBN,2025-03-26 06:00:00+00:00,17.646666666666665,22.880066,14.968462,55.448357
ElecFM,2025-03-26 00:00:00+00:00,LZ_RAYBN,2025-03-26 07:00:00+00:00,18.3775,23.167091,18.510204,53.615128
ElecFM,2025-03-26 00:00:00+00:00,LZ_RAYBN,2025-03-26 08:00:00+00:00,20.75333333333333,22.400375,20.859882,45.7696
ElecFM,2025-03-26 00:00:00+00:00,LZ_RAYBN,2025-03-26 09:00:00+00:00,21.99833333333333,23.712666,23.103628,46.360123
ElecFM,2025-03-26 00:00:00+00:00,LZ_RAYBN,2025-03-26 10:00:00+00:00,27.32166666666667,21.693254,20.010723,44.780685
ElecFM,2025-03-26 00:00:00+00:00,LZ_RAYBN,2025-03-26 11:00:00+00:00,37.01166666666666,30.208462,22.770985,57.272293
ElecFM,2025-03-26 00:00:00+00:00,LZ_RAYBN,2025-03-26 12:00:00+00:00,39.81166666666667,37.17665,27.138964,62.127693
ElecFM,2025-03-26 00:00:00+00:00,LZ_RAYBN,2025-03-26 13:00:00+00:00,29.411666666666665,23.057686,14.086627,47.169888
ElecFM,2025-03-26 00:00:00+00:00,LZ_RAYBN,2025-03-26 14:00:00+00:00,25.03833333333333,7.3680286,1.8701096,24.940184
ElecFM,2025-03-26 00:00:00+00:00,LZ_RAYBN,2025-03-26 15:00:00+00:00,20.824166666666667,1.0987473,-2.0755062,15.334787
ElecFM,2025-03-26 00:00:00+00:00,LZ_RAYBN,2025-03-26 16:00:00+00:00,21.436666666666667,-0.5517998,-3.9935322,10.54913
ElecFM,2025-03-26 00:00:00+00:00,LZ_RAYBN,2025-03-26 17:00:00+00:00,16.285833333333333,4.5698833,-0.93562126,18.486925
ElecFM,2025-03-26 00:00:00+00:00,LZ_RAYBN,2025-03-26 18:00:00+00:00,5.222499999999999,4.764185,-2.1370296,20.692005
ElecFM,2025-03-26 00:00:00+00:00,LZ_RAYBN,2025-03-26 19:00:00+00:00,-1.2766666666666666,8.594114,-0.51939964,28.732885
ElecFM,2025-03-26 00:00:00+00:00,LZ_RAYBN,2025-03-26 20:00:00+00:00,-2.0175,9.821027,1.0192013,33.374607
ElecFM,2025-03-26 00:00:00+00:00,LZ_RAYBN,2025-03-26 21:00:00+00:00,5.558333333333334,11.906279,-0.56814957,44.62117
ElecFM,2025-03-26 00:00:00+00:00,LZ_RAYBN,2025-03-26 22:00:00+00:00,19.258333333333333,17.691978,-0.48275375,58.373085
ElecFM,2025-03-26 00:00:00+00:00,LZ_RAYBN,2025-03-26 23:00:00+00:00,23.11083333333333,46.299538,19.313248,97.16988
ElecFM,2025-03-26 00:00:00+00:00,LZ_WEST,2025-03-26 00:00:00+00:00,92.05833333333334,143.58984,83.489655,217.5545
ElecFM,2025-03-26 00:00:00+00:00,LZ_WEST,2025-03-26 01:00:00+00:00,61.265833333333326,117.45047,56.36254,196.65042
ElecFM,2025-03-26 00:00:00+00:00,LZ_WEST,2025-03-26 02:00:00+00:00,61.91916666666666,89.58669,36.874855,166.03052
ElecFM,2025-03-26 00:00:00+00:00,LZ_WEST,2025-03-26 03:00:00+00:00,45.01666666666667,71.013664,27.014658,142.90694
ElecFM,2025-03-26 00:00:00+00:00,LZ_WEST,2025-03-26 04:00:00+00:00,46.958333333333336,56.129974,19.44609,119.42976
ElecFM,2025-03-26 00:00:00+00:00,LZ_WEST,2025-03-26 05:00:00+00:00,53.95250000000001,50.109993,19.726744,108.19363
ElecFM,2025-03-26 00:00:00+00:00,LZ_WEST,2025-03-26 06:00:00+00:00,44.70666666666667,55.088505,28.346155,110.5793
ElecFM,2025-03-26 00:00:00+00:00,LZ_WEST,2025-03-26 07:00:00+00:00,53.895833333333336,52.21891,27.644045,108.69676
ElecFM,2025-03-26 00:00:00+00:00,LZ_WEST,2025-03-26 08:00:00+00:00,49.07749999999999,44.559044,22.391085,96.18933
ElecFM,2025-03-26 00:00:00+00:00,LZ_WEST,2025-03-26 09:00:00+00:00,46.35416666666666,52.391685,30.241188,101.879074
ElecFM,2025-03-26 00:00:00+00:00,LZ_WEST,2025-03-26 10:00:00+00:00,43.29083333333333,46.520004,24.87837,92.544525
ElecFM,2025-03-26 00:00:00+00:00,LZ_WEST,2025-03-26 11:00:00+00:00,39.11833333333333,41.1743,18.853325,86.22222
ElecFM,2025-03-26 00:00:00+00:00,LZ_WEST,2025-03-26 12:00:00+00:00,47.40416666666667,33.489906,13.035986,71.7094
ElecFM,2025-03-26 00:00:00+00:00,LZ_WEST,2025-03-26 13:00:00+00:00,38.97,26.769896,7.8800793,60.65995
ElecFM,2025-03-26 00:00:00+00:00,LZ_WEST,2025-03-26 14:00:00+00:00,37.83083333333334,15.857642,0.67906,43.717358
ElecFM,2025-03-26 00:00:00+00:00,LZ_WEST,2025-03-26 15:00:00+00:00,22.075,7.8159046,-5.232298,31.922747
ElecFM,2025-03-26 00:00:00+00:00,LZ_WEST,2025-03-26 16:00:00+00:00,19.659166666666668,4.9847126,-8.902277,24.922989
ElecFM,2025-03-26 00:00:00+00:00,LZ_WEST,2025-03-26 17:00:00+00:00,13.318333333333332,6.4571514,-7.1899204,26.768286
ElecFM,2025-03-26 00:00:00+00:00,LZ_WEST,2025-03-26 18:00:00+00:00,5.144166666666666,9.713253,-7.352602,30.51369
ElecFM,2025-03-26 00:00:00+00:00,LZ_WEST,2025-03-26 19:00:00+00:00,0.1933333333333333,9.88151,-8.953451,34.033367
ElecFM,2025-03-26 00:00:00+00:00,LZ_WEST,2025-03-26 20:00:00+00:00,0.02,12.970694,-7.993662,40.926136
ElecFM,2025-03-26 00:00:00+00:00,LZ_WEST,2025-03-26 21:00:00+00:00,5.680833333333333,12.371696,-11.873629,48.61808
ElecFM,2025-03-26 00:00:00+00:00,LZ_WEST,2025-03-26 22:00:00+00:00,28.58,23.487206,-5.243387,66.057465
ElecFM,2025-03-26 00:00:00+00:00,LZ_WEST,2025-03-26 23:00:00+00:00,61.178333333333335,45.492043,10.050932,97.392105
ElecFM,2025-03-27 00:00:00+00:00,LZ_LCRA,2025-03-27 00:00:00+00:00,31.27583333333333,37.554054,28.004128,50.885033
ElecFM,2025-03-27 00:00:00+00:00,LZ_LCRA,2025-03-27 01:00:00+00:00,26.938333333333333,34.50431,24.340714,49.2638
ElecFM,2025-03-27 00:00:00+00:00,LZ_LCRA,2025-03-27 02:00:00+00:00,23.675833333333333,30.15903,20.36672,44.215633
ElecFM,2025-03-27 00:00:00+00:00,LZ_LCRA,2025-03-27 03:00:00+00:00,21.975833333333338,24.721447,16.535053,37.707745
ElecFM,2025-03-27 00:00:00+00:00,LZ_LCRA,2025-03-27 04:00:00+00:00,20.929166666666667,23.021608,14.852075,34.577305
ElecFM,2025-03-27 00:00:00+00:00,LZ_LCRA,2025-03-27 05:00:00+00:00,20.87333333333333,23.730907,16.074802,35.11336
ElecFM,2025-03-27 00:00:00+00:00,LZ_LCRA,2025-03-27 06:00:00+00:00,23.614166666666662,24.360212,16.13298,37.056503
ElecFM,2025-03-27 00:00:00+00:00,LZ_LCRA,2025-03-27 07:00:00+00:00,23.08583333333333,23.326244,14.068984,37.02875
ElecFM,2025-03-27 00:00:00+00:00,LZ_LCRA,2025-03-27 08:00:00+00:00,24.294166666666666,22.764715,12.647709,35.757328
ElecFM,2025-03-27 00:00:00+00:00,LZ_LCRA,2025-03-27 09:00:00+00:00,25.421666666666667,22.838165,12.88229,36.36452
ElecFM,2025-03-27 00:00:00+00:00,LZ_LCRA,2025-03-27 10:00:00+00:00,28.606666666666666,24.893494,14.888922,38.016365
ElecFM,2025-03-27 00:00:00+00:00,LZ_LCRA,2025-03-27 11:00:00+00:00,41.119166666666665,29.279951,19.087013,42.965508
ElecFM,2025-03-27 00:00:00+00:00,LZ_LCRA,2025-03-27 12:00:00+00:00,48.3975,30.053719,19.677015,43.070488
ElecFM,2025-03-27 00:00:00+00:00,LZ_LCRA,2025-03-27 13:00:00+00:00,34.32,24.298986,14.387852,36.2644
ElecFM,2025-03-27 00:00:00+00:00,LZ_LCRA,2025-03-27 14:00:00+00:00,32.1475,17.178188,8.604906,28.817003
ElecFM,2025-03-27 00:00:00+00:00,LZ_LCRA,2025-03-27 15:00:00+00:00,21.736666666666668,14.520913,6.2136154,25.184992
ElecFM,2025-03-27 00:00:00+00:00,LZ_LCRA,2025-03-27 16:00:00+00:00,21.171666666666667,12.944133,4.3593445,23.417446
ElecFM,2025-03-27 00:00:00+00:00,LZ_LCRA,2025-03-27 17:00:00+00:00,22.33083333333333,15.431633,6.4082127,26.68358
ElecFM,2025-03-27 00:00:00+00:00,LZ_LCRA,2025-03-27 18:00:00+00:00,23.9375,17.207542,6.379135,29.619423
ElecFM,2025-03-27 00:00:00+00:00,LZ_LCRA,2025-03-27 19:00:00+00:00,26.41,16.464634,4.8740883,29.922377
ElecFM,2025-03-27 00:00:00+00:00,LZ_LCRA,2025-03-27 20:00:00+00:00,24.78333333333333,15.981936,4.42906,30.477455
ElecFM,2025-03-27 00:00:00+00:00,LZ_LCRA,2025-03-27 21:00:00+00:00,24.10166666666667,17.539888,5.15777,32.63914
ElecFM,2025-03-27 00:00:00+00:00,LZ_LCRA,2025-03-27 22:00:00+00:00,27.241666666666664,22.13716,8.973852,38.7845
ElecFM,2025-03-27 00:00:00+00:00,LZ_LCRA,2025-03-27 23:00:00+00:00,30.977500000000003,31.990202,17.748802,51.385735
ElecFM,2025-03-27 00:00:00+00:00,LZ_RAYBN,2025-03-27 00:00:00+00:00,25.438333333333333,26.087788,13.944748,42.75659
ElecFM,2025-03-27 00:00:00+00:00,LZ_RAYBN,2025-03-27 01:00:00+00:00,26.065,24.84232,11.764148,42.83273
ElecFM,2025-03-27 00:00:00+00:00,LZ_RAYBN,2025-03-27 02:00:00+00:00,22.61916666666667,20.049639,8.388001,36.831047
ElecFM,2025-03-27 00:00:00+00:00,LZ_RAYBN,2025-03-27 03:00:00+00:00,17.525833333333335,14.831327,5.4061747,29.413433
ElecFM,2025-03-27 00:00:00+00:00,LZ_RAYBN,2025-03-27 04:00:00+00:00,17.9225,13.793213,4.9410267,26.541784
ElecFM,2025-03-27 00:00:00+00:00,LZ_RAYBN,2025-03-27 05:00:00+00:00,17.851666666666667,14.90119,6.022914,27.428093
ElecFM,2025-03-27 00:00:00+00:00,LZ_RAYBN,2025-03-27 06:00:00+00:00,20.496666666666663,15.60526,7.5286894,29.063068
ElecFM,2025-03-27 00:00:00+00:00,LZ_RAYBN,2025-03-27 07:00:00+00:00,20.101666666666667,13.930737,5.756775,28.458565
ElecFM,2025-03-27 00:00:00+00:00,LZ_RAYBN,2025-03-27 08:00:00+00:00,20.7725,13.486689,5.168459,26.262827
ElecFM,2025-03-27 00:00:00+00:00,LZ_RAYBN,2025-03-27 09:00:00+00:00,21.405,15.447624,7.0825167,28.465788
ElecFM,2025-03-27 00:00:00+00:00,LZ_RAYBN,2025-03-27 10:00:00+00:00,24.620833333333337,17.025248,8.340336,30.030977
ElecFM,2025-03-27 00:00:00+00:00,LZ_RAYBN,2025-03-27 11:00:00+00:00,41.11,22.848219,13.070573,37.233154
ElecFM,2025-03-27 00:00:00+00:00,LZ_RAYBN,2025-03-27 12:00:00+00:00,45.83083333333334,22.481434,12.029084,35.809227
ElecFM,2025-03-27 00:00:00+00:00,LZ_RAYBN,2025-03-27 13:00:00+00:00,30.69333333333333,15.961204,6.5175056,28.09555
ElecFM,2025-03-27 00:00:00+00:00,LZ_RAYBN,2025-03-27 14:00:00+00:00,32.14083333333333,8.823067,1.3221226,19.727495
ElecFM,2025-03-27 00:00:00+00:00,LZ_RAYBN,2025-03-27 15:00:00+00:00,21.765833333333333,4.421858,-2.5278301,13.8809395
ElecFM,2025-03-27 00:00:00+00:00,LZ_RAYBN,2025-03-27 16:00:00+00:00,21.2025,2.1760921,-4.6296387,10.475282
ElecFM,2025-03-27 00:00:00+00:00,LZ_RAYBN,2025-03-27 17:00:00+00:00,22.200833333333332,4.125883,-2.9378986,13.028375
ElecFM,2025-03-27 00:00:00+00:00,LZ_RAYBN,2025-03-27 18:00:00+00:00,23.83083333333333,6.1200657,-1.8192348,15.760386
ElecFM,2025-03-27 00:00:00+00:00,LZ_RAYBN,2025-03-27 19:00:00+00:00,26.156666666666663,4.608696,-3.9373283,15.222172
ElecFM,2025-03-27 00:00:00+00:00,LZ_RAYBN,2025-03-27 20:00:00+00:00,24.554166666666664,4.327139,-4.017853,15.853024
ElecFM,2025-03-27 00:00:00+00:00,LZ_RAYBN,2025-03-27 21:00:00+00:00,22.2875,6.308649,-3.7327557,19.866995
ElecFM,2025-03-27 00:00:00+00:00,LZ_RAYBN,2025-03-27 22:00:00+00:00,19.301666666666662,11.600334,-0.44092178,28.429022
ElecFM,2025-03-27 00:00:00+00:00,LZ_RAYBN,2025-03-27 23:00:00+00:00,22.436666666666667,25.06787,10.1578455,45.473404
ElecFM,2025-03-27 00:00:00+00:00,LZ_WEST,2025-03-27 00:00:00+00:00,58.16583333333333,68.85646,42.476963,101.663635
ElecFM,2025-03-27 00:00:00+00:00,LZ_WEST,2025-03-27 01:00:00+00:00,30.944166666666664,64.511086,35.50731,101.57676
ElecFM,2025-03-27 00:00:00+00:00,LZ_WEST,2025-03-27 02:00:00+00:00,32.3475,59.45871,31.47991,97.31975
ElecFM,2025-03-27 00:00:00+00:00,LZ_WEST,2025-03-27 03:00:00+00:00,36.58833333333333,54.290276,27.919804,91.426056
ElecFM,2025-03-27 00:00:00+00:00,LZ_WEST,2025-03-27 04:00:00+00:00,40.73916666666667,51.333992,26.129562,86.69396
ElecFM,2025-03-27 00:00:00+00:00,LZ_WEST,2025-03-27 05:00:00+00:00,40.60916666666667,50.61106,27.028687,85.55162
ElecFM,2025-03-27 00:00:00+00:00,LZ_WEST,2025-03-27 06:00:00+00:00,50.01083333333333,50.39052,28.29815,84.63219
ElecFM,2025-03-27 00:00:00+00:00,LZ_WEST,2025-03-27 07:00:00+00:00,48.42333333333334,48.848484,27.155369,82.662
ElecFM,2025-03-27 00:00:00+00:00,LZ_WEST,2025-03-27 08:00:00+00:00,54.26499999999999,45.435905,24.951817,76.11781
ElecFM,2025-03-27 00:00:00+00:00,LZ_WEST,2025-03-27 09:00:00+00:00,59.19083333333333,45.715843,25.913944,76.0715
ElecFM,2025-03-27 00:00:00+00:00,LZ_WEST,2025-03-27 10:00:00+00:00,61.93416666666667,47.90721,29.695593,76.82738
ElecFM,2025-03-27 00:00:00+00:00,LZ_WEST,2025-03-27 11:00:00+00:00,41.1325,46.17241,29.021845,74.41779
ElecFM,2025-03-27 00:00:00+00:00,LZ_WEST,2025-03-27 12:00:00+00:00,53.59583333333333,43.388905,27.087917,68.27326
ElecFM,2025-03-27 00:00:00+00:00,LZ_WEST,2025-03-27 13:00:00+00:00,43.44333333333333,32.552135,18.255945,54.941055
ElecFM,2025-03-27 00:00:00+00:00,LZ_WEST,2025-03-27 14:00:00+00:00,32.185,22.469383,11.256601,43.149303
ElecFM,2025-03-27 00:00:00+00:00,LZ_WEST,2025-03-27 15:00:00+00:00,21.700833333333332,18.41679,7.8932076,37.364952
ElecFM,2025-03-27 00:00:00+00:00,LZ_WEST,2025-03-27 16:00:00+00:00,21.131666666666664,15.992607,4.589466,32.45367
ElecFM,2025-03-27 00:00:00+00:00,LZ_WEST,2025-03-27 17:00:00+00:00,22.3875,15.648705,3.98147,32.5195
ElecFM,2025-03-27 00:00:00+00:00,LZ_WEST,2025-03-27 18:00:00+00:00,24.36916666666667,15.396563,2.0169926,32.277153
ElecFM,2025-03-27 00:00:00+00:00,LZ_WEST,2025-03-27 19:00:00+00:00,27.133333333333336,14.617088,1.175703,32.120644
ElecFM,2025-03-27 00:00:00+00:00,LZ_WEST,2025-03-27 20:00:00+00:00,25.383333333333336,13.283352,-0.36709595,32.148575
ElecFM,2025-03-27 00:00:00+00:00,LZ_WEST,2025-03-27 21:00:00+00:00,27.391666666666666,18.114758,2.6452103,39.20158
ElecFM,2025-03-27 00:00:00+00:00,LZ_WEST,2025-03-27 22:00:00+00:00,40.9,27.528637,8.592035,50.94432
ElecFM,2025-03-27 00:00:00+00:00,LZ_WEST,2025-03-27 23:00:00+00:00,47.84,42.814453,19.770752,70.787506
ElecFM,2025-03-28 00:00:00+00:00,LZ_LCRA,2025-03-28 00:00:00+00:00,33.54833333333333,36.407238,26.680676,49.940872
ElecFM,2025-03-28 00:00:00+00:00,LZ_LCRA,2025-03-28 01:00:00+00:00,28.67,36.932236,26.694664,52.016052
ElecFM,2025-03-28 00:00:00+00:00,LZ_LCRA,2025-03-28 02:00:00+00:00,38.99,32.308968,22.356071,47.444923
ElecFM,2025-03-28 00:00:00+00:00,LZ_LCRA,2025-03-28 03:00:00+00:00,40.535,29.453178,20.707603,43.54969
ElecFM,2025-03-28 00:00:00+00:00,LZ_LCRA,2025-03-28 04:00:00+00:00,30.394166666666667,28.749273,19.691566,42.512108
ElecFM,2025-03-28 00:00:00+00:00,LZ_LCRA,2025-03-28 05:00:00+00:00,39.5675,27.332285,19.72797,40.69766
ElecFM,2025-03-28 00:00:00+00:00,LZ_LCRA,2025-03-28 06:00:00+00:00,46.7575,27.161823,19.737331,39.509674
ElecFM,2025-03-28 00:00:00+00:00,LZ_LCRA,2025-03-28 07:00:00+00:00,37.075833333333335,26.669634,19.556334,37.963543
ElecFM,2025-03-28 00:00:00+00:00,LZ_LCRA,2025-03-28 08:00:00+00:00,31.2875,26.846952,19.8357,38.172153
ElecFM,2025-03-28 00:00:00+00:00,LZ_LCRA,2025-03-28 09:00:00+00:00,29.5325,29.579868,22.154158,42.13801
ElecFM,2025-03-28 00:00:00+00:00,LZ_LCRA,2025-03-28 10:00:00+00:00,31.47666666666667,33.022087,23.726017,47.15495
ElecFM,2025-03-28 00:00:00+00:00,LZ_LCRA,2025-03-28 11:00:00+00:00,41.4725,36.83881,26.516647,51.487747
ElecFM,2025-03-28 00:00:00+00:00,LZ_LCRA,2025-03-28 12:00:00+00:00,45.10333333333333,36.64377,25.815758,52.129345
ElecFM,2025-03-28 00:00:00+00:00,LZ_LCRA,2025-03-28 13:00:00+00:00,60.53833333333333,30.924896,21.453531,43.908154
ElecFM,2025-03-28 00:00:00+00:00,LZ_LCRA,2025-03-28 14:00:00+00:00,29.41583333333333,25.082493,17.722397,35.792557
ElecFM,2025-03-28 00:00:00+00:00,LZ_LCRA,2025-03-28 15:00:00+00:00,27.5075,23.389261,17.121483,32.201874
ElecFM,2025-03-28 00:00:00+00:00,LZ_LCRA,2025-03-28 16:00:00+00:00,25.7075,22.614285,16.770826,30.944275
ElecFM,2025-03-28 00:00:00+00:00,LZ_LCRA,2025-03-28 17:00:00+00:00,27.6425,21.685938,16.107214,29.583076
ElecFM,2025-03-28 00:00:00+00:00,LZ_LCRA,2025-03-28 18:00:00+00:00,38.509166666666665,24.00817,17.3968,32.316986
ElecFM,2025-03-28 00:00:00+00:00,LZ_LCRA,2025-03-28 19:00:00+00:00,42.64833333333333,23.97966,17.414742,33.42212
ElecFM,2025-03-28 00:00:00+00:00,LZ_LCRA,2025-03-28 20:00:00+00:00,37.524166666666666,24.847795,18.152294,35.05751
ElecFM,2025-03-28 00:00:00+00:00,LZ_LCRA,2025-03-28 21:00:00+00:00,29.59166666666667,26.100607,17.274189,37.877155
ElecFM,2025-03-28 00:00:00+00:00,LZ_LCRA,2025-03-28 22:00:00+00:00,26.21,31.328856,20.395645,46.537636
ElecFM,2025-03-28 00:00:00+00:00,LZ_LCRA,2025-03-28 23:00:00+00:00,29.7425,40.79436,27.791471,58.905994
ElecFM,2025-03-28 00:00:00+00:00,LZ_RAYBN,2025-03-28 00:00:00+00:00,24.644166666666667,26.900581,18.451405,40.438435
ElecFM,2025-03-28 00:00:00+00:00,LZ_RAYBN,2025-03-28 01:00:00+00:00,25.05333333333333,25.722916,16.263054,40.89488
ElecFM,2025-03-28 00:00:00+00:00,LZ_RAYBN,2025-03-28 02:00:00+00:00,29.881666666666664,20.90351,11.605828,36.227783
ElecFM,2025-03-28 00:00:00+00:00,LZ_RAYBN,2025-03-28 03:00:00+00:00,29.9075,17.927536,9.324238,32.15982
ElecFM,2025-03-28 00:00:00+00:00,LZ_RAYBN,2025-03-28 04:00:00+00:00,21.295,18.539097,9.402984,32.321865
ElecFM,2025-03-28 00:00:00+00:00,LZ_RAYBN,2025-03-28 05:00:00+00:00,31.566666666666663,18.095137,9.42419,31.361206
ElecFM,2025-03-28 00:00:00+00:00,LZ_RAYBN,2025-03-28 06:00:00+00:00,40.07,17.884275,9.571981,30.03915
ElecFM,2025-03-28 00:00:00+00:00,LZ_RAYBN,2025-03-28 07:00:00+00:00,35.07833333333333,16.530102,8.628917,27.383791
ElecFM,2025-03-28 00:00:00+00:00,LZ_RAYBN,2025-03-28 08:00:00+00:00,30.265833333333333,16.106203,8.492095,26.80273
ElecFM,2025-03-28 00:00:00+00:00,LZ_RAYBN,2025-03-28 09:00:00+00:00,30.04833333333333,19.022238,10.762405,30.550177
ElecFM,2025-03-28 00:00:00+00:00,LZ_RAYBN,2025-03-28 10:00:00+00:00,31.543333333333333,22.238388,12.324795,35.700157
ElecFM,2025-03-28 00:00:00+00:00,LZ_RAYBN,2025-03-28 11:00:00+00:00,41.74,26.353447,15.4189205,41.034386
ElecFM,2025-03-28 00:00:00+00:00,LZ_RAYBN,2025-03-28 12:00:00+00:00,45.10333333333333,26.353228,14.16083,42.053093
ElecFM,2025-03-28 00:00:00+00:00,LZ_RAYBN,2025-03-28 13:00:00+00:00,60.53833333333333,21.932493,11.165358,35.78209
ElecFM,2025-03-28 00:00:00+00:00,LZ_RAYBN,2025-03-28 14:00:00+00:00,29.98333333333333,17.406132,8.2107,29.294935
ElecFM,2025-03-28 00:00:00+00:00,LZ_RAYBN,2025-03-28 15:00:00+00:00,28.13083333333333,15.912694,7.327694,26.673986
ElecFM,2025-03-28 00:00:00+00:00,LZ_RAYBN,2025-03-28 16:00:00+00:00,26.0725,14.672602,6.3291845,24.526333
ElecFM,2025-03-28 00:00:00+00:00,LZ_RAYBN,2025-03-28 17:00:00+00:00,27.74083333333333,14.196943,6.3806753,24.059286
ElecFM,2025-03-28 00:00:00+00:00,LZ_RAYBN,2025-03-28 18:00:00+00:00,38.509166666666665,14.926576,7.214986,24.591198
ElecFM,2025-03-28 00:00:00+00:00,LZ_RAYBN,2025-03-28 19:00:00+00:00,42.63333333333333,13.401191,5.87772,23.208313
ElecFM,2025-03-28 00:00:00+00:00,LZ_RAYBN,2025-03-28 20:00:00+00:00,37.829166666666666,13.665735,6.852169,23.724438
ElecFM,2025-03-28 00:00:00+00:00,LZ_RAYBN,2025-03-28 21:00:00+00:00,31.165000000000003,14.439154,5.868842,25.809118
ElecFM,2025-03-28 00:00:00+00:00,LZ_RAYBN,2025-03-28 22:00:00+00:00,26.41583333333333,19.227661,8.4458275,33.76728
ElecFM,2025-03-28 00:00:00+00:00,LZ_RAYBN,2025-03-28 23:00:00+00:00,25.989166666666662,31.338882,18.719133,48.634094
ElecFM,2025-03-28 00:00:00+00:00,LZ_WEST,2025-03-28 00:00:00+00:00,63.74166666666667,48.913387,39.66821,62.6594
ElecFM,2025-03-28 00:00:00+00:00,LZ_WEST,2025-03-28 01:00:00+00:00,46.52666666666667,45.555454,34.59911,62.48962
ElecFM,2025-03-28 00:00:00+00:00,LZ_WEST,2025-03-28 02:00:00+00:00,76.57833333333333,43.696133,31.261581,62.584564
ElecFM,2025-03-28 00:00:00+00:00,LZ_WEST,2025-03-28 03:00:00+00:00,85.35916666666667,43.572556,29.682884,63.43498
ElecFM,2025-03-28 00:00:00+00:00,LZ_WEST,2025-03-28 04:00:00+00:00,67.2175,43.746384,28.38164,64.99086
ElecFM,2025-03-28 00:00:00+00:00,LZ_WEST,2025-03-28 05:00:00+00:00,63.075,45.735886,29.817406,66.996735
ElecFM,2025-03-28 00:00:00+00:00,LZ_WEST,2025-03-28 06:00:00+00:00,62.41833333333333,45.73768,30.103596,66.727196
ElecFM,2025-03-28 00:00:00+00:00,LZ_WEST,2025-03-28 07:00:00+00:00,49.47916666666666,43.93341,28.509779,64.29607
ElecFM,2025-03-28 00:00:00+00:00,LZ_WEST,2025-03-28 08:00:00+00:00,38.47083333333333,43.434616,28.193419,63.44477
ElecFM,2025-03-28 00:00:00+00:00,LZ_WEST,2025-03-28 09:00:00+00:00,36.17166666666667,46.915424,31.726896,67.222374
ElecFM,2025-03-28 00:00:00+00:00,LZ_WEST,2025-03-28 10:00:00+00:00,36.60916666666667,47.342003,32.26841,67.44819
ElecFM,2025-03-28 00:00:00+00:00,LZ_WEST,2025-03-28 11:00:00+00:00,41.66333333333333,46.53217,31.017487,66.38683
ElecFM,2025-03-28 00:00:00+00:00,LZ_WEST,2025-03-28 12:00:00+00:00,45.10333333333333,45.49824,29.899971,64.79023
ElecFM,2025-03-28 00:00:00+00:00,LZ_WEST,2025-03-28 13:00:00+00:00,60.53833333333333,39.21055,23.49516,55.789555
ElecFM,2025-03-28 00:00:00+00:00,LZ_WEST,2025-03-28 14:00:00+00:00,29.7475,31.430197,17.349476,47.557533
ElecFM,2025-03-28 00:00:00+00:00,LZ_WEST,2025-03-28 15:00:00+00:00,27.859166666666667,28.173576,13.983864,42.686413
ElecFM,2025-03-28 00:00:00+00:00,LZ_WEST,2025-03-28 16:00:00+00:00,25.9,24.136822,10.101858,38.082363
ElecFM,2025-03-28 00:00:00+00:00,LZ_WEST,2025-03-28 17:00:00+00:00,27.671666666666667,23.184559,10.345177,37.27485
ElecFM,2025-03-28 00:00:00+00:00,LZ_WEST,2025-03-28 18:00:00+00:00,38.48166666666666,25.420425,10.965263,40.628216
ElecFM,2025-03-28 00:00:00+00:00,LZ_WEST,2025-03-28 19:00:00+00:00,42.59,26.03216,11.967209,42.890003
ElecFM,2025-03-28 00:00:00+00:00,LZ_WEST,2025-03-28 20:00:00+00:00,37.4925,26.785128,11.07839,44.134968
ElecFM,2025-03-28 00:00:00+00:00,LZ_WEST,2025-03-28 21:00:00+00:00,30.41333333333333,30.03862,12.247129,48.169807
ElecFM,2025-03-28 00:00:00+00:00,LZ_WEST,2025-03-28 22:00:00+00:00,26.27583333333333,37.305138,18.542,57.657974
ElecFM,2025-03-28 00:00:00+00:00,LZ_WEST,2025-03-28 23:00:00+00:00,36.165,50.125366,30.558367,72.74603
ElecFM,2025-03-29 00:00:00+00:00,LZ_LCRA,2025-03-29 00:00:00+00:00,43.3575,36.524193,22.483904,58.686424
ElecFM,2025-03-29 00:00:00+00:00,LZ_LCRA,2025-03-29 01:00:00+00:00,32.92,37.683228,22.37729,62.41262
ElecFM,2025-03-29 00:00:00+00:00,LZ_LCRA,2025-03-29 02:00:00+00:00,26.585,36.201256,21.779999,60.476387
ElecFM,2025-03-29 00:00:00+00:00,LZ_LCRA,2025-03-29 03:00:00+00:00,22.874166666666667,32.532097,19.58108,54.342613
ElecFM,2025-03-29 00:00:00+00:00,LZ_LCRA,2025-03-29 04:00:00+00:00,21.77416666666667,30.803162,18.811768,50.818016
ElecFM,2025-03-29 00:00:00+00:00,LZ_LCRA,2025-03-29 05:00:00+00:00,19.45833333333333,31.284054,19.589958,50.22233
ElecFM,2025-03-29 00:00:00+00:00,LZ_LCRA,2025-03-29 06:00:00+00:00,19.75333333333333,31.089355,20.093803,48.50525
ElecFM,2025-03-29 00:00:00+00:00,LZ_LCRA,2025-03-29 07:00:00+00:00,19.43583333333333,31.784103,20.37114,47.8443
ElecFM,2025-03-29 00:00:00+00:00,LZ_LCRA,2025-03-29 08:00:00+00:00,18.305,30.548239,19.15435,46.249874
ElecFM,2025-03-29 00:00:00+00:00,LZ_LCRA,2025-03-29 09:00:00+00:00,18.985833333333336,31.305647,18.967083,48.111732
ElecFM,2025-03-29 00:00:00+00:00,LZ_LCRA,2025-03-29 10:00:00+00:00,20.666666666666668,31.56465,18.61451,50.1823
ElecFM,2025-03-29 00:00:00+00:00,LZ_LCRA,2025-03-29 11:00:00+00:00,21.371666666666663,34.885853,20.673197,54.230537
ElecFM,2025-03-29 00:00:00+00:00,LZ_LCRA,2025-03-29 12:00:00+00:00,23.805833333333336,33.52466,19.092453,54.031693
ElecFM,2025-03-29 00:00:00+00:00,LZ_LCRA,2025-03-29 13:00:00+00:00,24.08583333333333,30.064219,17.972479,48.190933
ElecFM,2025-03-29 00:00:00+00:00,LZ_LCRA,2025-03-29 14:00:00+00:00,23.814166666666665,26.33331,16.828325,41.878674
ElecFM,2025-03-29 00:00:00+00:00,LZ_LCRA,2025-03-29 15:00:00+00:00,23.7225,22.839254,14.938342,37.234024
ElecFM,2025-03-29 00:00:00+00:00,LZ_LCRA,2025-03-29 16:00:00+00:00,23.64,23.379902,15.999519,36.68735
ElecFM,2025-03-29 00:00:00+00:00,LZ_LCRA,2025-03-29 17:00:00+00:00,22.026666666666667,24.74199,16.485405,38.872963
ElecFM,2025-03-29 00:00:00+00:00,LZ_LCRA,2025-03-29 18:00:00+00:00,24.67,25.815994,17.33887,40.02437
ElecFM,2025-03-29 00:00:00+00:00,LZ_LCRA,2025-03-29 19:00:00+00:00,24.801666666666662,25.895891,16.533657,40.39964
ElecFM,2025-03-29 00:00:00+00:00,LZ_LCRA,2025-03-29 20:00:00+00:00,24.28,24.43607,16.865376,39.48793
ElecFM,2025-03-29 00:00:00+00:00,LZ_LCRA,2025-03-29 21:00:00+00:00,19.743333333333336,26.753393,17.936762,44.461334
ElecFM,2025-03-29 00:00:00+00:00,LZ_LCRA,2025-03-29 22:00:00+00:00,21.7675,29.640383,19.684902,50.388138
ElecFM,2025-03-29 00:00:00+00:00,LZ_LCRA,2025-03-29 23:00:00+00:00,45.17666666666667,36.198433,23.45449,60.40144
ElecFM,2025-03-29 00:00:00+00:00,LZ_RAYBN,2025-03-29 00:00:00+00:00,30.86083333333333,34.753433,15.685971,65.79071
ElecFM,2025-03-29 00:00:00+00:00,LZ_RAYBN,2025-03-29 01:00:00+00:00,22.4525,38.86863,17.503742,74.554886
ElecFM,2025-03-29 00:00:00+00:00,LZ_RAYBN,2025-03-29 02:00:00+00:00,20.102500000000003,37.01158,17.313114,71.76718
ElecFM,2025-03-29 00:00:00+00:00,LZ_RAYBN,2025-03-29 03:00:00+00:00,17.936666666666667,30.512367,14.2427635,61.486183
ElecFM,2025-03-29 00:00:00+00:00,LZ_RAYBN,2025-03-29 04:00:00+00:00,17.320833333333333,29.715443,15.346438,56.701237
ElecFM,2025-03-29 00:00:00+00:00,LZ_RAYBN,2025-03-29 05:00:00+00:00,13.7075,30.190247,15.881731,55.29604
ElecFM,2025-03-29 00:00:00+00:00,LZ_RAYBN,2025-03-29 06:00:00+00:00,13.384166666666667,28.634584,14.934304,53.099533
ElecFM,2025-03-29 00:00:00+00:00,LZ_RAYBN,2025-03-29 07:00:00+00:00,13.420833333333334,28.306095,14.590087,51.343845
ElecFM,2025-03-29 00:00:00+00:00,LZ_RAYBN,2025-03-29 08:00:00+00:00,22.936666666666667,26.330006,12.944592,47.08766
ElecFM,2025-03-29 00:00:00+00:00,LZ_RAYBN,2025-03-29 09:00:00+00:00,21.995833333333337,28.121387,14.447195,48.826424
ElecFM,2025-03-29 00:00:00+00:00,LZ_RAYBN,2025-03-29 10:00:00+00:00,20.910833333333333,29.580301,14.93408,51.952232
ElecFM,2025-03-29 00:00:00+00:00,LZ_RAYBN,2025-03-29 11:00:00+00:00,24.794166666666666,33.844154,15.789016,57.67473
ElecFM,2025-03-29 00:00:00+00:00,LZ_RAYBN,2025-03-29 12:00:00+00:00,24.266666666666666,31.900236,13.107083,56.28234
ElecFM,2025-03-29 00:00:00+00:00,LZ_RAYBN,2025-03-29 13:00:00+00:00,22.723333333333333,27.31924,11.3560705,49.30471
ElecFM,2025-03-29 00:00:00+00:00,LZ_RAYBN,2025-03-29 14:00:00+00:00,25.04083333333333,21.359028,9.36943,38.72371
ElecFM,2025-03-29 00:00:00+00:00,LZ_RAYBN,2025-03-29 15:00:00+00:00,22.76833333333333,15.894558,7.1537495,29.902096
ElecFM,2025-03-29 00:00:00+00:00,LZ_RAYBN,2025-03-29 16:00:00+00:00,23.64,15.617013,8.113222,27.48035
ElecFM,2025-03-29 00:00:00+00:00,LZ_RAYBN,2025-03-29 17:00:00+00:00,22.026666666666667,18.529192,9.720553,31.297363
ElecFM,2025-03-29 00:00:00+00:00,LZ_RAYBN,2025-03-29 18:00:00+00:00,24.906666666666663,18.836557,9.573117,32.10769
ElecFM,2025-03-29 00:00:00+00:00,LZ_RAYBN,2025-03-29 19:00:00+00:00,24.46333333333333,18.72536,8.318167,32.990158
ElecFM,2025-03-29 00:00:00+00:00,LZ_RAYBN,2025-03-29 20:00:00+00:00,21.613333333333333,18.587254,10.845934,34.405647
ElecFM,2025-03-29 00:00:00+00:00,LZ_RAYBN,2025-03-29 21:00:00+00:00,11.3,21.688595,12.113344,42.728462
ElecFM,2025-03-29 00:00:00+00:00,LZ_RAYBN,2025-03-29 22:00:00+00:00,15.2525,24.732162,13.0380125,51.664707
ElecFM,2025-03-29 00:00:00+00:00,LZ_RAYBN,2025-03-29 23:00:00+00:00,44.67416666666667,36.236168,18.586372,70.2018
ElecFM,2025-03-29 00:00:00+00:00,LZ_WEST,2025-03-29 00:00:00+00:00,77.5975,45.574734,30.105091,67.645004
ElecFM,2025-03-29 00:00:00+00:00,LZ_WEST,2025-03-29 01:00:00+00:00,68.32166666666667,51.278942,34.562317,75.984795
ElecFM,2025-03-29 00:00:00+00:00,LZ_WEST,2025-03-29 02:00:00+00:00,48.86166666666667,55.575043,38.15148,80.77074
ElecFM,2025-03-29 00:00:00+00:00,LZ_WEST,2025-03-29 03:00:00+00:00,41.195,56.733307,39.46327,81.51839
ElecFM,2025-03-29 00:00:00+00:00,LZ_WEST,2025-03-29 04:00:00+00:00,42.11416666666667,56.709923,39.343216,81.33052
ElecFM,2025-03-29 00:00:00+00:00,LZ_WEST,2025-03-29 05:00:00+00:00,47.68333333333334,57.685947,39.084724,81.263245
ElecFM,2025-03-29 00:00:00+00:00,LZ_WEST,2025-03-29 06:00:00+00:00,53.63083333333333,55.213825,37.790348,79.405685
ElecFM,2025-03-29 00:00:00+00:00,LZ_WEST,2025-03-29 07:00:00+00:00,60.09,51.216717,33.484173,74.98121
ElecFM,2025-03-29 00:00:00+00:00,LZ_WEST,2025-03-29 08:00:00+00:00,45.81833333333333,47.91646,30.018106,70.79738
ElecFM,2025-03-29 00:00:00+00:00,LZ_WEST,2025-03-29 09:00:00+00:00,56.61083333333334,50.080517,33.23803,72.818405
ElecFM,2025-03-29 00:00:00+00:00,LZ_WEST,2025-03-29 10:00:00+00:00,71.08833333333332,48.59551,31.99244,70.89358
ElecFM,2025-03-29 00:00:00+00:00,LZ_WEST,2025-03-29 11:00:00+00:00,46.19916666666666,47.54698,31.236584,69.65527
ElecFM,2025-03-29 00:00:00+00:00,LZ_WEST,2025-03-29 12:00:00+00:00,49.37833333333333,46.469055,30.673191,68.17469
ElecFM,2025-03-29 00:00:00+00:00,LZ_WEST,2025-03-29 13:00:00+00:00,30.973333333333333,44.550003,29.267857,64.64078
ElecFM,2025-03-29 00:00:00+00:00,LZ_WEST,2025-03-29 14:00:00+00:00,13.805833333333332,37.08598,22.11237,56.18683
ElecFM,2025-03-29 00:00:00+00:00,LZ_WEST,2025-03-29 15:00:00+00:00,11.161666666666669,31.751396,16.971931,49.36518
ElecFM,2025-03-29 00:00:00+00:00,LZ_WEST,2025-03-29 16:00:00+00:00,23.58083333333333,28.336838,13.903162,45.50681
ElecFM,2025-03-29 00:00:00+00:00,LZ_WEST,2025-03-29 17:00:00+00:00,21.496666666666663,28.640354,15.09314,45.163593
ElecFM,2025-03-29 00:00:00+00:00,LZ_WEST,2025-03-29 18:00:00+00:00,24.241666666666664,29.486322,15.837172,46.92592
ElecFM,2025-03-29 00:00:00+00:00,LZ_WEST,2025-03-29 19:00:00+00:00,23.965833333333336,31.05229,17.524956,48.5342
ElecFM,2025-03-29 00:00:00+00:00,LZ_WEST,2025-03-29 20:00:00+00:00,22.126666666666665,30.149723,15.927408,47.20578
ElecFM,2025-03-29 00:00:00+00:00,LZ_WEST,2025-03-29 21:00:00+00:00,15.025833333333331,31.169313,14.555197,48.64707
ElecFM,2025-03-29 00:00:00+00:00,LZ_WEST,2025-03-29 22:00:00+00:00,21.3825,37.374012,20.71664,56.568043
ElecFM,2025-03-29 00:00:00+00:00,LZ_WEST,2025-03-29 23:00:00+00:00,41.6725,49.29963,31.401371,70.275566
ElecFM,2025-03-30 00:00:00+00:00,LZ_LCRA,2025-03-30 00:00:00+00:00,47.13083333333333,42.866158,30.840055,59.301178
ElecFM,2025-03-30 00:00:00+00:00,LZ_LCRA,2025-03-30 01:00:00+00:00,52.031666666666666,40.247787,27.75052,57.308792
ElecFM,2025-03-30 00:00:00+00:00,LZ_LCRA,2025-03-30 02:00:00+00:00,83.91583333333334,33.307518,22.756214,48.529774
ElecFM,2025-03-30 00:00:00+00:00,LZ_LCRA,2025-03-30 03:00:00+00:00,128.9025,25.77513,17.80394,37.862526
ElecFM,2025-03-30 00:00:00+00:00,LZ_LCRA,2025-03-30 04:00:00+00:00,106.08333333333331,21.832043,15.876989,30.932177
ElecFM,2025-03-30 00:00:00+00:00,LZ_LCRA,2025-03-30 05:00:00+00:00,80.72083333333333,20.642715,16.009106,27.508947
ElecFM,2025-03-30 00:00:00+00:00,LZ_LCRA,2025-03-30 06:00:00+00:00,57.61916666666667,21.20868,16.71074,26.546795
ElecFM,2025-03-30 00:00:00+00:00,LZ_LCRA,2025-03-30 07:00:00+00:00,57.60833333333333,19.418575,14.99997,25.335978
ElecFM,2025-03-30 00:00:00+00:00,LZ_LCRA,2025-03-30 08:00:00+00:00,45.47,18.063927,13.142214,23.537512
ElecFM,2025-03-30 00:00:00+00:00,LZ_LCRA,2025-03-30 09:00:00+00:00,36.32666666666667,17.9138,12.807013,24.068645
ElecFM,2025-03-30 00:00:00+00:00,LZ_LCRA,2025-03-30 10:00:00+00:00,26.879166666666663,20.59682,14.072483,27.154486
ElecFM,2025-03-30 00:00:00+00:00,LZ_LCRA,2025-03-30 11:00:00+00:00,29.641666666666666,24.902037,17.325367,33.20846
ElecFM,2025-03-30 00:00:00+00:00,LZ_LCRA,2025-03-30 12:00:00+00:00,33.295833333333334,25.16082,17.545862,35.184998
ElecFM,2025-03-30 00:00:00+00:00,LZ_LCRA,2025-03-30 13:00:00+00:00,25.265833333333333,23.05798,15.936019,32.845886
ElecFM,2025-03-30 00:00:00+00:00,LZ_LCRA,2025-03-30 14:00:00+00:00,19.9675,19.82103,13.300093,28.106953
ElecFM,2025-03-30 00:00:00+00:00,LZ_LCRA,2025-03-30 15:00:00+00:00,18.31083333333333,17.974443,12.879061,25.813637
ElecFM,2025-03-30 00:00:00+00:00,LZ_LCRA,2025-03-30 16:00:00+00:00,17.7625,17.092499,12.549057,24.321693
ElecFM,2025-03-30 00:00:00+00:00,LZ_LCRA,2025-03-30 17:00:00+00:00,21.6525,19.001623,14.481755,26.504808
ElecFM,2025-03-30 00:00:00+00:00,LZ_LCRA,2025-03-30 18:00:00+00:00,30.965,21.298035,16.275768,30.258947
ElecFM,2025-03-30 00:00:00+00:00,LZ_LCRA,2025-03-30 19:00:00+00:00,33.78,22.666273,16.33791,33.112457
ElecFM,2025-03-30 00:00:00+00:00,LZ_LCRA,2025-03-30 20:00:00+00:00,39.37583333333333,23.030367,16.627956,35.617767
ElecFM,2025-03-30 00:00:00+00:00,LZ_LCRA,2025-03-30 21:00:00+00:00,47.755833333333335,24.475298,16.782951,38.553436
ElecFM,2025-03-30 00:00:00+00:00,LZ_LCRA,2025-03-30 22:00:00+00:00,72.465,27.701735,18.25568,44.622494
ElecFM,2025-03-30 00:00:00+00:00,LZ_LCRA,2025-03-30 23:00:00+00:00,108.78083333333332,34.555157,23.769436,53.781292
ElecFM,2025-03-30 00:00:00+00:00,LZ_RAYBN,2025-03-30 00:00:00+00:00,44.46,48.116493,32.76259,70.021034
ElecFM,2025-03-30 00:00:00+00:00,LZ_RAYBN,2025-03-30 01:00:00+00:00,42.48333333333333,42.328957,26.365051,65.15253
ElecFM,2025-03-30 00:00:00+00:00,LZ_RAYBN,2025-03-30 02:00:00+00:00,66.81166666666667,31.687283,18.054852,52.604008
ElecFM,2025-03-30 00:00:00+00:00,LZ_RAYBN,2025-03-30 03:00:00+00:00,100.66416666666667,21.439325,10.988401,38.776928
ElecFM,2025-03-30 00:00:00+00:00,LZ_RAYBN,2025-03-30 04:00:00+00:00,78.99333333333334,17.704288,9.47349,32.223896
ElecFM,2025-03-30 00:00:00+00:00,LZ_RAYBN,2025-03-30 05:00:00+00:00,64.62,17.162155,9.896509,29.695307
ElecFM,2025-03-30 00:00:00+00:00,LZ_RAYBN,2025-03-30 06:00:00+00:00,46.6375,17.096996,9.8366165,27.653587
ElecFM,2025-03-30 00:00:00+00:00,LZ_RAYBN,2025-03-30 07:00:00+00:00,50.99666666666667,16.362484,9.127476,28.213684
ElecFM,2025-03-30 00:00:00+00:00,LZ_RAYBN,2025-03-30 08:00:00+00:00,41.20416666666667,16.73753,8.454084,28.458523
ElecFM,2025-03-30 00:00:00+00:00,LZ_RAYBN,2025-03-30 09:00:00+00:00,33.29833333333333,17.563442,7.984934,31.009161
ElecFM,2025-03-30 00:00:00+00:00,LZ_RAYBN,2025-03-30 10:00:00+00:00,25.0175,22.294233,10.524525,37.65321
ElecFM,2025-03-30 00:00:00+00:00,LZ_RAYBN,2025-03-30 11:00:00+00:00,29.411666666666665,29.762539,16.446949,46.955345
ElecFM,2025-03-30 00:00:00+00:00,LZ_RAYBN,2025-03-30 12:00:00+00:00,32.6725,28.961462,15.785224,47.126026
ElecFM,2025-03-30 00:00:00+00:00,LZ_RAYBN,2025-03-30 13:00:00+00:00,24.844166666666663,23.489489,11.318036,40.613895
ElecFM,2025-03-30 00:00:00+00:00,LZ_RAYBN,2025-03-30 14:00:00+00:00,19.715,19.064919,8.407391,33.91475
ElecFM,2025-03-30 00:00:00+00:00,LZ_RAYBN,2025-03-30 15:00:00+00:00,15.2925,16.383522,7.4335556,30.47917
ElecFM,2025-03-30 00:00:00+00:00,LZ_RAYBN,2025-03-30 16:00:00+00:00,12.856666666666667,16.726288,7.9964275,29.71768
ElecFM,2025-03-30 00:00:00+00:00,LZ_RAYBN,2025-03-30 17:00:00+00:00,20.93583333333333,18.064657,9.420351,31.490507
ElecFM,2025-03-30 00:00:00+00:00,LZ_RAYBN,2025-03-30 18:00:00+00:00,23.241666666666664,18.344368,9.211964,32.493786
ElecFM,2025-03-30 00:00:00+00:00,LZ_RAYBN,2025-03-30 19:00:00+00:00,31.40833333333333,19.008526,8.654394,34.811684
ElecFM,2025-03-30 00:00:00+00:00,LZ_RAYBN,2025-03-30 20:00:00+00:00,40.815,20.420433,9.755528,38.63428
ElecFM,2025-03-30 00:00:00+00:00,LZ_RAYBN,2025-03-30 21:00:00+00:00,50.08833333333333,23.435575,10.304423,44.52597
ElecFM,2025-03-30 00:00:00+00:00,LZ_RAYBN,2025-03-30 22:00:00+00:00,71.63333333333334,28.28462,12.638144,54.1178
ElecFM,2025-03-30 00:00:00+00:00,LZ_RAYBN,2025-03-30 23:00:00+00:00,114.96833333333336,40.84323,22.650959,70.19223
ElecFM,2025-03-30 00:00:00+00:00,LZ_WEST,2025-03-30 00:00:00+00:00,53.2475,48.111008,32.64206,69.01608
ElecFM,2025-03-30 00:00:00+00:00,LZ_WEST,2025-03-30 01:00:00+00:00,80.89416666666666,49.40115,32.532875,71.567795
ElecFM,2025-03-30 00:00:00+00:00,LZ_WEST,2025-03-30 02:00:00+00:00,148.28333333333333,48.46154,30.636976,71.22711
ElecFM,2025-03-30 00:00:00+00:00,LZ_WEST,2025-03-30 03:00:00+00:00,238.58916666666667,47.81373,29.974003,69.76519
ElecFM,2025-03-30 00:00:00+00:00,LZ_WEST,2025-03-30 04:00:00+00:00,200.40916666666664,48.52705,30.248556,69.00853
ElecFM,2025-03-30 00:00:00+00:00,LZ_WEST,2025-03-30 05:00:00+00:00,109.5475,51.433834,33.290184,71.08019
ElecFM,2025-03-30 00:00:00+00:00,LZ_WEST,2025-03-30 06:00:00+00:00,76.03666666666668,51.02066,34.594746,71.22076
ElecFM,2025-03-30 00:00:00+00:00,LZ_WEST,2025-03-30 07:00:00+00:00,70.38583333333334,47.860764,31.766727,67.11278
ElecFM,2025-03-30 00:00:00+00:00,LZ_WEST,2025-03-30 08:00:00+00:00,61.69916666666666,43.40558,27.28372,62.84368
ElecFM,2025-03-30 00:00:00+00:00,LZ_WEST,2025-03-30 09:00:00+00:00,60.6625,44.637295,28.07049,64.34055
ElecFM,2025-03-30 00:00:00+00:00,LZ_WEST,2025-03-30 10:00:00+00:00,41.08416666666667,45.161537,29.394451,65.70221
ElecFM,2025-03-30 00:00:00+00:00,LZ_WEST,2025-03-30 11:00:00+00:00,31.117500000000003,43.668003,28.49065,62.67856
ElecFM,2025-03-30 00:00:00+00:00,LZ_WEST,2025-03-30 12:00:00+00:00,34.78333333333333,41.79862,27.21882,58.981804
ElecFM,2025-03-30 00:00:00+00:00,LZ_WEST,2025-03-30 13:00:00+00:00,27.8825,37.28309,22.876156,51.423805
ElecFM,2025-03-30 00:00:00+00:00,LZ_WEST,2025-03-30 14:00:00+00:00,7.640000000000001,25.865963,13.321764,39.65702
ElecFM,2025-03-30 00:00:00+00:00,LZ_WEST,2025-03-30 15:00:00+00:00,0.4841666666666666,19.287766,6.857155,32.077785
ElecFM,2025-03-30 00:00:00+00:00,LZ_WEST,2025-03-30 16:00:00+00:00,6.634166666666666,16.116812,4.4106674,27.239742
ElecFM,2025-03-30 00:00:00+00:00,LZ_WEST,2025-03-30 17:00:00+00:00,20.81583333333333,17.082598,6.645054,27.598629
ElecFM,2025-03-30 00:00:00+00:00,LZ_WEST,2025-03-30 18:00:00+00:00,25.816666666666663,19.560213,9.086161,30.111082
ElecFM,2025-03-30 00:00:00+00:00,LZ_WEST,2025-03-30 19:00:00+00:00,32.22416666666667,21.107397,11.055201,33.29303
ElecFM,2025-03-30 00:00:00+00:00,LZ_WEST,2025-03-30 20:00:00+00:00,39.9175,19.922003,7.964321,34.15451
ElecFM,2025-03-30 00:00:00+00:00,LZ_WEST,2025-03-30 21:00:00+00:00,49.1025,22.496847,6.806614,39.336662
ElecFM,2025-03-30 00:00:00+00:00,LZ_WEST,2025-03-30 22:00:00+00:00,71.68666666666667,31.380344,13.522167,53.269535
ElecFM,2025-03-30 00:00:00+00:00,LZ_WEST,2025-03-30 23:00:00+00:00,112.44333333333331,49.479973,28.822493,73.98886
