model,origin,node,ts,actual,mean,q10,q90
ElecFM,2025-08-01 00:00:00+00:00,LZ_LCRA,2025-08-01 00:00:00+00:00,81.94416666666666,93.527695,43.981003,151.27814
ElecFM,2025-08-01 00:00:00+00:00,LZ_LCRA,2025-08-01 01:00:00+00:00,113.745,71.585815,24.121067,128.32172
ElecFM,2025-08-01 00:00:00+00:00,LZ_LCRA,2025-08-01 02:00:00+00:00,131.26416666666668,44.932274,8.462225,94.44373
ElecFM,2025-08-01 00:00:00+00:00,LZ_LCRA,2025-08-01 03:00:00+00:00,81.84166666666667,32.449028,6.433449,71.34804
ElecFM,2025-08-01 00:00:00+00:00,LZ_LCRA,2025-08-01 04:00:00+00:00,40.01416666666667,24.617695,8.148785,51.711975
ElecFM,2025-08-01 00:00:00+00:00,LZ_LCRA,2025-08-01 05:00:00+00:00,43.8975,23.996593,14.861713,42.946877
ElecFM,2025-08-01 00:00:00+00:00,LZ_LCRA,2025-08-01 06:00:00+00:00,46.44166666666666,25.863115,18.298939,37.853027
ElecFM,2025-08-01 00:00:00+00:00,LZ_LCRA,2025-08-01 07:00:00+00:00,42.571666666666665,28.440434,22.118109,38.09725
ElecFM,2025-08-01 00:00:00+00:00,LZ_LCRA,2025-08-01 08:00:00+00:00,47.1775,28.476368,22.961994,35.57308
ElecFM,2025-08-01 00:00:00+00:00,LZ_LCRA,2025-08-01 09:00:00+00:00,45.70416666666667,27.030804,21.395506,32.632286
ElecFM,2025-08-01 00:00:00+00:00,LZ_LCRA,2025-08-01 10:00:00+00:00,44.36083333333334,26.650658,21.41094,30.790894
ElecFM,2025-08-01 00:00:00+00:00,LZ_LCRA,2025-08-01 11:00:00+00:00,49.01,25.402538,19.12011,32.729122
ElecFM,2025-08-01 00:00:00+00:00,LZ_LCRA,2025-08-01 12:00:00+00:00,39.73333333333333,22.974607,15.977575,32.403194
ElecFM,2025-08-01 00:00:00+00:00,LZ_LCRA,2025-08-01 13:00:00+00:00,35.8525,21.403067,13.7463875,30.321938
ElecFM,2025-08-01 00:00:00+00:00,LZ_LCRA,2025-08-01 14:00:00+00:00,28.8,21.41244,13.867756,31.489826
ElecFM,2025-08-01 00:00:00+00:00,LZ_LCRA,2025-08-01 15:00:00+00:00,27.44833333333333,21.439886,14.17944,33.618275
ElecFM,2025-08-01 00:00:00+00:00,LZ_LCRA,2025-08-01 16:00:00+00:00,26.848333333333333,24.241623,17.171185,38.831284
ElecFM,2025-08-01 00:00:00+00:00,LZ_LCRA,2025-08-01 17:00:00+00:00,51.79,28.357555,20.245317,45.501865
ElecFM,2025-08-01 00:00:00+00:00,LZ_LCRA,2025-08-01 18:00:00+00:00,67.0175,30.206549,20.610706,51.03968
ElecFM,2025-08-01 00:00:00+00:00,LZ_LCRA,2025-08-01 19:00:00+00:00,85.1575,31.242428,20.581482,56.00556
ElecFM,2025-08-01 00:00:00+00:00,LZ_LCRA,2025-08-01 20:00:00+00:00,87.14999999999999,31.280504,19.506117,59.845016
ElecFM,2025-08-01 00:00:00+00:00,LZ_LCRA,2025-08-01 21:00:00+00:00,60.70333333333334,31.91926,18.750431,63.988853
ElecFM,2025-08-01 00:00:00+00:00,LZ_LCRA,2025-08-01 22:00:00+00:00,91.97833333333334,34.305576,18.708645,70.023605
ElecFM,2025-08-01 00:00:00+00:00,LZ_LCRA,2025-08-01 23:00:00+00:00,99.82333333333334,36.420753,17.908325,76.75025
ElecFM,2025-08-01 00:00:00+00:00,LZ_RAYBN,2025-08-01 00:00:00+00:00,82.205,85.063194,42.60334,132.91489
ElecFM,2025-08-01 00:00:00+00:00,LZ_RAYBN,2025-08-01 01:00:00+00:00,108.07583333333334,67.93544,27.627453,114.72629
ElecFM,2025-08-01 00:00:00+00:00,LZ_RAYBN,2025-08-01 02:00:00+00:00,128.18083333333334,45.268517,14.098572,86.03523
ElecFM,2025-08-01 00:00:00+00:00,LZ_RAYBN,2025-08-01 03:00:00+00:00,81.38416666666667,34.19325,12.23197,65.8973
ElecFM,2025-08-01 00:00:00+00:00,LZ_RAYBN,2025-08-01 04:00:00+00:00,40.72,26.174488,12.403662,48.33213
ElecFM,2025-08-01 00:00:00+00:00,LZ_RAYBN,2025-08-01 05:00:00+00:00,44.72666666666667,24.29871,16.840237,39.77531
ElecFM,2025-08-01 00:00:00+00:00,LZ_RAYBN,2025-08-01 06:00:00+00:00,47.67083333333333,24.6395,19.071217,34.768917
ElecFM,2025-08-01 00:00:00+00:00,LZ_RAYBN,2025-08-01 07:00:00+00:00,44.63583333333333,25.571451,20.48008,34.310883
ElecFM,2025-08-01 00:00:00+00:00,LZ_RAYBN,2025-08-01 08:00:00+00:00,48.32083333333333,26.546875,21.899803,33.18403
ElecFM,2025-08-01 00:00:00+00:00,LZ_RAYBN,2025-08-01 09:00:00+00:00,47.28,27.043,21.499119,33.031925
ElecFM,2025-08-01 00:00:00+00:00,LZ_RAYBN,2025-08-01 10:00:00+00:00,46.73583333333334,26.642687,20.641508,31.88488
ElecFM,2025-08-01 00:00:00+00:00,LZ_RAYBN,2025-08-01 11:00:00+00:00,50.4925,25.941868,19.530499,33.869644
ElecFM,2025-08-01 00:00:00+00:00,LZ_RAYBN,2025-08-01 12:00:00+00:00,44.17083333333333,23.180983,15.931555,32.141388
ElecFM,2025-08-01 00:00:00+00:00,LZ_RAYBN,2025-08-01 13:00:00+00:00,39.475,22.767323,15.741951,30.401121
ElecFM,2025-08-01 00:00:00+00:00,LZ_RAYBN,2025-08-01 14:00:00+00:00,30.570833333333336,22.845716,16.08213,31.584702
ElecFM,2025-08-01 00:00:00+00:00,LZ_RAYBN,2025-08-01 15:00:00+00:00,29.280833333333337,23.583004,16.290283,32.64193
ElecFM,2025-08-01 00:00:00+00:00,LZ_RAYBN,2025-08-01 16:00:00+00:00,28.769166666666667,25.381046,18.223253,36.287098
ElecFM,2025-08-01 00:00:00+00:00,LZ_RAYBN,2025-08-01 17:00:00+00:00,27.45833333333333,28.596907,20.588749,40.060555
ElecFM,2025-08-01 00:00:00+00:00,LZ_RAYBN,2025-08-01 18:00:00+00:00,27.46,29.338299,21.103886,42.508556
ElecFM,2025-08-01 00:00:00+00:00,LZ_RAYBN,2025-08-01 19:00:00+00:00,30.755,29.106066,21.49646,43.949806
ElecFM,2025-08-01 00:00:00+00:00,LZ_RAYBN,2025-08-01 20:00:00+00:00,34.17583333333334,28.121817,20.184917,43.849228
ElecFM,2025-08-01 00:00:00+00:00,LZ_RAYBN,2025-08-01 21:00:00+00:00,49.90916666666666,28.000881,19.101557,45.947292
ElecFM,2025-08-01 00:00:00+00:00,LZ_RAYBN,2025-08-01 22:00:00+00:00,89.00916666666666,30.20559,19.822145,51.28195
ElecFM,2025-08-01 00:00:00+00:00,LZ_RAYBN,2025-08-01 23:00:00+00:00,96.1975,32.92472,19.709679,58.534218
ElecFM,2025-08-01 00:00:00+00:00,LZ_WEST,2025-08-01 00:00:00+00:00,81.73083333333334,96.15201,52.252705,155.96373
ElecFM,2025-08-01 00:00:00+00:00,LZ_WEST,2025-08-01 01:00:00+00:00,111.79833333333332,82.602036,39.608727,142.28922
ElecFM,2025-08-01 00:00:00+00:00,LZ_WEST,2025-08-01 02:00:00+00:00,131.45083333333335,65.27063,29.247654,120.387375
ElecFM,2025-08-01 00:00:00+00:00,LZ_WEST,2025-08-01 03:00:00+00:00,82.87583333333333,54.024956,25.293724,103.16118
ElecFM,2025-08-01 00:00:00+00:00,LZ_WEST,2025-08-01 04:00:00+00:00,59.29416666666666,45.47995,21.793234,86.66533
ElecFM,2025-08-01 00:00:00+00:00,LZ_WEST,2025-08-01 05:00:00+00:00,62.623333333333335,43.155308,24.38129,80.55783
ElecFM,2025-08-01 00:00:00+00:00,LZ_WEST,2025-08-01 06:00:00+00:00,73.50666666666666,41.883465,25.233355,74.45163
ElecFM,2025-08-01 00:00:00+00:00,LZ_WEST,2025-08-01 07:00:00+00:00,84.79416666666667,38.367767,23.092575,71.834145
ElecFM,2025-08-01 00:00:00+00:00,LZ_WEST,2025-08-01 08:00:00+00:00,80.40333333333332,39.37525,25.622633,67.97916
ElecFM,2025-08-01 00:00:00+00:00,LZ_WEST,2025-08-01 09:00:00+00:00,86.46666666666665,37.91032,25.313684,63.964573
ElecFM,2025-08-01 00:00:00+00:00,LZ_WEST,2025-08-01 10:00:00+00:00,88.495,34.746487,22.610846,55.881866
ElecFM,2025-08-01 00:00:00+00:00,LZ_WEST,2025-08-01 11:00:00+00:00,71.5525,30.028221,19.039003,49.960857
ElecFM,2025-08-01 00:00:00+00:00,LZ_WEST,2025-08-01 12:00:00+00:00,61.29416666666666,20.639477,10.304733,37.095192
ElecFM,2025-08-01 00:00:00+00:00,LZ_WEST,2025-08-01 13:00:00+00:00,41.04416666666666,12.500851,3.8530426,27.177216
ElecFM,2025-08-01 00:00:00+00:00,LZ_WEST,2025-08-01 14:00:00+00:00,31.185,7.5033073,-0.23801804,21.425278
ElecFM,2025-08-01 00:00:00+00:00,LZ_WEST,2025-08-01 15:00:00+00:00,28.65833333333333,6.341324,-1.0044174,21.840775
ElecFM,2025-08-01 00:00:00+00:00,LZ_WEST,2025-08-01 16:00:00+00:00,28.22833333333333,9.767868,1.1291809,27.482342
ElecFM,2025-08-01 00:00:00+00:00,LZ_WEST,2025-08-01 17:00:00+00:00,30.55,17.001461,6.284382,40.77813
ElecFM,2025-08-01 00:00:00+00:00,LZ_WEST,2025-08-01 18:00:00+00:00,32.59166666666667,24.873962,9.144566,55.186523
ElecFM,2025-08-01 00:00:00+00:00,LZ_WEST,2025-08-01 19:00:00+00:00,35.68,32.492588,9.498543,71.37819
ElecFM,2025-08-01 00:00:00+00:00,LZ_WEST,2025-08-01 20:00:00+00:00,42.03083333333333,38.49882,12.880774,86.23628
ElecFM,2025-08-01 00:00:00+00:00,LZ_WEST,2025-08-01 21:00:00+00:00,52.38333333333333,42.71531,13.037586,98.087204
ElecFM,2025-08-01 00:00:00+00:00,LZ_WEST,2025-08-01 22:00:00+00:00,91.96,46.293293,12.727919,107.69611
ElecFM,2025-08-01 00:00:00+00:00,LZ_WEST,2025-08-01 23:00:00+00:00,99.3375,56.678467,20.940231,123.2112
ElecFM,2025-08-02 00:00:00+00:00,LZ_LCRA,2025-08-02 00:00:00+00:00,151.14083333333335,78.659454,46.00328,123.79224
ElecFM,2025-08-02 00:00:00+00:00,LZ_LCRA,2025-08-02 01:00:00+00:00,124.3225,72.26811,40.03335,120.54997
ElecFM,2025-08-02 00:00:00+00:00,LZ_LCRA,2025-08-02 02:00:00+00:00,81.62833333333333,63.630936,33.94728,110.23811
ElecFM,2025-08-02 00:00:00+00:00,LZ_LCRA,2025-08-02 03:00:00+00:00,63.943333333333335,53.9179,28.399702,96.33122
ElecFM,2025-08-02 00:00:00+00:00,LZ_LCRA,2025-08-02 04:00:00+00:00,44.54,47.261696,25.903446,83.44034
ElecFM,2025-08-02 00:00:00+00:00,LZ_LCRA,2025-08-02 05:00:00+00:00,49.6375,45.66364,30.028902,77.55745
ElecFM,2025-08-02 00:00:00+00:00,LZ_LCRA,2025-08-02 06:00:00+00:00,41.09333333333333,46.42753,32.384274,74.71135
ElecFM,2025-08-02 00:00:00+00:00,LZ_LCRA,2025-08-02 07:00:00+00:00,39.37,43.65034,30.25282,71.24596
ElecFM,2025-08-02 00:00:00+00:00,LZ_LCRA,2025-08-02 08:00:00+00:00,35.30916666666666,41.255226,28.255692,67.86914
ElecFM,2025-08-02 00:00:00+00:00,LZ_LCRA,2025-08-02 09:00:00+00:00,30.23583333333333,39.99875,26.874712,66.8812
ElecFM,2025-08-02 00:00:00+00:00,LZ_LCRA,2025-08-02 10:00:00+00:00,32.02916666666666,41.25349,28.175209,67.33187
ElecFM,2025-08-02 00:00:00+00:00,LZ_LCRA,2025-08-02 11:00:00+00:00,37.94583333333333,40.177708,27.096724,66.68324
ElecFM,2025-08-02 00:00:00+00:00,LZ_LCRA,2025-08-02 12:00:00+00:00,38.6125,36.226246,23.293423,62.60414
ElecFM,2025-08-02 00:00:00+00:00,LZ_LCRA,2025-08-02 13:00:00+00:00,29.236666666666665,34.550003,21.111164,58.335155
ElecFM,2025-08-02 00:00:00+00:00,LZ_LCRA,2025-08-02 14:00:00+00:00,26.984166666666667,34.842163,23.138391,59.14456
ElecFM,2025-08-02 00:00:00+00:00,LZ_LCRA,2025-08-02 15:00:00+00:00,27.309166666666663,36.144047,23.783833,59.732784
ElecFM,2025-08-02 00:00:00+00:00,LZ_LCRA,2025-08-02 16:00:00+00:00,29.529166666666665,37.305794,25.59345,61.460045
ElecFM,2025-08-02 00:00:00+00:00,LZ_LCRA,2025-08-02 17:00:00+00:00,29.574166666666667,40.23437,27.70398,65.362305
ElecFM,2025-08-02 00:00:00+00:00,LZ_LCRA,2025-08-02 18:00:00+00:00,38.05583333333333,46.130444,31.16901,73.285446
ElecFM,2025-08-02 00:00:00+00:00,LZ_LCRA,2025-08-02 19:00:00+00:00,33.564166666666665,53.006866,36.390087,83.39517
ElecFM,2025-08-02 00:00:00+00:00,LZ_LCRA,2025-08-02 20:00:00+00:00,30.08833333333333,54.056183,36.268585,87.61432
ElecFM,2025-08-02 00:00:00+00:00,LZ_LCRA,2025-08-02 21:00:00+00:00,41.98666666666667,54.065575,34.532356,90.4964
ElecFM,2025-08-02 00:00:00+00:00,LZ_LCRA,2025-08-02 22:00:00+00:00,46.35083333333333,56.16383,36.92394,94.92987
ElecFM,2025-08-02 00:00:00+00:00,LZ_LCRA,2025-08-02 23:00:00+00:00,40.6075,59.46511,38.64615,101.89202
ElecFM,2025-08-02 00:00:00+00:00,LZ_RAYBN,2025-08-02 00:00:00+00:00,145.35416666666666,79.87901,41.774357,130.18478
ElecFM,2025-08-02 00:00:00+00:00,LZ_RAYBN,2025-08-02 01:00:00+00:00,120.12333333333332,74.4557,35.11868,128.2061
ElecFM,2025-08-02 00:00:00+00:00,LZ_RAYBN,2025-08-02 02:00:00+00:00,80.67,60.0309,25.564625,110.43495
ElecFM,2025-08-02 00:00:00+00:00,LZ_RAYBN,2025-08-02 03:00:00+00:00,62.33416666666667,49.323196,22.747223,92.52402
ElecFM,2025-08-02 00:00:00+00:00,LZ_RAYBN,2025-08-02 04:00:00+00:00,38.1675,41.755856,23.122839,75.52026
ElecFM,2025-08-02 00:00:00+00:00,LZ_RAYBN,2025-08-02 05:00:00+00:00,43.2375,36.909695,25.885494,63.673622
ElecFM,2025-08-02 00:00:00+00:00,LZ_RAYBN,2025-08-02 06:00:00+00:00,34.43416666666666,36.261265,27.774807,56.383057
ElecFM,2025-08-02 00:00:00+00:00,LZ_RAYBN,2025-08-02 07:00:00+00:00,31.9375,34.08654,27.144163,53.40454
ElecFM,2025-08-02 00:00:00+00:00,LZ_RAYBN,2025-08-02 08:00:00+00:00,30.7675,33.596233,26.90237,51.056732
ElecFM,2025-08-02 00:00:00+00:00,LZ_RAYBN,2025-08-02 09:00:00+00:00,31.989166666666662,34.082664,26.37737,51.362934
ElecFM,2025-08-02 00:00:00+00:00,LZ_RAYBN,2025-08-02 10:00:00+00:00,34.747499999999995,33.291058,24.782433,49.68933
ElecFM,2025-08-02 00:00:00+00:00,LZ_RAYBN,2025-08-02 11:00:00+00:00,39.47666666666667,32.160877,23.285728,48.945328
ElecFM,2025-08-02 00:00:00+00:00,LZ_RAYBN,2025-08-02 12:00:00+00:00,39.865,27.64185,17.41173,46.275604
ElecFM,2025-08-02 00:00:00+00:00,LZ_RAYBN,2025-08-02 13:00:00+00:00,29.41,25.568626,15.064617,42.519516
ElecFM,2025-08-02 00:00:00+00:00,LZ_RAYBN,2025-08-02 14:00:00+00:00,27.2125,24.576847,15.094885,41.44165
ElecFM,2025-08-02 00:00:00+00:00,LZ_RAYBN,2025-08-02 15:00:00+00:00,27.320833333333336,24.671375,15.746687,40.462437
ElecFM,2025-08-02 00:00:00+00:00,LZ_RAYBN,2025-08-02 16:00:00+00:00,29.529166666666665,26.108307,18.589714,41.992878
ElecFM,2025-08-02 00:00:00+00:00,LZ_RAYBN,2025-08-02 17:00:00+00:00,29.574166666666667,27.163342,20.488142,44.65597
ElecFM,2025-08-02 00:00:00+00:00,LZ_RAYBN,2025-08-02 18:00:00+00:00,26.09,31.15535,22.791695,50.983135
ElecFM,2025-08-02 00:00:00+00:00,LZ_RAYBN,2025-08-02 19:00:00+00:00,25.68583333333333,36.46611,26.053106,59.70211
ElecFM,2025-08-02 00:00:00+00:00,LZ_RAYBN,2025-08-02 20:00:00+00:00,29.9375,36.441135,25.34543,62.67097
ElecFM,2025-08-02 00:00:00+00:00,LZ_RAYBN,2025-08-02 21:00:00+00:00,41.12583333333333,36.504234,23.069736,65.79612
ElecFM,2025-08-02 00:00:00+00:00,LZ_RAYBN,2025-08-02 22:00:00+00:00,45.4725,38.666573,22.942547,71.55932
ElecFM,2025-08-02 00:00:00+00:00,LZ_RAYBN,2025-08-02 23:00:00+00:00,39.95,44.15485,24.800575,83.33789
ElecFM,2025-08-02 00:00:00+00:00,LZ_WEST,2025-08-02 00:00:00+00:00,150.64333333333337,114.71901,66.4155,182.77821
ElecFM,2025-08-02 00:00:00+00:00,LZ_WEST,2025-08-02 01:00:00+00:00,124.19583333333333,122.98648,70.21884,197.5816
ElecFM,2025-08-02 00:00:00+00:00,LZ_WEST,2025-08-02 02:00:00+00:00,82.3075,112.57315,62.595768,186.38115
ElecFM,2025-08-02 00:00:00+00:00,LZ_WEST,2025-08-02 03:00:00+00:00,76.25416666666666,97.888275,53.103516,167.01794
ElecFM,2025-08-02 00:00:00+00:00,LZ_WEST,2025-08-02 04:00:00+00:00,81.34750000000001,89.52397,51.368347,149.3874
ElecFM,2025-08-02 00:00:00+00:00,LZ_WEST,2025-08-02 05:00:00+00:00,84.435,85.52788,54.34201,137.73326
ElecFM,2025-08-02 00:00:00+00:00,LZ_WEST,2025-08-02 06:00:00+00:00,77.58833333333332,81.794876,55.81852,127.93033
ElecFM,2025-08-02 00:00:00+00:00,LZ_WEST,2025-08-02 07:00:00+00:00,88.15166666666666,75.09773,54.294292,118.97209
ElecFM,2025-08-02 00:00:00+00:00,LZ_WEST,2025-08-02 08:00:00+00:00,79.44583333333334,66.84716,47.21744,105.6517
ElecFM,2025-08-02 00:00:00+00:00,LZ_WEST,2025-08-02 09:00:00+00:00,84.83749999999999,61.74995,43.251045,97.59709
ElecFM,2025-08-02 00:00:00+00:00,LZ_WEST,2025-08-02 10:00:00+00:00,95.16333333333334,53.997646,35.129787,86.24106
ElecFM,2025-08-02 00:00:00+00:00,LZ_WEST,2025-08-02 11:00:00+00:00,73.99166666666666,47.078506,28.699709,80.1246
ElecFM,2025-08-02 00:00:00+00:00,LZ_WEST,2025-08-02 12:00:00+00:00,68.48666666666666,39.06064,21.593956,69.32182
ElecFM,2025-08-02 00:00:00+00:00,LZ_WEST,2025-08-02 13:00:00+00:00,29.726666666666663,30.765127,13.86446,58.669785
ElecFM,2025-08-02 00:00:00+00:00,LZ_WEST,2025-08-02 14:00:00+00:00,27.60333333333333,25.293814,10.442844,51.449265
ElecFM,2025-08-02 00:00:00+00:00,LZ_WEST,2025-08-02 15:00:00+00:00,27.35083333333333,20.578362,7.5962563,45.782494
ElecFM,2025-08-02 00:00:00+00:00,LZ_WEST,2025-08-02 16:00:00+00:00,29.529166666666665,25.300463,11.287319,49.629036
ElecFM,2025-08-02 00:00:00+00:00,LZ_WEST,2025-08-02 17:00:00+00:00,29.574166666666667,28.387808,13.169369,58.257946
ElecFM,2025-08-02 00:00:00+00:00,LZ_WEST,2025-08-02 18:00:00+00:00,27.67083333333333,32.166542,11.319954,66.309975
ElecFM,2025-08-02 00:00:00+00:00,LZ_WEST,2025-08-02 19:00:00+00:00,26.715833333333336,36.370075,9.587997,76.31509
ElecFM,2025-08-02 00:00:00+00:00,LZ_WEST,2025-08-02 20:00:00+00:00,30.155,43.16118,14.64926,89.4397
ElecFM,2025-08-02 00:00:00+00:00,LZ_WEST,2025-08-02 21:00:00+00:00,41.18666666666667,42.907383,12.327686,92.496765
ElecFM,2025-08-02 00:00:00+00:00,LZ_WEST,2025-08-02 22:00:00+00:00,45.04333333333333,45.815437,14.38043,100.1306
ElecFM,2025-08-02 00:00:00+00:00,LZ_WEST,2025-08-02 23:00:00+00:00,40.50416666666667,55.563286,20.6375,115.90793
ElecFM,2025-08-03 00:00:00+00:00,LZ_LCRA,2025-08-03 00:00:00+00:00,39.9775,53.853115,36.08191,79.03287
ElecFM,2025-08-03 00:00:00+00:00,LZ_LCRA,2025-08-03 01:00:00+00:00,40.071666666666665,58.006027,38.88511,84.60877
ElecFM,2025-08-03 00:00:00+00:00,LZ_LCRA,2025-08-03 02:00:00+00:00,39.23166666666666,52.938984,35.266666,78.0336
ElecFM,2025-08-03 00:00:00+00:00,LZ_LCRA,2025-08-03 03:00:00+00:00,37.455,42.277386,27.589714,64.256165
ElecFM,2025-08-03 00:00:00+00:00,LZ_LCRA,2025-08-03 04:00:00+00:00,31.855,36.852478,23.828587,53.703014
ElecFM,2025-08-03 00:00:00+00:00,LZ_LCRA,2025-08-03 05:00:00+00:00,28.7925,36.289364,26.795938,49.64991
ElecFM,2025-08-03 00:00:00+00:00,LZ_LCRA,2025-08-03 06:00:00+00:00,27.956666666666667,34.094414,24.841087,44.784195
ElecFM,2025-08-03 00:00:00+00:00,LZ_LCRA,2025-08-03 07:00:00+00:00,27.096666666666664,33.89154,24.69957,43.287907
ElecFM,2025-08-03 00:00:00+00:00,LZ_LCRA,2025-08-03 08:00:00+00:00,24.424166666666665,34.522804,25.58954,41.905647
ElecFM,2025-08-03 00:00:00+00:00,LZ_LCRA,2025-08-03 09:00:00+00:00,23.8275,31.838799,22.64544,38.714973
ElecFM,2025-08-03 00:00:00+00:00,LZ_LCRA,2025-08-03 10:00:00+00:00,23.617500000000003,32.01664,23.1733,39.04167
ElecFM,2025-08-03 00:00:00+00:00,LZ_LCRA,2025-08-03 11:00:00+00:00,23.57583333333333,31.871456,22.460962,38.521378
ElecFM,2025-08-03 00:00:00+00:00,LZ_LCRA,2025-08-03 12:00:00+00:00,19.418333333333333,30.465433,20.224945,37.95745
ElecFM,2025-08-03 00:00:00+00:00,LZ_LCRA,2025-08-03 13:00:00+00:00,15.004166666666668,28.29147,18.149641,34.618553
ElecFM,2025-08-03 00:00:00+00:00,LZ_LCRA,2025-08-03 14:00:00+00:00,13.998333333333331,25.910784,17.678734,32.060593
ElecFM,2025-08-03 00:00:00+00:00,LZ_LCRA,2025-08-03 15:00:00+00:00,14.645833333333334,27.001389,19.117628,33.675163
ElecFM,2025-08-03 00:00:00+00:00,LZ_LCRA,2025-08-03 16:00:00+00:00,20.164166666666667,26.988426,18.75515,35.224876
ElecFM,2025-08-03 00:00:00+00:00,LZ_LCRA,2025-08-03 17:00:00+00:00,29.49833333333333,30.460861,21.010656,42.140717
ElecFM,2025-08-03 00:00:00+00:00,LZ_LCRA,2025-08-03 18:00:00+00:00,42.3,35.255554,22.700148,50.745987
ElecFM,2025-08-03 00:00:00+00:00,LZ_LCRA,2025-08-03 19:00:00+00:00,51.635,39.84911,24.775892,58.355015
ElecFM,2025-08-03 00:00:00+00:00,LZ_LCRA,2025-08-03 20:00:00+00:00,46.55416666666667,41.824642,27.339645,63.14655
ElecFM,2025-08-03 00:00:00+00:00,LZ_LCRA,2025-08-03 21:00:00+00:00,54.18,41.95798,26.719183,65.1497
ElecFM,2025-08-03 00:00:00+00:00,LZ_LCRA,2025-08-03 22:00:00+00:00,99.26416666666668,45.62386,30.183216,71.82317
ElecFM,2025-08-03 00:00:00+00:00,LZ_LCRA,2025-08-03 23:00:00+00:00,86.10333333333334,53.741455,36.317837,83.52193
ElecFM,2025-08-03 00:00:00+00:00,LZ_RAYBN,2025-08-03 00:00:00+00:00,39.32833333333333,58.290127,40.648125,82.28264
ElecFM,2025-08-03 00:00:00+00:00,LZ_RAYBN,2025-08-03 01:00:00+00:00,37.19416666666667,62.15966,42.748688,87.70891
ElecFM,2025-08-03 00:00:00+00:00,LZ_RAYBN,2025-08-03 02:00:00+00:00,33.25416666666667,53.425743,35.618168,77.67206
ElecFM,2025-08-03 00:00:00+00:00,LZ_RAYBN,2025-08-03 03:00:00+00:00,29.415000000000003,40.20483,25.52326,61.744774
ElecFM,2025-08-03 00:00:00+00:00,LZ_RAYBN,2025-08-03 04:00:00+00:00,24.89916666666667,32.508614,19.618124,49.59373
ElecFM,2025-08-03 00:00:00+00:00,LZ_RAYBN,2025-08-03 05:00:00+00:00,25.078333333333333,30.593204,21.07411,44.74412
ElecFM,2025-08-03 00:00:00+00:00,LZ_RAYBN,2025-08-03 06:00:00+00:00,23.191666666666663,30.198318,20.900019,41.211746
ElecFM,2025-08-03 00:00:00+00:00,LZ_RAYBN,2025-08-03 07:00:00+00:00,23.14916666666667,29.33906,20.175594,39.34726
ElecFM,2025-08-03 00:00:00+00:00,LZ_RAYBN,2025-08-03 08:00:00+00:00,24.40333333333333,28.71297,19.681118,37.191883
ElecFM,2025-08-03 00:00:00+00:00,LZ_RAYBN,2025-08-03 09:00:00+00:00,24.063333333333333,29.18251,19.922897,38.013855
ElecFM,2025-08-03 00:00:00+00:00,LZ_RAYBN,2025-08-03 10:00:00+00:00,23.6275,29.984426,20.58296,38.50012
ElecFM,2025-08-03 00:00:00+00:00,LZ_RAYBN,2025-08-03 11:00:00+00:00,23.5725,31.867561,21.144285,40.52039
ElecFM,2025-08-03 00:00:00+00:00,LZ_RAYBN,2025-08-03 12:00:00+00:00,19.055833333333336,30.69965,19.748232,39.743393
ElecFM,2025-08-03 00:00:00+00:00,LZ_RAYBN,2025-08-03 13:00:00+00:00,15.004166666666668,28.189186,17.82561,35.238865
ElecFM,2025-08-03 00:00:00+00:00,LZ_RAYBN,2025-08-03 14:00:00+00:00,13.998333333333331,25.495289,17.849302,32.003536
ElecFM,2025-08-03 00:00:00+00:00,LZ_RAYBN,2025-08-03 15:00:00+00:00,14.644166666666663,24.33487,16.730024,29.716671
ElecFM,2025-08-03 00:00:00+00:00,LZ_RAYBN,2025-08-03 16:00:00+00:00,12.205,23.172894,16.514132,29.441662
ElecFM,2025-08-03 00:00:00+00:00,LZ_RAYBN,2025-08-03 17:00:00+00:00,10.428333333333333,25.234543,17.962706,33.089043
ElecFM,2025-08-03 00:00:00+00:00,LZ_RAYBN,2025-08-03 18:00:00+00:00,11.989166666666668,26.948753,18.285362,36.394905
ElecFM,2025-08-03 00:00:00+00:00,LZ_RAYBN,2025-08-03 19:00:00+00:00,17.624166666666667,27.190437,18.17028,39.61565
ElecFM,2025-08-03 00:00:00+00:00,LZ_RAYBN,2025-08-03 20:00:00+00:00,22.8325,28.354588,19.81465,42.011868
ElecFM,2025-08-03 00:00:00+00:00,LZ_RAYBN,2025-08-03 21:00:00+00:00,22.25916666666667,29.019958,18.682375,45.30295
ElecFM,2025-08-03 00:00:00+00:00,LZ_RAYBN,2025-08-03 22:00:00+00:00,23.485,34.01724,22.743298,53.83084
ElecFM,2025-08-03 00:00:00+00:00,LZ_RAYBN,2025-08-03 23:00:00+00:00,44.68666666666667,44.047104,29.724985,67.888954
ElecFM,2025-08-03 00:00:00+00:00,LZ_WEST,2025-08-03 00:00:00+00:00,39.899166666666666,57.680847,39.05127,83.100876
ElecFM,2025-08-03 00:00:00+00:00,LZ_WEST,2025-08-03 01:00:00+00:00,54.1775,64.523705,44.296425,93.62875
ElecFM,2025-08-03 00:00:00+00:00,LZ_WEST,2025-08-03 02:00:00+00:00,71.385,60.96833,40.05382,91.248184
ElecFM,2025-08-03 00:00:00+00:00,LZ_WEST,2025-08-03 03:00:00+00:00,77.07,51.93298,31.83459,81.33174
ElecFM,2025-08-03 00:00:00+00:00,LZ_WEST,2025-08-03 04:00:00+00:00,69.75916666666667,50.46072,30.670656,76.97633
ElecFM,2025-08-03 00:00:00+00:00,LZ_WEST,2025-08-03 05:00:00+00:00,50.10833333333333,53.05507,34.595108,78.57506
ElecFM,2025-08-03 00:00:00+00:00,LZ_WEST,2025-08-03 06:00:00+00:00,55.58583333333333,49.495716,32.707443,74.42836
ElecFM,2025-08-03 00:00:00+00:00,LZ_WEST,2025-08-03 07:00:00+00:00,50.09833333333333,45.747536,29.596516,69.96267
ElecFM,2025-08-03 00:00:00+00:00,LZ_WEST,2025-08-03 08:00:00+00:00,35.825833333333335,46.15006,30.498186,68.529755
ElecFM,2025-08-03 00:00:00+00:00,LZ_WEST,2025-08-03 09:00:00+00:00,29.205,47.788795,32.215775,70.273415
ElecFM,2025-08-03 00:00:00+00:00,LZ_WEST,2025-08-03 10:00:00+00:00,23.83,48.448772,33.043167,70.45034
ElecFM,2025-08-03 00:00:00+00:00,LZ_WEST,2025-08-03 11:00:00+00:00,24.39333333333333,47.29935,32.071526,68.496346
ElecFM,2025-08-03 00:00:00+00:00,LZ_WEST,2025-08-03 12:00:00+00:00,21.579166666666666,41.05782,26.153074,61.06897
ElecFM,2025-08-03 00:00:00+00:00,LZ_WEST,2025-08-03 13:00:00+00:00,15.015,32.984703,20.002417,49.95818
ElecFM,2025-08-03 00:00:00+00:00,LZ_WEST,2025-08-03 14:00:00+00:00,13.998333333333331,29.98132,19.653366,47.102837
ElecFM,2025-08-03 00:00:00+00:00,LZ_WEST,2025-08-03 15:00:00+00:00,14.559166666666668,30.277676,19.913334,45.749676
ElecFM,2025-08-03 00:00:00+00:00,LZ_WEST,2025-08-03 16:00:00+00:00,12.895833333333334,27.987062,17.846924,44.85549
ElecFM,2025-08-03 00:00:00+00:00,LZ_WEST,2025-08-03 17:00:00+00:00,10.393333333333333,28.96127,17.134491,47.023186
ElecFM,2025-08-03 00:00:00+00:00,LZ_WEST,2025-08-03 18:00:00+00:00,15.224166666666669,32.008446,17.333708,53.1606
ElecFM,2025-08-03 00:00:00+00:00,LZ_WEST,2025-08-03 19:00:00+00:00,22.16333333333333,36.14185,19.97344,59.7621
ElecFM,2025-08-03 00:00:00+00:00,LZ_WEST,2025-08-03 20:00:00+00:00,25.9675,39.21693,21.079668,65.08059
ElecFM,2025-08-03 00:00:00+00:00,LZ_WEST,2025-08-03 21:00:00+00:00,26.124166666666667,39.62365,18.459408,67.86379
ElecFM,2025-08-03 00:00:00+00:00,LZ_WEST,2025-08-03 22:00:00+00:00,31.981666666666666,42.200546,18.976725,74.879814
ElecFM,2025-08-03 00:00:00+00:00,LZ_WEST,2025-08-03 23:00:00+00:00,50.30583333333333,51.08955,26.32862,87.658264
ElecFM,2025-08-04 00:00:00+00:00,LZ_LCRA,2025-08-04 00:00:00+00:00,85.53666666666668,99.56517,66.107735,140.01688
ElecFM,2025-08-04 00:00:00+00:00,LZ_LCRA,2025-08-04 01:00:00+00:00,79.78166666666667,91.484726,57.90051,133.02371
ElecFM,2025-08-04 00:00:00+00:00,LZ_LCRA,2025-08-04 02:00:00+00:00,64.25500000000001,70.263245,41.38201,106.88446
ElecFM,2025-08-04 00:00:00+00:00,LZ_LCRA,2025-08-04 03:00:00+00:00,30.570833333333336,52.58776,29.681768,82.82054
ElecFM,2025-08-04 00:00:00+00:00,LZ_LCRA,2025-08-04 04:00:00+00:00,25.723333333333333,41.63003,22.902985,63.714447
ElecFM,2025-08-04 00:00:00+00:00,LZ_LCRA,2025-08-04 05:00:00+00:00,23.89833333333333,36.25946,20.333725,54.253826
ElecFM,2025-08-04 00:00:00+00:00,LZ_LCRA,2025-08-04 06:00:00+00:00,23.569166666666664,33.254074,20.318874,49.01849
ElecFM,2025-08-04 00:00:00+00:00,LZ_LCRA,2025-08-04 07:00:00+00:00,23.81,31.86826,18.94711,48.03941
ElecFM,2025-08-04 00:00:00+00:00,LZ_LCRA,2025-08-04 08:00:00+00:00,24.90333333333333,28.668726,14.65423,41.251564
ElecFM,2025-08-04 00:00:00+00:00,LZ_LCRA,2025-08-04 09:00:00+00:00,24.91583333333333,30.06882,15.661324,42.69566
ElecFM,2025-08-04 00:00:00+00:00,LZ_LCRA,2025-08-04 10:00:00+00:00,25.111666666666665,30.860764,14.783232,41.55547
ElecFM,2025-08-04 00:00:00+00:00,LZ_LCRA,2025-08-04 11:00:00+00:00,27.359166666666667,31.487167,14.391787,44.47211
ElecFM,2025-08-04 00:00:00+00:00,LZ_LCRA,2025-08-04 12:00:00+00:00,25.9125,26.362623,10.416313,39.14088
ElecFM,2025-08-04 00:00:00+00:00,LZ_LCRA,2025-08-04 13:00:00+00:00,23.245,23.082441,8.614243,36.782734
ElecFM,2025-08-04 00:00:00+00:00,LZ_LCRA,2025-08-04 14:00:00+00:00,22.660833333333333,24.390718,10.961884,36.355824
ElecFM,2025-08-04 00:00:00+00:00,LZ_LCRA,2025-08-04 15:00:00+00:00,23.435,27.397173,14.276724,38.72856
ElecFM,2025-08-04 00:00:00+00:00,LZ_LCRA,2025-08-04 16:00:00+00:00,22.3325,31.17268,17.719297,43.041424
ElecFM,2025-08-04 00:00:00+00:00,LZ_LCRA,2025-08-04 17:00:00+00:00,20.365,36.06803,20.673742,49.73835
ElecFM,2025-08-04 00:00:00+00:00,LZ_LCRA,2025-08-04 18:00:00+00:00,19.6125,40.900467,23.250504,57.314663
ElecFM,2025-08-04 00:00:00+00:00,LZ_LCRA,2025-08-04 19:00:00+00:00,19.6225,47.541298,27.609444,67.31689
ElecFM,2025-08-04 00:00:00+00:00,LZ_LCRA,2025-08-04 20:00:00+00:00,22.742500000000003,49.62398,28.746529,73.79395
ElecFM,2025-08-04 00:00:00+00:00,LZ_LCRA,2025-08-04 21:00:00+00:00,22.921666666666667,53.65103,29.604334,83.55678
ElecFM,2025-08-04 00:00:00+00:00,LZ_LCRA,2025-08-04 22:00:00+00:00,25.83,61.35985,34.58598,97.41572
ElecFM,2025-08-04 00:00:00+00:00,LZ_LCRA,2025-08-04 23:00:00+00:00,33.850833333333334,73.34807,43.90084,114.835495
ElecFM,2025-08-04 00:00:00+00:00,LZ_RAYBN,2025-08-04 00:00:00+00:00,78.98666666666666,57.898212,41.32339,77.34071
ElecFM,2025-08-04 00:00:00+00:00,LZ_RAYBN,2025-08-04 01:00:00+00:00,79.47166666666666,56.309067,38.12418,77.01433
ElecFM,2025-08-04 00:00:00+00:00,LZ_RAYBN,2025-08-04 02:00:00+00:00,63.72833333333333,44.30257,27.711529,63.59842
ElecFM,2025-08-04 00:00:00+00:00,LZ_RAYBN,2025-08-04 03:00:00+00:00,30.069166666666664,33.785927,20.244543,50.954323
ElecFM,2025-08-04 00:00:00+00:00,LZ_RAYBN,2025-08-04 04:00:00+00:00,25.98,25.121563,13.881802,37.818024
ElecFM,2025-08-04 00:00:00+00:00,LZ_RAYBN,2025-08-04 05:00:00+00:00,24.03,21.673532,11.854456,31.860529
ElecFM,2025-08-04 00:00:00+00:00,LZ_RAYBN,2025-08-04 06:00:00+00:00,23.59166666666667,19.040167,11.630604,27.26452
ElecFM,2025-08-04 00:00:00+00:00,LZ_RAYBN,2025-08-04 07:00:00+00:00,23.81,18.800278,11.321785,27.101738
ElecFM,2025-08-04 00:00:00+00:00,LZ_RAYBN,2025-08-04 08:00:00+00:00,24.90333333333333,18.61149,10.730522,23.825218
ElecFM,2025-08-04 00:00:00+00:00,LZ_RAYBN,2025-08-04 09:00:00+00:00,24.91583333333333,19.628815,11.238508,24.937725
ElecFM,2025-08-04 00:00:00+00:00,LZ_RAYBN,2025-08-04 10:00:00+00:00,25.111666666666665,21.004667,11.200848,25.936192
ElecFM,2025-08-04 00:00:00+00:00,LZ_RAYBN,2025-08-04 11:00:00+00:00,27.359166666666667,22.481356,11.898485,29.722244
ElecFM,2025-08-04 00:00:00+00:00,LZ_RAYBN,2025-08-04 12:00:00+00:00,26.049166666666665,18.992796,8.265322,25.157272
ElecFM,2025-08-04 00:00:00+00:00,LZ_RAYBN,2025-08-04 13:00:00+00:00,23.245,14.75963,5.48312,21.17102
ElecFM,2025-08-04 00:00:00+00:00,LZ_RAYBN,2025-08-04 14:00:00+00:00,22.6625,15.883186,6.781605,20.848038
ElecFM,2025-08-04 00:00:00+00:00,LZ_RAYBN,2025-08-04 15:00:00+00:00,23.438333333333333,19.078312,10.05505,22.567295
ElecFM,2025-08-04 00:00:00+00:00,LZ_RAYBN,2025-08-04 16:00:00+00:00,22.363333333333333,19.647594,11.224878,23.017435
ElecFM,2025-08-04 00:00:00+00:00,LZ_RAYBN,2025-08-04 17:00:00+00:00,20.326666666666664,20.751411,11.860687,24.276035
ElecFM,2025-08-04 00:00:00+00:00,LZ_RAYBN,2025-08-04 18:00:00+00:00,19.531666666666663,19.903946,11.132557,24.33255
ElecFM,2025-08-04 00:00:00+00:00,LZ_RAYBN,2025-08-04 19:00:00+00:00,19.6225,22.108389,12.7498,27.964441
ElecFM,2025-08-04 00:00:00+00:00,LZ_RAYBN,2025-08-04 20:00:00+00:00,22.726666666666663,22.775421,13.236792,31.191174
ElecFM,2025-08-04 00:00:00+00:00,LZ_RAYBN,2025-08-04 21:00:00+00:00,22.8625,25.247396,12.4562435,36.765133
ElecFM,2025-08-04 00:00:00+00:00,LZ_RAYBN,2025-08-04 22:00:00+00:00,25.745833333333337,33.115982,17.836903,49.96821
ElecFM,2025-08-04 00:00:00+00:00,LZ_RAYBN,2025-08-04 23:00:00+00:00,33.7525,46.30812,29.691883,67.29894
ElecFM,2025-08-04 00:00:00+00:00,LZ_WEST,2025-08-04 00:00:00+00:00,81.20083333333334,64.522705,43.573887,90.14183
ElecFM,2025-08-04 00:00:00+00:00,LZ_WEST,2025-08-04 01:00:00+00:00,80.70583333333333,67.196884,44.25242,95.060394
ElecFM,2025-08-04 00:00:00+00:00,LZ_WEST,2025-08-04 02:00:00+00:00,66.505,59.61972,37.569153,86.07529
ElecFM,2025-08-04 00:00:00+00:00,LZ_WEST,2025-08-04 03:00:00+00:00,42.47,50.094612,30.354017,73.53978
ElecFM,2025-08-04 00:00:00+00:00,LZ_WEST,2025-08-04 04:00:00+00:00,46.48500000000001,48.15586,30.997864,68.088554
ElecFM,2025-08-04 00:00:00+00:00,LZ_WEST,2025-08-04 05:00:00+00:00,35.372499999999995,44.428284,28.546318,63.057228
ElecFM,2025-08-04 00:00:00+00:00,LZ_WEST,2025-08-04 06:00:00+00:00,25.3775,40.878555,25.231472,61.031883
ElecFM,2025-08-04 00:00:00+00:00,LZ_WEST,2025-08-04 07:00:00+00:00,23.81,37.50326,20.340576,60.694656
ElecFM,2025-08-04 00:00:00+00:00,LZ_WEST,2025-08-04 08:00:00+00:00,24.90333333333333,34.94808,16.958572,56.091404
ElecFM,2025-08-04 00:00:00+00:00,LZ_WEST,2025-08-04 09:00:00+00:00,24.91583333333333,34.177345,16.422031,54.693542
ElecFM,2025-08-04 00:00:00+00:00,LZ_WEST,2025-08-04 10:00:00+00:00,25.111666666666665,31.869581,15.792511,49.47444
ElecFM,2025-08-04 00:00:00+00:00,LZ_WEST,2025-08-04 11:00:00+00:00,27.359166666666667,27.385614,14.09243,45.073597
ElecFM,2025-08-04 00:00:00+00:00,LZ_WEST,2025-08-04 12:00:00+00:00,28.83583333333333,22.223957,10.912178,34.999893
ElecFM,2025-08-04 00:00:00+00:00,LZ_WEST,2025-08-04 13:00:00+00:00,23.245,15.942741,6.606636,26.817987
ElecFM,2025-08-04 00:00:00+00:00,LZ_WEST,2025-08-04 14:00:00+00:00,22.671666666666667,12.890808,3.4975166,21.872122
ElecFM,2025-08-04 00:00:00+00:00,LZ_WEST,2025-08-04 15:00:00+00:00,23.460833333333337,12.522972,4.854351,20.87993
ElecFM,2025-08-04 00:00:00+00:00,LZ_WEST,2025-08-04 16:00:00+00:00,22.451666666666668,13.459999,4.664322,21.616613
ElecFM,2025-08-04 00:00:00+00:00,LZ_WEST,2025-08-04 17:00:00+00:00,19.9525,16.532158,7.124302,26.657745
ElecFM,2025-08-04 00:00:00+00:00,LZ_WEST,2025-08-04 18:00:00+00:00,19.0975,21.342108,9.910412,34.52906
ElecFM,2025-08-04 00:00:00+00:00,LZ_WEST,2025-08-04 19:00:00+00:00,19.56583333333333,27.460705,12.727707,43.41087
ElecFM,2025-08-04 00:00:00+00:00,LZ_WEST,2025-08-04 20:00:00+00:00,22.742500000000003,31.393406,16.343132,51.626892
ElecFM,2025-08-04 00:00:00+00:00,LZ_WEST,2025-08-04 21:00:00+00:00,22.95833333333333,34.813778,16.671757,56.61416
ElecFM,2025-08-04 00:00:00+00:00,LZ_WEST,2025-08-04 22:00:00+00:00,25.8725,38.987907,19.431517,64.716675
ElecFM,2025-08-04 00:00:00+00:00,LZ_WEST,2025-08-04 23:00:00+00:00,34.044999999999995,52.571613,31.799559,82.18002
ElecFM,2025-08-05 00:00:00+00:00,LZ_LCRA,2025-08-05 00:00:00+00:00,36.41166666666667,58.068558,32.732372,89.483795
ElecFM,2025-08-05 00:00:00+00:00,LZ_LCRA,2025-08-05 01:00:00+00:00,33.096666666666664,66.734276,39.936275,97.798996
ElecFM,2025-08-05 00:00:00+00:00,LZ_LCRA,2025-08-05 02:00:00+00:00,29.4475,54.17653,31.245426,82.00511
ElecFM,2025-08-05 00:00:00+00:00,LZ_LCRA,2025-08-05 03:00:00+00:00,23.581666666666667,39.491783,20.47212,62.252274
ElecFM,2025-08-05 00:00:00+00:00,LZ_LCRA,2025-08-05 04:00:00+00:00,22.08083333333333,31.330292,15.046989,47.717403
ElecFM,2025-08-05 00:00:00+00:00,LZ_LCRA,2025-08-05 05:00:00+00:00,21.4975,26.557028,13.375792,40.91186
ElecFM,2025-08-05 00:00:00+00:00,LZ_LCRA,2025-08-05 06:00:00+00:00,21.386666666666667,28.100353,16.121744,39.59281
ElecFM,2025-08-05 00:00:00+00:00,LZ_LCRA,2025-08-05 07:00:00+00:00,20.491666666666667,27.297874,15.119665,38.930664
ElecFM,2025-08-05 00:00:00+00:00,LZ_LCRA,2025-08-05 08:00:00+00:00,20.07916666666667,27.881779,15.842979,37.725307
ElecFM,2025-08-05 00:00:00+00:00,LZ_LCRA,2025-08-05 09:00:00+00:00,20.051666666666662,25.190935,12.657387,37.387764
ElecFM,2025-08-05 00:00:00+00:00,LZ_LCRA,2025-08-05 10:00:00+00:00,21.236666666666668,27.968391,13.916349,40.682144
ElecFM,2025-08-05 00:00:00+00:00,LZ_LCRA,2025-08-05 11:00:00+00:00,21.69666666666667,31.449219,16.144495,47.540787
ElecFM,2025-08-05 00:00:00+00:00,LZ_LCRA,2025-08-05 12:00:00+00:00,19.865,27.782711,12.034668,47.19681
ElecFM,2025-08-05 00:00:00+00:00,LZ_LCRA,2025-08-05 13:00:00+00:00,16.05,25.106752,8.381718,46.993034
ElecFM,2025-08-05 00:00:00+00:00,LZ_LCRA,2025-08-05 14:00:00+00:00,15.945833333333333,23.042019,7.8472824,44.97024
ElecFM,2025-08-05 00:00:00+00:00,LZ_LCRA,2025-08-05 15:00:00+00:00,14.941666666666668,24.695171,9.844814,46.86303
ElecFM,2025-08-05 00:00:00+00:00,LZ_LCRA,2025-08-05 16:00:00+00:00,19.266666666666666,26.092928,11.988464,47.144394
ElecFM,2025-08-05 00:00:00+00:00,LZ_LCRA,2025-08-05 17:00:00+00:00,27.007500000000004,30.532728,15.537634,51.51022
ElecFM,2025-08-05 00:00:00+00:00,LZ_LCRA,2025-08-05 18:00:00+00:00,38.829166666666666,36.07811,19.32314,57.639786
ElecFM,2025-08-05 00:00:00+00:00,LZ_LCRA,2025-08-05 19:00:00+00:00,51.21416666666667,38.86495,21.007282,64.16821
ElecFM,2025-08-05 00:00:00+00:00,LZ_LCRA,2025-08-05 20:00:00+00:00,45.955000000000005,41.864853,22.907734,69.32596
ElecFM,2025-08-05 00:00:00+00:00,LZ_LCRA,2025-08-05 21:00:00+00:00,45.3825,46.167885,23.775265,78.215385
ElecFM,2025-08-05 00:00:00+00:00,LZ_LCRA,2025-08-05 22:00:00+00:00,28.13416666666667,53.122677,28.344372,89.88991
ElecFM,2025-08-05 00:00:00+00:00,LZ_LCRA,2025-08-05 23:00:00+00:00,29.73166666666667,64.19115,36.68804,104.45868
ElecFM,2025-08-05 00:00:00+00:00,LZ_RAYBN,2025-08-05 00:00:00+00:00,36.31583333333334,61.926743,35.46855,94.32186
ElecFM,2025-08-05 00:00:00+00:00,LZ_RAYBN,2025-08-05 01:00:00+00:00,32.098333333333336,70.17697,42.087597,103.80913
ElecFM,2025-08-05 00:00:00+00:00,LZ_RAYBN,2025-08-05 02:00:00+00:00,27.5625,56.847977,31.490398,87.75603
ElecFM,2025-08-05 00:00:00+00:00,LZ_RAYBN,2025-08-05 03:00:00+00:00,22.8975,41.380493,20.343945,68.25813
ElecFM,2025-08-05 00:00:00+00:00,LZ_RAYBN,2025-08-05 04:00:00+00:00,22.295,32.88039,15.781685,52.749176
ElecFM,2025-08-05 00:00:00+00:00,LZ_RAYBN,2025-08-05 05:00:00+00:00,21.736666666666668,32.961388,19.86801,48.398342
ElecFM,2025-08-05 00:00:00+00:00,LZ_RAYBN,2025-08-05 06:00:00+00:00,21.47583333333333,32.463417,23.57962,44.194668
ElecFM,2025-08-05 00:00:00+00:00,LZ_RAYBN,2025-08-05 07:00:00+00:00,20.49333333333333,28.66765,21.803062,39.14023
ElecFM,2025-08-05 00:00:00+00:00,LZ_RAYBN,2025-08-05 08:00:00+00:00,20.07916666666667,28.93982,21.427713,36.880985
ElecFM,2025-08-05 00:00:00+00:00,LZ_RAYBN,2025-08-05 09:00:00+00:00,20.051666666666662,29.699226,21.574768,38.986645
ElecFM,2025-08-05 00:00:00+00:00,LZ_RAYBN,2025-08-05 10:00:00+00:00,21.236666666666668,33.127163,21.766735,42.62441
ElecFM,2025-08-05 00:00:00+00:00,LZ_RAYBN,2025-08-05 11:00:00+00:00,21.69666666666667,35.651703,22.467176,49.02342
ElecFM,2025-08-05 00:00:00+00:00,LZ_RAYBN,2025-08-05 12:00:00+00:00,19.865,33.6199,20.115776,47.4022
ElecFM,2025-08-05 00:00:00+00:00,LZ_RAYBN,2025-08-05 13:00:00+00:00,16.05,29.540169,15.748777,43.914326
ElecFM,2025-08-05 00:00:00+00:00,LZ_RAYBN,2025-08-05 14:00:00+00:00,15.944166666666666,28.536077,15.422554,42.229435
ElecFM,2025-08-05 00:00:00+00:00,LZ_RAYBN,2025-08-05 15:00:00+00:00,14.22,30.157011,18.534098,43.16702
ElecFM,2025-08-05 00:00:00+00:00,LZ_RAYBN,2025-08-05 16:00:00+00:00,16.849999999999998,29.456995,18.632349,41.671806
ElecFM,2025-08-05 00:00:00+00:00,LZ_RAYBN,2025-08-05 17:00:00+00:00,19.85083333333333,30.925268,20.499865,42.660057
ElecFM,2025-08-05 00:00:00+00:00,LZ_RAYBN,2025-08-05 18:00:00+00:00,21.12833333333333,31.938332,21.419756,44.844215
ElecFM,2025-08-05 00:00:00+00:00,LZ_RAYBN,2025-08-05 19:00:00+00:00,20.6975,33.958218,22.082687,49.446312
ElecFM,2025-08-05 00:00:00+00:00,LZ_RAYBN,2025-08-05 20:00:00+00:00,18.675833333333333,36.738316,23.199814,55.670063
ElecFM,2025-08-05 00:00:00+00:00,LZ_RAYBN,2025-08-05 21:00:00+00:00,18.5375,40.54094,23.015333,64.5844
ElecFM,2025-08-05 00:00:00+00:00,LZ_RAYBN,2025-08-05 22:00:00+00:00,19.2325,48.06389,26.194809,77.83786
ElecFM,2025-08-05 00:00:00+00:00,LZ_RAYBN,2025-08-05 23:00:00+00:00,24.941666666666663,65.59566,39.336323,100.900185
ElecFM,2025-08-05 00:00:00+00:00,LZ_WEST,2025-08-05 00:00:00+00:00,36.64333333333334,53.15772,33.712463,79.65825
ElecFM,2025-08-05 00:00:00+00:00,LZ_WEST,2025-08-05 01:00:00+00:00,38.30833333333333,61.254982,40.610058,90.04223
ElecFM,2025-08-05 00:00:00+00:00,LZ_WEST,2025-08-05 02:00:00+00:00,39.58416666666667,56.530704,36.95394,83.984055
ElecFM,2025-08-05 00:00:00+00:00,LZ_WEST,2025-08-05 03:00:00+00:00,35.82666666666667,48.34342,30.068495,73.91538
ElecFM,2025-08-05 00:00:00+00:00,LZ_WEST,2025-08-05 04:00:00+00:00,39.5475,46.517075,30.272223,67.654755
ElecFM,2025-08-05 00:00:00+00:00,LZ_WEST,2025-08-05 05:00:00+00:00,41.969166666666666,44.234917,30.711554,64.135506
ElecFM,2025-08-05 00:00:00+00:00,LZ_WEST,2025-08-05 06:00:00+00:00,29.165000000000003,42.981133,31.308535,60.368935
ElecFM,2025-08-05 00:00:00+00:00,LZ_WEST,2025-08-05 07:00:00+00:00,20.631666666666664,43.25903,31.758745,62.593685
ElecFM,2025-08-05 00:00:00+00:00,LZ_WEST,2025-08-05 08:00:00+00:00,20.07916666666667,43.93649,30.069872,62.105267
ElecFM,2025-08-05 00:00:00+00:00,LZ_WEST,2025-08-05 09:00:00+00:00,20.051666666666662,46.03,30.628658,67.42166
ElecFM,2025-08-05 00:00:00+00:00,LZ_WEST,2025-08-05 10:00:00+00:00,21.236666666666668,53.721542,34.411644,74.89673
ElecFM,2025-08-05 00:00:00+00:00,LZ_WEST,2025-08-05 11:00:00+00:00,21.69666666666667,50.339115,30.766563,71.80574
ElecFM,2025-08-05 00:00:00+00:00,LZ_WEST,2025-08-05 12:00:00+00:00,19.865,41.511135,24.72771,59.92547
ElecFM,2025-08-05 00:00:00+00:00,LZ_WEST,2025-08-05 13:00:00+00:00,16.05,33.45291,19.09827,49.469875
ElecFM,2025-08-05 00:00:00+00:00,LZ_WEST,2025-08-05 14:00:00+00:00,15.923333333333334,29.789856,17.086864,46.219288
ElecFM,2025-08-05 00:00:00+00:00,LZ_WEST,2025-08-05 15:00:00+00:00,11.810833333333331,33.711067,20.507175,50.809418
ElecFM,2025-08-05 00:00:00+00:00,LZ_WEST,2025-08-05 16:00:00+00:00,12.235833333333334,29.691168,16.491009,47.3085
ElecFM,2025-08-05 00:00:00+00:00,LZ_WEST,2025-08-05 17:00:00+00:00,15.946666666666664,28.992683,14.912308,46.53337
ElecFM,2025-08-05 00:00:00+00:00,LZ_WEST,2025-08-05 18:00:00+00:00,21.13083333333333,32.778755,18.528412,51.50385
ElecFM,2025-08-05 00:00:00+00:00,LZ_WEST,2025-08-05 19:00:00+00:00,24.441666666666663,38.37859,22.417027,58.656487
ElecFM,2025-08-05 00:00:00+00:00,LZ_WEST,2025-08-05 20:00:00+00:00,21.055,42.938015,24.931112,66.902985
ElecFM,2025-08-05 00:00:00+00:00,LZ_WEST,2025-08-05 21:00:00+00:00,19.775,46.45339,22.760717,77.42876
ElecFM,2025-08-05 00:00:00+00:00,LZ_WEST,2025-08-05 22:00:00+00:00,19.65,51.558796,22.782019,89.435326
ElecFM,2025-08-05 00:00:00+00:00,LZ_WEST,2025-08-05 23:00:00+00:00,25.796666666666667,69.71553,36.608658,114.2115
ElecFM,2025-08-06 00:00:00+00:00,LZ_LCRA,2025-08-06 00:00:00+00:00,40.973333333333336,43.037594,28.14368,64.045265
ElecFM,2025-08-06 00:00:00+00:00,LZ_LCRA,2025-08-06 01:00:00+00:00,38.4475,46.776367,31.199215,67.51306
ElecFM,2025-08-06 00:00:00+00:00,LZ_LCRA,2025-08-06 02:00:00+00:00,33.166666666666664,42.563274,28.861038,60.6265
ElecFM,2025-08-06 00:00:00+00:00,LZ_LCRA,2025-08-06 03:00:00+00:00,27.641666666666666,36.367596,24.590628,51.80942
ElecFM,2025-08-06 00:00:00+00:00,LZ_LCRA,2025-08-06 04:00:00+00:00,26.540000000000003,31.495155,20.86189,44.128975
ElecFM,2025-08-06 00:00:00+00:00,LZ_LCRA,2025-08-06 05:00:00+00:00,23.439166666666665,28.761093,17.41506,41.207157
ElecFM,2025-08-06 00:00:00+00:00,LZ_LCRA,2025-08-06 06:00:00+00:00,22.625,28.928394,17.857286,39.05661
ElecFM,2025-08-06 00:00:00+00:00,LZ_LCRA,2025-08-06 07:00:00+00:00,20.791666666666668,25.019617,13.598963,36.166054
ElecFM,2025-08-06 00:00:00+00:00,LZ_LCRA,2025-08-06 08:00:00+00:00,18.981666666666666,23.078384,11.468887,32.74618
ElecFM,2025-08-06 00:00:00+00:00,LZ_LCRA,2025-08-06 09:00:00+00:00,18.111666666666668,24.824133,12.19207,35.81228
ElecFM,2025-08-06 00:00:00+00:00,LZ_LCRA,2025-08-06 10:00:00+00:00,22.989166666666662,28.848175,14.224268,40.906452
ElecFM,2025-08-06 00:00:00+00:00,LZ_LCRA,2025-08-06 11:00:00+00:00,24.8575,34.42551,17.233774,49.05107
ElecFM,2025-08-06 00:00:00+00:00,LZ_LCRA,2025-08-06 12:00:00+00:00,21.593333333333337,33.64707,16.531168,48.706554
ElecFM,2025-08-06 00:00:00+00:00,LZ_LCRA,2025-08-06 13:00:00+00:00,16.019166666666667,33.146873,15.62665,48.237038
ElecFM,2025-08-06 00:00:00+00:00,LZ_LCRA,2025-08-06 14:00:00+00:00,15.675833333333337,30.312813,13.782049,44.132423
ElecFM,2025-08-06 00:00:00+00:00,LZ_LCRA,2025-08-06 15:00:00+00:00,19.81833333333333,29.048828,14.007347,44.081375
ElecFM,2025-08-06 00:00:00+00:00,LZ_LCRA,2025-08-06 16:00:00+00:00,25.72583333333333,30.44397,16.42886,45.12214
ElecFM,2025-08-06 00:00:00+00:00,LZ_LCRA,2025-08-06 17:00:00+00:00,44.815,38.412716,24.699436,55.007477
ElecFM,2025-08-06 00:00:00+00:00,LZ_LCRA,2025-08-06 18:00:00+00:00,61.028333333333336,41.155304,26.691214,59.620075
ElecFM,2025-08-06 00:00:00+00:00,LZ_LCRA,2025-08-06 19:00:00+00:00,40.58083333333334,40.76508,23.787554,63.956345
ElecFM,2025-08-06 00:00:00+00:00,LZ_LCRA,2025-08-06 20:00:00+00:00,33.608333333333334,41.990814,24.475504,69.53286
ElecFM,2025-08-06 00:00:00+00:00,LZ_LCRA,2025-08-06 21:00:00+00:00,38.68,45.842297,24.493027,77.71532
ElecFM,2025-08-06 00:00:00+00:00,LZ_LCRA,2025-08-06 22:00:00+00:00,33.645,55.788383,32.318108,92.30201
ElecFM,2025-08-06 00:00:00+00:00,LZ_LCRA,2025-08-06 23:00:00+00:00,37.77583333333333,66.60275,41.45385,106.09678
ElecFM,2025-08-06 00:00:00+00:00,LZ_RAYBN,2025-08-06 00:00:00+00:00,39.335,36.187016,26.124512,52.992508
ElecFM,2025-08-06 00:00:00+00:00,LZ_RAYBN,2025-08-06 01:00:00+00:00,36.30083333333334,38.901825,26.38411,58.395786
ElecFM,2025-08-06 00:00:00+00:00,LZ_RAYBN,2025-08-06 02:00:00+00:00,26.464166666666667,35.28669,22.39587,54.76641
ElecFM,2025-08-06 00:00:00+00:00,LZ_RAYBN,2025-08-06 03:00:00+00:00,21.07333333333333,29.723734,18.146927,49.142975
ElecFM,2025-08-06 00:00:00+00:00,LZ_RAYBN,2025-08-06 04:00:00+00:00,20.0775,25.173138,15.2915745,40.859352
ElecFM,2025-08-06 00:00:00+00:00,LZ_RAYBN,2025-08-06 05:00:00+00:00,19.15333333333333,23.511711,15.382408,37.27652
ElecFM,2025-08-06 00:00:00+00:00,LZ_RAYBN,2025-08-06 06:00:00+00:00,18.86,24.261978,17.369526,34.960945
ElecFM,2025-08-06 00:00:00+00:00,LZ_RAYBN,2025-08-06 07:00:00+00:00,17.236666666666668,20.233047,13.483679,31.847672
ElecFM,2025-08-06 00:00:00+00:00,LZ_RAYBN,2025-08-06 08:00:00+00:00,16.685,19.17175,11.675911,29.130497
ElecFM,2025-08-06 00:00:00+00:00,LZ_RAYBN,2025-08-06 09:00:00+00:00,17.9725,22.23104,12.588797,34.223793
ElecFM,2025-08-06 00:00:00+00:00,LZ_RAYBN,2025-08-06 10:00:00+00:00,20.894166666666667,22.36561,10.818346,35.417095
ElecFM,2025-08-06 00:00:00+00:00,LZ_RAYBN,2025-08-06 11:00:00+00:00,22.45,25.070131,12.143574,40.627293
ElecFM,2025-08-06 00:00:00+00:00,LZ_RAYBN,2025-08-06 12:00:00+00:00,21.101666666666667,25.425392,13.462732,40.638016
ElecFM,2025-08-06 00:00:00+00:00,LZ_RAYBN,2025-08-06 13:00:00+00:00,16.018333333333334,23.043598,10.253916,38.421417
ElecFM,2025-08-06 00:00:00+00:00,LZ_RAYBN,2025-08-06 14:00:00+00:00,15.021666666666668,20.810358,9.182453,37.22118
ElecFM,2025-08-06 00:00:00+00:00,LZ_RAYBN,2025-08-06 15:00:00+00:00,14.165833333333332,20.872894,9.214014,38.875362
ElecFM,2025-08-06 00:00:00+00:00,LZ_RAYBN,2025-08-06 16:00:00+00:00,20.209166666666665,22.05371,9.814693,39.819836
ElecFM,2025-08-06 00:00:00+00:00,LZ_RAYBN,2025-08-06 17:00:00+00:00,21.65833333333333,22.96714,11.054495,41.08258
ElecFM,2025-08-06 00:00:00+00:00,LZ_RAYBN,2025-08-06 18:00:00+00:00,24.445833333333336,25.213593,13.855776,44.38067
ElecFM,2025-08-06 00:00:00+00:00,LZ_RAYBN,2025-08-06 19:00:00+00:00,23.145,24.548574,12.620943,46.11597
ElecFM,2025-08-06 00:00:00+00:00,LZ_RAYBN,2025-08-06 20:00:00+00:00,25.063333333333333,27.519886,15.548563,51.81576
ElecFM,2025-08-06 00:00:00+00:00,LZ_RAYBN,2025-08-06 21:00:00+00:00,22.89916666666667,29.826336,14.9074,58.850502
ElecFM,2025-08-06 00:00:00+00:00,LZ_RAYBN,2025-08-06 22:00:00+00:00,21.581666666666667,35.09859,18.19737,69.34206
ElecFM,2025-08-06 00:00:00+00:00,LZ_RAYBN,2025-08-06 23:00:00+00:00,32.8175,48.429348,28.100712,87.52226
ElecFM,2025-08-06 00:00:00+00:00,LZ_WEST,2025-08-06 00:00:00+00:00,41.1775,40.202755,26.227877,57.989296
ElecFM,2025-08-06 00:00:00+00:00,LZ_WEST,2025-08-06 01:00:00+00:00,47.38833333333333,46.26683,30.411411,65.79294
ElecFM,2025-08-06 00:00:00+00:00,LZ_WEST,2025-08-06 02:00:00+00:00,58.97666666666667,42.57681,27.931229,62.717987
ElecFM,2025-08-06 00:00:00+00:00,LZ_WEST,2025-08-06 03:00:00+00:00,48.45666666666667,38.622845,25.150946,58.27867
ElecFM,2025-08-06 00:00:00+00:00,LZ_WEST,2025-08-06 04:00:00+00:00,39.181666666666665,37.76853,25.133291,55.712173
ElecFM,2025-08-06 00:00:00+00:00,LZ_WEST,2025-08-06 05:00:00+00:00,47.056666666666665,35.0093,22.77795,53.656036
ElecFM,2025-08-06 00:00:00+00:00,LZ_WEST,2025-08-06 06:00:00+00:00,42.1575,34.07113,22.027046,51.882446
ElecFM,2025-08-06 00:00:00+00:00,LZ_WEST,2025-08-06 07:00:00+00:00,29.89916666666667,31.619518,18.34224,52.287266
ElecFM,2025-08-06 00:00:00+00:00,LZ_WEST,2025-08-06 08:00:00+00:00,25.82166666666667,33.686226,19.246359,53.256485
ElecFM,2025-08-06 00:00:00+00:00,LZ_WEST,2025-08-06 09:00:00+00:00,18.42,36.500114,20.68507,57.857067
ElecFM,2025-08-06 00:00:00+00:00,LZ_WEST,2025-08-06 10:00:00+00:00,34.57416666666666,36.531944,20.246683,57.139835
ElecFM,2025-08-06 00:00:00+00:00,LZ_WEST,2025-08-06 11:00:00+00:00,37.836666666666666,31.431858,15.325165,53.088303
ElecFM,2025-08-06 00:00:00+00:00,LZ_WEST,2025-08-06 12:00:00+00:00,22.930833333333336,29.385866,14.405579,47.800987
ElecFM,2025-08-06 00:00:00+00:00,LZ_WEST,2025-08-06 13:00:00+00:00,16.0225,25.26089,10.389896,41.09841
ElecFM,2025-08-06 00:00:00+00:00,LZ_WEST,2025-08-06 14:00:00+00:00,14.580833333333333,19.572176,6.664154,33.65136
ElecFM,2025-08-06 00:00:00+00:00,LZ_WEST,2025-08-06 15:00:00+00:00,9.3275,19.207956,6.62978,33.257195
ElecFM,2025-08-06 00:00:00+00:00,LZ_WEST,2025-08-06 16:00:00+00:00,17.468333333333334,22.998976,9.986797,34.699318
ElecFM,2025-08-06 00:00:00+00:00,LZ_WEST,2025-08-06 17:00:00+00:00,28.77416666666667,26.349886,12.549892,38.2241
ElecFM,2025-08-06 00:00:00+00:00,LZ_WEST,2025-08-06 18:00:00+00:00,34.43833333333333,28.672338,15.142616,40.98371
ElecFM,2025-08-06 00:00:00+00:00,LZ_WEST,2025-08-06 19:00:00+00:00,23.47,28.765163,14.065617,43.70082
ElecFM,2025-08-06 00:00:00+00:00,LZ_WEST,2025-08-06 20:00:00+00:00,18.499166666666667,31.02407,16.081717,48.924194
ElecFM,2025-08-06 00:00:00+00:00,LZ_WEST,2025-08-06 21:00:00+00:00,14.024166666666666,31.792255,12.980541,53.582787
ElecFM,2025-08-06 00:00:00+00:00,LZ_WEST,2025-08-06 22:00:00+00:00,13.449166666666663,36.46879,16.006853,62.842247
ElecFM,2025-08-06 00:00:00+00:00,LZ_WEST,2025-08-06 23:00:00+00:00,27.77916666666667,45.120193,21.379189,75.02294
ElecFM,2025-08-07 00:00:00+00:00,LZ_LCRA,2025-08-07 00:00:00+00:00,69.6275,45.830944,24.60905,72.25538
ElecFM,2025-08-07 00:00:00+00:00,LZ_LCRA,2025-08-07 01:00:00+00:00,82.47166666666666,49.314037,27.732204,75.19725
ElecFM,2025-08-07 00:00:00+00:00,LZ_LCRA,2025-08-07 02:00:00+00:00,76.73083333333334,42.13786,24.601543,65.354836
ElecFM,2025-08-07 00:00:00+00:00,LZ_LCRA,2025-08-07 03:00:00+00:00,35.41833333333333,32.7741,18.38397,52.050995
ElecFM,2025-08-07 00:00:00+00:00,LZ_LCRA,2025-08-07 04:00:00+00:00,30.831666666666667,27.06384,15.819729,41.037853
ElecFM,2025-08-07 00:00:00+00:00,LZ_LCRA,2025-08-07 05:00:00+00:00,29.001666666666665,25.32658,17.046412,36.01043
ElecFM,2025-08-07 00:00:00+00:00,LZ_LCRA,2025-08-07 06:00:00+00:00,26.500833333333333,23.005075,15.260979,30.016882
ElecFM,2025-08-07 00:00:00+00:00,LZ_LCRA,2025-08-07 07:00:00+00:00,27.081666666666667,22.609213,15.645197,28.702168
ElecFM,2025-08-07 00:00:00+00:00,LZ_LCRA,2025-08-07 08:00:00+00:00,23.81833333333333,24.48573,17.78641,26.7523
ElecFM,2025-08-07 00:00:00+00:00,LZ_LCRA,2025-08-07 09:00:00+00:00,26.19333333333333,24.831627,17.687246,28.06802
ElecFM,2025-08-07 00:00:00+00:00,LZ_LCRA,2025-08-07 10:00:00+00:00,29.7375,29.473093,20.301573,33.02554
ElecFM,2025-08-07 00:00:00+00:00,LZ_LCRA,2025-08-07 11:00:00+00:00,31.930000000000003,28.956419,17.78986,36.010406
ElecFM,2025-08-07 00:00:00+00:00,LZ_LCRA,2025-08-07 12:00:00+00:00,26.234166666666667,25.671822,14.841736,33.97294
ElecFM,2025-08-07 00:00:00+00:00,LZ_LCRA,2025-08-07 13:00:00+00:00,20.1525,21.892807,11.213089,29.353962
ElecFM,2025-08-07 00:00:00+00:00,LZ_LCRA,2025-08-07 14:00:00+00:00,20.39333333333333,20.100893,10.764851,27.315193
ElecFM,2025-08-07 00:00:00+00:00,LZ_LCRA,2025-08-07 15:00:00+00:00,20.3775,20.8521,11.722017,29.872812
ElecFM,2025-08-07 00:00:00+00:00,LZ_LCRA,2025-08-07 16:00:00+00:00,21.01833333333333,21.965712,11.93364,33.504093
ElecFM,2025-08-07 00:00:00+00:00,LZ_LCRA,2025-08-07 17:00:00+00:00,32.00083333333333,32.87414,21.0675,47.700043
ElecFM,2025-08-07 00:00:00+00:00,LZ_LCRA,2025-08-07 18:00:00+00:00,31.665000000000003,39.66125,26.85646,56.53843
ElecFM,2025-08-07 00:00:00+00:00,LZ_LCRA,2025-08-07 19:00:00+00:00,39.22166666666667,39.74128,26.832201,58.198257
ElecFM,2025-08-07 00:00:00+00:00,LZ_LCRA,2025-08-07 20:00:00+00:00,60.86833333333333,39.14121,27.407894,60.30275
ElecFM,2025-08-07 00:00:00+00:00,LZ_LCRA,2025-08-07 21:00:00+00:00,45.25416666666666,39.286446,24.538752,63.211956
ElecFM,2025-08-07 00:00:00+00:00,LZ_LCRA,2025-08-07 22:00:00+00:00,42.65833333333333,45.654472,28.528984,74.5335
ElecFM,2025-08-07 00:00:00+00:00,LZ_LCRA,2025-08-07 23:00:00+00:00,64.9525,51.183155,30.701859,83.46756
ElecFM,2025-08-07 00:00:00+00:00,LZ_RAYBN,2025-08-07 00:00:00+00:00,66.575,40.732212,28.168528,60.049965
ElecFM,2025-08-07 00:00:00+00:00,LZ_RAYBN,2025-08-07 01:00:00+00:00,80.64416666666666,43.89979,30.359903,64.21555
ElecFM,2025-08-07 00:00:00+00:00,LZ_RAYBN,2025-08-07 02:00:00+00:00,73.815,38.505966,26.27216,57.931908
ElecFM,2025-08-07 00:00:00+00:00,LZ_RAYBN,2025-08-07 03:00:00+00:00,29.1075,28.950312,18.880302,46.53362
ElecFM,2025-08-07 00:00:00+00:00,LZ_RAYBN,2025-08-07 04:00:00+00:00,25.675833333333333,25.158978,17.357971,37.961014
ElecFM,2025-08-07 00:00:00+00:00,LZ_RAYBN,2025-08-07 05:00:00+00:00,23.246666666666663,23.618515,18.793417,34.101936
ElecFM,2025-08-07 00:00:00+00:00,LZ_RAYBN,2025-08-07 06:00:00+00:00,21.171666666666667,22.929186,19.880354,29.77959
ElecFM,2025-08-07 00:00:00+00:00,LZ_RAYBN,2025-08-07 07:00:00+00:00,20.5425,22.286037,19.703897,28.701408
ElecFM,2025-08-07 00:00:00+00:00,LZ_RAYBN,2025-08-07 08:00:00+00:00,20.00166666666667,22.643242,20.542587,26.504185
ElecFM,2025-08-07 00:00:00+00:00,LZ_RAYBN,2025-08-07 09:00:00+00:00,21.383333333333336,23.330612,20.448006,28.337696
ElecFM,2025-08-07 00:00:00+00:00,LZ_RAYBN,2025-08-07 10:00:00+00:00,22.6375,25.05164,19.763784,30.730085
ElecFM,2025-08-07 00:00:00+00:00,LZ_RAYBN,2025-08-07 11:00:00+00:00,26.45833333333333,26.22173,19.022331,35.764965
ElecFM,2025-08-07 00:00:00+00:00,LZ_RAYBN,2025-08-07 12:00:00+00:00,24.644166666666667,22.393501,14.802553,32.901196
ElecFM,2025-08-07 00:00:00+00:00,LZ_RAYBN,2025-08-07 13:00:00+00:00,20.1525,20.874165,12.8018875,30.998898
ElecFM,2025-08-07 00:00:00+00:00,LZ_RAYBN,2025-08-07 14:00:00+00:00,20.39333333333333,18.466904,12.188894,28.006676
ElecFM,2025-08-07 00:00:00+00:00,LZ_RAYBN,2025-08-07 15:00:00+00:00,22.031666666666663,18.634514,12.786325,27.930546
ElecFM,2025-08-07 00:00:00+00:00,LZ_RAYBN,2025-08-07 16:00:00+00:00,29.9,20.793282,15.451828,29.824642
ElecFM,2025-08-07 00:00:00+00:00,LZ_RAYBN,2025-08-07 17:00:00+00:00,26.63583333333333,23.965282,17.8056,34.181133
ElecFM,2025-08-07 00:00:00+00:00,LZ_RAYBN,2025-08-07 18:00:00+00:00,22.46,25.672493,19.4387,37.891136
ElecFM,2025-08-07 00:00:00+00:00,LZ_RAYBN,2025-08-07 19:00:00+00:00,22.076666666666668,25.743504,18.486103,41.187447
ElecFM,2025-08-07 00:00:00+00:00,LZ_RAYBN,2025-08-07 20:00:00+00:00,22.0225,28.224659,20.84676,45.572685
ElecFM,2025-08-07 00:00:00+00:00,LZ_RAYBN,2025-08-07 21:00:00+00:00,21.639166666666668,29.263517,18.755789,50.508892
ElecFM,2025-08-07 00:00:00+00:00,LZ_RAYBN,2025-08-07 22:00:00+00:00,21.64,34.959084,22.066114,60.88076
ElecFM,2025-08-07 00:00:00+00:00,LZ_RAYBN,2025-08-07 23:00:00+00:00,29.174166666666668,43.381214,26.655119,74.03065
ElecFM,2025-08-07 00:00:00+00:00,LZ_WEST,2025-08-07 00:00:00+00:00,71.625,42.86493,22.70381,72.74672
ElecFM,2025-08-07 00:00:00+00:00,LZ_WEST,2025-08-07 01:00:00+00:00,84.6025,53.68498,31.177057,85.8114
ElecFM,2025-08-07 00:00:00+00:00,LZ_WEST,2025-08-07 02:00:00+00:00,81.97416666666666,56.046124,35.31611,88.120575
ElecFM,2025-08-07 00:00:00+00:00,LZ_WEST,2025-08-07 03:00:00+00:00,65.00166666666667,50.09337,31.600407,80.55501
ElecFM,2025-08-07 00:00:00+00:00,LZ_WEST,2025-08-07 04:00:00+00:00,53.020833333333336,47.82837,30.774961,74.07988
ElecFM,2025-08-07 00:00:00+00:00,LZ_WEST,2025-08-07 05:00:00+00:00,56.270833333333336,42.926727,29.584625,66.76735
ElecFM,2025-08-07 00:00:00+00:00,LZ_WEST,2025-08-07 06:00:00+00:00,54.4875,37.69395,25.80583,57.709724
ElecFM,2025-08-07 00:00:00+00:00,LZ_WEST,2025-08-07 07:00:00+00:00,64.7175,35.11991,24.041027,53.711803
ElecFM,2025-08-07 00:00:00+00:00,LZ_WEST,2025-08-07 08:00:00+00:00,51.723333333333336,31.923792,22.671103,47.414383
ElecFM,2025-08-07 00:00:00+00:00,LZ_WEST,2025-08-07 09:00:00+00:00,63.96,33.578976,24.293583,48.6767
ElecFM,2025-08-07 00:00:00+00:00,LZ_WEST,2025-08-07 10:00:00+00:00,57.634166666666665,39.175552,29.022106,53.679356
ElecFM,2025-08-07 00:00:00+00:00,LZ_WEST,2025-08-07 11:00:00+00:00,58.51666666666667,37.87188,26.141012,54.08139
ElecFM,2025-08-07 00:00:00+00:00,LZ_WEST,2025-08-07 12:00:00+00:00,44.17583333333334,33.073948,21.986582,49.083427
ElecFM,2025-08-07 00:00:00+00:00,LZ_WEST,2025-08-07 13:00:00+00:00,20.1525,28.87518,18.134703,42.292152
ElecFM,2025-08-07 00:00:00+00:00,LZ_WEST,2025-08-07 14:00:00+00:00,20.401666666666667,22.801977,13.65414,34.3236
ElecFM,2025-08-07 00:00:00+00:00,LZ_WEST,2025-08-07 15:00:00+00:00,21.0175,22.00119,12.792793,33.044903
ElecFM,2025-08-07 00:00:00+00:00,LZ_WEST,2025-08-07 16:00:00+00:00,24.90833333333333,22.597149,13.099941,33.606632
ElecFM,2025-08-07 00:00:00+00:00,LZ_WEST,2025-08-07 17:00:00+00:00,22.808333333333337,27.931534,16.32788,39.95099
ElecFM,2025-08-07 00:00:00+00:00,LZ_WEST,2025-08-07 18:00:00+00:00,19.773333333333333,30.242283,17.647202,44.1502
ElecFM,2025-08-07 00:00:00+00:00,LZ_WEST,2025-08-07 19:00:00+00:00,10.093333333333334,31.303795,17.67704,47.004803
ElecFM,2025-08-07 00:00:00+00:00,LZ_WEST,2025-08-07 20:00:00+00:00,9.488333333333332,32.184937,19.438906,49.64877
ElecFM,2025-08-07 00:00:00+00:00,LZ_WEST,2025-08-07 21:00:00+00:00,10.035,34.86232,19.773663,55.825947
ElecFM,2025-08-07 00:00:00+00:00,LZ_WEST,2025-08-07 22:00:00+00:00,14.445833333333333,39.521347,22.47999,65.70806
ElecFM,2025-08-07 00:00:00+00:00,LZ_WEST,2025-08-07 23:00:00+00:00,37.2525,47.66613,27.428684,79.351364
ElecFM,2025-08-08 00:00:00+00:00,LZ_LCRA,2025-08-08 00:00:00+00:00,107.11583333333334,59.082966,44.764137,77.39916
ElecFM,2025-08-08 00:00:00+00:00,LZ_LCRA,2025-08-08 01:00:00+00:00,90.04,53.04628,38.266083,73.315475
ElecFM,2025-08-08 00:00:00+00:00,LZ_LCRA,2025-08-08 02:00:00+00:00,51.02166666666667,44.336533,31.831799,64.85483
ElecFM,2025-08-08 00:00:00+00:00,LZ_LCRA,2025-08-08 03:00:00+00:00,37.8325,37.92411,27.24559,57.18647
ElecFM,2025-08-08 00:00:00+00:00,LZ_LCRA,2025-08-08 04:00:00+00:00,31.45,30.441269,22.18506,47.143276
ElecFM,2025-08-08 00:00:00+00:00,LZ_LCRA,2025-08-08 05:00:00+00:00,25.863333333333333,29.302876,21.922024,43.93868
ElecFM,2025-08-08 00:00:00+00:00,LZ_LCRA,2025-08-08 06:00:00+00:00,25.486666666666665,27.659561,20.119606,40.111942
ElecFM,2025-08-08 00:00:00+00:00,LZ_LCRA,2025-08-08 07:00:00+00:00,22.59166666666667,27.612873,20.543,39.340702
ElecFM,2025-08-08 00:00:00+00:00,LZ_LCRA,2025-08-08 08:00:00+00:00,20.989166666666662,26.968136,19.991913,37.54316
ElecFM,2025-08-08 00:00:00+00:00,LZ_LCRA,2025-08-08 09:00:00+00:00,20.10083333333333,27.011452,19.818668,39.486202
ElecFM,2025-08-08 00:00:00+00:00,LZ_LCRA,2025-08-08 10:00:00+00:00,20.91333333333333,30.63406,21.096073,43.723682
ElecFM,2025-08-08 00:00:00+00:00,LZ_LCRA,2025-08-08 11:00:00+00:00,22.83083333333333,30.855343,19.628986,45.80907
ElecFM,2025-08-08 00:00:00+00:00,LZ_LCRA,2025-08-08 12:00:00+00:00,20.871666666666663,29.464693,18.123203,46.979027
ElecFM,2025-08-08 00:00:00+00:00,LZ_LCRA,2025-08-08 13:00:00+00:00,15.613333333333337,25.984726,14.981838,43.578712
ElecFM,2025-08-08 00:00:00+00:00,LZ_LCRA,2025-08-08 14:00:00+00:00,15.531666666666666,25.310408,14.208599,42.283985
ElecFM,2025-08-08 00:00:00+00:00,LZ_LCRA,2025-08-08 15:00:00+00:00,19.2975,26.013771,14.645964,44.529778
ElecFM,2025-08-08 00:00:00+00:00,LZ_LCRA,2025-08-08 16:00:00+00:00,22.564166666666665,31.791267,19.683483,52.518208
ElecFM,2025-08-08 00:00:00+00:00,LZ_LCRA,2025-08-08 17:00:00+00:00,34.43416666666667,41.088715,27.668995,64.695755
ElecFM,2025-08-08 00:00:00+00:00,LZ_LCRA,2025-08-08 18:00:00+00:00,39.75416666666667,48.84763,33.715885,74.74875
ElecFM,2025-08-08 00:00:00+00:00,LZ_LCRA,2025-08-08 19:00:00+00:00,42.56333333333333,52.06991,34.197975,79.783615
ElecFM,2025-08-08 00:00:00+00:00,LZ_LCRA,2025-08-08 20:00:00+00:00,54.51916666666667,55.164505,36.70626,85.17639
ElecFM,2025-08-08 00:00:00+00:00,LZ_LCRA,2025-08-08 21:00:00+00:00,48.60916666666666,57.355957,35.964787,89.10617
ElecFM,2025-08-08 00:00:00+00:00,LZ_LCRA,2025-08-08 22:00:00+00:00,54.61666666666667,64.685776,41.96712,98.53441
ElecFM,2025-08-08 00:00:00+00:00,LZ_LCRA,2025-08-08 23:00:00+00:00,65.81166666666667,68.815384,45.957287,104.5047
ElecFM,2025-08-08 00:00:00+00:00,LZ_RAYBN,2025-08-08 00:00:00+00:00,85.56166666666667,44.03962,32.04077,60.00027
ElecFM,2025-08-08 00:00:00+00:00,LZ_RAYBN,2025-08-08 01:00:00+00:00,77.2275,46.066967,32.945557,62.929287
ElecFM,2025-08-08 00:00:00+00:00,LZ_RAYBN,2025-08-08 02:00:00+00:00,39.9725,37.517853,26.436543,53.28681
ElecFM,2025-08-08 00:00:00+00:00,LZ_RAYBN,2025-08-08 03:00:00+00:00,27.050833333333333,29.246624,20.29834,42.524723
ElecFM,2025-08-08 00:00:00+00:00,LZ_RAYBN,2025-08-08 04:00:00+00:00,23.43583333333333,24.422052,17.908722,34.221123
ElecFM,2025-08-08 00:00:00+00:00,LZ_RAYBN,2025-08-08 05:00:00+00:00,20.519166666666667,22.489542,17.352228,29.71198
ElecFM,2025-08-08 00:00:00+00:00,LZ_RAYBN,2025-08-08 06:00:00+00:00,19.095,20.649864,16.687645,24.877716
ElecFM,2025-08-08 00:00:00+00:00,LZ_RAYBN,2025-08-08 07:00:00+00:00,18.389166666666668,20.568058,17.466324,24.486887
ElecFM,2025-08-08 00:00:00+00:00,LZ_RAYBN,2025-08-08 08:00:00+00:00,17.657500000000002,20.688972,17.81355,23.171955
ElecFM,2025-08-08 00:00:00+00:00,LZ_RAYBN,2025-08-08 09:00:00+00:00,18.5375,21.827446,18.186218,25.082262
ElecFM,2025-08-08 00:00:00+00:00,LZ_RAYBN,2025-08-08 10:00:00+00:00,20.886666666666667,23.790558,19.112942,27.454857
ElecFM,2025-08-08 00:00:00+00:00,LZ_RAYBN,2025-08-08 11:00:00+00:00,22.83,23.696808,17.759674,29.767944
ElecFM,2025-08-08 00:00:00+00:00,LZ_RAYBN,2025-08-08 12:00:00+00:00,20.870833333333337,22.507338,16.589806,30.015673
ElecFM,2025-08-08 00:00:00+00:00,LZ_RAYBN,2025-08-08 13:00:00+00:00,15.641666666666666,20.86832,14.715231,28.616337
ElecFM,2025-08-08 00:00:00+00:00,LZ_RAYBN,2025-08-08 14:00:00+00:00,16.020833333333332,21.224724,15.779945,28.083355
ElecFM,2025-08-08 00:00:00+00:00,LZ_RAYBN,2025-08-08 15:00:00+00:00,19.226666666666667,21.028673,15.462931,28.081387
ElecFM,2025-08-08 00:00:00+00:00,LZ_RAYBN,2025-08-08 16:00:00+00:00,20.555833333333336,21.349165,16.122978,28.434895
ElecFM,2025-08-08 00:00:00+00:00,LZ_RAYBN,2025-08-08 17:00:00+00:00,19.766666666666666,22.333075,16.396343,30.70039
ElecFM,2025-08-08 00:00:00+00:00,LZ_RAYBN,2025-08-08 18:00:00+00:00,20.339166666666667,20.911709,14.985609,30.427122
ElecFM,2025-08-08 00:00:00+00:00,LZ_RAYBN,2025-08-08 19:00:00+00:00,19.6475,19.843567,12.6509075,30.950872
ElecFM,2025-08-08 00:00:00+00:00,LZ_RAYBN,2025-08-08 20:00:00+00:00,20.116666666666667,20.239971,13.524944,32.80807
ElecFM,2025-08-08 00:00:00+00:00,LZ_RAYBN,2025-08-08 21:00:00+00:00,20.576666666666664,23.397625,15.143921,37.923855
ElecFM,2025-08-08 00:00:00+00:00,LZ_RAYBN,2025-08-08 22:00:00+00:00,22.63833333333333,29.461933,20.332315,46.576942
ElecFM,2025-08-08 00:00:00+00:00,LZ_RAYBN,2025-08-08 23:00:00+00:00,28.47,37.796497,27.3569,57.782845
ElecFM,2025-08-08 00:00:00+00:00,LZ_WEST,2025-08-08 00:00:00+00:00,114.5625,65.10474,38.464222,99.84184
ElecFM,2025-08-08 00:00:00+00:00,LZ_WEST,2025-08-08 01:00:00+00:00,112.56666666666666,73.63785,41.819885,113.564995
ElecFM,2025-08-08 00:00:00+00:00,LZ_WEST,2025-08-08 02:00:00+00:00,87.91833333333334,74.43071,43.2218,114.8455
ElecFM,2025-08-08 00:00:00+00:00,LZ_WEST,2025-08-08 03:00:00+00:00,81.07000000000001,65.730644,37.000748,104.34032
ElecFM,2025-08-08 00:00:00+00:00,LZ_WEST,2025-08-08 04:00:00+00:00,67.13166666666667,60.771088,35.363964,95.32829
ElecFM,2025-08-08 00:00:00+00:00,LZ_WEST,2025-08-08 05:00:00+00:00,50.73333333333333,58.534756,35.21678,89.23477
ElecFM,2025-08-08 00:00:00+00:00,LZ_WEST,2025-08-08 06:00:00+00:00,63.51916666666667,48.432583,28.666992,75.05624
ElecFM,2025-08-08 00:00:00+00:00,LZ_WEST,2025-08-08 07:00:00+00:00,54.05583333333333,41.560837,25.503235,67.4716
ElecFM,2025-08-08 00:00:00+00:00,LZ_WEST,2025-08-08 08:00:00+00:00,38.7325,40.11919,25.685848,61.95778
ElecFM,2025-08-08 00:00:00+00:00,LZ_WEST,2025-08-08 09:00:00+00:00,36.0925,43.63887,29.224546,65.278145
ElecFM,2025-08-08 00:00:00+00:00,LZ_WEST,2025-08-08 10:00:00+00:00,34.166666666666664,44.229805,28.385864,64.78384
ElecFM,2025-08-08 00:00:00+00:00,LZ_WEST,2025-08-08 11:00:00+00:00,28.0875,39.959316,23.486462,63.153656
ElecFM,2025-08-08 00:00:00+00:00,LZ_WEST,2025-08-08 12:00:00+00:00,20.88,32.310337,16.843616,54.628494
ElecFM,2025-08-08 00:00:00+00:00,LZ_WEST,2025-08-08 13:00:00+00:00,15.36,23.043682,8.641392,44.74999
ElecFM,2025-08-08 00:00:00+00:00,LZ_WEST,2025-08-08 14:00:00+00:00,15.371666666666668,20.636816,7.970768,38.9733
ElecFM,2025-08-08 00:00:00+00:00,LZ_WEST,2025-08-08 15:00:00+00:00,12.861666666666666,18.422297,7.3770103,36.681427
ElecFM,2025-08-08 00:00:00+00:00,LZ_WEST,2025-08-08 16:00:00+00:00,11.669166666666667,20.862516,9.088661,37.592342
ElecFM,2025-08-08 00:00:00+00:00,LZ_WEST,2025-08-08 17:00:00+00:00,11.830833333333333,23.827688,11.652878,41.915607
ElecFM,2025-08-08 00:00:00+00:00,LZ_WEST,2025-08-08 18:00:00+00:00,10.138333333333334,22.983126,12.199278,41.447296
ElecFM,2025-08-08 00:00:00+00:00,LZ_WEST,2025-08-08 19:00:00+00:00,7.283333333333334,22.640047,11.117929,41.84106
ElecFM,2025-08-08 00:00:00+00:00,LZ_WEST,2025-08-08 20:00:00+00:00,6.6475,23.096186,13.049393,43.694008
ElecFM,2025-08-08 00:00:00+00:00,LZ_WEST,2025-08-08 21:00:00+00:00,7.198333333333333,28.950735,15.166195,53.58809
ElecFM,2025-08-08 00:00:00+00:00,LZ_WEST,2025-08-08 22:00:00+00:00,7.430833333333333,39.077236,21.23367,70.229065
ElecFM,2025-08-08 00:00:00+00:00,LZ_WEST,2025-08-08 23:00:00+00:00,13.998333333333331,56.92061,32.104614,94.38635
ElecFM,2025-08-09 00:00:00+00:00,LZ_LCRA,2025-08-09 00:00:00+00:00,78.005,87.025986,59.432816,124.69758
ElecFM,2025-08-09 00:00:00+00:00,LZ_LCRA,2025-08-09 01:00:00+00:00,50.3525,75.503265,48.80645,112.38344
ElecFM,2025-08-09 00:00:00+00:00,LZ_LCRA,2025-08-09 02:00:00+00:00,35.50333333333334,55.02482,34.02053,88.40826
ElecFM,2025-08-09 00:00:00+00:00,LZ_LCRA,2025-08-09 03:00:00+00:00,30.816666666666663,35.943184,20.103157,63.988914
ElecFM,2025-08-09 00:00:00+00:00,LZ_LCRA,2025-08-09 04:00:00+00:00,27.595,29.910511,18.523792,49.491226
ElecFM,2025-08-09 00:00:00+00:00,LZ_LCRA,2025-08-09 05:00:00+00:00,24.2525,24.83755,16.98815,40.34183
ElecFM,2025-08-09 00:00:00+00:00,LZ_LCRA,2025-08-09 06:00:00+00:00,22.54083333333333,26.762794,19.172937,39.302814
ElecFM,2025-08-09 00:00:00+00:00,LZ_LCRA,2025-08-09 07:00:00+00:00,21.35833333333333,25.042707,17.815353,37.26498
ElecFM,2025-08-09 00:00:00+00:00,LZ_LCRA,2025-08-09 08:00:00+00:00,19.465,24.551483,18.79697,32.20107
ElecFM,2025-08-09 00:00:00+00:00,LZ_LCRA,2025-08-09 09:00:00+00:00,18.526666666666667,23.713245,18.829605,30.090986
ElecFM,2025-08-09 00:00:00+00:00,LZ_LCRA,2025-08-09 10:00:00+00:00,19.843333333333337,25.932238,21.33514,30.688765
ElecFM,2025-08-09 00:00:00+00:00,LZ_LCRA,2025-08-09 11:00:00+00:00,21.3625,25.539856,19.575457,32.750904
ElecFM,2025-08-09 00:00:00+00:00,LZ_LCRA,2025-08-09 12:00:00+00:00,20.436666666666667,20.618525,14.972334,30.365791
ElecFM,2025-08-09 00:00:00+00:00,LZ_LCRA,2025-08-09 13:00:00+00:00,15.293333333333337,17.967072,11.46516,28.503496
ElecFM,2025-08-09 00:00:00+00:00,LZ_LCRA,2025-08-09 14:00:00+00:00,16.5625,17.535988,12.5607815,29.992367
ElecFM,2025-08-09 00:00:00+00:00,LZ_LCRA,2025-08-09 15:00:00+00:00,21.161666666666665,18.461452,13.530666,32.660343
ElecFM,2025-08-09 00:00:00+00:00,LZ_LCRA,2025-08-09 16:00:00+00:00,25.3125,21.234306,15.396725,39.160667
ElecFM,2025-08-09 00:00:00+00:00,LZ_LCRA,2025-08-09 17:00:00+00:00,34.75,31.62811,21.983961,56.051952
ElecFM,2025-08-09 00:00:00+00:00,LZ_LCRA,2025-08-09 18:00:00+00:00,36.40083333333333,38.42973,22.015533,69.67197
ElecFM,2025-08-09 00:00:00+00:00,LZ_LCRA,2025-08-09 19:00:00+00:00,42.08416666666667,44.41891,22.345964,82.719635
ElecFM,2025-08-09 00:00:00+00:00,LZ_LCRA,2025-08-09 20:00:00+00:00,46.75416666666666,46.723003,21.517633,90.292755
ElecFM,2025-08-09 00:00:00+00:00,LZ_LCRA,2025-08-09 21:00:00+00:00,46.79750000000001,46.53675,18.941416,93.37089
ElecFM,2025-08-09 00:00:00+00:00,LZ_LCRA,2025-08-09 22:00:00+00:00,47.43333333333334,49.01428,21.104237,98.45613
ElecFM,2025-08-09 00:00:00+00:00,LZ_LCRA,2025-08-09 23:00:00+00:00,69.60916666666667,54.42018,26.645897,105.48291
ElecFM,2025-08-09 00:00:00+00:00,LZ_RAYBN,2025-08-09 00:00:00+00:00,57.142500000000005,50.555817,35.724117,69.04521
ElecFM,2025-08-09 00:00:00+00:00,LZ_RAYBN,2025-08-09 01:00:00+00:00,43.19916666666666,55.0155,39.393867,73.66969
ElecFM,2025-08-09 00:00:00+00:00,LZ_RAYBN,2025-08-09 02:00:00+00:00,27.7125,40.520187,27.242474,57.442608
ElecFM,2025-08-09 00:00:00+00:00,LZ_RAYBN,2025-08-09 03:00:00+00:00,22.891666666666666,27.077612,16.960896,40.914017
ElecFM,2025-08-09 00:00:00+00:00,LZ_RAYBN,2025-08-09 04:00:00+00:00,20.191666666666663,24.229689,16.40189,34.441006
ElecFM,2025-08-09 00:00:00+00:00,LZ_RAYBN,2025-08-09 05:00:00+00:00,19.314166666666665,22.698315,16.992105,30.645243
ElecFM,2025-08-09 00:00:00+00:00,LZ_RAYBN,2025-08-09 06:00:00+00:00,20.69833333333333,21.468458,16.956018,27.53489
ElecFM,2025-08-09 00:00:00+00:00,LZ_RAYBN,2025-08-09 07:00:00+00:00,19.414166666666667,19.39938,15.344016,25.048368
ElecFM,2025-08-09 00:00:00+00:00,LZ_RAYBN,2025-08-09 08:00:00+00:00,17.765,19.976383,16.578728,24.568087
ElecFM,2025-08-09 00:00:00+00:00,LZ_RAYBN,2025-08-09 09:00:00+00:00,16.555,21.96072,18.82801,26.267447
ElecFM,2025-08-09 00:00:00+00:00,LZ_RAYBN,2025-08-09 10:00:00+00:00,18.8875,20.100986,16.551609,24.592642
ElecFM,2025-08-09 00:00:00+00:00,LZ_RAYBN,2025-08-09 11:00:00+00:00,21.516666666666666,20.714874,16.104252,26.652756
ElecFM,2025-08-09 00:00:00+00:00,LZ_RAYBN,2025-08-09 12:00:00+00:00,20.479166666666668,21.170607,15.827884,28.23823
ElecFM,2025-08-09 00:00:00+00:00,LZ_RAYBN,2025-08-09 13:00:00+00:00,15.290833333333332,20.21501,14.068393,27.011543
ElecFM,2025-08-09 00:00:00+00:00,LZ_RAYBN,2025-08-09 14:00:00+00:00,12.9075,20.484543,14.469252,27.09181
ElecFM,2025-08-09 00:00:00+00:00,LZ_RAYBN,2025-08-09 15:00:00+00:00,5.54,20.94194,15.573186,26.637526
ElecFM,2025-08-09 00:00:00+00:00,LZ_RAYBN,2025-08-09 16:00:00+00:00,13.483333333333334,25.088081,20.128513,30.354424
ElecFM,2025-08-09 00:00:00+00:00,LZ_RAYBN,2025-08-09 17:00:00+00:00,16.300833333333333,25.570408,20.43274,32.02962
ElecFM,2025-08-09 00:00:00+00:00,LZ_RAYBN,2025-08-09 18:00:00+00:00,16.124166666666667,22.442177,15.862845,31.233263
ElecFM,2025-08-09 00:00:00+00:00,LZ_RAYBN,2025-08-09 19:00:00+00:00,16.663333333333334,21.061125,12.352243,32.885624
ElecFM,2025-08-09 00:00:00+00:00,LZ_RAYBN,2025-08-09 20:00:00+00:00,15.418333333333337,24.45973,14.668921,39.59086
ElecFM,2025-08-09 00:00:00+00:00,LZ_RAYBN,2025-08-09 21:00:00+00:00,16.035,27.082487,15.023277,45.097393
ElecFM,2025-08-09 00:00:00+00:00,LZ_RAYBN,2025-08-09 22:00:00+00:00,17.8875,29.572426,16.10162,50.509773
ElecFM,2025-08-09 00:00:00+00:00,LZ_RAYBN,2025-08-09 23:00:00+00:00,25.21083333333333,40.264038,25.366905,63.80032
ElecFM,2025-08-09 00:00:00+00:00,LZ_WEST,2025-08-09 00:00:00+00:00,68.76833333333333,47.32624,20.81732,79.2713
ElecFM,2025-08-09 00:00:00+00:00,LZ_WEST,2025-08-09 01:00:00+00:00,67.875,65.40556,35.047287,100.061874
ElecFM,2025-08-09 00:00:00+00:00,LZ_WEST,2025-08-09 02:00:00+00:00,65.65083333333332,65.173454,34.875935,99.73701
ElecFM,2025-08-09 00:00:00+00:00,LZ_WEST,2025-08-09 03:00:00+00:00,57.3775,62.657356,33.97479,95.76593
ElecFM,2025-08-09 00:00:00+00:00,LZ_WEST,2025-08-09 04:00:00+00:00,62.375,59.886665,32.54269,89.833694
ElecFM,2025-08-09 00:00:00+00:00,LZ_WEST,2025-08-09 05:00:00+00:00,61.969166666666666,55.67708,28.251968,84.72818
ElecFM,2025-08-09 00:00:00+00:00,LZ_WEST,2025-08-09 06:00:00+00:00,50.12833333333333,52.15697,27.668102,81.820816
ElecFM,2025-08-09 00:00:00+00:00,LZ_WEST,2025-08-09 07:00:00+00:00,65.9775,44.87158,22.07238,75.83544
ElecFM,2025-08-09 00:00:00+00:00,LZ_WEST,2025-08-09 08:00:00+00:00,63.99666666666667,38.942307,18.636122,64.586105
ElecFM,2025-08-09 00:00:00+00:00,LZ_WEST,2025-08-09 09:00:00+00:00,64.62833333333333,38.392445,21.170523,61.513924
ElecFM,2025-08-09 00:00:00+00:00,LZ_WEST,2025-08-09 10:00:00+00:00,59.3225,36.68954,20.885735,57.87204
ElecFM,2025-08-09 00:00:00+00:00,LZ_WEST,2025-08-09 11:00:00+00:00,53.96083333333333,35.58984,20.817541,57.96444
ElecFM,2025-08-09 00:00:00+00:00,LZ_WEST,2025-08-09 12:00:00+00:00,42.46833333333333,30.911766,17.57321,50.823277
ElecFM,2025-08-09 00:00:00+00:00,LZ_WEST,2025-08-09 13:00:00+00:00,15.295,20.864315,8.557262,41.451004
ElecFM,2025-08-09 00:00:00+00:00,LZ_WEST,2025-08-09 14:00:00+00:00,11.215833333333334,16.257149,4.0723763,35.250824
ElecFM,2025-08-09 00:00:00+00:00,LZ_WEST,2025-08-09 15:00:00+00:00,2.230833333333333,16.210495,5.3616257,33.525646
ElecFM,2025-08-09 00:00:00+00:00,LZ_WEST,2025-08-09 16:00:00+00:00,4.629166666666666,19.982546,7.961649,35.69561
ElecFM,2025-08-09 00:00:00+00:00,LZ_WEST,2025-08-09 17:00:00+00:00,11.908333333333331,23.256569,11.124165,39.633293
ElecFM,2025-08-09 00:00:00+00:00,LZ_WEST,2025-08-09 18:00:00+00:00,14.578333333333331,23.130533,9.639849,41.143448
ElecFM,2025-08-09 00:00:00+00:00,LZ_WEST,2025-08-09 19:00:00+00:00,13.590833333333334,23.011871,9.124092,43.365955
ElecFM,2025-08-09 00:00:00+00:00,LZ_WEST,2025-08-09 20:00:00+00:00,7.114166666666667,23.016895,7.6851616,44.5546
ElecFM,2025-08-09 00:00:00+00:00,LZ_WEST,2025-08-09 21:00:00+00:00,6.814166666666666,25.383076,7.2220592,49.494232
ElecFM,2025-08-09 00:00:00+00:00,LZ_WEST,2025-08-09 22:00:00+00:00,8.488333333333333,27.951876,7.882683,55.475845
ElecFM,2025-08-09 00:00:00+00:00,LZ_WEST,2025-08-09 23:00:00+00:00,23.9875,44.71,21.04946,76.1637
ElecFM,2025-08-10 00:00:00+00:00,LZ_LCRA,2025-08-10 00:00:00+00:00,42.64333333333334,68.6051,47.096085,95.66974
ElecFM,2025-08-10 00:00:00+00:00,LZ_LCRA,2025-08-10 01:00:00+00:00,33.94083333333334,58.73356,38.37719,85.15871
ElecFM,2025-08-10 00:00:00+00:00,LZ_LCRA,2025-08-10 02:00:00+00:00,31.450833333333332,44.174942,27.638702,67.13817
ElecFM,2025-08-10 00:00:00+00:00,LZ_LCRA,2025-08-10 03:00:00+00:00,26.4975,35.816082,23.338594,54.271294
ElecFM,2025-08-10 00:00:00+00:00,LZ_LCRA,2025-08-10 04:00:00+00:00,26.02583333333333,32.05026,22.923054,45.320797
ElecFM,2025-08-10 00:00:00+00:00,LZ_LCRA,2025-08-10 05:00:00+00:00,23.0575,29.17522,22.874771,40.399464
ElecFM,2025-08-10 00:00:00+00:00,LZ_LCRA,2025-08-10 06:00:00+00:00,22.9975,26.226442,20.831516,37.381874
ElecFM,2025-08-10 00:00:00+00:00,LZ_LCRA,2025-08-10 07:00:00+00:00,22.70583333333333,25.16453,19.402435,36.6468
ElecFM,2025-08-10 00:00:00+00:00,LZ_LCRA,2025-08-10 08:00:00+00:00,21.6,25.355347,18.659405,34.981857
ElecFM,2025-08-10 00:00:00+00:00,LZ_LCRA,2025-08-10 09:00:00+00:00,21.345,23.76479,16.747297,34.09979
ElecFM,2025-08-10 00:00:00+00:00,LZ_LCRA,2025-08-10 10:00:00+00:00,22.328333333333333,24.019669,16.284128,34.11624
ElecFM,2025-08-10 00:00:00+00:00,LZ_LCRA,2025-08-10 11:00:00+00:00,24.59583333333333,24.44863,16.310932,36.13386
ElecFM,2025-08-10 00:00:00+00:00,LZ_LCRA,2025-08-10 12:00:00+00:00,21.9125,24.64243,16.778097,36.69768
ElecFM,2025-08-10 00:00:00+00:00,LZ_LCRA,2025-08-10 13:00:00+00:00,15.971666666666666,22.111567,14.552933,34.301178
ElecFM,2025-08-10 00:00:00+00:00,LZ_LCRA,2025-08-10 14:00:00+00:00,15.235833333333334,22.983871,16.066612,35.81671
ElecFM,2025-08-10 00:00:00+00:00,LZ_LCRA,2025-08-10 15:00:00+00:00,18.411666666666665,25.725233,18.6132,39.309177
ElecFM,2025-08-10 00:00:00+00:00,LZ_LCRA,2025-08-10 16:00:00+00:00,26.918333333333333,30.804388,22.686129,46.846264
ElecFM,2025-08-10 00:00:00+00:00,LZ_LCRA,2025-08-10 17:00:00+00:00,48.93333333333334,36.10376,26.199192,55.77431
ElecFM,2025-08-10 00:00:00+00:00,LZ_LCRA,2025-08-10 18:00:00+00:00,51.47583333333333,41.2974,27.36102,63.380608
ElecFM,2025-08-10 00:00:00+00:00,LZ_LCRA,2025-08-10 19:00:00+00:00,71.47333333333334,43.197098,26.16602,68.56503
ElecFM,2025-08-10 00:00:00+00:00,LZ_LCRA,2025-08-10 20:00:00+00:00,116.385,48.058025,29.41551,77.06789
ElecFM,2025-08-10 00:00:00+00:00,LZ_LCRA,2025-08-10 21:00:00+00:00,125.21083333333333,51.478867,31.10826,82.854034
ElecFM,2025-08-10 00:00:00+00:00,LZ_LCRA,2025-08-10 22:00:00+00:00,116.16,55.940155,34.105053,89.563286
ElecFM,2025-08-10 00:00:00+00:00,LZ_LCRA,2025-08-10 23:00:00+00:00,95.84,62.367348,40.284843,97.391174
ElecFM,2025-08-10 00:00:00+00:00,LZ_RAYBN,2025-08-10 00:00:00+00:00,33.005833333333335,47.43358,37.532146,57.122284
ElecFM,2025-08-10 00:00:00+00:00,LZ_RAYBN,2025-08-10 01:00:00+00:00,26.61583333333333,49.450966,39.187725,59.205338
ElecFM,2025-08-10 00:00:00+00:00,LZ_RAYBN,2025-08-10 02:00:00+00:00,22.245,35.79997,26.7811,45.020645
ElecFM,2025-08-10 00:00:00+00:00,LZ_RAYBN,2025-08-10 03:00:00+00:00,19.1675,25.137304,18.319073,33.051495
ElecFM,2025-08-10 00:00:00+00:00,LZ_RAYBN,2025-08-10 04:00:00+00:00,19.404166666666665,22.233168,16.722137,28.510145
ElecFM,2025-08-10 00:00:00+00:00,LZ_RAYBN,2025-08-10 05:00:00+00:00,18.95833333333333,22.534222,18.644987,27.21132
ElecFM,2025-08-10 00:00:00+00:00,LZ_RAYBN,2025-08-10 06:00:00+00:00,18.800833333333333,20.20206,16.807579,24.344112
ElecFM,2025-08-10 00:00:00+00:00,LZ_RAYBN,2025-08-10 07:00:00+00:00,18.495,19.088589,16.388882,22.611586
ElecFM,2025-08-10 00:00:00+00:00,LZ_RAYBN,2025-08-10 08:00:00+00:00,19.079166666666666,20.14865,17.451149,22.977547
ElecFM,2025-08-10 00:00:00+00:00,LZ_RAYBN,2025-08-10 09:00:00+00:00,20.544166666666666,20.033287,17.727331,22.997252
ElecFM,2025-08-10 00:00:00+00:00,LZ_RAYBN,2025-08-10 10:00:00+00:00,21.4,19.342497,16.414204,22.813087
ElecFM,2025-08-10 00:00:00+00:00,LZ_RAYBN,2025-08-10 11:00:00+00:00,23.576666666666668,20.70346,17.165838,24.67644
ElecFM,2025-08-10 00:00:00+00:00,LZ_RAYBN,2025-08-10 12:00:00+00:00,20.960833333333333,18.43845,14.063276,23.0014
ElecFM,2025-08-10 00:00:00+00:00,LZ_RAYBN,2025-08-10 13:00:00+00:00,15.836666666666666,17.200434,12.389874,21.320452
ElecFM,2025-08-10 00:00:00+00:00,LZ_RAYBN,2025-08-10 14:00:00+00:00,15.2375,16.146126,11.552929,20.837997
ElecFM,2025-08-10 00:00:00+00:00,LZ_RAYBN,2025-08-10 15:00:00+00:00,19.165,15.632871,11.019519,19.704811
ElecFM,2025-08-10 00:00:00+00:00,LZ_RAYBN,2025-08-10 16:00:00+00:00,28.175,20.405365,15.695327,24.771523
ElecFM,2025-08-10 00:00:00+00:00,LZ_RAYBN,2025-08-10 17:00:00+00:00,24.1725,18.933441,14.375313,23.276611
ElecFM,2025-08-10 00:00:00+00:00,LZ_RAYBN,2025-08-10 18:00:00+00:00,23.3575,19.178844,14.029347,24.157688
ElecFM,2025-08-10 00:00:00+00:00,LZ_RAYBN,2025-08-10 19:00:00+00:00,33.130833333333335,19.34476,14.105467,24.47746
ElecFM,2025-08-10 00:00:00+00:00,LZ_RAYBN,2025-08-10 20:00:00+00:00,42.09916666666667,20.618237,14.988311,26.374514
ElecFM,2025-08-10 00:00:00+00:00,LZ_RAYBN,2025-08-10 21:00:00+00:00,36.91833333333333,21.80809,15.168641,27.851406
ElecFM,2025-08-10 00:00:00+00:00,LZ_RAYBN,2025-08-10 22:00:00+00:00,23.9275,24.118599,15.875833,32.208908
ElecFM,2025-08-10 00:00:00+00:00,LZ_RAYBN,2025-08-10 23:00:00+00:00,22.613333333333333,33.186993,23.79036,42.57084
ElecFM,2025-08-10 00:00:00+00:00,LZ_WEST,2025-08-10 00:00:00+00:00,48.415,54.990242,33.281437,82.6654
ElecFM,2025-08-10 00:00:00+00:00,LZ_WEST,2025-08-10 01:00:00+00:00,60.52583333333333,70.33396,44.411377,103.05749
ElecFM,2025-08-10 00:00:00+00:00,LZ_WEST,2025-08-10 02:00:00+00:00,67.54083333333334,70.6266,43.81736,104.94475
ElecFM,2025-08-10 00:00:00+00:00,LZ_WEST,2025-08-10 03:00:00+00:00,63.36166666666667,65.94205,40.4885,100.15883
ElecFM,2025-08-10 00:00:00+00:00,LZ_WEST,2025-08-10 04:00:00+00:00,55.9,63.632713,39.117123,95.41241
ElecFM,2025-08-10 00:00:00+00:00,LZ_WEST,2025-08-10 05:00:00+00:00,50.045,60.15328,37.06767,89.66645
ElecFM,2025-08-10 00:00:00+00:00,LZ_WEST,2025-08-10 06:00:00+00:00,40.4875,54.438927,34.487514,82.04182
ElecFM,2025-08-10 00:00:00+00:00,LZ_WEST,2025-08-10 07:00:00+00:00,57.77166666666667,49.14161,32.07432,74.8751
ElecFM,2025-08-10 00:00:00+00:00,LZ_WEST,2025-08-10 08:00:00+00:00,70.28666666666668,40.811153,26.19089,62.6481
ElecFM,2025-08-10 00:00:00+00:00,LZ_WEST,2025-08-10 09:00:00+00:00,59.35583333333333,38.44837,26.115067,57.880253
ElecFM,2025-08-10 00:00:00+00:00,LZ_WEST,2025-08-10 10:00:00+00:00,62.49,36.8424,25.396303,52.918007
ElecFM,2025-08-10 00:00:00+00:00,LZ_WEST,2025-08-10 11:00:00+00:00,65.53,35.60052,25.221077,50.57512
ElecFM,2025-08-10 00:00:00+00:00,LZ_WEST,2025-08-10 12:00:00+00:00,50.70166666666666,30.815447,20.588955,43.296783
ElecFM,2025-08-10 00:00:00+00:00,LZ_WEST,2025-08-10 13:00:00+00:00,16.739166666666666,22.623188,13.6028385,33.662506
ElecFM,2025-08-10 00:00:00+00:00,LZ_WEST,2025-08-10 14:00:00+00:00,15.245833333333332,17.882074,10.346182,28.172787
ElecFM,2025-08-10 00:00:00+00:00,LZ_WEST,2025-08-10 15:00:00+00:00,18.47583333333333,14.907675,7.6793213,25.045856
ElecFM,2025-08-10 00:00:00+00:00,LZ_WEST,2025-08-10 16:00:00+00:00,24.981666666666666,14.566568,6.2996426,24.074993
ElecFM,2025-08-10 00:00:00+00:00,LZ_WEST,2025-08-10 17:00:00+00:00,27.425833333333333,15.09536,6.5694885,26.175304
ElecFM,2025-08-10 00:00:00+00:00,LZ_WEST,2025-08-10 18:00:00+00:00,27.031666666666663,17.432964,7.6405888,29.470734
ElecFM,2025-08-10 00:00:00+00:00,LZ_WEST,2025-08-10 19:00:00+00:00,39.071666666666665,18.7407,8.5689125,30.90792
ElecFM,2025-08-10 00:00:00+00:00,LZ_WEST,2025-08-10 20:00:00+00:00,54.105,19.280674,9.224976,32.240894
ElecFM,2025-08-10 00:00:00+00:00,LZ_WEST,2025-08-10 21:00:00+00:00,50.13166666666667,18.277145,7.196203,33.24779
ElecFM,2025-08-10 00:00:00+00:00,LZ_WEST,2025-08-10 22:00:00+00:00,36.340833333333336,21.59713,8.303944,40.596077
ElecFM,2025-08-10 00:00:00+00:00,LZ_WEST,2025-08-10 23:00:00+00:00,35.44083333333334,38.02499,19.752222,61.68782
ElecFM,2025-08-11 00:00:00+00:00,LZ_LCRA,2025-08-11 00:00:00+00:00,45.72166666666666,77.546036,51.44689,114.52762
ElecFM,2025-08-11 00:00:00+00:00,LZ_LCRA,2025-08-11 01:00:00+00:00,39.759166666666665,59.198006,34.523487,97.003365
ElecFM,2025-08-11 00:00:00+00:00,LZ_LCRA,2025-08-11 02:00:00+00:00,36.15583333333333,43.21057,22.487494,77.6319
ElecFM,2025-08-11 00:00:00+00:00,LZ_LCRA,2025-08-11 03:00:00+00:00,28.701666666666668,35.527798,18.879118,64.65122
ElecFM,2025-08-11 00:00:00+00:00,LZ_LCRA,2025-08-11 04:00:00+00:00,26.290000000000003,31.748278,17.858547,55.193893
ElecFM,2025-08-11 00:00:00+00:00,LZ_LCRA,2025-08-11 05:00:00+00:00,28.866666666666664,30.822113,19.419544,50.027573
ElecFM,2025-08-11 00:00:00+00:00,LZ_LCRA,2025-08-11 06:00:00+00:00,34.115,28.448421,17.937307,44.87495
ElecFM,2025-08-11 00:00:00+00:00,LZ_LCRA,2025-08-11 07:00:00+00:00,29.6175,26.77696,16.881432,41.33886
ElecFM,2025-08-11 00:00:00+00:00,LZ_LCRA,2025-08-11 08:00:00+00:00,24.94083333333333,26.29295,16.662066,39.197823
ElecFM,2025-08-11 00:00:00+00:00,LZ_LCRA,2025-08-11 09:00:00+00:00,26.743333333333336,26.443266,16.830221,39.575115
ElecFM,2025-08-11 00:00:00+00:00,LZ_LCRA,2025-08-11 10:00:00+00:00,26.295,28.8552,17.71132,41.71502
ElecFM,2025-08-11 00:00:00+00:00,LZ_LCRA,2025-08-11 11:00:00+00:00,27.7625,29.283642,16.216795,43.356735
ElecFM,2025-08-11 00:00:00+00:00,LZ_LCRA,2025-08-11 12:00:00+00:00,25.800833333333333,26.706131,13.298784,43.240597
ElecFM,2025-08-11 00:00:00+00:00,LZ_LCRA,2025-08-11 13:00:00+00:00,21.508333333333336,22.942337,9.271297,39.883957
ElecFM,2025-08-11 00:00:00+00:00,LZ_LCRA,2025-08-11 14:00:00+00:00,23.054166666666664,23.585,11.079313,41.3515
ElecFM,2025-08-11 00:00:00+00:00,LZ_LCRA,2025-08-11 15:00:00+00:00,25.785,27.127745,14.867762,46.572765
ElecFM,2025-08-11 00:00:00+00:00,LZ_LCRA,2025-08-11 16:00:00+00:00,40.876666666666665,30.547724,17.0531,52.87819
ElecFM,2025-08-11 00:00:00+00:00,LZ_LCRA,2025-08-11 17:00:00+00:00,123.88916666666668,38.407986,22.820885,65.63493
ElecFM,2025-08-11 00:00:00+00:00,LZ_LCRA,2025-08-11 18:00:00+00:00,103.71166666666666,44.71416,24.864311,76.12029
ElecFM,2025-08-11 00:00:00+00:00,LZ_LCRA,2025-08-11 19:00:00+00:00,57.61333333333334,50.45,26.631851,86.00666
ElecFM,2025-08-11 00:00:00+00:00,LZ_LCRA,2025-08-11 20:00:00+00:00,75.54666666666667,53.818115,28.109287,94.32263
ElecFM,2025-08-11 00:00:00+00:00,LZ_LCRA,2025-08-11 21:00:00+00:00,100.29916666666666,55.81307,28.11229,100.01652
ElecFM,2025-08-11 00:00:00+00:00,LZ_LCRA,2025-08-11 22:00:00+00:00,63.48333333333333,56.60504,28.130188,104.37039
ElecFM,2025-08-11 00:00:00+00:00,LZ_LCRA,2025-08-11 23:00:00+00:00,97.66166666666668,60.599747,31.300991,110.745735
ElecFM,2025-08-11 00:00:00+00:00,LZ_RAYBN,2025-08-11 00:00:00+00:00,37.55916666666667,35.449547,26.741322,47.368954
ElecFM,2025-08-11 00:00:00+00:00,LZ_RAYBN,2025-08-11 01:00:00+00:00,34.071666666666665,34.56655,24.674763,48.247818
ElecFM,2025-08-11 00:00:00+00:00,LZ_RAYBN,2025-08-11 02:00:00+00:00,28.710833333333337,27.877018,18.024652,41.095337
ElecFM,2025-08-11 00:00:00+00:00,LZ_RAYBN,2025-08-11 03:00:00+00:00,22.889166666666668,23.346018,14.834923,35.44784
ElecFM,2025-08-11 00:00:00+00:00,LZ_RAYBN,2025-08-11 04:00:00+00:00,25.25916666666667,23.42793,16.02658,33.20085
ElecFM,2025-08-11 00:00:00+00:00,LZ_RAYBN,2025-08-11 05:00:00+00:00,27.905833333333337,22.63774,15.615558,31.103193
ElecFM,2025-08-11 00:00:00+00:00,LZ_RAYBN,2025-08-11 06:00:00+00:00,34.335,21.607548,16.042477,29.458828
ElecFM,2025-08-11 00:00:00+00:00,LZ_RAYBN,2025-08-11 07:00:00+00:00,31.51083333333333,20.800913,15.795325,28.152775
ElecFM,2025-08-11 00:00:00+00:00,LZ_RAYBN,2025-08-11 08:00:00+00:00,26.2325,20.756306,15.724016,26.243954
ElecFM,2025-08-11 00:00:00+00:00,LZ_RAYBN,2025-08-11 09:00:00+00:00,27.89916666666667,21.364988,16.69504,26.388786
ElecFM,2025-08-11 00:00:00+00:00,LZ_RAYBN,2025-08-11 10:00:00+00:00,28.1,21.943398,15.984703,27.009617
ElecFM,2025-08-11 00:00:00+00:00,LZ_RAYBN,2025-08-11 11:00:00+00:00,29.6725,22.7735,16.078344,28.581488
ElecFM,2025-08-11 00:00:00+00:00,LZ_RAYBN,2025-08-11 12:00:00+00:00,26.56083333333333,22.027802,14.476258,28.279158
ElecFM,2025-08-11 00:00:00+00:00,LZ_RAYBN,2025-08-11 13:00:00+00:00,21.536666666666665,19.146574,11.718423,25.90588
ElecFM,2025-08-11 00:00:00+00:00,LZ_RAYBN,2025-08-11 14:00:00+00:00,23.05666666666667,17.585213,10.458418,24.310747
ElecFM,2025-08-11 00:00:00+00:00,LZ_RAYBN,2025-08-11 15:00:00+00:00,24.926666666666662,18.386724,12.007455,24.69159
ElecFM,2025-08-11 00:00:00+00:00,LZ_RAYBN,2025-08-11 16:00:00+00:00,30.14833333333333,23.564257,17.041298,29.803368
ElecFM,2025-08-11 00:00:00+00:00,LZ_RAYBN,2025-08-11 17:00:00+00:00,40.083333333333336,22.091127,16.378231,28.834717
ElecFM,2025-08-11 00:00:00+00:00,LZ_RAYBN,2025-08-11 18:00:00+00:00,27.156666666666663,20.447897,14.766318,27.855635
ElecFM,2025-08-11 00:00:00+00:00,LZ_RAYBN,2025-08-11 19:00:00+00:00,25.43,22.744766,16.570278,30.142822
ElecFM,2025-08-11 00:00:00+00:00,LZ_RAYBN,2025-08-11 20:00:00+00:00,24.704166666666666,23.166925,17.179665,30.979776
ElecFM,2025-08-11 00:00:00+00:00,LZ_RAYBN,2025-08-11 21:00:00+00:00,28.44333333333333,22.803116,15.922348,31.891779
ElecFM,2025-08-11 00:00:00+00:00,LZ_RAYBN,2025-08-11 22:00:00+00:00,21.293333333333333,22.364021,14.026144,33.940914
ElecFM,2025-08-11 00:00:00+00:00,LZ_RAYBN,2025-08-11 23:00:00+00:00,44.196666666666665,29.514194,19.057993,43.79915
ElecFM,2025-08-11 00:00:00+00:00,LZ_WEST,2025-08-11 00:00:00+00:00,63.37916666666666,54.696175,34.12005,79.97908
ElecFM,2025-08-11 00:00:00+00:00,LZ_WEST,2025-08-11 01:00:00+00:00,67.11333333333333,64.19128,39.904186,94.58147
ElecFM,2025-08-11 00:00:00+00:00,LZ_WEST,2025-08-11 02:00:00+00:00,78.51416666666667,63.749985,37.543137,97.25157
ElecFM,2025-08-11 00:00:00+00:00,LZ_WEST,2025-08-11 03:00:00+00:00,63.33833333333333,61.679672,35.036842,95.68556
ElecFM,2025-08-11 00:00:00+00:00,LZ_WEST,2025-08-11 04:00:00+00:00,60.825,59.529198,33.552876,93.614525
ElecFM,2025-08-11 00:00:00+00:00,LZ_WEST,2025-08-11 05:00:00+00:00,66.45833333333333,58.020226,32.69338,90.719666
ElecFM,2025-08-11 00:00:00+00:00,LZ_WEST,2025-08-11 06:00:00+00:00,67.56083333333333,55.364002,32.66948,86.978516
ElecFM,2025-08-11 00:00:00+00:00,LZ_WEST,2025-08-11 07:00:00+00:00,65.5525,53.644318,32.238083,84.050064
ElecFM,2025-08-11 00:00:00+00:00,LZ_WEST,2025-08-11 08:00:00+00:00,50.00333333333333,49.587875,29.173553,78.60916
ElecFM,2025-08-11 00:00:00+00:00,LZ_WEST,2025-08-11 09:00:00+00:00,52.310833333333335,48.866867,29.623602,77.347015
ElecFM,2025-08-11 00:00:00+00:00,LZ_WEST,2025-08-11 10:00:00+00:00,66.685,46.356567,27.340698,74.182846
ElecFM,2025-08-11 00:00:00+00:00,LZ_WEST,2025-08-11 11:00:00+00:00,66.39416666666666,43.90825,25.723343,69.72818
ElecFM,2025-08-11 00:00:00+00:00,LZ_WEST,2025-08-11 12:00:00+00:00,40.82333333333333,38.7179,21.235867,62.778404
ElecFM,2025-08-11 00:00:00+00:00,LZ_WEST,2025-08-11 13:00:00+00:00,22.051666666666662,29.531857,13.6655655,51.142235
ElecFM,2025-08-11 00:00:00+00:00,LZ_WEST,2025-08-11 14:00:00+00:00,23.079166666666666,25.557842,11.340733,46.949333
ElecFM,2025-08-11 00:00:00+00:00,LZ_WEST,2025-08-11 15:00:00+00:00,24.989166666666662,22.454128,8.228472,42.879253
ElecFM,2025-08-11 00:00:00+00:00,LZ_WEST,2025-08-11 16:00:00+00:00,29.521666666666665,23.783333,8.480461,43.59176
ElecFM,2025-08-11 00:00:00+00:00,LZ_WEST,2025-08-11 17:00:00+00:00,38.330000000000005,25.94183,10.133646,46.724785
ElecFM,2025-08-11 00:00:00+00:00,LZ_WEST,2025-08-11 18:00:00+00:00,29.731666666666666,27.220512,9.634884,48.264244
ElecFM,2025-08-11 00:00:00+00:00,LZ_WEST,2025-08-11 19:00:00+00:00,29.71,31.239801,11.170891,51.91419
ElecFM,2025-08-11 00:00:00+00:00,LZ_WEST,2025-08-11 20:00:00+00:00,30.15083333333333,32.914944,11.747187,54.80577
ElecFM,2025-08-11 00:00:00+00:00,LZ_WEST,2025-08-11 21:00:00+00:00,38.0275,34.053787,11.365198,57.8659
ElecFM,2025-08-11 00:00:00+00:00,LZ_WEST,2025-08-11 22:00:00+00:00,24.23583333333333,37.03081,12.715235,64.068146
ElecFM,2025-08-11 00:00:00+00:00,LZ_WEST,2025-08-11 23:00:00+00:00,45.775,50.84934,23.630772,81.75824
ElecFM,2025-08-12 00:00:00+00:00,LZ_LCRA,2025-08-12 00:00:00+00:00,106.14083333333332,64.215744,45.187225,94.29947
ElecFM,2025-08-12 00:00:00+00:00,LZ_LCRA,2025-08-12 01:00:00+00:00,71.73666666666666,49.44286,33.08988,78.129654
ElecFM,2025-08-12 00:00:00+00:00,LZ_LCRA,2025-08-12 02:00:00+00:00,107.34333333333332,38.314606,26.733355,63.70556
ElecFM,2025-08-12 00:00:00+00:00,LZ_LCRA,2025-08-12 03:00:00+00:00,59.939166666666665,33.010677,23.82019,54.362823
ElecFM,2025-08-12 00:00:00+00:00,LZ_LCRA,2025-08-12 04:00:00+00:00,39.44166666666667,30.628794,22.515724,48.009422
ElecFM,2025-08-12 00:00:00+00:00,LZ_LCRA,2025-08-12 05:00:00+00:00,31.75333333333333,30.936932,23.703983,45.2138
ElecFM,2025-08-12 00:00:00+00:00,LZ_LCRA,2025-08-12 06:00:00+00:00,30.203333333333333,28.338795,21.536003,40.21589
ElecFM,2025-08-12 00:00:00+00:00,LZ_LCRA,2025-08-12 07:00:00+00:00,27.555,25.005127,19.526463,35.506767
ElecFM,2025-08-12 00:00:00+00:00,LZ_LCRA,2025-08-12 08:00:00+00:00,23.89583333333333,23.074902,18.153212,32.649117
ElecFM,2025-08-12 00:00:00+00:00,LZ_LCRA,2025-08-12 09:00:00+00:00,23.74083333333333,24.269623,18.62111,35.12175
ElecFM,2025-08-12 00:00:00+00:00,LZ_LCRA,2025-08-12 10:00:00+00:00,31.18583333333333,28.020533,20.859138,40.465855
ElecFM,2025-08-12 00:00:00+00:00,LZ_LCRA,2025-08-12 11:00:00+00:00,37.3925,30.66941,21.432798,45.267616
ElecFM,2025-08-12 00:00:00+00:00,LZ_LCRA,2025-08-12 12:00:00+00:00,31.299166666666665,26.575226,18.688858,42.955326
ElecFM,2025-08-12 00:00:00+00:00,LZ_LCRA,2025-08-12 13:00:00+00:00,22.102500000000003,24.576239,17.658926,40.753464
ElecFM,2025-08-12 00:00:00+00:00,LZ_LCRA,2025-08-12 14:00:00+00:00,21.800833333333333,25.667406,18.76989,42.704205
ElecFM,2025-08-12 00:00:00+00:00,LZ_LCRA,2025-08-12 15:00:00+00:00,23.019166666666667,28.615547,21.076847,49.29164
ElecFM,2025-08-12 00:00:00+00:00,LZ_LCRA,2025-08-12 16:00:00+00:00,29.02416666666667,33.89468,23.472046,59.749382
ElecFM,2025-08-12 00:00:00+00:00,LZ_LCRA,2025-08-12 17:00:00+00:00,66.87833333333333,43.151505,29.473553,74.58639
ElecFM,2025-08-12 00:00:00+00:00,LZ_LCRA,2025-08-12 18:00:00+00:00,72.0725,51.318153,33.46267,87.51641
ElecFM,2025-08-12 00:00:00+00:00,LZ_LCRA,2025-08-12 19:00:00+00:00,90.32416666666668,57.15107,35.472557,98.40683
ElecFM,2025-08-12 00:00:00+00:00,LZ_LCRA,2025-08-12 20:00:00+00:00,93.395,62.62693,37.770576,110.63486
ElecFM,2025-08-12 00:00:00+00:00,LZ_LCRA,2025-08-12 21:00:00+00:00,84.55166666666666,68.72827,39.542725,121.32745
ElecFM,2025-08-12 00:00:00+00:00,LZ_LCRA,2025-08-12 22:00:00+00:00,78.79583333333333,68.23256,37.01356,124.504425
ElecFM,2025-08-12 00:00:00+00:00,LZ_LCRA,2025-08-12 23:00:00+00:00,109.22,71.08588,39.59935,127.50241
ElecFM,2025-08-12 00:00:00+00:00,LZ_RAYBN,2025-08-12 00:00:00+00:00,92.66583333333334,50.59903,38.246735,67.46187
ElecFM,2025-08-12 00:00:00+00:00,LZ_RAYBN,2025-08-12 01:00:00+00:00,66.625,47.38573,35.133625,65.14728
ElecFM,2025-08-12 00:00:00+00:00,LZ_RAYBN,2025-08-12 02:00:00+00:00,102.37083333333334,34.157784,23.786932,50.634716
ElecFM,2025-08-12 00:00:00+00:00,LZ_RAYBN,2025-08-12 03:00:00+00:00,57.73833333333334,28.555395,20.434458,43.269913
ElecFM,2025-08-12 00:00:00+00:00,LZ_RAYBN,2025-08-12 04:00:00+00:00,37.25083333333333,28.233564,22.034798,40.554016
ElecFM,2025-08-12 00:00:00+00:00,LZ_RAYBN,2025-08-12 05:00:00+00:00,28.01833333333333,26.162758,21.055178,36.62208
ElecFM,2025-08-12 00:00:00+00:00,LZ_RAYBN,2025-08-12 06:00:00+00:00,23.294166666666666,26.530521,22.304451,36.18307
ElecFM,2025-08-12 00:00:00+00:00,LZ_RAYBN,2025-08-12 07:00:00+00:00,21.83083333333333,24.59449,20.761185,34.105873
ElecFM,2025-08-12 00:00:00+00:00,LZ_RAYBN,2025-08-12 08:00:00+00:00,23.69,23.652357,20.337496,31.734426
ElecFM,2025-08-12 00:00:00+00:00,LZ_RAYBN,2025-08-12 09:00:00+00:00,22.7825,24.180937,20.918362,31.91679
ElecFM,2025-08-12 00:00:00+00:00,LZ_RAYBN,2025-08-12 10:00:00+00:00,32.29833333333333,23.744791,19.865784,31.31428
ElecFM,2025-08-12 00:00:00+00:00,LZ_RAYBN,2025-08-12 11:00:00+00:00,38.14,25.289133,20.227667,33.591446
ElecFM,2025-08-12 00:00:00+00:00,LZ_RAYBN,2025-08-12 12:00:00+00:00,33.17166666666667,24.30609,19.39246,32.735577
ElecFM,2025-08-12 00:00:00+00:00,LZ_RAYBN,2025-08-12 13:00:00+00:00,22.51,20.775913,15.712063,28.697168
ElecFM,2025-08-12 00:00:00+00:00,LZ_RAYBN,2025-08-12 14:00:00+00:00,21.8375,20.018263,15.5348215,27.379847
ElecFM,2025-08-12 00:00:00+00:00,LZ_RAYBN,2025-08-12 15:00:00+00:00,23.05,20.723135,16.800776,27.651943
ElecFM,2025-08-12 00:00:00+00:00,LZ_RAYBN,2025-08-12 16:00:00+00:00,22.264166666666668,23.615805,20.324877,31.01558
ElecFM,2025-08-12 00:00:00+00:00,LZ_RAYBN,2025-08-12 17:00:00+00:00,26.281666666666663,24.589128,21.236174,32.676548
ElecFM,2025-08-12 00:00:00+00:00,LZ_RAYBN,2025-08-12 18:00:00+00:00,31.425833333333333,23.837551,20.296774,32.528866
ElecFM,2025-08-12 00:00:00+00:00,LZ_RAYBN,2025-08-12 19:00:00+00:00,36.32833333333333,25.12395,21.346516,34.534824
ElecFM,2025-08-12 00:00:00+00:00,LZ_RAYBN,2025-08-12 20:00:00+00:00,30.852500000000003,25.807331,21.937965,35.99084
ElecFM,2025-08-12 00:00:00+00:00,LZ_RAYBN,2025-08-12 21:00:00+00:00,40.54333333333333,26.755898,21.52824,38.720516
ElecFM,2025-08-12 00:00:00+00:00,LZ_RAYBN,2025-08-12 22:00:00+00:00,56.295,26.770203,20.087122,41.39966
ElecFM,2025-08-12 00:00:00+00:00,LZ_RAYBN,2025-08-12 23:00:00+00:00,107.07,33.37674,24.010216,51.152
ElecFM,2025-08-12 00:00:00+00:00,LZ_WEST,2025-08-12 00:00:00+00:00,98.07666666666668,59.393757,44.4041,76.33729
ElecFM,2025-08-12 00:00:00+00:00,LZ_WEST,2025-08-12 01:00:00+00:00,77.46166666666666,66.14176,48.574654,86.05419
ElecFM,2025-08-12 00:00:00+00:00,LZ_WEST,2025-08-12 02:00:00+00:00,109.68083333333334,66.53728,48.38878,88.31095
ElecFM,2025-08-12 00:00:00+00:00,LZ_WEST,2025-08-12 03:00:00+00:00,63.24,60.614113,42.324715,83.05174
ElecFM,2025-08-12 00:00:00+00:00,LZ_WEST,2025-08-12 04:00:00+00:00,63.73916666666667,56.276917,38.755608,78.221725
ElecFM,2025-08-12 00:00:00+00:00,LZ_WEST,2025-08-12 05:00:00+00:00,74.6675,56.88584,40.141647,77.66205
ElecFM,2025-08-12 00:00:00+00:00,LZ_WEST,2025-08-12 06:00:00+00:00,65.70833333333333,53.609497,38.2596,73.79845
ElecFM,2025-08-12 00:00:00+00:00,LZ_WEST,2025-08-12 07:00:00+00:00,52.54166666666666,52.81782,38.09612,72.80607
ElecFM,2025-08-12 00:00:00+00:00,LZ_WEST,2025-08-12 08:00:00+00:00,35.68416666666666,45.92244,31.852228,64.82094
ElecFM,2025-08-12 00:00:00+00:00,LZ_WEST,2025-08-12 09:00:00+00:00,49.0725,46.772587,33.414303,65.429855
ElecFM,2025-08-12 00:00:00+00:00,LZ_WEST,2025-08-12 10:00:00+00:00,57.22833333333333,48.216484,35.937866,65.38117
ElecFM,2025-08-12 00:00:00+00:00,LZ_WEST,2025-08-12 11:00:00+00:00,52.10583333333333,46.21721,34.433056,62.96845
ElecFM,2025-08-12 00:00:00+00:00,LZ_WEST,2025-08-12 12:00:00+00:00,67.44333333333334,40.056942,29.02992,55.28109
ElecFM,2025-08-12 00:00:00+00:00,LZ_WEST,2025-08-12 13:00:00+00:00,32.97833333333333,30.8417,20.241707,43.935833
ElecFM,2025-08-12 00:00:00+00:00,LZ_WEST,2025-08-12 14:00:00+00:00,22.15083333333333,28.221209,18.692501,41.50153
ElecFM,2025-08-12 00:00:00+00:00,LZ_WEST,2025-08-12 15:00:00+00:00,23.231666666666666,27.173708,17.760567,39.64246
ElecFM,2025-08-12 00:00:00+00:00,LZ_WEST,2025-08-12 16:00:00+00:00,23.117500000000003,28.328917,19.138214,40.4085
ElecFM,2025-08-12 00:00:00+00:00,LZ_WEST,2025-08-12 17:00:00+00:00,31.4325,29.08208,20.347164,40.911808
ElecFM,2025-08-12 00:00:00+00:00,LZ_WEST,2025-08-12 18:00:00+00:00,37.27,29.454386,20.420216,41.14807
ElecFM,2025-08-12 00:00:00+00:00,LZ_WEST,2025-08-12 19:00:00+00:00,44.825,31.87709,22.428116,44.35731
ElecFM,2025-08-12 00:00:00+00:00,LZ_WEST,2025-08-12 20:00:00+00:00,40.303333333333335,31.271217,20.580198,44.18557
ElecFM,2025-08-12 00:00:00+00:00,LZ_WEST,2025-08-12 21:00:00+00:00,54.77166666666667,31.270035,17.502735,44.845818
ElecFM,2025-08-12 00:00:00+00:00,LZ_WEST,2025-08-12 22:00:00+00:00,66.13250000000001,32.150707,16.784626,47.80989
ElecFM,2025-08-12 00:00:00+00:00,LZ_WEST,2025-08-12 23:00:00+00:00,113.32,42.86057,25.148487,60.41465
ElecFM,2025-08-13 00:00:00+00:00,LZ_LCRA,2025-08-13 00:00:00+00:00,90.79583333333332,90.63435,65.51458,123.86058
ElecFM,2025-08-13 00:00:00+00:00,LZ_LCRA,2025-08-13 01:00:00+00:00,70.8275,74.27087,49.572773,108.22577
ElecFM,2025-08-13 00:00:00+00:00,LZ_LCRA,2025-08-13 02:00:00+00:00,49.715833333333336,56.713455,37.191772,87.61009
ElecFM,2025-08-13 00:00:00+00:00,LZ_LCRA,2025-08-13 03:00:00+00:00,37.153333333333336,46.222595,30.812166,73.24042
ElecFM,2025-08-13 00:00:00+00:00,LZ_LCRA,2025-08-13 04:00:00+00:00,33.513333333333335,39.493164,28.447596,59.53586
ElecFM,2025-08-13 00:00:00+00:00,LZ_LCRA,2025-08-13 05:00:00+00:00,29.694166666666664,38.006153,29.996527,53.12869
ElecFM,2025-08-13 00:00:00+00:00,LZ_LCRA,2025-08-13 06:00:00+00:00,28.116666666666664,34.33106,28.09099,45.820385
ElecFM,2025-08-13 00:00:00+00:00,LZ_LCRA,2025-08-13 07:00:00+00:00,29.5825,32.93165,27.632301,43.603622
ElecFM,2025-08-13 00:00:00+00:00,LZ_LCRA,2025-08-13 08:00:00+00:00,29.55333333333333,29.471432,23.779648,37.756504
ElecFM,2025-08-13 00:00:00+00:00,LZ_LCRA,2025-08-13 09:00:00+00:00,33.20333333333333,28.079956,20.949875,37.533195
ElecFM,2025-08-13 00:00:00+00:00,LZ_LCRA,2025-08-13 10:00:00+00:00,37.9,30.625563,21.700272,39.734783
ElecFM,2025-08-13 00:00:00+00:00,LZ_LCRA,2025-08-13 11:00:00+00:00,59.92416666666667,31.279816,20.39739,43.3508
ElecFM,2025-08-13 00:00:00+00:00,LZ_LCRA,2025-08-13 12:00:00+00:00,43.4675,28.919277,18.784147,41.65625
ElecFM,2025-08-13 00:00:00+00:00,LZ_LCRA,2025-08-13 13:00:00+00:00,25.4525,27.176256,18.17296,40.429672
ElecFM,2025-08-13 00:00:00+00:00,LZ_LCRA,2025-08-13 14:00:00+00:00,25.419166666666666,28.765512,20.119164,43.07609
ElecFM,2025-08-13 00:00:00+00:00,LZ_LCRA,2025-08-13 15:00:00+00:00,25.819166666666664,30.896698,22.590828,49.286522
ElecFM,2025-08-13 00:00:00+00:00,LZ_LCRA,2025-08-13 16:00:00+00:00,32.72666666666667,37.4312,25.427252,59.806557
ElecFM,2025-08-13 00:00:00+00:00,LZ_LCRA,2025-08-13 17:00:00+00:00,52.73500000000001,48.571354,33.640545,76.52364
ElecFM,2025-08-13 00:00:00+00:00,LZ_LCRA,2025-08-13 18:00:00+00:00,82.88250000000001,55.19368,36.87555,87.821045
ElecFM,2025-08-13 00:00:00+00:00,LZ_LCRA,2025-08-13 19:00:00+00:00,61.678333333333335,57.3496,35.397392,94.42098
ElecFM,2025-08-13 00:00:00+00:00,LZ_LCRA,2025-08-13 20:00:00+00:00,53.13833333333333,62.669342,39.148384,104.005264
ElecFM,2025-08-13 00:00:00+00:00,LZ_LCRA,2025-08-13 21:00:00+00:00,43.345,65.50761,39.190998,111.28858
ElecFM,2025-08-13 00:00:00+00:00,LZ_LCRA,2025-08-13 22:00:00+00:00,46.259166666666665,67.01019,39.38042,115.692604
ElecFM,2025-08-13 00:00:00+00:00,LZ_LCRA,2025-08-13 23:00:00+00:00,65.46083333333333,73.42375,44.097477,124.837105
ElecFM,2025-08-13 00:00:00+00:00,LZ_RAYBN,2025-08-13 00:00:00+00:00,88.38416666666666,98.47212,65.56364,137.92807
ElecFM,2025-08-13 00:00:00+00:00,LZ_RAYBN,2025-08-13 01:00:00+00:00,69.715,76.366714,45.368034,116.12148
ElecFM,2025-08-13 00:00:00+00:00,LZ_RAYBN,2025-08-13 02:00:00+00:00,47.303333333333335,49.488968,26.537525,84.48917
ElecFM,2025-08-13 00:00:00+00:00,LZ_RAYBN,2025-08-13 03:00:00+00:00,35.98416666666667,33.250057,18.249073,62.256313
ElecFM,2025-08-13 00:00:00+00:00,LZ_RAYBN,2025-08-13 04:00:00+00:00,32.52583333333333,26.900845,19.624601,47.437126
ElecFM,2025-08-13 00:00:00+00:00,LZ_RAYBN,2025-08-13 05:00:00+00:00,31.62,24.235588,22.01782,40.08301
ElecFM,2025-08-13 00:00:00+00:00,LZ_RAYBN,2025-08-13 06:00:00+00:00,29.964166666666667,25.090788,24.114613,38.750454
ElecFM,2025-08-13 00:00:00+00:00,LZ_RAYBN,2025-08-13 07:00:00+00:00,31.26,24.787169,24.61047,39.56239
ElecFM,2025-08-13 00:00:00+00:00,LZ_RAYBN,2025-08-13 08:00:00+00:00,31.39833333333333,23.679504,23.628378,35.73145
ElecFM,2025-08-13 00:00:00+00:00,LZ_RAYBN,2025-08-13 09:00:00+00:00,35.33083333333334,22.639936,22.129051,34.29746
ElecFM,2025-08-13 00:00:00+00:00,LZ_RAYBN,2025-08-13 10:00:00+00:00,38.880833333333335,24.67981,23.74452,35.55289
ElecFM,2025-08-13 00:00:00+00:00,LZ_RAYBN,2025-08-13 11:00:00+00:00,45.67416666666667,26.592981,23.572618,40.340908
ElecFM,2025-08-13 00:00:00+00:00,LZ_RAYBN,2025-08-13 12:00:00+00:00,36.79083333333333,24.923325,20.48214,38.267937
ElecFM,2025-08-13 00:00:00+00:00,LZ_RAYBN,2025-08-13 13:00:00+00:00,25.514166666666668,20.513353,14.889206,34.644783
ElecFM,2025-08-13 00:00:00+00:00,LZ_RAYBN,2025-08-13 14:00:00+00:00,25.419166666666666,20.55346,15.186059,33.441418
ElecFM,2025-08-13 00:00:00+00:00,LZ_RAYBN,2025-08-13 15:00:00+00:00,25.819166666666664,22.073933,17.46439,34.41879
ElecFM,2025-08-13 00:00:00+00:00,LZ_RAYBN,2025-08-13 16:00:00+00:00,32.649166666666666,20.83594,17.377455,32.12338
ElecFM,2025-08-13 00:00:00+00:00,LZ_RAYBN,2025-08-13 17:00:00+00:00,31.4225,24.140327,20.35908,37.34324
ElecFM,2025-08-13 00:00:00+00:00,LZ_RAYBN,2025-08-13 18:00:00+00:00,31.84166666666667,26.425394,21.426285,41.541897
ElecFM,2025-08-13 00:00:00+00:00,LZ_RAYBN,2025-08-13 19:00:00+00:00,36.14083333333333,27.941586,20.946844,46.254395
ElecFM,2025-08-13 00:00:00+00:00,LZ_RAYBN,2025-08-13 20:00:00+00:00,43.8325,30.198133,20.722826,51.5772
ElecFM,2025-08-13 00:00:00+00:00,LZ_RAYBN,2025-08-13 21:00:00+00:00,39.53416666666666,30.267746,18.495602,55.487656
ElecFM,2025-08-13 00:00:00+00:00,LZ_RAYBN,2025-08-13 22:00:00+00:00,46.39666666666667,32.957058,18.382353,61.032093
ElecFM,2025-08-13 00:00:00+00:00,LZ_RAYBN,2025-08-13 23:00:00+00:00,64.84083333333334,42.414036,24.270428,74.29205
ElecFM,2025-08-13 00:00:00+00:00,LZ_WEST,2025-08-13 00:00:00+00:00,91.25666666666666,107.08095,67.62377,152.33228
ElecFM,2025-08-13 00:00:00+00:00,LZ_WEST,2025-08-13 01:00:00+00:00,71.54666666666667,99.071556,59.65027,147.38162
ElecFM,2025-08-13 00:00:00+00:00,LZ_WEST,2025-08-13 02:00:00+00:00,58.35,86.76411,52.128952,133.1354
ElecFM,2025-08-13 00:00:00+00:00,LZ_WEST,2025-08-13 03:00:00+00:00,55.16166666666667,80.46199,51.667454,122.3299
ElecFM,2025-08-13 00:00:00+00:00,LZ_WEST,2025-08-13 04:00:00+00:00,67.23666666666666,72.6106,48.06086,110.50032
ElecFM,2025-08-13 00:00:00+00:00,LZ_WEST,2025-08-13 05:00:00+00:00,69.68583333333333,67.70241,46.450623,101.54871
ElecFM,2025-08-13 00:00:00+00:00,LZ_WEST,2025-08-13 06:00:00+00:00,64.49499999999999,65.97549,46.898132,97.63039
ElecFM,2025-08-13 00:00:00+00:00,LZ_WEST,2025-08-13 07:00:00+00:00,63.14166666666667,65.44042,48.622665,95.77688
ElecFM,2025-08-13 00:00:00+00:00,LZ_WEST,2025-08-13 08:00:00+00:00,65.86583333333333,55.377914,40.152462,82.73769
ElecFM,2025-08-13 00:00:00+00:00,LZ_WEST,2025-08-13 09:00:00+00:00,73.44916666666667,52.67408,38.71145,78.829
ElecFM,2025-08-13 00:00:00+00:00,LZ_WEST,2025-08-13 10:00:00+00:00,71.78666666666668,53.371517,39.555946,79.27666
ElecFM,2025-08-13 00:00:00+00:00,LZ_WEST,2025-08-13 11:00:00+00:00,80.71249999999999,52.356323,37.37987,77.46217
ElecFM,2025-08-13 00:00:00+00:00,LZ_WEST,2025-08-13 12:00:00+00:00,60.51583333333334,47.46294,32.456287,71.55026
ElecFM,2025-08-13 00:00:00+00:00,LZ_WEST,2025-08-13 13:00:00+00:00,26.986666666666665,35.357903,21.369774,56.50384
ElecFM,2025-08-13 00:00:00+00:00,LZ_WEST,2025-08-13 14:00:00+00:00,25.419166666666666,30.626802,19.934517,48.68865
ElecFM,2025-08-13 00:00:00+00:00,LZ_WEST,2025-08-13 15:00:00+00:00,25.824166666666667,26.763302,17.851576,41.938374
ElecFM,2025-08-13 00:00:00+00:00,LZ_WEST,2025-08-13 16:00:00+00:00,32.56333333333333,24.00617,15.750881,37.648415
ElecFM,2025-08-13 00:00:00+00:00,LZ_WEST,2025-08-13 17:00:00+00:00,34.17333333333333,29.521088,20.341509,44.361206
ElecFM,2025-08-13 00:00:00+00:00,LZ_WEST,2025-08-13 18:00:00+00:00,38.535833333333336,33.15622,21.724325,49.901108
ElecFM,2025-08-13 00:00:00+00:00,LZ_WEST,2025-08-13 19:00:00+00:00,41.635,33.89479,20.38683,53.176178
ElecFM,2025-08-13 00:00:00+00:00,LZ_WEST,2025-08-13 20:00:00+00:00,53.8425,36.13327,20.963646,57.665974
ElecFM,2025-08-13 00:00:00+00:00,LZ_WEST,2025-08-13 21:00:00+00:00,47.836666666666666,37.064373,20.308937,60.512848
ElecFM,2025-08-13 00:00:00+00:00,LZ_WEST,2025-08-13 22:00:00+00:00,52.178333333333335,35.284126,17.047827,61.150105
ElecFM,2025-08-13 00:00:00+00:00,LZ_WEST,2025-08-13 23:00:00+00:00,69.38416666666667,45.564667,23.948612,75.19771
ElecFM,2025-08-14 00:00:00+00:00,LZ_LCRA,2025-08-14 00:00:00+00:00,75.51,61.428776,43.25713,87.616974
ElecFM,2025-08-14 00:00:00+00:00,LZ_LCRA,2025-08-14 01:00:00+00:00,57.05833333333334,51.86458,34.140533,77.77806
ElecFM,2025-08-14 00:00:00+00:00,LZ_LCRA,2025-08-14 02:00:00+00:00,47.77916666666667,44.091557,29.299019,67.57516
ElecFM,2025-08-14 00:00:00+00:00,LZ_LCRA,2025-08-14 03:00:00+00:00,32.64666666666667,35.083508,22.917395,55.72109
ElecFM,2025-08-14 00:00:00+00:00,LZ_LCRA,2025-08-14 04:00:00+00:00,28.988333333333333,29.199646,18.638641,46.063564
ElecFM,2025-08-14 00:00:00+00:00,LZ_LCRA,2025-08-14 05:00:00+00:00,27.160833333333333,29.000572,19.55387,44.268337
ElecFM,2025-08-14 00:00:00+00:00,LZ_LCRA,2025-08-14 06:00:00+00:00,24.805000000000003,28.073357,18.810398,42.74906
ElecFM,2025-08-14 00:00:00+00:00,LZ_LCRA,2025-08-14 07:00:00+00:00,23.293333333333333,24.493992,14.987997,40.00341
ElecFM,2025-08-14 00:00:00+00:00,LZ_LCRA,2025-08-14 08:00:00+00:00,22.105,24.163692,15.212133,36.648758
ElecFM,2025-08-14 00:00:00+00:00,LZ_LCRA,2025-08-14 09:00:00+00:00,23.06083333333333,21.113474,12.401667,33.13267
ElecFM,2025-08-14 00:00:00+00:00,LZ_LCRA,2025-08-14 10:00:00+00:00,23.700833333333332,23.76882,15.392595,33.608932
ElecFM,2025-08-14 00:00:00+00:00,LZ_LCRA,2025-08-14 11:00:00+00:00,29.351666666666663,26.630804,17.748968,37.56981
ElecFM,2025-08-14 00:00:00+00:00,LZ_LCRA,2025-08-14 12:00:00+00:00,25.2775,24.63156,16.018738,35.776474
ElecFM,2025-08-14 00:00:00+00:00,LZ_LCRA,2025-08-14 13:00:00+00:00,19.64333333333333,21.580103,12.854301,33.6409
ElecFM,2025-08-14 00:00:00+00:00,LZ_LCRA,2025-08-14 14:00:00+00:00,19.64,21.117361,12.155348,33.86995
ElecFM,2025-08-14 00:00:00+00:00,LZ_LCRA,2025-08-14 15:00:00+00:00,28.381666666666668,24.002747,13.986786,39.661343
ElecFM,2025-08-14 00:00:00+00:00,LZ_LCRA,2025-08-14 16:00:00+00:00,37.123333333333335,27.348888,15.533201,45.922504
ElecFM,2025-08-14 00:00:00+00:00,LZ_LCRA,2025-08-14 17:00:00+00:00,60.5375,39.144947,25.72016,60.95202
ElecFM,2025-08-14 00:00:00+00:00,LZ_LCRA,2025-08-14 18:00:00+00:00,78.43833333333333,44.743843,29.71564,68.35335
ElecFM,2025-08-14 00:00:00+00:00,LZ_LCRA,2025-08-14 19:00:00+00:00,57.22333333333333,46.582726,30.698368,72.08646
ElecFM,2025-08-14 00:00:00+00:00,LZ_LCRA,2025-08-14 20:00:00+00:00,85.815,51.35678,36.053997,78.878235
ElecFM,2025-08-14 00:00:00+00:00,LZ_LCRA,2025-08-14 21:00:00+00:00,87.71666666666665,52.1864,35.38098,82.1933
ElecFM,2025-08-14 00:00:00+00:00,LZ_LCRA,2025-08-14 22:00:00+00:00,90.35416666666669,52.38818,35.795334,84.76253
ElecFM,2025-08-14 00:00:00+00:00,LZ_LCRA,2025-08-14 23:00:00+00:00,62.42916666666667,57.39094,40.386814,92.17771
ElecFM,2025-08-14 00:00:00+00:00,LZ_RAYBN,2025-08-14 00:00:00+00:00,72.62583333333333,70.66288,51.567444,95.404526
ElecFM,2025-08-14 00:00:00+00:00,LZ_RAYBN,2025-08-14 01:00:00+00:00,54.16166666666667,56.18457,37.483402,81.902534
ElecFM,2025-08-14 00:00:00+00:00,LZ_RAYBN,2025-08-14 02:00:00+00:00,44.76916666666667,42.45463,27.461853,65.63737
ElecFM,2025-08-14 00:00:00+00:00,LZ_RAYBN,2025-08-14 03:00:00+00:00,29.3625,33.894024,23.11417,53.97844
ElecFM,2025-08-14 00:00:00+00:00,LZ_RAYBN,2025-08-14 04:00:00+00:00,25.995,30.86499,22.94104,46.4619
ElecFM,2025-08-14 00:00:00+00:00,LZ_RAYBN,2025-08-14 05:00:00+00:00,24.171666666666667,30.257841,23.973309,44.417015
ElecFM,2025-08-14 00:00:00+00:00,LZ_RAYBN,2025-08-14 06:00:00+00:00,34.053333333333335,29.99359,23.652468,43.54667
ElecFM,2025-08-14 00:00:00+00:00,LZ_RAYBN,2025-08-14 07:00:00+00:00,22.66,28.61309,21.953274,42.99359
ElecFM,2025-08-14 00:00:00+00:00,LZ_RAYBN,2025-08-14 08:00:00+00:00,22.105,26.179745,19.628426,38.113655
ElecFM,2025-08-14 00:00:00+00:00,LZ_RAYBN,2025-08-14 09:00:00+00:00,23.06083333333333,26.997755,20.272215,38.142876
ElecFM,2025-08-14 00:00:00+00:00,LZ_RAYBN,2025-08-14 10:00:00+00:00,23.700833333333332,29.37366,22.432697,39.293755
ElecFM,2025-08-14 00:00:00+00:00,LZ_RAYBN,2025-08-14 11:00:00+00:00,29.351666666666663,30.957855,23.441032,42.37294
ElecFM,2025-08-14 00:00:00+00:00,LZ_RAYBN,2025-08-14 12:00:00+00:00,25.2775,29.254078,21.168833,40.01673
ElecFM,2025-08-14 00:00:00+00:00,LZ_RAYBN,2025-08-14 13:00:00+00:00,19.64333333333333,25.189863,16.687508,36.477413
ElecFM,2025-08-14 00:00:00+00:00,LZ_RAYBN,2025-08-14 14:00:00+00:00,19.629166666666663,24.375813,16.628815,35.374607
ElecFM,2025-08-14 00:00:00+00:00,LZ_RAYBN,2025-08-14 15:00:00+00:00,23.51083333333333,25.868296,18.274302,37.01033
ElecFM,2025-08-14 00:00:00+00:00,LZ_RAYBN,2025-08-14 16:00:00+00:00,27.3925,24.736614,16.55857,36.00717
ElecFM,2025-08-14 00:00:00+00:00,LZ_RAYBN,2025-08-14 17:00:00+00:00,33.86833333333333,26.16819,17.072212,39.500618
ElecFM,2025-08-14 00:00:00+00:00,LZ_RAYBN,2025-08-14 18:00:00+00:00,40.79333333333333,26.67852,15.956492,41.42194
ElecFM,2025-08-14 00:00:00+00:00,LZ_RAYBN,2025-08-14 19:00:00+00:00,36.03916666666667,29.119963,17.28304,46.058575
ElecFM,2025-08-14 00:00:00+00:00,LZ_RAYBN,2025-08-14 20:00:00+00:00,34.365,29.31133,17.202686,47.74382
ElecFM,2025-08-14 00:00:00+00:00,LZ_RAYBN,2025-08-14 21:00:00+00:00,38.1125,30.351799,17.08044,50.763092
ElecFM,2025-08-14 00:00:00+00:00,LZ_RAYBN,2025-08-14 22:00:00+00:00,31.139166666666668,33.27683,18.973816,55.977905
ElecFM,2025-08-14 00:00:00+00:00,LZ_RAYBN,2025-08-14 23:00:00+00:00,41.344166666666666,40.829155,24.679008,66.68269
ElecFM,2025-08-14 00:00:00+00:00,LZ_WEST,2025-08-14 00:00:00+00:00,77.68249999999999,78.42091,60.167233,98.76994
ElecFM,2025-08-14 00:00:00+00:00,LZ_WEST,2025-08-14 01:00:00+00:00,62.9425,77.12258,56.980488,100.59595
ElecFM,2025-08-14 00:00:00+00:00,LZ_WEST,2025-08-14 02:00:00+00:00,60.806666666666665,77.49675,55.588585,103.41368
ElecFM,2025-08-14 00:00:00+00:00,LZ_WEST,2025-08-14 03:00:00+00:00,50.07749999999999,73.68164,51.113884,100.93268
ElecFM,2025-08-14 00:00:00+00:00,LZ_WEST,2025-08-14 04:00:00+00:00,44.89333333333334,70.6241,46.56324,97.31853
ElecFM,2025-08-14 00:00:00+00:00,LZ_WEST,2025-08-14 05:00:00+00:00,42.751666666666665,69.019066,45.380577,96.128426
ElecFM,2025-08-14 00:00:00+00:00,LZ_WEST,2025-08-14 06:00:00+00:00,37.58166666666667,63.826736,40.640675,91.46829
ElecFM,2025-08-14 00:00:00+00:00,LZ_WEST,2025-08-14 07:00:00+00:00,27.05666666666667,61.03396,38.57534,88.15863
ElecFM,2025-08-14 00:00:00+00:00,LZ_WEST,2025-08-14 08:00:00+00:00,22.105,57.87427,36.12285,82.59206
ElecFM,2025-08-14 00:00:00+00:00,LZ_WEST,2025-08-14 09:00:00+00:00,23.06083333333333,59.309227,38.3665,82.704544
ElecFM,2025-08-14 00:00:00+00:00,LZ_WEST,2025-08-14 10:00:00+00:00,23.700833333333332,60.000954,39.219704,82.27306
ElecFM,2025-08-14 00:00:00+00:00,LZ_WEST,2025-08-14 11:00:00+00:00,29.351666666666663,59.25626,38.71152,80.37959
ElecFM,2025-08-14 00:00:00+00:00,LZ_WEST,2025-08-14 12:00:00+00:00,25.290000000000003,49.45513,29.38173,67.33609
ElecFM,2025-08-14 00:00:00+00:00,LZ_WEST,2025-08-14 13:00:00+00:00,19.696666666666665,33.574066,14.397886,48.98723
ElecFM,2025-08-14 00:00:00+00:00,LZ_WEST,2025-08-14 14:00:00+00:00,19.589166666666667,28.946564,11.579105,43.705784
ElecFM,2025-08-14 00:00:00+00:00,LZ_WEST,2025-08-14 15:00:00+00:00,23.763333333333335,28.743826,11.475422,42.626114
ElecFM,2025-08-14 00:00:00+00:00,LZ_WEST,2025-08-14 16:00:00+00:00,27.9375,27.990112,9.851551,41.9623
ElecFM,2025-08-14 00:00:00+00:00,LZ_WEST,2025-08-14 17:00:00+00:00,36.6575,33.415302,15.279079,49.02192
ElecFM,2025-08-14 00:00:00+00:00,LZ_WEST,2025-08-14 18:00:00+00:00,43.71666666666667,35.821426,15.496017,52.855587
ElecFM,2025-08-14 00:00:00+00:00,LZ_WEST,2025-08-14 19:00:00+00:00,32.02916666666667,36.76822,16.023598,54.909454
ElecFM,2025-08-14 00:00:00+00:00,LZ_WEST,2025-08-14 20:00:00+00:00,34.221666666666664,38.585106,16.720367,57.54875
ElecFM,2025-08-14 00:00:00+00:00,LZ_WEST,2025-08-14 21:00:00+00:00,37.92,40.159786,17.019363,59.50413
ElecFM,2025-08-14 00:00:00+00:00,LZ_WEST,2025-08-14 22:00:00+00:00,38.0875,42.006958,18.6488,62.97271
ElecFM,2025-08-14 00:00:00+00:00,LZ_WEST,2025-08-14 23:00:00+00:00,45.635,53.305946,29.54378,75.90614
ElecFM,2025-08-15 00:00:00+00:00,LZ_LCRA,2025-08-15 00:00:00+00:00,102.53666666666668,63.070465,43.120823,91.11956
ElecFM,2025-08-15 00:00:00+00:00,LZ_LCRA,2025-08-15 01:00:00+00:00,66.65083333333334,53.161964,35.23161,79.04221
ElecFM,2025-08-15 00:00:00+00:00,LZ_LCRA,2025-08-15 02:00:00+00:00,64.57916666666667,44.367554,29.803587,65.664116
ElecFM,2025-08-15 00:00:00+00:00,LZ_LCRA,2025-08-15 03:00:00+00:00,36.9475,36.86151,24.9039,54.545753
ElecFM,2025-08-15 00:00:00+00:00,LZ_LCRA,2025-08-15 04:00:00+00:00,30.10833333333333,33.034744,21.062645,45.686394
ElecFM,2025-08-15 00:00:00+00:00,LZ_LCRA,2025-08-15 05:00:00+00:00,28.374166666666667,32.415413,20.954687,43.19303
ElecFM,2025-08-15 00:00:00+00:00,LZ_LCRA,2025-08-15 06:00:00+00:00,25.745,30.228348,18.46384,40.06278
ElecFM,2025-08-15 00:00:00+00:00,LZ_LCRA,2025-08-15 07:00:00+00:00,23.82166666666667,26.520391,14.069828,35.124275
ElecFM,2025-08-15 00:00:00+00:00,LZ_LCRA,2025-08-15 08:00:00+00:00,23.56083333333333,27.843418,14.662132,33.654064
ElecFM,2025-08-15 00:00:00+00:00,LZ_LCRA,2025-08-15 09:00:00+00:00,24.425,29.147963,15.525101,35.91593
ElecFM,2025-08-15 00:00:00+00:00,LZ_LCRA,2025-08-15 10:00:00+00:00,30.7825,31.802797,17.541012,37.58783
ElecFM,2025-08-15 00:00:00+00:00,LZ_LCRA,2025-08-15 11:00:00+00:00,40.91333333333333,33.611595,16.603762,43.461235
ElecFM,2025-08-15 00:00:00+00:00,LZ_LCRA,2025-08-15 12:00:00+00:00,29.727500000000003,32.525024,16.60506,42.633305
ElecFM,2025-08-15 00:00:00+00:00,LZ_LCRA,2025-08-15 13:00:00+00:00,20.701666666666664,29.474789,14.19486,40.871964
ElecFM,2025-08-15 00:00:00+00:00,LZ_LCRA,2025-08-15 14:00:00+00:00,18.96,29.169575,16.079315,41.70493
ElecFM,2025-08-15 00:00:00+00:00,LZ_LCRA,2025-08-15 15:00:00+00:00,24.995,35.089996,21.79248,52.358402
ElecFM,2025-08-15 00:00:00+00:00,LZ_LCRA,2025-08-15 16:00:00+00:00,44.38166666666667,43.89428,26.85321,68.28003
ElecFM,2025-08-15 00:00:00+00:00,LZ_LCRA,2025-08-15 17:00:00+00:00,41.31666666666667,58.893776,36.923992,92.508545
ElecFM,2025-08-15 00:00:00+00:00,LZ_LCRA,2025-08-15 18:00:00+00:00,42.21333333333333,66.718895,37.973087,106.171074
ElecFM,2025-08-15 00:00:00+00:00,LZ_LCRA,2025-08-15 19:00:00+00:00,65.8425,68.28728,34.378036,112.4828
ElecFM,2025-08-15 00:00:00+00:00,LZ_LCRA,2025-08-15 20:00:00+00:00,57.009166666666665,72.777824,37.958347,121.78552
ElecFM,2025-08-15 00:00:00+00:00,LZ_LCRA,2025-08-15 21:00:00+00:00,46.623333333333335,73.502556,36.81116,126.47472
ElecFM,2025-08-15 00:00:00+00:00,LZ_LCRA,2025-08-15 22:00:00+00:00,47.303333333333335,74.17522,39.18579,128.08679
ElecFM,2025-08-15 00:00:00+00:00,LZ_LCRA,2025-08-15 23:00:00+00:00,45.45333333333334,74.17506,40.37259,127.26756
ElecFM,2025-08-15 00:00:00+00:00,LZ_RAYBN,2025-08-15 00:00:00+00:00,90.21,51.14479,37.950626,69.71515
ElecFM,2025-08-15 00:00:00+00:00,LZ_RAYBN,2025-08-15 01:00:00+00:00,64.2025,42.911774,29.925417,61.51768
ElecFM,2025-08-15 00:00:00+00:00,LZ_RAYBN,2025-08-15 02:00:00+00:00,44.9825,36.13814,24.925547,53.09291
ElecFM,2025-08-15 00:00:00+00:00,LZ_RAYBN,2025-08-15 03:00:00+00:00,25.99833333333333,29.383596,20.218983,43.72917
ElecFM,2025-08-15 00:00:00+00:00,LZ_RAYBN,2025-08-15 04:00:00+00:00,23.013333333333332,25.955433,17.851122,38.02496
ElecFM,2025-08-15 00:00:00+00:00,LZ_RAYBN,2025-08-15 05:00:00+00:00,24.495,24.291634,17.367594,35.092125
ElecFM,2025-08-15 00:00:00+00:00,LZ_RAYBN,2025-08-15 06:00:00+00:00,22.66,24.45121,17.929016,34.783665
ElecFM,2025-08-15 00:00:00+00:00,LZ_RAYBN,2025-08-15 07:00:00+00:00,21.90833333333333,23.888834,17.329811,34.258812
ElecFM,2025-08-15 00:00:00+00:00,LZ_RAYBN,2025-08-15 08:00:00+00:00,23.1125,23.117348,16.20277,32.582325
ElecFM,2025-08-15 00:00:00+00:00,LZ_RAYBN,2025-08-15 09:00:00+00:00,24.24833333333333,23.622452,16.269444,33.51157
ElecFM,2025-08-15 00:00:00+00:00,LZ_RAYBN,2025-08-15 10:00:00+00:00,27.614166666666662,23.809744,15.473161,34.077934
ElecFM,2025-08-15 00:00:00+00:00,LZ_RAYBN,2025-08-15 11:00:00+00:00,36.275,25.820286,16.32962,36.7837
ElecFM,2025-08-15 00:00:00+00:00,LZ_RAYBN,2025-08-15 12:00:00+00:00,28.695,23.437754,14.346951,34.648808
ElecFM,2025-08-15 00:00:00+00:00,LZ_RAYBN,2025-08-15 13:00:00+00:00,20.575,19.246445,10.779478,29.737595
ElecFM,2025-08-15 00:00:00+00:00,LZ_RAYBN,2025-08-15 14:00:00+00:00,16.856666666666666,18.058582,10.859531,28.009296
ElecFM,2025-08-15 00:00:00+00:00,LZ_RAYBN,2025-08-15 15:00:00+00:00,17.405,19.771412,13.067131,29.455194
ElecFM,2025-08-15 00:00:00+00:00,LZ_RAYBN,2025-08-15 16:00:00+00:00,20.089166666666667,22.063442,15.423874,31.996052
ElecFM,2025-08-15 00:00:00+00:00,LZ_RAYBN,2025-08-15 17:00:00+00:00,20.620833333333337,24.167759,16.905592,35.284462
ElecFM,2025-08-15 00:00:00+00:00,LZ_RAYBN,2025-08-15 18:00:00+00:00,20.56583333333333,23.462152,15.332732,35.75274
ElecFM,2025-08-15 00:00:00+00:00,LZ_RAYBN,2025-08-15 19:00:00+00:00,24.40083333333333,24.955643,16.4287,38.68274
ElecFM,2025-08-15 00:00:00+00:00,LZ_RAYBN,2025-08-15 20:00:00+00:00,24.63,25.429766,16.573498,40.983734
ElecFM,2025-08-15 00:00:00+00:00,LZ_RAYBN,2025-08-15 21:00:00+00:00,25.093333333333337,25.806765,15.602225,43.28559
ElecFM,2025-08-15 00:00:00+00:00,LZ_RAYBN,2025-08-15 22:00:00+00:00,28.120833333333337,28.262533,17.25077,48.41458
ElecFM,2025-08-15 00:00:00+00:00,LZ_RAYBN,2025-08-15 23:00:00+00:00,36.22666666666667,34.96327,22.7137,57.14688
ElecFM,2025-08-15 00:00:00+00:00,LZ_WEST,2025-08-15 00:00:00+00:00,93.3825,58.64048,42.71876,78.29785
ElecFM,2025-08-15 00:00:00+00:00,LZ_WEST,2025-08-15 01:00:00+00:00,73.57666666666667,60.839413,42.883812,82.662125
ElecFM,2025-08-15 00:00:00+00:00,LZ_WEST,2025-08-15 02:00:00+00:00,82.9075,60.64572,42.30676,83.94362
ElecFM,2025-08-15 00:00:00+00:00,LZ_WEST,2025-08-15 03:00:00+00:00,53.46416666666667,57.728603,39.48459,81.93091
ElecFM,2025-08-15 00:00:00+00:00,LZ_WEST,2025-08-15 04:00:00+00:00,44.73166666666666,53.879684,34.941185,76.84881
ElecFM,2025-08-15 00:00:00+00:00,LZ_WEST,2025-08-15 05:00:00+00:00,41.57916666666667,53.256577,33.83942,76.57409
ElecFM,2025-08-15 00:00:00+00:00,LZ_WEST,2025-08-15 06:00:00+00:00,38.575,48.16621,28.89656,73.27452
ElecFM,2025-08-15 00:00:00+00:00,LZ_WEST,2025-08-15 07:00:00+00:00,42.38166666666667,42.11999,22.209957,68.04915
ElecFM,2025-08-15 00:00:00+00:00,LZ_WEST,2025-08-15 08:00:00+00:00,31.23,40.546947,19.84625,65.05618
ElecFM,2025-08-15 00:00:00+00:00,LZ_WEST,2025-08-15 09:00:00+00:00,25.486666666666665,39.261215,18.376156,64.03642
ElecFM,2025-08-15 00:00:00+00:00,LZ_WEST,2025-08-15 10:00:00+00:00,48.435,44.418262,22.648153,68.55896
ElecFM,2025-08-15 00:00:00+00:00,LZ_WEST,2025-08-15 11:00:00+00:00,66.46416666666666,40.6153,19.607357,64.252075
ElecFM,2025-08-15 00:00:00+00:00,LZ_WEST,2025-08-15 12:00:00+00:00,35.36,29.261915,9.802174,50.11352
ElecFM,2025-08-15 00:00:00+00:00,LZ_WEST,2025-08-15 13:00:00+00:00,21.129166666666663,16.536228,-0.12612915,33.38402
ElecFM,2025-08-15 00:00:00+00:00,LZ_WEST,2025-08-15 14:00:00+00:00,15.6275,13.688372,0.068626404,29.630821
ElecFM,2025-08-15 00:00:00+00:00,LZ_WEST,2025-08-15 15:00:00+00:00,15.86,15.4828415,2.4919586,29.198542
ElecFM,2025-08-15 00:00:00+00:00,LZ_WEST,2025-08-15 16:00:00+00:00,20.52833333333333,20.840984,6.4117966,33.90744
ElecFM,2025-08-15 00:00:00+00:00,LZ_WEST,2025-08-15 17:00:00+00:00,19.171666666666667,26.019608,10.730484,40.179688
ElecFM,2025-08-15 00:00:00+00:00,LZ_WEST,2025-08-15 18:00:00+00:00,15.766666666666666,26.879477,10.168777,42.49918
ElecFM,2025-08-15 00:00:00+00:00,LZ_WEST,2025-08-15 19:00:00+00:00,21.2625,32.46829,16.926739,48.022957
ElecFM,2025-08-15 00:00:00+00:00,LZ_WEST,2025-08-15 20:00:00+00:00,24.44083333333333,29.006653,13.284275,44.79629
ElecFM,2025-08-15 00:00:00+00:00,LZ_WEST,2025-08-15 21:00:00+00:00,17.898333333333333,33.516243,16.64775,50.501877
ElecFM,2025-08-15 00:00:00+00:00,LZ_WEST,2025-08-15 22:00:00+00:00,27.48,31.63121,12.251678,51.735928
ElecFM,2025-08-15 00:00:00+00:00,LZ_WEST,2025-08-15 23:00:00+00:00,66.365,42.473515,20.68454,65.33707
ElecFM,2025-08-16 00:00:00+00:00,LZ_LCRA,2025-08-16 00:00:00+00:00,54.89416666666667,48.780987,34.276775,70.63785
ElecFM,2025-08-16 00:00:00+00:00,LZ_LCRA,2025-08-16 01:00:00+00:00,58.72416666666667,40.13503,27.763432,60.318592
ElecFM,2025-08-16 00:00:00+00:00,LZ_LCRA,2025-08-16 02:00:00+00:00,58.13,36.726143,26.220066,53.70038
ElecFM,2025-08-16 00:00:00+00:00,LZ_LCRA,2025-08-16 03:00:00+00:00,42.193333333333335,30.938047,22.396921,46.132263
ElecFM,2025-08-16 00:00:00+00:00,LZ_LCRA,2025-08-16 04:00:00+00:00,30.320833333333336,29.410427,20.322208,41.708996
ElecFM,2025-08-16 00:00:00+00:00,LZ_LCRA,2025-08-16 05:00:00+00:00,27.135,26.43281,17.04038,38.17335
ElecFM,2025-08-16 00:00:00+00:00,LZ_LCRA,2025-08-16 06:00:00+00:00,22.151666666666667,25.054892,16.076101,37.625
ElecFM,2025-08-16 00:00:00+00:00,LZ_LCRA,2025-08-16 07:00:00+00:00,21.7975,23.452925,13.6166725,36.18757
ElecFM,2025-08-16 00:00:00+00:00,LZ_LCRA,2025-08-16 08:00:00+00:00,21.7,24.49828,14.3809395,35.864838
ElecFM,2025-08-16 00:00:00+00:00,LZ_LCRA,2025-08-16 09:00:00+00:00,22.2825,24.579567,13.848476,37.95858
ElecFM,2025-08-16 00:00:00+00:00,LZ_LCRA,2025-08-16 10:00:00+00:00,26.895,24.758106,13.565012,37.642826
ElecFM,2025-08-16 00:00:00+00:00,LZ_LCRA,2025-08-16 11:00:00+00:00,29.7075,29.561594,16.587824,43.957756
ElecFM,2025-08-16 00:00:00+00:00,LZ_LCRA,2025-08-16 12:00:00+00:00,29.271666666666665,23.871513,11.973633,37.700874
ElecFM,2025-08-16 00:00:00+00:00,LZ_LCRA,2025-08-16 13:00:00+00:00,21.925833333333333,22.071173,11.646969,36.51709
ElecFM,2025-08-16 00:00:00+00:00,LZ_LCRA,2025-08-16 14:00:00+00:00,19.88833333333333,19.333172,10.079773,36.53497
ElecFM,2025-08-16 00:00:00+00:00,LZ_LCRA,2025-08-16 15:00:00+00:00,20.156666666666663,23.383408,12.646439,44.54474
ElecFM,2025-08-16 00:00:00+00:00,LZ_LCRA,2025-08-16 16:00:00+00:00,25.391666666666666,33.055893,18.218563,62.43135
ElecFM,2025-08-16 00:00:00+00:00,LZ_LCRA,2025-08-16 17:00:00+00:00,26.263333333333332,47.119247,27.576735,84.133545
ElecFM,2025-08-16 00:00:00+00:00,LZ_LCRA,2025-08-16 18:00:00+00:00,37.17583333333334,55.164497,29.610962,98.2596
ElecFM,2025-08-16 00:00:00+00:00,LZ_LCRA,2025-08-16 19:00:00+00:00,42.93416666666667,59.789345,29.620716,106.215546
ElecFM,2025-08-16 00:00:00+00:00,LZ_LCRA,2025-08-16 20:00:00+00:00,55.8625,65.91437,34.515747,114.33263
ElecFM,2025-08-16 00:00:00+00:00,LZ_LCRA,2025-08-16 21:00:00+00:00,57.46333333333333,68.24975,35.74034,117.04245
ElecFM,2025-08-16 00:00:00+00:00,LZ_LCRA,2025-08-16 22:00:00+00:00,46.74583333333334,66.71762,35.39445,115.101685
ElecFM,2025-08-16 00:00:00+00:00,LZ_LCRA,2025-08-16 23:00:00+00:00,52.12416666666667,66.64037,38.12862,113.28908
ElecFM,2025-08-16 00:00:00+00:00,LZ_RAYBN,2025-08-16 00:00:00+00:00,51.12416666666667,49.283844,33.933018,70.09345
ElecFM,2025-08-16 00:00:00+00:00,LZ_RAYBN,2025-08-16 01:00:00+00:00,56.10416666666666,42.65338,27.699871,63.71264
ElecFM,2025-08-16 00:00:00+00:00,LZ_RAYBN,2025-08-16 02:00:00+00:00,51.0975,35.641182,22.979261,53.81082
ElecFM,2025-08-16 00:00:00+00:00,LZ_RAYBN,2025-08-16 03:00:00+00:00,33.7975,28.973192,19.317596,43.478874
ElecFM,2025-08-16 00:00:00+00:00,LZ_RAYBN,2025-08-16 04:00:00+00:00,23.44333333333333,27.243616,18.848091,38.77601
ElecFM,2025-08-16 00:00:00+00:00,LZ_RAYBN,2025-08-16 05:00:00+00:00,20.786666666666665,24.05616,16.860554,34.44874
ElecFM,2025-08-16 00:00:00+00:00,LZ_RAYBN,2025-08-16 06:00:00+00:00,19.91583333333333,22.28962,15.624296,31.750809
ElecFM,2025-08-16 00:00:00+00:00,LZ_RAYBN,2025-08-16 07:00:00+00:00,20.68,24.153399,17.425411,33.375473
ElecFM,2025-08-16 00:00:00+00:00,LZ_RAYBN,2025-08-16 08:00:00+00:00,21.286666666666665,21.69147,14.660559,29.987694
ElecFM,2025-08-16 00:00:00+00:00,LZ_RAYBN,2025-08-16 09:00:00+00:00,21.71,22.95078,14.82226,31.609642
ElecFM,2025-08-16 00:00:00+00:00,LZ_RAYBN,2025-08-16 10:00:00+00:00,23.54583333333333,24.41111,14.25897,33.259155
ElecFM,2025-08-16 00:00:00+00:00,LZ_RAYBN,2025-08-16 11:00:00+00:00,24.618333333333336,26.514473,14.46328,37.165714
ElecFM,2025-08-16 00:00:00+00:00,LZ_RAYBN,2025-08-16 12:00:00+00:00,22.674166666666665,24.703606,12.741409,35.26423
ElecFM,2025-08-16 00:00:00+00:00,LZ_RAYBN,2025-08-16 13:00:00+00:00,20.094166666666663,19.780123,9.136511,29.641272
ElecFM,2025-08-16 00:00:00+00:00,LZ_RAYBN,2025-08-16 14:00:00+00:00,19.599166666666665,19.498714,10.525202,27.484516
ElecFM,2025-08-16 00:00:00+00:00,LZ_RAYBN,2025-08-16 15:00:00+00:00,20.1975,22.06208,14.112482,29.766573
ElecFM,2025-08-16 00:00:00+00:00,LZ_RAYBN,2025-08-16 16:00:00+00:00,25.363333333333333,24.454517,16.910957,33.696735
ElecFM,2025-08-16 00:00:00+00:00,LZ_RAYBN,2025-08-16 17:00:00+00:00,26.263333333333332,25.857971,16.68238,37.443752
ElecFM,2025-08-16 00:00:00+00:00,LZ_RAYBN,2025-08-16 18:00:00+00:00,36.46666666666666,27.37537,16.56958,40.344627
ElecFM,2025-08-16 00:00:00+00:00,LZ_RAYBN,2025-08-16 19:00:00+00:00,38.910833333333336,30.07192,18.622665,44.69487
ElecFM,2025-08-16 00:00:00+00:00,LZ_RAYBN,2025-08-16 20:00:00+00:00,44.16916666666666,33.837307,22.720732,49.39692
ElecFM,2025-08-16 00:00:00+00:00,LZ_RAYBN,2025-08-16 21:00:00+00:00,37.7775,34.746582,23.572203,53.29313
ElecFM,2025-08-16 00:00:00+00:00,LZ_RAYBN,2025-08-16 22:00:00+00:00,34.108333333333334,36.573826,23.867708,58.069397
ElecFM,2025-08-16 00:00:00+00:00,LZ_RAYBN,2025-08-16 23:00:00+00:00,42.2975,47.86444,32.7893,72.68439
ElecFM,2025-08-16 00:00:00+00:00,LZ_WEST,2025-08-16 00:00:00+00:00,62.99166666666667,75.332886,52.425014,104.91765
ElecFM,2025-08-16 00:00:00+00:00,LZ_WEST,2025-08-16 01:00:00+00:00,66.0025,69.921585,45.36225,102.207886
ElecFM,2025-08-16 00:00:00+00:00,LZ_WEST,2025-08-16 02:00:00+00:00,81.72583333333334,64.59455,40.9599,96.87984
ElecFM,2025-08-16 00:00:00+00:00,LZ_WEST,2025-08-16 03:00:00+00:00,80.735,58.429726,36.333454,90.02013
ElecFM,2025-08-16 00:00:00+00:00,LZ_WEST,2025-08-16 04:00:00+00:00,60.77166666666667,55.061253,34.848007,84.56131
ElecFM,2025-08-16 00:00:00+00:00,LZ_WEST,2025-08-16 05:00:00+00:00,62.82916666666667,54.31741,35.574554,82.796326
ElecFM,2025-08-16 00:00:00+00:00,LZ_WEST,2025-08-16 06:00:00+00:00,40.4525,50.43233,33.399364,77.52329
ElecFM,2025-08-16 00:00:00+00:00,LZ_WEST,2025-08-16 07:00:00+00:00,33.61666666666667,48.113934,32.143707,75.22422
ElecFM,2025-08-16 00:00:00+00:00,LZ_WEST,2025-08-16 08:00:00+00:00,24.10833333333333,45.001495,29.561861,69.89294
ElecFM,2025-08-16 00:00:00+00:00,LZ_WEST,2025-08-16 09:00:00+00:00,25.59583333333333,46.8801,31.105324,72.36972
ElecFM,2025-08-16 00:00:00+00:00,LZ_WEST,2025-08-16 10:00:00+00:00,46.10916666666666,49.20091,32.404976,73.73034
ElecFM,2025-08-16 00:00:00+00:00,LZ_WEST,2025-08-16 11:00:00+00:00,58.939166666666665,49.169243,32.632248,73.30553
ElecFM,2025-08-16 00:00:00+00:00,LZ_WEST,2025-08-16 12:00:00+00:00,67.01166666666667,40.390667,24.938686,60.890865
ElecFM,2025-08-16 00:00:00+00:00,LZ_WEST,2025-08-16 13:00:00+00:00,31.97083333333333,26.932701,14.041147,44.28009
ElecFM,2025-08-16 00:00:00+00:00,LZ_WEST,2025-08-16 14:00:00+00:00,20.88,22.67598,11.591267,38.102478
ElecFM,2025-08-16 00:00:00+00:00,LZ_WEST,2025-08-16 15:00:00+00:00,20.46333333333333,23.97212,13.4834175,38.32796
ElecFM,2025-08-16 00:00:00+00:00,LZ_WEST,2025-08-16 16:00:00+00:00,25.60833333333333,25.910069,14.320751,40.879368
ElecFM,2025-08-16 00:00:00+00:00,LZ_WEST,2025-08-16 17:00:00+00:00,26.263333333333332,27.368147,14.265396,44.536705
ElecFM,2025-08-16 00:00:00+00:00,LZ_WEST,2025-08-16 18:00:00+00:00,36.595,28.945023,14.401714,48.08807
ElecFM,2025-08-16 00:00:00+00:00,LZ_WEST,2025-08-16 19:00:00+00:00,38.740833333333335,33.49936,17.448845,54.064796
ElecFM,2025-08-16 00:00:00+00:00,LZ_WEST,2025-08-16 20:00:00+00:00,43.8375,36.858356,20.294022,59.19447
ElecFM,2025-08-16 00:00:00+00:00,LZ_WEST,2025-08-16 21:00:00+00:00,49.54750000000001,40.49973,21.494616,65.793106
ElecFM,2025-08-16 00:00:00+00:00,LZ_WEST,2025-08-16 22:00:00+00:00,66.56583333333333,43.972603,22.341143,71.94829
ElecFM,2025-08-16 00:00:00+00:00,LZ_WEST,2025-08-16 23:00:00+00:00,87.28916666666667,59.117958,35.09418,91.40279
ElecFM,2025-08-17 00:00:00+00:00,LZ_LCRA,2025-08-17 00:00:00+00:00,71.68666666666667,53.415955,42.44149,67.82974
ElecFM,2025-08-17 00:00:00+00:00,LZ_LCRA,2025-08-17 01:00:00+00:00,72.9325,47.895058,36.63104,61.453392
ElecFM,2025-08-17 00:00:00+00:00,LZ_LCRA,2025-08-17 02:00:00+00:00,73.92833333333333,42.583004,31.60381,54.086586
ElecFM,2025-08-17 00:00:00+00:00,LZ_LCRA,2025-08-17 03:00:00+00:00,39.35583333333333,36.81707,26.642736,46.719536
ElecFM,2025-08-17 00:00:00+00:00,LZ_LCRA,2025-08-17 04:00:00+00:00,34.62916666666667,31.663006,21.74745,39.349976
ElecFM,2025-08-17 00:00:00+00:00,LZ_LCRA,2025-08-17 05:00:00+00:00,35.63166666666667,29.207796,18.265263,37.18818
ElecFM,2025-08-17 00:00:00+00:00,LZ_LCRA,2025-08-17 06:00:00+00:00,31.405,27.472195,16.716106,36.10516
ElecFM,2025-08-17 00:00:00+00:00,LZ_LCRA,2025-08-17 07:00:00+00:00,26.266666666666666,23.803362,12.117039,34.017773
ElecFM,2025-08-17 00:00:00+00:00,LZ_LCRA,2025-08-17 08:00:00+00:00,24.354166666666668,24.053707,12.18692,33.853947
ElecFM,2025-08-17 00:00:00+00:00,LZ_LCRA,2025-08-17 09:00:00+00:00,22.933333333333337,23.805286,12.186569,35.764023
ElecFM,2025-08-17 00:00:00+00:00,LZ_LCRA,2025-08-17 10:00:00+00:00,22.328333333333333,24.852264,13.288895,36.614143
ElecFM,2025-08-17 00:00:00+00:00,LZ_LCRA,2025-08-17 11:00:00+00:00,22.0325,28.339722,16.481163,41.612038
ElecFM,2025-08-17 00:00:00+00:00,LZ_LCRA,2025-08-17 12:00:00+00:00,20.886666666666667,25.954208,14.237993,40.06463
ElecFM,2025-08-17 00:00:00+00:00,LZ_LCRA,2025-08-17 13:00:00+00:00,16.590833333333332,23.035055,10.777344,37.897938
ElecFM,2025-08-17 00:00:00+00:00,LZ_LCRA,2025-08-17 14:00:00+00:00,16.035,22.981956,10.644852,40.409115
ElecFM,2025-08-17 00:00:00+00:00,LZ_LCRA,2025-08-17 15:00:00+00:00,22.2775,28.608728,13.93515,48.930367
ElecFM,2025-08-17 00:00:00+00:00,LZ_LCRA,2025-08-17 16:00:00+00:00,35.9175,34.757526,17.292158,59.431053
ElecFM,2025-08-17 00:00:00+00:00,LZ_LCRA,2025-08-17 17:00:00+00:00,57.16416666666667,47.993423,28.298388,77.59816
ElecFM,2025-08-17 00:00:00+00:00,LZ_LCRA,2025-08-17 18:00:00+00:00,78.89166666666667,58.57441,35.57749,91.57913
ElecFM,2025-08-17 00:00:00+00:00,LZ_LCRA,2025-08-17 19:00:00+00:00,85.27416666666666,60.72586,35.472923,96.97616
ElecFM,2025-08-17 00:00:00+00:00,LZ_LCRA,2025-08-17 20:00:00+00:00,94.04583333333332,64.87386,40.000008,102.85434
ElecFM,2025-08-17 00:00:00+00:00,LZ_LCRA,2025-08-17 21:00:00+00:00,89.66333333333334,66.70503,40.75002,104.50133
ElecFM,2025-08-17 00:00:00+00:00,LZ_LCRA,2025-08-17 22:00:00+00:00,86.1875,64.24775,39.429646,101.75535
ElecFM,2025-08-17 00:00:00+00:00,LZ_LCRA,2025-08-17 23:00:00+00:00,96.81333333333332,64.79755,41.426327,100.62592
ElecFM,2025-08-17 00:00:00+00:00,LZ_RAYBN,2025-08-17 00:00:00+00:00,68.39833333333333,57.10717,43.15581,74.10153
ElecFM,2025-08-17 00:00:00+00:00,LZ_RAYBN,2025-08-17 01:00:00+00:00,69.31833333333333,50.60133,36.372044,68.16983
ElecFM,2025-08-17 00:00:00+00:00,LZ_RAYBN,2025-08-17 02:00:00+00:00,69.7275,39.521706,26.638805,55.275574
ElecFM,2025-08-17 00:00:00+00:00,LZ_RAYBN,2025-08-17 03:00:00+00:00,36.1225,33.299366,22.106983,46.973404
ElecFM,2025-08-17 00:00:00+00:00,LZ_RAYBN,2025-08-17 04:00:00+00:00,31.2625,31.259207,21.934458,42.07278
ElecFM,2025-08-17 00:00:00+00:00,LZ_RAYBN,2025-08-17 05:00:00+00:00,31.37833333333333,26.378986,19.032999,36.071026
ElecFM,2025-08-17 00:00:00+00:00,LZ_RAYBN,2025-08-17 06:00:00+00:00,27.62833333333333,24.839687,18.061806,33.936745
ElecFM,2025-08-17 00:00:00+00:00,LZ_RAYBN,2025-08-17 07:00:00+00:00,25.793333333333333,24.992622,18.093449,34.85515
ElecFM,2025-08-17 00:00:00+00:00,LZ_RAYBN,2025-08-17 08:00:00+00:00,22.129166666666663,25.097218,17.1827,34.024673
ElecFM,2025-08-17 00:00:00+00:00,LZ_RAYBN,2025-08-17 09:00:00+00:00,21.973333333333333,25.086918,16.261368,35.637363
ElecFM,2025-08-17 00:00:00+00:00,LZ_RAYBN,2025-08-17 10:00:00+00:00,22.346666666666668,25.75681,15.188124,37.197273
ElecFM,2025-08-17 00:00:00+00:00,LZ_RAYBN,2025-08-17 11:00:00+00:00,22.0325,27.555977,15.330454,41.404766
ElecFM,2025-08-17 00:00:00+00:00,LZ_RAYBN,2025-08-17 12:00:00+00:00,20.886666666666667,26.495552,14.469234,40.00264
ElecFM,2025-08-17 00:00:00+00:00,LZ_RAYBN,2025-08-17 13:00:00+00:00,16.590833333333332,24.751871,12.838226,38.287094
ElecFM,2025-08-17 00:00:00+00:00,LZ_RAYBN,2025-08-17 14:00:00+00:00,14.0725,24.877918,13.814493,38.06093
ElecFM,2025-08-17 00:00:00+00:00,LZ_RAYBN,2025-08-17 15:00:00+00:00,6.769166666666667,26.946373,15.67552,39.66134
ElecFM,2025-08-17 00:00:00+00:00,LZ_RAYBN,2025-08-17 16:00:00+00:00,13.9425,30.373363,19.350063,42.83451
ElecFM,2025-08-17 00:00:00+00:00,LZ_RAYBN,2025-08-17 17:00:00+00:00,23.72583333333333,31.66719,19.826715,44.716644
ElecFM,2025-08-17 00:00:00+00:00,LZ_RAYBN,2025-08-17 18:00:00+00:00,25.750833333333333,32.28659,19.616316,45.226437
ElecFM,2025-08-17 00:00:00+00:00,LZ_RAYBN,2025-08-17 19:00:00+00:00,24.35166666666667,33.089867,19.19587,47.19729
ElecFM,2025-08-17 00:00:00+00:00,LZ_RAYBN,2025-08-17 20:00:00+00:00,23.519166666666667,36.964676,22.916794,52.83539
ElecFM,2025-08-17 00:00:00+00:00,LZ_RAYBN,2025-08-17 21:00:00+00:00,28.826666666666668,37.08895,21.130068,55.771038
ElecFM,2025-08-17 00:00:00+00:00,LZ_RAYBN,2025-08-17 22:00:00+00:00,27.305833333333336,38.50876,21.53809,59.99485
ElecFM,2025-08-17 00:00:00+00:00,LZ_RAYBN,2025-08-17 23:00:00+00:00,50.255,46.380222,28.02972,69.84212
ElecFM,2025-08-17 00:00:00+00:00,LZ_WEST,2025-08-17 00:00:00+00:00,79.34333333333333,89.30654,63.400528,118.49772
ElecFM,2025-08-17 00:00:00+00:00,LZ_WEST,2025-08-17 01:00:00+00:00,80.24083333333333,82.659836,54.957348,114.67926
ElecFM,2025-08-17 00:00:00+00:00,LZ_WEST,2025-08-17 02:00:00+00:00,87.73833333333333,76.02224,49.447987,107.58156
ElecFM,2025-08-17 00:00:00+00:00,LZ_WEST,2025-08-17 03:00:00+00:00,56.90916666666666,65.42849,41.42612,95.4696
ElecFM,2025-08-17 00:00:00+00:00,LZ_WEST,2025-08-17 04:00:00+00:00,53.1875,58.800804,37.97738,85.62729
ElecFM,2025-08-17 00:00:00+00:00,LZ_WEST,2025-08-17 05:00:00+00:00,59.403333333333336,53.39238,35.840225,77.63386
ElecFM,2025-08-17 00:00:00+00:00,LZ_WEST,2025-08-17 06:00:00+00:00,59.98166666666666,47.09359,33.04395,68.18753
ElecFM,2025-08-17 00:00:00+00:00,LZ_WEST,2025-08-17 07:00:00+00:00,52.281666666666666,43.66594,31.539852,63.568985
ElecFM,2025-08-17 00:00:00+00:00,LZ_WEST,2025-08-17 08:00:00+00:00,43.836666666666666,42.01293,30.550005,60.56009
ElecFM,2025-08-17 00:00:00+00:00,LZ_WEST,2025-08-17 09:00:00+00:00,30.435,45.86223,33.523277,66.177704
ElecFM,2025-08-17 00:00:00+00:00,LZ_WEST,2025-08-17 10:00:00+00:00,23.965833333333336,49.74023,35.51081,71.13624
ElecFM,2025-08-17 00:00:00+00:00,LZ_WEST,2025-08-17 11:00:00+00:00,22.0325,52.297195,36.969326,74.88967
ElecFM,2025-08-17 00:00:00+00:00,LZ_WEST,2025-08-17 12:00:00+00:00,20.886666666666667,44.66151,29.555895,65.09732
ElecFM,2025-08-17 00:00:00+00:00,LZ_WEST,2025-08-17 13:00:00+00:00,16.594166666666666,33.20129,19.954174,50.86885
ElecFM,2025-08-17 00:00:00+00:00,LZ_WEST,2025-08-17 14:00:00+00:00,13.7,27.91532,17.112078,43.821423
ElecFM,2025-08-17 00:00:00+00:00,LZ_WEST,2025-08-17 15:00:00+00:00,7.569166666666667,27.019703,16.816475,41.55138
ElecFM,2025-08-17 00:00:00+00:00,LZ_WEST,2025-08-17 16:00:00+00:00,11.873333333333331,30.011995,19.057016,44.7648
ElecFM,2025-08-17 00:00:00+00:00,LZ_WEST,2025-08-17 17:00:00+00:00,26.31083333333333,34.456696,21.723055,51.8913
ElecFM,2025-08-17 00:00:00+00:00,LZ_WEST,2025-08-17 18:00:00+00:00,32.530833333333334,38.73993,23.45501,58.09102
ElecFM,2025-08-17 00:00:00+00:00,LZ_WEST,2025-08-17 19:00:00+00:00,32.30416666666667,42.01888,23.110361,63.748154
ElecFM,2025-08-17 00:00:00+00:00,LZ_WEST,2025-08-17 20:00:00+00:00,32.651666666666664,43.96246,23.361073,68.29065
ElecFM,2025-08-17 00:00:00+00:00,LZ_WEST,2025-08-17 21:00:00+00:00,42.03333333333333,48.17876,23.93575,76.15851
ElecFM,2025-08-17 00:00:00+00:00,LZ_WEST,2025-08-17 22:00:00+00:00,56.83916666666666,55.46615,29.495718,86.29312
ElecFM,2025-08-17 00:00:00+00:00,LZ_WEST,2025-08-17 23:00:00+00:00,88.5425,71.82951,43.520325,105.39584
ElecFM,2025-08-18 00:00:00+00:00,LZ_LCRA,2025-08-18 00:00:00+00:00,85.125,94.20279,68.43368,122.96327
ElecFM,2025-08-18 00:00:00+00:00,LZ_LCRA,2025-08-18 01:00:00+00:00,79.54916666666666,73.631615,48.066254,103.35697
ElecFM,2025-08-18 00:00:00+00:00,LZ_LCRA,2025-08-18 02:00:00+00:00,76.55916666666667,54.18482,32.701576,80.87454
ElecFM,2025-08-18 00:00:00+00:00,LZ_LCRA,2025-08-18 03:00:00+00:00,52.48,38.392933,21.814363,61.89215
ElecFM,2025-08-18 00:00:00+00:00,LZ_LCRA,2025-08-18 04:00:00+00:00,32.108333333333334,32.306763,20.113173,49.795288
ElecFM,2025-08-18 00:00:00+00:00,LZ_LCRA,2025-08-18 05:00:00+00:00,26.055833333333336,30.111668,20.63607,44.894806
ElecFM,2025-08-18 00:00:00+00:00,LZ_LCRA,2025-08-18 06:00:00+00:00,23.311666666666667,25.964134,16.974518,38.702106
ElecFM,2025-08-18 00:00:00+00:00,LZ_LCRA,2025-08-18 07:00:00+00:00,22.82166666666667,25.050121,16.02757,38.56732
ElecFM,2025-08-18 00:00:00+00:00,LZ_LCRA,2025-08-18 08:00:00+00:00,23.261666666666667,26.49143,16.976627,37.978928
ElecFM,2025-08-18 00:00:00+00:00,LZ_LCRA,2025-08-18 09:00:00+00:00,24.590833333333336,25.617334,16.36438,38.531284
ElecFM,2025-08-18 00:00:00+00:00,LZ_LCRA,2025-08-18 10:00:00+00:00,27.2975,28.120556,18.262753,40.490177
ElecFM,2025-08-18 00:00:00+00:00,LZ_LCRA,2025-08-18 11:00:00+00:00,37.590833333333336,31.4695,20.114166,45.436214
ElecFM,2025-08-18 00:00:00+00:00,LZ_LCRA,2025-08-18 12:00:00+00:00,31.214166666666667,28.531218,16.906635,43.048077
ElecFM,2025-08-18 00:00:00+00:00,LZ_LCRA,2025-08-18 13:00:00+00:00,21.741666666666664,23.57428,10.912617,39.137104
ElecFM,2025-08-18 00:00:00+00:00,LZ_LCRA,2025-08-18 14:00:00+00:00,18.986666666666668,22.967537,10.3512535,39.997154
ElecFM,2025-08-18 00:00:00+00:00,LZ_LCRA,2025-08-18 15:00:00+00:00,17.320833333333333,27.777561,14.17264,46.98634
ElecFM,2025-08-18 00:00:00+00:00,LZ_LCRA,2025-08-18 16:00:00+00:00,35.1,38.406548,21.58117,61.29107
ElecFM,2025-08-18 00:00:00+00:00,LZ_LCRA,2025-08-18 17:00:00+00:00,56.055,55.78473,35.144276,84.4861
ElecFM,2025-08-18 00:00:00+00:00,LZ_LCRA,2025-08-18 18:00:00+00:00,59.195,66.8745,41.141285,99.83589
ElecFM,2025-08-18 00:00:00+00:00,LZ_LCRA,2025-08-18 19:00:00+00:00,52.149166666666666,68.82434,37.78768,106.17148
ElecFM,2025-08-18 00:00:00+00:00,LZ_LCRA,2025-08-18 20:00:00+00:00,58.62166666666667,72.57665,40.604607,113.76056
ElecFM,2025-08-18 00:00:00+00:00,LZ_LCRA,2025-08-18 21:00:00+00:00,46.501666666666665,72.787796,39.222694,115.36635
ElecFM,2025-08-18 00:00:00+00:00,LZ_LCRA,2025-08-18 22:00:00+00:00,76.16083333333334,67.262215,34.53336,111.37363
ElecFM,2025-08-18 00:00:00+00:00,LZ_LCRA,2025-08-18 23:00:00+00:00,238.09833333333333,70.37791,38.974354,114.40256
ElecFM,2025-08-18 00:00:00+00:00,LZ_RAYBN,2025-08-18 00:00:00+00:00,74.22916666666667,71.253845,54.702946,88.73723
ElecFM,2025-08-18 00:00:00+00:00,LZ_RAYBN,2025-08-18 01:00:00+00:00,64.69416666666667,66.61014,50.091656,84.002495
ElecFM,2025-08-18 00:00:00+00:00,LZ_RAYBN,2025-08-18 02:00:00+00:00,73.01083333333334,49.15315,34.912155,64.14278
ElecFM,2025-08-18 00:00:00+00:00,LZ_RAYBN,2025-08-18 03:00:00+00:00,48.195,30.951637,19.915794,42.817802
ElecFM,2025-08-18 00:00:00+00:00,LZ_RAYBN,2025-08-18 04:00:00+00:00,29.441666666666663,25.484709,17.640835,33.644844
ElecFM,2025-08-18 00:00:00+00:00,LZ_RAYBN,2025-08-18 05:00:00+00:00,27.566666666666663,24.246181,19.297846,30.021538
ElecFM,2025-08-18 00:00:00+00:00,LZ_RAYBN,2025-08-18 06:00:00+00:00,25.224166666666665,23.18613,19.739937,27.092548
ElecFM,2025-08-18 00:00:00+00:00,LZ_RAYBN,2025-08-18 07:00:00+00:00,23.6825,22.345016,19.050694,25.938316
ElecFM,2025-08-18 00:00:00+00:00,LZ_RAYBN,2025-08-18 08:00:00+00:00,24.0125,21.871674,18.674831,25.253193
ElecFM,2025-08-18 00:00:00+00:00,LZ_RAYBN,2025-08-18 09:00:00+00:00,24.824166666666667,20.024101,16.200426,24.930494
ElecFM,2025-08-18 00:00:00+00:00,LZ_RAYBN,2025-08-18 10:00:00+00:00,27.439166666666665,20.90884,15.704647,26.282864
ElecFM,2025-08-18 00:00:00+00:00,LZ_RAYBN,2025-08-18 11:00:00+00:00,37.590833333333336,22.908344,16.646406,28.953857
ElecFM,2025-08-18 00:00:00+00:00,LZ_RAYBN,2025-08-18 12:00:00+00:00,31.2525,20.822899,13.636587,28.222342
ElecFM,2025-08-18 00:00:00+00:00,LZ_RAYBN,2025-08-18 13:00:00+00:00,21.75333333333333,18.543898,10.680918,25.747772
ElecFM,2025-08-18 00:00:00+00:00,LZ_RAYBN,2025-08-18 14:00:00+00:00,19.65,17.318962,9.933487,25.004196
ElecFM,2025-08-18 00:00:00+00:00,LZ_RAYBN,2025-08-18 15:00:00+00:00,18.941666666666663,18.953316,10.833004,26.835423
ElecFM,2025-08-18 00:00:00+00:00,LZ_RAYBN,2025-08-18 16:00:00+00:00,25.11,23.662594,15.651684,31.621777
ElecFM,2025-08-18 00:00:00+00:00,LZ_RAYBN,2025-08-18 17:00:00+00:00,31.02083333333333,26.46799,17.823751,35.443523
ElecFM,2025-08-18 00:00:00+00:00,LZ_RAYBN,2025-08-18 18:00:00+00:00,24.60083333333333,28.660416,19.122711,39.062576
ElecFM,2025-08-18 00:00:00+00:00,LZ_RAYBN,2025-08-18 19:00:00+00:00,21.8275,30.208302,18.768814,41.697437
ElecFM,2025-08-18 00:00:00+00:00,LZ_RAYBN,2025-08-18 20:00:00+00:00,26.683333333333337,32.14492,20.027565,45.298866
ElecFM,2025-08-18 00:00:00+00:00,LZ_RAYBN,2025-08-18 21:00:00+00:00,26.076666666666668,35.875275,21.859734,51.809418
ElecFM,2025-08-18 00:00:00+00:00,LZ_RAYBN,2025-08-18 22:00:00+00:00,26.19,39.42139,23.87257,57.688293
ElecFM,2025-08-18 00:00:00+00:00,LZ_RAYBN,2025-08-18 23:00:00+00:00,139.92333333333332,53.11197,35.676983,73.58583
ElecFM,2025-08-18 00:00:00+00:00,LZ_WEST,2025-08-18 00:00:00+00:00,86.89166666666667,85.95528,61.389275,112.00748
ElecFM,2025-08-18 00:00:00+00:00,LZ_WEST,2025-08-18 01:00:00+00:00,71.46,80.732925,55.079796,108.95883
ElecFM,2025-08-18 00:00:00+00:00,LZ_WEST,2025-08-18 02:00:00+00:00,83.16916666666667,75.07692,50.94997,102.81154
ElecFM,2025-08-18 00:00:00+00:00,LZ_WEST,2025-08-18 03:00:00+00:00,78.68166666666667,60.34118,39.285404,86.118904
ElecFM,2025-08-18 00:00:00+00:00,LZ_WEST,2025-08-18 04:00:00+00:00,78.46416666666666,51.11682,32.974567,74.01816
ElecFM,2025-08-18 00:00:00+00:00,LZ_WEST,2025-08-18 05:00:00+00:00,67.5975,46.299698,31.825684,66.56415
ElecFM,2025-08-18 00:00:00+00:00,LZ_WEST,2025-08-18 06:00:00+00:00,58.8975,42.17085,29.615683,60.47969
ElecFM,2025-08-18 00:00:00+00:00,LZ_WEST,2025-08-18 07:00:00+00:00,39.0525,38.484978,27.06929,54.871876
ElecFM,2025-08-18 00:00:00+00:00,LZ_WEST,2025-08-18 08:00:00+00:00,37.7425,34.39364,23.821835,49.68557
ElecFM,2025-08-18 00:00:00+00:00,LZ_WEST,2025-08-18 09:00:00+00:00,29.095,32.65304,21.795662,48.24349
ElecFM,2025-08-18 00:00:00+00:00,LZ_WEST,2025-08-18 10:00:00+00:00,30.001666666666665,35.71592,24.244272,51.629475
ElecFM,2025-08-18 00:00:00+00:00,LZ_WEST,2025-08-18 11:00:00+00:00,37.590833333333336,38.56955,26.045897,53.557438
ElecFM,2025-08-18 00:00:00+00:00,LZ_WEST,2025-08-18 12:00:00+00:00,34.281666666666666,31.530735,17.968493,46.691963
ElecFM,2025-08-18 00:00:00+00:00,LZ_WEST,2025-08-18 13:00:00+00:00,22.555000000000003,20.934952,6.6498566,34.59143
ElecFM,2025-08-18 00:00:00+00:00,LZ_WEST,2025-08-18 14:00:00+00:00,17.753333333333334,17.453789,3.6261978,31.46228
ElecFM,2025-08-18 00:00:00+00:00,LZ_WEST,2025-08-18 15:00:00+00:00,14.615,19.994669,5.7202644,33.498585
ElecFM,2025-08-18 00:00:00+00:00,LZ_WEST,2025-08-18 16:00:00+00:00,21.545,24.353329,9.446602,37.869644
ElecFM,2025-08-18 00:00:00+00:00,LZ_WEST,2025-08-18 17:00:00+00:00,32.925000000000004,28.879196,13.751682,43.837982
ElecFM,2025-08-18 00:00:00+00:00,LZ_WEST,2025-08-18 18:00:00+00:00,27.406666666666663,34.85265,18.046318,51.1635
ElecFM,2025-08-18 00:00:00+00:00,LZ_WEST,2025-08-18 19:00:00+00:00,21.38833333333333,34.373085,16.189268,51.639606
ElecFM,2025-08-18 00:00:00+00:00,LZ_WEST,2025-08-18 20:00:00+00:00,24.33583333333333,35.578587,16.889456,55.20456
ElecFM,2025-08-18 00:00:00+00:00,LZ_WEST,2025-08-18 21:00:00+00:00,18.441666666666663,41.613113,20.738787,63.083214
ElecFM,2025-08-18 00:00:00+00:00,LZ_WEST,2025-08-18 22:00:00+00:00,27.67833333333333,50.36551,27.767275,74.57327
ElecFM,2025-08-18 00:00:00+00:00,LZ_WEST,2025-08-18 23:00:00+00:00,147.39333333333337,65.34634,41.341476,92.213394
ElecFM,2025-08-19 00:00:00+00:00,LZ_LCRA,2025-08-19 00:00:00+00:00,99.4375,144.75294,79.86686,222.54765
ElecFM,2025-08-19 00:00:00+00:00,LZ_LCRA,2025-08-19 01:00:00+00:00,95.495,91.05144,31.269096,165.63835
ElecFM,2025-08-19 00:00:00+00:00,LZ_LCRA,2025-08-19 02:00:00+00:00,138.26666666666668,63.0201,18.297722,125.557816
ElecFM,2025-08-19 00:00:00+00:00,LZ_LCRA,2025-08-19 03:00:00+00:00,72.745,46.764027,17.70749,94.87242
ElecFM,2025-08-19 00:00:00+00:00,LZ_LCRA,2025-08-19 04:00:00+00:00,50.04416666666666,39.25539,21.77294,71.04056
ElecFM,2025-08-19 00:00:00+00:00,LZ_LCRA,2025-08-19 05:00:00+00:00,40.28333333333333,36.405094,26.752523,58.740158
ElecFM,2025-08-19 00:00:00+00:00,LZ_LCRA,2025-08-19 06:00:00+00:00,38.91416666666667,29.784681,21.772314,46.4128
ElecFM,2025-08-19 00:00:00+00:00,LZ_LCRA,2025-08-19 07:00:00+00:00,36.3975,26.605898,20.351284,42.138714
ElecFM,2025-08-19 00:00:00+00:00,LZ_LCRA,2025-08-19 08:00:00+00:00,39.23083333333333,27.793575,22.816954,39.09912
ElecFM,2025-08-19 00:00:00+00:00,LZ_LCRA,2025-08-19 09:00:00+00:00,36.53916666666667,27.718546,24.354532,39.209232
ElecFM,2025-08-19 00:00:00+00:00,LZ_LCRA,2025-08-19 10:00:00+00:00,49.93083333333333,32.908302,27.76771,42.75863
ElecFM,2025-08-19 00:00:00+00:00,LZ_LCRA,2025-08-19 11:00:00+00:00,80.355,35.569065,28.704205,48.2476
ElecFM,2025-08-19 00:00:00+00:00,LZ_LCRA,2025-08-19 12:00:00+00:00,48.32833333333334,27.981052,19.858263,43.091778
ElecFM,2025-08-19 00:00:00+00:00,LZ_LCRA,2025-08-19 13:00:00+00:00,30.94083333333333,22.429049,13.529694,38.98934
ElecFM,2025-08-19 00:00:00+00:00,LZ_LCRA,2025-08-19 14:00:00+00:00,35.604166666666664,21.322817,10.367252,38.425526
ElecFM,2025-08-19 00:00:00+00:00,LZ_LCRA,2025-08-19 15:00:00+00:00,41.9125,24.814388,12.878048,44.80319
ElecFM,2025-08-19 00:00:00+00:00,LZ_LCRA,2025-08-19 16:00:00+00:00,41.9025,33.273293,19.451853,58.04041
ElecFM,2025-08-19 00:00:00+00:00,LZ_LCRA,2025-08-19 17:00:00+00:00,49.065,45.731785,28.779482,77.285416
ElecFM,2025-08-19 00:00:00+00:00,LZ_LCRA,2025-08-19 18:00:00+00:00,57.30083333333334,55.496376,35.125603,93.1155
ElecFM,2025-08-19 00:00:00+00:00,LZ_LCRA,2025-08-19 19:00:00+00:00,53.32333333333333,64.935005,39.490288,107.48039
ElecFM,2025-08-19 00:00:00+00:00,LZ_LCRA,2025-08-19 20:00:00+00:00,90.91666666666669,68.763435,41.744194,117.28282
ElecFM,2025-08-19 00:00:00+00:00,LZ_LCRA,2025-08-19 21:00:00+00:00,123.96916666666668,74.21148,43.141094,126.09421
ElecFM,2025-08-19 00:00:00+00:00,LZ_LCRA,2025-08-19 22:00:00+00:00,94.86583333333334,77.21267,42.419865,132.7244
ElecFM,2025-08-19 00:00:00+00:00,LZ_LCRA,2025-08-19 23:00:00+00:00,82.1825,82.88811,48.13714,144.1146
ElecFM,2025-08-19 00:00:00+00:00,LZ_RAYBN,2025-08-19 00:00:00+00:00,89.83666666666666,112.053986,76.97984,156.47218
ElecFM,2025-08-19 00:00:00+00:00,LZ_RAYBN,2025-08-19 01:00:00+00:00,94.5425,83.324585,50.46525,127.46022
ElecFM,2025-08-19 00:00:00+00:00,LZ_RAYBN,2025-08-19 02:00:00+00:00,133.07333333333335,59.529236,35.45972,97.75099
ElecFM,2025-08-19 00:00:00+00:00,LZ_RAYBN,2025-08-19 03:00:00+00:00,72.61666666666666,40.591263,25.625317,71.20853
ElecFM,2025-08-19 00:00:00+00:00,LZ_RAYBN,2025-08-19 04:00:00+00:00,50.490833333333335,32.082848,24.68636,53.981377
ElecFM,2025-08-19 00:00:00+00:00,LZ_RAYBN,2025-08-19 05:00:00+00:00,41.83416666666667,28.63662,26.237877,45.149666
ElecFM,2025-08-19 00:00:00+00:00,LZ_RAYBN,2025-08-19 06:00:00+00:00,40.05583333333333,24.646715,23.28814,37.775795
ElecFM,2025-08-19 00:00:00+00:00,LZ_RAYBN,2025-08-19 07:00:00+00:00,37.7175,24.738667,23.465717,36.563553
ElecFM,2025-08-19 00:00:00+00:00,LZ_RAYBN,2025-08-19 08:00:00+00:00,40.02166666666667,23.533493,22.657532,32.882957
ElecFM,2025-08-19 00:00:00+00:00,LZ_RAYBN,2025-08-19 09:00:00+00:00,38.4025,24.583996,23.35625,33.756817
ElecFM,2025-08-19 00:00:00+00:00,LZ_RAYBN,2025-08-19 10:00:00+00:00,50.40916666666666,27.37854,24.842815,35.90873
ElecFM,2025-08-19 00:00:00+00:00,LZ_RAYBN,2025-08-19 11:00:00+00:00,80.355,30.035875,25.677914,41.579414
ElecFM,2025-08-19 00:00:00+00:00,LZ_RAYBN,2025-08-19 12:00:00+00:00,48.44083333333333,26.900948,21.11499,39.87356
ElecFM,2025-08-19 00:00:00+00:00,LZ_RAYBN,2025-08-19 13:00:00+00:00,31.315,22.606436,16.16884,35.95142
ElecFM,2025-08-19 00:00:00+00:00,LZ_RAYBN,2025-08-19 14:00:00+00:00,35.605,19.712702,13.843716,32.463802
ElecFM,2025-08-19 00:00:00+00:00,LZ_RAYBN,2025-08-19 15:00:00+00:00,41.9125,19.749819,14.711512,31.96562
ElecFM,2025-08-19 00:00:00+00:00,LZ_RAYBN,2025-08-19 16:00:00+00:00,45.208333333333336,21.965322,17.488398,34.55697
ElecFM,2025-08-19 00:00:00+00:00,LZ_RAYBN,2025-08-19 17:00:00+00:00,68.31666666666666,24.984692,19.645502,39.651386
ElecFM,2025-08-19 00:00:00+00:00,LZ_RAYBN,2025-08-19 18:00:00+00:00,97.80166666666666,27.551437,20.483624,44.186913
ElecFM,2025-08-19 00:00:00+00:00,LZ_RAYBN,2025-08-19 19:00:00+00:00,107.53583333333334,29.456627,19.696484,49.394413
ElecFM,2025-08-19 00:00:00+00:00,LZ_RAYBN,2025-08-19 20:00:00+00:00,133.26833333333337,31.400738,20.005056,54.992554
ElecFM,2025-08-19 00:00:00+00:00,LZ_RAYBN,2025-08-19 21:00:00+00:00,165.70833333333334,32.935276,17.801123,61.329895
ElecFM,2025-08-19 00:00:00+00:00,LZ_RAYBN,2025-08-19 22:00:00+00:00,143.4375,38.726845,19.718788,71.14968
ElecFM,2025-08-19 00:00:00+00:00,LZ_RAYBN,2025-08-19 23:00:00+00:00,125.32166666666666,60.55916,38.106598,98.510666
ElecFM,2025-08-19 00:00:00+00:00,LZ_WEST,2025-08-19 00:00:00+00:00,92.35666666666668,134.53548,91.40063,186.55371
ElecFM,2025-08-19 00:00:00+00:00,LZ_WEST,2025-08-19 01:00:00+00:00,96.00083333333332,107.75894,63.71177,162.11926
ElecFM,2025-08-19 00:00:00+00:00,LZ_WEST,2025-08-19 02:00:00+00:00,135.13083333333333,95.42064,57.299072,146.7238
ElecFM,2025-08-19 00:00:00+00:00,LZ_WEST,2025-08-19 03:00:00+00:00,72.69083333333333,77.92258,45.78891,124.220764
ElecFM,2025-08-19 00:00:00+00:00,LZ_WEST,2025-08-19 04:00:00+00:00,58.005,68.77504,42.156906,109.01297
ElecFM,2025-08-19 00:00:00+00:00,LZ_WEST,2025-08-19 05:00:00+00:00,68.24166666666666,60.48978,37.73943,96.739395
ElecFM,2025-08-19 00:00:00+00:00,LZ_WEST,2025-08-19 06:00:00+00:00,60.55583333333333,47.65552,28.149172,79.23409
ElecFM,2025-08-19 00:00:00+00:00,LZ_WEST,2025-08-19 07:00:00+00:00,61.45583333333334,41.184864,24.439768,71.06041
ElecFM,2025-08-19 00:00:00+00:00,LZ_WEST,2025-08-19 08:00:00+00:00,54.28833333333333,37.61992,23.700527,62.94747
ElecFM,2025-08-19 00:00:00+00:00,LZ_WEST,2025-08-19 09:00:00+00:00,72.66583333333334,36.580685,22.860548,61.41605
ElecFM,2025-08-19 00:00:00+00:00,LZ_WEST,2025-08-19 10:00:00+00:00,59.08166666666667,39.120697,24.40704,63.21054
ElecFM,2025-08-19 00:00:00+00:00,LZ_WEST,2025-08-19 11:00:00+00:00,80.355,42.24022,26.656435,67.484436
ElecFM,2025-08-19 00:00:00+00:00,LZ_WEST,2025-08-19 12:00:00+00:00,50.4025,37.755157,22.52331,61.783997
ElecFM,2025-08-19 00:00:00+00:00,LZ_WEST,2025-08-19 13:00:00+00:00,37.52666666666666,24.599678,11.014923,46.45861
ElecFM,2025-08-19 00:00:00+00:00,LZ_WEST,2025-08-19 14:00:00+00:00,35.61666666666667,15.726646,4.494129,35.4171
ElecFM,2025-08-19 00:00:00+00:00,LZ_WEST,2025-08-19 15:00:00+00:00,41.91416666666667,17.139826,7.0019836,35.88398
ElecFM,2025-08-19 00:00:00+00:00,LZ_WEST,2025-08-19 16:00:00+00:00,43.083333333333336,21.921501,10.907158,41.78839
ElecFM,2025-08-19 00:00:00+00:00,LZ_WEST,2025-08-19 17:00:00+00:00,54.815,28.130884,15.687317,51.71269
ElecFM,2025-08-19 00:00:00+00:00,LZ_WEST,2025-08-19 18:00:00+00:00,64.355,32.904854,17.523924,58.84656
ElecFM,2025-08-19 00:00:00+00:00,LZ_WEST,2025-08-19 19:00:00+00:00,63.84666666666666,33.335785,14.118126,61.828297
ElecFM,2025-08-19 00:00:00+00:00,LZ_WEST,2025-08-19 20:00:00+00:00,97.59166666666664,37.151215,17.660006,70.14904
ElecFM,2025-08-19 00:00:00+00:00,LZ_WEST,2025-08-19 21:00:00+00:00,133.7875,45.28122,21.82437,82.762436
ElecFM,2025-08-19 00:00:00+00:00,LZ_WEST,2025-08-19 22:00:00+00:00,105.99583333333334,59.54796,30.177132,101.142075
ElecFM,2025-08-19 00:00:00+00:00,LZ_WEST,2025-08-19 23:00:00+00:00,88.46,82.9102,49.86596,130.41505
ElecFM,2025-08-20 00:00:00+00:00,LZ_LCRA,2025-08-20 00:00:00+00:00,96.04583333333332,78.946205,58.19219,105.308304
ElecFM,2025-08-20 00:00:00+00:00,LZ_LCRA,2025-08-20 01:00:00+00:00,87.47333333333334,64.74539,43.121994,92.8268
ElecFM,2025-08-20 00:00:00+00:00,LZ_LCRA,2025-08-20 02:00:00+00:00,76.15166666666666,52.315563,33.600803,78.193054
ElecFM,2025-08-20 00:00:00+00:00,LZ_LCRA,2025-08-20 03:00:00+00:00,73.23916666666666,43.848553,28.862679,65.565155
ElecFM,2025-08-20 00:00:00+00:00,LZ_LCRA,2025-08-20 04:00:00+00:00,44.62916666666666,37.783325,26.473349,55.842415
ElecFM,2025-08-20 00:00:00+00:00,LZ_LCRA,2025-08-20 05:00:00+00:00,34.064166666666665,35.463707,26.205551,49.689
ElecFM,2025-08-20 00:00:00+00:00,LZ_LCRA,2025-08-20 06:00:00+00:00,31.6075,34.514317,26.234179,47.047337
ElecFM,2025-08-20 00:00:00+00:00,LZ_LCRA,2025-08-20 07:00:00+00:00,29.38083333333333,31.813372,23.82205,44.836998
ElecFM,2025-08-20 00:00:00+00:00,LZ_LCRA,2025-08-20 08:00:00+00:00,27.113333333333333,31.366238,22.970673,42.97422
ElecFM,2025-08-20 00:00:00+00:00,LZ_LCRA,2025-08-20 09:00:00+00:00,29.46,32.232918,23.91446,44.295437
ElecFM,2025-08-20 00:00:00+00:00,LZ_LCRA,2025-08-20 10:00:00+00:00,30.0125,34.524612,25.893164,46.8198
ElecFM,2025-08-20 00:00:00+00:00,LZ_LCRA,2025-08-20 11:00:00+00:00,30.430000000000003,37.663704,28.339825,50.710224
ElecFM,2025-08-20 00:00:00+00:00,LZ_LCRA,2025-08-20 12:00:00+00:00,25.36583333333333,34.753414,25.322327,49.404865
ElecFM,2025-08-20 00:00:00+00:00,LZ_LCRA,2025-08-20 13:00:00+00:00,21.2,31.588709,21.77034,45.726593
ElecFM,2025-08-20 00:00:00+00:00,LZ_LCRA,2025-08-20 14:00:00+00:00,17.184166666666666,29.365156,20.153309,44.560528
ElecFM,2025-08-20 00:00:00+00:00,LZ_LCRA,2025-08-20 15:00:00+00:00,16.350833333333334,30.731512,20.882336,46.51079
ElecFM,2025-08-20 00:00:00+00:00,LZ_LCRA,2025-08-20 16:00:00+00:00,24.75916666666667,32.532623,21.768261,50.205887
ElecFM,2025-08-20 00:00:00+00:00,LZ_LCRA,2025-08-20 17:00:00+00:00,43.29916666666667,40.038815,28.33336,60.208244
ElecFM,2025-08-20 00:00:00+00:00,LZ_LCRA,2025-08-20 18:00:00+00:00,52.2125,47.52147,33.89113,70.99474
ElecFM,2025-08-20 00:00:00+00:00,LZ_LCRA,2025-08-20 19:00:00+00:00,52.52916666666667,50.39203,34.493843,75.79226
ElecFM,2025-08-20 00:00:00+00:00,LZ_LCRA,2025-08-20 20:00:00+00:00,72.56750000000001,53.23916,37.369137,80.53946
ElecFM,2025-08-20 00:00:00+00:00,LZ_LCRA,2025-08-20 21:00:00+00:00,73.18166666666666,51.930054,35.51863,78.71822
ElecFM,2025-08-20 00:00:00+00:00,LZ_LCRA,2025-08-20 22:00:00+00:00,56.85999999999999,50.29201,34.10102,77.39737
ElecFM,2025-08-20 00:00:00+00:00,LZ_LCRA,2025-08-20 23:00:00+00:00,63.60166666666667,54.553856,38.05854,82.394646
ElecFM,2025-08-20 00:00:00+00:00,LZ_RAYBN,2025-08-20 00:00:00+00:00,139.65333333333334,99.32089,65.35392,143.86488
ElecFM,2025-08-20 00:00:00+00:00,LZ_RAYBN,2025-08-20 01:00:00+00:00,96.49,72.5455,39.896694,118.43819
ElecFM,2025-08-20 00:00:00+00:00,LZ_RAYBN,2025-08-20 02:00:00+00:00,76.15166666666666,54.307503,29.868023,95.215675
ElecFM,2025-08-20 00:00:00+00:00,LZ_RAYBN,2025-08-20 03:00:00+00:00,73.37666666666667,35.476112,18.3714,69.22089
ElecFM,2025-08-20 00:00:00+00:00,LZ_RAYBN,2025-08-20 04:00:00+00:00,45.90083333333333,29.145523,19.449371,53.87345
ElecFM,2025-08-20 00:00:00+00:00,LZ_RAYBN,2025-08-20 05:00:00+00:00,36.10833333333333,26.939362,21.550398,45.57875
ElecFM,2025-08-20 00:00:00+00:00,LZ_RAYBN,2025-08-20 06:00:00+00:00,33.846666666666664,27.142057,23.548,40.939075
ElecFM,2025-08-20 00:00:00+00:00,LZ_RAYBN,2025-08-20 07:00:00+00:00,31.0075,24.98428,22.717625,37.84819
ElecFM,2025-08-20 00:00:00+00:00,LZ_RAYBN,2025-08-20 08:00:00+00:00,29.945833333333336,22.526981,20.613775,31.684952
ElecFM,2025-08-20 00:00:00+00:00,LZ_RAYBN,2025-08-20 09:00:00+00:00,26.75,24.008549,21.505337,33.23297
ElecFM,2025-08-20 00:00:00+00:00,LZ_RAYBN,2025-08-20 10:00:00+00:00,25.66,26.216682,22.476473,34.580307
ElecFM,2025-08-20 00:00:00+00:00,LZ_RAYBN,2025-08-20 11:00:00+00:00,25.8225,32.4262,25.871086,43.866188
ElecFM,2025-08-20 00:00:00+00:00,LZ_RAYBN,2025-08-20 12:00:00+00:00,24.87333333333333,28.166368,20.73174,40.690186
ElecFM,2025-08-20 00:00:00+00:00,LZ_RAYBN,2025-08-20 13:00:00+00:00,20.46,22.277145,13.806662,36.3643
ElecFM,2025-08-20 00:00:00+00:00,LZ_RAYBN,2025-08-20 14:00:00+00:00,17.185833333333335,23.566051,15.741732,37.026215
ElecFM,2025-08-20 00:00:00+00:00,LZ_RAYBN,2025-08-20 15:00:00+00:00,14.944166666666666,22.464767,15.335434,37.423374
ElecFM,2025-08-20 00:00:00+00:00,LZ_RAYBN,2025-08-20 16:00:00+00:00,8.883333333333333,24.114048,17.347025,39.259296
ElecFM,2025-08-20 00:00:00+00:00,LZ_RAYBN,2025-08-20 17:00:00+00:00,14.399166666666666,28.053614,21.429499,46.94468
ElecFM,2025-08-20 00:00:00+00:00,LZ_RAYBN,2025-08-20 18:00:00+00:00,16.965,29.644825,22.288748,50.30801
ElecFM,2025-08-20 00:00:00+00:00,LZ_RAYBN,2025-08-20 19:00:00+00:00,24.776666666666667,32.00629,23.098661,54.86418
ElecFM,2025-08-20 00:00:00+00:00,LZ_RAYBN,2025-08-20 20:00:00+00:00,29.445833333333336,32.688877,22.683323,57.90426
ElecFM,2025-08-20 00:00:00+00:00,LZ_RAYBN,2025-08-20 21:00:00+00:00,57.306666666666665,35.401325,22.606533,62.827007
ElecFM,2025-08-20 00:00:00+00:00,LZ_RAYBN,2025-08-20 22:00:00+00:00,56.36666666666667,39.362343,25.208143,68.705536
ElecFM,2025-08-20 00:00:00+00:00,LZ_RAYBN,2025-08-20 23:00:00+00:00,63.57749999999999,54.222023,36.729725,88.01544
ElecFM,2025-08-20 00:00:00+00:00,LZ_WEST,2025-08-20 00:00:00+00:00,101.84666666666668,85.30043,61.96261,119.38992
ElecFM,2025-08-20 00:00:00+00:00,LZ_WEST,2025-08-20 01:00:00+00:00,88.71,77.00756,51.79712,114.75844
ElecFM,2025-08-20 00:00:00+00:00,LZ_WEST,2025-08-20 02:00:00+00:00,76.15166666666666,69.69357,46.003902,107.87915
ElecFM,2025-08-20 00:00:00+00:00,LZ_WEST,2025-08-20 03:00:00+00:00,74.82583333333334,59.9852,38.190487,96.922134
ElecFM,2025-08-20 00:00:00+00:00,LZ_WEST,2025-08-20 04:00:00+00:00,67.84333333333333,54.71405,35.063297,89.888016
ElecFM,2025-08-20 00:00:00+00:00,LZ_WEST,2025-08-20 05:00:00+00:00,74.39166666666667,53.788563,35.446865,87.1783
ElecFM,2025-08-20 00:00:00+00:00,LZ_WEST,2025-08-20 06:00:00+00:00,73.865,48.597946,31.227743,81.07562
ElecFM,2025-08-20 00:00:00+00:00,LZ_WEST,2025-08-20 07:00:00+00:00,77.18666666666667,40.92288,25.086752,73.06201
ElecFM,2025-08-20 00:00:00+00:00,LZ_WEST,2025-08-20 08:00:00+00:00,81.82083333333334,37.017147,21.350294,67.10056
ElecFM,2025-08-20 00:00:00+00:00,LZ_WEST,2025-08-20 09:00:00+00:00,83.29333333333334,37.287693,22.104437,67.40821
ElecFM,2025-08-20 00:00:00+00:00,LZ_WEST,2025-08-20 10:00:00+00:00,76.8775,39.049763,22.983662,67.89631
ElecFM,2025-08-20 00:00:00+00:00,LZ_WEST,2025-08-20 11:00:00+00:00,73.48666666666666,45.246414,28.4427,74.40153
ElecFM,2025-08-20 00:00:00+00:00,LZ_WEST,2025-08-20 12:00:00+00:00,54.5075,40.649452,24.456728,68.35546
ElecFM,2025-08-20 00:00:00+00:00,LZ_WEST,2025-08-20 13:00:00+00:00,23.951666666666668,33.544,17.30313,59.836884
ElecFM,2025-08-20 00:00:00+00:00,LZ_WEST,2025-08-20 14:00:00+00:00,17.21666666666667,30.333328,15.53899,56.172337
ElecFM,2025-08-20 00:00:00+00:00,LZ_WEST,2025-08-20 15:00:00+00:00,15.3525,27.549477,13.523956,53.239704
ElecFM,2025-08-20 00:00:00+00:00,LZ_WEST,2025-08-20 16:00:00+00:00,13.5125,30.25641,15.630493,55.393467
ElecFM,2025-08-20 00:00:00+00:00,LZ_WEST,2025-08-20 17:00:00+00:00,18.214166666666667,35.475365,20.368616,63.423264
ElecFM,2025-08-20 00:00:00+00:00,LZ_WEST,2025-08-20 18:00:00+00:00,20.695833333333333,38.6171,21.287762,68.65494
ElecFM,2025-08-20 00:00:00+00:00,LZ_WEST,2025-08-20 19:00:00+00:00,27.481666666666666,39.128464,20.069704,71.62433
ElecFM,2025-08-20 00:00:00+00:00,LZ_WEST,2025-08-20 20:00:00+00:00,34.99333333333333,45.07904,24.567896,79.67321
ElecFM,2025-08-20 00:00:00+00:00,LZ_WEST,2025-08-20 21:00:00+00:00,60.19916666666666,49.41082,27.147213,85.34137
ElecFM,2025-08-20 00:00:00+00:00,LZ_WEST,2025-08-20 22:00:00+00:00,56.79583333333333,57.208454,34.167507,95.85301
ElecFM,2025-08-20 00:00:00+00:00,LZ_WEST,2025-08-20 23:00:00+00:00,63.5925,73.12128,48.16781,114.03232
ElecFM,2025-08-21 00:00:00+00:00,LZ_LCRA,2025-08-21 00:00:00+00:00,104.26916666666666,67.87123,51.65205,89.638336
ElecFM,2025-08-21 00:00:00+00:00,LZ_LCRA,2025-08-21 01:00:00+00:00,158.70583333333337,61.79798,44.242764,85.51143
ElecFM,2025-08-21 00:00:00+00:00,LZ_LCRA,2025-08-21 02:00:00+00:00,174.3125,55.622536,38.89553,78.60757
ElecFM,2025-08-21 00:00:00+00:00,LZ_LCRA,2025-08-21 03:00:00+00:00,112.30916666666668,46.862957,32.588356,67.56089
ElecFM,2025-08-21 00:00:00+00:00,LZ_LCRA,2025-08-21 04:00:00+00:00,55.72666666666667,40.162045,28.02178,57.570694
ElecFM,2025-08-21 00:00:00+00:00,LZ_LCRA,2025-08-21 05:00:00+00:00,39.75666666666667,35.614616,25.77185,51.57094
ElecFM,2025-08-21 00:00:00+00:00,LZ_LCRA,2025-08-21 06:00:00+00:00,36.305,32.82235,23.114567,47.205822
ElecFM,2025-08-21 00:00:00+00:00,LZ_LCRA,2025-08-21 07:00:00+00:00,34.90083333333333,30.300304,20.468958,44.54468
ElecFM,2025-08-21 00:00:00+00:00,LZ_LCRA,2025-08-21 08:00:00+00:00,31.4275,28.065935,18.11864,41.134552
ElecFM,2025-08-21 00:00:00+00:00,LZ_LCRA,2025-08-21 09:00:00+00:00,30.326666666666668,27.395096,17.626211,40.608723
ElecFM,2025-08-21 00:00:00+00:00,LZ_LCRA,2025-08-21 10:00:00+00:00,37.46833333333333,27.463688,18.648525,39.167786
ElecFM,2025-08-21 00:00:00+00:00,LZ_LCRA,2025-08-21 11:00:00+00:00,49.41083333333333,28.641981,19.965334,40.86678
ElecFM,2025-08-21 00:00:00+00:00,LZ_LCRA,2025-08-21 12:00:00+00:00,44.08083333333334,27.083803,19.011902,41.158413
ElecFM,2025-08-21 00:00:00+00:00,LZ_LCRA,2025-08-21 13:00:00+00:00,24.054166666666664,24.827742,16.280432,38.25228
ElecFM,2025-08-21 00:00:00+00:00,LZ_LCRA,2025-08-21 14:00:00+00:00,21.938333333333333,23.306343,15.877117,37.75921
ElecFM,2025-08-21 00:00:00+00:00,LZ_LCRA,2025-08-21 15:00:00+00:00,23.175,27.154205,18.644966,42.348145
ElecFM,2025-08-21 00:00:00+00:00,LZ_LCRA,2025-08-21 16:00:00+00:00,27.882500000000004,31.794586,22.431255,49.264725
ElecFM,2025-08-21 00:00:00+00:00,LZ_LCRA,2025-08-21 17:00:00+00:00,48.31,38.40978,26.684929,58.09841
ElecFM,2025-08-21 00:00:00+00:00,LZ_LCRA,2025-08-21 18:00:00+00:00,48.60666666666666,46.026737,31.297907,68.90983
ElecFM,2025-08-21 00:00:00+00:00,LZ_LCRA,2025-08-21 19:00:00+00:00,40.44916666666666,52.806408,35.314438,78.900856
ElecFM,2025-08-21 00:00:00+00:00,LZ_LCRA,2025-08-21 20:00:00+00:00,39.85416666666666,59.391743,41.390785,87.757416
ElecFM,2025-08-21 00:00:00+00:00,LZ_LCRA,2025-08-21 21:00:00+00:00,44.29916666666667,63.040203,43.69396,92.309616
ElecFM,2025-08-21 00:00:00+00:00,LZ_LCRA,2025-08-21 22:00:00+00:00,34.935833333333335,63.253128,44.42644,94.12712
ElecFM,2025-08-21 00:00:00+00:00,LZ_LCRA,2025-08-21 23:00:00+00:00,63.38833333333333,64.84371,46.569523,96.80341
ElecFM,2025-08-21 00:00:00+00:00,LZ_RAYBN,2025-08-21 00:00:00+00:00,104.26916666666666,69.48978,52.592087,94.22572
ElecFM,2025-08-21 00:00:00+00:00,LZ_RAYBN,2025-08-21 01:00:00+00:00,158.70583333333337,61.018852,43.017212,87.9397
ElecFM,2025-08-21 00:00:00+00:00,LZ_RAYBN,2025-08-21 02:00:00+00:00,174.3125,52.057644,36.401363,78.43435
ElecFM,2025-08-21 00:00:00+00:00,LZ_RAYBN,2025-08-21 03:00:00+00:00,112.22083333333336,40.810696,27.488327,64.98357
ElecFM,2025-08-21 00:00:00+00:00,LZ_RAYBN,2025-08-21 04:00:00+00:00,56.625,34.26608,22.40422,54.56565
ElecFM,2025-08-21 00:00:00+00:00,LZ_RAYBN,2025-08-21 05:00:00+00:00,39.855,32.095253,22.259474,49.960274
ElecFM,2025-08-21 00:00:00+00:00,LZ_RAYBN,2025-08-21 06:00:00+00:00,36.56583333333334,31.378506,22.06973,47.555534
ElecFM,2025-08-21 00:00:00+00:00,LZ_RAYBN,2025-08-21 07:00:00+00:00,33.11416666666667,31.090483,22.52529,47.22249
ElecFM,2025-08-21 00:00:00+00:00,LZ_RAYBN,2025-08-21 08:00:00+00:00,30.86583333333333,27.487335,19.440002,39.992416
ElecFM,2025-08-21 00:00:00+00:00,LZ_RAYBN,2025-08-21 09:00:00+00:00,32.550000000000004,25.730602,17.819792,37.371513
ElecFM,2025-08-21 00:00:00+00:00,LZ_RAYBN,2025-08-21 10:00:00+00:00,37.535833333333336,26.474716,17.9623,37.173317
ElecFM,2025-08-21 00:00:00+00:00,LZ_RAYBN,2025-08-21 11:00:00+00:00,46.25,31.516745,21.662262,45.16448
ElecFM,2025-08-21 00:00:00+00:00,LZ_RAYBN,2025-08-21 12:00:00+00:00,39.9375,27.838848,17.193554,42.131184
ElecFM,2025-08-21 00:00:00+00:00,LZ_RAYBN,2025-08-21 13:00:00+00:00,24.0725,21.516573,11.134134,35.8216
ElecFM,2025-08-21 00:00:00+00:00,LZ_RAYBN,2025-08-21 14:00:00+00:00,21.938333333333333,20.049227,10.361179,33.64871
ElecFM,2025-08-21 00:00:00+00:00,LZ_RAYBN,2025-08-21 15:00:00+00:00,22.856666666666666,18.22504,8.8953495,31.135029
ElecFM,2025-08-21 00:00:00+00:00,LZ_RAYBN,2025-08-21 16:00:00+00:00,28.7825,19.951218,10.746931,32.950165
ElecFM,2025-08-21 00:00:00+00:00,LZ_RAYBN,2025-08-21 17:00:00+00:00,49.7325,25.709991,15.9584465,38.863617
ElecFM,2025-08-21 00:00:00+00:00,LZ_RAYBN,2025-08-21 18:00:00+00:00,49.649166666666666,26.817596,16.664328,41.829643
ElecFM,2025-08-21 00:00:00+00:00,LZ_RAYBN,2025-08-21 19:00:00+00:00,40.44916666666666,30.063046,18.994192,46.589394
ElecFM,2025-08-21 00:00:00+00:00,LZ_RAYBN,2025-08-21 20:00:00+00:00,39.85416666666666,30.082153,19.102098,48.828712
ElecFM,2025-08-21 00:00:00+00:00,LZ_RAYBN,2025-08-21 21:00:00+00:00,44.215,33.69105,20.250118,53.83569
ElecFM,2025-08-21 00:00:00+00:00,LZ_RAYBN,2025-08-21 22:00:00+00:00,34.901666666666664,35.835567,21.399038,58.435646
ElecFM,2025-08-21 00:00:00+00:00,LZ_RAYBN,2025-08-21 23:00:00+00:00,63.35166666666667,45.00811,29.208073,70.47274
ElecFM,2025-08-21 00:00:00+00:00,LZ_WEST,2025-08-21 00:00:00+00:00,104.26916666666666,70.83925,52.034477,96.50862
ElecFM,2025-08-21 00:00:00+00:00,LZ_WEST,2025-08-21 01:00:00+00:00,158.70583333333337,77.38667,55.051727,106.38713
ElecFM,2025-08-21 00:00:00+00:00,LZ_WEST,2025-08-21 02:00:00+00:00,174.3125,79.878174,55.990345,110.872955
ElecFM,2025-08-21 00:00:00+00:00,LZ_WEST,2025-08-21 03:00:00+00:00,112.3175,70.993805,46.883785,102.10638
ElecFM,2025-08-21 00:00:00+00:00,LZ_WEST,2025-08-21 04:00:00+00:00,81.08749999999999,65.3016,41.650867,94.86308
ElecFM,2025-08-21 00:00:00+00:00,LZ_WEST,2025-08-21 05:00:00+00:00,75.985,61.713326,38.794807,88.69249
ElecFM,2025-08-21 00:00:00+00:00,LZ_WEST,2025-08-21 06:00:00+00:00,77.02416666666666,57.034748,36.13768,82.710236
ElecFM,2025-08-21 00:00:00+00:00,LZ_WEST,2025-08-21 07:00:00+00:00,78.97416666666668,49.80497,30.747602,74.017494
ElecFM,2025-08-21 00:00:00+00:00,LZ_WEST,2025-08-21 08:00:00+00:00,90.475,45.387005,26.872393,66.7873
ElecFM,2025-08-21 00:00:00+00:00,LZ_WEST,2025-08-21 09:00:00+00:00,86.33,43.176697,25.756983,64.14537
ElecFM,2025-08-21 00:00:00+00:00,LZ_WEST,2025-08-21 10:00:00+00:00,91.685,43.083794,25.878578,63.748238
ElecFM,2025-08-21 00:00:00+00:00,LZ_WEST,2025-08-21 11:00:00+00:00,85.86833333333334,44.92205,27.513018,66.09859
ElecFM,2025-08-21 00:00:00+00:00,LZ_WEST,2025-08-21 12:00:00+00:00,81.44,37.72039,20.33671,58.114693
ElecFM,2025-08-21 00:00:00+00:00,LZ_WEST,2025-08-21 13:00:00+00:00,24.386666666666667,29.344545,12.926842,50.333706
ElecFM,2025-08-21 00:00:00+00:00,LZ_WEST,2025-08-21 14:00:00+00:00,21.938333333333333,24.242073,8.279366,44.70746
ElecFM,2025-08-21 00:00:00+00:00,LZ_WEST,2025-08-21 15:00:00+00:00,19.06416666666667,19.094877,4.5574226,39.37744
ElecFM,2025-08-21 00:00:00+00:00,LZ_WEST,2025-08-21 16:00:00+00:00,28.33333333333333,24.091246,8.742916,42.665302
ElecFM,2025-08-21 00:00:00+00:00,LZ_WEST,2025-08-21 17:00:00+00:00,49.24333333333333,30.656372,15.254017,49.737602
ElecFM,2025-08-21 00:00:00+00:00,LZ_WEST,2025-08-21 18:00:00+00:00,49.29333333333333,33.40203,16.992449,53.250328
ElecFM,2025-08-21 00:00:00+00:00,LZ_WEST,2025-08-21 19:00:00+00:00,40.44916666666666,37.572407,19.387112,58.96711
ElecFM,2025-08-21 00:00:00+00:00,LZ_WEST,2025-08-21 20:00:00+00:00,39.85416666666666,42.671432,23.152681,66.4485
ElecFM,2025-08-21 00:00:00+00:00,LZ_WEST,2025-08-21 21:00:00+00:00,44.24416666666667,47.252594,24.483921,73.06976
ElecFM,2025-08-21 00:00:00+00:00,LZ_WEST,2025-08-21 22:00:00+00:00,34.93,55.630215,31.922213,84.99852
ElecFM,2025-08-21 00:00:00+00:00,LZ_WEST,2025-08-21 23:00:00+00:00,63.43083333333333,69.9892,44.743362,101.413315
ElecFM,2025-08-22 00:00:00+00:00,LZ_LCRA,2025-08-22 00:00:00+00:00,71.99916666666667,70.204445,47.884525,101.66093
ElecFM,2025-08-22 00:00:00+00:00,LZ_LCRA,2025-08-22 01:00:00+00:00,54.37583333333333,66.086266,43.69692,97.62421
ElecFM,2025-08-22 00:00:00+00:00,LZ_LCRA,2025-08-22 02:00:00+00:00,41.245,58.232975,38.250465,86.7426
ElecFM,2025-08-22 00:00:00+00:00,LZ_LCRA,2025-08-22 03:00:00+00:00,37.524166666666666,45.149426,28.234467,69.33107
ElecFM,2025-08-22 00:00:00+00:00,LZ_LCRA,2025-08-22 04:00:00+00:00,30.29416666666667,36.66655,22.381557,55.48461
ElecFM,2025-08-22 00:00:00+00:00,LZ_LCRA,2025-08-22 05:00:00+00:00,26.749166666666667,29.813179,18.962967,44.75828
ElecFM,2025-08-22 00:00:00+00:00,LZ_LCRA,2025-08-22 06:00:00+00:00,27.049166666666668,26.449501,17.639997,38.71158
ElecFM,2025-08-22 00:00:00+00:00,LZ_LCRA,2025-08-22 07:00:00+00:00,26.02083333333333,24.011446,16.480194,34.784756
ElecFM,2025-08-22 00:00:00+00:00,LZ_LCRA,2025-08-22 08:00:00+00:00,25.4425,23.330193,15.5308075,32.118347
ElecFM,2025-08-22 00:00:00+00:00,LZ_LCRA,2025-08-22 09:00:00+00:00,26.674166666666665,24.166506,14.89867,33.39369
ElecFM,2025-08-22 00:00:00+00:00,LZ_LCRA,2025-08-22 10:00:00+00:00,33.221666666666664,23.84695,13.723251,34.42128
ElecFM,2025-08-22 00:00:00+00:00,LZ_LCRA,2025-08-22 11:00:00+00:00,36.715,27.896812,16.315933,40.052277
ElecFM,2025-08-22 00:00:00+00:00,LZ_LCRA,2025-08-22 12:00:00+00:00,41.35166666666667,24.50934,13.8688965,37.933933
ElecFM,2025-08-22 00:00:00+00:00,LZ_LCRA,2025-08-22 13:00:00+00:00,22.968333333333337,21.776587,11.939945,34.096466
ElecFM,2025-08-22 00:00:00+00:00,LZ_LCRA,2025-08-22 14:00:00+00:00,20.70583333333333,19.460732,10.96735,32.280777
ElecFM,2025-08-22 00:00:00+00:00,LZ_LCRA,2025-08-22 15:00:00+00:00,20.85333333333333,20.769318,12.120323,35.56583
ElecFM,2025-08-22 00:00:00+00:00,LZ_LCRA,2025-08-22 16:00:00+00:00,24.051666666666662,27.006207,17.042398,46.504894
ElecFM,2025-08-22 00:00:00+00:00,LZ_LCRA,2025-08-22 17:00:00+00:00,24.844166666666663,33.60244,21.38142,57.417133
ElecFM,2025-08-22 00:00:00+00:00,LZ_LCRA,2025-08-22 18:00:00+00:00,26.46,39.434994,23.886755,67.146034
ElecFM,2025-08-22 00:00:00+00:00,LZ_LCRA,2025-08-22 19:00:00+00:00,29.58666666666667,43.442062,25.538443,73.42206
ElecFM,2025-08-22 00:00:00+00:00,LZ_LCRA,2025-08-22 20:00:00+00:00,36.825833333333335,47.300045,28.303043,79.97195
ElecFM,2025-08-22 00:00:00+00:00,LZ_LCRA,2025-08-22 21:00:00+00:00,57.96083333333333,48.84831,29.744263,83.67363
ElecFM,2025-08-22 00:00:00+00:00,LZ_LCRA,2025-08-22 22:00:00+00:00,41.73333333333333,48.389652,28.975143,85.15095
ElecFM,2025-08-22 00:00:00+00:00,LZ_LCRA,2025-08-22 23:00:00+00:00,44.82916666666667,53.390377,33.735527,91.49807
ElecFM,2025-08-22 00:00:00+00:00,LZ_RAYBN,2025-08-22 00:00:00+00:00,72.07416666666667,72.739845,50.248962,102.05647
ElecFM,2025-08-22 00:00:00+00:00,LZ_RAYBN,2025-08-22 01:00:00+00:00,54.0675,67.57664,44.34955,98.31412
ElecFM,2025-08-22 00:00:00+00:00,LZ_RAYBN,2025-08-22 02:00:00+00:00,40.47,55.142174,35.38148,82.290085
ElecFM,2025-08-22 00:00:00+00:00,LZ_RAYBN,2025-08-22 03:00:00+00:00,36.73333333333333,39.462692,23.977594,60.965492
ElecFM,2025-08-22 00:00:00+00:00,LZ_RAYBN,2025-08-22 04:00:00+00:00,29.7425,30.37883,18.538252,47.114075
ElecFM,2025-08-22 00:00:00+00:00,LZ_RAYBN,2025-08-22 05:00:00+00:00,28.425833333333333,28.300945,19.555405,42.397007
ElecFM,2025-08-22 00:00:00+00:00,LZ_RAYBN,2025-08-22 06:00:00+00:00,29.46333333333333,27.204416,20.398457,38.136005
ElecFM,2025-08-22 00:00:00+00:00,LZ_RAYBN,2025-08-22 07:00:00+00:00,28.6275,23.89454,17.856066,35.392117
ElecFM,2025-08-22 00:00:00+00:00,LZ_RAYBN,2025-08-22 08:00:00+00:00,28.430833333333336,23.163122,17.336945,32.647614
ElecFM,2025-08-22 00:00:00+00:00,LZ_RAYBN,2025-08-22 09:00:00+00:00,29.83333333333333,23.983686,16.642605,33.27931
ElecFM,2025-08-22 00:00:00+00:00,LZ_RAYBN,2025-08-22 10:00:00+00:00,34.3825,23.360752,14.827782,33.178253
ElecFM,2025-08-22 00:00:00+00:00,LZ_RAYBN,2025-08-22 11:00:00+00:00,35.1175,27.380903,17.623318,39.10496
ElecFM,2025-08-22 00:00:00+00:00,LZ_RAYBN,2025-08-22 12:00:00+00:00,37.46666666666667,24.631674,14.804989,36.71646
ElecFM,2025-08-22 00:00:00+00:00,LZ_RAYBN,2025-08-22 13:00:00+00:00,23.256666666666664,20.769537,11.4338,30.321373
ElecFM,2025-08-22 00:00:00+00:00,LZ_RAYBN,2025-08-22 14:00:00+00:00,20.70833333333333,19.111809,12.000448,26.573612
ElecFM,2025-08-22 00:00:00+00:00,LZ_RAYBN,2025-08-22 15:00:00+00:00,20.8575,16.923094,11.430517,24.03732
ElecFM,2025-08-22 00:00:00+00:00,LZ_RAYBN,2025-08-22 16:00:00+00:00,24.051666666666662,17.210379,11.65917,25.402554
ElecFM,2025-08-22 00:00:00+00:00,LZ_RAYBN,2025-08-22 17:00:00+00:00,24.844166666666663,18.95921,12.433126,30.158344
ElecFM,2025-08-22 00:00:00+00:00,LZ_RAYBN,2025-08-22 18:00:00+00:00,26.46,22.0887,12.850931,35.769382
ElecFM,2025-08-22 00:00:00+00:00,LZ_RAYBN,2025-08-22 19:00:00+00:00,29.58666666666667,22.642424,10.446136,39.663315
ElecFM,2025-08-22 00:00:00+00:00,LZ_RAYBN,2025-08-22 20:00:00+00:00,26.425833333333333,26.931997,14.370081,47.711277
ElecFM,2025-08-22 00:00:00+00:00,LZ_RAYBN,2025-08-22 21:00:00+00:00,36.16916666666666,31.064066,15.758959,54.53811
ElecFM,2025-08-22 00:00:00+00:00,LZ_RAYBN,2025-08-22 22:00:00+00:00,36.7225,36.521004,18.624744,64.73273
ElecFM,2025-08-22 00:00:00+00:00,LZ_RAYBN,2025-08-22 23:00:00+00:00,44.84333333333333,48.079575,27.822145,81.59962
ElecFM,2025-08-22 00:00:00+00:00,LZ_WEST,2025-08-22 00:00:00+00:00,72.44083333333333,70.89451,46.97661,106.05414
ElecFM,2025-08-22 00:00:00+00:00,LZ_WEST,2025-08-22 01:00:00+00:00,56.583333333333336,75.17502,50.279427,113.5296
ElecFM,2025-08-22 00:00:00+00:00,LZ_WEST,2025-08-22 02:00:00+00:00,71.27083333333333,74.799805,50.44524,113.35373
ElecFM,2025-08-22 00:00:00+00:00,LZ_WEST,2025-08-22 03:00:00+00:00,66.89916666666666,63.29634,39.95793,100.514046
ElecFM,2025-08-22 00:00:00+00:00,LZ_WEST,2025-08-22 04:00:00+00:00,73.6825,55.554577,32.655952,90.226166
ElecFM,2025-08-22 00:00:00+00:00,LZ_WEST,2025-08-22 05:00:00+00:00,70.20666666666666,53.280106,30.78773,85.19531
ElecFM,2025-08-22 00:00:00+00:00,LZ_WEST,2025-08-22 06:00:00+00:00,75.06916666666666,49.54252,30.044844,79.350655
ElecFM,2025-08-22 00:00:00+00:00,LZ_WEST,2025-08-22 07:00:00+00:00,78.505,44.037285,27.32201,71.29557
ElecFM,2025-08-22 00:00:00+00:00,LZ_WEST,2025-08-22 08:00:00+00:00,85.69083333333333,41.77934,26.227583,65.42501
ElecFM,2025-08-22 00:00:00+00:00,LZ_WEST,2025-08-22 09:00:00+00:00,87.45333333333333,40.125656,25.115215,63.055016
ElecFM,2025-08-22 00:00:00+00:00,LZ_WEST,2025-08-22 10:00:00+00:00,97.55083333333334,40.061176,25.063171,62.596306
ElecFM,2025-08-22 00:00:00+00:00,LZ_WEST,2025-08-22 11:00:00+00:00,87.20166666666667,42.49946,27.241697,66.12845
ElecFM,2025-08-22 00:00:00+00:00,LZ_WEST,2025-08-22 12:00:00+00:00,81.15166666666666,35.37047,21.09359,55.92779
ElecFM,2025-08-22 00:00:00+00:00,LZ_WEST,2025-08-22 13:00:00+00:00,26.83833333333333,23.650763,10.795868,41.386772
ElecFM,2025-08-22 00:00:00+00:00,LZ_WEST,2025-08-22 14:00:00+00:00,20.72083333333333,15.355988,4.614254,31.273348
ElecFM,2025-08-22 00:00:00+00:00,LZ_WEST,2025-08-22 15:00:00+00:00,20.8775,12.210381,2.2151184,27.051228
ElecFM,2025-08-22 00:00:00+00:00,LZ_WEST,2025-08-22 16:00:00+00:00,24.051666666666662,19.153923,7.4278107,33.70404
ElecFM,2025-08-22 00:00:00+00:00,LZ_WEST,2025-08-22 17:00:00+00:00,24.844166666666663,25.03209,12.580536,41.67001
ElecFM,2025-08-22 00:00:00+00:00,LZ_WEST,2025-08-22 18:00:00+00:00,26.46,23.756926,9.46928,42.17157
ElecFM,2025-08-22 00:00:00+00:00,LZ_WEST,2025-08-22 19:00:00+00:00,29.58666666666667,20.843239,5.6038322,42.286297
ElecFM,2025-08-22 00:00:00+00:00,LZ_WEST,2025-08-22 20:00:00+00:00,27.786666666666665,25.737108,8.523243,51.25425
ElecFM,2025-08-22 00:00:00+00:00,LZ_WEST,2025-08-22 21:00:00+00:00,39.1075,35.363937,14.913696,64.96056
ElecFM,2025-08-22 00:00:00+00:00,LZ_WEST,2025-08-22 22:00:00+00:00,37.45166666666667,45.680035,23.179918,80.81726
ElecFM,2025-08-22 00:00:00+00:00,LZ_WEST,2025-08-22 23:00:00+00:00,44.84333333333333,60.531296,35.594234,99.59416
ElecFM,2025-08-23 00:00:00+00:00,LZ_LCRA,2025-08-23 00:00:00+00:00,77.77,54.533543,30.517395,88.15428
ElecFM,2025-08-23 00:00:00+00:00,LZ_LCRA,2025-08-23 01:00:00+00:00,68.50833333333334,62.130234,34.528954,98.51151
ElecFM,2025-08-23 00:00:00+00:00,LZ_LCRA,2025-08-23 02:00:00+00:00,38.19833333333333,58.662663,32.409294,93.572975
ElecFM,2025-08-23 00:00:00+00:00,LZ_LCRA,2025-08-23 03:00:00+00:00,31.9575,48.465767,26.102135,79.362305
ElecFM,2025-08-23 00:00:00+00:00,LZ_LCRA,2025-08-23 04:00:00+00:00,27.72583333333333,39.970795,21.776821,62.57238
ElecFM,2025-08-23 00:00:00+00:00,LZ_LCRA,2025-08-23 05:00:00+00:00,26.124166666666667,32.51982,18.523403,50.331177
ElecFM,2025-08-23 00:00:00+00:00,LZ_LCRA,2025-08-23 06:00:00+00:00,24.684166666666663,29.114145,19.279167,42.85516
ElecFM,2025-08-23 00:00:00+00:00,LZ_LCRA,2025-08-23 07:00:00+00:00,24.124166666666667,25.132408,16.094591,38.124393
ElecFM,2025-08-23 00:00:00+00:00,LZ_LCRA,2025-08-23 08:00:00+00:00,24.441666666666663,25.6543,16.160143,37.3326
ElecFM,2025-08-23 00:00:00+00:00,LZ_LCRA,2025-08-23 09:00:00+00:00,24.771666666666665,25.714981,15.907953,38.799297
ElecFM,2025-08-23 00:00:00+00:00,LZ_LCRA,2025-08-23 10:00:00+00:00,25.31083333333333,27.407986,17.159456,40.591778
ElecFM,2025-08-23 00:00:00+00:00,LZ_LCRA,2025-08-23 11:00:00+00:00,27.13583333333333,31.093012,19.639812,47.2157
ElecFM,2025-08-23 00:00:00+00:00,LZ_LCRA,2025-08-23 12:00:00+00:00,25.389166666666668,26.042961,14.810699,44.9852
ElecFM,2025-08-23 00:00:00+00:00,LZ_LCRA,2025-08-23 13:00:00+00:00,19.68,21.37671,9.026241,42.229828
ElecFM,2025-08-23 00:00:00+00:00,LZ_LCRA,2025-08-23 14:00:00+00:00,17.66,21.005545,9.869152,42.87037
ElecFM,2025-08-23 00:00:00+00:00,LZ_LCRA,2025-08-23 15:00:00+00:00,18.03833333333333,21.591568,10.0735855,44.909275
ElecFM,2025-08-23 00:00:00+00:00,LZ_LCRA,2025-08-23 16:00:00+00:00,21.015833333333333,24.493074,12.8640785,47.982277
ElecFM,2025-08-23 00:00:00+00:00,LZ_LCRA,2025-08-23 17:00:00+00:00,22.430833333333336,29.114218,17.104874,55.579945
ElecFM,2025-08-23 00:00:00+00:00,LZ_LCRA,2025-08-23 18:00:00+00:00,24.8275,35.065582,20.149227,62.97957
ElecFM,2025-08-23 00:00:00+00:00,LZ_LCRA,2025-08-23 19:00:00+00:00,26.229166666666668,40.242733,21.749529,72.07172
ElecFM,2025-08-23 00:00:00+00:00,LZ_LCRA,2025-08-23 20:00:00+00:00,35.48416666666667,48.162743,28.59041,84.35815
ElecFM,2025-08-23 00:00:00+00:00,LZ_LCRA,2025-08-23 21:00:00+00:00,27.526666666666667,51.52289,29.622858,90.36171
ElecFM,2025-08-23 00:00:00+00:00,LZ_LCRA,2025-08-23 22:00:00+00:00,25.10833333333333,51.006504,27.267088,93.769775
ElecFM,2025-08-23 00:00:00+00:00,LZ_LCRA,2025-08-23 23:00:00+00:00,46.395,57.56652,32.364525,103.1149
ElecFM,2025-08-23 00:00:00+00:00,LZ_RAYBN,2025-08-23 00:00:00+00:00,77.82083333333334,58.354713,32.4853,93.51816
ElecFM,2025-08-23 00:00:00+00:00,LZ_RAYBN,2025-08-23 01:00:00+00:00,68.94166666666666,62.71954,34.424805,99.42941
ElecFM,2025-08-23 00:00:00+00:00,LZ_RAYBN,2025-08-23 02:00:00+00:00,38.910833333333336,57.29341,31.880432,91.23967
ElecFM,2025-08-23 00:00:00+00:00,LZ_RAYBN,2025-08-23 03:00:00+00:00,32.876666666666665,43.861294,23.248573,71.975555
ElecFM,2025-08-23 00:00:00+00:00,LZ_RAYBN,2025-08-23 04:00:00+00:00,28.965,34.950012,18.992338,55.04914
ElecFM,2025-08-23 00:00:00+00:00,LZ_RAYBN,2025-08-23 05:00:00+00:00,27.9175,29.438795,18.89741,44.507614
ElecFM,2025-08-23 00:00:00+00:00,LZ_RAYBN,2025-08-23 06:00:00+00:00,26.61083333333333,26.784056,20.318087,36.775806
ElecFM,2025-08-23 00:00:00+00:00,LZ_RAYBN,2025-08-23 07:00:00+00:00,26.04583333333333,23.194845,18.195995,32.289536
ElecFM,2025-08-23 00:00:00+00:00,LZ_RAYBN,2025-08-23 08:00:00+00:00,26.738333333333333,21.591267,16.952246,28.60123
ElecFM,2025-08-23 00:00:00+00:00,LZ_RAYBN,2025-08-23 09:00:00+00:00,27.19083333333333,20.29466,14.344671,28.736805
ElecFM,2025-08-23 00:00:00+00:00,LZ_RAYBN,2025-08-23 10:00:00+00:00,27.3775,18.42598,11.779364,28.0961
ElecFM,2025-08-23 00:00:00+00:00,LZ_RAYBN,2025-08-23 11:00:00+00:00,27.38416666666667,21.316229,12.988249,33.686073
ElecFM,2025-08-23 00:00:00+00:00,LZ_RAYBN,2025-08-23 12:00:00+00:00,23.863333333333333,18.44973,9.9723015,33.879414
ElecFM,2025-08-23 00:00:00+00:00,LZ_RAYBN,2025-08-23 13:00:00+00:00,19.7175,13.595015,4.8385773,29.44273
ElecFM,2025-08-23 00:00:00+00:00,LZ_RAYBN,2025-08-23 14:00:00+00:00,17.66,13.849197,6.6037865,29.629051
ElecFM,2025-08-23 00:00:00+00:00,LZ_RAYBN,2025-08-23 15:00:00+00:00,18.03833333333333,13.251801,5.549572,29.593056
ElecFM,2025-08-23 00:00:00+00:00,LZ_RAYBN,2025-08-23 16:00:00+00:00,21.009166666666665,13.446947,6.981224,27.772926
ElecFM,2025-08-23 00:00:00+00:00,LZ_RAYBN,2025-08-23 17:00:00+00:00,22.42,17.126995,10.079693,32.83752
ElecFM,2025-08-23 00:00:00+00:00,LZ_RAYBN,2025-08-23 18:00:00+00:00,24.930000000000003,20.001211,11.604357,36.87851
ElecFM,2025-08-23 00:00:00+00:00,LZ_RAYBN,2025-08-23 19:00:00+00:00,22.88,23.375399,12.300188,43.431557
ElecFM,2025-08-23 00:00:00+00:00,LZ_RAYBN,2025-08-23 20:00:00+00:00,31.684166666666663,27.961967,15.579187,52.630642
ElecFM,2025-08-23 00:00:00+00:00,LZ_RAYBN,2025-08-23 21:00:00+00:00,25.39,31.339527,16.469503,61.14888
ElecFM,2025-08-23 00:00:00+00:00,LZ_RAYBN,2025-08-23 22:00:00+00:00,23.6325,34.67167,16.782267,70.110435
ElecFM,2025-08-23 00:00:00+00:00,LZ_RAYBN,2025-08-23 23:00:00+00:00,46.32333333333333,49.215042,28.263466,89.252655
ElecFM,2025-08-23 00:00:00+00:00,LZ_WEST,2025-08-23 00:00:00+00:00,77.82083333333334,47.17462,25.598398,75.581474
ElecFM,2025-08-23 00:00:00+00:00,LZ_WEST,2025-08-23 01:00:00+00:00,76.01166666666667,56.108818,31.684809,88.49835
ElecFM,2025-08-23 00:00:00+00:00,LZ_WEST,2025-08-23 02:00:00+00:00,60.7525,60.80775,36.598145,94.05832
ElecFM,2025-08-23 00:00:00+00:00,LZ_WEST,2025-08-23 03:00:00+00:00,50.656666666666666,52.474773,29.927855,84.22929
ElecFM,2025-08-23 00:00:00+00:00,LZ_WEST,2025-08-23 04:00:00+00:00,53.7375,46.601227,25.706022,75.01828
ElecFM,2025-08-23 00:00:00+00:00,LZ_WEST,2025-08-23 05:00:00+00:00,64.61,46.58012,26.482471,73.03846
ElecFM,2025-08-23 00:00:00+00:00,LZ_WEST,2025-08-23 06:00:00+00:00,66.68666666666667,44.320454,27.038307,69.91274
ElecFM,2025-08-23 00:00:00+00:00,LZ_WEST,2025-08-23 07:00:00+00:00,66.95083333333334,42.441994,25.101723,67.94492
ElecFM,2025-08-23 00:00:00+00:00,LZ_WEST,2025-08-23 08:00:00+00:00,76.385,42.325264,24.104053,64.90259
ElecFM,2025-08-23 00:00:00+00:00,LZ_WEST,2025-08-23 09:00:00+00:00,79.50750000000001,42.158016,24.102415,65.03375
ElecFM,2025-08-23 00:00:00+00:00,LZ_WEST,2025-08-23 10:00:00+00:00,80.29833333333333,40.90424,23.362057,62.718616
ElecFM,2025-08-23 00:00:00+00:00,LZ_WEST,2025-08-23 11:00:00+00:00,80.62833333333333,42.220974,24.911041,63.406586
ElecFM,2025-08-23 00:00:00+00:00,LZ_WEST,2025-08-23 12:00:00+00:00,61.40583333333333,34.49259,17.826046,53.836117
ElecFM,2025-08-23 00:00:00+00:00,LZ_WEST,2025-08-23 13:00:00+00:00,20.486666666666668,20.090427,4.33387,38.38691
ElecFM,2025-08-23 00:00:00+00:00,LZ_WEST,2025-08-23 14:00:00+00:00,17.6775,14.862427,0.39240646,33.22406
ElecFM,2025-08-23 00:00:00+00:00,LZ_WEST,2025-08-23 15:00:00+00:00,18.044166666666666,12.513081,-2.780735,29.394444
ElecFM,2025-08-23 00:00:00+00:00,LZ_WEST,2025-08-23 16:00:00+00:00,21.009166666666665,16.466797,0.5006523,31.130983
ElecFM,2025-08-23 00:00:00+00:00,LZ_WEST,2025-08-23 17:00:00+00:00,22.42,21.456661,5.7623672,35.497627
ElecFM,2025-08-23 00:00:00+00:00,LZ_WEST,2025-08-23 18:00:00+00:00,24.87833333333333,24.187952,7.6700134,39.723866
ElecFM,2025-08-23 00:00:00+00:00,LZ_WEST,2025-08-23 19:00:00+00:00,23.30333333333333,26.496578,8.758427,44.985344
ElecFM,2025-08-23 00:00:00+00:00,LZ_WEST,2025-08-23 20:00:00+00:00,32.16916666666666,34.988144,14.636673,56.704315
ElecFM,2025-08-23 00:00:00+00:00,LZ_WEST,2025-08-23 21:00:00+00:00,25.6675,45.511707,21.334465,72.977715
ElecFM,2025-08-23 00:00:00+00:00,LZ_WEST,2025-08-23 22:00:00+00:00,23.824166666666667,50.783314,24.59105,83.51235
ElecFM,2025-08-23 00:00:00+00:00,LZ_WEST,2025-08-23 23:00:00+00:00,46.37833333333333,68.8658,40.294975,104.77694
ElecFM,2025-08-24 00:00:00+00:00,LZ_LCRA,2025-08-24 00:00:00+00:00,100.73833333333334,53.741413,38.315353,77.78591
ElecFM,2025-08-24 00:00:00+00:00,LZ_LCRA,2025-08-24 01:00:00+00:00,102.61666666666667,56.44471,40.81747,80.40437
ElecFM,2025-08-24 00:00:00+00:00,LZ_LCRA,2025-08-24 02:00:00+00:00,90.04333333333334,53.54579,38.799156,76.06575
ElecFM,2025-08-24 00:00:00+00:00,LZ_LCRA,2025-08-24 03:00:00+00:00,52.85083333333333,44.263153,31.05733,64.64583
ElecFM,2025-08-24 00:00:00+00:00,LZ_LCRA,2025-08-24 04:00:00+00:00,32.876666666666665,35.74338,23.810976,50.9457
ElecFM,2025-08-24 00:00:00+00:00,LZ_LCRA,2025-08-24 05:00:00+00:00,37.91416666666667,31.066595,21.418049,44.85731
ElecFM,2025-08-24 00:00:00+00:00,LZ_LCRA,2025-08-24 06:00:00+00:00,27.8725,28.812752,20.394924,41.818115
ElecFM,2025-08-24 00:00:00+00:00,LZ_LCRA,2025-08-24 07:00:00+00:00,25.645,26.13016,16.920233,39.517822
ElecFM,2025-08-24 00:00:00+00:00,LZ_LCRA,2025-08-24 08:00:00+00:00,25.6725,26.590363,16.339016,38.285717
ElecFM,2025-08-24 00:00:00+00:00,LZ_LCRA,2025-08-24 09:00:00+00:00,25.58,27.998287,16.973776,41.192387
ElecFM,2025-08-24 00:00:00+00:00,LZ_LCRA,2025-08-24 10:00:00+00:00,24.395,31.866552,19.239595,44.801506
ElecFM,2025-08-24 00:00:00+00:00,LZ_LCRA,2025-08-24 11:00:00+00:00,24.709166666666665,35.147327,22.0833,50.168633
ElecFM,2025-08-24 00:00:00+00:00,LZ_LCRA,2025-08-24 12:00:00+00:00,20.8675,32.002914,19.05544,45.630157
ElecFM,2025-08-24 00:00:00+00:00,LZ_LCRA,2025-08-24 13:00:00+00:00,19.2275,28.269035,15.245136,43.365494
ElecFM,2025-08-24 00:00:00+00:00,LZ_LCRA,2025-08-24 14:00:00+00:00,16.974999999999998,27.331095,13.220657,43.436466
ElecFM,2025-08-24 00:00:00+00:00,LZ_LCRA,2025-08-24 15:00:00+00:00,17.379166666666666,28.58525,14.308285,46.267567
ElecFM,2025-08-24 00:00:00+00:00,LZ_LCRA,2025-08-24 16:00:00+00:00,19.075,32.489452,17.246847,51.220287
ElecFM,2025-08-24 00:00:00+00:00,LZ_LCRA,2025-08-24 17:00:00+00:00,28.7225,43.374737,27.636684,64.91634
ElecFM,2025-08-24 00:00:00+00:00,LZ_LCRA,2025-08-24 18:00:00+00:00,42.08916666666666,51.887177,33.0114,75.13165
ElecFM,2025-08-24 00:00:00+00:00,LZ_LCRA,2025-08-24 19:00:00+00:00,49.23500000000001,55.70675,32.75511,83.361946
ElecFM,2025-08-24 00:00:00+00:00,LZ_LCRA,2025-08-24 20:00:00+00:00,57.1075,64.4316,38.941032,97.82184
ElecFM,2025-08-24 00:00:00+00:00,LZ_LCRA,2025-08-24 21:00:00+00:00,77.84833333333333,70.97724,41.370647,108.033035
ElecFM,2025-08-24 00:00:00+00:00,LZ_LCRA,2025-08-24 22:00:00+00:00,89.26833333333333,77.53508,45.703636,117.310776
ElecFM,2025-08-24 00:00:00+00:00,LZ_LCRA,2025-08-24 23:00:00+00:00,104.92583333333334,89.14115,57.79445,129.35953
ElecFM,2025-08-24 00:00:00+00:00,LZ_RAYBN,2025-08-24 00:00:00+00:00,100.83083333333332,63.897346,38.927116,98.45276
ElecFM,2025-08-24 00:00:00+00:00,LZ_RAYBN,2025-08-24 01:00:00+00:00,102.71083333333333,66.95105,40.839455,101.77228
ElecFM,2025-08-24 00:00:00+00:00,LZ_RAYBN,2025-08-24 02:00:00+00:00,90.1225,56.427597,33.871243,87.99205
ElecFM,2025-08-24 00:00:00+00:00,LZ_RAYBN,2025-08-24 03:00:00+00:00,53.6575,44.762825,26.455343,70.78412
ElecFM,2025-08-24 00:00:00+00:00,LZ_RAYBN,2025-08-24 04:00:00+00:00,34.54333333333333,38.701855,23.57552,56.71474
ElecFM,2025-08-24 00:00:00+00:00,LZ_RAYBN,2025-08-24 05:00:00+00:00,39.376666666666665,35.589127,23.905397,48.87009
ElecFM,2025-08-24 00:00:00+00:00,LZ_RAYBN,2025-08-24 06:00:00+00:00,29.834166666666665,33.44136,24.67362,43.87274
ElecFM,2025-08-24 00:00:00+00:00,LZ_RAYBN,2025-08-24 07:00:00+00:00,28.36583333333333,30.237545,21.444601,40.573338
ElecFM,2025-08-24 00:00:00+00:00,LZ_RAYBN,2025-08-24 08:00:00+00:00,28.15,29.075367,19.243128,35.532192
ElecFM,2025-08-24 00:00:00+00:00,LZ_RAYBN,2025-08-24 09:00:00+00:00,28.155,28.287113,17.460163,37.03864
ElecFM,2025-08-24 00:00:00+00:00,LZ_RAYBN,2025-08-24 10:00:00+00:00,27.39333333333333,31.770912,18.338423,41.218666
ElecFM,2025-08-24 00:00:00+00:00,LZ_RAYBN,2025-08-24 11:00:00+00:00,27.83,32.79754,16.771849,47.04141
ElecFM,2025-08-24 00:00:00+00:00,LZ_RAYBN,2025-08-24 12:00:00+00:00,24.40833333333333,29.760643,14.224068,43.437653
ElecFM,2025-08-24 00:00:00+00:00,LZ_RAYBN,2025-08-24 13:00:00+00:00,19.24833333333333,26.266523,11.567699,42.79829
ElecFM,2025-08-24 00:00:00+00:00,LZ_RAYBN,2025-08-24 14:00:00+00:00,16.97583333333333,22.876785,10.131161,38.502758
ElecFM,2025-08-24 00:00:00+00:00,LZ_RAYBN,2025-08-24 15:00:00+00:00,17.38416666666667,23.364908,12.320013,40.56609
ElecFM,2025-08-24 00:00:00+00:00,LZ_RAYBN,2025-08-24 16:00:00+00:00,19.41333333333333,25.885609,14.413496,43.615875
ElecFM,2025-08-24 00:00:00+00:00,LZ_RAYBN,2025-08-24 17:00:00+00:00,28.8725,31.998138,19.58958,53.84055
ElecFM,2025-08-24 00:00:00+00:00,LZ_RAYBN,2025-08-24 18:00:00+00:00,33.29833333333333,35.67659,20.253143,59.590714
ElecFM,2025-08-24 00:00:00+00:00,LZ_RAYBN,2025-08-24 19:00:00+00:00,39.77333333333333,37.425343,18.74159,65.18866
ElecFM,2025-08-24 00:00:00+00:00,LZ_RAYBN,2025-08-24 20:00:00+00:00,39.28666666666667,40.168606,18.990538,73.0521
ElecFM,2025-08-24 00:00:00+00:00,LZ_RAYBN,2025-08-24 21:00:00+00:00,45.193333333333335,46.39848,21.65824,84.86133
ElecFM,2025-08-24 00:00:00+00:00,LZ_RAYBN,2025-08-24 22:00:00+00:00,35.892500000000005,53.59146,25.07224,97.496
ElecFM,2025-08-24 00:00:00+00:00,LZ_RAYBN,2025-08-24 23:00:00+00:00,99.79333333333334,70.53572,38.749832,118.96726
ElecFM,2025-08-24 00:00:00+00:00,LZ_WEST,2025-08-24 00:00:00+00:00,100.82166666666669,60.162407,39.85199,87.084335
ElecFM,2025-08-24 00:00:00+00:00,LZ_WEST,2025-08-24 01:00:00+00:00,102.70083333333334,66.06392,43.52582,94.89522
ElecFM,2025-08-24 00:00:00+00:00,LZ_WEST,2025-08-24 02:00:00+00:00,90.1125,68.48364,45.931786,97.5165
ElecFM,2025-08-24 00:00:00+00:00,LZ_WEST,2025-08-24 03:00:00+00:00,68.70083333333334,60.16593,38.625443,87.12236
ElecFM,2025-08-24 00:00:00+00:00,LZ_WEST,2025-08-24 04:00:00+00:00,67.35916666666667,59.47795,38.91351,83.44987
ElecFM,2025-08-24 00:00:00+00:00,LZ_WEST,2025-08-24 05:00:00+00:00,68.66166666666666,59.61765,41.70761,81.29247
ElecFM,2025-08-24 00:00:00+00:00,LZ_WEST,2025-08-24 06:00:00+00:00,57.810833333333335,59.099716,42.85347,78.86672
ElecFM,2025-08-24 00:00:00+00:00,LZ_WEST,2025-08-24 07:00:00+00:00,67.38916666666667,58.43849,42.306263,77.914215
ElecFM,2025-08-24 00:00:00+00:00,LZ_WEST,2025-08-24 08:00:00+00:00,74.50416666666666,60.96218,44.60733,79.17984
ElecFM,2025-08-24 00:00:00+00:00,LZ_WEST,2025-08-24 09:00:00+00:00,81.62416666666667,60.201336,44.115288,78.45932
ElecFM,2025-08-24 00:00:00+00:00,LZ_WEST,2025-08-24 10:00:00+00:00,90.18,59.393677,44.168045,76.51819
ElecFM,2025-08-24 00:00:00+00:00,LZ_WEST,2025-08-24 11:00:00+00:00,93.02833333333332,52.916626,38.086395,69.73118
ElecFM,2025-08-24 00:00:00+00:00,LZ_WEST,2025-08-24 12:00:00+00:00,97.83833333333332,44.268288,30.12484,59.279762
ElecFM,2025-08-24 00:00:00+00:00,LZ_WEST,2025-08-24 13:00:00+00:00,19.7425,31.910757,19.053501,45.51024
ElecFM,2025-08-24 00:00:00+00:00,LZ_WEST,2025-08-24 14:00:00+00:00,17.0025,24.856367,12.595074,39.007965
ElecFM,2025-08-24 00:00:00+00:00,LZ_WEST,2025-08-24 15:00:00+00:00,17.405833333333334,23.052795,10.617958,37.769478
ElecFM,2025-08-24 00:00:00+00:00,LZ_WEST,2025-08-24 16:00:00+00:00,19.299166666666668,26.486292,13.43082,43.144707
ElecFM,2025-08-24 00:00:00+00:00,LZ_WEST,2025-08-24 17:00:00+00:00,28.79833333333333,29.323133,15.192017,47.89762
ElecFM,2025-08-24 00:00:00+00:00,LZ_WEST,2025-08-24 18:00:00+00:00,34.4575,33.239845,16.240013,54.453762
ElecFM,2025-08-24 00:00:00+00:00,LZ_WEST,2025-08-24 19:00:00+00:00,41.01083333333333,35.429977,15.471195,60.339954
ElecFM,2025-08-24 00:00:00+00:00,LZ_WEST,2025-08-24 20:00:00+00:00,41.6075,41.41673,18.812115,69.598335
ElecFM,2025-08-24 00:00:00+00:00,LZ_WEST,2025-08-24 21:00:00+00:00,49.69166666666666,49.778744,23.784935,82.00122
ElecFM,2025-08-24 00:00:00+00:00,LZ_WEST,2025-08-24 22:00:00+00:00,42.94833333333333,58.367237,31.34097,93.790665
ElecFM,2025-08-24 00:00:00+00:00,LZ_WEST,2025-08-24 23:00:00+00:00,106.00583333333331,73.923874,45.78247,110.80823
ElecFM,2025-08-25 00:00:00+00:00,LZ_LCRA,2025-08-25 00:00:00+00:00,125.63,116.12368,85.72891,153.77454
ElecFM,2025-08-25 00:00:00+00:00,LZ_LCRA,2025-08-25 01:00:00+00:00,110.80333333333334,102.018524,70.16742,142.60321
ElecFM,2025-08-25 00:00:00+00:00,LZ_LCRA,2025-08-25 02:00:00+00:00,107.035,77.12024,49.717487,115.803314
ElecFM,2025-08-25 00:00:00+00:00,LZ_LCRA,2025-08-25 03:00:00+00:00,41.399166666666666,55.33493,32.517258,90.35521
ElecFM,2025-08-25 00:00:00+00:00,LZ_LCRA,2025-08-25 04:00:00+00:00,32.82666666666667,43.028828,26.52224,71.137245
ElecFM,2025-08-25 00:00:00+00:00,LZ_LCRA,2025-08-25 05:00:00+00:00,24.906666666666663,38.30523,26.223696,62.09475
ElecFM,2025-08-25 00:00:00+00:00,LZ_LCRA,2025-08-25 06:00:00+00:00,22.135,31.925072,23.285227,52.037464
ElecFM,2025-08-25 00:00:00+00:00,LZ_LCRA,2025-08-25 07:00:00+00:00,22.081666666666667,32.343754,24.897156,52.470314
ElecFM,2025-08-25 00:00:00+00:00,LZ_LCRA,2025-08-25 08:00:00+00:00,22.195833333333336,32.597977,24.586958,50.70515
ElecFM,2025-08-25 00:00:00+00:00,LZ_LCRA,2025-08-25 09:00:00+00:00,21.896666666666665,28.71277,19.040573,50.705753
ElecFM,2025-08-25 00:00:00+00:00,LZ_LCRA,2025-08-25 10:00:00+00:00,23.126666666666665,31.24389,18.493164,54.01754
ElecFM,2025-08-25 00:00:00+00:00,LZ_LCRA,2025-08-25 11:00:00+00:00,24.945833333333336,34.746906,20.447018,61.156788
ElecFM,2025-08-25 00:00:00+00:00,LZ_LCRA,2025-08-25 12:00:00+00:00,23.8875,33.76915,19.801336,59.502544
ElecFM,2025-08-25 00:00:00+00:00,LZ_LCRA,2025-08-25 13:00:00+00:00,20.444166666666668,29.779533,17.462025,54.454567
ElecFM,2025-08-25 00:00:00+00:00,LZ_LCRA,2025-08-25 14:00:00+00:00,19.593333333333337,27.543455,16.565407,51.519768
ElecFM,2025-08-25 00:00:00+00:00,LZ_LCRA,2025-08-25 15:00:00+00:00,18.63583333333333,28.168358,17.393831,52.15279
ElecFM,2025-08-25 00:00:00+00:00,LZ_LCRA,2025-08-25 16:00:00+00:00,24.227500000000003,30.293371,18.774647,55.866226
ElecFM,2025-08-25 00:00:00+00:00,LZ_LCRA,2025-08-25 17:00:00+00:00,24.843333333333337,34.21889,20.700268,62.840378
ElecFM,2025-08-25 00:00:00+00:00,LZ_LCRA,2025-08-25 18:00:00+00:00,51.24916666666667,38.46856,21.986315,68.1801
ElecFM,2025-08-25 00:00:00+00:00,LZ_LCRA,2025-08-25 19:00:00+00:00,38.175,42.156445,21.988207,74.35991
ElecFM,2025-08-25 00:00:00+00:00,LZ_LCRA,2025-08-25 20:00:00+00:00,28.2675,48.52045,26.852089,84.035065
ElecFM,2025-08-25 00:00:00+00:00,LZ_LCRA,2025-08-25 21:00:00+00:00,41.3725,58.975132,32.96519,97.61575
ElecFM,2025-08-25 00:00:00+00:00,LZ_LCRA,2025-08-25 22:00:00+00:00,64.01416666666667,64.59806,35.897457,105.88449
ElecFM,2025-08-25 00:00:00+00:00,LZ_LCRA,2025-08-25 23:00:00+00:00,62.415,78.09248,46.827717,123.27255
ElecFM,2025-08-25 00:00:00+00:00,LZ_RAYBN,2025-08-25 00:00:00+00:00,120.99416666666669,123.0126,87.43994,167.26706
ElecFM,2025-08-25 00:00:00+00:00,LZ_RAYBN,2025-08-25 01:00:00+00:00,109.9725,107.16597,69.84575,155.29356
ElecFM,2025-08-25 00:00:00+00:00,LZ_RAYBN,2025-08-25 02:00:00+00:00,105.72833333333334,72.382065,41.38955,118.459404
ElecFM,2025-08-25 00:00:00+00:00,LZ_RAYBN,2025-08-25 03:00:00+00:00,37.469166666666666,46.924828,24.00783,88.58513
ElecFM,2025-08-25 00:00:00+00:00,LZ_RAYBN,2025-08-25 04:00:00+00:00,27.75916666666667,36.68321,21.477571,67.70317
ElecFM,2025-08-25 00:00:00+00:00,LZ_RAYBN,2025-08-25 05:00:00+00:00,24.126666666666665,28.557957,20.737062,53.23745
ElecFM,2025-08-25 00:00:00+00:00,LZ_RAYBN,2025-08-25 06:00:00+00:00,23.76,23.501883,19.753788,43.814888
ElecFM,2025-08-25 00:00:00+00:00,LZ_RAYBN,2025-08-25 07:00:00+00:00,23.410833333333333,22.624313,20.501366,43.106705
ElecFM,2025-08-25 00:00:00+00:00,LZ_RAYBN,2025-08-25 08:00:00+00:00,23.58583333333333,21.145155,19.329288,38.356632
ElecFM,2025-08-25 00:00:00+00:00,LZ_RAYBN,2025-08-25 09:00:00+00:00,23.4625,20.598606,16.83364,39.96092
ElecFM,2025-08-25 00:00:00+00:00,LZ_RAYBN,2025-08-25 10:00:00+00:00,24.405,19.92846,13.761139,38.468742
ElecFM,2025-08-25 00:00:00+00:00,LZ_RAYBN,2025-08-25 11:00:00+00:00,25.39333333333333,21.328856,13.365658,44.07268
ElecFM,2025-08-25 00:00:00+00:00,LZ_RAYBN,2025-08-25 12:00:00+00:00,24.09583333333333,18.559574,10.409134,39.867626
ElecFM,2025-08-25 00:00:00+00:00,LZ_RAYBN,2025-08-25 13:00:00+00:00,20.464166666666667,13.41905,5.3254814,34.33031
ElecFM,2025-08-25 00:00:00+00:00,LZ_RAYBN,2025-08-25 14:00:00+00:00,19.550833333333333,13.40999,6.0658493,33.63236
ElecFM,2025-08-25 00:00:00+00:00,LZ_RAYBN,2025-08-25 15:00:00+00:00,18.925833333333333,15.696421,7.834057,35.62899
ElecFM,2025-08-25 00:00:00+00:00,LZ_RAYBN,2025-08-25 16:00:00+00:00,17.54,19.449966,10.250946,40.579807
ElecFM,2025-08-25 00:00:00+00:00,LZ_RAYBN,2025-08-25 17:00:00+00:00,25.434166666666663,24.758972,13.805988,47.74224
ElecFM,2025-08-25 00:00:00+00:00,LZ_RAYBN,2025-08-25 18:00:00+00:00,33.810833333333335,28.051392,13.39806,51.172504
ElecFM,2025-08-25 00:00:00+00:00,LZ_RAYBN,2025-08-25 19:00:00+00:00,33.95333333333333,29.816013,13.515989,57.650936
ElecFM,2025-08-25 00:00:00+00:00,LZ_RAYBN,2025-08-25 20:00:00+00:00,29.1225,35.230232,16.631987,66.772644
ElecFM,2025-08-25 00:00:00+00:00,LZ_RAYBN,2025-08-25 21:00:00+00:00,26.5875,41.01937,18.073483,77.56221
ElecFM,2025-08-25 00:00:00+00:00,LZ_RAYBN,2025-08-25 22:00:00+00:00,38.18083333333333,48.586845,21.712427,89.36333
ElecFM,2025-08-25 00:00:00+00:00,LZ_RAYBN,2025-08-25 23:00:00+00:00,58.7875,67.56257,37.635075,113.37191
ElecFM,2025-08-25 00:00:00+00:00,LZ_WEST,2025-08-25 00:00:00+00:00,127.8725,113.498795,83.485054,147.61981
ElecFM,2025-08-25 00:00:00+00:00,LZ_WEST,2025-08-25 01:00:00+00:00,112.95833333333331,98.18896,66.45582,136.05713
ElecFM,2025-08-25 00:00:00+00:00,LZ_WEST,2025-08-25 02:00:00+00:00,111.91166666666668,78.550354,48.328953,117.4446
ElecFM,2025-08-25 00:00:00+00:00,LZ_WEST,2025-08-25 03:00:00+00:00,62.34583333333333,58.263702,31.699871,95.95099
ElecFM,2025-08-25 00:00:00+00:00,LZ_WEST,2025-08-25 04:00:00+00:00,78.335,59.63259,35.92237,94.13141
ElecFM,2025-08-25 00:00:00+00:00,LZ_WEST,2025-08-25 05:00:00+00:00,69.06583333333333,63.69863,44.53065,96.62543
ElecFM,2025-08-25 00:00:00+00:00,LZ_WEST,2025-08-25 06:00:00+00:00,60.59166666666667,63.675198,44.843773,96.43878
ElecFM,2025-08-25 00:00:00+00:00,LZ_WEST,2025-08-25 07:00:00+00:00,54.16333333333333,67.50613,48.84794,100.93191
ElecFM,2025-08-25 00:00:00+00:00,LZ_WEST,2025-08-25 08:00:00+00:00,62.55833333333333,75.96886,56.787663,108.94261
ElecFM,2025-08-25 00:00:00+00:00,LZ_WEST,2025-08-25 09:00:00+00:00,61.3575,79.01336,58.83599,112.59169
ElecFM,2025-08-25 00:00:00+00:00,LZ_WEST,2025-08-25 10:00:00+00:00,55.15583333333333,76.86746,57.518047,109.807175
ElecFM,2025-08-25 00:00:00+00:00,LZ_WEST,2025-08-25 11:00:00+00:00,35.865,74.11353,55.436993,105.78299
ElecFM,2025-08-25 00:00:00+00:00,LZ_WEST,2025-08-25 12:00:00+00:00,28.90833333333333,59.818775,42.626247,86.66707
ElecFM,2025-08-25 00:00:00+00:00,LZ_WEST,2025-08-25 13:00:00+00:00,20.929166666666667,31.73988,16.597477,55.573185
ElecFM,2025-08-25 00:00:00+00:00,LZ_WEST,2025-08-25 14:00:00+00:00,19.524166666666662,20.254913,7.801056,42.181633
ElecFM,2025-08-25 00:00:00+00:00,LZ_WEST,2025-08-25 15:00:00+00:00,15.434166666666668,25.868187,14.0116005,46.471622
ElecFM,2025-08-25 00:00:00+00:00,LZ_WEST,2025-08-25 16:00:00+00:00,16.058333333333334,26.48262,14.210911,47.44538
ElecFM,2025-08-25 00:00:00+00:00,LZ_WEST,2025-08-25 17:00:00+00:00,20.789166666666667,28.09147,13.540108,51.05959
ElecFM,2025-08-25 00:00:00+00:00,LZ_WEST,2025-08-25 18:00:00+00:00,34.03666666666667,34.39278,15.392448,59.408405
ElecFM,2025-08-25 00:00:00+00:00,LZ_WEST,2025-08-25 19:00:00+00:00,34.03333333333334,39.928192,17.65541,67.83803
ElecFM,2025-08-25 00:00:00+00:00,LZ_WEST,2025-08-25 20:00:00+00:00,28.85083333333333,44.616882,19.07491,74.39573
ElecFM,2025-08-25 00:00:00+00:00,LZ_WEST,2025-08-25 21:00:00+00:00,28.846666666666668,54.526176,27.234777,86.68523
ElecFM,2025-08-25 00:00:00+00:00,LZ_WEST,2025-08-25 22:00:00+00:00,42.65333333333333,63.072033,35.037678,97.19572
ElecFM,2025-08-25 00:00:00+00:00,LZ_WEST,2025-08-25 23:00:00+00:00,61.37583333333333,83.97996,54.607094,120.12898
ElecFM,2025-08-26 00:00:00+00:00,LZ_LCRA,2025-08-26 00:00:00+00:00,68.79583333333333,78.37341,55.898544,106.5014
ElecFM,2025-08-26 00:00:00+00:00,LZ_LCRA,2025-08-26 01:00:00+00:00,53.57666666666666,77.93609,53.651268,108.92561
ElecFM,2025-08-26 00:00:00+00:00,LZ_LCRA,2025-08-26 02:00:00+00:00,33.225833333333334,62.399418,41.384117,92.64427
ElecFM,2025-08-26 00:00:00+00:00,LZ_LCRA,2025-08-26 03:00:00+00:00,31.0375,43.697693,26.943201,71.27977
ElecFM,2025-08-26 00:00:00+00:00,LZ_LCRA,2025-08-26 04:00:00+00:00,25.355,30.122868,18.14592,51.3122
ElecFM,2025-08-26 00:00:00+00:00,LZ_LCRA,2025-08-26 05:00:00+00:00,23.479166666666668,26.174793,17.670189,43.843
ElecFM,2025-08-26 00:00:00+00:00,LZ_LCRA,2025-08-26 06:00:00+00:00,23.491666666666664,26.307346,19.003727,40.147884
ElecFM,2025-08-26 00:00:00+00:00,LZ_LCRA,2025-08-26 07:00:00+00:00,24.22666666666667,25.89254,19.01007,39.06956
ElecFM,2025-08-26 00:00:00+00:00,LZ_LCRA,2025-08-26 08:00:00+00:00,24.159166666666664,24.437916,17.94982,34.425667
ElecFM,2025-08-26 00:00:00+00:00,LZ_LCRA,2025-08-26 09:00:00+00:00,25.363333333333333,26.81866,19.946333,37.987812
ElecFM,2025-08-26 00:00:00+00:00,LZ_LCRA,2025-08-26 10:00:00+00:00,28.5875,30.379646,21.600155,41.073925
ElecFM,2025-08-26 00:00:00+00:00,LZ_LCRA,2025-08-26 11:00:00+00:00,41.39833333333333,28.714857,17.815931,42.802917
ElecFM,2025-08-26 00:00:00+00:00,LZ_LCRA,2025-08-26 12:00:00+00:00,46.465833333333336,25.820854,14.358824,41.59929
ElecFM,2025-08-26 00:00:00+00:00,LZ_LCRA,2025-08-26 13:00:00+00:00,26.133333333333336,22.69106,10.3618965,38.530373
ElecFM,2025-08-26 00:00:00+00:00,LZ_LCRA,2025-08-26 14:00:00+00:00,23.75583333333333,23.448181,11.595222,40.8228
ElecFM,2025-08-26 00:00:00+00:00,LZ_LCRA,2025-08-26 15:00:00+00:00,23.42083333333333,27.835363,15.337872,45.57766
ElecFM,2025-08-26 00:00:00+00:00,LZ_LCRA,2025-08-26 16:00:00+00:00,24.3275,34.05587,20.910652,53.79044
ElecFM,2025-08-26 00:00:00+00:00,LZ_LCRA,2025-08-26 17:00:00+00:00,36.715833333333336,40.381134,24.875874,63.453545
ElecFM,2025-08-26 00:00:00+00:00,LZ_LCRA,2025-08-26 18:00:00+00:00,47.524166666666666,45.11557,26.791042,71.201965
ElecFM,2025-08-26 00:00:00+00:00,LZ_LCRA,2025-08-26 19:00:00+00:00,48.76333333333333,48.0499,25.71531,78.895004
ElecFM,2025-08-26 00:00:00+00:00,LZ_LCRA,2025-08-26 20:00:00+00:00,57.34833333333333,54.070343,30.28941,89.586334
ElecFM,2025-08-26 00:00:00+00:00,LZ_LCRA,2025-08-26 21:00:00+00:00,56.81916666666667,62.891205,33.77186,102.81654
ElecFM,2025-08-26 00:00:00+00:00,LZ_LCRA,2025-08-26 22:00:00+00:00,56.98583333333334,65.02652,33.532642,108.796
ElecFM,2025-08-26 00:00:00+00:00,LZ_LCRA,2025-08-26 23:00:00+00:00,55.75416666666666,71.59143,38.236374,118.98419
ElecFM,2025-08-26 00:00:00+00:00,LZ_RAYBN,2025-08-26 00:00:00+00:00,63.520833333333336,86.55095,66.03224,114.46503
ElecFM,2025-08-26 00:00:00+00:00,LZ_RAYBN,2025-08-26 01:00:00+00:00,52.9725,81.5512,59.331116,111.06553
ElecFM,2025-08-26 00:00:00+00:00,LZ_RAYBN,2025-08-26 02:00:00+00:00,29.7725,58.544212,39.788826,87.65979
ElecFM,2025-08-26 00:00:00+00:00,LZ_RAYBN,2025-08-26 03:00:00+00:00,28.184166666666663,38.597816,23.68798,65.28452
ElecFM,2025-08-26 00:00:00+00:00,LZ_RAYBN,2025-08-26 04:00:00+00:00,25.53,29.108477,17.83893,48.109478
ElecFM,2025-08-26 00:00:00+00:00,LZ_RAYBN,2025-08-26 05:00:00+00:00,23.992500000000003,27.009056,19.412859,42.916348
ElecFM,2025-08-26 00:00:00+00:00,LZ_RAYBN,2025-08-26 06:00:00+00:00,23.69083333333333,26.83137,20.645844,40.836
ElecFM,2025-08-26 00:00:00+00:00,LZ_RAYBN,2025-08-26 07:00:00+00:00,24.430833333333336,28.27793,21.67868,41.644424
ElecFM,2025-08-26 00:00:00+00:00,LZ_RAYBN,2025-08-26 08:00:00+00:00,24.3075,26.884535,20.827328,36.5882
ElecFM,2025-08-26 00:00:00+00:00,LZ_RAYBN,2025-08-26 09:00:00+00:00,25.364166666666662,27.487974,21.56709,38.32855
ElecFM,2025-08-26 00:00:00+00:00,LZ_RAYBN,2025-08-26 10:00:00+00:00,28.5875,29.754099,22.816917,38.87171
ElecFM,2025-08-26 00:00:00+00:00,LZ_RAYBN,2025-08-26 11:00:00+00:00,41.39833333333333,27.06474,19.333897,39.639263
ElecFM,2025-08-26 00:00:00+00:00,LZ_RAYBN,2025-08-26 12:00:00+00:00,46.465833333333336,24.389648,16.303946,36.55696
ElecFM,2025-08-26 00:00:00+00:00,LZ_RAYBN,2025-08-26 13:00:00+00:00,26.148333333333337,22.700996,13.423904,35.445354
ElecFM,2025-08-26 00:00:00+00:00,LZ_RAYBN,2025-08-26 14:00:00+00:00,23.75583333333333,22.863958,13.283674,38.05531
ElecFM,2025-08-26 00:00:00+00:00,LZ_RAYBN,2025-08-26 15:00:00+00:00,23.4225,23.887938,12.200645,40.900547
ElecFM,2025-08-26 00:00:00+00:00,LZ_RAYBN,2025-08-26 16:00:00+00:00,24.329166666666666,29.059296,15.334091,48.25985
ElecFM,2025-08-26 00:00:00+00:00,LZ_RAYBN,2025-08-26 17:00:00+00:00,36.715833333333336,35.566845,19.525307,59.384716
ElecFM,2025-08-26 00:00:00+00:00,LZ_RAYBN,2025-08-26 18:00:00+00:00,47.49166666666667,41.657967,22.103548,68.765724
ElecFM,2025-08-26 00:00:00+00:00,LZ_RAYBN,2025-08-26 19:00:00+00:00,48.74583333333334,45.934177,23.205627,78.852936
ElecFM,2025-08-26 00:00:00+00:00,LZ_RAYBN,2025-08-26 20:00:00+00:00,57.057500000000005,50.106236,25.80746,88.13728
ElecFM,2025-08-26 00:00:00+00:00,LZ_RAYBN,2025-08-26 21:00:00+00:00,52.26,54.635414,24.82943,97.522095
ElecFM,2025-08-26 00:00:00+00:00,LZ_RAYBN,2025-08-26 22:00:00+00:00,48.8525,61.616135,29.861872,108.096756
ElecFM,2025-08-26 00:00:00+00:00,LZ_RAYBN,2025-08-26 23:00:00+00:00,55.415,77.00415,43.051388,126.487495
ElecFM,2025-08-26 00:00:00+00:00,LZ_WEST,2025-08-26 00:00:00+00:00,79.14583333333333,78.34473,58.728477,98.5421
ElecFM,2025-08-26 00:00:00+00:00,LZ_WEST,2025-08-26 01:00:00+00:00,65.3425,77.773254,56.803715,99.84599
ElecFM,2025-08-26 00:00:00+00:00,LZ_WEST,2025-08-26 02:00:00+00:00,52.0025,76.484634,55.501724,99.07005
ElecFM,2025-08-26 00:00:00+00:00,LZ_WEST,2025-08-26 03:00:00+00:00,48.70666666666667,64.85156,44.705086,87.33582
ElecFM,2025-08-26 00:00:00+00:00,LZ_WEST,2025-08-26 04:00:00+00:00,40.8675,59.77871,41.421173,80.45161
ElecFM,2025-08-26 00:00:00+00:00,LZ_WEST,2025-08-26 05:00:00+00:00,33.559999999999995,58.303806,41.880215,78.06781
ElecFM,2025-08-26 00:00:00+00:00,LZ_WEST,2025-08-26 06:00:00+00:00,27.516666666666666,54.74415,39.93476,75.16631
ElecFM,2025-08-26 00:00:00+00:00,LZ_WEST,2025-08-26 07:00:00+00:00,28.415000000000003,54.244736,39.068863,76.45126
ElecFM,2025-08-26 00:00:00+00:00,LZ_WEST,2025-08-26 08:00:00+00:00,27.249166666666667,54.872334,38.79405,76.96991
ElecFM,2025-08-26 00:00:00+00:00,LZ_WEST,2025-08-26 09:00:00+00:00,25.389166666666668,58.709488,41.48261,82.870895
ElecFM,2025-08-26 00:00:00+00:00,LZ_WEST,2025-08-26 10:00:00+00:00,28.5875,57.204193,39.031357,81.53424
ElecFM,2025-08-26 00:00:00+00:00,LZ_WEST,2025-08-26 11:00:00+00:00,41.39833333333333,53.912407,35.834335,78.47932
ElecFM,2025-08-26 00:00:00+00:00,LZ_WEST,2025-08-26 12:00:00+00:00,46.465833333333336,47.85788,31.120754,69.75614
ElecFM,2025-08-26 00:00:00+00:00,LZ_WEST,2025-08-26 13:00:00+00:00,26.613333333333333,26.70855,11.103298,46.463024
ElecFM,2025-08-26 00:00:00+00:00,LZ_WEST,2025-08-26 14:00:00+00:00,23.75583333333333,21.104378,8.331093,40.648758
ElecFM,2025-08-26 00:00:00+00:00,LZ_WEST,2025-08-26 15:00:00+00:00,23.43166666666667,24.554974,10.886929,44.327705
ElecFM,2025-08-26 00:00:00+00:00,LZ_WEST,2025-08-26 16:00:00+00:00,24.33666666666667,28.579657,13.344715,49.48001
ElecFM,2025-08-26 00:00:00+00:00,LZ_WEST,2025-08-26 17:00:00+00:00,36.715833333333336,31.232925,14.692818,55.91104
ElecFM,2025-08-26 00:00:00+00:00,LZ_WEST,2025-08-26 18:00:00+00:00,47.49583333333334,39.797523,20.029335,66.702354
ElecFM,2025-08-26 00:00:00+00:00,LZ_WEST,2025-08-26 19:00:00+00:00,48.74666666666667,41.4589,19.338406,71.191025
ElecFM,2025-08-26 00:00:00+00:00,LZ_WEST,2025-08-26 20:00:00+00:00,57.39833333333333,47.331158,23.58807,78.07498
ElecFM,2025-08-26 00:00:00+00:00,LZ_WEST,2025-08-26 21:00:00+00:00,53.615,56.79095,30.657492,89.03468
ElecFM,2025-08-26 00:00:00+00:00,LZ_WEST,2025-08-26 22:00:00+00:00,50.65583333333333,58.17313,32.02838,91.41588
ElecFM,2025-08-26 00:00:00+00:00,LZ_WEST,2025-08-26 23:00:00+00:00,56.35833333333333,74.29045,46.522938,108.39146
ElecFM,2025-08-27 00:00:00+00:00,LZ_LCRA,2025-08-27 00:00:00+00:00,49.76833333333334,66.06282,45.66552,91.80251
ElecFM,2025-08-27 00:00:00+00:00,LZ_LCRA,2025-08-27 01:00:00+00:00,69.985,65.43238,43.777164,93.420616
ElecFM,2025-08-27 00:00:00+00:00,LZ_LCRA,2025-08-27 02:00:00+00:00,56.955000000000005,57.674004,37.801456,84.05336
ElecFM,2025-08-27 00:00:00+00:00,LZ_LCRA,2025-08-27 03:00:00+00:00,34.9775,44.8996,28.164577,67.64201
ElecFM,2025-08-27 00:00:00+00:00,LZ_LCRA,2025-08-27 04:00:00+00:00,29.486666666666668,36.163334,22.355684,54.738914
ElecFM,2025-08-27 00:00:00+00:00,LZ_LCRA,2025-08-27 05:00:00+00:00,24.755,32.173634,19.754486,48.39919
ElecFM,2025-08-27 00:00:00+00:00,LZ_LCRA,2025-08-27 06:00:00+00:00,23.824166666666667,29.37119,18.20714,43.84876
ElecFM,2025-08-27 00:00:00+00:00,LZ_LCRA,2025-08-27 07:00:00+00:00,23.6575,28.22953,17.709742,42.182056
ElecFM,2025-08-27 00:00:00+00:00,LZ_LCRA,2025-08-27 08:00:00+00:00,26.2325,28.728346,18.029148,41.040195
ElecFM,2025-08-27 00:00:00+00:00,LZ_LCRA,2025-08-27 09:00:00+00:00,28.14833333333333,29.69336,18.92379,42.380905
ElecFM,2025-08-27 00:00:00+00:00,LZ_LCRA,2025-08-27 10:00:00+00:00,33.229166666666664,31.315964,19.006124,45.198887
ElecFM,2025-08-27 00:00:00+00:00,LZ_LCRA,2025-08-27 11:00:00+00:00,46.6375,35.125492,20.952097,51.021816
ElecFM,2025-08-27 00:00:00+00:00,LZ_LCRA,2025-08-27 12:00:00+00:00,65.49333333333333,34.392002,19.315168,53.185005
ElecFM,2025-08-27 00:00:00+00:00,LZ_LCRA,2025-08-27 13:00:00+00:00,27.365,29.320248,13.65641,48.211567
ElecFM,2025-08-27 00:00:00+00:00,LZ_LCRA,2025-08-27 14:00:00+00:00,23.19083333333333,25.26318,11.265972,44.01005
ElecFM,2025-08-27 00:00:00+00:00,LZ_LCRA,2025-08-27 15:00:00+00:00,22.63583333333333,24.166864,11.937111,41.780388
ElecFM,2025-08-27 00:00:00+00:00,LZ_LCRA,2025-08-27 16:00:00+00:00,23.456666666666667,24.862377,13.53087,42.40064
ElecFM,2025-08-27 00:00:00+00:00,LZ_LCRA,2025-08-27 17:00:00+00:00,24.94666666666667,30.106802,18.541431,49.884396
ElecFM,2025-08-27 00:00:00+00:00,LZ_LCRA,2025-08-27 18:00:00+00:00,29.423333333333336,35.773,20.557219,59.066204
ElecFM,2025-08-27 00:00:00+00:00,LZ_LCRA,2025-08-27 19:00:00+00:00,42.40833333333333,39.477043,20.269016,66.375336
ElecFM,2025-08-27 00:00:00+00:00,LZ_LCRA,2025-08-27 20:00:00+00:00,58.92083333333333,44.700874,23.19046,76.30356
ElecFM,2025-08-27 00:00:00+00:00,LZ_LCRA,2025-08-27 21:00:00+00:00,63.58833333333333,49.068897,24.64126,83.50299
ElecFM,2025-08-27 00:00:00+00:00,LZ_LCRA,2025-08-27 22:00:00+00:00,40.85083333333333,53.48642,27.005589,92.53783
ElecFM,2025-08-27 00:00:00+00:00,LZ_LCRA,2025-08-27 23:00:00+00:00,56.55,61.841606,34.661877,103.81652
ElecFM,2025-08-27 00:00:00+00:00,LZ_RAYBN,2025-08-27 00:00:00+00:00,49.52166666666667,70.89214,52.527348,95.075836
ElecFM,2025-08-27 00:00:00+00:00,LZ_RAYBN,2025-08-27 01:00:00+00:00,69.74,68.10468,48.036125,95.22888
ElecFM,2025-08-27 00:00:00+00:00,LZ_RAYBN,2025-08-27 02:00:00+00:00,56.81583333333333,55.15249,36.081566,81.47682
ElecFM,2025-08-27 00:00:00+00:00,LZ_RAYBN,2025-08-27 03:00:00+00:00,35.115833333333335,42.07379,25.224258,65.96356
ElecFM,2025-08-27 00:00:00+00:00,LZ_RAYBN,2025-08-27 04:00:00+00:00,30.22083333333333,35.14288,20.209501,54.982506
ElecFM,2025-08-27 00:00:00+00:00,LZ_RAYBN,2025-08-27 05:00:00+00:00,26.365,32.570694,19.932901,50.485374
ElecFM,2025-08-27 00:00:00+00:00,LZ_RAYBN,2025-08-27 06:00:00+00:00,25.89583333333333,29.902897,18.419907,45.97937
ElecFM,2025-08-27 00:00:00+00:00,LZ_RAYBN,2025-08-27 07:00:00+00:00,25.66416666666667,27.474108,16.133818,42.713444
ElecFM,2025-08-27 00:00:00+00:00,LZ_RAYBN,2025-08-27 08:00:00+00:00,27.409166666666668,28.272854,17.39133,42.125603
ElecFM,2025-08-27 00:00:00+00:00,LZ_RAYBN,2025-08-27 09:00:00+00:00,29.88083333333333,29.802345,18.568089,44.39129
ElecFM,2025-08-27 00:00:00+00:00,LZ_RAYBN,2025-08-27 10:00:00+00:00,34.4425,29.741108,17.854544,45.265503
ElecFM,2025-08-27 00:00:00+00:00,LZ_RAYBN,2025-08-27 11:00:00+00:00,48.126666666666665,32.50552,19.315115,48.89157
ElecFM,2025-08-27 00:00:00+00:00,LZ_RAYBN,2025-08-27 12:00:00+00:00,66.55833333333334,30.542656,16.89461,48.27545
ElecFM,2025-08-27 00:00:00+00:00,LZ_RAYBN,2025-08-27 13:00:00+00:00,27.465,24.929941,11.2425785,42.36305
ElecFM,2025-08-27 00:00:00+00:00,LZ_RAYBN,2025-08-27 14:00:00+00:00,23.225,21.755573,10.125195,38.94101
ElecFM,2025-08-27 00:00:00+00:00,LZ_RAYBN,2025-08-27 15:00:00+00:00,22.621666666666663,22.612917,11.877064,39.159664
ElecFM,2025-08-27 00:00:00+00:00,LZ_RAYBN,2025-08-27 16:00:00+00:00,23.469166666666663,25.173239,14.632217,41.3616
ElecFM,2025-08-27 00:00:00+00:00,LZ_RAYBN,2025-08-27 17:00:00+00:00,25.370833333333337,28.327526,17.037333,46.386852
ElecFM,2025-08-27 00:00:00+00:00,LZ_RAYBN,2025-08-27 18:00:00+00:00,29.564166666666665,30.903608,17.523958,50.96135
ElecFM,2025-08-27 00:00:00+00:00,LZ_RAYBN,2025-08-27 19:00:00+00:00,42.24,32.69488,17.266075,55.635384
ElecFM,2025-08-27 00:00:00+00:00,LZ_RAYBN,2025-08-27 20:00:00+00:00,59.065,35.59151,19.353966,61.76739
ElecFM,2025-08-27 00:00:00+00:00,LZ_RAYBN,2025-08-27 21:00:00+00:00,64.23333333333333,37.81962,18.177214,66.95771
ElecFM,2025-08-27 00:00:00+00:00,LZ_RAYBN,2025-08-27 22:00:00+00:00,39.9075,43.14945,21.148134,76.447525
ElecFM,2025-08-27 00:00:00+00:00,LZ_RAYBN,2025-08-27 23:00:00+00:00,55.10083333333333,55.75705,31.294903,93.077835
ElecFM,2025-08-27 00:00:00+00:00,LZ_WEST,2025-08-27 00:00:00+00:00,50.50666666666667,74.05181,55.182297,96.72681
ElecFM,2025-08-27 00:00:00+00:00,LZ_WEST,2025-08-27 01:00:00+00:00,70.75333333333333,72.4375,52.7004,97.226685
ElecFM,2025-08-27 00:00:00+00:00,LZ_WEST,2025-08-27 02:00:00+00:00,58.6925,66.96442,47.907597,92.00217
ElecFM,2025-08-27 00:00:00+00:00,LZ_WEST,2025-08-27 03:00:00+00:00,47.1525,60.62075,42.666103,85.72739
ElecFM,2025-08-27 00:00:00+00:00,LZ_WEST,2025-08-27 04:00:00+00:00,48.36333333333334,56.851166,39.538242,79.21116
ElecFM,2025-08-27 00:00:00+00:00,LZ_WEST,2025-08-27 05:00:00+00:00,57.51333333333333,55.28454,38.38993,78.69281
ElecFM,2025-08-27 00:00:00+00:00,LZ_WEST,2025-08-27 06:00:00+00:00,65.23,53.440456,36.191883,77.95603
ElecFM,2025-08-27 00:00:00+00:00,LZ_WEST,2025-08-27 07:00:00+00:00,64.34916666666668,52.465828,33.831352,79.66365
ElecFM,2025-08-27 00:00:00+00:00,LZ_WEST,2025-08-27 08:00:00+00:00,50.2775,57.063812,37.69407,82.40585
ElecFM,2025-08-27 00:00:00+00:00,LZ_WEST,2025-08-27 09:00:00+00:00,61.45666666666667,58.04303,37.815437,84.8755
ElecFM,2025-08-27 00:00:00+00:00,LZ_WEST,2025-08-27 10:00:00+00:00,57.03916666666667,58.362053,37.649994,84.10507
ElecFM,2025-08-27 00:00:00+00:00,LZ_WEST,2025-08-27 11:00:00+00:00,69.24166666666666,54.956127,34.262463,80.31856
ElecFM,2025-08-27 00:00:00+00:00,LZ_WEST,2025-08-27 12:00:00+00:00,81.02416666666666,50.417213,31.048326,71.169495
ElecFM,2025-08-27 00:00:00+00:00,LZ_WEST,2025-08-27 13:00:00+00:00,27.820000000000004,33.9765,16.431286,51.30172
ElecFM,2025-08-27 00:00:00+00:00,LZ_WEST,2025-08-27 14:00:00+00:00,23.366666666666664,27.585203,12.832111,42.38562
ElecFM,2025-08-27 00:00:00+00:00,LZ_WEST,2025-08-27 15:00:00+00:00,22.701666666666668,28.765049,14.718929,41.701782
ElecFM,2025-08-27 00:00:00+00:00,LZ_WEST,2025-08-27 16:00:00+00:00,23.45833333333333,30.074888,15.418869,41.189575
ElecFM,2025-08-27 00:00:00+00:00,LZ_WEST,2025-08-27 17:00:00+00:00,24.96333333333333,36.57215,21.633408,49.19819
ElecFM,2025-08-27 00:00:00+00:00,LZ_WEST,2025-08-27 18:00:00+00:00,29.430833333333336,41.06097,24.595455,55.697407
ElecFM,2025-08-27 00:00:00+00:00,LZ_WEST,2025-08-27 19:00:00+00:00,42.67166666666666,40.23946,21.621426,58.252605
ElecFM,2025-08-27 00:00:00+00:00,LZ_WEST,2025-08-27 20:00:00+00:00,59.1575,42.800835,24.123592,63.56236
ElecFM,2025-08-27 00:00:00+00:00,LZ_WEST,2025-08-27 21:00:00+00:00,64.60916666666667,45.857285,24.635698,69.9798
ElecFM,2025-08-27 00:00:00+00:00,LZ_WEST,2025-08-27 22:00:00+00:00,40.91666666666666,46.98342,23.774767,73.82732
ElecFM,2025-08-27 00:00:00+00:00,LZ_WEST,2025-08-27 23:00:00+00:00,56.43833333333333,62.797573,38.924515,92.41922
ElecFM,2025-08-28 00:00:00+00:00,LZ_LCRA,2025-08-28 00:00:00+00:00,66.5425,76.090775,49.572784,109.414536
ElecFM,2025-08-28 00:00:00+00:00,LZ_LCRA,2025-08-28 01:00:00+00:00,68.09916666666668,74.50855,47.248573,108.54544
ElecFM,2025-08-28 00:00:00+00:00,LZ_LCRA,2025-08-28 02:00:00+00:00,52.72416666666667,56.644714,33.380966,87.589645
ElecFM,2025-08-28 00:00:00+00:00,LZ_LCRA,2025-08-28 03:00:00+00:00,33.5525,39.916206,21.863287,65.38881
ElecFM,2025-08-28 00:00:00+00:00,LZ_LCRA,2025-08-28 04:00:00+00:00,26.81,32.27078,19.639355,51.575462
ElecFM,2025-08-28 00:00:00+00:00,LZ_LCRA,2025-08-28 05:00:00+00:00,24.444166666666664,28.324759,19.41129,43.75598
ElecFM,2025-08-28 00:00:00+00:00,LZ_LCRA,2025-08-28 06:00:00+00:00,21.546666666666667,24.91177,18.387062,37.81805
ElecFM,2025-08-28 00:00:00+00:00,LZ_LCRA,2025-08-28 07:00:00+00:00,18.5775,22.9312,17.163776,35.169983
ElecFM,2025-08-28 00:00:00+00:00,LZ_LCRA,2025-08-28 08:00:00+00:00,17.435,22.624876,16.964483,32.89319
ElecFM,2025-08-28 00:00:00+00:00,LZ_LCRA,2025-08-28 09:00:00+00:00,17.416666666666668,25.011377,18.206285,36.184135
ElecFM,2025-08-28 00:00:00+00:00,LZ_LCRA,2025-08-28 10:00:00+00:00,18.979166666666668,28.468197,20.133352,40.30255
ElecFM,2025-08-28 00:00:00+00:00,LZ_LCRA,2025-08-28 11:00:00+00:00,19.986666666666668,33.389294,23.677427,47.632484
ElecFM,2025-08-28 00:00:00+00:00,LZ_LCRA,2025-08-28 12:00:00+00:00,19.234166666666667,30.958515,20.928679,46.389805
ElecFM,2025-08-28 00:00:00+00:00,LZ_LCRA,2025-08-28 13:00:00+00:00,14.229166666666666,22.394022,12.930172,37.38765
ElecFM,2025-08-28 00:00:00+00:00,LZ_LCRA,2025-08-28 14:00:00+00:00,11.505,18.473255,10.415031,31.734581
ElecFM,2025-08-28 00:00:00+00:00,LZ_LCRA,2025-08-28 15:00:00+00:00,12.1,18.313532,11.734951,30.516026
ElecFM,2025-08-28 00:00:00+00:00,LZ_LCRA,2025-08-28 16:00:00+00:00,18.750833333333333,20.403378,14.373356,32.9776
ElecFM,2025-08-28 00:00:00+00:00,LZ_LCRA,2025-08-28 17:00:00+00:00,27.804166666666664,24.808546,17.985416,39.942024
ElecFM,2025-08-28 00:00:00+00:00,LZ_LCRA,2025-08-28 18:00:00+00:00,45.719166666666666,29.824535,20.994768,47.627514
ElecFM,2025-08-28 00:00:00+00:00,LZ_LCRA,2025-08-28 19:00:00+00:00,59.08083333333334,35.841213,23.509977,56.277084
ElecFM,2025-08-28 00:00:00+00:00,LZ_LCRA,2025-08-28 20:00:00+00:00,65.25166666666667,40.655663,26.486168,64.84717
ElecFM,2025-08-28 00:00:00+00:00,LZ_LCRA,2025-08-28 21:00:00+00:00,61.0925,44.81223,28.763317,72.08162
ElecFM,2025-08-28 00:00:00+00:00,LZ_LCRA,2025-08-28 22:00:00+00:00,83.5925,49.447678,31.191685,80.314316
ElecFM,2025-08-28 00:00:00+00:00,LZ_LCRA,2025-08-28 23:00:00+00:00,83.35833333333333,58.18405,37.939827,92.294205
ElecFM,2025-08-28 00:00:00+00:00,LZ_RAYBN,2025-08-28 00:00:00+00:00,64.82583333333334,71.77911,48.02992,104.61807
ElecFM,2025-08-28 00:00:00+00:00,LZ_RAYBN,2025-08-28 01:00:00+00:00,66.31833333333334,71.7847,47.1321,106.21048
ElecFM,2025-08-28 00:00:00+00:00,LZ_RAYBN,2025-08-28 02:00:00+00:00,50.759166666666665,53.425735,32.49448,84.58064
ElecFM,2025-08-28 00:00:00+00:00,LZ_RAYBN,2025-08-28 03:00:00+00:00,30.81583333333333,37.075596,21.103228,62.86428
ElecFM,2025-08-28 00:00:00+00:00,LZ_RAYBN,2025-08-28 04:00:00+00:00,24.3725,30.729752,20.353792,49.67338
ElecFM,2025-08-28 00:00:00+00:00,LZ_RAYBN,2025-08-28 05:00:00+00:00,22.204166666666666,26.804956,20.07739,41.078598
ElecFM,2025-08-28 00:00:00+00:00,LZ_RAYBN,2025-08-28 06:00:00+00:00,20.35083333333333,25.364227,21.60344,36.22534
ElecFM,2025-08-28 00:00:00+00:00,LZ_RAYBN,2025-08-28 07:00:00+00:00,18.674166666666668,23.227804,19.661762,33.47622
ElecFM,2025-08-28 00:00:00+00:00,LZ_RAYBN,2025-08-28 08:00:00+00:00,17.631666666666664,23.580557,20.347544,31.571154
ElecFM,2025-08-28 00:00:00+00:00,LZ_RAYBN,2025-08-28 09:00:00+00:00,17.465833333333332,24.89655,19.991526,33.26027
ElecFM,2025-08-28 00:00:00+00:00,LZ_RAYBN,2025-08-28 10:00:00+00:00,18.979166666666668,26.3829,20.124083,34.945065
ElecFM,2025-08-28 00:00:00+00:00,LZ_RAYBN,2025-08-28 11:00:00+00:00,19.966666666666665,31.992619,23.857014,42.3039
ElecFM,2025-08-28 00:00:00+00:00,LZ_RAYBN,2025-08-28 12:00:00+00:00,19.245,30.174496,21.300056,41.635223
ElecFM,2025-08-28 00:00:00+00:00,LZ_RAYBN,2025-08-28 13:00:00+00:00,14.104166666666666,23.42591,14.800644,35.234463
ElecFM,2025-08-28 00:00:00+00:00,LZ_RAYBN,2025-08-28 14:00:00+00:00,12.121666666666668,19.684942,12.190149,30.76631
ElecFM,2025-08-28 00:00:00+00:00,LZ_RAYBN,2025-08-28 15:00:00+00:00,13.000833333333333,17.953264,11.310099,29.372456
ElecFM,2025-08-28 00:00:00+00:00,LZ_RAYBN,2025-08-28 16:00:00+00:00,15.115,18.30028,11.824926,30.59182
ElecFM,2025-08-28 00:00:00+00:00,LZ_RAYBN,2025-08-28 17:00:00+00:00,17.808333333333334,23.043299,15.835827,37.772434
ElecFM,2025-08-28 00:00:00+00:00,LZ_RAYBN,2025-08-28 18:00:00+00:00,42.49583333333333,26.26524,18.59606,42.558266
ElecFM,2025-08-28 00:00:00+00:00,LZ_RAYBN,2025-08-28 19:00:00+00:00,88.18083333333334,31.379696,20.74379,49.403313
ElecFM,2025-08-28 00:00:00+00:00,LZ_RAYBN,2025-08-28 20:00:00+00:00,94.68916666666668,33.374874,22.875235,54.21535
ElecFM,2025-08-28 00:00:00+00:00,LZ_RAYBN,2025-08-28 21:00:00+00:00,94.4375,33.386776,20.774317,58.388943
ElecFM,2025-08-28 00:00:00+00:00,LZ_RAYBN,2025-08-28 22:00:00+00:00,42.04083333333333,37.936954,22.788666,67.30234
ElecFM,2025-08-28 00:00:00+00:00,LZ_RAYBN,2025-08-28 23:00:00+00:00,43.946666666666665,54.07096,34.87851,89.165405
ElecFM,2025-08-28 00:00:00+00:00,LZ_WEST,2025-08-28 00:00:00+00:00,66.60083333333334,70.34719,46.68267,98.550186
ElecFM,2025-08-28 00:00:00+00:00,LZ_WEST,2025-08-28 01:00:00+00:00,68.17916666666666,72.338135,47.70157,103.59422
ElecFM,2025-08-28 00:00:00+00:00,LZ_WEST,2025-08-28 02:00:00+00:00,59.053333333333335,65.940216,43.314297,98.5903
ElecFM,2025-08-28 00:00:00+00:00,LZ_WEST,2025-08-28 03:00:00+00:00,48.465833333333336,59.08588,37.642937,91.95577
ElecFM,2025-08-28 00:00:00+00:00,LZ_WEST,2025-08-28 04:00:00+00:00,40.29583333333333,59.48339,39.266224,91.288925
ElecFM,2025-08-28 00:00:00+00:00,LZ_WEST,2025-08-28 05:00:00+00:00,37.10416666666666,56.685764,36.475708,87.74856
ElecFM,2025-08-28 00:00:00+00:00,LZ_WEST,2025-08-28 06:00:00+00:00,33.1825,55.5578,37.203487,86.18808
ElecFM,2025-08-28 00:00:00+00:00,LZ_WEST,2025-08-28 07:00:00+00:00,26.911666666666665,55.90275,38.793625,86.30914
ElecFM,2025-08-28 00:00:00+00:00,LZ_WEST,2025-08-28 08:00:00+00:00,25.046666666666667,55.39582,39.320408,82.59801
ElecFM,2025-08-28 00:00:00+00:00,LZ_WEST,2025-08-28 09:00:00+00:00,21.986666666666665,61.08009,44.093033,88.92113
ElecFM,2025-08-28 00:00:00+00:00,LZ_WEST,2025-08-28 10:00:00+00:00,18.979166666666668,60.077248,41.659813,89.045654
ElecFM,2025-08-28 00:00:00+00:00,LZ_WEST,2025-08-28 11:00:00+00:00,20.102500000000003,63.175533,42.781765,92.31065
ElecFM,2025-08-28 00:00:00+00:00,LZ_WEST,2025-08-28 12:00:00+00:00,19.88833333333333,59.606853,39.369812,85.209885
ElecFM,2025-08-28 00:00:00+00:00,LZ_WEST,2025-08-28 13:00:00+00:00,13.498333333333337,35.266964,17.963982,57.049847
ElecFM,2025-08-28 00:00:00+00:00,LZ_WEST,2025-08-28 14:00:00+00:00,4.486666666666667,30.341444,16.846508,48.56985
ElecFM,2025-08-28 00:00:00+00:00,LZ_WEST,2025-08-28 15:00:00+00:00,2.8441666666666667,28.881735,16.732788,44.888718
ElecFM,2025-08-28 00:00:00+00:00,LZ_WEST,2025-08-28 16:00:00+00:00,7.5075,31.490875,18.21064,46.99246
ElecFM,2025-08-28 00:00:00+00:00,LZ_WEST,2025-08-28 17:00:00+00:00,17.03,38.475952,23.222998,56.173885
ElecFM,2025-08-28 00:00:00+00:00,LZ_WEST,2025-08-28 18:00:00+00:00,38.60833333333333,40.023705,22.641916,60.800507
ElecFM,2025-08-28 00:00:00+00:00,LZ_WEST,2025-08-28 19:00:00+00:00,73.19833333333334,46.106342,26.10419,67.71269
ElecFM,2025-08-28 00:00:00+00:00,LZ_WEST,2025-08-28 20:00:00+00:00,79.16833333333334,44.2853,23.441734,67.44093
ElecFM,2025-08-28 00:00:00+00:00,LZ_WEST,2025-08-28 21:00:00+00:00,80.85166666666667,49.12359,24.846302,74.3668
ElecFM,2025-08-28 00:00:00+00:00,LZ_WEST,2025-08-28 22:00:00+00:00,49.43333333333334,47.746853,22.011536,76.164246
ElecFM,2025-08-28 00:00:00+00:00,LZ_WEST,2025-08-28 23:00:00+00:00,87.51916666666666,66.23912,37.98752,97.97546
ElecFM,2025-08-29 00:00:00+00:00,LZ_LCRA,2025-08-29 00:00:00+00:00,76.785,87.274574,61.590256,115.16302
ElecFM,2025-08-29 00:00:00+00:00,LZ_LCRA,2025-08-29 01:00:00+00:00,62.31833333333333,73.87926,49.325607,101.45842
ElecFM,2025-08-29 00:00:00+00:00,LZ_LCRA,2025-08-29 02:00:00+00:00,40.3275,49.61326,29.713928,73.20614
ElecFM,2025-08-29 00:00:00+00:00,LZ_LCRA,2025-08-29 03:00:00+00:00,30.699166666666667,32.898705,17.717297,50.923832
ElecFM,2025-08-29 00:00:00+00:00,LZ_LCRA,2025-08-29 04:00:00+00:00,28.8275,25.180016,14.018133,37.04874
ElecFM,2025-08-29 00:00:00+00:00,LZ_LCRA,2025-08-29 05:00:00+00:00,29.09,22.262934,13.555023,31.080832
ElecFM,2025-08-29 00:00:00+00:00,LZ_LCRA,2025-08-29 06:00:00+00:00,31.02,21.646679,13.782049,28.892647
ElecFM,2025-08-29 00:00:00+00:00,LZ_LCRA,2025-08-29 07:00:00+00:00,31.750833333333333,20.580297,13.022308,27.593758
ElecFM,2025-08-29 00:00:00+00:00,LZ_LCRA,2025-08-29 08:00:00+00:00,29.855833333333333,18.672762,10.7970295,25.232384
ElecFM,2025-08-29 00:00:00+00:00,LZ_LCRA,2025-08-29 09:00:00+00:00,32.598333333333336,19.174011,9.7821045,27.376476
ElecFM,2025-08-29 00:00:00+00:00,LZ_LCRA,2025-08-29 10:00:00+00:00,42.685833333333335,22.311052,11.4566555,31.699314
ElecFM,2025-08-29 00:00:00+00:00,LZ_LCRA,2025-08-29 11:00:00+00:00,35.347500000000004,28.93721,16.125761,41.60079
ElecFM,2025-08-29 00:00:00+00:00,LZ_LCRA,2025-08-29 12:00:00+00:00,36.189166666666665,29.396587,16.417274,42.377457
ElecFM,2025-08-29 00:00:00+00:00,LZ_LCRA,2025-08-29 13:00:00+00:00,26.852500000000003,20.566713,7.858267,32.952446
ElecFM,2025-08-29 00:00:00+00:00,LZ_LCRA,2025-08-29 14:00:00+00:00,26.9025,15.403385,4.355564,25.546837
ElecFM,2025-08-29 00:00:00+00:00,LZ_LCRA,2025-08-29 15:00:00+00:00,26.625833333333333,17.358854,8.911013,26.022474
ElecFM,2025-08-29 00:00:00+00:00,LZ_LCRA,2025-08-29 16:00:00+00:00,26.72083333333333,19.52524,11.887207,27.974094
ElecFM,2025-08-29 00:00:00+00:00,LZ_LCRA,2025-08-29 17:00:00+00:00,33.74666666666666,26.419964,17.484585,37.518414
ElecFM,2025-08-29 00:00:00+00:00,LZ_LCRA,2025-08-29 18:00:00+00:00,55.23500000000001,35.602608,23.089968,49.98725
ElecFM,2025-08-29 00:00:00+00:00,LZ_LCRA,2025-08-29 19:00:00+00:00,89.65833333333335,41.44918,25.063826,60.74926
ElecFM,2025-08-29 00:00:00+00:00,LZ_LCRA,2025-08-29 20:00:00+00:00,106.91,46.4983,26.216805,71.28702
ElecFM,2025-08-29 00:00:00+00:00,LZ_LCRA,2025-08-29 21:00:00+00:00,95.65666666666668,53.17789,29.49617,82.4064
ElecFM,2025-08-29 00:00:00+00:00,LZ_LCRA,2025-08-29 22:00:00+00:00,67.10916666666667,57.85199,32.35128,90.62985
ElecFM,2025-08-29 00:00:00+00:00,LZ_LCRA,2025-08-29 23:00:00+00:00,48.095,61.277603,35.13144,96.07518
ElecFM,2025-08-29 00:00:00+00:00,LZ_RAYBN,2025-08-29 00:00:00+00:00,61.34,52.864487,32.879154,77.41875
ElecFM,2025-08-29 00:00:00+00:00,LZ_RAYBN,2025-08-29 01:00:00+00:00,49.61000000000001,52.049282,32.58472,75.78694
ElecFM,2025-08-29 00:00:00+00:00,LZ_RAYBN,2025-08-29 02:00:00+00:00,28.27333333333333,41.770428,25.720032,62.165535
ElecFM,2025-08-29 00:00:00+00:00,LZ_RAYBN,2025-08-29 03:00:00+00:00,23.50333333333333,30.359295,17.854643,45.835648
ElecFM,2025-08-29 00:00:00+00:00,LZ_RAYBN,2025-08-29 04:00:00+00:00,26.126666666666665,25.207329,15.426544,35.720562
ElecFM,2025-08-29 00:00:00+00:00,LZ_RAYBN,2025-08-29 05:00:00+00:00,26.49833333333333,22.984348,14.517513,30.615664
ElecFM,2025-08-29 00:00:00+00:00,LZ_RAYBN,2025-08-29 06:00:00+00:00,29.304166666666664,21.6427,13.756254,28.168018
ElecFM,2025-08-29 00:00:00+00:00,LZ_RAYBN,2025-08-29 07:00:00+00:00,32.07833333333333,19.875883,12.504932,26.189949
ElecFM,2025-08-29 00:00:00+00:00,LZ_RAYBN,2025-08-29 08:00:00+00:00,30.7725,18.444878,11.192738,23.4976
ElecFM,2025-08-29 00:00:00+00:00,LZ_RAYBN,2025-08-29 09:00:00+00:00,33.98833333333334,18.429487,10.540106,24.52349
ElecFM,2025-08-29 00:00:00+00:00,LZ_RAYBN,2025-08-29 10:00:00+00:00,43.66083333333333,20.506714,11.681482,28.08273
ElecFM,2025-08-29 00:00:00+00:00,LZ_RAYBN,2025-08-29 11:00:00+00:00,36.955,26.407497,15.130775,36.776596
ElecFM,2025-08-29 00:00:00+00:00,LZ_RAYBN,2025-08-29 12:00:00+00:00,36.755833333333335,25.931824,13.815676,37.851437
ElecFM,2025-08-29 00:00:00+00:00,LZ_RAYBN,2025-08-29 13:00:00+00:00,26.89916666666667,21.04369,9.107983,32.820465
ElecFM,2025-08-29 00:00:00+00:00,LZ_RAYBN,2025-08-29 14:00:00+00:00,26.80333333333333,18.268291,7.8188095,28.729729
ElecFM,2025-08-29 00:00:00+00:00,LZ_RAYBN,2025-08-29 15:00:00+00:00,26.521666666666665,17.876085,9.79492,26.932178
ElecFM,2025-08-29 00:00:00+00:00,LZ_RAYBN,2025-08-29 16:00:00+00:00,26.61916666666667,18.46313,11.124092,27.64466
ElecFM,2025-08-29 00:00:00+00:00,LZ_RAYBN,2025-08-29 17:00:00+00:00,33.12083333333333,23.85785,15.660835,34.896423
ElecFM,2025-08-29 00:00:00+00:00,LZ_RAYBN,2025-08-29 18:00:00+00:00,31.31583333333333,29.599644,18.733126,43.867085
ElecFM,2025-08-29 00:00:00+00:00,LZ_RAYBN,2025-08-29 19:00:00+00:00,32.59916666666667,34.84594,20.925686,52.661873
ElecFM,2025-08-29 00:00:00+00:00,LZ_RAYBN,2025-08-29 20:00:00+00:00,26.590833333333336,37.526733,21.22889,59.853645
ElecFM,2025-08-29 00:00:00+00:00,LZ_RAYBN,2025-08-29 21:00:00+00:00,24.77416666666667,38.35107,19.93561,64.263374
ElecFM,2025-08-29 00:00:00+00:00,LZ_RAYBN,2025-08-29 22:00:00+00:00,27.85333333333333,40.743256,20.67815,70.56894
ElecFM,2025-08-29 00:00:00+00:00,LZ_RAYBN,2025-08-29 23:00:00+00:00,45.03833333333333,49.00287,27.76844,81.365875
ElecFM,2025-08-29 00:00:00+00:00,LZ_WEST,2025-08-29 00:00:00+00:00,98.265,86.964264,55.905117,122.22695
ElecFM,2025-08-29 00:00:00+00:00,LZ_WEST,2025-08-29 01:00:00+00:00,85.85666666666667,74.60566,43.72774,110.134254
ElecFM,2025-08-29 00:00:00+00:00,LZ_WEST,2025-08-29 02:00:00+00:00,92.40083333333332,65.15612,37.76595,99.116425
ElecFM,2025-08-29 00:00:00+00:00,LZ_WEST,2025-08-29 03:00:00+00:00,68.17083333333333,55.178513,32.09703,86.04979
ElecFM,2025-08-29 00:00:00+00:00,LZ_WEST,2025-08-29 04:00:00+00:00,48.59,54.950306,35.818222,82.575485
ElecFM,2025-08-29 00:00:00+00:00,LZ_WEST,2025-08-29 05:00:00+00:00,60.29749999999999,49.503227,32.8107,74.63988
ElecFM,2025-08-29 00:00:00+00:00,LZ_WEST,2025-08-29 06:00:00+00:00,54.8825,45.679325,29.751728,70.26354
ElecFM,2025-08-29 00:00:00+00:00,LZ_WEST,2025-08-29 07:00:00+00:00,43.8375,49.638115,34.535744,73.49745
ElecFM,2025-08-29 00:00:00+00:00,LZ_WEST,2025-08-29 08:00:00+00:00,51.310833333333335,51.912415,37.00908,73.99486
ElecFM,2025-08-29 00:00:00+00:00,LZ_WEST,2025-08-29 09:00:00+00:00,62.270833333333336,50.569706,35.915634,72.952515
ElecFM,2025-08-29 00:00:00+00:00,LZ_WEST,2025-08-29 10:00:00+00:00,64.62416666666667,48.144924,34.325947,70.3962
ElecFM,2025-08-29 00:00:00+00:00,LZ_WEST,2025-08-29 11:00:00+00:00,68.50666666666666,53.99819,40.198536,75.47554
ElecFM,2025-08-29 00:00:00+00:00,LZ_WEST,2025-08-29 12:00:00+00:00,48.21833333333333,52.310177,39.472416,71.28121
ElecFM,2025-08-29 00:00:00+00:00,LZ_WEST,2025-08-29 13:00:00+00:00,27.250833333333333,33.21436,21.535732,48.642128
ElecFM,2025-08-29 00:00:00+00:00,LZ_WEST,2025-08-29 14:00:00+00:00,27.793333333333333,23.552505,15.481464,36.553608
ElecFM,2025-08-29 00:00:00+00:00,LZ_WEST,2025-08-29 15:00:00+00:00,27.095,28.705248,21.109259,39.36771
ElecFM,2025-08-29 00:00:00+00:00,LZ_WEST,2025-08-29 16:00:00+00:00,26.8725,31.099737,22.275665,40.966087
ElecFM,2025-08-29 00:00:00+00:00,LZ_WEST,2025-08-29 17:00:00+00:00,32.47833333333333,34.784336,23.987034,46.3278
ElecFM,2025-08-29 00:00:00+00:00,LZ_WEST,2025-08-29 18:00:00+00:00,34.52333333333333,43.254524,29.130632,57.4293
ElecFM,2025-08-29 00:00:00+00:00,LZ_WEST,2025-08-29 19:00:00+00:00,40.72,45.49643,30.383162,61.784046
ElecFM,2025-08-29 00:00:00+00:00,LZ_WEST,2025-08-29 20:00:00+00:00,38.42333333333333,49.43956,32.053925,66.85703
ElecFM,2025-08-29 00:00:00+00:00,LZ_WEST,2025-08-29 21:00:00+00:00,35.590833333333336,51.298172,32.98652,70.09534
ElecFM,2025-08-29 00:00:00+00:00,LZ_WEST,2025-08-29 22:00:00+00:00,39.310833333333335,47.838234,28.544641,70.66539
ElecFM,2025-08-29 00:00:00+00:00,LZ_WEST,2025-08-29 23:00:00+00:00,51.68,63.750565,41.01458,88.95549
ElecFM,2025-08-30 00:00:00+00:00,LZ_LCRA,2025-08-30 00:00:00+00:00,37.7375,52.93066,36.076996,75.73979
ElecFM,2025-08-30 00:00:00+00:00,LZ_LCRA,2025-08-30 01:00:00+00:00,35.88666666666666,49.404465,32.793533,72.779175
ElecFM,2025-08-30 00:00:00+00:00,LZ_LCRA,2025-08-30 02:00:00+00:00,37.61666666666667,40.34472,27.153166,60.28859
ElecFM,2025-08-30 00:00:00+00:00,LZ_LCRA,2025-08-30 03:00:00+00:00,34.3575,31.56038,21.675428,46.50341
ElecFM,2025-08-30 00:00:00+00:00,LZ_LCRA,2025-08-30 04:00:00+00:00,32.7675,26.775494,19.059158,37.086395
ElecFM,2025-08-30 00:00:00+00:00,LZ_LCRA,2025-08-30 05:00:00+00:00,32.58166666666667,25.093761,17.618248,34.460304
ElecFM,2025-08-30 00:00:00+00:00,LZ_LCRA,2025-08-30 06:00:00+00:00,26.883333333333336,24.91349,17.14856,33.63485
ElecFM,2025-08-30 00:00:00+00:00,LZ_LCRA,2025-08-30 07:00:00+00:00,24.290000000000003,24.194096,15.3042755,34.602818
ElecFM,2025-08-30 00:00:00+00:00,LZ_LCRA,2025-08-30 08:00:00+00:00,23.69083333333333,23.24198,15.140814,33.375683
ElecFM,2025-08-30 00:00:00+00:00,LZ_LCRA,2025-08-30 09:00:00+00:00,24.6375,22.042624,12.60873,33.34619
ElecFM,2025-08-30 00:00:00+00:00,LZ_LCRA,2025-08-30 10:00:00+00:00,24.933333333333337,23.856277,13.713133,36.26251
ElecFM,2025-08-30 00:00:00+00:00,LZ_LCRA,2025-08-30 11:00:00+00:00,23.5175,27.21996,15.245733,41.423695
ElecFM,2025-08-30 00:00:00+00:00,LZ_LCRA,2025-08-30 12:00:00+00:00,22.241666666666664,25.553505,14.229229,41.507805
ElecFM,2025-08-30 00:00:00+00:00,LZ_LCRA,2025-08-30 13:00:00+00:00,21.24,22.282679,11.467751,36.964684
ElecFM,2025-08-30 00:00:00+00:00,LZ_LCRA,2025-08-30 14:00:00+00:00,21.367500000000003,20.569658,11.717773,32.0448
ElecFM,2025-08-30 00:00:00+00:00,LZ_LCRA,2025-08-30 15:00:00+00:00,22.635,20.996418,13.459648,32.026268
ElecFM,2025-08-30 00:00:00+00:00,LZ_LCRA,2025-08-30 16:00:00+00:00,24.729166666666668,22.270594,14.755312,34.619976
ElecFM,2025-08-30 00:00:00+00:00,LZ_LCRA,2025-08-30 17:00:00+00:00,24.594166666666663,27.261675,17.432226,43.701313
ElecFM,2025-08-30 00:00:00+00:00,LZ_LCRA,2025-08-30 18:00:00+00:00,27.73583333333333,34.616894,19.491121,56.2735
ElecFM,2025-08-30 00:00:00+00:00,LZ_LCRA,2025-08-30 19:00:00+00:00,37.23916666666667,41.638775,20.22181,69.45773
ElecFM,2025-08-30 00:00:00+00:00,LZ_LCRA,2025-08-30 20:00:00+00:00,37.14333333333334,48.535126,25.00228,81.7782
ElecFM,2025-08-30 00:00:00+00:00,LZ_LCRA,2025-08-30 21:00:00+00:00,52.7575,54.755455,28.276627,91.26976
ElecFM,2025-08-30 00:00:00+00:00,LZ_LCRA,2025-08-30 22:00:00+00:00,41.345,59.660545,32.026585,98.55315
ElecFM,2025-08-30 00:00:00+00:00,LZ_LCRA,2025-08-30 23:00:00+00:00,42.39083333333333,63.846516,36.664307,103.425995
ElecFM,2025-08-30 00:00:00+00:00,LZ_RAYBN,2025-08-30 00:00:00+00:00,35.2475,53.0483,37.552876,72.211395
ElecFM,2025-08-30 00:00:00+00:00,LZ_RAYBN,2025-08-30 01:00:00+00:00,34.4475,50.154984,34.54339,69.99132
ElecFM,2025-08-30 00:00:00+00:00,LZ_RAYBN,2025-08-30 02:00:00+00:00,35.803333333333335,38.125378,25.475525,54.866356
ElecFM,2025-08-30 00:00:00+00:00,LZ_RAYBN,2025-08-30 03:00:00+00:00,33.4225,25.854034,16.808079,38.63086
ElecFM,2025-08-30 00:00:00+00:00,LZ_RAYBN,2025-08-30 04:00:00+00:00,30.78,22.236404,16.341911,31.154322
ElecFM,2025-08-30 00:00:00+00:00,LZ_RAYBN,2025-08-30 05:00:00+00:00,33.15,21.748087,16.839226,29.190792
ElecFM,2025-08-30 00:00:00+00:00,LZ_RAYBN,2025-08-30 06:00:00+00:00,27.550833333333333,22.886715,18.363495,28.845194
ElecFM,2025-08-30 00:00:00+00:00,LZ_RAYBN,2025-08-30 07:00:00+00:00,24.90416666666667,21.947973,17.634026,28.241007
ElecFM,2025-08-30 00:00:00+00:00,LZ_RAYBN,2025-08-30 08:00:00+00:00,24.308333333333337,22.585522,18.026123,27.513992
ElecFM,2025-08-30 00:00:00+00:00,LZ_RAYBN,2025-08-30 09:00:00+00:00,25.08,22.44273,16.943155,28.600973
ElecFM,2025-08-30 00:00:00+00:00,LZ_RAYBN,2025-08-30 10:00:00+00:00,24.8575,23.607464,16.026102,31.13292
ElecFM,2025-08-30 00:00:00+00:00,LZ_RAYBN,2025-08-30 11:00:00+00:00,23.549166666666668,28.268948,18.294987,39.461746
ElecFM,2025-08-30 00:00:00+00:00,LZ_RAYBN,2025-08-30 12:00:00+00:00,23.136666666666667,27.234158,16.43246,39.82702
ElecFM,2025-08-30 00:00:00+00:00,LZ_RAYBN,2025-08-30 13:00:00+00:00,21.26833333333333,22.869492,12.228996,35.33894
ElecFM,2025-08-30 00:00:00+00:00,LZ_RAYBN,2025-08-30 14:00:00+00:00,21.9975,19.962097,11.322933,29.71972
ElecFM,2025-08-30 00:00:00+00:00,LZ_RAYBN,2025-08-30 15:00:00+00:00,22.879166666666663,19.282808,12.890726,28.240593
ElecFM,2025-08-30 00:00:00+00:00,LZ_RAYBN,2025-08-30 16:00:00+00:00,24.769166666666667,20.745434,14.470131,29.218985
ElecFM,2025-08-30 00:00:00+00:00,LZ_RAYBN,2025-08-30 17:00:00+00:00,24.594166666666663,23.489208,15.936457,34.526382
ElecFM,2025-08-30 00:00:00+00:00,LZ_RAYBN,2025-08-30 18:00:00+00:00,24.015833333333333,28.081173,17.571814,42.242832
ElecFM,2025-08-30 00:00:00+00:00,LZ_RAYBN,2025-08-30 19:00:00+00:00,24.5,32.061214,17.38192,49.05655
ElecFM,2025-08-30 00:00:00+00:00,LZ_RAYBN,2025-08-30 20:00:00+00:00,26.245,35.01577,19.396847,55.306274
ElecFM,2025-08-30 00:00:00+00:00,LZ_RAYBN,2025-08-30 21:00:00+00:00,27.166666666666668,35.638428,18.202927,58.895355
ElecFM,2025-08-30 00:00:00+00:00,LZ_RAYBN,2025-08-30 22:00:00+00:00,27.719166666666663,37.215393,18.291288,63.87231
ElecFM,2025-08-30 00:00:00+00:00,LZ_RAYBN,2025-08-30 23:00:00+00:00,40.098333333333336,46.423836,25.725338,76.0392
ElecFM,2025-08-30 00:00:00+00:00,LZ_WEST,2025-08-30 00:00:00+00:00,49.40583333333333,64.78644,46.727077,88.15677
ElecFM,2025-08-30 00:00:00+00:00,LZ_WEST,2025-08-30 01:00:00+00:00,48.405,64.99278,45.43763,90.48845
ElecFM,2025-08-30 00:00:00+00:00,LZ_WEST,2025-08-30 02:00:00+00:00,58.11416666666667,62.13903,43.269154,87.46472
ElecFM,2025-08-30 00:00:00+00:00,LZ_WEST,2025-08-30 03:00:00+00:00,51.080000000000005,52.596794,35.362762,77.41061
ElecFM,2025-08-30 00:00:00+00:00,LZ_WEST,2025-08-30 04:00:00+00:00,51.07666666666666,50.492092,34.851284,72.6936
ElecFM,2025-08-30 00:00:00+00:00,LZ_WEST,2025-08-30 05:00:00+00:00,49.16916666666666,49.773438,33.994987,71.41998
ElecFM,2025-08-30 00:00:00+00:00,LZ_WEST,2025-08-30 06:00:00+00:00,45.29333333333333,47.347076,31.670069,69.96964
ElecFM,2025-08-30 00:00:00+00:00,LZ_WEST,2025-08-30 07:00:00+00:00,38.82666666666667,48.089676,32.27391,72.79178
ElecFM,2025-08-30 00:00:00+00:00,LZ_WEST,2025-08-30 08:00:00+00:00,37.94583333333333,48.10467,31.683262,69.88347
ElecFM,2025-08-30 00:00:00+00:00,LZ_WEST,2025-08-30 09:00:00+00:00,37.50666666666667,49.16437,32.43577,70.72779
ElecFM,2025-08-30 00:00:00+00:00,LZ_WEST,2025-08-30 10:00:00+00:00,26.6275,49.001865,32.3982,69.94173
ElecFM,2025-08-30 00:00:00+00:00,LZ_WEST,2025-08-30 11:00:00+00:00,24.4225,48.72613,32.453125,70.972046
ElecFM,2025-08-30 00:00:00+00:00,LZ_WEST,2025-08-30 12:00:00+00:00,26.741666666666664,44.278908,28.453583,62.69803
ElecFM,2025-08-30 00:00:00+00:00,LZ_WEST,2025-08-30 13:00:00+00:00,21.8225,27.346994,13.033691,44.300564
ElecFM,2025-08-30 00:00:00+00:00,LZ_WEST,2025-08-30 14:00:00+00:00,23.084166666666665,20.850782,8.874348,35.2723
ElecFM,2025-08-30 00:00:00+00:00,LZ_WEST,2025-08-30 15:00:00+00:00,23.295,20.914377,10.428352,33.455345
ElecFM,2025-08-30 00:00:00+00:00,LZ_WEST,2025-08-30 16:00:00+00:00,24.829166666666666,23.129972,11.551895,34.799408
ElecFM,2025-08-30 00:00:00+00:00,LZ_WEST,2025-08-30 17:00:00+00:00,24.594166666666663,28.094072,15.53252,41.77034
ElecFM,2025-08-30 00:00:00+00:00,LZ_WEST,2025-08-30 18:00:00+00:00,24.51,35.75898,20.883398,50.92897
ElecFM,2025-08-30 00:00:00+00:00,LZ_WEST,2025-08-30 19:00:00+00:00,26.191666666666663,41.659668,24.721228,58.352013
ElecFM,2025-08-30 00:00:00+00:00,LZ_WEST,2025-08-30 20:00:00+00:00,27.70083333333333,43.405937,26.29559,61.063084
ElecFM,2025-08-30 00:00:00+00:00,LZ_WEST,2025-08-30 21:00:00+00:00,31.195,46.377792,28.372694,65.2301
ElecFM,2025-08-30 00:00:00+00:00,LZ_WEST,2025-08-30 22:00:00+00:00,30.02833333333333,43.0372,24.21942,64.1692
ElecFM,2025-08-30 00:00:00+00:00,LZ_WEST,2025-08-30 23:00:00+00:00,47.98666666666667,60.267464,39.494938,84.220276
