model,origin,node,ts,actual,mean,q10,q90
Chronos2,2025-07-01 00:00:00+00:00,HB_HUBAVG,2025-07-01 00:00:00+00:00,36.060833333333335,53.387142181396484,38.5770263671875,80.86595153808594
Chronos2,2025-07-01 00:00:00+00:00,HB_HUBAVG,2025-07-01 01:00:00+00:00,30.155833333333337,50.04041290283203,35.965023040771484,78.86280822753906
Chronos2,2025-07-01 00:00:00+00:00,HB_HUBAVG,2025-07-01 02:00:00+00:00,35.47,42.93894958496094,32.81912612915039,64.98954010009766
Chronos2,2025-07-01 00:00:00+00:00,HB_HUBAVG,2025-07-01 03:00:00+00:00,37.094166666666666,34.49968338012695,28.531660079956055,46.8458251953125
Chronos2,2025-07-01 00:00:00+00:00,HB_HUBAVG,2025-07-01 04:00:00+00:00,33.28333333333333,29.123876571655273,25.26603889465332,36.406646728515625
Chronos2,2025-07-01 00:00:00+00:00,HB_HUBAVG,2025-07-01 05:00:00+00:00,48.42250000000001,27.27523422241211,24.041793823242188,32.97439193725586
Chronos2,2025-07-01 00:00:00+00:00,HB_HUBAVG,2025-07-01 06:00:00+00:00,37.24583333333333,26.03774070739746,23.264719009399414,31.043542861938477
Chronos2,2025-07-01 00:00:00+00:00,HB_HUBAVG,2025-07-01 07:00:00+00:00,29.0175,25.066789627075195,22.552959442138672,29.461536407470703
Chronos2,2025-07-01 00:00:00+00:00,HB_HUBAVG,2025-07-01 08:00:00+00:00,27.73166666666667,24.740623474121094,22.21581268310547,28.38311004638672
Chronos2,2025-07-01 00:00:00+00:00,HB_HUBAVG,2025-07-01 09:00:00+00:00,27.319166666666664,24.74134635925293,22.208349227905273,29.059038162231445
Chronos2,2025-07-01 00:00:00+00:00,HB_HUBAVG,2025-07-01 10:00:00+00:00,27.91333333333333,25.787809371948242,22.53234100341797,30.959918975830078
Chronos2,2025-07-01 00:00:00+00:00,HB_HUBAVG,2025-07-01 11:00:00+00:00,31.155833333333337,26.637664794921875,22.756132125854492,33.866363525390625
Chronos2,2025-07-01 00:00:00+00:00,HB_HUBAVG,2025-07-01 12:00:00+00:00,30.175,22.739036560058594,19.72275733947754,27.245635986328125
Chronos2,2025-07-01 00:00:00+00:00,HB_HUBAVG,2025-07-01 13:00:00+00:00,31.161666666666665,19.302692413330078,16.992351531982422,22.692773818969727
Chronos2,2025-07-01 00:00:00+00:00,HB_HUBAVG,2025-07-01 14:00:00+00:00,31.8675,18.819007873535156,16.471616744995117,21.91653060913086
Chronos2,2025-07-01 00:00:00+00:00,HB_HUBAVG,2025-07-01 15:00:00+00:00,35.464166666666664,19.927303314208984,17.515121459960938,23.367416381835938
Chronos2,2025-07-01 00:00:00+00:00,HB_HUBAVG,2025-07-01 16:00:00+00:00,37.63916666666667,23.476428985595703,19.620197296142578,29.37786293029785
Chronos2,2025-07-01 00:00:00+00:00,HB_HUBAVG,2025-07-01 17:00:00+00:00,35.37083333333333,27.495920181274414,22.032939910888672,36.930572509765625
Chronos2,2025-07-01 00:00:00+00:00,HB_HUBAVG,2025-07-01 18:00:00+00:00,37.7325,30.425613403320312,23.435932159423828,44.34246063232422
Chronos2,2025-07-01 00:00:00+00:00,HB_HUBAVG,2025-07-01 19:00:00+00:00,62.53333333333333,30.296443939208984,23.19405746459961,45.397727966308594
Chronos2,2025-07-01 00:00:00+00:00,HB_HUBAVG,2025-07-01 20:00:00+00:00,53.961666666666666,29.666065216064453,22.7786865234375,43.92395782470703
Chronos2,2025-07-01 00:00:00+00:00,HB_HUBAVG,2025-07-01 21:00:00+00:00,58.095,29.696399688720703,22.535694122314453,45.63142013549805
Chronos2,2025-07-01 00:00:00+00:00,HB_HUBAVG,2025-07-01 22:00:00+00:00,105.42833333333331,31.733945846557617,23.625402450561523,50.370460510253906
Chronos2,2025-07-01 00:00:00+00:00,HB_HUBAVG,2025-07-01 23:00:00+00:00,112.52416666666666,35.71875,26.161205291748047,59.22216033935547
Chronos2,2025-07-01 00:00:00+00:00,HB_PAN,2025-07-01 00:00:00+00:00,36.05583333333333,52.496150970458984,37.65412139892578,76.35999298095703
Chronos2,2025-07-01 00:00:00+00:00,HB_PAN,2025-07-01 01:00:00+00:00,30.156666666666663,44.932857513427734,31.724496841430664,68.11428833007812
Chronos2,2025-07-01 00:00:00+00:00,HB_PAN,2025-07-01 02:00:00+00:00,35.46583333333333,38.085548400878906,27.544729232788086,57.477195739746094
Chronos2,2025-07-01 00:00:00+00:00,HB_PAN,2025-07-01 03:00:00+00:00,37.20333333333333,31.874340057373047,24.169147491455078,46.03430938720703
Chronos2,2025-07-01 00:00:00+00:00,HB_PAN,2025-07-01 04:00:00+00:00,33.660000000000004,28.07561492919922,21.564634323120117,38.95124816894531
Chronos2,2025-07-01 00:00:00+00:00,HB_PAN,2025-07-01 05:00:00+00:00,50.07416666666666,26.456199645996094,20.50918197631836,35.657188415527344
Chronos2,2025-07-01 00:00:00+00:00,HB_PAN,2025-07-01 06:00:00+00:00,39.56916666666667,26.31650161743164,20.54872703552246,35.11793518066406
Chronos2,2025-07-01 00:00:00+00:00,HB_PAN,2025-07-01 07:00:00+00:00,30.829166666666666,26.49552345275879,20.820470809936523,35.0206298828125
Chronos2,2025-07-01 00:00:00+00:00,HB_PAN,2025-07-01 08:00:00+00:00,29.67833333333333,26.725704193115234,20.994962692260742,35.34182357788086
Chronos2,2025-07-01 00:00:00+00:00,HB_PAN,2025-07-01 09:00:00+00:00,29.345,27.36606216430664,21.575515747070312,36.48416519165039
Chronos2,2025-07-01 00:00:00+00:00,HB_PAN,2025-07-01 10:00:00+00:00,30.314166666666665,28.22426414489746,22.032567977905273,37.83857727050781
Chronos2,2025-07-01 00:00:00+00:00,HB_PAN,2025-07-01 11:00:00+00:00,32.135,28.10258674621582,21.544513702392578,38.43699645996094
Chronos2,2025-07-01 00:00:00+00:00,HB_PAN,2025-07-01 12:00:00+00:00,32.62,25.857864379882812,19.538299560546875,34.95378112792969
Chronos2,2025-07-01 00:00:00+00:00,HB_PAN,2025-07-01 13:00:00+00:00,31.5675,23.51416778564453,17.226167678833008,31.786806106567383
Chronos2,2025-07-01 00:00:00+00:00,HB_PAN,2025-07-01 14:00:00+00:00,31.930000000000003,22.56224822998047,16.405120849609375,31.26731300354004
Chronos2,2025-07-01 00:00:00+00:00,HB_PAN,2025-07-01 15:00:00+00:00,35.13166666666667,22.987003326416016,16.516918182373047,32.30453872680664
Chronos2,2025-07-01 00:00:00+00:00,HB_PAN,2025-07-01 16:00:00+00:00,36.4825,27.186132431030273,19.963632583618164,38.72897720336914
Chronos2,2025-07-01 00:00:00+00:00,HB_PAN,2025-07-01 17:00:00+00:00,34.97083333333334,29.699316024780273,21.18732261657715,43.90519714355469
Chronos2,2025-07-01 00:00:00+00:00,HB_PAN,2025-07-01 18:00:00+00:00,36.8425,31.521697998046875,21.902616500854492,48.43970489501953
Chronos2,2025-07-01 00:00:00+00:00,HB_PAN,2025-07-01 19:00:00+00:00,61.055,31.76321792602539,21.582168579101562,50.59326934814453
Chronos2,2025-07-01 00:00:00+00:00,HB_PAN,2025-07-01 20:00:00+00:00,52.4575,31.275920867919922,20.981117248535156,51.47825622558594
Chronos2,2025-07-01 00:00:00+00:00,HB_PAN,2025-07-01 21:00:00+00:00,57.52333333333333,31.476747512817383,20.871767044067383,51.618377685546875
Chronos2,2025-07-01 00:00:00+00:00,HB_PAN,2025-07-01 22:00:00+00:00,108.5925,33.077796936035156,22.038583755493164,54.154510498046875
Chronos2,2025-07-01 00:00:00+00:00,HB_PAN,2025-07-01 23:00:00+00:00,121.06833333333331,35.74073791503906,23.096750259399414,60.43729782104492
Chronos2,2025-07-01 00:00:00+00:00,LZ_WEST,2025-07-01 00:00:00+00:00,36.055,61.355281829833984,40.33294677734375,92.53244018554688
Chronos2,2025-07-01 00:00:00+00:00,LZ_WEST,2025-07-01 01:00:00+00:00,30.1375,55.820587158203125,36.60236358642578,84.83306884765625
Chronos2,2025-07-01 00:00:00+00:00,LZ_WEST,2025-07-01 02:00:00+00:00,35.46583333333333,49.97410202026367,34.19729995727539,74.65459442138672
Chronos2,2025-07-01 00:00:00+00:00,LZ_WEST,2025-07-01 03:00:00+00:00,38.745,45.25145721435547,32.24746322631836,65.3484878540039
Chronos2,2025-07-01 00:00:00+00:00,LZ_WEST,2025-07-01 04:00:00+00:00,39.086666666666666,41.597442626953125,30.131839752197266,59.570350646972656
Chronos2,2025-07-01 00:00:00+00:00,LZ_WEST,2025-07-01 05:00:00+00:00,61.8475,39.921695709228516,29.445613861083984,55.823509216308594
Chronos2,2025-07-01 00:00:00+00:00,LZ_WEST,2025-07-01 06:00:00+00:00,59.56666666666666,33.01805114746094,24.978870391845703,45.48943328857422
Chronos2,2025-07-01 00:00:00+00:00,LZ_WEST,2025-07-01 07:00:00+00:00,54.833333333333336,28.604434967041016,21.857213973999023,39.26900863647461
Chronos2,2025-07-01 00:00:00+00:00,LZ_WEST,2025-07-01 08:00:00+00:00,57.83916666666666,26.271738052368164,20.3424072265625,35.66416549682617
Chronos2,2025-07-01 00:00:00+00:00,LZ_WEST,2025-07-01 09:00:00+00:00,58.46333333333333,25.32282257080078,19.617938995361328,34.32121276855469
Chronos2,2025-07-01 00:00:00+00:00,LZ_WEST,2025-07-01 10:00:00+00:00,64.66666666666667,24.507503509521484,18.862802505493164,33.671932220458984
Chronos2,2025-07-01 00:00:00+00:00,LZ_WEST,2025-07-01 11:00:00+00:00,45.01,23.860042572021484,17.64958381652832,33.40535354614258
Chronos2,2025-07-01 00:00:00+00:00,LZ_WEST,2025-07-01 12:00:00+00:00,63.52666666666667,20.820354461669922,16.009822845458984,28.64665412902832
Chronos2,2025-07-01 00:00:00+00:00,LZ_WEST,2025-07-01 13:00:00+00:00,35.038333333333334,18.93641471862793,14.630575180053711,25.283771514892578
Chronos2,2025-07-01 00:00:00+00:00,LZ_WEST,2025-07-01 14:00:00+00:00,33.443333333333335,18.36553955078125,13.944067001342773,24.430599212646484
Chronos2,2025-07-01 00:00:00+00:00,LZ_WEST,2025-07-01 15:00:00+00:00,36.07416666666666,18.67291259765625,14.132938385009766,24.544281005859375
Chronos2,2025-07-01 00:00:00+00:00,LZ_WEST,2025-07-01 16:00:00+00:00,36.0525,19.533103942871094,14.276212692260742,29.682632446289062
Chronos2,2025-07-01 00:00:00+00:00,LZ_WEST,2025-07-01 17:00:00+00:00,33.8225,21.45337677001953,15.142852783203125,34.21772766113281
Chronos2,2025-07-01 00:00:00+00:00,LZ_WEST,2025-07-01 18:00:00+00:00,35.6925,24.04922866821289,15.967716217041016,39.222415924072266
Chronos2,2025-07-01 00:00:00+00:00,LZ_WEST,2025-07-01 19:00:00+00:00,58.05666666666667,25.12624168395996,16.246898651123047,40.81155776977539
Chronos2,2025-07-01 00:00:00+00:00,LZ_WEST,2025-07-01 20:00:00+00:00,50.91333333333333,26.81096076965332,17.38806915283203,43.697418212890625
Chronos2,2025-07-01 00:00:00+00:00,LZ_WEST,2025-07-01 21:00:00+00:00,55.28416666666667,30.12291717529297,19.102323532104492,49.06993103027344
Chronos2,2025-07-01 00:00:00+00:00,LZ_WEST,2025-07-01 22:00:00+00:00,104.42833333333334,37.2835693359375,23.21163558959961,57.98780822753906
Chronos2,2025-07-01 00:00:00+00:00,LZ_WEST,2025-07-01 23:00:00+00:00,120.58083333333332,46.62342834472656,28.60842514038086,72.2156753540039
Chronos2,2025-07-02 00:00:00+00:00,HB_HUBAVG,2025-07-02 00:00:00+00:00,124.31583333333332,100.97675323486328,62.555381774902344,190.37400817871094
Chronos2,2025-07-02 00:00:00+00:00,HB_HUBAVG,2025-07-02 01:00:00+00:00,130.25833333333333,83.60931396484375,46.83068084716797,160.1044158935547
Chronos2,2025-07-02 00:00:00+00:00,HB_HUBAVG,2025-07-02 02:00:00+00:00,214.5725,63.161094665527344,38.28696060180664,133.36456298828125
Chronos2,2025-07-02 00:00:00+00:00,HB_HUBAVG,2025-07-02 03:00:00+00:00,125.6425,48.63153076171875,32.71723556518555,99.4746322631836
Chronos2,2025-07-02 00:00:00+00:00,HB_HUBAVG,2025-07-02 04:00:00+00:00,81.48083333333334,41.12091827392578,29.37794303894043,79.02485656738281
Chronos2,2025-07-02 00:00:00+00:00,HB_HUBAVG,2025-07-02 05:00:00+00:00,76.94916666666667,37.65066909790039,27.08134651184082,70.41328430175781
Chronos2,2025-07-02 00:00:00+00:00,HB_HUBAVG,2025-07-02 06:00:00+00:00,46.78916666666667,35.301361083984375,25.618206024169922,67.12506866455078
Chronos2,2025-07-02 00:00:00+00:00,HB_HUBAVG,2025-07-02 07:00:00+00:00,44.8975,33.55879592895508,24.7243595123291,59.48997497558594
Chronos2,2025-07-02 00:00:00+00:00,HB_HUBAVG,2025-07-02 08:00:00+00:00,40.15166666666666,32.67503356933594,24.302907943725586,54.595130920410156
Chronos2,2025-07-02 00:00:00+00:00,HB_HUBAVG,2025-07-02 09:00:00+00:00,44.16166666666667,32.41064453125,23.908815383911133,55.35376739501953
Chronos2,2025-07-02 00:00:00+00:00,HB_HUBAVG,2025-07-02 10:00:00+00:00,46.0725,32.455039978027344,23.26099967956543,58.25022506713867
Chronos2,2025-07-02 00:00:00+00:00,HB_HUBAVG,2025-07-02 11:00:00+00:00,56.76833333333334,32.002960205078125,22.354511260986328,59.61768341064453
Chronos2,2025-07-02 00:00:00+00:00,HB_HUBAVG,2025-07-02 12:00:00+00:00,42.2775,29.107337951660156,19.96718978881836,56.813140869140625
Chronos2,2025-07-02 00:00:00+00:00,HB_HUBAVG,2025-07-02 13:00:00+00:00,30.31083333333333,25.929706573486328,17.718982696533203,54.01180648803711
Chronos2,2025-07-02 00:00:00+00:00,HB_HUBAVG,2025-07-02 14:00:00+00:00,28.727500000000003,25.27634048461914,16.748022079467773,54.16544723510742
Chronos2,2025-07-02 00:00:00+00:00,HB_HUBAVG,2025-07-02 15:00:00+00:00,28.58666666666667,26.513202667236328,17.289474487304688,57.339515686035156
Chronos2,2025-07-02 00:00:00+00:00,HB_HUBAVG,2025-07-02 16:00:00+00:00,34.865,30.507862091064453,22.068511962890625,70.35877227783203
Chronos2,2025-07-02 00:00:00+00:00,HB_HUBAVG,2025-07-02 17:00:00+00:00,36.965,33.363746643066406,23.35227394104004,79.07914733886719
Chronos2,2025-07-02 00:00:00+00:00,HB_HUBAVG,2025-07-02 18:00:00+00:00,33.26833333333334,37.66543960571289,25.43137550354004,91.4552230834961
Chronos2,2025-07-02 00:00:00+00:00,HB_HUBAVG,2025-07-02 19:00:00+00:00,30.31083333333333,40.818199157714844,27.47785758972168,100.46591186523438
Chronos2,2025-07-02 00:00:00+00:00,HB_HUBAVG,2025-07-02 20:00:00+00:00,30.180833333333336,43.07020568847656,28.72554588317871,102.79878997802734
Chronos2,2025-07-02 00:00:00+00:00,HB_HUBAVG,2025-07-02 21:00:00+00:00,34.766666666666666,44.647613525390625,28.974151611328125,106.78766632080078
Chronos2,2025-07-02 00:00:00+00:00,HB_HUBAVG,2025-07-02 22:00:00+00:00,40.25666666666667,47.177085876464844,30.02175521850586,113.48729705810547
Chronos2,2025-07-02 00:00:00+00:00,HB_HUBAVG,2025-07-02 23:00:00+00:00,33.44416666666667,51.46595764160156,31.636396408081055,122.30548858642578
Chronos2,2025-07-02 00:00:00+00:00,HB_PAN,2025-07-02 00:00:00+00:00,127.10083333333334,99.14911651611328,57.89482879638672,180.3746795654297
Chronos2,2025-07-02 00:00:00+00:00,HB_PAN,2025-07-02 01:00:00+00:00,130.73916666666665,77.85584259033203,42.168426513671875,150.4536590576172
Chronos2,2025-07-02 00:00:00+00:00,HB_PAN,2025-07-02 02:00:00+00:00,216.435,56.66564178466797,32.853736877441406,113.67249298095703
Chronos2,2025-07-02 00:00:00+00:00,HB_PAN,2025-07-02 03:00:00+00:00,126.92083333333332,42.984954833984375,26.54690933227539,78.76778411865234
Chronos2,2025-07-02 00:00:00+00:00,HB_PAN,2025-07-02 04:00:00+00:00,81.44500000000001,35.59828186035156,22.697528839111328,60.60987091064453
Chronos2,2025-07-02 00:00:00+00:00,HB_PAN,2025-07-02 05:00:00+00:00,77.15583333333333,31.528337478637695,20.15475082397461,52.053775787353516
Chronos2,2025-07-02 00:00:00+00:00,HB_PAN,2025-07-02 06:00:00+00:00,47.465,29.72287368774414,19.177698135375977,47.014957427978516
Chronos2,2025-07-02 00:00:00+00:00,HB_PAN,2025-07-02 07:00:00+00:00,38.1825,28.676546096801758,18.88690185546875,43.13296127319336
Chronos2,2025-07-02 00:00:00+00:00,HB_PAN,2025-07-02 08:00:00+00:00,35.57416666666666,28.041568756103516,18.83423614501953,40.21103286743164
Chronos2,2025-07-02 00:00:00+00:00,HB_PAN,2025-07-02 09:00:00+00:00,37.946666666666665,27.911394119262695,18.590980529785156,40.17534637451172
Chronos2,2025-07-02 00:00:00+00:00,HB_PAN,2025-07-02 10:00:00+00:00,39.2275,27.731966018676758,17.60161018371582,40.876182556152344
Chronos2,2025-07-02 00:00:00+00:00,HB_PAN,2025-07-02 11:00:00+00:00,51.009166666666665,27.12376594543457,16.853153228759766,40.24871826171875
Chronos2,2025-07-02 00:00:00+00:00,HB_PAN,2025-07-02 12:00:00+00:00,45.28416666666666,25.332134246826172,15.033390045166016,38.31741714477539
Chronos2,2025-07-02 00:00:00+00:00,HB_PAN,2025-07-02 13:00:00+00:00,31.3675,23.2349910736084,12.275802612304688,36.65578842163086
Chronos2,2025-07-02 00:00:00+00:00,HB_PAN,2025-07-02 14:00:00+00:00,23.526666666666667,22.034513473510742,11.01270866394043,36.57014083862305
Chronos2,2025-07-02 00:00:00+00:00,HB_PAN,2025-07-02 15:00:00+00:00,22.624166666666667,21.61326789855957,10.635274887084961,36.829010009765625
Chronos2,2025-07-02 00:00:00+00:00,HB_PAN,2025-07-02 16:00:00+00:00,34.08083333333333,25.019502639770508,15.072710037231445,41.513328552246094
Chronos2,2025-07-02 00:00:00+00:00,HB_PAN,2025-07-02 17:00:00+00:00,37.3275,27.527414321899414,17.020587921142578,46.45637512207031
Chronos2,2025-07-02 00:00:00+00:00,HB_PAN,2025-07-02 18:00:00+00:00,33.77583333333333,31.09587860107422,19.69992446899414,51.497371673583984
Chronos2,2025-07-02 00:00:00+00:00,HB_PAN,2025-07-02 19:00:00+00:00,30.44,33.93245315551758,21.38485336303711,56.479957580566406
Chronos2,2025-07-02 00:00:00+00:00,HB_PAN,2025-07-02 20:00:00+00:00,29.96166666666667,35.34442901611328,22.3111572265625,59.97458267211914
Chronos2,2025-07-02 00:00:00+00:00,HB_PAN,2025-07-02 21:00:00+00:00,34.60333333333333,36.47472381591797,22.128177642822266,64.00865936279297
Chronos2,2025-07-02 00:00:00+00:00,HB_PAN,2025-07-02 22:00:00+00:00,40.05,38.083126068115234,21.847492218017578,71.29683685302734
Chronos2,2025-07-02 00:00:00+00:00,HB_PAN,2025-07-02 23:00:00+00:00,33.7725,40.10037612915039,22.547468185424805,80.19210052490234
Chronos2,2025-07-02 00:00:00+00:00,LZ_WEST,2025-07-02 00:00:00+00:00,127.19,106.4736557006836,72.98309326171875,144.73818969726562
Chronos2,2025-07-02 00:00:00+00:00,LZ_WEST,2025-07-02 01:00:00+00:00,130.53166666666667,88.47367858886719,53.40760040283203,131.9078369140625
Chronos2,2025-07-02 00:00:00+00:00,LZ_WEST,2025-07-02 02:00:00+00:00,216.435,81.03117370605469,47.70537567138672,127.87031555175781
Chronos2,2025-07-02 00:00:00+00:00,LZ_WEST,2025-07-02 03:00:00+00:00,126.32416666666666,77.9698486328125,46.16222381591797,123.71977233886719
Chronos2,2025-07-02 00:00:00+00:00,LZ_WEST,2025-07-02 04:00:00+00:00,80.85166666666667,75.91926574707031,45.246604919433594,121.63955688476562
Chronos2,2025-07-02 00:00:00+00:00,LZ_WEST,2025-07-02 05:00:00+00:00,76.87666666666667,73.97966003417969,44.31720733642578,120.85311889648438
Chronos2,2025-07-02 00:00:00+00:00,LZ_WEST,2025-07-02 06:00:00+00:00,53.16333333333333,69.93506622314453,40.64759826660156,119.97683715820312
Chronos2,2025-07-02 00:00:00+00:00,LZ_WEST,2025-07-02 07:00:00+00:00,68.89083333333333,64.30250549316406,36.7572135925293,113.35203552246094
Chronos2,2025-07-02 00:00:00+00:00,LZ_WEST,2025-07-02 08:00:00+00:00,55.58583333333333,60.470829010009766,34.15620040893555,109.56378173828125
Chronos2,2025-07-02 00:00:00+00:00,LZ_WEST,2025-07-02 09:00:00+00:00,71.02666666666666,57.1064338684082,31.489328384399414,108.32830047607422
Chronos2,2025-07-02 00:00:00+00:00,LZ_WEST,2025-07-02 10:00:00+00:00,63.9925,53.61884689331055,28.98343276977539,104.60995483398438
Chronos2,2025-07-02 00:00:00+00:00,LZ_WEST,2025-07-02 11:00:00+00:00,73.03916666666667,49.528953552246094,25.879150390625,98.94927978515625
Chronos2,2025-07-02 00:00:00+00:00,LZ_WEST,2025-07-02 12:00:00+00:00,63.01333333333333,43.330223083496094,21.573715209960938,89.41780090332031
Chronos2,2025-07-02 00:00:00+00:00,LZ_WEST,2025-07-02 13:00:00+00:00,55.23666666666667,37.37192153930664,19.45785903930664,78.70877075195312
Chronos2,2025-07-02 00:00:00+00:00,LZ_WEST,2025-07-02 14:00:00+00:00,45.12916666666666,34.993614196777344,17.792484283447266,74.62724304199219
Chronos2,2025-07-02 00:00:00+00:00,LZ_WEST,2025-07-02 15:00:00+00:00,41.649166666666666,35.924312591552734,18.303558349609375,75.74784851074219
Chronos2,2025-07-02 00:00:00+00:00,LZ_WEST,2025-07-02 16:00:00+00:00,36.505,38.599510192871094,22.48284339904785,78.22940063476562
Chronos2,2025-07-02 00:00:00+00:00,LZ_WEST,2025-07-02 17:00:00+00:00,35.31333333333333,42.673221588134766,24.703536987304688,85.857421875
Chronos2,2025-07-02 00:00:00+00:00,LZ_WEST,2025-07-02 18:00:00+00:00,32.0575,46.28632736206055,26.77729034423828,93.30410766601562
Chronos2,2025-07-02 00:00:00+00:00,LZ_WEST,2025-07-02 19:00:00+00:00,29.28916666666667,48.75653839111328,28.036550521850586,96.11251831054688
Chronos2,2025-07-02 00:00:00+00:00,LZ_WEST,2025-07-02 20:00:00+00:00,28.741666666666664,50.06843948364258,28.378753662109375,98.5855712890625
Chronos2,2025-07-02 00:00:00+00:00,LZ_WEST,2025-07-02 21:00:00+00:00,32.85333333333333,52.83187484741211,29.654438018798828,103.83248901367188
Chronos2,2025-07-02 00:00:00+00:00,LZ_WEST,2025-07-02 22:00:00+00:00,37.84166666666667,58.84657287597656,32.236366271972656,114.66633605957031
Chronos2,2025-07-02 00:00:00+00:00,LZ_WEST,2025-07-02 23:00:00+00:00,33.5825,64.63642120361328,35.19621276855469,125.91949462890625
Chronos2,2025-07-03 00:00:00+00:00,HB_HUBAVG,2025-07-03 00:00:00+00:00,40.3175,33.93428039550781,28.91889190673828,45.115074157714844
Chronos2,2025-07-03 00:00:00+00:00,HB_HUBAVG,2025-07-03 01:00:00+00:00,35.181666666666665,35.814552307128906,29.012723922729492,51.35313415527344
Chronos2,2025-07-03 00:00:00+00:00,HB_HUBAVG,2025-07-03 02:00:00+00:00,36.90166666666666,35.19914245605469,28.16993522644043,51.22176742553711
Chronos2,2025-07-03 00:00:00+00:00,HB_HUBAVG,2025-07-03 03:00:00+00:00,36.07,33.43587112426758,26.433948516845703,49.16786193847656
Chronos2,2025-07-03 00:00:00+00:00,HB_HUBAVG,2025-07-03 04:00:00+00:00,34.373333333333335,32.09715270996094,25.43658447265625,46.29672622680664
Chronos2,2025-07-03 00:00:00+00:00,HB_HUBAVG,2025-07-03 05:00:00+00:00,35.18416666666666,31.60299301147461,24.73826789855957,46.08456039428711
Chronos2,2025-07-03 00:00:00+00:00,HB_HUBAVG,2025-07-03 06:00:00+00:00,32.895,31.01206398010254,24.054929733276367,44.90953063964844
Chronos2,2025-07-03 00:00:00+00:00,HB_HUBAVG,2025-07-03 07:00:00+00:00,30.0775,30.382465362548828,23.758760452270508,43.802249908447266
Chronos2,2025-07-03 00:00:00+00:00,HB_HUBAVG,2025-07-03 08:00:00+00:00,31.03,29.764690399169922,23.16445541381836,42.92399978637695
Chronos2,2025-07-03 00:00:00+00:00,HB_HUBAVG,2025-07-03 09:00:00+00:00,29.183333333333337,29.514183044433594,22.634807586669922,42.63921356201172
Chronos2,2025-07-03 00:00:00+00:00,HB_HUBAVG,2025-07-03 10:00:00+00:00,29.385,30.113895416259766,22.450254440307617,44.791690826416016
Chronos2,2025-07-03 00:00:00+00:00,HB_HUBAVG,2025-07-03 11:00:00+00:00,28.7125,29.95860481262207,22.097015380859375,46.748504638671875
Chronos2,2025-07-03 00:00:00+00:00,HB_HUBAVG,2025-07-03 12:00:00+00:00,28.56833333333333,27.80605697631836,20.53372573852539,41.70561981201172
Chronos2,2025-07-03 00:00:00+00:00,HB_HUBAVG,2025-07-03 13:00:00+00:00,29.555833333333336,25.36830711364746,18.932559967041016,38.42726516723633
Chronos2,2025-07-03 00:00:00+00:00,HB_HUBAVG,2025-07-03 14:00:00+00:00,25.689166666666665,25.49310302734375,19.083555221557617,38.6440315246582
Chronos2,2025-07-03 00:00:00+00:00,HB_HUBAVG,2025-07-03 15:00:00+00:00,25.201666666666668,26.89781951904297,20.082656860351562,40.86384201049805
Chronos2,2025-07-03 00:00:00+00:00,HB_HUBAVG,2025-07-03 16:00:00+00:00,26.820000000000004,31.182268142700195,22.30150604248047,49.3642578125
Chronos2,2025-07-03 00:00:00+00:00,HB_HUBAVG,2025-07-03 17:00:00+00:00,29.523333333333337,35.09702682495117,24.230300903320312,59.025917053222656
Chronos2,2025-07-03 00:00:00+00:00,HB_HUBAVG,2025-07-03 18:00:00+00:00,26.7775,37.59274673461914,25.23990249633789,65.10861206054688
Chronos2,2025-07-03 00:00:00+00:00,HB_HUBAVG,2025-07-03 19:00:00+00:00,28.683333333333337,35.98909378051758,25.040719985961914,61.249732971191406
Chronos2,2025-07-03 00:00:00+00:00,HB_HUBAVG,2025-07-03 20:00:00+00:00,39.24333333333333,35.10400390625,24.676403045654297,58.50788116455078
Chronos2,2025-07-03 00:00:00+00:00,HB_HUBAVG,2025-07-03 21:00:00+00:00,40.73166666666666,35.970970153808594,25.122201919555664,61.13622283935547
Chronos2,2025-07-03 00:00:00+00:00,HB_HUBAVG,2025-07-03 22:00:00+00:00,34.04333333333333,37.1611328125,25.27715301513672,64.47444152832031
Chronos2,2025-07-03 00:00:00+00:00,HB_HUBAVG,2025-07-03 23:00:00+00:00,37.65916666666667,37.852386474609375,26.118690490722656,65.95753479003906
Chronos2,2025-07-03 00:00:00+00:00,HB_PAN,2025-07-03 00:00:00+00:00,40.55083333333334,34.14103317260742,26.256250381469727,46.26677322387695
Chronos2,2025-07-03 00:00:00+00:00,HB_PAN,2025-07-03 01:00:00+00:00,35.19166666666667,38.24903869628906,26.859769821166992,58.095855712890625
Chronos2,2025-07-03 00:00:00+00:00,HB_PAN,2025-07-03 02:00:00+00:00,36.37583333333333,36.31740188598633,25.165660858154297,55.508426666259766
Chronos2,2025-07-03 00:00:00+00:00,HB_PAN,2025-07-03 03:00:00+00:00,36.024166666666666,32.93043899536133,22.83391571044922,48.84215545654297
Chronos2,2025-07-03 00:00:00+00:00,HB_PAN,2025-07-03 04:00:00+00:00,34.575,31.21261215209961,21.789283752441406,45.158294677734375
Chronos2,2025-07-03 00:00:00+00:00,HB_PAN,2025-07-03 05:00:00+00:00,35.64333333333334,30.63854217529297,21.112640380859375,44.301300048828125
Chronos2,2025-07-03 00:00:00+00:00,HB_PAN,2025-07-03 06:00:00+00:00,33.26333333333333,30.473186492919922,20.804824829101562,43.85962677001953
Chronos2,2025-07-03 00:00:00+00:00,HB_PAN,2025-07-03 07:00:00+00:00,30.39833333333333,30.660598754882812,21.18949317932129,43.73525619506836
Chronos2,2025-07-03 00:00:00+00:00,HB_PAN,2025-07-03 08:00:00+00:00,31.39333333333333,30.5277042388916,21.050548553466797,43.09444808959961
Chronos2,2025-07-03 00:00:00+00:00,HB_PAN,2025-07-03 09:00:00+00:00,29.301666666666662,30.629467010498047,21.060623168945312,42.93510818481445
Chronos2,2025-07-03 00:00:00+00:00,HB_PAN,2025-07-03 10:00:00+00:00,29.385,31.0523681640625,21.012310028076172,44.10887145996094
Chronos2,2025-07-03 00:00:00+00:00,HB_PAN,2025-07-03 11:00:00+00:00,28.7125,30.96002960205078,20.901168823242188,44.31439208984375
Chronos2,2025-07-03 00:00:00+00:00,HB_PAN,2025-07-03 12:00:00+00:00,28.56833333333333,28.944015502929688,19.436864852905273,40.940677642822266
Chronos2,2025-07-03 00:00:00+00:00,HB_PAN,2025-07-03 13:00:00+00:00,29.555833333333336,26.87696647644043,17.525304794311523,38.21731948852539
Chronos2,2025-07-03 00:00:00+00:00,HB_PAN,2025-07-03 14:00:00+00:00,25.8125,26.316694259643555,17.177846908569336,38.23646545410156
Chronos2,2025-07-03 00:00:00+00:00,HB_PAN,2025-07-03 15:00:00+00:00,25.320833333333336,27.51824951171875,18.177799224853516,39.13121032714844
Chronos2,2025-07-03 00:00:00+00:00,HB_PAN,2025-07-03 16:00:00+00:00,26.499166666666667,30.717639923095703,20.1763858795166,45.55984878540039
Chronos2,2025-07-03 00:00:00+00:00,HB_PAN,2025-07-03 17:00:00+00:00,29.61083333333333,33.08916473388672,21.272497177124023,50.097835540771484
Chronos2,2025-07-03 00:00:00+00:00,HB_PAN,2025-07-03 18:00:00+00:00,26.96333333333333,34.51699447631836,21.91683006286621,52.40496826171875
Chronos2,2025-07-03 00:00:00+00:00,HB_PAN,2025-07-03 19:00:00+00:00,29.49833333333333,34.22672653198242,21.11357307434082,53.68307876586914
Chronos2,2025-07-03 00:00:00+00:00,HB_PAN,2025-07-03 20:00:00+00:00,42.1975,34.22624588012695,20.835285186767578,54.429786682128906
Chronos2,2025-07-03 00:00:00+00:00,HB_PAN,2025-07-03 21:00:00+00:00,43.23500000000001,34.30835723876953,20.127429962158203,55.65896987915039
Chronos2,2025-07-03 00:00:00+00:00,HB_PAN,2025-07-03 22:00:00+00:00,35.494166666666665,33.699832916259766,19.722614288330078,55.148292541503906
Chronos2,2025-07-03 00:00:00+00:00,HB_PAN,2025-07-03 23:00:00+00:00,39.23833333333334,32.7677116394043,19.292673110961914,54.41448211669922
Chronos2,2025-07-03 00:00:00+00:00,LZ_WEST,2025-07-03 00:00:00+00:00,40.355,36.66263198852539,29.81940460205078,50.72168731689453
Chronos2,2025-07-03 00:00:00+00:00,LZ_WEST,2025-07-03 01:00:00+00:00,34.94083333333334,38.29161071777344,28.05480194091797,58.56997299194336
Chronos2,2025-07-03 00:00:00+00:00,LZ_WEST,2025-07-03 02:00:00+00:00,48.645833333333336,39.89569854736328,27.242746353149414,63.48686981201172
Chronos2,2025-07-03 00:00:00+00:00,LZ_WEST,2025-07-03 03:00:00+00:00,37.05166666666667,41.2720947265625,27.44236183166504,67.94588470458984
Chronos2,2025-07-03 00:00:00+00:00,LZ_WEST,2025-07-03 04:00:00+00:00,34.6,42.90845489501953,28.054244995117188,71.7044448852539
Chronos2,2025-07-03 00:00:00+00:00,LZ_WEST,2025-07-03 05:00:00+00:00,35.755,44.412315368652344,27.788936614990234,75.31124114990234
Chronos2,2025-07-03 00:00:00+00:00,LZ_WEST,2025-07-03 06:00:00+00:00,33.0475,44.38652801513672,26.995208740234375,77.21151733398438
Chronos2,2025-07-03 00:00:00+00:00,LZ_WEST,2025-07-03 07:00:00+00:00,30.236666666666665,44.41326904296875,26.687923431396484,78.1904067993164
Chronos2,2025-07-03 00:00:00+00:00,LZ_WEST,2025-07-03 08:00:00+00:00,35.67416666666667,43.921260833740234,25.841760635375977,78.90252685546875
Chronos2,2025-07-03 00:00:00+00:00,LZ_WEST,2025-07-03 09:00:00+00:00,31.08,43.62354278564453,25.500829696655273,79.18756103515625
Chronos2,2025-07-03 00:00:00+00:00,LZ_WEST,2025-07-03 10:00:00+00:00,29.376666666666665,42.52252960205078,24.010770797729492,80.20018005371094
Chronos2,2025-07-03 00:00:00+00:00,LZ_WEST,2025-07-03 11:00:00+00:00,28.7125,40.192710876464844,22.38551902770996,77.98553466796875
Chronos2,2025-07-03 00:00:00+00:00,LZ_WEST,2025-07-03 12:00:00+00:00,28.56833333333333,36.92241668701172,20.541109085083008,72.81837463378906
Chronos2,2025-07-03 00:00:00+00:00,LZ_WEST,2025-07-03 13:00:00+00:00,29.555833333333336,33.194236755371094,19.689661026000977,68.42122650146484
Chronos2,2025-07-03 00:00:00+00:00,LZ_WEST,2025-07-03 14:00:00+00:00,25.85,31.887393951416016,18.192737579345703,65.41010284423828
Chronos2,2025-07-03 00:00:00+00:00,LZ_WEST,2025-07-03 15:00:00+00:00,25.361666666666668,31.600833892822266,18.10283660888672,65.12374114990234
Chronos2,2025-07-03 00:00:00+00:00,LZ_WEST,2025-07-03 16:00:00+00:00,26.334166666666665,34.62991714477539,20.502643585205078,66.83119201660156
Chronos2,2025-07-03 00:00:00+00:00,LZ_WEST,2025-07-03 17:00:00+00:00,29.42333333333333,36.22203063964844,21.01071548461914,69.79749298095703
Chronos2,2025-07-03 00:00:00+00:00,LZ_WEST,2025-07-03 18:00:00+00:00,26.4375,36.97432327270508,21.3134708404541,71.7599105834961
Chronos2,2025-07-03 00:00:00+00:00,LZ_WEST,2025-07-03 19:00:00+00:00,29.598333333333333,37.49710464477539,21.296384811401367,73.22511291503906
Chronos2,2025-07-03 00:00:00+00:00,LZ_WEST,2025-07-03 20:00:00+00:00,42.91666666666666,37.80735397338867,21.929664611816406,74.1610107421875
Chronos2,2025-07-03 00:00:00+00:00,LZ_WEST,2025-07-03 21:00:00+00:00,43.8625,39.88365936279297,22.573705673217773,77.77986145019531
Chronos2,2025-07-03 00:00:00+00:00,LZ_WEST,2025-07-03 22:00:00+00:00,36.02166666666667,42.688316345214844,23.519916534423828,83.19129943847656
Chronos2,2025-07-03 00:00:00+00:00,LZ_WEST,2025-07-03 23:00:00+00:00,39.72083333333334,45.21989059448242,24.291706085205078,90.483642578125
Chronos2,2025-07-04 00:00:00+00:00,HB_HUBAVG,2025-07-04 00:00:00+00:00,30.3925,39.64204788208008,33.0944938659668,52.37650680541992
Chronos2,2025-07-04 00:00:00+00:00,HB_HUBAVG,2025-07-04 01:00:00+00:00,29.87,39.26472854614258,32.04524230957031,53.645545959472656
Chronos2,2025-07-04 00:00:00+00:00,HB_HUBAVG,2025-07-04 02:00:00+00:00,33.94583333333333,37.98426055908203,31.201396942138672,51.362640380859375
Chronos2,2025-07-04 00:00:00+00:00,HB_HUBAVG,2025-07-04 03:00:00+00:00,31.84583333333333,35.89643478393555,30.256366729736328,46.95820236206055
Chronos2,2025-07-04 00:00:00+00:00,HB_HUBAVG,2025-07-04 04:00:00+00:00,27.86916666666667,33.48176193237305,28.464012145996094,42.59975814819336
Chronos2,2025-07-04 00:00:00+00:00,HB_HUBAVG,2025-07-04 05:00:00+00:00,29.930000000000003,32.39057159423828,27.505050659179688,40.37699508666992
Chronos2,2025-07-04 00:00:00+00:00,HB_HUBAVG,2025-07-04 06:00:00+00:00,26.691666666666663,31.413684844970703,26.650020599365234,39.18381118774414
Chronos2,2025-07-04 00:00:00+00:00,HB_HUBAVG,2025-07-04 07:00:00+00:00,24.1175,30.347042083740234,25.907817840576172,37.25613021850586
Chronos2,2025-07-04 00:00:00+00:00,HB_HUBAVG,2025-07-04 08:00:00+00:00,24.3925,29.374351501464844,24.991535186767578,35.729736328125
Chronos2,2025-07-04 00:00:00+00:00,HB_HUBAVG,2025-07-04 09:00:00+00:00,25.7925,28.93978500366211,24.44792938232422,36.05826187133789
Chronos2,2025-07-04 00:00:00+00:00,HB_HUBAVG,2025-07-04 10:00:00+00:00,26.155833333333337,29.362201690673828,24.171031951904297,37.46452331542969
Chronos2,2025-07-04 00:00:00+00:00,HB_HUBAVG,2025-07-04 11:00:00+00:00,28.43583333333333,28.79684066772461,23.448017120361328,38.247066497802734
Chronos2,2025-07-04 00:00:00+00:00,HB_HUBAVG,2025-07-04 12:00:00+00:00,27.21333333333333,26.71051025390625,21.744539260864258,34.39429473876953
Chronos2,2025-07-04 00:00:00+00:00,HB_HUBAVG,2025-07-04 13:00:00+00:00,26.4,24.911853790283203,20.713085174560547,32.52776336669922
Chronos2,2025-07-04 00:00:00+00:00,HB_HUBAVG,2025-07-04 14:00:00+00:00,24.58666666666667,24.700016021728516,20.604873657226562,32.34335708618164
Chronos2,2025-07-04 00:00:00+00:00,HB_HUBAVG,2025-07-04 15:00:00+00:00,22.0325,24.955101013183594,20.510072708129883,32.83586502075195
Chronos2,2025-07-04 00:00:00+00:00,HB_HUBAVG,2025-07-04 16:00:00+00:00,22.641666666666666,28.158100128173828,22.815425872802734,37.12593078613281
Chronos2,2025-07-04 00:00:00+00:00,HB_HUBAVG,2025-07-04 17:00:00+00:00,21.1075,29.907821655273438,23.71084976196289,41.7398681640625
Chronos2,2025-07-04 00:00:00+00:00,HB_HUBAVG,2025-07-04 18:00:00+00:00,22.79583333333333,31.136062622070312,24.21334457397461,45.447296142578125
Chronos2,2025-07-04 00:00:00+00:00,HB_HUBAVG,2025-07-04 19:00:00+00:00,23.555000000000003,32.04710006713867,24.906312942504883,47.63813400268555
Chronos2,2025-07-04 00:00:00+00:00,HB_HUBAVG,2025-07-04 20:00:00+00:00,26.6875,33.41386795043945,25.313112258911133,50.03448486328125
Chronos2,2025-07-04 00:00:00+00:00,HB_HUBAVG,2025-07-04 21:00:00+00:00,28.974166666666665,34.90824508666992,25.799741744995117,54.48108673095703
Chronos2,2025-07-04 00:00:00+00:00,HB_HUBAVG,2025-07-04 22:00:00+00:00,27.3275,37.75960159301758,26.570331573486328,63.16474151611328
Chronos2,2025-07-04 00:00:00+00:00,HB_HUBAVG,2025-07-04 23:00:00+00:00,24.5675,43.12950134277344,27.836515426635742,84.24580383300781
Chronos2,2025-07-04 00:00:00+00:00,HB_PAN,2025-07-04 00:00:00+00:00,31.0575,40.681949615478516,31.154808044433594,57.97029495239258
Chronos2,2025-07-04 00:00:00+00:00,HB_PAN,2025-07-04 01:00:00+00:00,30.07,39.79780960083008,29.278865814208984,59.98439025878906
Chronos2,2025-07-04 00:00:00+00:00,HB_PAN,2025-07-04 02:00:00+00:00,33.40416666666667,37.391883850097656,27.22641372680664,57.929908752441406
Chronos2,2025-07-04 00:00:00+00:00,HB_PAN,2025-07-04 03:00:00+00:00,32.185,34.0909309387207,25.280044555664062,52.54047393798828
Chronos2,2025-07-04 00:00:00+00:00,HB_PAN,2025-07-04 04:00:00+00:00,28.4075,32.098236083984375,24.050460815429688,47.540382385253906
Chronos2,2025-07-04 00:00:00+00:00,HB_PAN,2025-07-04 05:00:00+00:00,31.25,31.04698371887207,23.276832580566406,44.98111343383789
Chronos2,2025-07-04 00:00:00+00:00,HB_PAN,2025-07-04 06:00:00+00:00,27.891666666666666,30.204282760620117,22.74579429626465,43.020530700683594
Chronos2,2025-07-04 00:00:00+00:00,HB_PAN,2025-07-04 07:00:00+00:00,25.79083333333333,29.368579864501953,22.21136474609375,40.651573181152344
Chronos2,2025-07-04 00:00:00+00:00,HB_PAN,2025-07-04 08:00:00+00:00,26.40083333333333,28.95269203186035,21.837158203125,38.801513671875
Chronos2,2025-07-04 00:00:00+00:00,HB_PAN,2025-07-04 09:00:00+00:00,29.188333333333333,29.40448570251465,22.18988800048828,39.56800842285156
Chronos2,2025-07-04 00:00:00+00:00,HB_PAN,2025-07-04 10:00:00+00:00,30.451666666666668,30.354045867919922,22.380033493041992,41.412776947021484
Chronos2,2025-07-04 00:00:00+00:00,HB_PAN,2025-07-04 11:00:00+00:00,33.67916666666667,30.482980728149414,22.261478424072266,41.81928253173828
Chronos2,2025-07-04 00:00:00+00:00,HB_PAN,2025-07-04 12:00:00+00:00,30.843333333333337,28.86328887939453,21.300880432128906,38.91997146606445
Chronos2,2025-07-04 00:00:00+00:00,HB_PAN,2025-07-04 13:00:00+00:00,26.81,27.572853088378906,20.35546112060547,36.73541259765625
Chronos2,2025-07-04 00:00:00+00:00,HB_PAN,2025-07-04 14:00:00+00:00,25.47,27.02924156188965,20.089309692382812,36.875694274902344
Chronos2,2025-07-04 00:00:00+00:00,HB_PAN,2025-07-04 15:00:00+00:00,23.24,28.167734146118164,20.89144515991211,38.18282699584961
Chronos2,2025-07-04 00:00:00+00:00,HB_PAN,2025-07-04 16:00:00+00:00,24.02416666666667,30.56654930114746,22.518638610839844,43.4737663269043
Chronos2,2025-07-04 00:00:00+00:00,HB_PAN,2025-07-04 17:00:00+00:00,22.179166666666664,32.44087219238281,23.37727928161621,47.79816818237305
Chronos2,2025-07-04 00:00:00+00:00,HB_PAN,2025-07-04 18:00:00+00:00,23.5125,34.32160568237305,24.370502471923828,52.1971435546875
Chronos2,2025-07-04 00:00:00+00:00,HB_PAN,2025-07-04 19:00:00+00:00,24.2125,35.898433685302734,25.316650390625,56.258506774902344
Chronos2,2025-07-04 00:00:00+00:00,HB_PAN,2025-07-04 20:00:00+00:00,27.121666666666663,37.86884307861328,26.125530242919922,60.76993179321289
Chronos2,2025-07-04 00:00:00+00:00,HB_PAN,2025-07-04 21:00:00+00:00,29.326666666666668,39.984615325927734,26.614255905151367,66.31192779541016
Chronos2,2025-07-04 00:00:00+00:00,HB_PAN,2025-07-04 22:00:00+00:00,27.7125,41.91587829589844,26.537267684936523,73.50859069824219
Chronos2,2025-07-04 00:00:00+00:00,HB_PAN,2025-07-04 23:00:00+00:00,23.265,44.08715057373047,27.17097282409668,84.1148452758789
Chronos2,2025-07-04 00:00:00+00:00,LZ_WEST,2025-07-04 00:00:00+00:00,31.285,42.39337158203125,33.93690872192383,60.93186569213867
Chronos2,2025-07-04 00:00:00+00:00,LZ_WEST,2025-07-04 01:00:00+00:00,30.141666666666666,42.729366302490234,32.42793273925781,64.61763763427734
Chronos2,2025-07-04 00:00:00+00:00,LZ_WEST,2025-07-04 02:00:00+00:00,36.58083333333334,42.07271957397461,30.99303436279297,65.37440490722656
Chronos2,2025-07-04 00:00:00+00:00,LZ_WEST,2025-07-04 03:00:00+00:00,33.0225,40.61898422241211,29.418546676635742,65.19617462158203
Chronos2,2025-07-04 00:00:00+00:00,LZ_WEST,2025-07-04 04:00:00+00:00,31.64333333333333,39.47584915161133,28.46512222290039,64.36994171142578
Chronos2,2025-07-04 00:00:00+00:00,LZ_WEST,2025-07-04 05:00:00+00:00,36.91166666666667,38.63854217529297,27.302719116210938,63.95191192626953
Chronos2,2025-07-04 00:00:00+00:00,LZ_WEST,2025-07-04 06:00:00+00:00,36.63833333333333,37.474971771240234,26.20673179626465,62.98230743408203
Chronos2,2025-07-04 00:00:00+00:00,LZ_WEST,2025-07-04 07:00:00+00:00,38.94916666666666,36.1429557800293,25.293434143066406,62.1708984375
Chronos2,2025-07-04 00:00:00+00:00,LZ_WEST,2025-07-04 08:00:00+00:00,46.2325,34.80083465576172,24.124752044677734,60.71555709838867
Chronos2,2025-07-04 00:00:00+00:00,LZ_WEST,2025-07-04 09:00:00+00:00,73.53416666666666,33.92149353027344,23.4117488861084,60.25233459472656
Chronos2,2025-07-04 00:00:00+00:00,LZ_WEST,2025-07-04 10:00:00+00:00,83.81,32.821250915527344,22.470130920410156,61.24901580810547
Chronos2,2025-07-04 00:00:00+00:00,LZ_WEST,2025-07-04 11:00:00+00:00,102.93333333333334,31.369029998779297,21.197771072387695,60.09303283691406
Chronos2,2025-07-04 00:00:00+00:00,LZ_WEST,2025-07-04 12:00:00+00:00,80.09916666666668,29.609119415283203,20.2701358795166,56.69554138183594
Chronos2,2025-07-04 00:00:00+00:00,LZ_WEST,2025-07-04 13:00:00+00:00,30.02416666666667,27.672069549560547,19.899023056030273,52.43195343017578
Chronos2,2025-07-04 00:00:00+00:00,LZ_WEST,2025-07-04 14:00:00+00:00,25.749166666666667,26.48332405090332,19.134639739990234,49.07479476928711
Chronos2,2025-07-04 00:00:00+00:00,LZ_WEST,2025-07-04 15:00:00+00:00,23.680833333333336,26.070438385009766,18.925870895385742,48.02727127075195
Chronos2,2025-07-04 00:00:00+00:00,LZ_WEST,2025-07-04 16:00:00+00:00,24.511666666666667,28.309555053710938,20.462717056274414,46.409446716308594
Chronos2,2025-07-04 00:00:00+00:00,LZ_WEST,2025-07-04 17:00:00+00:00,22.454166666666666,29.769332885742188,20.98468780517578,51.09479522705078
Chronos2,2025-07-04 00:00:00+00:00,LZ_WEST,2025-07-04 18:00:00+00:00,23.271666666666665,30.852067947387695,21.234926223754883,52.834625244140625
Chronos2,2025-07-04 00:00:00+00:00,LZ_WEST,2025-07-04 19:00:00+00:00,23.794166666666666,31.628692626953125,21.910009384155273,54.048377990722656
Chronos2,2025-07-04 00:00:00+00:00,LZ_WEST,2025-07-04 20:00:00+00:00,27.0,33.510345458984375,22.809999465942383,56.80773162841797
Chronos2,2025-07-04 00:00:00+00:00,LZ_WEST,2025-07-04 21:00:00+00:00,29.169166666666666,35.28224182128906,23.451183319091797,60.748233795166016
Chronos2,2025-07-04 00:00:00+00:00,LZ_WEST,2025-07-04 22:00:00+00:00,27.73333333333333,38.649845123291016,25.072975158691406,66.78437042236328
Chronos2,2025-07-04 00:00:00+00:00,LZ_WEST,2025-07-04 23:00:00+00:00,25.684166666666663,45.834999084472656,28.16527557373047,83.94696807861328
Chronos2,2025-07-05 00:00:00+00:00,HB_HUBAVG,2025-07-05 00:00:00+00:00,26.314166666666665,25.628398895263672,22.20854949951172,32.620025634765625
Chronos2,2025-07-05 00:00:00+00:00,HB_HUBAVG,2025-07-05 01:00:00+00:00,29.985,26.55324935913086,21.966646194458008,35.163394927978516
Chronos2,2025-07-05 00:00:00+00:00,HB_HUBAVG,2025-07-05 02:00:00+00:00,29.043333333333333,26.92043685913086,21.60610580444336,36.23006057739258
Chronos2,2025-07-05 00:00:00+00:00,HB_HUBAVG,2025-07-05 03:00:00+00:00,26.49833333333333,26.313810348510742,21.100982666015625,34.85649108886719
Chronos2,2025-07-05 00:00:00+00:00,HB_HUBAVG,2025-07-05 04:00:00+00:00,23.58333333333333,25.227066040039062,20.62070083618164,33.08024978637695
Chronos2,2025-07-05 00:00:00+00:00,HB_HUBAVG,2025-07-05 05:00:00+00:00,24.8075,24.493804931640625,19.782970428466797,31.69296646118164
Chronos2,2025-07-05 00:00:00+00:00,HB_HUBAVG,2025-07-05 06:00:00+00:00,25.25,23.965808868408203,19.29666519165039,31.00937271118164
Chronos2,2025-07-05 00:00:00+00:00,HB_HUBAVG,2025-07-05 07:00:00+00:00,24.980833333333333,23.148618698120117,18.738534927368164,29.52450942993164
Chronos2,2025-07-05 00:00:00+00:00,HB_HUBAVG,2025-07-05 08:00:00+00:00,26.655,22.940946578979492,18.247129440307617,28.797977447509766
Chronos2,2025-07-05 00:00:00+00:00,HB_HUBAVG,2025-07-05 09:00:00+00:00,28.33083333333333,23.007354736328125,18.258047103881836,29.016794204711914
Chronos2,2025-07-05 00:00:00+00:00,HB_HUBAVG,2025-07-05 10:00:00+00:00,33.89666666666667,22.933982849121094,18.128385543823242,29.19326400756836
Chronos2,2025-07-05 00:00:00+00:00,HB_HUBAVG,2025-07-05 11:00:00+00:00,33.41416666666667,22.688034057617188,17.665874481201172,29.506696701049805
Chronos2,2025-07-05 00:00:00+00:00,HB_HUBAVG,2025-07-05 12:00:00+00:00,30.250833333333333,22.10922622680664,17.03849983215332,28.749032974243164
Chronos2,2025-07-05 00:00:00+00:00,HB_HUBAVG,2025-07-05 13:00:00+00:00,25.8725,20.96184539794922,16.46263313293457,27.684154510498047
Chronos2,2025-07-05 00:00:00+00:00,HB_HUBAVG,2025-07-05 14:00:00+00:00,25.868333333333336,20.140411376953125,15.738296508789062,27.11748695373535
Chronos2,2025-07-05 00:00:00+00:00,HB_HUBAVG,2025-07-05 15:00:00+00:00,26.5325,20.24742889404297,15.61553955078125,27.52955436706543
Chronos2,2025-07-05 00:00:00+00:00,HB_HUBAVG,2025-07-05 16:00:00+00:00,26.6925,23.0512752532959,17.163846969604492,34.052833557128906
Chronos2,2025-07-05 00:00:00+00:00,HB_HUBAVG,2025-07-05 17:00:00+00:00,24.605833333333333,23.822566986083984,17.251285552978516,38.59811019897461
Chronos2,2025-07-05 00:00:00+00:00,HB_HUBAVG,2025-07-05 18:00:00+00:00,23.705,25.041275024414062,17.657690048217773,41.270973205566406
Chronos2,2025-07-05 00:00:00+00:00,HB_HUBAVG,2025-07-05 19:00:00+00:00,23.84,25.79479217529297,18.19266700744629,44.590660095214844
Chronos2,2025-07-05 00:00:00+00:00,HB_HUBAVG,2025-07-05 20:00:00+00:00,22.625,28.159317016601562,19.011112213134766,51.216102600097656
Chronos2,2025-07-05 00:00:00+00:00,HB_HUBAVG,2025-07-05 21:00:00+00:00,22.66333333333333,29.087493896484375,19.127342224121094,57.201210021972656
Chronos2,2025-07-05 00:00:00+00:00,HB_HUBAVG,2025-07-05 22:00:00+00:00,23.83583333333333,29.358474731445312,19.484220504760742,60.65923309326172
Chronos2,2025-07-05 00:00:00+00:00,HB_HUBAVG,2025-07-05 23:00:00+00:00,24.64333333333333,30.899568557739258,19.76879119873047,67.79595184326172
Chronos2,2025-07-05 00:00:00+00:00,HB_PAN,2025-07-05 00:00:00+00:00,23.138333333333332,26.43115234375,21.27688217163086,35.2568244934082
Chronos2,2025-07-05 00:00:00+00:00,HB_PAN,2025-07-05 01:00:00+00:00,14.005833333333332,27.91407585144043,20.95974349975586,40.38217544555664
Chronos2,2025-07-05 00:00:00+00:00,HB_PAN,2025-07-05 02:00:00+00:00,6.4383333333333335,28.559438705444336,20.808181762695312,42.698490142822266
Chronos2,2025-07-05 00:00:00+00:00,HB_PAN,2025-07-05 03:00:00+00:00,4.01,28.53672981262207,20.58710289001465,42.493629455566406
Chronos2,2025-07-05 00:00:00+00:00,HB_PAN,2025-07-05 04:00:00+00:00,14.2725,28.207656860351562,20.064807891845703,41.35240936279297
Chronos2,2025-07-05 00:00:00+00:00,HB_PAN,2025-07-05 05:00:00+00:00,20.70583333333333,27.856287002563477,19.503631591796875,41.635440826416016
Chronos2,2025-07-05 00:00:00+00:00,HB_PAN,2025-07-05 06:00:00+00:00,24.294166666666666,27.945560455322266,19.535572052001953,41.54755401611328
Chronos2,2025-07-05 00:00:00+00:00,HB_PAN,2025-07-05 07:00:00+00:00,24.615,27.70400047302246,19.247791290283203,40.71870803833008
Chronos2,2025-07-05 00:00:00+00:00,HB_PAN,2025-07-05 08:00:00+00:00,26.4475,28.068790435791016,19.386180877685547,40.67265701293945
Chronos2,2025-07-05 00:00:00+00:00,HB_PAN,2025-07-05 09:00:00+00:00,29.7875,28.57436180114746,19.461158752441406,41.28725051879883
Chronos2,2025-07-05 00:00:00+00:00,HB_PAN,2025-07-05 10:00:00+00:00,36.3175,28.840290069580078,19.414602279663086,42.58757400512695
Chronos2,2025-07-05 00:00:00+00:00,HB_PAN,2025-07-05 11:00:00+00:00,35.825,29.002391815185547,19.118873596191406,43.359230041503906
Chronos2,2025-07-05 00:00:00+00:00,HB_PAN,2025-07-05 12:00:00+00:00,31.08666666666667,28.565427780151367,18.821130752563477,42.31002426147461
Chronos2,2025-07-05 00:00:00+00:00,HB_PAN,2025-07-05 13:00:00+00:00,25.8725,27.547698974609375,18.196758270263672,41.14848327636719
Chronos2,2025-07-05 00:00:00+00:00,HB_PAN,2025-07-05 14:00:00+00:00,26.215,27.115934371948242,17.887096405029297,40.9987907409668
Chronos2,2025-07-05 00:00:00+00:00,HB_PAN,2025-07-05 15:00:00+00:00,27.006666666666664,27.416662216186523,17.952415466308594,41.99103927612305
Chronos2,2025-07-05 00:00:00+00:00,HB_PAN,2025-07-05 16:00:00+00:00,27.0625,29.009456634521484,18.61790657043457,49.83054733276367
Chronos2,2025-07-05 00:00:00+00:00,HB_PAN,2025-07-05 17:00:00+00:00,25.095,30.203798294067383,18.62920379638672,57.920860290527344
Chronos2,2025-07-05 00:00:00+00:00,HB_PAN,2025-07-05 18:00:00+00:00,24.0825,31.87887191772461,19.195192337036133,65.8218765258789
Chronos2,2025-07-05 00:00:00+00:00,HB_PAN,2025-07-05 19:00:00+00:00,24.2675,34.0639533996582,19.462919235229492,75.28390502929688
Chronos2,2025-07-05 00:00:00+00:00,HB_PAN,2025-07-05 20:00:00+00:00,23.319166666666664,36.0960807800293,19.876392364501953,84.77572631835938
Chronos2,2025-07-05 00:00:00+00:00,HB_PAN,2025-07-05 21:00:00+00:00,23.7525,38.28845977783203,20.12220001220703,92.57097625732422
Chronos2,2025-07-05 00:00:00+00:00,HB_PAN,2025-07-05 22:00:00+00:00,24.916666666666668,39.803470611572266,19.95322036743164,108.38230895996094
Chronos2,2025-07-05 00:00:00+00:00,HB_PAN,2025-07-05 23:00:00+00:00,25.95833333333333,40.94753646850586,19.828399658203125,114.82086181640625
Chronos2,2025-07-05 00:00:00+00:00,LZ_WEST,2025-07-05 00:00:00+00:00,29.046666666666667,29.29446792602539,23.90079116821289,44.035037994384766
Chronos2,2025-07-05 00:00:00+00:00,LZ_WEST,2025-07-05 01:00:00+00:00,55.05416666666667,30.024517059326172,23.048866271972656,49.061561584472656
Chronos2,2025-07-05 00:00:00+00:00,LZ_WEST,2025-07-05 02:00:00+00:00,69.85416666666667,30.867408752441406,22.57672691345215,53.08363342285156
Chronos2,2025-07-05 00:00:00+00:00,LZ_WEST,2025-07-05 03:00:00+00:00,66.93916666666667,30.647430419921875,22.292762756347656,54.69329833984375
Chronos2,2025-07-05 00:00:00+00:00,LZ_WEST,2025-07-05 04:00:00+00:00,52.93,31.785097122192383,22.361896514892578,57.40180587768555
Chronos2,2025-07-05 00:00:00+00:00,LZ_WEST,2025-07-05 05:00:00+00:00,60.57416666666666,32.53050231933594,21.564205169677734,63.316200256347656
Chronos2,2025-07-05 00:00:00+00:00,LZ_WEST,2025-07-05 06:00:00+00:00,57.81166666666667,32.53416061401367,21.517587661743164,66.5933837890625
Chronos2,2025-07-05 00:00:00+00:00,LZ_WEST,2025-07-05 07:00:00+00:00,53.54749999999999,33.07457733154297,21.140573501586914,67.735107421875
Chronos2,2025-07-05 00:00:00+00:00,LZ_WEST,2025-07-05 08:00:00+00:00,55.77,34.06193542480469,20.856613159179688,72.1104507446289
Chronos2,2025-07-05 00:00:00+00:00,LZ_WEST,2025-07-05 09:00:00+00:00,53.85916666666666,35.78606414794922,20.82166290283203,82.99636840820312
Chronos2,2025-07-05 00:00:00+00:00,LZ_WEST,2025-07-05 10:00:00+00:00,63.925,35.59124755859375,20.321475982666016,88.803955078125
Chronos2,2025-07-05 00:00:00+00:00,LZ_WEST,2025-07-05 11:00:00+00:00,69.35166666666667,34.38033676147461,18.898008346557617,91.36773681640625
Chronos2,2025-07-05 00:00:00+00:00,LZ_WEST,2025-07-05 12:00:00+00:00,42.99583333333334,31.057727813720703,17.529190063476562,78.03268432617188
Chronos2,2025-07-05 00:00:00+00:00,LZ_WEST,2025-07-05 13:00:00+00:00,25.8725,26.830432891845703,16.936702728271484,64.36544799804688
Chronos2,2025-07-05 00:00:00+00:00,LZ_WEST,2025-07-05 14:00:00+00:00,26.34083333333333,24.496469497680664,15.609987258911133,56.341636657714844
Chronos2,2025-07-05 00:00:00+00:00,LZ_WEST,2025-07-05 15:00:00+00:00,27.17333333333333,23.755142211914062,15.468273162841797,52.154815673828125
Chronos2,2025-07-05 00:00:00+00:00,LZ_WEST,2025-07-05 16:00:00+00:00,27.19,25.708755493164062,16.41089630126953,50.70264434814453
Chronos2,2025-07-05 00:00:00+00:00,LZ_WEST,2025-07-05 17:00:00+00:00,25.26833333333333,26.40032958984375,15.722692489624023,56.604373931884766
Chronos2,2025-07-05 00:00:00+00:00,LZ_WEST,2025-07-05 18:00:00+00:00,23.986666666666665,27.787145614624023,16.112133026123047,59.08278274536133
Chronos2,2025-07-05 00:00:00+00:00,LZ_WEST,2025-07-05 19:00:00+00:00,23.865,29.05947494506836,17.071821212768555,62.32868194580078
Chronos2,2025-07-05 00:00:00+00:00,LZ_WEST,2025-07-05 20:00:00+00:00,23.06083333333333,31.58194351196289,18.35284996032715,67.41669464111328
Chronos2,2025-07-05 00:00:00+00:00,LZ_WEST,2025-07-05 21:00:00+00:00,24.044166666666666,34.22472381591797,18.90302085876465,75.24256134033203
Chronos2,2025-07-05 00:00:00+00:00,LZ_WEST,2025-07-05 22:00:00+00:00,25.24416666666667,36.696006774902344,19.756027221679688,85.70681762695312
Chronos2,2025-07-05 00:00:00+00:00,LZ_WEST,2025-07-05 23:00:00+00:00,26.3975,39.19790267944336,20.24561882019043,95.85264587402344
Chronos2,2025-07-06 00:00:00+00:00,HB_HUBAVG,2025-07-06 00:00:00+00:00,29.741666666666664,25.022293090820312,22.679107666015625,29.11086654663086
Chronos2,2025-07-06 00:00:00+00:00,HB_HUBAVG,2025-07-06 01:00:00+00:00,37.60166666666667,25.061731338500977,22.025501251220703,29.864065170288086
Chronos2,2025-07-06 00:00:00+00:00,HB_HUBAVG,2025-07-06 02:00:00+00:00,40.49,24.953866958618164,21.456302642822266,30.197067260742188
Chronos2,2025-07-06 00:00:00+00:00,HB_HUBAVG,2025-07-06 03:00:00+00:00,41.99666666666667,24.64409828186035,20.972475051879883,30.324705123901367
Chronos2,2025-07-06 00:00:00+00:00,HB_HUBAVG,2025-07-06 04:00:00+00:00,34.064166666666665,24.509143829345703,20.781600952148438,30.70061683654785
Chronos2,2025-07-06 00:00:00+00:00,HB_HUBAVG,2025-07-06 05:00:00+00:00,30.09583333333333,24.529809951782227,20.484569549560547,30.749557495117188
Chronos2,2025-07-06 00:00:00+00:00,HB_HUBAVG,2025-07-06 06:00:00+00:00,29.325,24.436878204345703,20.471820831298828,31.031055450439453
Chronos2,2025-07-06 00:00:00+00:00,HB_HUBAVG,2025-07-06 07:00:00+00:00,29.879166666666663,24.076152801513672,20.035884857177734,30.711624145507812
Chronos2,2025-07-06 00:00:00+00:00,HB_HUBAVG,2025-07-06 08:00:00+00:00,30.214166666666667,23.699769973754883,19.635967254638672,30.104917526245117
Chronos2,2025-07-06 00:00:00+00:00,HB_HUBAVG,2025-07-06 09:00:00+00:00,30.62333333333333,23.986011505126953,19.509666442871094,31.065914154052734
Chronos2,2025-07-06 00:00:00+00:00,HB_HUBAVG,2025-07-06 10:00:00+00:00,30.084166666666665,24.13245391845703,19.574602127075195,32.20051956176758
Chronos2,2025-07-06 00:00:00+00:00,HB_HUBAVG,2025-07-06 11:00:00+00:00,28.140833333333333,24.269287109375,19.453874588012695,32.79222106933594
Chronos2,2025-07-06 00:00:00+00:00,HB_HUBAVG,2025-07-06 12:00:00+00:00,23.93166666666667,24.04761505126953,19.336538314819336,31.90603256225586
Chronos2,2025-07-06 00:00:00+00:00,HB_HUBAVG,2025-07-06 13:00:00+00:00,22.6075,23.485837936401367,19.089723587036133,31.220487594604492
Chronos2,2025-07-06 00:00:00+00:00,HB_HUBAVG,2025-07-06 14:00:00+00:00,23.44333333333333,23.051570892333984,18.75048065185547,30.875612258911133
Chronos2,2025-07-06 00:00:00+00:00,HB_HUBAVG,2025-07-06 15:00:00+00:00,22.9225,22.89065933227539,18.449031829833984,30.17001724243164
Chronos2,2025-07-06 00:00:00+00:00,HB_HUBAVG,2025-07-06 16:00:00+00:00,22.641666666666666,23.0312557220459,18.48880958557129,31.515518188476562
Chronos2,2025-07-06 00:00:00+00:00,HB_HUBAVG,2025-07-06 17:00:00+00:00,21.629166666666663,23.00759506225586,18.397109985351562,32.35770797729492
Chronos2,2025-07-06 00:00:00+00:00,HB_HUBAVG,2025-07-06 18:00:00+00:00,22.816666666666663,23.58477020263672,18.48893928527832,33.36773681640625
Chronos2,2025-07-06 00:00:00+00:00,HB_HUBAVG,2025-07-06 19:00:00+00:00,22.13416666666667,24.03534507751465,18.814279556274414,34.82449722290039
Chronos2,2025-07-06 00:00:00+00:00,HB_HUBAVG,2025-07-06 20:00:00+00:00,21.846666666666664,24.979665756225586,19.14373779296875,37.17168426513672
Chronos2,2025-07-06 00:00:00+00:00,HB_HUBAVG,2025-07-06 21:00:00+00:00,22.38,25.83255386352539,19.280353546142578,39.909969329833984
Chronos2,2025-07-06 00:00:00+00:00,HB_HUBAVG,2025-07-06 22:00:00+00:00,23.62833333333333,25.474864959716797,19.332677841186523,38.73531723022461
Chronos2,2025-07-06 00:00:00+00:00,HB_HUBAVG,2025-07-06 23:00:00+00:00,27.410833333333333,24.874629974365234,18.875551223754883,37.79481506347656
Chronos2,2025-07-06 00:00:00+00:00,HB_PAN,2025-07-06 00:00:00+00:00,31.1525,26.41771697998047,22.05038070678711,32.096778869628906
Chronos2,2025-07-06 00:00:00+00:00,HB_PAN,2025-07-06 01:00:00+00:00,38.950833333333335,26.198772430419922,20.165735244750977,34.14580154418945
Chronos2,2025-07-06 00:00:00+00:00,HB_PAN,2025-07-06 02:00:00+00:00,41.498333333333335,25.656923294067383,18.258596420288086,36.02030563354492
Chronos2,2025-07-06 00:00:00+00:00,HB_PAN,2025-07-06 03:00:00+00:00,43.8575,25.23224639892578,17.238771438598633,36.125118255615234
Chronos2,2025-07-06 00:00:00+00:00,HB_PAN,2025-07-06 04:00:00+00:00,36.165,25.03676986694336,16.989715576171875,34.82622146606445
Chronos2,2025-07-06 00:00:00+00:00,HB_PAN,2025-07-06 05:00:00+00:00,33.149166666666666,24.93769645690918,17.374406814575195,33.97004699707031
Chronos2,2025-07-06 00:00:00+00:00,HB_PAN,2025-07-06 06:00:00+00:00,33.229166666666664,25.055500030517578,17.5522518157959,33.824676513671875
Chronos2,2025-07-06 00:00:00+00:00,HB_PAN,2025-07-06 07:00:00+00:00,33.473333333333336,24.937721252441406,17.803115844726562,33.252952575683594
Chronos2,2025-07-06 00:00:00+00:00,HB_PAN,2025-07-06 08:00:00+00:00,34.005833333333335,25.260744094848633,18.151098251342773,33.11903762817383
Chronos2,2025-07-06 00:00:00+00:00,HB_PAN,2025-07-06 09:00:00+00:00,33.81333333333333,26.135292053222656,18.550537109375,34.66837692260742
Chronos2,2025-07-06 00:00:00+00:00,HB_PAN,2025-07-06 10:00:00+00:00,34.25833333333333,26.753036499023438,18.82124900817871,36.241844177246094
Chronos2,2025-07-06 00:00:00+00:00,HB_PAN,2025-07-06 11:00:00+00:00,31.79083333333333,26.925447463989258,18.876663208007812,36.45091247558594
Chronos2,2025-07-06 00:00:00+00:00,HB_PAN,2025-07-06 12:00:00+00:00,24.95833333333333,25.820560455322266,18.216503143310547,34.32856750488281
Chronos2,2025-07-06 00:00:00+00:00,HB_PAN,2025-07-06 13:00:00+00:00,22.676666666666662,24.615612030029297,17.09721565246582,33.06740951538086
Chronos2,2025-07-06 00:00:00+00:00,HB_PAN,2025-07-06 14:00:00+00:00,23.435,24.133609771728516,16.6815185546875,32.84245681762695
Chronos2,2025-07-06 00:00:00+00:00,HB_PAN,2025-07-06 15:00:00+00:00,22.94333333333333,24.29378890991211,16.816682815551758,32.76788330078125
Chronos2,2025-07-06 00:00:00+00:00,HB_PAN,2025-07-06 16:00:00+00:00,22.59583333333333,25.117589950561523,17.664087295532227,35.73248291015625
Chronos2,2025-07-06 00:00:00+00:00,HB_PAN,2025-07-06 17:00:00+00:00,21.5125,25.119470596313477,17.02098846435547,36.689964294433594
Chronos2,2025-07-06 00:00:00+00:00,HB_PAN,2025-07-06 18:00:00+00:00,22.7,25.420398712158203,16.571857452392578,38.28128433227539
Chronos2,2025-07-06 00:00:00+00:00,HB_PAN,2025-07-06 19:00:00+00:00,22.0425,25.896724700927734,16.450878143310547,40.865570068359375
Chronos2,2025-07-06 00:00:00+00:00,HB_PAN,2025-07-06 20:00:00+00:00,21.7525,26.22610092163086,16.249971389770508,43.22259521484375
Chronos2,2025-07-06 00:00:00+00:00,HB_PAN,2025-07-06 21:00:00+00:00,22.54833333333333,26.714054107666016,16.03203582763672,47.1245231628418
Chronos2,2025-07-06 00:00:00+00:00,HB_PAN,2025-07-06 22:00:00+00:00,24.3375,26.988544464111328,15.675992965698242,48.37675476074219
Chronos2,2025-07-06 00:00:00+00:00,HB_PAN,2025-07-06 23:00:00+00:00,28.125833333333333,26.910961151123047,15.694875717163086,48.470760345458984
Chronos2,2025-07-06 00:00:00+00:00,LZ_WEST,2025-07-06 00:00:00+00:00,31.626666666666665,26.86260986328125,24.461164474487305,40.04685592651367
Chronos2,2025-07-06 00:00:00+00:00,LZ_WEST,2025-07-06 01:00:00+00:00,40.138333333333335,29.391048431396484,24.08618927001953,52.31060791015625
Chronos2,2025-07-06 00:00:00+00:00,LZ_WEST,2025-07-06 02:00:00+00:00,47.5025,32.7009162902832,24.079570770263672,61.490089416503906
Chronos2,2025-07-06 00:00:00+00:00,LZ_WEST,2025-07-06 03:00:00+00:00,55.68666666666667,33.4571647644043,23.47732162475586,64.09848022460938
Chronos2,2025-07-06 00:00:00+00:00,LZ_WEST,2025-07-06 04:00:00+00:00,58.77166666666667,34.14344024658203,24.08879852294922,66.59907531738281
Chronos2,2025-07-06 00:00:00+00:00,LZ_WEST,2025-07-06 05:00:00+00:00,65.41833333333334,35.90092849731445,23.934064865112305,68.8713150024414
Chronos2,2025-07-06 00:00:00+00:00,LZ_WEST,2025-07-06 06:00:00+00:00,79.75750000000001,36.34605407714844,23.350399017333984,71.94527435302734
Chronos2,2025-07-06 00:00:00+00:00,LZ_WEST,2025-07-06 07:00:00+00:00,78.95333333333333,35.904605865478516,23.39561653137207,73.34239959716797
Chronos2,2025-07-06 00:00:00+00:00,LZ_WEST,2025-07-06 08:00:00+00:00,86.64333333333333,36.93514633178711,23.20570182800293,74.79859924316406
Chronos2,2025-07-06 00:00:00+00:00,LZ_WEST,2025-07-06 09:00:00+00:00,78.15083333333334,38.29948806762695,22.820600509643555,78.34629821777344
Chronos2,2025-07-06 00:00:00+00:00,LZ_WEST,2025-07-06 10:00:00+00:00,91.9675,40.01466369628906,22.84746551513672,82.65165710449219
Chronos2,2025-07-06 00:00:00+00:00,LZ_WEST,2025-07-06 11:00:00+00:00,83.9825,37.91956329345703,22.326990127563477,86.5054702758789
Chronos2,2025-07-06 00:00:00+00:00,LZ_WEST,2025-07-06 12:00:00+00:00,39.82666666666667,32.27037811279297,22.098552703857422,76.78897857666016
Chronos2,2025-07-06 00:00:00+00:00,LZ_WEST,2025-07-06 13:00:00+00:00,23.72666666666667,27.615047454833984,21.931228637695312,60.32107162475586
Chronos2,2025-07-06 00:00:00+00:00,LZ_WEST,2025-07-06 14:00:00+00:00,23.52583333333333,25.164274215698242,21.1245174407959,53.694862365722656
Chronos2,2025-07-06 00:00:00+00:00,LZ_WEST,2025-07-06 15:00:00+00:00,23.049166666666665,25.001480102539062,21.1942138671875,49.68996047973633
Chronos2,2025-07-06 00:00:00+00:00,LZ_WEST,2025-07-06 16:00:00+00:00,22.655,25.33615493774414,20.930240631103516,48.49135208129883
Chronos2,2025-07-06 00:00:00+00:00,LZ_WEST,2025-07-06 17:00:00+00:00,21.38583333333333,25.44010353088379,20.76848030090332,50.216304779052734
Chronos2,2025-07-06 00:00:00+00:00,LZ_WEST,2025-07-06 18:00:00+00:00,22.3725,25.579940795898438,20.992443084716797,50.22340393066406
Chronos2,2025-07-06 00:00:00+00:00,LZ_WEST,2025-07-06 19:00:00+00:00,21.5075,25.5262508392334,21.01255989074707,54.3834228515625
Chronos2,2025-07-06 00:00:00+00:00,LZ_WEST,2025-07-06 20:00:00+00:00,21.27083333333333,27.591142654418945,21.020641326904297,58.811737060546875
Chronos2,2025-07-06 00:00:00+00:00,LZ_WEST,2025-07-06 21:00:00+00:00,22.05,29.130027770996094,21.2392520904541,65.19992065429688
Chronos2,2025-07-06 00:00:00+00:00,LZ_WEST,2025-07-06 22:00:00+00:00,24.05333333333333,29.901853561401367,21.28506851196289,69.14970397949219
Chronos2,2025-07-06 00:00:00+00:00,LZ_WEST,2025-07-06 23:00:00+00:00,28.305,31.10895538330078,21.585792541503906,71.06433868408203
Chronos2,2025-07-07 00:00:00+00:00,HB_HUBAVG,2025-07-07 00:00:00+00:00,42.855,29.140766143798828,25.940093994140625,34.82243347167969
Chronos2,2025-07-07 00:00:00+00:00,HB_HUBAVG,2025-07-07 01:00:00+00:00,66.43666666666667,30.514055252075195,25.804899215698242,38.39055633544922
Chronos2,2025-07-07 00:00:00+00:00,HB_HUBAVG,2025-07-07 02:00:00+00:00,78.75,31.139034271240234,25.480453491210938,40.3960075378418
Chronos2,2025-07-07 00:00:00+00:00,HB_HUBAVG,2025-07-07 03:00:00+00:00,56.39833333333333,30.29998779296875,24.860685348510742,40.043453216552734
Chronos2,2025-07-07 00:00:00+00:00,HB_HUBAVG,2025-07-07 04:00:00+00:00,32.50666666666667,28.21369743347168,23.551902770996094,37.531429290771484
Chronos2,2025-07-07 00:00:00+00:00,HB_HUBAVG,2025-07-07 05:00:00+00:00,28.75333333333333,27.32388687133789,23.066604614257812,36.3674201965332
Chronos2,2025-07-07 00:00:00+00:00,HB_HUBAVG,2025-07-07 06:00:00+00:00,25.890833333333333,26.677213668823242,22.872207641601562,35.29890060424805
Chronos2,2025-07-07 00:00:00+00:00,HB_HUBAVG,2025-07-07 07:00:00+00:00,25.941666666666663,26.18387222290039,22.52092742919922,34.524383544921875
Chronos2,2025-07-07 00:00:00+00:00,HB_HUBAVG,2025-07-07 08:00:00+00:00,26.52833333333333,25.957866668701172,22.40999984741211,34.22697830200195
Chronos2,2025-07-07 00:00:00+00:00,HB_HUBAVG,2025-07-07 09:00:00+00:00,28.964166666666667,26.041746139526367,22.44908332824707,34.07303237915039
Chronos2,2025-07-07 00:00:00+00:00,HB_HUBAVG,2025-07-07 10:00:00+00:00,33.704166666666666,26.132877349853516,22.565143585205078,34.264705657958984
Chronos2,2025-07-07 00:00:00+00:00,HB_HUBAVG,2025-07-07 11:00:00+00:00,35.22,25.892730712890625,22.19637680053711,34.16746139526367
Chronos2,2025-07-07 00:00:00+00:00,HB_HUBAVG,2025-07-07 12:00:00+00:00,25.2725,24.88422393798828,21.795913696289062,32.230308532714844
Chronos2,2025-07-07 00:00:00+00:00,HB_HUBAVG,2025-07-07 13:00:00+00:00,22.95,23.901676177978516,21.483505249023438,30.74029541015625
Chronos2,2025-07-07 00:00:00+00:00,HB_HUBAVG,2025-07-07 14:00:00+00:00,22.705,23.59328269958496,21.301664352416992,30.005062103271484
Chronos2,2025-07-07 00:00:00+00:00,HB_HUBAVG,2025-07-07 15:00:00+00:00,22.924166666666665,23.470439910888672,21.10187530517578,29.945941925048828
Chronos2,2025-07-07 00:00:00+00:00,HB_HUBAVG,2025-07-07 16:00:00+00:00,23.299166666666665,24.00666046142578,21.31012725830078,31.45886993408203
Chronos2,2025-07-07 00:00:00+00:00,HB_HUBAVG,2025-07-07 17:00:00+00:00,24.62333333333333,23.901872634887695,21.22719955444336,32.027740478515625
Chronos2,2025-07-07 00:00:00+00:00,HB_HUBAVG,2025-07-07 18:00:00+00:00,27.65083333333333,24.18910789489746,21.07546615600586,33.1322021484375
Chronos2,2025-07-07 00:00:00+00:00,HB_HUBAVG,2025-07-07 19:00:00+00:00,30.28833333333333,24.343515396118164,21.082275390625,33.764347076416016
Chronos2,2025-07-07 00:00:00+00:00,HB_HUBAVG,2025-07-07 20:00:00+00:00,26.21333333333333,24.623245239257812,21.290395736694336,34.62544250488281
Chronos2,2025-07-07 00:00:00+00:00,HB_HUBAVG,2025-07-07 21:00:00+00:00,36.829166666666666,24.889564514160156,21.340877532958984,34.93172836303711
Chronos2,2025-07-07 00:00:00+00:00,HB_HUBAVG,2025-07-07 22:00:00+00:00,29.585,25.514127731323242,21.814456939697266,35.61005401611328
Chronos2,2025-07-07 00:00:00+00:00,HB_HUBAVG,2025-07-07 23:00:00+00:00,36.376666666666665,26.67666244506836,22.158740997314453,37.69712829589844
Chronos2,2025-07-07 00:00:00+00:00,HB_PAN,2025-07-07 00:00:00+00:00,43.73666666666667,30.636402130126953,26.910907745361328,36.229087829589844
Chronos2,2025-07-07 00:00:00+00:00,HB_PAN,2025-07-07 01:00:00+00:00,61.03333333333333,31.211071014404297,25.286914825439453,39.99747848510742
Chronos2,2025-07-07 00:00:00+00:00,HB_PAN,2025-07-07 02:00:00+00:00,78.93166666666666,31.57711410522461,24.04161834716797,42.90609359741211
Chronos2,2025-07-07 00:00:00+00:00,HB_PAN,2025-07-07 03:00:00+00:00,56.77916666666667,31.088233947753906,22.961288452148438,44.70421600341797
Chronos2,2025-07-07 00:00:00+00:00,HB_PAN,2025-07-07 04:00:00+00:00,31.885,30.638484954833984,22.451416015625,43.461509704589844
Chronos2,2025-07-07 00:00:00+00:00,HB_PAN,2025-07-07 05:00:00+00:00,29.704166666666666,29.971359252929688,21.930644989013672,42.822471618652344
Chronos2,2025-07-07 00:00:00+00:00,HB_PAN,2025-07-07 06:00:00+00:00,26.65083333333333,29.06968116760254,21.33446502685547,41.15050506591797
Chronos2,2025-07-07 00:00:00+00:00,HB_PAN,2025-07-07 07:00:00+00:00,26.49,28.386608123779297,21.217926025390625,39.7799072265625
Chronos2,2025-07-07 00:00:00+00:00,HB_PAN,2025-07-07 08:00:00+00:00,27.38083333333333,28.211177825927734,21.1873779296875,38.980751037597656
Chronos2,2025-07-07 00:00:00+00:00,HB_PAN,2025-07-07 09:00:00+00:00,30.839166666666667,28.425146102905273,21.6055908203125,38.61555099487305
Chronos2,2025-07-07 00:00:00+00:00,HB_PAN,2025-07-07 10:00:00+00:00,34.68333333333333,28.52112579345703,21.554397583007812,38.77786636352539
Chronos2,2025-07-07 00:00:00+00:00,HB_PAN,2025-07-07 11:00:00+00:00,35.6375,28.248184204101562,21.28384780883789,38.74391555786133
Chronos2,2025-07-07 00:00:00+00:00,HB_PAN,2025-07-07 12:00:00+00:00,25.17,26.77950668334961,20.20671272277832,36.62523651123047
Chronos2,2025-07-07 00:00:00+00:00,HB_PAN,2025-07-07 13:00:00+00:00,22.875,25.516307830810547,18.652921676635742,35.14444351196289
Chronos2,2025-07-07 00:00:00+00:00,HB_PAN,2025-07-07 14:00:00+00:00,22.705,24.659420013427734,18.027019500732422,34.21582794189453
Chronos2,2025-07-07 00:00:00+00:00,HB_PAN,2025-07-07 15:00:00+00:00,22.924166666666665,24.560726165771484,17.953889846801758,34.337459564208984
Chronos2,2025-07-07 00:00:00+00:00,HB_PAN,2025-07-07 16:00:00+00:00,23.294166666666666,25.011783599853516,18.407150268554688,35.67725372314453
Chronos2,2025-07-07 00:00:00+00:00,HB_PAN,2025-07-07 17:00:00+00:00,24.58333333333333,24.990554809570312,18.240550994873047,36.454280853271484
Chronos2,2025-07-07 00:00:00+00:00,HB_PAN,2025-07-07 18:00:00+00:00,27.875833333333333,25.01659393310547,17.85642433166504,37.67262649536133
Chronos2,2025-07-07 00:00:00+00:00,HB_PAN,2025-07-07 19:00:00+00:00,30.48333333333333,25.23033905029297,17.68114471435547,38.74311447143555
Chronos2,2025-07-07 00:00:00+00:00,HB_PAN,2025-07-07 20:00:00+00:00,26.481666666666666,25.906347274780273,17.880582809448242,39.847232818603516
Chronos2,2025-07-07 00:00:00+00:00,HB_PAN,2025-07-07 21:00:00+00:00,38.9875,26.460674285888672,18.196571350097656,41.050262451171875
Chronos2,2025-07-07 00:00:00+00:00,HB_PAN,2025-07-07 22:00:00+00:00,30.5475,27.535940170288086,18.846540451049805,42.312034606933594
Chronos2,2025-07-07 00:00:00+00:00,HB_PAN,2025-07-07 23:00:00+00:00,36.59916666666667,28.646303176879883,19.40690803527832,44.80318832397461
Chronos2,2025-07-07 00:00:00+00:00,LZ_WEST,2025-07-07 00:00:00+00:00,44.03333333333333,31.334243774414062,25.653385162353516,43.16770553588867
Chronos2,2025-07-07 00:00:00+00:00,LZ_WEST,2025-07-07 01:00:00+00:00,77.69583333333334,41.03196716308594,29.29791259765625,58.44495391845703
Chronos2,2025-07-07 00:00:00+00:00,LZ_WEST,2025-07-07 02:00:00+00:00,78.99083333333333,50.658531188964844,32.10704040527344,69.52230834960938
Chronos2,2025-07-07 00:00:00+00:00,LZ_WEST,2025-07-07 03:00:00+00:00,62.0025,55.30128860473633,32.638946533203125,75.19139862060547
Chronos2,2025-07-07 00:00:00+00:00,LZ_WEST,2025-07-07 04:00:00+00:00,55.086666666666666,57.16353988647461,32.084381103515625,77.78643035888672
Chronos2,2025-07-07 00:00:00+00:00,LZ_WEST,2025-07-07 05:00:00+00:00,43.23,61.56642150878906,34.4891471862793,83.52056884765625
Chronos2,2025-07-07 00:00:00+00:00,LZ_WEST,2025-07-07 06:00:00+00:00,37.205,64.81889343261719,34.07844924926758,86.59884643554688
Chronos2,2025-07-07 00:00:00+00:00,LZ_WEST,2025-07-07 07:00:00+00:00,34.1525,63.766693115234375,33.11200714111328,87.29142761230469
Chronos2,2025-07-07 00:00:00+00:00,LZ_WEST,2025-07-07 08:00:00+00:00,39.41333333333333,64.42427062988281,33.786399841308594,86.41962432861328
Chronos2,2025-07-07 00:00:00+00:00,LZ_WEST,2025-07-07 09:00:00+00:00,57.4775,65.57215881347656,34.61518478393555,87.30155944824219
Chronos2,2025-07-07 00:00:00+00:00,LZ_WEST,2025-07-07 10:00:00+00:00,48.57666666666666,69.88304901123047,36.68342590332031,92.23173522949219
Chronos2,2025-07-07 00:00:00+00:00,LZ_WEST,2025-07-07 11:00:00+00:00,38.50416666666667,68.11810302734375,36.375091552734375,88.60517883300781
Chronos2,2025-07-07 00:00:00+00:00,LZ_WEST,2025-07-07 12:00:00+00:00,29.6975,42.4829216003418,25.265525817871094,64.26846313476562
Chronos2,2025-07-07 00:00:00+00:00,LZ_WEST,2025-07-07 13:00:00+00:00,23.0975,26.621198654174805,22.58434295654297,38.6947135925293
Chronos2,2025-07-07 00:00:00+00:00,LZ_WEST,2025-07-07 14:00:00+00:00,22.705,25.06002426147461,22.992862701416016,32.877777099609375
Chronos2,2025-07-07 00:00:00+00:00,LZ_WEST,2025-07-07 15:00:00+00:00,22.924166666666665,24.569242477416992,23.074254989624023,30.520265579223633
Chronos2,2025-07-07 00:00:00+00:00,LZ_WEST,2025-07-07 16:00:00+00:00,23.245,24.260570526123047,21.5899600982666,32.6212272644043
Chronos2,2025-07-07 00:00:00+00:00,LZ_WEST,2025-07-07 17:00:00+00:00,24.50583333333333,24.155656814575195,21.392183303833008,32.291751861572266
Chronos2,2025-07-07 00:00:00+00:00,LZ_WEST,2025-07-07 18:00:00+00:00,27.61916666666667,24.188108444213867,21.390064239501953,33.27989959716797
Chronos2,2025-07-07 00:00:00+00:00,LZ_WEST,2025-07-07 19:00:00+00:00,29.986666666666668,24.206541061401367,21.54845428466797,34.37992858886719
Chronos2,2025-07-07 00:00:00+00:00,LZ_WEST,2025-07-07 20:00:00+00:00,26.026666666666667,24.380903244018555,21.626075744628906,37.528839111328125
Chronos2,2025-07-07 00:00:00+00:00,LZ_WEST,2025-07-07 21:00:00+00:00,39.2825,24.94274139404297,21.709108352661133,39.34381103515625
Chronos2,2025-07-07 00:00:00+00:00,LZ_WEST,2025-07-07 22:00:00+00:00,30.775,26.24346351623535,22.001062393188477,42.97684860229492
Chronos2,2025-07-07 00:00:00+00:00,LZ_WEST,2025-07-07 23:00:00+00:00,36.65083333333333,28.403541564941406,22.398771286010742,48.90461730957031
Chronos2,2025-07-08 00:00:00+00:00,HB_HUBAVG,2025-07-08 00:00:00+00:00,70.61333333333333,36.0448112487793,29.419403076171875,46.724449157714844
Chronos2,2025-07-08 00:00:00+00:00,HB_HUBAVG,2025-07-08 01:00:00+00:00,59.20666666666667,36.3173828125,28.673370361328125,50.89988708496094
Chronos2,2025-07-08 00:00:00+00:00,HB_HUBAVG,2025-07-08 02:00:00+00:00,44.95249999999999,37.1723518371582,28.409412384033203,53.7723388671875
Chronos2,2025-07-08 00:00:00+00:00,HB_HUBAVG,2025-07-08 03:00:00+00:00,35.43,34.654170989990234,27.28421401977539,50.172035217285156
Chronos2,2025-07-08 00:00:00+00:00,HB_HUBAVG,2025-07-08 04:00:00+00:00,27.70583333333333,31.48708724975586,25.52764129638672,43.673309326171875
Chronos2,2025-07-08 00:00:00+00:00,HB_HUBAVG,2025-07-08 05:00:00+00:00,28.65416666666667,30.347980499267578,25.048568725585938,41.61743927001953
Chronos2,2025-07-08 00:00:00+00:00,HB_HUBAVG,2025-07-08 06:00:00+00:00,27.98333333333333,28.750547409057617,24.484725952148438,37.840728759765625
Chronos2,2025-07-08 00:00:00+00:00,HB_HUBAVG,2025-07-08 07:00:00+00:00,25.73333333333333,27.539947509765625,23.763687133789062,35.061893463134766
Chronos2,2025-07-08 00:00:00+00:00,HB_HUBAVG,2025-07-08 08:00:00+00:00,25.426666666666662,27.30921173095703,23.79768180847168,33.96104049682617
Chronos2,2025-07-08 00:00:00+00:00,HB_HUBAVG,2025-07-08 09:00:00+00:00,25.269166666666667,27.677295684814453,23.908966064453125,35.04651641845703
Chronos2,2025-07-08 00:00:00+00:00,HB_HUBAVG,2025-07-08 10:00:00+00:00,25.27916666666667,28.216379165649414,24.119529724121094,36.55137252807617
Chronos2,2025-07-08 00:00:00+00:00,HB_HUBAVG,2025-07-08 11:00:00+00:00,26.71666666666667,28.185434341430664,23.701696395874023,37.182960510253906
Chronos2,2025-07-08 00:00:00+00:00,HB_HUBAVG,2025-07-08 12:00:00+00:00,24.655833333333337,26.974069595336914,23.249038696289062,34.34280776977539
Chronos2,2025-07-08 00:00:00+00:00,HB_HUBAVG,2025-07-08 13:00:00+00:00,24.204166666666666,25.830259323120117,22.848506927490234,32.575401306152344
Chronos2,2025-07-08 00:00:00+00:00,HB_HUBAVG,2025-07-08 14:00:00+00:00,22.160833333333333,25.212921142578125,22.602130889892578,31.508514404296875
Chronos2,2025-07-08 00:00:00+00:00,HB_HUBAVG,2025-07-08 15:00:00+00:00,22.055,24.913394927978516,22.325088500976562,30.543743133544922
Chronos2,2025-07-08 00:00:00+00:00,HB_HUBAVG,2025-07-08 16:00:00+00:00,26.251666666666665,25.65119743347168,22.48023223876953,33.26422119140625
Chronos2,2025-07-08 00:00:00+00:00,HB_HUBAVG,2025-07-08 17:00:00+00:00,32.8425,25.575096130371094,22.306001663208008,33.85789489746094
Chronos2,2025-07-08 00:00:00+00:00,HB_HUBAVG,2025-07-08 18:00:00+00:00,37.056666666666665,26.31295394897461,22.507543563842773,36.25495910644531
Chronos2,2025-07-08 00:00:00+00:00,HB_HUBAVG,2025-07-08 19:00:00+00:00,46.97,27.150531768798828,22.664295196533203,39.78759002685547
Chronos2,2025-07-08 00:00:00+00:00,HB_HUBAVG,2025-07-08 20:00:00+00:00,55.695,28.66244888305664,23.267915725708008,44.118629455566406
Chronos2,2025-07-08 00:00:00+00:00,HB_HUBAVG,2025-07-08 21:00:00+00:00,83.77916666666667,30.752307891845703,23.549537658691406,51.35786819458008
Chronos2,2025-07-08 00:00:00+00:00,HB_HUBAVG,2025-07-08 22:00:00+00:00,127.6475,31.729318618774414,24.013158798217773,56.086936950683594
Chronos2,2025-07-08 00:00:00+00:00,HB_HUBAVG,2025-07-08 23:00:00+00:00,94.26666666666668,33.049888610839844,24.27094268798828,60.97602081298828
Chronos2,2025-07-08 00:00:00+00:00,HB_PAN,2025-07-08 00:00:00+00:00,71.74166666666666,35.86785125732422,28.89088249206543,49.412750244140625
Chronos2,2025-07-08 00:00:00+00:00,HB_PAN,2025-07-08 01:00:00+00:00,59.20666666666667,36.175201416015625,27.824552536010742,54.833106994628906
Chronos2,2025-07-08 00:00:00+00:00,HB_PAN,2025-07-08 02:00:00+00:00,45.70666666666667,38.105613708496094,28.01061248779297,60.99152374267578
Chronos2,2025-07-08 00:00:00+00:00,HB_PAN,2025-07-08 03:00:00+00:00,34.13666666666666,36.32863235473633,27.521900177001953,57.19013214111328
Chronos2,2025-07-08 00:00:00+00:00,HB_PAN,2025-07-08 04:00:00+00:00,26.291666666666668,33.6561279296875,26.305904388427734,49.52063751220703
Chronos2,2025-07-08 00:00:00+00:00,HB_PAN,2025-07-08 05:00:00+00:00,29.669166666666666,33.215354919433594,26.179710388183594,50.28715133666992
Chronos2,2025-07-08 00:00:00+00:00,HB_PAN,2025-07-08 06:00:00+00:00,30.750833333333333,30.280611038208008,25.193157196044922,41.644203186035156
Chronos2,2025-07-08 00:00:00+00:00,HB_PAN,2025-07-08 07:00:00+00:00,28.614166666666662,28.221826553344727,24.32124900817871,36.25795364379883
Chronos2,2025-07-08 00:00:00+00:00,HB_PAN,2025-07-08 08:00:00+00:00,28.43583333333333,27.94409942626953,24.36635971069336,34.110809326171875
Chronos2,2025-07-08 00:00:00+00:00,HB_PAN,2025-07-08 09:00:00+00:00,27.363333333333333,28.164539337158203,24.50994110107422,35.16213607788086
Chronos2,2025-07-08 00:00:00+00:00,HB_PAN,2025-07-08 10:00:00+00:00,27.5825,28.69321060180664,24.60089111328125,37.06172180175781
Chronos2,2025-07-08 00:00:00+00:00,HB_PAN,2025-07-08 11:00:00+00:00,29.680000000000003,28.780086517333984,24.130748748779297,37.91022491455078
Chronos2,2025-07-08 00:00:00+00:00,HB_PAN,2025-07-08 12:00:00+00:00,24.66,27.241809844970703,23.483936309814453,34.411712646484375
Chronos2,2025-07-08 00:00:00+00:00,HB_PAN,2025-07-08 13:00:00+00:00,24.204166666666666,25.995269775390625,23.00002670288086,32.2808723449707
Chronos2,2025-07-08 00:00:00+00:00,HB_PAN,2025-07-08 14:00:00+00:00,22.166666666666668,25.30349349975586,22.652164459228516,30.42669105529785
Chronos2,2025-07-08 00:00:00+00:00,HB_PAN,2025-07-08 15:00:00+00:00,22.03833333333333,25.119342803955078,22.417537689208984,30.024734497070312
Chronos2,2025-07-08 00:00:00+00:00,HB_PAN,2025-07-08 16:00:00+00:00,26.251666666666665,27.21105194091797,23.423656463623047,35.339263916015625
Chronos2,2025-07-08 00:00:00+00:00,HB_PAN,2025-07-08 17:00:00+00:00,32.913333333333334,27.578815460205078,23.382057189941406,36.756126403808594
Chronos2,2025-07-08 00:00:00+00:00,HB_PAN,2025-07-08 18:00:00+00:00,38.200833333333335,28.873079299926758,23.608829498291016,41.53458023071289
Chronos2,2025-07-08 00:00:00+00:00,HB_PAN,2025-07-08 19:00:00+00:00,51.873333333333335,31.116992950439453,23.67841339111328,51.214725494384766
Chronos2,2025-07-08 00:00:00+00:00,HB_PAN,2025-07-08 20:00:00+00:00,58.13333333333333,33.048500061035156,24.575077056884766,57.0921630859375
Chronos2,2025-07-08 00:00:00+00:00,HB_PAN,2025-07-08 21:00:00+00:00,87.4975,37.106380462646484,25.114892959594727,72.58023071289062
Chronos2,2025-07-08 00:00:00+00:00,HB_PAN,2025-07-08 22:00:00+00:00,135.59416666666667,42.23689270019531,25.19005584716797,98.96891784667969
Chronos2,2025-07-08 00:00:00+00:00,HB_PAN,2025-07-08 23:00:00+00:00,97.88916666666668,49.010982513427734,25.236454010009766,117.81935119628906
Chronos2,2025-07-08 00:00:00+00:00,LZ_WEST,2025-07-08 00:00:00+00:00,72.005,37.90894317626953,29.35801124572754,57.19356155395508
Chronos2,2025-07-08 00:00:00+00:00,LZ_WEST,2025-07-08 01:00:00+00:00,59.20666666666667,41.873191833496094,29.089462280273438,69.20376586914062
Chronos2,2025-07-08 00:00:00+00:00,LZ_WEST,2025-07-08 02:00:00+00:00,67.19916666666667,45.67183303833008,28.586212158203125,79.73426818847656
Chronos2,2025-07-08 00:00:00+00:00,LZ_WEST,2025-07-08 03:00:00+00:00,63.45,44.89322280883789,28.015106201171875,79.69145202636719
Chronos2,2025-07-08 00:00:00+00:00,LZ_WEST,2025-07-08 04:00:00+00:00,50.37416666666667,44.24109649658203,28.223005294799805,80.19664001464844
Chronos2,2025-07-08 00:00:00+00:00,LZ_WEST,2025-07-08 05:00:00+00:00,52.9025,44.23808670043945,28.068042755126953,80.01742553710938
Chronos2,2025-07-08 00:00:00+00:00,LZ_WEST,2025-07-08 06:00:00+00:00,69.1475,44.4345588684082,27.677928924560547,83.01423645019531
Chronos2,2025-07-08 00:00:00+00:00,LZ_WEST,2025-07-08 07:00:00+00:00,67.91,44.42518615722656,27.822986602783203,83.27597045898438
Chronos2,2025-07-08 00:00:00+00:00,LZ_WEST,2025-07-08 08:00:00+00:00,70.25333333333333,46.14641189575195,27.490047454833984,85.0394287109375
Chronos2,2025-07-08 00:00:00+00:00,LZ_WEST,2025-07-08 09:00:00+00:00,56.45,48.93682098388672,28.072128295898438,91.14051818847656
Chronos2,2025-07-08 00:00:00+00:00,LZ_WEST,2025-07-08 10:00:00+00:00,59.6625,50.06877136230469,27.0721435546875,91.42700958251953
Chronos2,2025-07-08 00:00:00+00:00,LZ_WEST,2025-07-08 11:00:00+00:00,70.77833333333334,45.459800720214844,26.16737174987793,92.88908386230469
Chronos2,2025-07-08 00:00:00+00:00,LZ_WEST,2025-07-08 12:00:00+00:00,24.727500000000003,35.9215202331543,24.18304443359375,70.27183532714844
Chronos2,2025-07-08 00:00:00+00:00,LZ_WEST,2025-07-08 13:00:00+00:00,24.204166666666666,28.812030792236328,22.905248641967773,52.38100814819336
Chronos2,2025-07-08 00:00:00+00:00,LZ_WEST,2025-07-08 14:00:00+00:00,22.32166666666667,25.954835891723633,21.958248138427734,43.193511962890625
Chronos2,2025-07-08 00:00:00+00:00,LZ_WEST,2025-07-08 15:00:00+00:00,22.11,25.422626495361328,22.345718383789062,38.47405242919922
Chronos2,2025-07-08 00:00:00+00:00,LZ_WEST,2025-07-08 16:00:00+00:00,26.251666666666665,24.941795349121094,21.367372512817383,34.181514739990234
Chronos2,2025-07-08 00:00:00+00:00,LZ_WEST,2025-07-08 17:00:00+00:00,32.862500000000004,24.74114227294922,21.172054290771484,32.679534912109375
Chronos2,2025-07-08 00:00:00+00:00,LZ_WEST,2025-07-08 18:00:00+00:00,38.13666666666666,24.761510848999023,21.20371437072754,32.658241271972656
Chronos2,2025-07-08 00:00:00+00:00,LZ_WEST,2025-07-08 19:00:00+00:00,50.29166666666666,24.567121505737305,21.277658462524414,32.813106536865234
Chronos2,2025-07-08 00:00:00+00:00,LZ_WEST,2025-07-08 20:00:00+00:00,58.05416666666667,24.920021057128906,21.495624542236328,35.78086853027344
Chronos2,2025-07-08 00:00:00+00:00,LZ_WEST,2025-07-08 21:00:00+00:00,88.38,25.921390533447266,21.780807495117188,39.84125518798828
Chronos2,2025-07-08 00:00:00+00:00,LZ_WEST,2025-07-08 22:00:00+00:00,136.64416666666668,26.815805435180664,22.048139572143555,42.033363342285156
Chronos2,2025-07-08 00:00:00+00:00,LZ_WEST,2025-07-08 23:00:00+00:00,98.79416666666668,28.119340896606445,22.359521865844727,47.26604080200195
Chronos2,2025-07-09 00:00:00+00:00,HB_HUBAVG,2025-07-09 00:00:00+00:00,72.15416666666667,98.72630310058594,56.475894927978516,151.14334106445312
Chronos2,2025-07-09 00:00:00+00:00,HB_HUBAVG,2025-07-09 01:00:00+00:00,58.73166666666666,98.32643127441406,47.3006477355957,155.91998291015625
Chronos2,2025-07-09 00:00:00+00:00,HB_HUBAVG,2025-07-09 02:00:00+00:00,43.31166666666667,89.9764404296875,43.231407165527344,148.7164764404297
Chronos2,2025-07-09 00:00:00+00:00,HB_HUBAVG,2025-07-09 03:00:00+00:00,29.992500000000003,66.11273956298828,35.53648376464844,122.40523529052734
Chronos2,2025-07-09 00:00:00+00:00,HB_HUBAVG,2025-07-09 04:00:00+00:00,23.936666666666667,46.158973693847656,29.769805908203125,86.12142944335938
Chronos2,2025-07-09 00:00:00+00:00,HB_HUBAVG,2025-07-09 05:00:00+00:00,24.209166666666665,38.71440887451172,27.11137580871582,70.40203857421875
Chronos2,2025-07-09 00:00:00+00:00,HB_HUBAVG,2025-07-09 06:00:00+00:00,20.335,33.09610366821289,25.195222854614258,57.47368621826172
Chronos2,2025-07-09 00:00:00+00:00,HB_HUBAVG,2025-07-09 07:00:00+00:00,17.135833333333334,30.078784942626953,24.244483947753906,50.63468551635742
Chronos2,2025-07-09 00:00:00+00:00,HB_HUBAVG,2025-07-09 08:00:00+00:00,18.476666666666667,28.95553970336914,23.952789306640625,49.2202262878418
Chronos2,2025-07-09 00:00:00+00:00,HB_HUBAVG,2025-07-09 09:00:00+00:00,21.31583333333333,29.959714889526367,23.830671310424805,50.61257553100586
Chronos2,2025-07-09 00:00:00+00:00,HB_HUBAVG,2025-07-09 10:00:00+00:00,23.006666666666664,31.345129013061523,24.190834045410156,60.065330505371094
Chronos2,2025-07-09 00:00:00+00:00,HB_HUBAVG,2025-07-09 11:00:00+00:00,25.3625,31.57939338684082,23.775373458862305,63.08312225341797
Chronos2,2025-07-09 00:00:00+00:00,HB_HUBAVG,2025-07-09 12:00:00+00:00,26.26833333333333,28.587032318115234,23.237422943115234,53.815277099609375
Chronos2,2025-07-09 00:00:00+00:00,HB_HUBAVG,2025-07-09 13:00:00+00:00,24.138333333333332,27.044124603271484,22.815799713134766,47.223480224609375
Chronos2,2025-07-09 00:00:00+00:00,HB_HUBAVG,2025-07-09 14:00:00+00:00,25.953333333333333,25.914216995239258,22.120925903320312,44.48710250854492
Chronos2,2025-07-09 00:00:00+00:00,HB_HUBAVG,2025-07-09 15:00:00+00:00,31.35666666666667,26.792869567871094,22.361328125,47.08338165283203
Chronos2,2025-07-09 00:00:00+00:00,HB_HUBAVG,2025-07-09 16:00:00+00:00,42.1925,29.503698348999023,23.22157096862793,52.21588897705078
Chronos2,2025-07-09 00:00:00+00:00,HB_HUBAVG,2025-07-09 17:00:00+00:00,39.03916666666667,33.200042724609375,23.699737548828125,66.88444519042969
Chronos2,2025-07-09 00:00:00+00:00,HB_HUBAVG,2025-07-09 18:00:00+00:00,39.998333333333335,36.02152633666992,24.14189910888672,77.41957092285156
Chronos2,2025-07-09 00:00:00+00:00,HB_HUBAVG,2025-07-09 19:00:00+00:00,40.454166666666666,39.57033920288086,24.36897087097168,88.701416015625
Chronos2,2025-07-09 00:00:00+00:00,HB_HUBAVG,2025-07-09 20:00:00+00:00,56.31583333333333,46.86362838745117,25.649091720581055,118.04520416259766
Chronos2,2025-07-09 00:00:00+00:00,HB_HUBAVG,2025-07-09 21:00:00+00:00,59.59166666666667,57.509178161621094,26.78518295288086,139.7004852294922
Chronos2,2025-07-09 00:00:00+00:00,HB_HUBAVG,2025-07-09 22:00:00+00:00,65.14999999999999,62.794830322265625,26.9646053314209,150.74191284179688
Chronos2,2025-07-09 00:00:00+00:00,HB_HUBAVG,2025-07-09 23:00:00+00:00,59.20666666666667,62.31207275390625,27.494604110717773,151.576904296875
Chronos2,2025-07-09 00:00:00+00:00,HB_PAN,2025-07-09 00:00:00+00:00,76.40833333333333,108.75172424316406,60.32585906982422,177.79757690429688
Chronos2,2025-07-09 00:00:00+00:00,HB_PAN,2025-07-09 01:00:00+00:00,63.22166666666666,107.60073852539062,50.392494201660156,179.14524841308594
Chronos2,2025-07-09 00:00:00+00:00,HB_PAN,2025-07-09 02:00:00+00:00,46.07083333333333,99.0497817993164,45.18583679199219,171.44415283203125
Chronos2,2025-07-09 00:00:00+00:00,HB_PAN,2025-07-09 03:00:00+00:00,32.18,72.33407592773438,36.72859191894531,138.76087951660156
Chronos2,2025-07-09 00:00:00+00:00,HB_PAN,2025-07-09 04:00:00+00:00,25.894166666666667,49.87544250488281,31.64291000366211,95.74276733398438
Chronos2,2025-07-09 00:00:00+00:00,HB_PAN,2025-07-09 05:00:00+00:00,25.21166666666667,42.82497024536133,29.610429763793945,75.52482604980469
Chronos2,2025-07-09 00:00:00+00:00,HB_PAN,2025-07-09 06:00:00+00:00,20.578333333333333,36.57123947143555,27.560272216796875,59.424537658691406
Chronos2,2025-07-09 00:00:00+00:00,HB_PAN,2025-07-09 07:00:00+00:00,13.786666666666669,32.36982345581055,25.477935791015625,49.84685516357422
Chronos2,2025-07-09 00:00:00+00:00,HB_PAN,2025-07-09 08:00:00+00:00,13.431666666666668,30.744842529296875,25.451181411743164,45.45008087158203
Chronos2,2025-07-09 00:00:00+00:00,HB_PAN,2025-07-09 09:00:00+00:00,19.439166666666665,31.302385330200195,25.518001556396484,47.63154602050781
Chronos2,2025-07-09 00:00:00+00:00,HB_PAN,2025-07-09 10:00:00+00:00,21.839166666666667,33.311614990234375,25.708677291870117,56.66503143310547
Chronos2,2025-07-09 00:00:00+00:00,HB_PAN,2025-07-09 11:00:00+00:00,12.501666666666669,35.41340637207031,25.413623809814453,65.82608795166016
Chronos2,2025-07-09 00:00:00+00:00,HB_PAN,2025-07-09 12:00:00+00:00,15.535833333333334,31.520095825195312,23.917512893676758,55.99079513549805
Chronos2,2025-07-09 00:00:00+00:00,HB_PAN,2025-07-09 13:00:00+00:00,19.425,27.73211097717285,22.559818267822266,47.095947265625
Chronos2,2025-07-09 00:00:00+00:00,HB_PAN,2025-07-09 14:00:00+00:00,27.57583333333333,25.697307586669922,21.41706657409668,41.73419952392578
Chronos2,2025-07-09 00:00:00+00:00,HB_PAN,2025-07-09 15:00:00+00:00,35.54,25.646257400512695,21.218008041381836,42.06657409667969
Chronos2,2025-07-09 00:00:00+00:00,HB_PAN,2025-07-09 16:00:00+00:00,46.255,30.538551330566406,23.27225685119629,52.89631652832031
Chronos2,2025-07-09 00:00:00+00:00,HB_PAN,2025-07-09 17:00:00+00:00,41.82416666666666,35.884056091308594,24.36491584777832,71.4456787109375
Chronos2,2025-07-09 00:00:00+00:00,HB_PAN,2025-07-09 18:00:00+00:00,42.225,40.074066162109375,25.391265869140625,85.78472900390625
Chronos2,2025-07-09 00:00:00+00:00,HB_PAN,2025-07-09 19:00:00+00:00,42.21333333333333,46.25433349609375,26.205177307128906,105.12938690185547
Chronos2,2025-07-09 00:00:00+00:00,HB_PAN,2025-07-09 20:00:00+00:00,57.27916666666667,57.455265045166016,27.299301147460938,143.5942840576172
Chronos2,2025-07-09 00:00:00+00:00,HB_PAN,2025-07-09 21:00:00+00:00,60.99666666666667,73.30429077148438,27.991498947143555,170.0977783203125
Chronos2,2025-07-09 00:00:00+00:00,HB_PAN,2025-07-09 22:00:00+00:00,68.58583333333333,79.5263442993164,28.612483978271484,181.5098419189453
Chronos2,2025-07-09 00:00:00+00:00,HB_PAN,2025-07-09 23:00:00+00:00,63.60083333333333,77.79704284667969,29.2425537109375,188.6306915283203
Chronos2,2025-07-09 00:00:00+00:00,LZ_WEST,2025-07-09 00:00:00+00:00,77.67,87.86394500732422,48.79485321044922,144.84906005859375
Chronos2,2025-07-09 00:00:00+00:00,LZ_WEST,2025-07-09 01:00:00+00:00,69.00583333333333,86.34854125976562,44.59825897216797,150.64602661132812
Chronos2,2025-07-09 00:00:00+00:00,LZ_WEST,2025-07-09 02:00:00+00:00,63.87916666666666,84.31050872802734,43.76478576660156,149.4666748046875
Chronos2,2025-07-09 00:00:00+00:00,LZ_WEST,2025-07-09 03:00:00+00:00,59.79416666666666,75.22209930419922,41.40206527709961,136.48158264160156
Chronos2,2025-07-09 00:00:00+00:00,LZ_WEST,2025-07-09 04:00:00+00:00,53.23,64.58383178710938,36.07706069946289,119.77593994140625
Chronos2,2025-07-09 00:00:00+00:00,LZ_WEST,2025-07-09 05:00:00+00:00,51.23833333333334,59.445587158203125,33.4307975769043,114.48780059814453
Chronos2,2025-07-09 00:00:00+00:00,LZ_WEST,2025-07-09 06:00:00+00:00,38.02333333333333,58.58816146850586,33.14700698852539,112.72440338134766
Chronos2,2025-07-09 00:00:00+00:00,LZ_WEST,2025-07-09 07:00:00+00:00,24.93583333333333,58.47956085205078,32.524391174316406,114.29075622558594
Chronos2,2025-07-09 00:00:00+00:00,LZ_WEST,2025-07-09 08:00:00+00:00,27.981666666666666,58.88127899169922,32.90330123901367,117.83304595947266
Chronos2,2025-07-09 00:00:00+00:00,LZ_WEST,2025-07-09 09:00:00+00:00,30.394166666666667,60.11431121826172,32.25223922729492,119.9946517944336
Chronos2,2025-07-09 00:00:00+00:00,LZ_WEST,2025-07-09 10:00:00+00:00,25.575833333333332,60.056495666503906,30.977521896362305,122.1500473022461
Chronos2,2025-07-09 00:00:00+00:00,LZ_WEST,2025-07-09 11:00:00+00:00,49.58166666666667,56.645606994628906,28.005849838256836,118.51986694335938
Chronos2,2025-07-09 00:00:00+00:00,LZ_WEST,2025-07-09 12:00:00+00:00,49.818333333333335,43.566314697265625,25.587589263916016,95.3073959350586
Chronos2,2025-07-09 00:00:00+00:00,LZ_WEST,2025-07-09 13:00:00+00:00,32.74166666666667,33.624481201171875,23.114147186279297,78.91810607910156
Chronos2,2025-07-09 00:00:00+00:00,LZ_WEST,2025-07-09 14:00:00+00:00,29.18166666666667,30.56855010986328,22.12822914123535,70.3718490600586
Chronos2,2025-07-09 00:00:00+00:00,LZ_WEST,2025-07-09 15:00:00+00:00,39.395833333333336,30.388477325439453,22.500534057617188,67.81040954589844
Chronos2,2025-07-09 00:00:00+00:00,LZ_WEST,2025-07-09 16:00:00+00:00,48.41416666666667,30.28431510925293,22.29102897644043,69.0509033203125
Chronos2,2025-07-09 00:00:00+00:00,LZ_WEST,2025-07-09 17:00:00+00:00,42.69166666666666,30.383134841918945,21.562833786010742,73.37374114990234
Chronos2,2025-07-09 00:00:00+00:00,LZ_WEST,2025-07-09 18:00:00+00:00,42.803333333333335,31.600608825683594,21.2811279296875,75.79481506347656
Chronos2,2025-07-09 00:00:00+00:00,LZ_WEST,2025-07-09 19:00:00+00:00,42.685,34.04811477661133,21.69184112548828,84.94829559326172
Chronos2,2025-07-09 00:00:00+00:00,LZ_WEST,2025-07-09 20:00:00+00:00,56.48333333333333,39.295867919921875,22.544862747192383,101.57649230957031
Chronos2,2025-07-09 00:00:00+00:00,LZ_WEST,2025-07-09 21:00:00+00:00,61.27,46.11773681640625,23.463825225830078,117.24790954589844
Chronos2,2025-07-09 00:00:00+00:00,LZ_WEST,2025-07-09 22:00:00+00:00,69.32916666666667,48.6346549987793,24.200258255004883,125.91480255126953
Chronos2,2025-07-09 00:00:00+00:00,LZ_WEST,2025-07-09 23:00:00+00:00,64.5275,51.01825714111328,24.92818832397461,128.52120971679688
Chronos2,2025-07-10 00:00:00+00:00,HB_HUBAVG,2025-07-10 00:00:00+00:00,65.57916666666667,52.454872131347656,38.66888427734375,73.38935852050781
Chronos2,2025-07-10 00:00:00+00:00,HB_HUBAVG,2025-07-10 01:00:00+00:00,90.21750000000002,46.245941162109375,33.87777328491211,66.99651336669922
Chronos2,2025-07-10 00:00:00+00:00,HB_HUBAVG,2025-07-10 02:00:00+00:00,50.4275,39.46653747558594,30.169340133666992,55.89777755737305
Chronos2,2025-07-10 00:00:00+00:00,HB_HUBAVG,2025-07-10 03:00:00+00:00,33.11,31.986587524414062,25.907033920288086,42.950462341308594
Chronos2,2025-07-10 00:00:00+00:00,HB_HUBAVG,2025-07-10 04:00:00+00:00,28.054166666666664,27.07075309753418,22.643768310546875,34.84572982788086
Chronos2,2025-07-10 00:00:00+00:00,HB_HUBAVG,2025-07-10 05:00:00+00:00,25.345,24.93027687072754,21.139352798461914,31.613025665283203
Chronos2,2025-07-10 00:00:00+00:00,HB_HUBAVG,2025-07-10 06:00:00+00:00,24.7625,23.48846435546875,20.156822204589844,29.444744110107422
Chronos2,2025-07-10 00:00:00+00:00,HB_HUBAVG,2025-07-10 07:00:00+00:00,23.271666666666665,22.41297721862793,19.685619354248047,28.0600528717041
Chronos2,2025-07-10 00:00:00+00:00,HB_HUBAVG,2025-07-10 08:00:00+00:00,22.49,22.52850914001465,19.494932174682617,28.067596435546875
Chronos2,2025-07-10 00:00:00+00:00,HB_HUBAVG,2025-07-10 09:00:00+00:00,22.394166666666667,23.525672912597656,19.97893524169922,29.805435180664062
Chronos2,2025-07-10 00:00:00+00:00,HB_HUBAVG,2025-07-10 10:00:00+00:00,22.629166666666663,24.523563385009766,20.656234741210938,31.353527069091797
Chronos2,2025-07-10 00:00:00+00:00,HB_HUBAVG,2025-07-10 11:00:00+00:00,22.6,25.413015365600586,20.899890899658203,32.629608154296875
Chronos2,2025-07-10 00:00:00+00:00,HB_HUBAVG,2025-07-10 12:00:00+00:00,20.255,25.33029556274414,20.93328857421875,32.35844421386719
Chronos2,2025-07-10 00:00:00+00:00,HB_HUBAVG,2025-07-10 13:00:00+00:00,16.75916666666667,25.0712890625,20.659072875976562,33.65642547607422
Chronos2,2025-07-10 00:00:00+00:00,HB_HUBAVG,2025-07-10 14:00:00+00:00,12.36,25.16650390625,20.26239776611328,36.15171813964844
Chronos2,2025-07-10 00:00:00+00:00,HB_HUBAVG,2025-07-10 15:00:00+00:00,12.900833333333331,26.175844192504883,20.32741928100586,40.82630920410156
Chronos2,2025-07-10 00:00:00+00:00,HB_HUBAVG,2025-07-10 16:00:00+00:00,16.876666666666665,27.49386215209961,20.620990753173828,51.060272216796875
Chronos2,2025-07-10 00:00:00+00:00,HB_HUBAVG,2025-07-10 17:00:00+00:00,18.74833333333333,29.165943145751953,20.768375396728516,54.902854919433594
Chronos2,2025-07-10 00:00:00+00:00,HB_HUBAVG,2025-07-10 18:00:00+00:00,20.41583333333333,30.49652862548828,21.04377555847168,59.51582336425781
Chronos2,2025-07-10 00:00:00+00:00,HB_HUBAVG,2025-07-10 19:00:00+00:00,15.4,32.96816635131836,21.474048614501953,65.39108276367188
Chronos2,2025-07-10 00:00:00+00:00,HB_HUBAVG,2025-07-10 20:00:00+00:00,18.73,38.613059997558594,22.29421615600586,80.4774169921875
Chronos2,2025-07-10 00:00:00+00:00,HB_HUBAVG,2025-07-10 21:00:00+00:00,16.955000000000002,43.09992218017578,23.143781661987305,90.94009399414062
Chronos2,2025-07-10 00:00:00+00:00,HB_HUBAVG,2025-07-10 22:00:00+00:00,17.518333333333334,44.186134338378906,22.95719337463379,94.66935729980469
Chronos2,2025-07-10 00:00:00+00:00,HB_HUBAVG,2025-07-10 23:00:00+00:00,17.375,42.929962158203125,23.316198348999023,88.14752197265625
Chronos2,2025-07-10 00:00:00+00:00,HB_PAN,2025-07-10 00:00:00+00:00,69.81583333333333,58.69007873535156,43.06938934326172,84.87393188476562
Chronos2,2025-07-10 00:00:00+00:00,HB_PAN,2025-07-10 01:00:00+00:00,96.28166666666668,52.042381286621094,37.146026611328125,77.69486999511719
Chronos2,2025-07-10 00:00:00+00:00,HB_PAN,2025-07-10 02:00:00+00:00,52.48833333333334,44.222476959228516,31.821792602539062,65.66510009765625
Chronos2,2025-07-10 00:00:00+00:00,HB_PAN,2025-07-10 03:00:00+00:00,25.835833333333337,35.59025573730469,25.824745178222656,51.5605583190918
Chronos2,2025-07-10 00:00:00+00:00,HB_PAN,2025-07-10 04:00:00+00:00,19.0275,29.39795684814453,20.959774017333984,41.4187126159668
Chronos2,2025-07-10 00:00:00+00:00,HB_PAN,2025-07-10 05:00:00+00:00,18.6825,26.227783203125,17.964649200439453,37.46512222290039
Chronos2,2025-07-10 00:00:00+00:00,HB_PAN,2025-07-10 06:00:00+00:00,18.93583333333333,23.87422752380371,15.514474868774414,35.147090911865234
Chronos2,2025-07-10 00:00:00+00:00,HB_PAN,2025-07-10 07:00:00+00:00,19.1675,22.353918075561523,13.646379470825195,34.09632110595703
Chronos2,2025-07-10 00:00:00+00:00,HB_PAN,2025-07-10 08:00:00+00:00,20.60083333333333,22.115062713623047,13.264581680297852,32.70387268066406
Chronos2,2025-07-10 00:00:00+00:00,HB_PAN,2025-07-10 09:00:00+00:00,22.031666666666663,22.6138973236084,13.741958618164062,34.1055908203125
Chronos2,2025-07-10 00:00:00+00:00,HB_PAN,2025-07-10 10:00:00+00:00,22.616666666666664,23.27043342590332,14.02528190612793,35.4523811340332
Chronos2,2025-07-10 00:00:00+00:00,HB_PAN,2025-07-10 11:00:00+00:00,21.915000000000003,23.539901733398438,14.035972595214844,35.552398681640625
Chronos2,2025-07-10 00:00:00+00:00,HB_PAN,2025-07-10 12:00:00+00:00,19.826666666666668,23.5576114654541,13.637226104736328,35.33700180053711
Chronos2,2025-07-10 00:00:00+00:00,HB_PAN,2025-07-10 13:00:00+00:00,16.75916666666667,23.995601654052734,13.633331298828125,36.11351776123047
Chronos2,2025-07-10 00:00:00+00:00,HB_PAN,2025-07-10 14:00:00+00:00,12.346666666666666,25.234806060791016,14.350139617919922,38.98698806762695
Chronos2,2025-07-10 00:00:00+00:00,HB_PAN,2025-07-10 15:00:00+00:00,12.945,27.21088409423828,15.785207748413086,43.294254302978516
Chronos2,2025-07-10 00:00:00+00:00,HB_PAN,2025-07-10 16:00:00+00:00,17.6725,29.027450561523438,16.163766860961914,48.98469543457031
Chronos2,2025-07-10 00:00:00+00:00,HB_PAN,2025-07-10 17:00:00+00:00,19.131666666666664,31.91398811340332,17.775943756103516,54.9976806640625
Chronos2,2025-07-10 00:00:00+00:00,HB_PAN,2025-07-10 18:00:00+00:00,18.04583333333333,35.145442962646484,19.173423767089844,61.99110412597656
Chronos2,2025-07-10 00:00:00+00:00,HB_PAN,2025-07-10 19:00:00+00:00,4.6433333333333335,38.90259552001953,20.47734832763672,74.63209533691406
Chronos2,2025-07-10 00:00:00+00:00,HB_PAN,2025-07-10 20:00:00+00:00,-1.0233333333333332,44.27024459838867,21.081714630126953,91.66436767578125
Chronos2,2025-07-10 00:00:00+00:00,HB_PAN,2025-07-10 21:00:00+00:00,-1.9825,49.61886978149414,20.00412368774414,103.08837890625
Chronos2,2025-07-10 00:00:00+00:00,HB_PAN,2025-07-10 22:00:00+00:00,-2.433333333333333,52.6418342590332,19.726045608520508,109.79130554199219
Chronos2,2025-07-10 00:00:00+00:00,HB_PAN,2025-07-10 23:00:00+00:00,-2.17,52.07484436035156,21.353591918945312,108.392333984375
Chronos2,2025-07-10 00:00:00+00:00,LZ_WEST,2025-07-10 00:00:00+00:00,71.97666666666667,63.562591552734375,45.14753723144531,84.27924346923828
Chronos2,2025-07-10 00:00:00+00:00,LZ_WEST,2025-07-10 01:00:00+00:00,100.04583333333332,61.81941223144531,42.567405700683594,85.62816619873047
Chronos2,2025-07-10 00:00:00+00:00,LZ_WEST,2025-07-10 02:00:00+00:00,57.056666666666665,60.525482177734375,40.58331298828125,84.27528381347656
Chronos2,2025-07-10 00:00:00+00:00,LZ_WEST,2025-07-10 03:00:00+00:00,53.34166666666667,55.77188491821289,37.37324905395508,80.36351776123047
Chronos2,2025-07-10 00:00:00+00:00,LZ_WEST,2025-07-10 04:00:00+00:00,47.0925,50.33097457885742,33.86601257324219,74.59638977050781
Chronos2,2025-07-10 00:00:00+00:00,LZ_WEST,2025-07-10 05:00:00+00:00,44.2525,47.29084014892578,31.08179473876953,74.50695037841797
Chronos2,2025-07-10 00:00:00+00:00,LZ_WEST,2025-07-10 06:00:00+00:00,37.910833333333336,44.452205657958984,28.293249130249023,73.79924774169922
Chronos2,2025-07-10 00:00:00+00:00,LZ_WEST,2025-07-10 07:00:00+00:00,31.041666666666668,39.35990524291992,25.9531307220459,71.48692321777344
Chronos2,2025-07-10 00:00:00+00:00,LZ_WEST,2025-07-10 08:00:00+00:00,27.184166666666663,39.584720611572266,24.56109046936035,73.44398498535156
Chronos2,2025-07-10 00:00:00+00:00,LZ_WEST,2025-07-10 09:00:00+00:00,23.645,40.407073974609375,23.904233932495117,76.91091918945312
Chronos2,2025-07-10 00:00:00+00:00,LZ_WEST,2025-07-10 10:00:00+00:00,22.88416666666667,39.941184997558594,24.06974983215332,81.11981201171875
Chronos2,2025-07-10 00:00:00+00:00,LZ_WEST,2025-07-10 11:00:00+00:00,23.855833333333333,42.624298095703125,23.72829246520996,83.35455322265625
Chronos2,2025-07-10 00:00:00+00:00,LZ_WEST,2025-07-10 12:00:00+00:00,21.401666666666667,33.7412223815918,22.993764877319336,70.09231567382812
Chronos2,2025-07-10 00:00:00+00:00,LZ_WEST,2025-07-10 13:00:00+00:00,16.75916666666667,28.80004119873047,22.293231964111328,59.71550369262695
Chronos2,2025-07-10 00:00:00+00:00,LZ_WEST,2025-07-10 14:00:00+00:00,12.325,27.274856567382812,21.872671127319336,57.485538482666016
Chronos2,2025-07-10 00:00:00+00:00,LZ_WEST,2025-07-10 15:00:00+00:00,12.773333333333332,28.813264846801758,22.28617286682129,59.66294860839844
Chronos2,2025-07-10 00:00:00+00:00,LZ_WEST,2025-07-10 16:00:00+00:00,16.249166666666667,30.575658798217773,22.398818969726562,64.09777069091797
Chronos2,2025-07-10 00:00:00+00:00,LZ_WEST,2025-07-10 17:00:00+00:00,17.381666666666664,32.62954330444336,22.208417892456055,65.47989654541016
Chronos2,2025-07-10 00:00:00+00:00,LZ_WEST,2025-07-10 18:00:00+00:00,16.379166666666666,34.20601272583008,22.615198135375977,68.53038024902344
Chronos2,2025-07-10 00:00:00+00:00,LZ_WEST,2025-07-10 19:00:00+00:00,4.735833333333333,37.28602600097656,23.412256240844727,73.28504943847656
Chronos2,2025-07-10 00:00:00+00:00,LZ_WEST,2025-07-10 20:00:00+00:00,0.6716666666666667,44.449188232421875,24.711164474487305,85.25979614257812
Chronos2,2025-07-10 00:00:00+00:00,LZ_WEST,2025-07-10 21:00:00+00:00,0.0966666666666666,50.2613410949707,26.02322769165039,91.62437438964844
Chronos2,2025-07-10 00:00:00+00:00,LZ_WEST,2025-07-10 22:00:00+00:00,-0.1733333333333333,52.49872970581055,26.330501556396484,91.70777893066406
Chronos2,2025-07-10 00:00:00+00:00,LZ_WEST,2025-07-10 23:00:00+00:00,0.5325,52.25212097167969,26.46335792541504,93.03781127929688
Chronos2,2025-07-11 00:00:00+00:00,HB_HUBAVG,2025-07-11 00:00:00+00:00,47.80416666666667,18.307601928710938,13.956291198730469,24.341205596923828
Chronos2,2025-07-11 00:00:00+00:00,HB_HUBAVG,2025-07-11 01:00:00+00:00,65.79333333333334,19.320987701416016,13.618370056152344,27.934614181518555
Chronos2,2025-07-11 00:00:00+00:00,HB_HUBAVG,2025-07-11 02:00:00+00:00,32.8125,19.653804779052734,13.333087921142578,29.853370666503906
Chronos2,2025-07-11 00:00:00+00:00,HB_HUBAVG,2025-07-11 03:00:00+00:00,22.199166666666667,19.391984939575195,13.291936874389648,28.011451721191406
Chronos2,2025-07-11 00:00:00+00:00,HB_HUBAVG,2025-07-11 04:00:00+00:00,20.71583333333333,18.932849884033203,13.40903091430664,26.531644821166992
Chronos2,2025-07-11 00:00:00+00:00,HB_HUBAVG,2025-07-11 05:00:00+00:00,21.73583333333333,18.76287841796875,13.119165420532227,25.63882827758789
Chronos2,2025-07-11 00:00:00+00:00,HB_HUBAVG,2025-07-11 06:00:00+00:00,21.890833333333333,18.856016159057617,13.161064147949219,25.575729370117188
Chronos2,2025-07-11 00:00:00+00:00,HB_HUBAVG,2025-07-11 07:00:00+00:00,21.511666666666667,18.743547439575195,13.069034576416016,25.204586029052734
Chronos2,2025-07-11 00:00:00+00:00,HB_HUBAVG,2025-07-11 08:00:00+00:00,22.492500000000003,18.94409942626953,13.219388961791992,25.167644500732422
Chronos2,2025-07-11 00:00:00+00:00,HB_HUBAVG,2025-07-11 09:00:00+00:00,24.153333333333336,19.607872009277344,13.307588577270508,26.698400497436523
Chronos2,2025-07-11 00:00:00+00:00,HB_HUBAVG,2025-07-11 10:00:00+00:00,26.326666666666668,20.011913299560547,13.537553787231445,27.719797134399414
Chronos2,2025-07-11 00:00:00+00:00,HB_HUBAVG,2025-07-11 11:00:00+00:00,26.640833333333333,20.1956729888916,13.471214294433594,28.190288543701172
Chronos2,2025-07-11 00:00:00+00:00,HB_HUBAVG,2025-07-11 12:00:00+00:00,22.093333333333337,19.721166610717773,13.244592666625977,27.27520179748535
Chronos2,2025-07-11 00:00:00+00:00,HB_HUBAVG,2025-07-11 13:00:00+00:00,17.471666666666668,18.9294376373291,12.712982177734375,26.668453216552734
Chronos2,2025-07-11 00:00:00+00:00,HB_HUBAVG,2025-07-11 14:00:00+00:00,12.914166666666668,18.298952102661133,12.067211151123047,26.606718063354492
Chronos2,2025-07-11 00:00:00+00:00,HB_HUBAVG,2025-07-11 15:00:00+00:00,16.814166666666665,18.314739227294922,11.88752555847168,27.337512969970703
Chronos2,2025-07-11 00:00:00+00:00,HB_HUBAVG,2025-07-11 16:00:00+00:00,20.20583333333333,18.444347381591797,11.354358673095703,27.53240203857422
Chronos2,2025-07-11 00:00:00+00:00,HB_HUBAVG,2025-07-11 17:00:00+00:00,30.223333333333333,18.177196502685547,10.9681396484375,27.58692741394043
Chronos2,2025-07-11 00:00:00+00:00,HB_HUBAVG,2025-07-11 18:00:00+00:00,32.59583333333333,18.35589599609375,10.613262176513672,28.045820236206055
Chronos2,2025-07-11 00:00:00+00:00,HB_HUBAVG,2025-07-11 19:00:00+00:00,21.97833333333333,18.549697875976562,10.76132583618164,29.384925842285156
Chronos2,2025-07-11 00:00:00+00:00,HB_HUBAVG,2025-07-11 20:00:00+00:00,26.508333333333336,18.793628692626953,10.671228408813477,31.538150787353516
Chronos2,2025-07-11 00:00:00+00:00,HB_HUBAVG,2025-07-11 21:00:00+00:00,34.25,19.008678436279297,10.20571517944336,33.99635314941406
Chronos2,2025-07-11 00:00:00+00:00,HB_HUBAVG,2025-07-11 22:00:00+00:00,26.81083333333333,19.40445327758789,10.264118194580078,34.716712951660156
Chronos2,2025-07-11 00:00:00+00:00,HB_HUBAVG,2025-07-11 23:00:00+00:00,31.9575,19.655019760131836,10.520502090454102,35.81954574584961
Chronos2,2025-07-11 00:00:00+00:00,HB_PAN,2025-07-11 00:00:00+00:00,37.501666666666665,-3.2423782348632812,-18.400955200195312,13.009702682495117
Chronos2,2025-07-11 00:00:00+00:00,HB_PAN,2025-07-11 01:00:00+00:00,67.26416666666667,-0.7616901397705078,-18.70572280883789,23.63359832763672
Chronos2,2025-07-11 00:00:00+00:00,HB_PAN,2025-07-11 02:00:00+00:00,30.3875,1.0928287506103516,-17.22296142578125,29.22887420654297
Chronos2,2025-07-11 00:00:00+00:00,HB_PAN,2025-07-11 03:00:00+00:00,15.96,4.538150787353516,-14.933361053466797,28.6884708404541
Chronos2,2025-07-11 00:00:00+00:00,HB_PAN,2025-07-11 04:00:00+00:00,16.787499999999998,8.838800430297852,-11.56610107421875,27.34589195251465
Chronos2,2025-07-11 00:00:00+00:00,HB_PAN,2025-07-11 05:00:00+00:00,21.63416666666667,11.956247329711914,-5.101161956787109,27.35907554626465
Chronos2,2025-07-11 00:00:00+00:00,HB_PAN,2025-07-11 06:00:00+00:00,21.852500000000003,14.438188552856445,-1.4320945739746094,26.630647659301758
Chronos2,2025-07-11 00:00:00+00:00,HB_PAN,2025-07-11 07:00:00+00:00,21.47083333333333,15.617083549499512,2.310972213745117,25.465248107910156
Chronos2,2025-07-11 00:00:00+00:00,HB_PAN,2025-07-11 08:00:00+00:00,22.44833333333333,17.262651443481445,4.450830459594727,26.024269104003906
Chronos2,2025-07-11 00:00:00+00:00,HB_PAN,2025-07-11 09:00:00+00:00,24.153333333333336,18.350717544555664,5.458478927612305,27.718883514404297
Chronos2,2025-07-11 00:00:00+00:00,HB_PAN,2025-07-11 10:00:00+00:00,26.13,19.435989379882812,6.540538787841797,28.94643783569336
Chronos2,2025-07-11 00:00:00+00:00,HB_PAN,2025-07-11 11:00:00+00:00,25.738333333333333,19.463340759277344,7.965375900268555,28.271923065185547
Chronos2,2025-07-11 00:00:00+00:00,HB_PAN,2025-07-11 12:00:00+00:00,22.093333333333337,18.32897186279297,6.579023361206055,26.463001251220703
Chronos2,2025-07-11 00:00:00+00:00,HB_PAN,2025-07-11 13:00:00+00:00,17.985833333333336,16.91765022277832,5.179985046386719,25.873554229736328
Chronos2,2025-07-11 00:00:00+00:00,HB_PAN,2025-07-11 14:00:00+00:00,13.424166666666666,15.957843780517578,3.263456344604492,26.112287521362305
Chronos2,2025-07-11 00:00:00+00:00,HB_PAN,2025-07-11 15:00:00+00:00,16.290833333333335,15.853644371032715,2.517009735107422,26.16033363342285
Chronos2,2025-07-11 00:00:00+00:00,HB_PAN,2025-07-11 16:00:00+00:00,17.919999999999998,13.860391616821289,-2.219646453857422,26.87046241760254
Chronos2,2025-07-11 00:00:00+00:00,HB_PAN,2025-07-11 17:00:00+00:00,33.315,13.092901229858398,-5.372489929199219,27.652347564697266
Chronos2,2025-07-11 00:00:00+00:00,HB_PAN,2025-07-11 18:00:00+00:00,38.23416666666667,12.324127197265625,-7.607173919677734,28.85213279724121
Chronos2,2025-07-11 00:00:00+00:00,HB_PAN,2025-07-11 19:00:00+00:00,23.8175,10.798389434814453,-10.93328857421875,31.690414428710938
Chronos2,2025-07-11 00:00:00+00:00,HB_PAN,2025-07-11 20:00:00+00:00,29.06083333333333,9.915182113647461,-14.051483154296875,35.17678451538086
Chronos2,2025-07-11 00:00:00+00:00,HB_PAN,2025-07-11 21:00:00+00:00,39.02333333333333,9.178234100341797,-17.61240005493164,40.932769775390625
Chronos2,2025-07-11 00:00:00+00:00,HB_PAN,2025-07-11 22:00:00+00:00,31.059166666666663,8.610584259033203,-17.83466339111328,43.574424743652344
Chronos2,2025-07-11 00:00:00+00:00,HB_PAN,2025-07-11 23:00:00+00:00,34.115833333333335,8.474285125732422,-16.866493225097656,43.73115158081055
Chronos2,2025-07-11 00:00:00+00:00,LZ_WEST,2025-07-11 00:00:00+00:00,39.555,0.08918380737304688,-11.085529327392578,8.85635757446289
Chronos2,2025-07-11 00:00:00+00:00,LZ_WEST,2025-07-11 01:00:00+00:00,67.75333333333333,0.94879150390625,-11.219684600830078,12.565896987915039
Chronos2,2025-07-11 00:00:00+00:00,LZ_WEST,2025-07-11 02:00:00+00:00,36.0025,1.5188484191894531,-12.874752044677734,13.945917129516602
Chronos2,2025-07-11 00:00:00+00:00,LZ_WEST,2025-07-11 03:00:00+00:00,26.435,1.9172325134277344,-13.130599975585938,15.586383819580078
Chronos2,2025-07-11 00:00:00+00:00,LZ_WEST,2025-07-11 04:00:00+00:00,23.276666666666667,2.1244964599609375,-13.957416534423828,17.51942253112793
Chronos2,2025-07-11 00:00:00+00:00,LZ_WEST,2025-07-11 05:00:00+00:00,23.104166666666668,2.7739791870117188,-14.946815490722656,18.6287784576416
Chronos2,2025-07-11 00:00:00+00:00,LZ_WEST,2025-07-11 06:00:00+00:00,22.741666666666664,3.282611846923828,-14.57119369506836,19.095806121826172
Chronos2,2025-07-11 00:00:00+00:00,LZ_WEST,2025-07-11 07:00:00+00:00,22.394166666666667,3.9211463928222656,-15.402862548828125,20.375585556030273
Chronos2,2025-07-11 00:00:00+00:00,LZ_WEST,2025-07-11 08:00:00+00:00,23.4575,3.808380126953125,-16.91663360595703,21.127769470214844
Chronos2,2025-07-11 00:00:00+00:00,LZ_WEST,2025-07-11 09:00:00+00:00,24.153333333333336,4.582252502441406,-15.780174255371094,21.231847763061523
Chronos2,2025-07-11 00:00:00+00:00,LZ_WEST,2025-07-11 10:00:00+00:00,26.429166666666664,6.1237945556640625,-14.159679412841797,22.619218826293945
Chronos2,2025-07-11 00:00:00+00:00,LZ_WEST,2025-07-11 11:00:00+00:00,28.295,8.299148559570312,-11.493682861328125,23.593334197998047
Chronos2,2025-07-11 00:00:00+00:00,LZ_WEST,2025-07-11 12:00:00+00:00,22.093333333333337,10.894319534301758,-6.703266143798828,23.999853134155273
Chronos2,2025-07-11 00:00:00+00:00,LZ_WEST,2025-07-11 13:00:00+00:00,18.160833333333333,12.03196907043457,-4.849925994873047,24.33445930480957
Chronos2,2025-07-11 00:00:00+00:00,LZ_WEST,2025-07-11 14:00:00+00:00,13.593333333333334,13.664939880371094,-2.4104843139648438,25.038288116455078
Chronos2,2025-07-11 00:00:00+00:00,LZ_WEST,2025-07-11 15:00:00+00:00,16.358333333333334,14.436031341552734,-0.9062118530273438,25.778827667236328
Chronos2,2025-07-11 00:00:00+00:00,LZ_WEST,2025-07-11 16:00:00+00:00,16.573333333333334,11.436628341674805,-1.5644645690917969,22.21825408935547
Chronos2,2025-07-11 00:00:00+00:00,LZ_WEST,2025-07-11 17:00:00+00:00,29.21166666666667,11.197563171386719,-2.5687408447265625,22.139616012573242
Chronos2,2025-07-11 00:00:00+00:00,LZ_WEST,2025-07-11 18:00:00+00:00,35.524166666666666,11.123193740844727,-4.099887847900391,22.685333251953125
Chronos2,2025-07-11 00:00:00+00:00,LZ_WEST,2025-07-11 19:00:00+00:00,22.578333333333333,9.889755249023438,-8.316566467285156,23.493696212768555
Chronos2,2025-07-11 00:00:00+00:00,LZ_WEST,2025-07-11 20:00:00+00:00,27.59,8.571544647216797,-14.585655212402344,25.440773010253906
Chronos2,2025-07-11 00:00:00+00:00,LZ_WEST,2025-07-11 21:00:00+00:00,38.27166666666667,7.0395355224609375,-18.350391387939453,26.028427124023438
Chronos2,2025-07-11 00:00:00+00:00,LZ_WEST,2025-07-11 22:00:00+00:00,30.479166666666668,5.299186706542969,-23.70604705810547,26.132537841796875
Chronos2,2025-07-11 00:00:00+00:00,LZ_WEST,2025-07-11 23:00:00+00:00,34.343333333333334,3.7344932556152344,-26.406631469726562,27.419052124023438
Chronos2,2025-07-12 00:00:00+00:00,HB_HUBAVG,2025-07-12 00:00:00+00:00,59.36833333333333,53.429664611816406,37.897117614746094,73.23894500732422
Chronos2,2025-07-12 00:00:00+00:00,HB_HUBAVG,2025-07-12 01:00:00+00:00,120.38833333333334,63.05371856689453,42.48750305175781,86.85365295410156
Chronos2,2025-07-12 00:00:00+00:00,HB_HUBAVG,2025-07-12 02:00:00+00:00,465.4933333333333,42.64887237548828,30.34450912475586,63.646705627441406
Chronos2,2025-07-12 00:00:00+00:00,HB_HUBAVG,2025-07-12 03:00:00+00:00,37.274166666666666,31.447681427001953,23.980384826660156,42.8038215637207
Chronos2,2025-07-12 00:00:00+00:00,HB_HUBAVG,2025-07-12 04:00:00+00:00,29.138333333333332,26.995304107666016,21.197402954101562,34.75490188598633
Chronos2,2025-07-12 00:00:00+00:00,HB_HUBAVG,2025-07-12 05:00:00+00:00,27.489166666666662,26.482046127319336,21.26404571533203,33.036258697509766
Chronos2,2025-07-12 00:00:00+00:00,HB_HUBAVG,2025-07-12 06:00:00+00:00,28.411666666666665,26.516883850097656,21.434616088867188,32.86403274536133
Chronos2,2025-07-12 00:00:00+00:00,HB_HUBAVG,2025-07-12 07:00:00+00:00,26.894166666666667,25.994413375854492,21.339046478271484,31.688392639160156
Chronos2,2025-07-12 00:00:00+00:00,HB_HUBAVG,2025-07-12 08:00:00+00:00,27.4825,26.30347442626953,21.46068572998047,31.671329498291016
Chronos2,2025-07-12 00:00:00+00:00,HB_HUBAVG,2025-07-12 09:00:00+00:00,44.14333333333334,26.703001022338867,21.876861572265625,32.77346420288086
Chronos2,2025-07-12 00:00:00+00:00,HB_HUBAVG,2025-07-12 10:00:00+00:00,54.5075,27.969406127929688,22.452320098876953,35.15127182006836
Chronos2,2025-07-12 00:00:00+00:00,HB_HUBAVG,2025-07-12 11:00:00+00:00,33.160833333333336,27.222576141357422,21.468982696533203,34.915645599365234
Chronos2,2025-07-12 00:00:00+00:00,HB_HUBAVG,2025-07-12 12:00:00+00:00,28.8175,23.597124099731445,18.324871063232422,30.35400390625
Chronos2,2025-07-12 00:00:00+00:00,HB_HUBAVG,2025-07-12 13:00:00+00:00,36.4575,20.875381469726562,16.24736785888672,28.148876190185547
Chronos2,2025-07-12 00:00:00+00:00,HB_HUBAVG,2025-07-12 14:00:00+00:00,34.57583333333333,19.310739517211914,15.006275177001953,26.505990982055664
Chronos2,2025-07-12 00:00:00+00:00,HB_HUBAVG,2025-07-12 15:00:00+00:00,36.82083333333333,19.32048797607422,15.009649276733398,27.282712936401367
Chronos2,2025-07-12 00:00:00+00:00,HB_HUBAVG,2025-07-12 16:00:00+00:00,42.87416666666667,21.09429931640625,15.938203811645508,30.589040756225586
Chronos2,2025-07-12 00:00:00+00:00,HB_HUBAVG,2025-07-12 17:00:00+00:00,41.8225,20.97344207763672,15.781405448913574,32.19953918457031
Chronos2,2025-07-12 00:00:00+00:00,HB_HUBAVG,2025-07-12 18:00:00+00:00,46.19083333333333,20.808650970458984,15.56987190246582,32.52877426147461
Chronos2,2025-07-12 00:00:00+00:00,HB_HUBAVG,2025-07-12 19:00:00+00:00,91.3,20.180809020996094,15.5394287109375,32.36942672729492
Chronos2,2025-07-12 00:00:00+00:00,HB_HUBAVG,2025-07-12 20:00:00+00:00,116.07083333333333,20.40264129638672,15.196361541748047,34.34389114379883
Chronos2,2025-07-12 00:00:00+00:00,HB_HUBAVG,2025-07-12 21:00:00+00:00,76.855,20.603899002075195,15.043647766113281,38.130645751953125
Chronos2,2025-07-12 00:00:00+00:00,HB_HUBAVG,2025-07-12 22:00:00+00:00,106.89166666666668,20.87299346923828,14.958255767822266,38.853607177734375
Chronos2,2025-07-12 00:00:00+00:00,HB_HUBAVG,2025-07-12 23:00:00+00:00,159.7516666666667,23.251815795898438,16.288694381713867,43.04703140258789
Chronos2,2025-07-12 00:00:00+00:00,HB_PAN,2025-07-12 00:00:00+00:00,61.95583333333334,58.10296630859375,34.124732971191406,85.77792358398438
Chronos2,2025-07-12 00:00:00+00:00,HB_PAN,2025-07-12 01:00:00+00:00,123.85666666666668,66.29460906982422,37.037471771240234,97.10485076904297
Chronos2,2025-07-12 00:00:00+00:00,HB_PAN,2025-07-12 02:00:00+00:00,466.8558333333333,47.751953125,26.472476959228516,77.28680419921875
Chronos2,2025-07-12 00:00:00+00:00,HB_PAN,2025-07-12 03:00:00+00:00,34.47083333333334,32.25482940673828,19.978891372680664,50.24976348876953
Chronos2,2025-07-12 00:00:00+00:00,HB_PAN,2025-07-12 04:00:00+00:00,21.496666666666663,26.2984676361084,16.743999481201172,37.93455505371094
Chronos2,2025-07-12 00:00:00+00:00,HB_PAN,2025-07-12 05:00:00+00:00,27.063333333333333,26.63041114807129,18.386348724365234,35.57941436767578
Chronos2,2025-07-12 00:00:00+00:00,HB_PAN,2025-07-12 06:00:00+00:00,28.3425,27.112974166870117,19.670820236206055,35.6023063659668
Chronos2,2025-07-12 00:00:00+00:00,HB_PAN,2025-07-12 07:00:00+00:00,25.65083333333333,26.84941864013672,19.795469284057617,34.7470817565918
Chronos2,2025-07-12 00:00:00+00:00,HB_PAN,2025-07-12 08:00:00+00:00,24.42833333333333,27.101774215698242,20.099742889404297,34.65532684326172
Chronos2,2025-07-12 00:00:00+00:00,HB_PAN,2025-07-12 09:00:00+00:00,43.17333333333334,27.44663429260254,20.146411895751953,36.035457611083984
Chronos2,2025-07-12 00:00:00+00:00,HB_PAN,2025-07-12 10:00:00+00:00,57.32,28.82944679260254,20.526790618896484,39.33100891113281
Chronos2,2025-07-12 00:00:00+00:00,HB_PAN,2025-07-12 11:00:00+00:00,33.58583333333333,27.809856414794922,19.124786376953125,38.97362518310547
Chronos2,2025-07-12 00:00:00+00:00,HB_PAN,2025-07-12 12:00:00+00:00,29.164166666666663,23.333105087280273,15.218859672546387,32.43938446044922
Chronos2,2025-07-12 00:00:00+00:00,HB_PAN,2025-07-12 13:00:00+00:00,39.82083333333333,20.66472625732422,12.605705261230469,29.723896026611328
Chronos2,2025-07-12 00:00:00+00:00,HB_PAN,2025-07-12 14:00:00+00:00,36.123333333333335,19.267770767211914,11.323360443115234,28.428997039794922
Chronos2,2025-07-12 00:00:00+00:00,HB_PAN,2025-07-12 15:00:00+00:00,30.58,19.624887466430664,11.503408432006836,29.70355987548828
Chronos2,2025-07-12 00:00:00+00:00,HB_PAN,2025-07-12 16:00:00+00:00,44.83166666666667,22.1068115234375,12.722467422485352,34.90886688232422
Chronos2,2025-07-12 00:00:00+00:00,HB_PAN,2025-07-12 17:00:00+00:00,45.82916666666667,22.743846893310547,12.755706787109375,37.915809631347656
Chronos2,2025-07-12 00:00:00+00:00,HB_PAN,2025-07-12 18:00:00+00:00,50.13583333333333,22.725393295288086,12.076906204223633,42.06275939941406
Chronos2,2025-07-12 00:00:00+00:00,HB_PAN,2025-07-12 19:00:00+00:00,99.70333333333332,22.026151657104492,10.39297103881836,43.766578674316406
Chronos2,2025-07-12 00:00:00+00:00,HB_PAN,2025-07-12 20:00:00+00:00,126.53916666666667,22.924434661865234,10.174129486083984,47.850372314453125
Chronos2,2025-07-12 00:00:00+00:00,HB_PAN,2025-07-12 21:00:00+00:00,83.31916666666666,24.44382095336914,9.721517562866211,54.73518753051758
Chronos2,2025-07-12 00:00:00+00:00,HB_PAN,2025-07-12 22:00:00+00:00,116.065,25.56228256225586,9.62371826171875,60.473907470703125
Chronos2,2025-07-12 00:00:00+00:00,HB_PAN,2025-07-12 23:00:00+00:00,176.37833333333333,29.410930633544922,11.220184326171875,70.51261138916016
Chronos2,2025-07-12 00:00:00+00:00,LZ_WEST,2025-07-12 00:00:00+00:00,62.72416666666666,49.36033630371094,32.32453918457031,69.99278259277344
Chronos2,2025-07-12 00:00:00+00:00,LZ_WEST,2025-07-12 01:00:00+00:00,124.94583333333333,58.19411087036133,37.79743957519531,84.30235290527344
Chronos2,2025-07-12 00:00:00+00:00,LZ_WEST,2025-07-12 02:00:00+00:00,467.2533333333334,56.735801696777344,36.61327362060547,81.03373718261719
Chronos2,2025-07-12 00:00:00+00:00,LZ_WEST,2025-07-12 03:00:00+00:00,45.78916666666667,52.4455680847168,33.936561584472656,75.60623168945312
Chronos2,2025-07-12 00:00:00+00:00,LZ_WEST,2025-07-12 04:00:00+00:00,69.21,47.934898376464844,31.396854400634766,69.79893493652344
Chronos2,2025-07-12 00:00:00+00:00,LZ_WEST,2025-07-12 05:00:00+00:00,57.61166666666667,47.8154296875,31.427860260009766,68.93655395507812
Chronos2,2025-07-12 00:00:00+00:00,LZ_WEST,2025-07-12 06:00:00+00:00,50.42249999999999,48.0315055847168,31.13191032409668,69.88528442382812
Chronos2,2025-07-12 00:00:00+00:00,LZ_WEST,2025-07-12 07:00:00+00:00,54.41333333333333,44.76468276977539,28.129558563232422,67.34648132324219
Chronos2,2025-07-12 00:00:00+00:00,LZ_WEST,2025-07-12 08:00:00+00:00,55.66416666666667,42.67277526855469,25.54500961303711,68.2374267578125
Chronos2,2025-07-12 00:00:00+00:00,LZ_WEST,2025-07-12 09:00:00+00:00,64.94500000000001,43.160438537597656,24.655067443847656,71.59563446044922
Chronos2,2025-07-12 00:00:00+00:00,LZ_WEST,2025-07-12 10:00:00+00:00,66.34666666666666,44.82954025268555,23.98737907409668,75.48625946044922
Chronos2,2025-07-12 00:00:00+00:00,LZ_WEST,2025-07-12 11:00:00+00:00,33.729166666666664,44.14314270019531,23.84119415283203,75.86407470703125
Chronos2,2025-07-12 00:00:00+00:00,LZ_WEST,2025-07-12 12:00:00+00:00,29.285,29.138267517089844,16.42449188232422,52.424034118652344
Chronos2,2025-07-12 00:00:00+00:00,LZ_WEST,2025-07-12 13:00:00+00:00,60.4825,22.57050323486328,13.391338348388672,41.0885009765625
Chronos2,2025-07-12 00:00:00+00:00,LZ_WEST,2025-07-12 14:00:00+00:00,85.59250000000002,21.36537742614746,13.232215881347656,37.03617858886719
Chronos2,2025-07-12 00:00:00+00:00,LZ_WEST,2025-07-12 15:00:00+00:00,86.855,21.785215377807617,13.457662582397461,37.85077667236328
Chronos2,2025-07-12 00:00:00+00:00,LZ_WEST,2025-07-12 16:00:00+00:00,54.3575,23.745817184448242,14.577054977416992,42.767642974853516
Chronos2,2025-07-12 00:00:00+00:00,LZ_WEST,2025-07-12 17:00:00+00:00,47.23583333333334,24.851903915405273,14.43636703491211,48.47551345825195
Chronos2,2025-07-12 00:00:00+00:00,LZ_WEST,2025-07-12 18:00:00+00:00,51.13,25.56185531616211,13.649890899658203,52.17094421386719
Chronos2,2025-07-12 00:00:00+00:00,LZ_WEST,2025-07-12 19:00:00+00:00,101.79416666666668,24.69064712524414,13.228954315185547,54.925411224365234
Chronos2,2025-07-12 00:00:00+00:00,LZ_WEST,2025-07-12 20:00:00+00:00,129.22166666666666,26.39928436279297,12.841115951538086,61.23954772949219
Chronos2,2025-07-12 00:00:00+00:00,LZ_WEST,2025-07-12 21:00:00+00:00,84.975,29.609695434570312,12.991649627685547,70.29177856445312
Chronos2,2025-07-12 00:00:00+00:00,LZ_WEST,2025-07-12 22:00:00+00:00,118.3725,30.824989318847656,13.14871597290039,72.21113586425781
Chronos2,2025-07-12 00:00:00+00:00,LZ_WEST,2025-07-12 23:00:00+00:00,179.42083333333335,34.43132400512695,14.975542068481445,77.23657989501953
Chronos2,2025-07-13 00:00:00+00:00,HB_HUBAVG,2025-07-13 00:00:00+00:00,187.59416666666667,141.0465087890625,79.26885223388672,280.55340576171875
Chronos2,2025-07-13 00:00:00+00:00,HB_HUBAVG,2025-07-13 01:00:00+00:00,122.0075,123.19985961914062,62.037506103515625,262.72393798828125
Chronos2,2025-07-13 00:00:00+00:00,HB_HUBAVG,2025-07-13 02:00:00+00:00,101.57083333333333,86.07733154296875,44.82664489746094,215.67034912109375
Chronos2,2025-07-13 00:00:00+00:00,HB_HUBAVG,2025-07-13 03:00:00+00:00,97.15666666666668,55.24686050415039,33.255455017089844,133.24044799804688
Chronos2,2025-07-13 00:00:00+00:00,HB_HUBAVG,2025-07-13 04:00:00+00:00,77.18416666666667,40.71795654296875,26.256004333496094,89.15909576416016
Chronos2,2025-07-13 00:00:00+00:00,HB_HUBAVG,2025-07-13 05:00:00+00:00,47.36333333333334,35.53782653808594,24.05859375,74.93545532226562
Chronos2,2025-07-13 00:00:00+00:00,HB_HUBAVG,2025-07-13 06:00:00+00:00,43.72333333333333,34.17177200317383,24.016876220703125,67.25068664550781
Chronos2,2025-07-13 00:00:00+00:00,HB_HUBAVG,2025-07-13 07:00:00+00:00,42.585,33.861942291259766,23.313060760498047,65.33928680419922
Chronos2,2025-07-13 00:00:00+00:00,HB_HUBAVG,2025-07-13 08:00:00+00:00,36.15833333333333,35.128597259521484,23.838401794433594,67.18170166015625
Chronos2,2025-07-13 00:00:00+00:00,HB_HUBAVG,2025-07-13 09:00:00+00:00,32.333333333333336,37.27983093261719,24.988555908203125,69.82856750488281
Chronos2,2025-07-13 00:00:00+00:00,HB_HUBAVG,2025-07-13 10:00:00+00:00,33.586666666666666,39.242279052734375,25.415306091308594,74.90208435058594
Chronos2,2025-07-13 00:00:00+00:00,HB_HUBAVG,2025-07-13 11:00:00+00:00,33.855,37.78676986694336,23.97913932800293,72.31326293945312
Chronos2,2025-07-13 00:00:00+00:00,HB_HUBAVG,2025-07-13 12:00:00+00:00,28.749166666666667,34.503902435302734,22.31614112854004,64.28910827636719
Chronos2,2025-07-13 00:00:00+00:00,HB_HUBAVG,2025-07-13 13:00:00+00:00,23.21583333333333,32.2501220703125,21.486337661743164,61.496986389160156
Chronos2,2025-07-13 00:00:00+00:00,HB_HUBAVG,2025-07-13 14:00:00+00:00,18.1075,31.994483947753906,21.0443058013916,64.672119140625
Chronos2,2025-07-13 00:00:00+00:00,HB_HUBAVG,2025-07-13 15:00:00+00:00,16.3325,33.17229461669922,21.115413665771484,69.65446472167969
Chronos2,2025-07-13 00:00:00+00:00,HB_HUBAVG,2025-07-13 16:00:00+00:00,19.63416666666667,36.535457611083984,23.828166961669922,79.75128936767578
Chronos2,2025-07-13 00:00:00+00:00,HB_HUBAVG,2025-07-13 17:00:00+00:00,20.836666666666662,38.04977035522461,24.540340423583984,87.6575927734375
Chronos2,2025-07-13 00:00:00+00:00,HB_HUBAVG,2025-07-13 18:00:00+00:00,29.0875,40.87240982055664,25.150978088378906,101.08035278320312
Chronos2,2025-07-13 00:00:00+00:00,HB_HUBAVG,2025-07-13 19:00:00+00:00,45.03666666666666,44.99240493774414,25.647933959960938,117.72517395019531
Chronos2,2025-07-13 00:00:00+00:00,HB_HUBAVG,2025-07-13 20:00:00+00:00,41.27916666666667,50.22602844238281,27.098217010498047,139.88783264160156
Chronos2,2025-07-13 00:00:00+00:00,HB_HUBAVG,2025-07-13 21:00:00+00:00,66.82833333333333,54.412269592285156,28.435867309570312,153.64630126953125
Chronos2,2025-07-13 00:00:00+00:00,HB_HUBAVG,2025-07-13 22:00:00+00:00,66.39999999999999,58.498138427734375,29.655967712402344,172.6032257080078
Chronos2,2025-07-13 00:00:00+00:00,HB_HUBAVG,2025-07-13 23:00:00+00:00,59.25666666666667,66.40768432617188,33.468414306640625,187.52125549316406
Chronos2,2025-07-13 00:00:00+00:00,HB_PAN,2025-07-13 00:00:00+00:00,203.81333333333336,155.93711853027344,84.28739929199219,308.05389404296875
Chronos2,2025-07-13 00:00:00+00:00,HB_PAN,2025-07-13 01:00:00+00:00,127.055,133.1926727294922,63.32709503173828,280.0886535644531
Chronos2,2025-07-13 00:00:00+00:00,HB_PAN,2025-07-13 02:00:00+00:00,105.1,87.17512512207031,43.407562255859375,222.57968139648438
Chronos2,2025-07-13 00:00:00+00:00,HB_PAN,2025-07-13 03:00:00+00:00,101.99333333333334,51.543296813964844,29.17129898071289,131.76332092285156
Chronos2,2025-07-13 00:00:00+00:00,HB_PAN,2025-07-13 04:00:00+00:00,82.2475,37.197879791259766,22.455568313598633,86.9863510131836
Chronos2,2025-07-13 00:00:00+00:00,HB_PAN,2025-07-13 05:00:00+00:00,51.32583333333333,33.502071380615234,20.812297821044922,76.09917449951172
Chronos2,2025-07-13 00:00:00+00:00,HB_PAN,2025-07-13 06:00:00+00:00,48.01916666666667,32.841453552246094,21.54303741455078,69.18447875976562
Chronos2,2025-07-13 00:00:00+00:00,HB_PAN,2025-07-13 07:00:00+00:00,45.16416666666667,32.65468215942383,20.529382705688477,67.01383972167969
Chronos2,2025-07-13 00:00:00+00:00,HB_PAN,2025-07-13 08:00:00+00:00,39.80166666666667,33.89768981933594,21.172945022583008,69.01105499267578
Chronos2,2025-07-13 00:00:00+00:00,HB_PAN,2025-07-13 09:00:00+00:00,35.91416666666667,36.50514602661133,22.353538513183594,73.85395050048828
Chronos2,2025-07-13 00:00:00+00:00,HB_PAN,2025-07-13 10:00:00+00:00,36.876666666666665,38.08832550048828,22.14472198486328,80.38641357421875
Chronos2,2025-07-13 00:00:00+00:00,HB_PAN,2025-07-13 11:00:00+00:00,36.68333333333333,35.42605209350586,20.5344181060791,74.6513442993164
Chronos2,2025-07-13 00:00:00+00:00,HB_PAN,2025-07-13 12:00:00+00:00,30.401666666666667,32.4638671875,18.813365936279297,66.63054656982422
Chronos2,2025-07-13 00:00:00+00:00,HB_PAN,2025-07-13 13:00:00+00:00,23.2825,30.86703872680664,18.07193946838379,64.27757263183594
Chronos2,2025-07-13 00:00:00+00:00,HB_PAN,2025-07-13 14:00:00+00:00,18.526666666666667,30.70299530029297,17.71560287475586,66.72876739501953
Chronos2,2025-07-13 00:00:00+00:00,HB_PAN,2025-07-13 15:00:00+00:00,17.065833333333334,31.943695068359375,18.19752311706543,70.36324310302734
Chronos2,2025-07-13 00:00:00+00:00,HB_PAN,2025-07-13 16:00:00+00:00,20.356666666666666,37.52579116821289,21.736160278320312,87.81326293945312
Chronos2,2025-07-13 00:00:00+00:00,HB_PAN,2025-07-13 17:00:00+00:00,21.2825,40.36773681640625,23.287092208862305,95.43598937988281
Chronos2,2025-07-13 00:00:00+00:00,HB_PAN,2025-07-13 18:00:00+00:00,30.575,44.705387115478516,24.611764907836914,109.30699157714844
Chronos2,2025-07-13 00:00:00+00:00,HB_PAN,2025-07-13 19:00:00+00:00,48.20166666666666,49.29450225830078,25.121583938598633,127.50857543945312
Chronos2,2025-07-13 00:00:00+00:00,HB_PAN,2025-07-13 20:00:00+00:00,44.36666666666667,55.74700164794922,27.223918914794922,152.60693359375
Chronos2,2025-07-13 00:00:00+00:00,HB_PAN,2025-07-13 21:00:00+00:00,72.63166666666667,62.34282684326172,28.08082389831543,173.0518341064453
Chronos2,2025-07-13 00:00:00+00:00,HB_PAN,2025-07-13 22:00:00+00:00,71.45666666666666,66.91038513183594,29.320858001708984,192.89736938476562
Chronos2,2025-07-13 00:00:00+00:00,HB_PAN,2025-07-13 23:00:00+00:00,63.5725,74.67979431152344,32.467140197753906,201.22483825683594
Chronos2,2025-07-13 00:00:00+00:00,LZ_WEST,2025-07-13 00:00:00+00:00,207.7633333333333,133.44772338867188,78.744140625,249.07215881347656
Chronos2,2025-07-13 00:00:00+00:00,LZ_WEST,2025-07-13 01:00:00+00:00,128.6675,107.63557434082031,59.48255157470703,216.66958618164062
Chronos2,2025-07-13 00:00:00+00:00,LZ_WEST,2025-07-13 02:00:00+00:00,106.2775,92.02688598632812,50.034507751464844,191.31619262695312
Chronos2,2025-07-13 00:00:00+00:00,LZ_WEST,2025-07-13 03:00:00+00:00,103.47083333333336,79.04493713378906,44.837562561035156,166.17373657226562
Chronos2,2025-07-13 00:00:00+00:00,LZ_WEST,2025-07-13 04:00:00+00:00,89.1325,69.60807037353516,39.9288215637207,145.34011840820312
Chronos2,2025-07-13 00:00:00+00:00,LZ_WEST,2025-07-13 05:00:00+00:00,72.13,63.259803771972656,35.90790939331055,132.69761657714844
Chronos2,2025-07-13 00:00:00+00:00,LZ_WEST,2025-07-13 06:00:00+00:00,84.80083333333333,58.25855255126953,32.83696365356445,124.30001068115234
Chronos2,2025-07-13 00:00:00+00:00,LZ_WEST,2025-07-13 07:00:00+00:00,73.03333333333333,54.0153923034668,30.055709838867188,119.21417999267578
Chronos2,2025-07-13 00:00:00+00:00,LZ_WEST,2025-07-13 08:00:00+00:00,89.89666666666666,51.684234619140625,27.431493759155273,115.74598693847656
Chronos2,2025-07-13 00:00:00+00:00,LZ_WEST,2025-07-13 09:00:00+00:00,85.09583333333333,50.210601806640625,26.480133056640625,114.73014831542969
Chronos2,2025-07-13 00:00:00+00:00,LZ_WEST,2025-07-13 10:00:00+00:00,77.54083333333334,47.91640853881836,24.41649627685547,114.7573013305664
Chronos2,2025-07-13 00:00:00+00:00,LZ_WEST,2025-07-13 11:00:00+00:00,73.97333333333333,45.150909423828125,22.169492721557617,112.56330108642578
Chronos2,2025-07-13 00:00:00+00:00,LZ_WEST,2025-07-13 12:00:00+00:00,53.32416666666666,41.60564041137695,20.586944580078125,104.04705047607422
Chronos2,2025-07-13 00:00:00+00:00,LZ_WEST,2025-07-13 13:00:00+00:00,24.26083333333333,38.61455535888672,19.15572738647461,97.61463165283203
Chronos2,2025-07-13 00:00:00+00:00,LZ_WEST,2025-07-13 14:00:00+00:00,18.704166666666666,37.291107177734375,18.032047271728516,94.97032165527344
Chronos2,2025-07-13 00:00:00+00:00,LZ_WEST,2025-07-13 15:00:00+00:00,17.286666666666665,37.42002487182617,17.86332893371582,94.22175598144531
Chronos2,2025-07-13 00:00:00+00:00,LZ_WEST,2025-07-13 16:00:00+00:00,20.365,40.809051513671875,21.39873504638672,96.37966918945312
Chronos2,2025-07-13 00:00:00+00:00,LZ_WEST,2025-07-13 17:00:00+00:00,20.8825,41.96571731567383,21.551054000854492,99.90242004394531
Chronos2,2025-07-13 00:00:00+00:00,LZ_WEST,2025-07-13 18:00:00+00:00,30.76083333333333,43.50376892089844,21.949535369873047,105.27198791503906
Chronos2,2025-07-13 00:00:00+00:00,LZ_WEST,2025-07-13 19:00:00+00:00,49.035,45.79155349731445,22.62965965270996,111.30015563964844
Chronos2,2025-07-13 00:00:00+00:00,LZ_WEST,2025-07-13 20:00:00+00:00,45.12083333333334,49.847259521484375,23.929115295410156,119.72742462158203
Chronos2,2025-07-13 00:00:00+00:00,LZ_WEST,2025-07-13 21:00:00+00:00,74.89999999999999,53.811161041259766,26.160966873168945,127.5696792602539
Chronos2,2025-07-13 00:00:00+00:00,LZ_WEST,2025-07-13 22:00:00+00:00,72.73833333333333,58.05429458618164,27.747041702270508,135.40380859375
Chronos2,2025-07-13 00:00:00+00:00,LZ_WEST,2025-07-13 23:00:00+00:00,64.7025,62.91046905517578,30.736845016479492,149.7708740234375
Chronos2,2025-07-14 00:00:00+00:00,HB_HUBAVG,2025-07-14 00:00:00+00:00,56.08833333333334,64.02532958984375,48.50740432739258,87.13591766357422
Chronos2,2025-07-14 00:00:00+00:00,HB_HUBAVG,2025-07-14 01:00:00+00:00,50.105,67.91079711914062,46.63595962524414,100.9952392578125
Chronos2,2025-07-14 00:00:00+00:00,HB_HUBAVG,2025-07-14 02:00:00+00:00,41.681666666666665,57.62318801879883,37.240447998046875,91.59771728515625
Chronos2,2025-07-14 00:00:00+00:00,HB_HUBAVG,2025-07-14 03:00:00+00:00,32.81166666666667,41.07743453979492,27.166793823242188,66.59510803222656
Chronos2,2025-07-14 00:00:00+00:00,HB_HUBAVG,2025-07-14 04:00:00+00:00,30.229166666666668,29.93960189819336,20.55428123474121,46.384281158447266
Chronos2,2025-07-14 00:00:00+00:00,HB_HUBAVG,2025-07-14 05:00:00+00:00,30.37333333333333,26.46832275390625,19.064455032348633,40.00973892211914
Chronos2,2025-07-14 00:00:00+00:00,HB_HUBAVG,2025-07-14 06:00:00+00:00,28.554166666666664,25.907133102416992,18.790002822875977,38.47576141357422
Chronos2,2025-07-14 00:00:00+00:00,HB_HUBAVG,2025-07-14 07:00:00+00:00,27.319166666666664,25.502836227416992,18.27484893798828,36.849517822265625
Chronos2,2025-07-14 00:00:00+00:00,HB_HUBAVG,2025-07-14 08:00:00+00:00,28.435,25.193775177001953,18.18393325805664,35.52978515625
Chronos2,2025-07-14 00:00:00+00:00,HB_HUBAVG,2025-07-14 09:00:00+00:00,30.011666666666667,26.41205596923828,18.73985481262207,38.341163635253906
Chronos2,2025-07-14 00:00:00+00:00,HB_HUBAVG,2025-07-14 10:00:00+00:00,40.68333333333333,27.953609466552734,19.468334197998047,41.55284118652344
Chronos2,2025-07-14 00:00:00+00:00,HB_HUBAVG,2025-07-14 11:00:00+00:00,48.02,27.876991271972656,18.640226364135742,42.23717498779297
Chronos2,2025-07-14 00:00:00+00:00,HB_HUBAVG,2025-07-14 12:00:00+00:00,38.79666666666667,23.88390350341797,16.54012107849121,36.62027359008789
Chronos2,2025-07-14 00:00:00+00:00,HB_HUBAVG,2025-07-14 13:00:00+00:00,26.65333333333333,21.071603775024414,14.901525497436523,33.22565841674805
Chronos2,2025-07-14 00:00:00+00:00,HB_HUBAVG,2025-07-14 14:00:00+00:00,23.34083333333333,19.52760887145996,13.518543243408203,31.087045669555664
Chronos2,2025-07-14 00:00:00+00:00,HB_HUBAVG,2025-07-14 15:00:00+00:00,21.394166666666667,19.992172241210938,13.89309310913086,32.87400817871094
Chronos2,2025-07-14 00:00:00+00:00,HB_HUBAVG,2025-07-14 16:00:00+00:00,21.731666666666666,21.964462280273438,15.145273208618164,38.88410949707031
Chronos2,2025-07-14 00:00:00+00:00,HB_HUBAVG,2025-07-14 17:00:00+00:00,21.799166666666665,23.771984100341797,15.329977035522461,44.623252868652344
Chronos2,2025-07-14 00:00:00+00:00,HB_HUBAVG,2025-07-14 18:00:00+00:00,22.239166666666662,27.35877227783203,16.01040267944336,53.94249725341797
Chronos2,2025-07-14 00:00:00+00:00,HB_HUBAVG,2025-07-14 19:00:00+00:00,21.261666666666667,31.412738800048828,16.816757202148438,64.02963256835938
Chronos2,2025-07-14 00:00:00+00:00,HB_HUBAVG,2025-07-14 20:00:00+00:00,21.42083333333333,36.01584243774414,19.051076889038086,73.83148193359375
Chronos2,2025-07-14 00:00:00+00:00,HB_HUBAVG,2025-07-14 21:00:00+00:00,25.5475,42.95480728149414,20.799293518066406,87.11800384521484
Chronos2,2025-07-14 00:00:00+00:00,HB_HUBAVG,2025-07-14 22:00:00+00:00,29.77583333333333,45.58583068847656,22.06334686279297,94.68888854980469
Chronos2,2025-07-14 00:00:00+00:00,HB_HUBAVG,2025-07-14 23:00:00+00:00,35.03666666666667,50.78787612915039,25.45908546447754,100.11084747314453
Chronos2,2025-07-14 00:00:00+00:00,HB_PAN,2025-07-14 00:00:00+00:00,58.8325,69.61056518554688,51.319427490234375,97.12527465820312
Chronos2,2025-07-14 00:00:00+00:00,HB_PAN,2025-07-14 01:00:00+00:00,51.62083333333334,71.43804931640625,47.77354431152344,108.86013793945312
Chronos2,2025-07-14 00:00:00+00:00,HB_PAN,2025-07-14 02:00:00+00:00,44.2525,61.41342544555664,37.982357025146484,100.77253723144531
Chronos2,2025-07-14 00:00:00+00:00,HB_PAN,2025-07-14 03:00:00+00:00,35.097500000000004,42.419219970703125,26.274677276611328,73.67321014404297
Chronos2,2025-07-14 00:00:00+00:00,HB_PAN,2025-07-14 04:00:00+00:00,32.055,30.424468994140625,18.87065315246582,50.30565643310547
Chronos2,2025-07-14 00:00:00+00:00,HB_PAN,2025-07-14 05:00:00+00:00,32.410000000000004,27.50399398803711,17.843585968017578,43.877689361572266
Chronos2,2025-07-14 00:00:00+00:00,HB_PAN,2025-07-14 06:00:00+00:00,31.0025,27.6171875,18.324636459350586,43.26988220214844
Chronos2,2025-07-14 00:00:00+00:00,HB_PAN,2025-07-14 07:00:00+00:00,30.085833333333337,27.35075569152832,18.025789260864258,41.89902114868164
Chronos2,2025-07-14 00:00:00+00:00,HB_PAN,2025-07-14 08:00:00+00:00,30.739166666666662,27.499652862548828,18.041139602661133,40.185726165771484
Chronos2,2025-07-14 00:00:00+00:00,HB_PAN,2025-07-14 09:00:00+00:00,32.803333333333335,28.986766815185547,18.881990432739258,43.53829574584961
Chronos2,2025-07-14 00:00:00+00:00,HB_PAN,2025-07-14 10:00:00+00:00,42.88333333333333,30.636150360107422,19.36564064025879,46.76228332519531
Chronos2,2025-07-14 00:00:00+00:00,HB_PAN,2025-07-14 11:00:00+00:00,48.88,29.62047576904297,18.271968841552734,45.744014739990234
Chronos2,2025-07-14 00:00:00+00:00,HB_PAN,2025-07-14 12:00:00+00:00,39.79916666666667,25.149002075195312,15.001171112060547,39.733394622802734
Chronos2,2025-07-14 00:00:00+00:00,HB_PAN,2025-07-14 13:00:00+00:00,26.95583333333333,22.020004272460938,13.042133331298828,36.273651123046875
Chronos2,2025-07-14 00:00:00+00:00,HB_PAN,2025-07-14 14:00:00+00:00,23.63,20.577255249023438,11.775718688964844,34.61963653564453
Chronos2,2025-07-14 00:00:00+00:00,HB_PAN,2025-07-14 15:00:00+00:00,21.584166666666665,20.867429733276367,11.61349105834961,35.88672637939453
Chronos2,2025-07-14 00:00:00+00:00,HB_PAN,2025-07-14 16:00:00+00:00,21.945833333333336,23.525632858276367,11.556169509887695,44.60740661621094
Chronos2,2025-07-14 00:00:00+00:00,HB_PAN,2025-07-14 17:00:00+00:00,21.805000000000003,25.83469009399414,12.289884567260742,50.927738189697266
Chronos2,2025-07-14 00:00:00+00:00,HB_PAN,2025-07-14 18:00:00+00:00,22.3425,30.701812744140625,13.526418685913086,63.279598236083984
Chronos2,2025-07-14 00:00:00+00:00,HB_PAN,2025-07-14 19:00:00+00:00,21.598333333333333,35.876312255859375,14.71328353881836,75.57997131347656
Chronos2,2025-07-14 00:00:00+00:00,HB_PAN,2025-07-14 20:00:00+00:00,21.764166666666668,41.615962982177734,16.567306518554688,87.74665832519531
Chronos2,2025-07-14 00:00:00+00:00,HB_PAN,2025-07-14 21:00:00+00:00,25.8225,49.91383743286133,18.23111915588379,104.24593353271484
Chronos2,2025-07-14 00:00:00+00:00,HB_PAN,2025-07-14 22:00:00+00:00,30.456666666666667,53.83742141723633,19.84307861328125,116.12850952148438
Chronos2,2025-07-14 00:00:00+00:00,HB_PAN,2025-07-14 23:00:00+00:00,36.01416666666667,58.72589874267578,23.485157012939453,119.32571411132812
Chronos2,2025-07-14 00:00:00+00:00,LZ_WEST,2025-07-14 00:00:00+00:00,59.6675,73.37089538574219,56.2623176574707,97.13461303710938
Chronos2,2025-07-14 00:00:00+00:00,LZ_WEST,2025-07-14 01:00:00+00:00,58.36416666666667,76.11028289794922,55.04729461669922,105.02247619628906
Chronos2,2025-07-14 00:00:00+00:00,LZ_WEST,2025-07-14 02:00:00+00:00,68.66833333333334,73.39459991455078,51.410430908203125,103.45538330078125
Chronos2,2025-07-14 00:00:00+00:00,LZ_WEST,2025-07-14 03:00:00+00:00,65.19333333333334,67.0412826538086,44.473941802978516,96.57694244384766
Chronos2,2025-07-14 00:00:00+00:00,LZ_WEST,2025-07-14 04:00:00+00:00,56.91833333333333,59.667720794677734,37.788509368896484,90.5219497680664
Chronos2,2025-07-14 00:00:00+00:00,LZ_WEST,2025-07-14 05:00:00+00:00,60.62083333333334,55.17924880981445,33.718406677246094,86.11541748046875
Chronos2,2025-07-14 00:00:00+00:00,LZ_WEST,2025-07-14 06:00:00+00:00,65.07666666666667,53.66779327392578,31.12877655029297,86.4166259765625
Chronos2,2025-07-14 00:00:00+00:00,LZ_WEST,2025-07-14 07:00:00+00:00,69.0425,51.87287139892578,28.69570541381836,86.66639709472656
Chronos2,2025-07-14 00:00:00+00:00,LZ_WEST,2025-07-14 08:00:00+00:00,63.61666666666667,52.02126693725586,27.62029457092285,88.38717651367188
Chronos2,2025-07-14 00:00:00+00:00,LZ_WEST,2025-07-14 09:00:00+00:00,72.42666666666666,53.687721252441406,28.035137176513672,91.10735321044922
Chronos2,2025-07-14 00:00:00+00:00,LZ_WEST,2025-07-14 10:00:00+00:00,73.87916666666666,51.61460876464844,26.441177368164062,90.24449157714844
Chronos2,2025-07-14 00:00:00+00:00,LZ_WEST,2025-07-14 11:00:00+00:00,60.830000000000005,47.76945877075195,24.029808044433594,84.0745849609375
Chronos2,2025-07-14 00:00:00+00:00,LZ_WEST,2025-07-14 12:00:00+00:00,53.625,35.93917465209961,16.619144439697266,71.13721466064453
Chronos2,2025-07-14 00:00:00+00:00,LZ_WEST,2025-07-14 13:00:00+00:00,27.104166666666668,27.507387161254883,12.571052551269531,58.3645133972168
Chronos2,2025-07-14 00:00:00+00:00,LZ_WEST,2025-07-14 14:00:00+00:00,23.773333333333337,24.438480377197266,10.754878997802734,52.78447723388672
Chronos2,2025-07-14 00:00:00+00:00,LZ_WEST,2025-07-14 15:00:00+00:00,23.686666666666667,24.40495491027832,10.646778106689453,53.477073669433594
Chronos2,2025-07-14 00:00:00+00:00,LZ_WEST,2025-07-14 16:00:00+00:00,22.23583333333333,26.886911392211914,11.614681243896484,57.69337844848633
Chronos2,2025-07-14 00:00:00+00:00,LZ_WEST,2025-07-14 17:00:00+00:00,21.766666666666666,28.256275177001953,11.655876159667969,62.183048248291016
Chronos2,2025-07-14 00:00:00+00:00,LZ_WEST,2025-07-14 18:00:00+00:00,22.11583333333333,32.25764846801758,12.921512603759766,71.46595001220703
Chronos2,2025-07-14 00:00:00+00:00,LZ_WEST,2025-07-14 19:00:00+00:00,21.191666666666663,37.944786071777344,14.461181640625,82.24744415283203
Chronos2,2025-07-14 00:00:00+00:00,LZ_WEST,2025-07-14 20:00:00+00:00,21.124166666666667,43.07120132446289,16.867633819580078,93.24653625488281
Chronos2,2025-07-14 00:00:00+00:00,LZ_WEST,2025-07-14 21:00:00+00:00,25.1775,52.69758224487305,21.126846313476562,107.65721893310547
Chronos2,2025-07-14 00:00:00+00:00,LZ_WEST,2025-07-14 22:00:00+00:00,30.56,57.650726318359375,23.557117462158203,115.09793090820312
Chronos2,2025-07-14 00:00:00+00:00,LZ_WEST,2025-07-14 23:00:00+00:00,36.315000000000005,62.574893951416016,28.017799377441406,119.50210571289062
Chronos2,2025-07-15 00:00:00+00:00,HB_HUBAVG,2025-07-15 00:00:00+00:00,51.501666666666665,41.57547378540039,30.569664001464844,59.73868942260742
Chronos2,2025-07-15 00:00:00+00:00,HB_HUBAVG,2025-07-15 01:00:00+00:00,60.30916666666667,41.20463562011719,28.464786529541016,63.23487854003906
Chronos2,2025-07-15 00:00:00+00:00,HB_HUBAVG,2025-07-15 02:00:00+00:00,46.9075,34.964988708496094,23.748140335083008,55.67567825317383
Chronos2,2025-07-15 00:00:00+00:00,HB_HUBAVG,2025-07-15 03:00:00+00:00,34.9225,29.134185791015625,20.455852508544922,46.557254791259766
Chronos2,2025-07-15 00:00:00+00:00,HB_HUBAVG,2025-07-15 04:00:00+00:00,32.193333333333335,26.753135681152344,19.237892150878906,42.3213996887207
Chronos2,2025-07-15 00:00:00+00:00,HB_HUBAVG,2025-07-15 05:00:00+00:00,29.02,26.07881736755371,18.62431526184082,40.438236236572266
Chronos2,2025-07-15 00:00:00+00:00,HB_HUBAVG,2025-07-15 06:00:00+00:00,23.8,26.16387367248535,18.813365936279297,40.39522171020508
Chronos2,2025-07-15 00:00:00+00:00,HB_HUBAVG,2025-07-15 07:00:00+00:00,22.6525,26.061477661132812,18.33320426940918,40.07997131347656
Chronos2,2025-07-15 00:00:00+00:00,HB_HUBAVG,2025-07-15 08:00:00+00:00,25.6925,26.487186431884766,18.909852981567383,40.643798828125
Chronos2,2025-07-15 00:00:00+00:00,HB_HUBAVG,2025-07-15 09:00:00+00:00,24.42,28.817981719970703,19.99839973449707,44.125938415527344
Chronos2,2025-07-15 00:00:00+00:00,HB_HUBAVG,2025-07-15 10:00:00+00:00,24.361666666666665,31.57355499267578,21.0070743560791,50.94019317626953
Chronos2,2025-07-15 00:00:00+00:00,HB_HUBAVG,2025-07-15 11:00:00+00:00,24.265833333333333,32.196495056152344,20.761289596557617,53.6872444152832
Chronos2,2025-07-15 00:00:00+00:00,HB_HUBAVG,2025-07-15 12:00:00+00:00,21.60333333333333,28.926082611083984,19.173778533935547,48.234130859375
Chronos2,2025-07-15 00:00:00+00:00,HB_HUBAVG,2025-07-15 13:00:00+00:00,18.585833333333333,25.43773651123047,17.142194747924805,42.937259674072266
Chronos2,2025-07-15 00:00:00+00:00,HB_HUBAVG,2025-07-15 14:00:00+00:00,15.729166666666666,23.442340850830078,16.118106842041016,40.35313415527344
Chronos2,2025-07-15 00:00:00+00:00,HB_HUBAVG,2025-07-15 15:00:00+00:00,14.610833333333332,23.210750579833984,15.43673324584961,41.969852447509766
Chronos2,2025-07-15 00:00:00+00:00,HB_HUBAVG,2025-07-15 16:00:00+00:00,15.8325,25.809967041015625,18.100448608398438,46.69101333618164
Chronos2,2025-07-15 00:00:00+00:00,HB_HUBAVG,2025-07-15 17:00:00+00:00,16.910833333333333,26.512325286865234,17.857833862304688,52.63731384277344
Chronos2,2025-07-15 00:00:00+00:00,HB_HUBAVG,2025-07-15 18:00:00+00:00,17.336666666666666,28.754985809326172,17.42732810974121,61.066314697265625
Chronos2,2025-07-15 00:00:00+00:00,HB_HUBAVG,2025-07-15 19:00:00+00:00,15.578333333333331,32.06683349609375,17.829496383666992,69.99237060546875
Chronos2,2025-07-15 00:00:00+00:00,HB_HUBAVG,2025-07-15 20:00:00+00:00,15.865,36.743255615234375,20.251659393310547,80.97595977783203
Chronos2,2025-07-15 00:00:00+00:00,HB_HUBAVG,2025-07-15 21:00:00+00:00,19.101666666666667,44.976871490478516,22.44038200378418,92.43829345703125
Chronos2,2025-07-15 00:00:00+00:00,HB_HUBAVG,2025-07-15 22:00:00+00:00,18.835833333333333,50.659149169921875,25.018381118774414,103.64009094238281
Chronos2,2025-07-15 00:00:00+00:00,HB_HUBAVG,2025-07-15 23:00:00+00:00,22.47083333333333,53.9910888671875,27.37226104736328,103.56207275390625
Chronos2,2025-07-15 00:00:00+00:00,HB_PAN,2025-07-15 00:00:00+00:00,52.774166666666666,44.49092483520508,31.34770965576172,65.62401580810547
Chronos2,2025-07-15 00:00:00+00:00,HB_PAN,2025-07-15 01:00:00+00:00,57.0825,44.045597076416016,28.789207458496094,69.22494506835938
Chronos2,2025-07-15 00:00:00+00:00,HB_PAN,2025-07-15 02:00:00+00:00,34.781666666666666,37.72835159301758,24.073854446411133,61.67211151123047
Chronos2,2025-07-15 00:00:00+00:00,HB_PAN,2025-07-15 03:00:00+00:00,35.14666666666667,30.983749389648438,19.362380981445312,51.45341873168945
Chronos2,2025-07-15 00:00:00+00:00,HB_PAN,2025-07-15 04:00:00+00:00,33.2475,28.306320190429688,17.562166213989258,46.32423400878906
Chronos2,2025-07-15 00:00:00+00:00,HB_PAN,2025-07-15 05:00:00+00:00,29.148333333333337,28.24707794189453,17.526714324951172,45.3480110168457
Chronos2,2025-07-15 00:00:00+00:00,HB_PAN,2025-07-15 06:00:00+00:00,21.7,28.867210388183594,18.270971298217773,45.86140060424805
Chronos2,2025-07-15 00:00:00+00:00,HB_PAN,2025-07-15 07:00:00+00:00,20.455,28.66031265258789,18.202919006347656,44.95460891723633
Chronos2,2025-07-15 00:00:00+00:00,HB_PAN,2025-07-15 08:00:00+00:00,12.848333333333334,28.83517837524414,18.097326278686523,45.161964416503906
Chronos2,2025-07-15 00:00:00+00:00,HB_PAN,2025-07-15 09:00:00+00:00,14.71,30.9164981842041,19.03921127319336,48.58088302612305
Chronos2,2025-07-15 00:00:00+00:00,HB_PAN,2025-07-15 10:00:00+00:00,17.62666666666667,33.056488037109375,19.084197998046875,55.26841354370117
Chronos2,2025-07-15 00:00:00+00:00,HB_PAN,2025-07-15 11:00:00+00:00,22.56583333333333,32.581443786621094,18.592119216918945,55.9270133972168
Chronos2,2025-07-15 00:00:00+00:00,HB_PAN,2025-07-15 12:00:00+00:00,21.455,29.106521606445312,16.704151153564453,49.5235710144043
Chronos2,2025-07-15 00:00:00+00:00,HB_PAN,2025-07-15 13:00:00+00:00,18.585833333333333,26.037906646728516,14.281259536743164,44.898460388183594
Chronos2,2025-07-15 00:00:00+00:00,HB_PAN,2025-07-15 14:00:00+00:00,15.77,23.930797576904297,13.264507293701172,42.91142654418945
Chronos2,2025-07-15 00:00:00+00:00,HB_PAN,2025-07-15 15:00:00+00:00,13.972499999999998,23.89865493774414,12.766458511352539,44.1872673034668
Chronos2,2025-07-15 00:00:00+00:00,HB_PAN,2025-07-15 16:00:00+00:00,14.780833333333334,27.481807708740234,15.104471206665039,51.99869918823242
Chronos2,2025-07-15 00:00:00+00:00,HB_PAN,2025-07-15 17:00:00+00:00,14.863333333333332,28.958208084106445,15.55146598815918,58.50896453857422
Chronos2,2025-07-15 00:00:00+00:00,HB_PAN,2025-07-15 18:00:00+00:00,10.58,31.95674705505371,15.650911331176758,68.28875732421875
Chronos2,2025-07-15 00:00:00+00:00,HB_PAN,2025-07-15 19:00:00+00:00,7.811666666666666,36.60787582397461,16.23706817626953,77.93441772460938
Chronos2,2025-07-15 00:00:00+00:00,HB_PAN,2025-07-15 20:00:00+00:00,6.65,41.70161437988281,18.477811813354492,91.19752502441406
Chronos2,2025-07-15 00:00:00+00:00,HB_PAN,2025-07-15 21:00:00+00:00,6.984166666666667,50.79921340942383,20.642440795898438,106.28375244140625
Chronos2,2025-07-15 00:00:00+00:00,HB_PAN,2025-07-15 22:00:00+00:00,6.506666666666667,57.1463737487793,23.46920394897461,119.66193389892578
Chronos2,2025-07-15 00:00:00+00:00,HB_PAN,2025-07-15 23:00:00+00:00,7.98,60.614707946777344,25.66131591796875,120.21052551269531
Chronos2,2025-07-15 00:00:00+00:00,LZ_WEST,2025-07-15 00:00:00+00:00,53.205000000000005,42.7933235168457,31.2078914642334,61.55509948730469
Chronos2,2025-07-15 00:00:00+00:00,LZ_WEST,2025-07-15 01:00:00+00:00,66.56916666666666,45.382041931152344,29.995620727539062,69.26659393310547
Chronos2,2025-07-15 00:00:00+00:00,LZ_WEST,2025-07-15 02:00:00+00:00,60.14166666666667,45.58565902709961,28.125226974487305,71.5411605834961
Chronos2,2025-07-15 00:00:00+00:00,LZ_WEST,2025-07-15 03:00:00+00:00,36.28833333333333,43.94424819946289,25.59440040588379,72.44869995117188
Chronos2,2025-07-15 00:00:00+00:00,LZ_WEST,2025-07-15 04:00:00+00:00,34.708333333333336,42.541812896728516,23.96989631652832,70.55034637451172
Chronos2,2025-07-15 00:00:00+00:00,LZ_WEST,2025-07-15 05:00:00+00:00,30.67333333333333,43.188720703125,22.747190475463867,73.9381103515625
Chronos2,2025-07-15 00:00:00+00:00,LZ_WEST,2025-07-15 06:00:00+00:00,28.2875,44.76591873168945,22.19043731689453,77.72096252441406
Chronos2,2025-07-15 00:00:00+00:00,LZ_WEST,2025-07-15 07:00:00+00:00,26.794166666666666,45.47457504272461,22.37055778503418,79.55429077148438
Chronos2,2025-07-15 00:00:00+00:00,LZ_WEST,2025-07-15 08:00:00+00:00,50.23333333333333,45.653282165527344,21.47165870666504,80.5628890991211
Chronos2,2025-07-15 00:00:00+00:00,LZ_WEST,2025-07-15 09:00:00+00:00,44.81666666666666,46.587921142578125,21.38364028930664,82.88017272949219
Chronos2,2025-07-15 00:00:00+00:00,LZ_WEST,2025-07-15 10:00:00+00:00,36.97166666666667,45.49379348754883,19.926589965820312,83.35667419433594
Chronos2,2025-07-15 00:00:00+00:00,LZ_WEST,2025-07-15 11:00:00+00:00,27.425833333333333,43.01863098144531,18.1927490234375,79.50455474853516
Chronos2,2025-07-15 00:00:00+00:00,LZ_WEST,2025-07-15 12:00:00+00:00,21.809166666666663,35.58863067626953,15.108055114746094,69.92598724365234
Chronos2,2025-07-15 00:00:00+00:00,LZ_WEST,2025-07-15 13:00:00+00:00,18.585833333333333,28.797657012939453,12.269290924072266,59.23613739013672
Chronos2,2025-07-15 00:00:00+00:00,LZ_WEST,2025-07-15 14:00:00+00:00,15.814166666666669,25.87660789489746,10.335102081298828,53.50600051879883
Chronos2,2025-07-15 00:00:00+00:00,LZ_WEST,2025-07-15 15:00:00+00:00,13.431666666666668,24.98863410949707,9.43020248413086,53.357791900634766
Chronos2,2025-07-15 00:00:00+00:00,LZ_WEST,2025-07-15 16:00:00+00:00,13.8025,27.019731521606445,12.699668884277344,53.863372802734375
Chronos2,2025-07-15 00:00:00+00:00,LZ_WEST,2025-07-15 17:00:00+00:00,13.126666666666669,27.57110023498535,12.046375274658203,57.6057014465332
Chronos2,2025-07-15 00:00:00+00:00,LZ_WEST,2025-07-15 18:00:00+00:00,5.379166666666666,29.959083557128906,11.443584442138672,65.27601623535156
Chronos2,2025-07-15 00:00:00+00:00,LZ_WEST,2025-07-15 19:00:00+00:00,1.0933333333333335,33.328948974609375,11.557968139648438,74.50666809082031
Chronos2,2025-07-15 00:00:00+00:00,LZ_WEST,2025-07-15 20:00:00+00:00,-0.0016666666666666,37.95555114746094,13.597427368164062,84.69085693359375
Chronos2,2025-07-15 00:00:00+00:00,LZ_WEST,2025-07-15 21:00:00+00:00,0.6925,46.51268768310547,14.849594116210938,100.18817138671875
Chronos2,2025-07-15 00:00:00+00:00,LZ_WEST,2025-07-15 22:00:00+00:00,0.9983333333333334,52.471412658691406,16.030155181884766,112.66533660888672
Chronos2,2025-07-15 00:00:00+00:00,LZ_WEST,2025-07-15 23:00:00+00:00,2.145833333333333,55.22273254394531,18.12976837158203,113.36825561523438
Chronos2,2025-07-16 00:00:00+00:00,HB_HUBAVG,2025-07-16 00:00:00+00:00,35.23916666666667,32.83148956298828,25.531143188476562,46.52197265625
Chronos2,2025-07-16 00:00:00+00:00,HB_HUBAVG,2025-07-16 01:00:00+00:00,36.18416666666666,41.7404670715332,28.992088317871094,63.14764404296875
Chronos2,2025-07-16 00:00:00+00:00,HB_HUBAVG,2025-07-16 02:00:00+00:00,30.625,32.74882507324219,22.910953521728516,51.51789093017578
Chronos2,2025-07-16 00:00:00+00:00,HB_HUBAVG,2025-07-16 03:00:00+00:00,26.97083333333333,24.476524353027344,18.52025032043457,37.67331314086914
Chronos2,2025-07-16 00:00:00+00:00,HB_HUBAVG,2025-07-16 04:00:00+00:00,21.723333333333333,22.77156639099121,18.016284942626953,34.42556381225586
Chronos2,2025-07-16 00:00:00+00:00,HB_HUBAVG,2025-07-16 05:00:00+00:00,20.549166666666668,22.558757781982422,17.845382690429688,32.808753967285156
Chronos2,2025-07-16 00:00:00+00:00,HB_HUBAVG,2025-07-16 06:00:00+00:00,19.83,22.271526336669922,17.654909133911133,32.471614837646484
Chronos2,2025-07-16 00:00:00+00:00,HB_HUBAVG,2025-07-16 07:00:00+00:00,19.475,21.7332820892334,16.896312713623047,31.1812744140625
Chronos2,2025-07-16 00:00:00+00:00,HB_HUBAVG,2025-07-16 08:00:00+00:00,19.719166666666663,21.824871063232422,16.968564987182617,32.11568832397461
Chronos2,2025-07-16 00:00:00+00:00,HB_HUBAVG,2025-07-16 09:00:00+00:00,20.0375,22.96577262878418,17.43632698059082,33.72951126098633
Chronos2,2025-07-16 00:00:00+00:00,HB_HUBAVG,2025-07-16 10:00:00+00:00,20.605,24.160274505615234,18.26397132873535,36.53241729736328
Chronos2,2025-07-16 00:00:00+00:00,HB_HUBAVG,2025-07-16 11:00:00+00:00,21.109166666666667,24.51327133178711,17.954343795776367,37.973480224609375
Chronos2,2025-07-16 00:00:00+00:00,HB_HUBAVG,2025-07-16 12:00:00+00:00,19.279166666666665,21.96896743774414,16.411087036132812,34.29589080810547
Chronos2,2025-07-16 00:00:00+00:00,HB_HUBAVG,2025-07-16 13:00:00+00:00,13.524166666666666,19.140518188476562,15.252628326416016,31.248136520385742
Chronos2,2025-07-16 00:00:00+00:00,HB_HUBAVG,2025-07-16 14:00:00+00:00,9.8175,17.990379333496094,14.490758895874023,30.257667541503906
Chronos2,2025-07-16 00:00:00+00:00,HB_HUBAVG,2025-07-16 15:00:00+00:00,10.161666666666669,17.959226608276367,14.403739929199219,32.44843673706055
Chronos2,2025-07-16 00:00:00+00:00,HB_HUBAVG,2025-07-16 16:00:00+00:00,14.85,18.86240005493164,14.242971420288086,36.58108901977539
Chronos2,2025-07-16 00:00:00+00:00,HB_HUBAVG,2025-07-16 17:00:00+00:00,17.901666666666667,19.4169979095459,14.292415618896484,42.28293991088867
Chronos2,2025-07-16 00:00:00+00:00,HB_HUBAVG,2025-07-16 18:00:00+00:00,22.52916666666667,19.82366943359375,13.683103561401367,46.73190689086914
Chronos2,2025-07-16 00:00:00+00:00,HB_HUBAVG,2025-07-16 19:00:00+00:00,20.594166666666663,19.051849365234375,13.759475708007812,49.25038146972656
Chronos2,2025-07-16 00:00:00+00:00,HB_HUBAVG,2025-07-16 20:00:00+00:00,19.159166666666668,21.279048919677734,13.448326110839844,57.390724182128906
Chronos2,2025-07-16 00:00:00+00:00,HB_HUBAVG,2025-07-16 21:00:00+00:00,20.031666666666663,23.703369140625,13.994741439819336,63.651702880859375
Chronos2,2025-07-16 00:00:00+00:00,HB_HUBAVG,2025-07-16 22:00:00+00:00,19.91333333333333,24.847408294677734,14.186922073364258,65.2060775756836
Chronos2,2025-07-16 00:00:00+00:00,HB_HUBAVG,2025-07-16 23:00:00+00:00,25.3775,28.024967193603516,15.647661209106445,69.15190124511719
Chronos2,2025-07-16 00:00:00+00:00,HB_PAN,2025-07-16 00:00:00+00:00,21.550833333333333,13.404117584228516,5.9153289794921875,27.749465942382812
Chronos2,2025-07-16 00:00:00+00:00,HB_PAN,2025-07-16 01:00:00+00:00,35.65,17.844221115112305,6.155609130859375,42.046470642089844
Chronos2,2025-07-16 00:00:00+00:00,HB_PAN,2025-07-16 02:00:00+00:00,30.477500000000003,16.23361587524414,5.311138153076172,39.22616958618164
Chronos2,2025-07-16 00:00:00+00:00,HB_PAN,2025-07-16 03:00:00+00:00,27.155,14.071786880493164,3.7061386108398438,33.58737564086914
Chronos2,2025-07-16 00:00:00+00:00,HB_PAN,2025-07-16 04:00:00+00:00,21.335,13.274711608886719,3.367046356201172,31.980438232421875
Chronos2,2025-07-16 00:00:00+00:00,HB_PAN,2025-07-16 05:00:00+00:00,20.44666666666667,13.296051025390625,2.8212623596191406,31.629152297973633
Chronos2,2025-07-16 00:00:00+00:00,HB_PAN,2025-07-16 06:00:00+00:00,19.8125,13.46735954284668,2.8034515380859375,30.475688934326172
Chronos2,2025-07-16 00:00:00+00:00,HB_PAN,2025-07-16 07:00:00+00:00,19.34,12.830133438110352,2.4123573303222656,28.949291229248047
Chronos2,2025-07-16 00:00:00+00:00,HB_PAN,2025-07-16 08:00:00+00:00,19.731666666666666,13.065750122070312,2.386749267578125,28.715438842773438
Chronos2,2025-07-16 00:00:00+00:00,HB_PAN,2025-07-16 09:00:00+00:00,20.05666666666667,14.373514175415039,2.564605712890625,31.41139793395996
Chronos2,2025-07-16 00:00:00+00:00,HB_PAN,2025-07-16 10:00:00+00:00,20.624166666666667,15.25291633605957,3.41241455078125,33.979042053222656
Chronos2,2025-07-16 00:00:00+00:00,HB_PAN,2025-07-16 11:00:00+00:00,21.12833333333333,15.869636535644531,3.4286155700683594,35.2081298828125
Chronos2,2025-07-16 00:00:00+00:00,HB_PAN,2025-07-16 12:00:00+00:00,19.296666666666667,15.468692779541016,2.6886062622070312,33.76335906982422
Chronos2,2025-07-16 00:00:00+00:00,HB_PAN,2025-07-16 13:00:00+00:00,13.2025,14.062715530395508,2.474102020263672,32.44976043701172
Chronos2,2025-07-16 00:00:00+00:00,HB_PAN,2025-07-16 14:00:00+00:00,6.515833333333333,13.092964172363281,1.9367828369140625,31.732418060302734
Chronos2,2025-07-16 00:00:00+00:00,HB_PAN,2025-07-16 15:00:00+00:00,5.418333333333333,13.195878982543945,1.0169677734375,34.442909240722656
Chronos2,2025-07-16 00:00:00+00:00,HB_PAN,2025-07-16 16:00:00+00:00,9.279166666666669,13.648340225219727,1.3910293579101562,34.619781494140625
Chronos2,2025-07-16 00:00:00+00:00,HB_PAN,2025-07-16 17:00:00+00:00,12.506666666666666,13.53915023803711,0.21319580078125,41.45408248901367
Chronos2,2025-07-16 00:00:00+00:00,HB_PAN,2025-07-16 18:00:00+00:00,16.87666666666667,13.659536361694336,-1.7300148010253906,47.985416412353516
Chronos2,2025-07-16 00:00:00+00:00,HB_PAN,2025-07-16 19:00:00+00:00,13.1275,12.282943725585938,-2.4362831115722656,54.03256607055664
Chronos2,2025-07-16 00:00:00+00:00,HB_PAN,2025-07-16 20:00:00+00:00,12.595,13.174047470092773,-4.068622589111328,63.74904251098633
Chronos2,2025-07-16 00:00:00+00:00,HB_PAN,2025-07-16 21:00:00+00:00,12.203333333333331,14.55130386352539,-4.9338226318359375,74.48422241210938
Chronos2,2025-07-16 00:00:00+00:00,HB_PAN,2025-07-16 22:00:00+00:00,11.321666666666664,16.12103271484375,-4.077857971191406,79.88713836669922
Chronos2,2025-07-16 00:00:00+00:00,HB_PAN,2025-07-16 23:00:00+00:00,12.808333333333332,19.999774932861328,-2.3941726684570312,82.70988464355469
Chronos2,2025-07-16 00:00:00+00:00,LZ_WEST,2025-07-16 00:00:00+00:00,15.560833333333331,8.809337615966797,1.0020408630371094,24.33800506591797
Chronos2,2025-07-16 00:00:00+00:00,LZ_WEST,2025-07-16 01:00:00+00:00,36.024166666666666,15.029029846191406,1.8758087158203125,38.883975982666016
Chronos2,2025-07-16 00:00:00+00:00,LZ_WEST,2025-07-16 02:00:00+00:00,32.755833333333335,15.23043441772461,1.6484184265136719,41.17243194580078
Chronos2,2025-07-16 00:00:00+00:00,LZ_WEST,2025-07-16 03:00:00+00:00,31.8375,13.809017181396484,0.5364990234375,38.0338020324707
Chronos2,2025-07-16 00:00:00+00:00,LZ_WEST,2025-07-16 04:00:00+00:00,28.07333333333333,13.531784057617188,0.2222442626953125,37.91766357421875
Chronos2,2025-07-16 00:00:00+00:00,LZ_WEST,2025-07-16 05:00:00+00:00,22.86,14.181049346923828,-0.46363067626953125,39.455623626708984
Chronos2,2025-07-16 00:00:00+00:00,LZ_WEST,2025-07-16 06:00:00+00:00,19.6675,14.642913818359375,-0.37140655517578125,40.45520782470703
Chronos2,2025-07-16 00:00:00+00:00,LZ_WEST,2025-07-16 07:00:00+00:00,19.57,15.466480255126953,-0.6011199951171875,41.707637786865234
Chronos2,2025-07-16 00:00:00+00:00,LZ_WEST,2025-07-16 08:00:00+00:00,19.601666666666667,17.860715866088867,0.49103546142578125,46.382755279541016
Chronos2,2025-07-16 00:00:00+00:00,LZ_WEST,2025-07-16 09:00:00+00:00,19.7875,19.62897491455078,1.0913963317871094,48.18798828125
Chronos2,2025-07-16 00:00:00+00:00,LZ_WEST,2025-07-16 10:00:00+00:00,20.3575,19.14095687866211,1.4309959411621094,47.33291244506836
Chronos2,2025-07-16 00:00:00+00:00,LZ_WEST,2025-07-16 11:00:00+00:00,20.86583333333333,18.382612228393555,0.5626144409179688,46.06321716308594
Chronos2,2025-07-16 00:00:00+00:00,LZ_WEST,2025-07-16 12:00:00+00:00,19.025,16.496967315673828,-0.3844146728515625,42.318389892578125
Chronos2,2025-07-16 00:00:00+00:00,LZ_WEST,2025-07-16 13:00:00+00:00,12.770833333333334,13.57717514038086,-1.8911514282226562,38.18280792236328
Chronos2,2025-07-16 00:00:00+00:00,LZ_WEST,2025-07-16 14:00:00+00:00,4.159166666666667,11.917888641357422,-2.738494873046875,35.786590576171875
Chronos2,2025-07-16 00:00:00+00:00,LZ_WEST,2025-07-16 15:00:00+00:00,1.5775,12.011573791503906,-3.219532012939453,37.73411178588867
Chronos2,2025-07-16 00:00:00+00:00,LZ_WEST,2025-07-16 16:00:00+00:00,3.543333333333333,12.6429443359375,-2.493122100830078,39.016029357910156
Chronos2,2025-07-16 00:00:00+00:00,LZ_WEST,2025-07-16 17:00:00+00:00,7.010833333333333,12.295433044433594,-3.4350051879882812,42.86994934082031
Chronos2,2025-07-16 00:00:00+00:00,LZ_WEST,2025-07-16 18:00:00+00:00,10.243333333333334,11.733619689941406,-5.798244476318359,46.28824996948242
Chronos2,2025-07-16 00:00:00+00:00,LZ_WEST,2025-07-16 19:00:00+00:00,5.163333333333333,9.858085632324219,-6.5090179443359375,49.135337829589844
Chronos2,2025-07-16 00:00:00+00:00,LZ_WEST,2025-07-16 20:00:00+00:00,5.17,10.93350601196289,-8.059791564941406,54.81980895996094
Chronos2,2025-07-16 00:00:00+00:00,LZ_WEST,2025-07-16 21:00:00+00:00,4.309166666666667,12.527667999267578,-8.450992584228516,61.83315658569336
Chronos2,2025-07-16 00:00:00+00:00,LZ_WEST,2025-07-16 22:00:00+00:00,3.2533333333333334,13.536670684814453,-8.859672546386719,67.18788146972656
Chronos2,2025-07-16 00:00:00+00:00,LZ_WEST,2025-07-16 23:00:00+00:00,5.653333333333333,17.3774471282959,-6.883876800537109,70.10685729980469
Chronos2,2025-07-17 00:00:00+00:00,HB_HUBAVG,2025-07-17 00:00:00+00:00,34.74333333333333,38.82524871826172,28.717323303222656,57.56279754638672
Chronos2,2025-07-17 00:00:00+00:00,HB_HUBAVG,2025-07-17 01:00:00+00:00,42.1675,46.067222595214844,32.254920959472656,71.05316925048828
Chronos2,2025-07-17 00:00:00+00:00,HB_HUBAVG,2025-07-17 02:00:00+00:00,36.3775,34.96324157714844,25.453895568847656,55.44236755371094
Chronos2,2025-07-17 00:00:00+00:00,HB_HUBAVG,2025-07-17 03:00:00+00:00,31.80333333333333,25.471981048583984,19.452720642089844,37.074134826660156
Chronos2,2025-07-17 00:00:00+00:00,HB_HUBAVG,2025-07-17 04:00:00+00:00,27.765833333333333,22.53656768798828,18.14503288269043,30.875795364379883
Chronos2,2025-07-17 00:00:00+00:00,HB_HUBAVG,2025-07-17 05:00:00+00:00,25.57166666666667,21.754615783691406,17.9174747467041,28.42548942565918
Chronos2,2025-07-17 00:00:00+00:00,HB_HUBAVG,2025-07-17 06:00:00+00:00,24.86083333333333,21.56252670288086,18.181562423706055,27.407472610473633
Chronos2,2025-07-17 00:00:00+00:00,HB_HUBAVG,2025-07-17 07:00:00+00:00,23.125,21.364341735839844,18.30768585205078,26.535736083984375
Chronos2,2025-07-17 00:00:00+00:00,HB_HUBAVG,2025-07-17 08:00:00+00:00,24.227500000000003,21.900896072387695,18.68501091003418,26.10744285583496
Chronos2,2025-07-17 00:00:00+00:00,HB_HUBAVG,2025-07-17 09:00:00+00:00,24.454166666666666,22.711816787719727,19.771753311157227,27.451580047607422
Chronos2,2025-07-17 00:00:00+00:00,HB_HUBAVG,2025-07-17 10:00:00+00:00,24.3825,23.74414825439453,20.1871337890625,28.79100799560547
Chronos2,2025-07-17 00:00:00+00:00,HB_HUBAVG,2025-07-17 11:00:00+00:00,24.988333333333333,24.28815269470215,20.196149826049805,30.225244522094727
Chronos2,2025-07-17 00:00:00+00:00,HB_HUBAVG,2025-07-17 12:00:00+00:00,21.645,20.350059509277344,16.725910186767578,26.029211044311523
Chronos2,2025-07-17 00:00:00+00:00,HB_HUBAVG,2025-07-17 13:00:00+00:00,18.191666666666663,15.990385055541992,12.821725845336914,21.47829246520996
Chronos2,2025-07-17 00:00:00+00:00,HB_HUBAVG,2025-07-17 14:00:00+00:00,18.11,13.720340728759766,10.768917083740234,19.1636905670166
Chronos2,2025-07-17 00:00:00+00:00,HB_HUBAVG,2025-07-17 15:00:00+00:00,19.4525,14.076505661010742,11.171575546264648,18.940109252929688
Chronos2,2025-07-17 00:00:00+00:00,HB_HUBAVG,2025-07-17 16:00:00+00:00,22.85333333333333,17.85767364501953,14.156244277954102,24.492721557617188
Chronos2,2025-07-17 00:00:00+00:00,HB_HUBAVG,2025-07-17 17:00:00+00:00,26.021666666666665,20.103601455688477,15.826845169067383,29.426742553710938
Chronos2,2025-07-17 00:00:00+00:00,HB_HUBAVG,2025-07-17 18:00:00+00:00,26.831666666666667,21.436119079589844,16.374170303344727,32.498695373535156
Chronos2,2025-07-17 00:00:00+00:00,HB_HUBAVG,2025-07-17 19:00:00+00:00,26.473333333333333,20.38077735900879,15.930252075195312,33.13127136230469
Chronos2,2025-07-17 00:00:00+00:00,HB_HUBAVG,2025-07-17 20:00:00+00:00,22.3875,20.57712745666504,15.148538589477539,39.41302490234375
Chronos2,2025-07-17 00:00:00+00:00,HB_HUBAVG,2025-07-17 21:00:00+00:00,20.063333333333333,20.971765518188477,14.283039093017578,47.02089309692383
Chronos2,2025-07-17 00:00:00+00:00,HB_HUBAVG,2025-07-17 22:00:00+00:00,20.6025,21.176929473876953,13.455448150634766,53.77080154418945
Chronos2,2025-07-17 00:00:00+00:00,HB_HUBAVG,2025-07-17 23:00:00+00:00,25.61,25.18270492553711,14.99853515625,68.68036651611328
Chronos2,2025-07-17 00:00:00+00:00,HB_PAN,2025-07-17 00:00:00+00:00,23.5175,24.045509338378906,13.080493927001953,51.90888977050781
Chronos2,2025-07-17 00:00:00+00:00,HB_PAN,2025-07-17 01:00:00+00:00,41.6575,39.97962951660156,19.828283309936523,70.89579772949219
Chronos2,2025-07-17 00:00:00+00:00,HB_PAN,2025-07-17 02:00:00+00:00,36.16,30.5206298828125,17.792343139648438,53.87696838378906
Chronos2,2025-07-17 00:00:00+00:00,HB_PAN,2025-07-17 03:00:00+00:00,30.261666666666667,21.591266632080078,12.73134994506836,34.987632751464844
Chronos2,2025-07-17 00:00:00+00:00,HB_PAN,2025-07-17 04:00:00+00:00,25.889166666666668,19.562070846557617,12.318258285522461,29.4154052734375
Chronos2,2025-07-17 00:00:00+00:00,HB_PAN,2025-07-17 05:00:00+00:00,24.666666666666668,20.165616989135742,13.514484405517578,28.407691955566406
Chronos2,2025-07-17 00:00:00+00:00,HB_PAN,2025-07-17 06:00:00+00:00,23.618333333333336,20.551475524902344,14.448444366455078,27.557710647583008
Chronos2,2025-07-17 00:00:00+00:00,HB_PAN,2025-07-17 07:00:00+00:00,22.48,20.281309127807617,14.170244216918945,27.228790283203125
Chronos2,2025-07-17 00:00:00+00:00,HB_PAN,2025-07-17 08:00:00+00:00,23.0775,20.101913452148438,13.682327270507812,26.58401870727539
Chronos2,2025-07-17 00:00:00+00:00,HB_PAN,2025-07-17 09:00:00+00:00,23.29083333333333,21.22549819946289,14.612733840942383,28.533430099487305
Chronos2,2025-07-17 00:00:00+00:00,HB_PAN,2025-07-17 10:00:00+00:00,23.3025,23.0218505859375,15.531185150146484,31.48694610595703
Chronos2,2025-07-17 00:00:00+00:00,HB_PAN,2025-07-17 11:00:00+00:00,24.145,24.02910614013672,16.131147384643555,33.02980422973633
Chronos2,2025-07-17 00:00:00+00:00,HB_PAN,2025-07-17 12:00:00+00:00,21.416666666666668,20.78982162475586,13.059736251831055,29.491901397705078
Chronos2,2025-07-17 00:00:00+00:00,HB_PAN,2025-07-17 13:00:00+00:00,18.21583333333333,15.466333389282227,7.715034484863281,24.451080322265625
Chronos2,2025-07-17 00:00:00+00:00,HB_PAN,2025-07-17 14:00:00+00:00,18.139166666666668,12.103506088256836,4.797342300415039,22.726455688476562
Chronos2,2025-07-17 00:00:00+00:00,HB_PAN,2025-07-17 15:00:00+00:00,19.4625,12.408330917358398,4.754398345947266,24.29473876953125
Chronos2,2025-07-17 00:00:00+00:00,HB_PAN,2025-07-17 16:00:00+00:00,22.785,15.628463745117188,7.507179260253906,27.816696166992188
Chronos2,2025-07-17 00:00:00+00:00,HB_PAN,2025-07-17 17:00:00+00:00,25.995833333333337,16.41797637939453,6.852453231811523,31.713356018066406
Chronos2,2025-07-17 00:00:00+00:00,HB_PAN,2025-07-17 18:00:00+00:00,28.025,15.984018325805664,5.6237640380859375,36.761531829833984
Chronos2,2025-07-17 00:00:00+00:00,HB_PAN,2025-07-17 19:00:00+00:00,27.39333333333333,13.711280822753906,2.1706886291503906,41.394588470458984
Chronos2,2025-07-17 00:00:00+00:00,HB_PAN,2025-07-17 20:00:00+00:00,19.836666666666662,12.418354034423828,-0.2631263732910156,49.56206512451172
Chronos2,2025-07-17 00:00:00+00:00,HB_PAN,2025-07-17 21:00:00+00:00,12.638333333333334,12.298974990844727,-2.5702667236328125,64.92576599121094
Chronos2,2025-07-17 00:00:00+00:00,HB_PAN,2025-07-17 22:00:00+00:00,11.3825,12.125261306762695,-2.6298561096191406,73.92921447753906
Chronos2,2025-07-17 00:00:00+00:00,HB_PAN,2025-07-17 23:00:00+00:00,13.425,14.879344940185547,-0.9657173156738281,80.52896118164062
Chronos2,2025-07-17 00:00:00+00:00,LZ_WEST,2025-07-17 00:00:00+00:00,17.32166666666667,18.3189697265625,6.654438018798828,42.62059783935547
Chronos2,2025-07-17 00:00:00+00:00,LZ_WEST,2025-07-17 01:00:00+00:00,43.2375,35.00306701660156,17.191776275634766,64.1393814086914
Chronos2,2025-07-17 00:00:00+00:00,LZ_WEST,2025-07-17 02:00:00+00:00,45.72583333333333,31.914793014526367,16.611387252807617,56.172218322753906
Chronos2,2025-07-17 00:00:00+00:00,LZ_WEST,2025-07-17 03:00:00+00:00,46.50666666666667,26.931413650512695,14.371015548706055,47.13101577758789
Chronos2,2025-07-17 00:00:00+00:00,LZ_WEST,2025-07-17 04:00:00+00:00,42.7275,24.542484283447266,13.66360855102539,42.381492614746094
Chronos2,2025-07-17 00:00:00+00:00,LZ_WEST,2025-07-17 05:00:00+00:00,42.498333333333335,23.70089340209961,13.060874938964844,40.18212127685547
Chronos2,2025-07-17 00:00:00+00:00,LZ_WEST,2025-07-17 06:00:00+00:00,42.40583333333333,22.638891220092773,12.031631469726562,39.344947814941406
Chronos2,2025-07-17 00:00:00+00:00,LZ_WEST,2025-07-17 07:00:00+00:00,35.49,21.346670150756836,10.815547943115234,39.17669677734375
Chronos2,2025-07-17 00:00:00+00:00,LZ_WEST,2025-07-17 08:00:00+00:00,51.53416666666666,21.749879837036133,9.83823013305664,40.40202713012695
Chronos2,2025-07-17 00:00:00+00:00,LZ_WEST,2025-07-17 09:00:00+00:00,52.28833333333333,22.15193748474121,10.447135925292969,40.74459457397461
Chronos2,2025-07-17 00:00:00+00:00,LZ_WEST,2025-07-17 10:00:00+00:00,50.2325,22.955610275268555,11.001739501953125,41.006683349609375
Chronos2,2025-07-17 00:00:00+00:00,LZ_WEST,2025-07-17 11:00:00+00:00,45.11083333333334,23.07496452331543,11.37148666381836,41.37211227416992
Chronos2,2025-07-17 00:00:00+00:00,LZ_WEST,2025-07-17 12:00:00+00:00,27.275,20.612403869628906,9.974464416503906,36.98250198364258
Chronos2,2025-07-17 00:00:00+00:00,LZ_WEST,2025-07-17 13:00:00+00:00,18.0425,16.025014877319336,6.074592590332031,31.361106872558594
Chronos2,2025-07-17 00:00:00+00:00,LZ_WEST,2025-07-17 14:00:00+00:00,17.9975,12.411983489990234,3.8886871337890625,28.851436614990234
Chronos2,2025-07-17 00:00:00+00:00,LZ_WEST,2025-07-17 15:00:00+00:00,19.471666666666668,12.082633972167969,3.19970703125,29.488140106201172
Chronos2,2025-07-17 00:00:00+00:00,LZ_WEST,2025-07-17 16:00:00+00:00,22.6925,13.77501106262207,3.2961807250976562,34.476844787597656
Chronos2,2025-07-17 00:00:00+00:00,LZ_WEST,2025-07-17 17:00:00+00:00,25.885,14.619020462036133,2.6240882873535156,39.69102478027344
Chronos2,2025-07-17 00:00:00+00:00,LZ_WEST,2025-07-17 18:00:00+00:00,27.251666666666665,13.530981063842773,0.5376205444335938,42.748435974121094
Chronos2,2025-07-17 00:00:00+00:00,LZ_WEST,2025-07-17 19:00:00+00:00,26.7475,9.442298889160156,-2.7522354125976562,40.46761703491211
Chronos2,2025-07-17 00:00:00+00:00,LZ_WEST,2025-07-17 20:00:00+00:00,17.153333333333332,7.113151550292969,-5.0199127197265625,43.11652374267578
Chronos2,2025-07-17 00:00:00+00:00,LZ_WEST,2025-07-17 21:00:00+00:00,6.265,7.070289611816406,-5.735687255859375,51.473670959472656
Chronos2,2025-07-17 00:00:00+00:00,LZ_WEST,2025-07-17 22:00:00+00:00,3.943333333333333,6.687191009521484,-7.553672790527344,56.777950286865234
Chronos2,2025-07-17 00:00:00+00:00,LZ_WEST,2025-07-17 23:00:00+00:00,5.685,9.241207122802734,-6.419528961181641,61.87135314941406
Chronos2,2025-07-18 00:00:00+00:00,HB_HUBAVG,2025-07-18 00:00:00+00:00,45.35666666666666,35.16585922241211,29.857868194580078,42.947364807128906
Chronos2,2025-07-18 00:00:00+00:00,HB_HUBAVG,2025-07-18 01:00:00+00:00,52.64333333333334,40.83028793334961,32.23588943481445,53.312835693359375
Chronos2,2025-07-18 00:00:00+00:00,HB_HUBAVG,2025-07-18 02:00:00+00:00,44.23416666666666,35.88718032836914,27.503093719482422,47.75830841064453
Chronos2,2025-07-18 00:00:00+00:00,HB_HUBAVG,2025-07-18 03:00:00+00:00,36.52833333333333,30.102832794189453,23.243648529052734,39.72348403930664
Chronos2,2025-07-18 00:00:00+00:00,HB_HUBAVG,2025-07-18 04:00:00+00:00,27.596666666666664,26.704486846923828,20.99093246459961,35.67234420776367
Chronos2,2025-07-18 00:00:00+00:00,HB_HUBAVG,2025-07-18 05:00:00+00:00,23.905,25.713924407958984,20.06324005126953,33.489768981933594
Chronos2,2025-07-18 00:00:00+00:00,HB_HUBAVG,2025-07-18 06:00:00+00:00,22.6375,24.974952697753906,19.507036209106445,32.489959716796875
Chronos2,2025-07-18 00:00:00+00:00,HB_HUBAVG,2025-07-18 07:00:00+00:00,21.3925,24.178966522216797,19.239046096801758,31.103347778320312
Chronos2,2025-07-18 00:00:00+00:00,HB_HUBAVG,2025-07-18 08:00:00+00:00,21.391666666666666,23.890911102294922,18.709510803222656,30.57275390625
Chronos2,2025-07-18 00:00:00+00:00,HB_HUBAVG,2025-07-18 09:00:00+00:00,22.290000000000003,24.105615615844727,18.858909606933594,31.372316360473633
Chronos2,2025-07-18 00:00:00+00:00,HB_HUBAVG,2025-07-18 10:00:00+00:00,24.30666666666667,24.731647491455078,19.028793334960938,32.59891128540039
Chronos2,2025-07-18 00:00:00+00:00,HB_HUBAVG,2025-07-18 11:00:00+00:00,28.480833333333333,24.82086181640625,19.07830047607422,32.59593963623047
Chronos2,2025-07-18 00:00:00+00:00,HB_HUBAVG,2025-07-18 12:00:00+00:00,27.148333333333337,21.82980728149414,16.624860763549805,29.374055862426758
Chronos2,2025-07-18 00:00:00+00:00,HB_HUBAVG,2025-07-18 13:00:00+00:00,24.09083333333333,18.612300872802734,13.914680480957031,26.312747955322266
Chronos2,2025-07-18 00:00:00+00:00,HB_HUBAVG,2025-07-18 14:00:00+00:00,23.769166666666667,17.11018943786621,12.854551315307617,24.818174362182617
Chronos2,2025-07-18 00:00:00+00:00,HB_HUBAVG,2025-07-18 15:00:00+00:00,22.23,18.118440628051758,13.295183181762695,26.35382080078125
Chronos2,2025-07-18 00:00:00+00:00,HB_HUBAVG,2025-07-18 16:00:00+00:00,22.78833333333333,21.238466262817383,15.306413650512695,32.56237030029297
Chronos2,2025-07-18 00:00:00+00:00,HB_HUBAVG,2025-07-18 17:00:00+00:00,22.74416666666667,24.312232971191406,17.49714469909668,37.32066345214844
Chronos2,2025-07-18 00:00:00+00:00,HB_HUBAVG,2025-07-18 18:00:00+00:00,25.1775,25.992412567138672,18.26728057861328,40.45954513549805
Chronos2,2025-07-18 00:00:00+00:00,HB_HUBAVG,2025-07-18 19:00:00+00:00,23.391666666666666,24.99211311340332,18.12759017944336,38.63219451904297
Chronos2,2025-07-18 00:00:00+00:00,HB_HUBAVG,2025-07-18 20:00:00+00:00,24.305833333333336,23.99323081970215,17.169963836669922,38.48872375488281
Chronos2,2025-07-18 00:00:00+00:00,HB_HUBAVG,2025-07-18 21:00:00+00:00,22.881666666666664,23.30120849609375,16.305984497070312,38.52830505371094
Chronos2,2025-07-18 00:00:00+00:00,HB_HUBAVG,2025-07-18 22:00:00+00:00,26.715,23.552953720092773,16.60572624206543,38.92824935913086
Chronos2,2025-07-18 00:00:00+00:00,HB_HUBAVG,2025-07-18 23:00:00+00:00,31.27583333333333,27.297012329101562,18.662511825561523,46.268714904785156
Chronos2,2025-07-18 00:00:00+00:00,HB_PAN,2025-07-18 00:00:00+00:00,43.135,21.116863250732422,13.229515075683594,34.51972961425781
Chronos2,2025-07-18 00:00:00+00:00,HB_PAN,2025-07-18 01:00:00+00:00,54.145833333333336,35.29066467285156,20.657447814941406,59.61882400512695
Chronos2,2025-07-18 00:00:00+00:00,HB_PAN,2025-07-18 02:00:00+00:00,45.16833333333333,32.18976593017578,18.628610610961914,54.55982971191406
Chronos2,2025-07-18 00:00:00+00:00,HB_PAN,2025-07-18 03:00:00+00:00,36.0975,25.64336395263672,15.159976959228516,41.04975891113281
Chronos2,2025-07-18 00:00:00+00:00,HB_PAN,2025-07-18 04:00:00+00:00,26.46583333333333,23.03610610961914,14.26319694519043,35.47393798828125
Chronos2,2025-07-18 00:00:00+00:00,HB_PAN,2025-07-18 05:00:00+00:00,22.34,23.470943450927734,15.093524932861328,34.01816940307617
Chronos2,2025-07-18 00:00:00+00:00,HB_PAN,2025-07-18 06:00:00+00:00,22.409166666666664,23.352394104003906,15.139135360717773,33.298580169677734
Chronos2,2025-07-18 00:00:00+00:00,HB_PAN,2025-07-18 07:00:00+00:00,21.1225,22.675556182861328,15.174335479736328,31.757484436035156
Chronos2,2025-07-18 00:00:00+00:00,HB_PAN,2025-07-18 08:00:00+00:00,21.28333333333333,22.574371337890625,14.757034301757812,31.175981521606445
Chronos2,2025-07-18 00:00:00+00:00,HB_PAN,2025-07-18 09:00:00+00:00,22.257500000000004,23.002471923828125,15.04062271118164,32.24267578125
Chronos2,2025-07-18 00:00:00+00:00,HB_PAN,2025-07-18 10:00:00+00:00,24.14833333333333,23.659347534179688,15.075658798217773,33.92881393432617
Chronos2,2025-07-18 00:00:00+00:00,HB_PAN,2025-07-18 11:00:00+00:00,28.471666666666664,24.395050048828125,15.75137710571289,34.74570846557617
Chronos2,2025-07-18 00:00:00+00:00,HB_PAN,2025-07-18 12:00:00+00:00,27.148333333333337,22.40089988708496,14.110477447509766,32.79393005371094
Chronos2,2025-07-18 00:00:00+00:00,HB_PAN,2025-07-18 13:00:00+00:00,24.09083333333333,18.536209106445312,10.285982131958008,28.88995933532715
Chronos2,2025-07-18 00:00:00+00:00,HB_PAN,2025-07-18 14:00:00+00:00,23.769166666666667,16.30851173400879,8.707220077514648,28.168476104736328
Chronos2,2025-07-18 00:00:00+00:00,HB_PAN,2025-07-18 15:00:00+00:00,22.23,17.357969284057617,9.351173400878906,30.2286319732666
Chronos2,2025-07-18 00:00:00+00:00,HB_PAN,2025-07-18 16:00:00+00:00,22.55,19.58013343811035,9.873979568481445,35.96134567260742
Chronos2,2025-07-18 00:00:00+00:00,HB_PAN,2025-07-18 17:00:00+00:00,21.4625,21.930368423461914,10.885995864868164,41.888851165771484
Chronos2,2025-07-18 00:00:00+00:00,HB_PAN,2025-07-18 18:00:00+00:00,23.700833333333332,24.250059127807617,11.571857452392578,48.30608367919922
Chronos2,2025-07-18 00:00:00+00:00,HB_PAN,2025-07-18 19:00:00+00:00,18.8,23.262847900390625,10.982381820678711,48.111846923828125
Chronos2,2025-07-18 00:00:00+00:00,HB_PAN,2025-07-18 20:00:00+00:00,14.655,21.539894104003906,9.369401931762695,48.94032287597656
Chronos2,2025-07-18 00:00:00+00:00,HB_PAN,2025-07-18 21:00:00+00:00,6.982499999999999,20.668289184570312,7.657953262329102,53.293785095214844
Chronos2,2025-07-18 00:00:00+00:00,HB_PAN,2025-07-18 22:00:00+00:00,0.2166666666666666,20.147563934326172,6.3567962646484375,56.47430419921875
Chronos2,2025-07-18 00:00:00+00:00,HB_PAN,2025-07-18 23:00:00+00:00,-1.6449999999999998,21.912248611450195,7.658329010009766,60.172706604003906
Chronos2,2025-07-18 00:00:00+00:00,LZ_WEST,2025-07-18 00:00:00+00:00,41.535,15.984701156616211,6.953296661376953,31.055757522583008
Chronos2,2025-07-18 00:00:00+00:00,LZ_WEST,2025-07-18 01:00:00+00:00,54.63583333333333,30.606000900268555,14.132780075073242,54.77410125732422
Chronos2,2025-07-18 00:00:00+00:00,LZ_WEST,2025-07-18 02:00:00+00:00,49.87916666666666,34.89094543457031,15.351015090942383,60.760887145996094
Chronos2,2025-07-18 00:00:00+00:00,LZ_WEST,2025-07-18 03:00:00+00:00,49.39833333333333,32.934024810791016,14.394144058227539,59.390777587890625
Chronos2,2025-07-18 00:00:00+00:00,LZ_WEST,2025-07-18 04:00:00+00:00,47.09333333333333,31.441679000854492,13.33311653137207,56.86880111694336
Chronos2,2025-07-18 00:00:00+00:00,LZ_WEST,2025-07-18 05:00:00+00:00,34.050000000000004,31.02602767944336,12.654680252075195,57.331356048583984
Chronos2,2025-07-18 00:00:00+00:00,LZ_WEST,2025-07-18 06:00:00+00:00,26.061666666666667,31.475231170654297,12.301347732543945,58.10804748535156
Chronos2,2025-07-18 00:00:00+00:00,LZ_WEST,2025-07-18 07:00:00+00:00,23.6775,31.620582580566406,12.914766311645508,58.18311309814453
Chronos2,2025-07-18 00:00:00+00:00,LZ_WEST,2025-07-18 08:00:00+00:00,23.61916666666667,34.535423278808594,13.972593307495117,60.97052001953125
Chronos2,2025-07-18 00:00:00+00:00,LZ_WEST,2025-07-18 09:00:00+00:00,22.995,36.06880569458008,14.941032409667969,62.253929138183594
Chronos2,2025-07-18 00:00:00+00:00,LZ_WEST,2025-07-18 10:00:00+00:00,27.69333333333333,35.18044662475586,14.354572296142578,61.220176696777344
Chronos2,2025-07-18 00:00:00+00:00,LZ_WEST,2025-07-18 11:00:00+00:00,28.685,31.626426696777344,13.025165557861328,56.614219665527344
Chronos2,2025-07-18 00:00:00+00:00,LZ_WEST,2025-07-18 12:00:00+00:00,27.148333333333337,22.87201690673828,8.026782989501953,45.512184143066406
Chronos2,2025-07-18 00:00:00+00:00,LZ_WEST,2025-07-18 13:00:00+00:00,24.09083333333333,16.235576629638672,4.328723907470703,36.30833435058594
Chronos2,2025-07-18 00:00:00+00:00,LZ_WEST,2025-07-18 14:00:00+00:00,23.769166666666667,14.028701782226562,2.781513214111328,33.35251998901367
Chronos2,2025-07-18 00:00:00+00:00,LZ_WEST,2025-07-18 15:00:00+00:00,22.23,14.385496139526367,2.9529762268066406,33.866966247558594
Chronos2,2025-07-18 00:00:00+00:00,LZ_WEST,2025-07-18 16:00:00+00:00,22.0325,16.988832473754883,3.6353111267089844,39.041255950927734
Chronos2,2025-07-18 00:00:00+00:00,LZ_WEST,2025-07-18 17:00:00+00:00,18.34083333333333,18.694440841674805,4.674869537353516,42.983436584472656
Chronos2,2025-07-18 00:00:00+00:00,LZ_WEST,2025-07-18 18:00:00+00:00,20.3175,20.86441421508789,5.332725524902344,48.30054473876953
Chronos2,2025-07-18 00:00:00+00:00,LZ_WEST,2025-07-18 19:00:00+00:00,14.46,20.269731521606445,4.775848388671875,48.419219970703125
Chronos2,2025-07-18 00:00:00+00:00,LZ_WEST,2025-07-18 20:00:00+00:00,9.469166666666666,18.027313232421875,3.4494171142578125,47.792388916015625
Chronos2,2025-07-18 00:00:00+00:00,LZ_WEST,2025-07-18 21:00:00+00:00,5.118333333333333,16.284521102905273,1.9602622985839844,47.09629440307617
Chronos2,2025-07-18 00:00:00+00:00,LZ_WEST,2025-07-18 22:00:00+00:00,1.5833333333333333,15.609888076782227,0.6993484497070312,47.12735366821289
Chronos2,2025-07-18 00:00:00+00:00,LZ_WEST,2025-07-18 23:00:00+00:00,0.8841666666666667,17.340524673461914,1.4997138977050781,52.21575927734375
Chronos2,2025-07-19 00:00:00+00:00,HB_HUBAVG,2025-07-19 00:00:00+00:00,35.37833333333333,45.84638977050781,38.91515350341797,55.33445739746094
Chronos2,2025-07-19 00:00:00+00:00,HB_HUBAVG,2025-07-19 01:00:00+00:00,39.1,53.35729217529297,42.549983978271484,68.24182891845703
Chronos2,2025-07-19 00:00:00+00:00,HB_HUBAVG,2025-07-19 02:00:00+00:00,31.10333333333333,45.88749694824219,35.50764846801758,60.055931091308594
Chronos2,2025-07-19 00:00:00+00:00,HB_HUBAVG,2025-07-19 03:00:00+00:00,27.675833333333333,35.82475662231445,28.825042724609375,46.27678680419922
Chronos2,2025-07-19 00:00:00+00:00,HB_HUBAVG,2025-07-19 04:00:00+00:00,25.055833333333336,29.7818603515625,24.554744720458984,37.97968673706055
Chronos2,2025-07-19 00:00:00+00:00,HB_HUBAVG,2025-07-19 05:00:00+00:00,26.12333333333333,27.414291381835938,22.72193145751953,34.20870590209961
Chronos2,2025-07-19 00:00:00+00:00,HB_HUBAVG,2025-07-19 06:00:00+00:00,24.761666666666667,26.34325408935547,22.21189308166504,32.570369720458984
Chronos2,2025-07-19 00:00:00+00:00,HB_HUBAVG,2025-07-19 07:00:00+00:00,24.8825,25.822162628173828,21.69811248779297,31.626888275146484
Chronos2,2025-07-19 00:00:00+00:00,HB_HUBAVG,2025-07-19 08:00:00+00:00,22.81083333333333,26.071788787841797,21.636600494384766,31.793825149536133
Chronos2,2025-07-19 00:00:00+00:00,HB_HUBAVG,2025-07-19 09:00:00+00:00,21.9825,26.908130645751953,22.474849700927734,32.887630462646484
Chronos2,2025-07-19 00:00:00+00:00,HB_HUBAVG,2025-07-19 10:00:00+00:00,22.50333333333333,28.246109008789062,23.29493522644043,34.946407318115234
Chronos2,2025-07-19 00:00:00+00:00,HB_HUBAVG,2025-07-19 11:00:00+00:00,22.2925,28.491987228393555,23.29814910888672,35.778079986572266
Chronos2,2025-07-19 00:00:00+00:00,HB_HUBAVG,2025-07-19 12:00:00+00:00,18.396666666666665,26.62647247314453,21.549755096435547,33.98884963989258
Chronos2,2025-07-19 00:00:00+00:00,HB_HUBAVG,2025-07-19 13:00:00+00:00,14.8075,24.65709686279297,19.52342414855957,32.59173583984375
Chronos2,2025-07-19 00:00:00+00:00,HB_HUBAVG,2025-07-19 14:00:00+00:00,7.767500000000001,23.459362030029297,18.614784240722656,32.58281326293945
Chronos2,2025-07-19 00:00:00+00:00,HB_HUBAVG,2025-07-19 15:00:00+00:00,6.890000000000001,23.842548370361328,18.722766876220703,33.97868728637695
Chronos2,2025-07-19 00:00:00+00:00,HB_HUBAVG,2025-07-19 16:00:00+00:00,12.729166666666666,24.684139251708984,19.244741439819336,34.59346008300781
Chronos2,2025-07-19 00:00:00+00:00,HB_HUBAVG,2025-07-19 17:00:00+00:00,15.791666666666666,25.3843994140625,19.917543411254883,37.07888412475586
Chronos2,2025-07-19 00:00:00+00:00,HB_HUBAVG,2025-07-19 18:00:00+00:00,19.044166666666666,26.992626190185547,20.43016815185547,42.27408218383789
Chronos2,2025-07-19 00:00:00+00:00,HB_HUBAVG,2025-07-19 19:00:00+00:00,20.074166666666667,27.970640182495117,20.707679748535156,47.59272766113281
Chronos2,2025-07-19 00:00:00+00:00,HB_HUBAVG,2025-07-19 20:00:00+00:00,21.89833333333333,28.534263610839844,20.362613677978516,51.40488052368164
Chronos2,2025-07-19 00:00:00+00:00,HB_HUBAVG,2025-07-19 21:00:00+00:00,21.043333333333333,28.293846130371094,19.866132736206055,54.41410827636719
Chronos2,2025-07-19 00:00:00+00:00,HB_HUBAVG,2025-07-19 22:00:00+00:00,18.7425,30.628826141357422,21.15422821044922,59.69184112548828
Chronos2,2025-07-19 00:00:00+00:00,HB_HUBAVG,2025-07-19 23:00:00+00:00,20.058333333333337,37.13080978393555,24.741588592529297,72.15827941894531
Chronos2,2025-07-19 00:00:00+00:00,HB_PAN,2025-07-19 00:00:00+00:00,7.841666666666666,7.906803131103516,-6.188232421875,36.29723358154297
Chronos2,2025-07-19 00:00:00+00:00,HB_PAN,2025-07-19 01:00:00+00:00,28.8775,32.31239318847656,0.9078025817871094,68.51011657714844
Chronos2,2025-07-19 00:00:00+00:00,HB_PAN,2025-07-19 02:00:00+00:00,19.361666666666668,28.80401611328125,2.8976669311523438,56.88763427734375
Chronos2,2025-07-19 00:00:00+00:00,HB_PAN,2025-07-19 03:00:00+00:00,15.349166666666669,23.28558921813965,6.132410049438477,42.71108627319336
Chronos2,2025-07-19 00:00:00+00:00,HB_PAN,2025-07-19 04:00:00+00:00,13.844166666666666,19.31598663330078,5.172819137573242,32.99136734008789
Chronos2,2025-07-19 00:00:00+00:00,HB_PAN,2025-07-19 05:00:00+00:00,8.94,19.682010650634766,6.511985778808594,31.048351287841797
Chronos2,2025-07-19 00:00:00+00:00,HB_PAN,2025-07-19 06:00:00+00:00,7.0125,20.229473114013672,6.634967803955078,31.261703491210938
Chronos2,2025-07-19 00:00:00+00:00,HB_PAN,2025-07-19 07:00:00+00:00,7.315833333333334,19.923274993896484,7.381223678588867,29.784242630004883
Chronos2,2025-07-19 00:00:00+00:00,HB_PAN,2025-07-19 08:00:00+00:00,14.3875,20.306163787841797,7.595182418823242,29.467031478881836
Chronos2,2025-07-19 00:00:00+00:00,HB_PAN,2025-07-19 09:00:00+00:00,16.628333333333334,21.544078826904297,8.09376335144043,31.276302337646484
Chronos2,2025-07-19 00:00:00+00:00,HB_PAN,2025-07-19 10:00:00+00:00,18.5675,23.87291717529297,9.520101547241211,35.41238784790039
Chronos2,2025-07-19 00:00:00+00:00,HB_PAN,2025-07-19 11:00:00+00:00,21.06,25.971485137939453,11.596702575683594,38.45868682861328
Chronos2,2025-07-19 00:00:00+00:00,HB_PAN,2025-07-19 12:00:00+00:00,18.396666666666665,24.748485565185547,9.831430435180664,36.40599822998047
Chronos2,2025-07-19 00:00:00+00:00,HB_PAN,2025-07-19 13:00:00+00:00,13.811666666666667,22.018653869628906,8.236690521240234,33.57313537597656
Chronos2,2025-07-19 00:00:00+00:00,HB_PAN,2025-07-19 14:00:00+00:00,2.911666666666666,20.250093460083008,7.233800888061523,31.72072982788086
Chronos2,2025-07-19 00:00:00+00:00,HB_PAN,2025-07-19 15:00:00+00:00,2.1991666666666667,20.30038833618164,7.187217712402344,30.72235679626465
Chronos2,2025-07-19 00:00:00+00:00,HB_PAN,2025-07-19 16:00:00+00:00,6.267499999999999,21.270591735839844,11.167261123657227,33.18462371826172
Chronos2,2025-07-19 00:00:00+00:00,HB_PAN,2025-07-19 17:00:00+00:00,9.675833333333332,20.940139770507812,9.961118698120117,33.627437591552734
Chronos2,2025-07-19 00:00:00+00:00,HB_PAN,2025-07-19 18:00:00+00:00,17.685,21.776874542236328,9.303482055664062,36.92405319213867
Chronos2,2025-07-19 00:00:00+00:00,HB_PAN,2025-07-19 19:00:00+00:00,20.2425,20.474388122558594,6.820722579956055,40.46261215209961
Chronos2,2025-07-19 00:00:00+00:00,HB_PAN,2025-07-19 20:00:00+00:00,22.604166666666668,16.64829444885254,2.7124290466308594,41.77391815185547
Chronos2,2025-07-19 00:00:00+00:00,HB_PAN,2025-07-19 21:00:00+00:00,20.70583333333333,12.251094818115234,-2.2610702514648438,44.42366027832031
Chronos2,2025-07-19 00:00:00+00:00,HB_PAN,2025-07-19 22:00:00+00:00,15.009166666666667,9.368104934692383,-5.631168365478516,51.150821685791016
Chronos2,2025-07-19 00:00:00+00:00,HB_PAN,2025-07-19 23:00:00+00:00,10.5475,8.801599502563477,-7.5003662109375,57.243247985839844
Chronos2,2025-07-19 00:00:00+00:00,LZ_WEST,2025-07-19 00:00:00+00:00,11.614166666666668,6.263023376464844,-0.7085685729980469,18.72903823852539
Chronos2,2025-07-19 00:00:00+00:00,LZ_WEST,2025-07-19 01:00:00+00:00,42.82416666666666,17.376628875732422,2.987335205078125,39.716949462890625
Chronos2,2025-07-19 00:00:00+00:00,LZ_WEST,2025-07-19 02:00:00+00:00,42.26416666666667,20.58192253112793,3.895793914794922,45.48078918457031
Chronos2,2025-07-19 00:00:00+00:00,LZ_WEST,2025-07-19 03:00:00+00:00,40.89833333333333,19.62160873413086,3.5724754333496094,43.767356872558594
Chronos2,2025-07-19 00:00:00+00:00,LZ_WEST,2025-07-19 04:00:00+00:00,42.013333333333335,17.442110061645508,1.9705123901367188,40.91973876953125
Chronos2,2025-07-19 00:00:00+00:00,LZ_WEST,2025-07-19 05:00:00+00:00,53.365,16.047853469848633,1.0675010681152344,39.30510711669922
Chronos2,2025-07-19 00:00:00+00:00,LZ_WEST,2025-07-19 06:00:00+00:00,55.01666666666667,14.991230010986328,0.14150619506835938,38.15230941772461
Chronos2,2025-07-19 00:00:00+00:00,LZ_WEST,2025-07-19 07:00:00+00:00,55.0075,14.485958099365234,-0.37917327880859375,38.026405334472656
Chronos2,2025-07-19 00:00:00+00:00,LZ_WEST,2025-07-19 08:00:00+00:00,36.74666666666667,15.385120391845703,-0.21020889282226562,39.952606201171875
Chronos2,2025-07-19 00:00:00+00:00,LZ_WEST,2025-07-19 09:00:00+00:00,31.945833333333336,16.64625358581543,-0.12673568725585938,41.75747299194336
Chronos2,2025-07-19 00:00:00+00:00,LZ_WEST,2025-07-19 10:00:00+00:00,29.846666666666668,16.932432174682617,0.12819290161132812,41.93288040161133
Chronos2,2025-07-19 00:00:00+00:00,LZ_WEST,2025-07-19 11:00:00+00:00,24.59083333333333,15.873847961425781,-0.896240234375,41.01404571533203
Chronos2,2025-07-19 00:00:00+00:00,LZ_WEST,2025-07-19 12:00:00+00:00,18.396666666666665,14.017599105834961,-1.3511581420898438,37.45942687988281
Chronos2,2025-07-19 00:00:00+00:00,LZ_WEST,2025-07-19 13:00:00+00:00,13.213333333333331,11.715475082397461,-2.7518043518066406,34.2022590637207
Chronos2,2025-07-19 00:00:00+00:00,LZ_WEST,2025-07-19 14:00:00+00:00,1.0375,10.469795227050781,-3.195148468017578,32.98639678955078
Chronos2,2025-07-19 00:00:00+00:00,LZ_WEST,2025-07-19 15:00:00+00:00,0.2808333333333333,9.65689468383789,-3.8515548706054688,32.77085876464844
Chronos2,2025-07-19 00:00:00+00:00,LZ_WEST,2025-07-19 16:00:00+00:00,1.409166666666667,10.568470001220703,-3.330303192138672,31.292057037353516
Chronos2,2025-07-19 00:00:00+00:00,LZ_WEST,2025-07-19 17:00:00+00:00,3.589166666666667,10.017295837402344,-3.508350372314453,31.416095733642578
Chronos2,2025-07-19 00:00:00+00:00,LZ_WEST,2025-07-19 18:00:00+00:00,14.074166666666663,10.403923034667969,-4.123188018798828,33.509178161621094
Chronos2,2025-07-19 00:00:00+00:00,LZ_WEST,2025-07-19 19:00:00+00:00,18.32,9.54977035522461,-4.847984313964844,33.00136184692383
Chronos2,2025-07-19 00:00:00+00:00,LZ_WEST,2025-07-19 20:00:00+00:00,22.325,7.6648101806640625,-5.618953704833984,32.0950927734375
Chronos2,2025-07-19 00:00:00+00:00,LZ_WEST,2025-07-19 21:00:00+00:00,19.675,6.384208679199219,-6.846370697021484,31.234399795532227
Chronos2,2025-07-19 00:00:00+00:00,LZ_WEST,2025-07-19 22:00:00+00:00,13.515,5.955173492431641,-8.153331756591797,32.32038497924805
Chronos2,2025-07-19 00:00:00+00:00,LZ_WEST,2025-07-19 23:00:00+00:00,8.106666666666667,7.242023468017578,-7.895862579345703,38.30833435058594
Chronos2,2025-07-20 00:00:00+00:00,HB_HUBAVG,2025-07-20 00:00:00+00:00,28.545,27.606725692749023,23.98484230041504,32.9687385559082
Chronos2,2025-07-20 00:00:00+00:00,HB_HUBAVG,2025-07-20 01:00:00+00:00,37.255,32.64998245239258,26.661781311035156,41.739227294921875
Chronos2,2025-07-20 00:00:00+00:00,HB_HUBAVG,2025-07-20 02:00:00+00:00,31.22833333333333,28.442291259765625,22.599365234375,36.42703628540039
Chronos2,2025-07-20 00:00:00+00:00,HB_HUBAVG,2025-07-20 03:00:00+00:00,25.31083333333333,25.699251174926758,20.433399200439453,32.22233200073242
Chronos2,2025-07-20 00:00:00+00:00,HB_HUBAVG,2025-07-20 04:00:00+00:00,23.9275,23.40339469909668,18.201618194580078,29.116104125976562
Chronos2,2025-07-20 00:00:00+00:00,HB_HUBAVG,2025-07-20 05:00:00+00:00,25.974166666666665,22.79483985900879,17.841602325439453,28.028860092163086
Chronos2,2025-07-20 00:00:00+00:00,HB_HUBAVG,2025-07-20 06:00:00+00:00,24.0275,22.06275177001953,17.379514694213867,27.225086212158203
Chronos2,2025-07-20 00:00:00+00:00,HB_HUBAVG,2025-07-20 07:00:00+00:00,22.945,21.817514419555664,17.326122283935547,26.33150291442871
Chronos2,2025-07-20 00:00:00+00:00,HB_HUBAVG,2025-07-20 08:00:00+00:00,20.953333333333333,21.275108337402344,17.332279205322266,25.601924896240234
Chronos2,2025-07-20 00:00:00+00:00,HB_HUBAVG,2025-07-20 09:00:00+00:00,20.710833333333333,21.027545928955078,16.694557189941406,25.61382293701172
Chronos2,2025-07-20 00:00:00+00:00,HB_HUBAVG,2025-07-20 10:00:00+00:00,19.87,21.132205963134766,16.748031616210938,26.1060848236084
Chronos2,2025-07-20 00:00:00+00:00,HB_HUBAVG,2025-07-20 11:00:00+00:00,18.633333333333333,21.471721649169922,16.558372497558594,27.044269561767578
Chronos2,2025-07-20 00:00:00+00:00,HB_HUBAVG,2025-07-20 12:00:00+00:00,16.073333333333334,19.289443969726562,13.596610069274902,25.279970169067383
Chronos2,2025-07-20 00:00:00+00:00,HB_HUBAVG,2025-07-20 13:00:00+00:00,13.744166666666668,15.145485877990723,7.943565368652344,22.635208129882812
Chronos2,2025-07-20 00:00:00+00:00,HB_HUBAVG,2025-07-20 14:00:00+00:00,7.274166666666666,11.685565948486328,4.019016265869141,20.571693420410156
Chronos2,2025-07-20 00:00:00+00:00,HB_HUBAVG,2025-07-20 15:00:00+00:00,11.8275,11.781057357788086,3.592021942138672,21.383085250854492
Chronos2,2025-07-20 00:00:00+00:00,HB_HUBAVG,2025-07-20 16:00:00+00:00,15.440833333333332,14.860249519348145,8.933969497680664,22.197267532348633
Chronos2,2025-07-20 00:00:00+00:00,HB_HUBAVG,2025-07-20 17:00:00+00:00,17.875833333333333,16.681602478027344,10.389822006225586,24.961273193359375
Chronos2,2025-07-20 00:00:00+00:00,HB_HUBAVG,2025-07-20 18:00:00+00:00,19.43,19.49241828918457,12.460000991821289,28.801258087158203
Chronos2,2025-07-20 00:00:00+00:00,HB_HUBAVG,2025-07-20 19:00:00+00:00,20.12333333333333,20.76235008239746,13.292043685913086,31.72773551940918
Chronos2,2025-07-20 00:00:00+00:00,HB_HUBAVG,2025-07-20 20:00:00+00:00,23.926666666666662,21.6190185546875,13.563393592834473,34.25725555419922
Chronos2,2025-07-20 00:00:00+00:00,HB_HUBAVG,2025-07-20 21:00:00+00:00,23.34166666666667,22.992280960083008,13.931221961975098,39.98652648925781
Chronos2,2025-07-20 00:00:00+00:00,HB_HUBAVG,2025-07-20 22:00:00+00:00,25.911666666666665,23.549503326416016,13.943252563476562,41.287017822265625
Chronos2,2025-07-20 00:00:00+00:00,HB_HUBAVG,2025-07-20 23:00:00+00:00,29.8125,26.10080337524414,16.12579345703125,46.775062561035156
Chronos2,2025-07-20 00:00:00+00:00,HB_PAN,2025-07-20 00:00:00+00:00,21.88416666666667,15.923501014709473,6.243185043334961,27.32781982421875
Chronos2,2025-07-20 00:00:00+00:00,HB_PAN,2025-07-20 01:00:00+00:00,33.53,27.943523406982422,10.885248184204102,46.28795623779297
Chronos2,2025-07-20 00:00:00+00:00,HB_PAN,2025-07-20 02:00:00+00:00,21.355,22.68027114868164,8.515058517456055,38.05091857910156
Chronos2,2025-07-20 00:00:00+00:00,HB_PAN,2025-07-20 03:00:00+00:00,15.174166666666666,19.500259399414062,6.8094635009765625,33.662113189697266
Chronos2,2025-07-20 00:00:00+00:00,HB_PAN,2025-07-20 04:00:00+00:00,14.043333333333337,17.589359283447266,5.755563735961914,30.011289596557617
Chronos2,2025-07-20 00:00:00+00:00,HB_PAN,2025-07-20 05:00:00+00:00,17.425833333333333,16.474044799804688,4.977853775024414,28.33334732055664
Chronos2,2025-07-20 00:00:00+00:00,HB_PAN,2025-07-20 06:00:00+00:00,15.434166666666668,15.405713081359863,3.9239940643310547,26.70326042175293
Chronos2,2025-07-20 00:00:00+00:00,HB_PAN,2025-07-20 07:00:00+00:00,15.236666666666666,15.115406036376953,4.120246887207031,26.084068298339844
Chronos2,2025-07-20 00:00:00+00:00,HB_PAN,2025-07-20 08:00:00+00:00,19.89,15.907297134399414,4.775608062744141,27.07965850830078
Chronos2,2025-07-20 00:00:00+00:00,HB_PAN,2025-07-20 09:00:00+00:00,20.69833333333333,17.083784103393555,5.683555603027344,28.8686466217041
Chronos2,2025-07-20 00:00:00+00:00,HB_PAN,2025-07-20 10:00:00+00:00,19.87,18.646331787109375,7.153459548950195,30.524681091308594
Chronos2,2025-07-20 00:00:00+00:00,HB_PAN,2025-07-20 11:00:00+00:00,18.174166666666668,20.21460723876953,8.610898971557617,32.6248779296875
Chronos2,2025-07-20 00:00:00+00:00,HB_PAN,2025-07-20 12:00:00+00:00,15.164166666666668,18.601806640625,6.433296203613281,30.962717056274414
Chronos2,2025-07-20 00:00:00+00:00,HB_PAN,2025-07-20 13:00:00+00:00,12.731666666666667,14.946480751037598,2.131113052368164,28.194072723388672
Chronos2,2025-07-20 00:00:00+00:00,HB_PAN,2025-07-20 14:00:00+00:00,3.5516666666666663,12.144305229187012,-0.7566852569580078,26.0851993560791
Chronos2,2025-07-20 00:00:00+00:00,HB_PAN,2025-07-20 15:00:00+00:00,5.32,11.081171035766602,-2.210206985473633,25.580644607543945
Chronos2,2025-07-20 00:00:00+00:00,HB_PAN,2025-07-20 16:00:00+00:00,13.45,13.565242767333984,1.8269672393798828,27.548465728759766
Chronos2,2025-07-20 00:00:00+00:00,HB_PAN,2025-07-20 17:00:00+00:00,18.199166666666667,15.0734281539917,2.8289127349853516,29.8987979888916
Chronos2,2025-07-20 00:00:00+00:00,HB_PAN,2025-07-20 18:00:00+00:00,20.05583333333333,18.007915496826172,4.385570526123047,34.15657424926758
Chronos2,2025-07-20 00:00:00+00:00,HB_PAN,2025-07-20 19:00:00+00:00,20.12666666666667,18.51498794555664,4.57579231262207,36.832706451416016
Chronos2,2025-07-20 00:00:00+00:00,HB_PAN,2025-07-20 20:00:00+00:00,21.26,18.8829288482666,3.3158740997314453,39.37748336791992
Chronos2,2025-07-20 00:00:00+00:00,HB_PAN,2025-07-20 21:00:00+00:00,20.8225,18.572246551513672,1.882537841796875,42.71105194091797
Chronos2,2025-07-20 00:00:00+00:00,HB_PAN,2025-07-20 22:00:00+00:00,22.563333333333333,17.31755828857422,-0.007793426513671875,43.619964599609375
Chronos2,2025-07-20 00:00:00+00:00,HB_PAN,2025-07-20 23:00:00+00:00,24.813333333333333,16.718318939208984,-1.0900707244873047,45.698204040527344
Chronos2,2025-07-20 00:00:00+00:00,LZ_WEST,2025-07-20 00:00:00+00:00,17.951666666666664,12.51104736328125,4.783536911010742,25.088403701782227
Chronos2,2025-07-20 00:00:00+00:00,LZ_WEST,2025-07-20 01:00:00+00:00,43.96666666666667,26.920164108276367,12.109792709350586,46.47998046875
Chronos2,2025-07-20 00:00:00+00:00,LZ_WEST,2025-07-20 02:00:00+00:00,47.32583333333333,29.648143768310547,12.81435775756836,51.02546310424805
Chronos2,2025-07-20 00:00:00+00:00,LZ_WEST,2025-07-20 03:00:00+00:00,41.90583333333333,30.1392879486084,12.349651336669922,51.868736267089844
Chronos2,2025-07-20 00:00:00+00:00,LZ_WEST,2025-07-20 04:00:00+00:00,41.5525,30.207382202148438,11.718198776245117,52.83953857421875
Chronos2,2025-07-20 00:00:00+00:00,LZ_WEST,2025-07-20 05:00:00+00:00,41.43666666666667,30.760515213012695,11.091999053955078,53.91612243652344
Chronos2,2025-07-20 00:00:00+00:00,LZ_WEST,2025-07-20 06:00:00+00:00,37.774166666666666,30.752046585083008,10.244047164916992,54.51117706298828
Chronos2,2025-07-20 00:00:00+00:00,LZ_WEST,2025-07-20 07:00:00+00:00,35.848333333333336,31.02309226989746,10.282230377197266,55.33032989501953
Chronos2,2025-07-20 00:00:00+00:00,LZ_WEST,2025-07-20 08:00:00+00:00,24.50583333333333,30.901525497436523,10.32095718383789,56.069183349609375
Chronos2,2025-07-20 00:00:00+00:00,LZ_WEST,2025-07-20 09:00:00+00:00,20.74,30.230173110961914,9.73991584777832,54.434547424316406
Chronos2,2025-07-20 00:00:00+00:00,LZ_WEST,2025-07-20 10:00:00+00:00,19.87,28.50475311279297,9.053831100463867,52.458984375
Chronos2,2025-07-20 00:00:00+00:00,LZ_WEST,2025-07-20 11:00:00+00:00,23.81,25.044200897216797,6.7171630859375,48.24888610839844
Chronos2,2025-07-20 00:00:00+00:00,LZ_WEST,2025-07-20 12:00:00+00:00,24.546666666666667,19.08411407470703,3.299266815185547,41.76566696166992
Chronos2,2025-07-20 00:00:00+00:00,LZ_WEST,2025-07-20 13:00:00+00:00,12.403333333333334,11.29102897644043,-0.33347320556640625,31.497549057006836
Chronos2,2025-07-20 00:00:00+00:00,LZ_WEST,2025-07-20 14:00:00+00:00,1.8233333333333333,8.33918571472168,-2.5723495483398438,26.07004737854004
Chronos2,2025-07-20 00:00:00+00:00,LZ_WEST,2025-07-20 15:00:00+00:00,4.193333333333333,7.639249801635742,-2.614856719970703,25.441429138183594
Chronos2,2025-07-20 00:00:00+00:00,LZ_WEST,2025-07-20 16:00:00+00:00,11.080833333333333,8.224065780639648,-2.485698699951172,27.28150177001953
Chronos2,2025-07-20 00:00:00+00:00,LZ_WEST,2025-07-20 17:00:00+00:00,15.489166666666668,8.663835525512695,-2.9744606018066406,30.09034538269043
Chronos2,2025-07-20 00:00:00+00:00,LZ_WEST,2025-07-20 18:00:00+00:00,18.591666666666665,11.068758010864258,-2.7055511474609375,34.97242736816406
Chronos2,2025-07-20 00:00:00+00:00,LZ_WEST,2025-07-20 19:00:00+00:00,19.505,12.522603988647461,-2.5229034423828125,38.77171325683594
Chronos2,2025-07-20 00:00:00+00:00,LZ_WEST,2025-07-20 20:00:00+00:00,23.51083333333333,12.901437759399414,-1.9560317993164062,41.37913513183594
Chronos2,2025-07-20 00:00:00+00:00,LZ_WEST,2025-07-20 21:00:00+00:00,24.284166666666668,13.838369369506836,-2.878753662109375,43.693153381347656
Chronos2,2025-07-20 00:00:00+00:00,LZ_WEST,2025-07-20 22:00:00+00:00,26.704166666666666,13.436511993408203,-3.352672576904297,43.43190002441406
Chronos2,2025-07-20 00:00:00+00:00,LZ_WEST,2025-07-20 23:00:00+00:00,29.579166666666666,14.153268814086914,-2.7616043090820312,45.689308166503906
Chronos2,2025-07-21 00:00:00+00:00,HB_HUBAVG,2025-07-21 00:00:00+00:00,33.848333333333336,40.29985427856445,35.19197082519531,46.36506652832031
Chronos2,2025-07-21 00:00:00+00:00,HB_HUBAVG,2025-07-21 01:00:00+00:00,30.7325,46.02440643310547,39.845008850097656,53.68867492675781
Chronos2,2025-07-21 00:00:00+00:00,HB_HUBAVG,2025-07-21 02:00:00+00:00,28.339166666666667,38.152801513671875,33.25596237182617,44.384220123291016
Chronos2,2025-07-21 00:00:00+00:00,HB_HUBAVG,2025-07-21 03:00:00+00:00,27.27333333333333,31.178180694580078,27.604887008666992,35.936195373535156
Chronos2,2025-07-21 00:00:00+00:00,HB_HUBAVG,2025-07-21 04:00:00+00:00,23.8075,28.835330963134766,25.260751724243164,33.2415885925293
Chronos2,2025-07-21 00:00:00+00:00,HB_HUBAVG,2025-07-21 05:00:00+00:00,24.0175,28.943878173828125,25.083984375,33.73105239868164
Chronos2,2025-07-21 00:00:00+00:00,HB_HUBAVG,2025-07-21 06:00:00+00:00,22.27083333333333,27.907848358154297,24.195526123046875,32.665924072265625
Chronos2,2025-07-21 00:00:00+00:00,HB_HUBAVG,2025-07-21 07:00:00+00:00,22.566666666666663,26.96373176574707,23.30133056640625,31.487253189086914
Chronos2,2025-07-21 00:00:00+00:00,HB_HUBAVG,2025-07-21 08:00:00+00:00,21.700833333333332,26.838802337646484,22.952787399291992,31.659971237182617
Chronos2,2025-07-21 00:00:00+00:00,HB_HUBAVG,2025-07-21 09:00:00+00:00,22.863333333333333,27.896350860595703,22.939085006713867,34.57054138183594
Chronos2,2025-07-21 00:00:00+00:00,HB_HUBAVG,2025-07-21 10:00:00+00:00,26.480833333333333,33.19350814819336,25.460371017456055,43.5676383972168
Chronos2,2025-07-21 00:00:00+00:00,HB_HUBAVG,2025-07-21 11:00:00+00:00,33.51416666666667,36.4249382019043,26.073829650878906,49.201072692871094
Chronos2,2025-07-21 00:00:00+00:00,HB_HUBAVG,2025-07-21 12:00:00+00:00,25.999166666666667,31.11098861694336,22.962839126586914,42.28221130371094
Chronos2,2025-07-21 00:00:00+00:00,HB_HUBAVG,2025-07-21 13:00:00+00:00,20.9625,23.74175262451172,18.67437744140625,30.71442413330078
Chronos2,2025-07-21 00:00:00+00:00,HB_HUBAVG,2025-07-21 14:00:00+00:00,16.710833333333333,20.897306442260742,16.82259750366211,25.92706298828125
Chronos2,2025-07-21 00:00:00+00:00,HB_HUBAVG,2025-07-21 15:00:00+00:00,16.304166666666667,20.13743019104004,16.311222076416016,24.382591247558594
Chronos2,2025-07-21 00:00:00+00:00,HB_HUBAVG,2025-07-21 16:00:00+00:00,21.450833333333332,21.160842895507812,17.774677276611328,25.029705047607422
Chronos2,2025-07-21 00:00:00+00:00,HB_HUBAVG,2025-07-21 17:00:00+00:00,23.55,21.71526336669922,18.363269805908203,25.51112174987793
Chronos2,2025-07-21 00:00:00+00:00,HB_HUBAVG,2025-07-21 18:00:00+00:00,25.102500000000003,21.934324264526367,18.718276977539062,25.88982391357422
Chronos2,2025-07-21 00:00:00+00:00,HB_HUBAVG,2025-07-21 19:00:00+00:00,22.64,21.727092742919922,18.731557846069336,25.443784713745117
Chronos2,2025-07-21 00:00:00+00:00,HB_HUBAVG,2025-07-21 20:00:00+00:00,21.714166666666667,22.33200454711914,19.26024627685547,26.103469848632812
Chronos2,2025-07-21 00:00:00+00:00,HB_HUBAVG,2025-07-21 21:00:00+00:00,20.63583333333333,24.40810775756836,20.81955337524414,28.281780242919922
Chronos2,2025-07-21 00:00:00+00:00,HB_HUBAVG,2025-07-21 22:00:00+00:00,18.75,27.086069107055664,22.72712516784668,32.502784729003906
Chronos2,2025-07-21 00:00:00+00:00,HB_HUBAVG,2025-07-21 23:00:00+00:00,29.639166666666668,33.22895812988281,26.132308959960938,41.412879943847656
Chronos2,2025-07-21 00:00:00+00:00,HB_PAN,2025-07-21 00:00:00+00:00,33.33416666666667,35.715972900390625,25.824148178100586,46.97095489501953
Chronos2,2025-07-21 00:00:00+00:00,HB_PAN,2025-07-21 01:00:00+00:00,28.5725,46.55975341796875,33.562774658203125,61.64799118041992
Chronos2,2025-07-21 00:00:00+00:00,HB_PAN,2025-07-21 02:00:00+00:00,24.676666666666662,33.9063835144043,23.875215530395508,45.8447380065918
Chronos2,2025-07-21 00:00:00+00:00,HB_PAN,2025-07-21 03:00:00+00:00,18.574166666666667,27.614673614501953,19.424091339111328,36.81098556518555
Chronos2,2025-07-21 00:00:00+00:00,HB_PAN,2025-07-21 04:00:00+00:00,15.777499999999998,25.384904861450195,17.545007705688477,33.739620208740234
Chronos2,2025-07-21 00:00:00+00:00,HB_PAN,2025-07-21 05:00:00+00:00,19.08083333333333,25.55356788635254,18.377925872802734,33.05500411987305
Chronos2,2025-07-21 00:00:00+00:00,HB_PAN,2025-07-21 06:00:00+00:00,18.769166666666667,24.247962951660156,17.473894119262695,31.36672019958496
Chronos2,2025-07-21 00:00:00+00:00,HB_PAN,2025-07-21 07:00:00+00:00,21.749166666666667,23.23786163330078,16.43148422241211,30.080852508544922
Chronos2,2025-07-21 00:00:00+00:00,HB_PAN,2025-07-21 08:00:00+00:00,17.855833333333333,22.970157623291016,15.685371398925781,30.296585083007812
Chronos2,2025-07-21 00:00:00+00:00,HB_PAN,2025-07-21 09:00:00+00:00,19.0625,23.932811737060547,15.47879409790039,32.99863052368164
Chronos2,2025-07-21 00:00:00+00:00,HB_PAN,2025-07-21 10:00:00+00:00,25.52916666666667,26.98591423034668,16.448627471923828,38.40764617919922
Chronos2,2025-07-21 00:00:00+00:00,HB_PAN,2025-07-21 11:00:00+00:00,31.3325,28.778459548950195,17.301240921020508,42.3194580078125
Chronos2,2025-07-21 00:00:00+00:00,HB_PAN,2025-07-21 12:00:00+00:00,25.45583333333333,25.657711029052734,14.977657318115234,36.985679626464844
Chronos2,2025-07-21 00:00:00+00:00,HB_PAN,2025-07-21 13:00:00+00:00,20.9625,20.698150634765625,11.139466285705566,30.588645935058594
Chronos2,2025-07-21 00:00:00+00:00,HB_PAN,2025-07-21 14:00:00+00:00,16.8725,17.791893005371094,8.409123420715332,26.604782104492188
Chronos2,2025-07-21 00:00:00+00:00,HB_PAN,2025-07-21 15:00:00+00:00,15.471666666666666,17.295333862304688,7.796780586242676,25.68284034729004
Chronos2,2025-07-21 00:00:00+00:00,HB_PAN,2025-07-21 16:00:00+00:00,20.1525,19.11056137084961,10.03758430480957,27.448974609375
Chronos2,2025-07-21 00:00:00+00:00,HB_PAN,2025-07-21 17:00:00+00:00,21.065,20.698184967041016,11.241889953613281,29.394479751586914
Chronos2,2025-07-21 00:00:00+00:00,HB_PAN,2025-07-21 18:00:00+00:00,22.36583333333333,21.40656852722168,11.248268127441406,30.48377227783203
Chronos2,2025-07-21 00:00:00+00:00,HB_PAN,2025-07-21 19:00:00+00:00,18.561666666666667,20.601886749267578,10.02126407623291,30.847471237182617
Chronos2,2025-07-21 00:00:00+00:00,HB_PAN,2025-07-21 20:00:00+00:00,16.438333333333333,20.72892951965332,9.647078514099121,31.2441349029541
Chronos2,2025-07-21 00:00:00+00:00,HB_PAN,2025-07-21 21:00:00+00:00,12.838333333333331,20.65580177307129,8.852888107299805,32.672027587890625
Chronos2,2025-07-21 00:00:00+00:00,HB_PAN,2025-07-21 22:00:00+00:00,4.676666666666667,21.291608810424805,7.805508613586426,34.79631805419922
Chronos2,2025-07-21 00:00:00+00:00,HB_PAN,2025-07-21 23:00:00+00:00,5.348333333333334,23.47144317626953,5.4784040451049805,43.2305793762207
Chronos2,2025-07-21 00:00:00+00:00,LZ_WEST,2025-07-21 00:00:00+00:00,36.7325,39.04710388183594,31.03731918334961,47.173057556152344
Chronos2,2025-07-21 00:00:00+00:00,LZ_WEST,2025-07-21 01:00:00+00:00,43.4125,52.20917892456055,39.3480224609375,64.66325378417969
Chronos2,2025-07-21 00:00:00+00:00,LZ_WEST,2025-07-21 02:00:00+00:00,44.4275,52.785606384277344,37.83513641357422,67.66900634765625
Chronos2,2025-07-21 00:00:00+00:00,LZ_WEST,2025-07-21 03:00:00+00:00,57.84833333333333,47.052268981933594,31.361648559570312,63.25316619873047
Chronos2,2025-07-21 00:00:00+00:00,LZ_WEST,2025-07-21 04:00:00+00:00,50.07666666666666,43.63591003417969,27.0678768157959,60.77043151855469
Chronos2,2025-07-21 00:00:00+00:00,LZ_WEST,2025-07-21 05:00:00+00:00,66.685,43.83432388305664,25.873245239257812,62.17646408081055
Chronos2,2025-07-21 00:00:00+00:00,LZ_WEST,2025-07-21 06:00:00+00:00,64.48166666666667,43.41931915283203,25.14834976196289,62.8558349609375
Chronos2,2025-07-21 00:00:00+00:00,LZ_WEST,2025-07-21 07:00:00+00:00,34.53416666666667,42.84214782714844,24.104238510131836,62.8489875793457
Chronos2,2025-07-21 00:00:00+00:00,LZ_WEST,2025-07-21 08:00:00+00:00,66.4575,42.99000930786133,23.660541534423828,63.39716339111328
Chronos2,2025-07-21 00:00:00+00:00,LZ_WEST,2025-07-21 09:00:00+00:00,63.34666666666666,42.55590057373047,22.725570678710938,63.847618103027344
Chronos2,2025-07-21 00:00:00+00:00,LZ_WEST,2025-07-21 10:00:00+00:00,36.15,40.37313461303711,21.32308578491211,62.261962890625
Chronos2,2025-07-21 00:00:00+00:00,LZ_WEST,2025-07-21 11:00:00+00:00,61.66166666666667,36.043434143066406,18.51165008544922,56.64290237426758
Chronos2,2025-07-21 00:00:00+00:00,LZ_WEST,2025-07-21 12:00:00+00:00,31.98,29.30118751525879,13.541690826416016,48.12360763549805
Chronos2,2025-07-21 00:00:00+00:00,LZ_WEST,2025-07-21 13:00:00+00:00,20.9625,20.158884048461914,6.81831169128418,37.69655227661133
Chronos2,2025-07-21 00:00:00+00:00,LZ_WEST,2025-07-21 14:00:00+00:00,16.669166666666666,16.126995086669922,3.4429283142089844,32.82023239135742
Chronos2,2025-07-21 00:00:00+00:00,LZ_WEST,2025-07-21 15:00:00+00:00,14.010833333333332,15.426807403564453,2.9073028564453125,32.81399154663086
Chronos2,2025-07-21 00:00:00+00:00,LZ_WEST,2025-07-21 16:00:00+00:00,18.766666666666666,17.295120239257812,3.87841796875,34.77855682373047
Chronos2,2025-07-21 00:00:00+00:00,LZ_WEST,2025-07-21 17:00:00+00:00,20.274166666666662,18.291526794433594,4.265541076660156,36.79380416870117
Chronos2,2025-07-21 00:00:00+00:00,LZ_WEST,2025-07-21 18:00:00+00:00,21.58083333333333,18.57830810546875,4.140430450439453,37.50923538208008
Chronos2,2025-07-21 00:00:00+00:00,LZ_WEST,2025-07-21 19:00:00+00:00,17.801666666666666,18.197086334228516,2.944967269897461,37.885658264160156
Chronos2,2025-07-21 00:00:00+00:00,LZ_WEST,2025-07-21 20:00:00+00:00,16.381666666666668,18.425119400024414,3.220449447631836,38.568145751953125
Chronos2,2025-07-21 00:00:00+00:00,LZ_WEST,2025-07-21 21:00:00+00:00,20.38833333333333,18.682575225830078,3.1501331329345703,39.31414031982422
Chronos2,2025-07-21 00:00:00+00:00,LZ_WEST,2025-07-21 22:00:00+00:00,6.344166666666666,19.114620208740234,2.618572235107422,39.516475677490234
Chronos2,2025-07-21 00:00:00+00:00,LZ_WEST,2025-07-21 23:00:00+00:00,1.9825,21.368175506591797,4.551776885986328,43.127010345458984
Chronos2,2025-07-22 00:00:00+00:00,HB_HUBAVG,2025-07-22 00:00:00+00:00,50.38083333333333,43.798133850097656,37.2706298828125,52.92981719970703
Chronos2,2025-07-22 00:00:00+00:00,HB_HUBAVG,2025-07-22 01:00:00+00:00,36.594166666666666,46.376766204833984,38.869720458984375,57.807369232177734
Chronos2,2025-07-22 00:00:00+00:00,HB_HUBAVG,2025-07-22 02:00:00+00:00,33.115833333333335,39.458702087402344,32.24931335449219,49.42479705810547
Chronos2,2025-07-22 00:00:00+00:00,HB_HUBAVG,2025-07-22 03:00:00+00:00,29.35,32.13761901855469,27.28789520263672,39.18207550048828
Chronos2,2025-07-22 00:00:00+00:00,HB_HUBAVG,2025-07-22 04:00:00+00:00,26.0725,28.06695556640625,24.313737869262695,33.4129638671875
Chronos2,2025-07-22 00:00:00+00:00,HB_HUBAVG,2025-07-22 05:00:00+00:00,24.155,26.46091079711914,22.86351776123047,31.316600799560547
Chronos2,2025-07-22 00:00:00+00:00,HB_HUBAVG,2025-07-22 06:00:00+00:00,23.501666666666665,24.77194595336914,21.54874610900879,28.89120101928711
Chronos2,2025-07-22 00:00:00+00:00,HB_HUBAVG,2025-07-22 07:00:00+00:00,22.9,24.081621170043945,21.066925048828125,27.7967586517334
Chronos2,2025-07-22 00:00:00+00:00,HB_HUBAVG,2025-07-22 08:00:00+00:00,22.65416666666667,24.288021087646484,21.224346160888672,28.08137321472168
Chronos2,2025-07-22 00:00:00+00:00,HB_HUBAVG,2025-07-22 09:00:00+00:00,23.685,24.753379821777344,21.5377140045166,28.61593246459961
Chronos2,2025-07-22 00:00:00+00:00,HB_HUBAVG,2025-07-22 10:00:00+00:00,23.15,25.633811950683594,22.201980590820312,29.82886505126953
Chronos2,2025-07-22 00:00:00+00:00,HB_HUBAVG,2025-07-22 11:00:00+00:00,23.1725,26.408483505249023,22.48502540588379,31.10236167907715
Chronos2,2025-07-22 00:00:00+00:00,HB_HUBAVG,2025-07-22 12:00:00+00:00,19.1975,24.193843841552734,19.968978881835938,29.156978607177734
Chronos2,2025-07-22 00:00:00+00:00,HB_HUBAVG,2025-07-22 13:00:00+00:00,12.535833333333334,20.7224063873291,16.58470916748047,25.26449966430664
Chronos2,2025-07-22 00:00:00+00:00,HB_HUBAVG,2025-07-22 14:00:00+00:00,6.9375,18.345516204833984,14.252837181091309,22.775161743164062
Chronos2,2025-07-22 00:00:00+00:00,HB_HUBAVG,2025-07-22 15:00:00+00:00,8.578333333333333,18.16018295288086,13.939773559570312,22.585325241088867
Chronos2,2025-07-22 00:00:00+00:00,HB_HUBAVG,2025-07-22 16:00:00+00:00,12.4625,20.461450576782227,16.490692138671875,24.84026527404785
Chronos2,2025-07-22 00:00:00+00:00,HB_HUBAVG,2025-07-22 17:00:00+00:00,17.767500000000002,22.12401580810547,18.138782501220703,26.807464599609375
Chronos2,2025-07-22 00:00:00+00:00,HB_HUBAVG,2025-07-22 18:00:00+00:00,23.03,22.618724822998047,18.48473358154297,27.777090072631836
Chronos2,2025-07-22 00:00:00+00:00,HB_HUBAVG,2025-07-22 19:00:00+00:00,19.8725,21.895614624023438,17.65218162536621,26.791847229003906
Chronos2,2025-07-22 00:00:00+00:00,HB_HUBAVG,2025-07-22 20:00:00+00:00,23.294166666666666,21.911643981933594,17.450885772705078,26.960220336914062
Chronos2,2025-07-22 00:00:00+00:00,HB_HUBAVG,2025-07-22 21:00:00+00:00,21.2,22.697683334350586,17.912521362304688,28.08379554748535
Chronos2,2025-07-22 00:00:00+00:00,HB_HUBAVG,2025-07-22 22:00:00+00:00,19.02833333333333,23.86042594909668,19.127248764038086,29.632553100585938
Chronos2,2025-07-22 00:00:00+00:00,HB_HUBAVG,2025-07-22 23:00:00+00:00,21.62333333333333,29.070404052734375,23.37779998779297,36.597496032714844
Chronos2,2025-07-22 00:00:00+00:00,HB_PAN,2025-07-22 00:00:00+00:00,16.44,18.949504852294922,8.808736801147461,29.760765075683594
Chronos2,2025-07-22 00:00:00+00:00,HB_PAN,2025-07-22 01:00:00+00:00,27.10333333333333,34.54719924926758,20.000507354736328,48.567718505859375
Chronos2,2025-07-22 00:00:00+00:00,HB_PAN,2025-07-22 02:00:00+00:00,26.916666666666668,27.738868713378906,13.967584609985352,41.68791198730469
Chronos2,2025-07-22 00:00:00+00:00,HB_PAN,2025-07-22 03:00:00+00:00,21.231666666666666,23.32942008972168,12.428828239440918,34.673770904541016
Chronos2,2025-07-22 00:00:00+00:00,HB_PAN,2025-07-22 04:00:00+00:00,20.06083333333333,20.85430335998535,12.043529510498047,29.79257583618164
Chronos2,2025-07-22 00:00:00+00:00,HB_PAN,2025-07-22 05:00:00+00:00,23.421666666666667,20.10529899597168,11.783212661743164,28.05416488647461
Chronos2,2025-07-22 00:00:00+00:00,HB_PAN,2025-07-22 06:00:00+00:00,21.2575,18.708467483520508,10.817412376403809,26.14629364013672
Chronos2,2025-07-22 00:00:00+00:00,HB_PAN,2025-07-22 07:00:00+00:00,19.796666666666667,18.100223541259766,10.76522445678711,25.535846710205078
Chronos2,2025-07-22 00:00:00+00:00,HB_PAN,2025-07-22 08:00:00+00:00,17.445833333333333,17.464738845825195,10.125423431396484,24.58264923095703
Chronos2,2025-07-22 00:00:00+00:00,HB_PAN,2025-07-22 09:00:00+00:00,17.953333333333333,18.163118362426758,11.330606460571289,24.9532413482666
Chronos2,2025-07-22 00:00:00+00:00,HB_PAN,2025-07-22 10:00:00+00:00,19.656666666666663,20.42268180847168,13.513460159301758,26.97330665588379
Chronos2,2025-07-22 00:00:00+00:00,HB_PAN,2025-07-22 11:00:00+00:00,20.343333333333337,22.841938018798828,15.490439414978027,30.19092559814453
Chronos2,2025-07-22 00:00:00+00:00,HB_PAN,2025-07-22 12:00:00+00:00,18.74083333333333,21.387664794921875,13.9783935546875,28.660457611083984
Chronos2,2025-07-22 00:00:00+00:00,HB_PAN,2025-07-22 13:00:00+00:00,10.879166666666668,17.237533569335938,9.887019157409668,24.766633987426758
Chronos2,2025-07-22 00:00:00+00:00,HB_PAN,2025-07-22 14:00:00+00:00,0.2424999999999999,12.755879402160645,4.868558883666992,20.842487335205078
Chronos2,2025-07-22 00:00:00+00:00,HB_PAN,2025-07-22 15:00:00+00:00,0.0258333333333333,11.01707935333252,2.7279052734375,19.69708251953125
Chronos2,2025-07-22 00:00:00+00:00,HB_PAN,2025-07-22 16:00:00+00:00,2.1758333333333333,14.45638656616211,6.331073760986328,23.81769371032715
Chronos2,2025-07-22 00:00:00+00:00,HB_PAN,2025-07-22 17:00:00+00:00,7.2025,15.222122192382812,6.292435646057129,25.015426635742188
Chronos2,2025-07-22 00:00:00+00:00,HB_PAN,2025-07-22 18:00:00+00:00,4.0841666666666665,14.435222625732422,4.908481597900391,25.42136001586914
Chronos2,2025-07-22 00:00:00+00:00,HB_PAN,2025-07-22 19:00:00+00:00,8.925833333333333,11.732428550720215,1.6231117248535156,23.89252471923828
Chronos2,2025-07-22 00:00:00+00:00,HB_PAN,2025-07-22 20:00:00+00:00,1.3,10.351103782653809,0.9797916412353516,22.939125061035156
Chronos2,2025-07-22 00:00:00+00:00,HB_PAN,2025-07-22 21:00:00+00:00,1.8925,9.691363334655762,0.04961204528808594,22.312971115112305
Chronos2,2025-07-22 00:00:00+00:00,HB_PAN,2025-07-22 22:00:00+00:00,0.055,8.4107027053833,-1.0307121276855469,20.715045928955078
Chronos2,2025-07-22 00:00:00+00:00,HB_PAN,2025-07-22 23:00:00+00:00,3.98,9.397483825683594,-1.1411571502685547,22.305587768554688
Chronos2,2025-07-22 00:00:00+00:00,LZ_WEST,2025-07-22 00:00:00+00:00,12.213333333333331,14.721102714538574,5.373319625854492,28.03804588317871
Chronos2,2025-07-22 00:00:00+00:00,LZ_WEST,2025-07-22 01:00:00+00:00,26.531666666666663,38.523258209228516,19.379676818847656,61.880836486816406
Chronos2,2025-07-22 00:00:00+00:00,LZ_WEST,2025-07-22 02:00:00+00:00,26.54583333333333,40.12947082519531,21.082252502441406,65.01239013671875
Chronos2,2025-07-22 00:00:00+00:00,LZ_WEST,2025-07-22 03:00:00+00:00,33.70166666666667,39.49325942993164,20.269969940185547,63.15131378173828
Chronos2,2025-07-22 00:00:00+00:00,LZ_WEST,2025-07-22 04:00:00+00:00,34.778333333333336,37.80033874511719,18.830326080322266,61.269866943359375
Chronos2,2025-07-22 00:00:00+00:00,LZ_WEST,2025-07-22 05:00:00+00:00,25.084166666666665,36.61745834350586,17.25800895690918,60.21821594238281
Chronos2,2025-07-22 00:00:00+00:00,LZ_WEST,2025-07-22 06:00:00+00:00,26.7225,34.010684967041016,15.003472328186035,58.20829772949219
Chronos2,2025-07-22 00:00:00+00:00,LZ_WEST,2025-07-22 07:00:00+00:00,26.606666666666666,32.743892669677734,14.258234977722168,55.78791046142578
Chronos2,2025-07-22 00:00:00+00:00,LZ_WEST,2025-07-22 08:00:00+00:00,30.246666666666663,33.42450714111328,14.868789672851562,56.24556350708008
Chronos2,2025-07-22 00:00:00+00:00,LZ_WEST,2025-07-22 09:00:00+00:00,32.166666666666664,32.071258544921875,14.271283149719238,55.13435363769531
Chronos2,2025-07-22 00:00:00+00:00,LZ_WEST,2025-07-22 10:00:00+00:00,27.611666666666665,30.531002044677734,13.687142372131348,52.26054382324219
Chronos2,2025-07-22 00:00:00+00:00,LZ_WEST,2025-07-22 11:00:00+00:00,27.33833333333333,28.509201049804688,12.650379180908203,48.47727966308594
Chronos2,2025-07-22 00:00:00+00:00,LZ_WEST,2025-07-22 12:00:00+00:00,19.44,24.40713882446289,9.980035781860352,43.40428161621094
Chronos2,2025-07-22 00:00:00+00:00,LZ_WEST,2025-07-22 13:00:00+00:00,10.236666666666666,18.071199417114258,5.376338958740234,36.37986755371094
Chronos2,2025-07-22 00:00:00+00:00,LZ_WEST,2025-07-22 14:00:00+00:00,0.1775,13.233929634094238,2.3409690856933594,30.288982391357422
Chronos2,2025-07-22 00:00:00+00:00,LZ_WEST,2025-07-22 15:00:00+00:00,-0.0991666666666666,11.34231185913086,1.0965042114257812,28.162755966186523
Chronos2,2025-07-22 00:00:00+00:00,LZ_WEST,2025-07-22 16:00:00+00:00,1.1016666666666668,12.979303359985352,1.8034172058105469,32.999820709228516
Chronos2,2025-07-22 00:00:00+00:00,LZ_WEST,2025-07-22 17:00:00+00:00,7.0,12.773457527160645,1.6488151550292969,33.79228210449219
Chronos2,2025-07-22 00:00:00+00:00,LZ_WEST,2025-07-22 18:00:00+00:00,20.179166666666667,11.27401065826416,0.531707763671875,32.90330123901367
Chronos2,2025-07-22 00:00:00+00:00,LZ_WEST,2025-07-22 19:00:00+00:00,14.08,8.69749641418457,-0.8180713653564453,30.699827194213867
Chronos2,2025-07-22 00:00:00+00:00,LZ_WEST,2025-07-22 20:00:00+00:00,25.348333333333333,7.561834335327148,-2.2354698181152344,30.743906021118164
Chronos2,2025-07-22 00:00:00+00:00,LZ_WEST,2025-07-22 21:00:00+00:00,21.56,6.446908950805664,-2.3198986053466797,30.847606658935547
Chronos2,2025-07-22 00:00:00+00:00,LZ_WEST,2025-07-22 22:00:00+00:00,20.06833333333333,6.13786506652832,-3.082368850708008,28.581649780273438
Chronos2,2025-07-22 00:00:00+00:00,LZ_WEST,2025-07-22 23:00:00+00:00,10.256666666666666,6.685274124145508,-3.243755340576172,28.797704696655273
Chronos2,2025-07-23 00:00:00+00:00,HB_HUBAVG,2025-07-23 00:00:00+00:00,37.369166666666665,29.90927505493164,25.637117385864258,36.10551452636719
Chronos2,2025-07-23 00:00:00+00:00,HB_HUBAVG,2025-07-23 01:00:00+00:00,41.85916666666667,34.154022216796875,28.849149703979492,41.135040283203125
Chronos2,2025-07-23 00:00:00+00:00,HB_HUBAVG,2025-07-23 02:00:00+00:00,43.69,30.236387252807617,26.09366226196289,36.28053665161133
Chronos2,2025-07-23 00:00:00+00:00,HB_HUBAVG,2025-07-23 03:00:00+00:00,47.98500000000001,26.486621856689453,23.356229782104492,30.793907165527344
Chronos2,2025-07-23 00:00:00+00:00,HB_HUBAVG,2025-07-23 04:00:00+00:00,31.64583333333333,23.968585968017578,20.745361328125,27.73077392578125
Chronos2,2025-07-23 00:00:00+00:00,HB_HUBAVG,2025-07-23 05:00:00+00:00,24.435,23.540063858032227,20.32518768310547,27.177570343017578
Chronos2,2025-07-23 00:00:00+00:00,HB_HUBAVG,2025-07-23 06:00:00+00:00,23.0275,22.91725730895996,19.849130630493164,26.036123275756836
Chronos2,2025-07-23 00:00:00+00:00,HB_HUBAVG,2025-07-23 07:00:00+00:00,22.411666666666665,22.01045036315918,19.3581485748291,24.626895904541016
Chronos2,2025-07-23 00:00:00+00:00,HB_HUBAVG,2025-07-23 08:00:00+00:00,23.055,21.52730369567871,18.938034057617188,23.943988800048828
Chronos2,2025-07-23 00:00:00+00:00,HB_HUBAVG,2025-07-23 09:00:00+00:00,23.499166666666667,21.81475830078125,18.835289001464844,24.56576919555664
Chronos2,2025-07-23 00:00:00+00:00,HB_HUBAVG,2025-07-23 10:00:00+00:00,26.12333333333333,22.255664825439453,19.076217651367188,25.383289337158203
Chronos2,2025-07-23 00:00:00+00:00,HB_HUBAVG,2025-07-23 11:00:00+00:00,29.0175,22.25749969482422,18.818634033203125,25.784482955932617
Chronos2,2025-07-23 00:00:00+00:00,HB_HUBAVG,2025-07-23 12:00:00+00:00,22.7975,19.301143646240234,15.246147155761719,22.879743576049805
Chronos2,2025-07-23 00:00:00+00:00,HB_HUBAVG,2025-07-23 13:00:00+00:00,17.073333333333334,14.368764877319336,9.396468162536621,18.9510440826416
Chronos2,2025-07-23 00:00:00+00:00,HB_HUBAVG,2025-07-23 14:00:00+00:00,14.133333333333333,9.915002822875977,4.091472625732422,15.29741096496582
Chronos2,2025-07-23 00:00:00+00:00,HB_HUBAVG,2025-07-23 15:00:00+00:00,10.495,10.933192253112793,5.175300598144531,15.997770309448242
Chronos2,2025-07-23 00:00:00+00:00,HB_HUBAVG,2025-07-23 16:00:00+00:00,14.025,14.982973098754883,10.273323059082031,19.979591369628906
Chronos2,2025-07-23 00:00:00+00:00,HB_HUBAVG,2025-07-23 17:00:00+00:00,18.65833333333333,18.831649780273438,14.740396499633789,22.655967712402344
Chronos2,2025-07-23 00:00:00+00:00,HB_HUBAVG,2025-07-23 18:00:00+00:00,22.005,21.56898307800293,17.857276916503906,25.388879776000977
Chronos2,2025-07-23 00:00:00+00:00,HB_HUBAVG,2025-07-23 19:00:00+00:00,22.168333333333333,21.017311096191406,17.45580291748047,24.659992218017578
Chronos2,2025-07-23 00:00:00+00:00,HB_HUBAVG,2025-07-23 20:00:00+00:00,19.489166666666662,20.970293045043945,16.855304718017578,25.13726234436035
Chronos2,2025-07-23 00:00:00+00:00,HB_HUBAVG,2025-07-23 21:00:00+00:00,15.521666666666668,20.444568634033203,15.579032897949219,25.16663932800293
Chronos2,2025-07-23 00:00:00+00:00,HB_HUBAVG,2025-07-23 22:00:00+00:00,13.915833333333332,19.739686965942383,14.14283561706543,25.138051986694336
Chronos2,2025-07-23 00:00:00+00:00,HB_HUBAVG,2025-07-23 23:00:00+00:00,16.225833333333334,23.84337615966797,18.16459083557129,30.23969078063965
Chronos2,2025-07-23 00:00:00+00:00,HB_PAN,2025-07-23 00:00:00+00:00,20.37333333333333,14.814486503601074,5.508462905883789,24.0863037109375
Chronos2,2025-07-23 00:00:00+00:00,HB_PAN,2025-07-23 01:00:00+00:00,29.37833333333333,28.483440399169922,16.44394874572754,39.13134765625
Chronos2,2025-07-23 00:00:00+00:00,HB_PAN,2025-07-23 02:00:00+00:00,18.76333333333333,23.651653289794922,12.910282135009766,34.76551818847656
Chronos2,2025-07-23 00:00:00+00:00,HB_PAN,2025-07-23 03:00:00+00:00,13.571666666666667,18.512670516967773,9.197142601013184,27.29950714111328
Chronos2,2025-07-23 00:00:00+00:00,HB_PAN,2025-07-23 04:00:00+00:00,15.029166666666669,16.33544158935547,7.361204147338867,24.58367919921875
Chronos2,2025-07-23 00:00:00+00:00,HB_PAN,2025-07-23 05:00:00+00:00,21.389166666666668,16.447336196899414,7.796365737915039,24.01128387451172
Chronos2,2025-07-23 00:00:00+00:00,HB_PAN,2025-07-23 06:00:00+00:00,21.77083333333333,15.582071304321289,7.627854347229004,22.672727584838867
Chronos2,2025-07-23 00:00:00+00:00,HB_PAN,2025-07-23 07:00:00+00:00,21.668333333333333,14.911247253417969,7.8121538162231445,21.44327163696289
Chronos2,2025-07-23 00:00:00+00:00,HB_PAN,2025-07-23 08:00:00+00:00,23.0325,14.992758750915527,7.595425605773926,21.465328216552734
Chronos2,2025-07-23 00:00:00+00:00,HB_PAN,2025-07-23 09:00:00+00:00,23.499166666666667,15.417305946350098,8.036317825317383,22.167612075805664
Chronos2,2025-07-23 00:00:00+00:00,HB_PAN,2025-07-23 10:00:00+00:00,26.12333333333333,16.766475677490234,8.76833438873291,23.75704574584961
Chronos2,2025-07-23 00:00:00+00:00,HB_PAN,2025-07-23 11:00:00+00:00,29.03,18.544132232666016,10.338422775268555,25.818378448486328
Chronos2,2025-07-23 00:00:00+00:00,HB_PAN,2025-07-23 12:00:00+00:00,22.7975,16.390371322631836,7.800092697143555,24.17533302307129
Chronos2,2025-07-23 00:00:00+00:00,HB_PAN,2025-07-23 13:00:00+00:00,17.073333333333334,10.921270370483398,2.323497772216797,20.226869583129883
Chronos2,2025-07-23 00:00:00+00:00,HB_PAN,2025-07-23 14:00:00+00:00,12.248333333333331,5.818695068359375,-2.3513050079345703,15.602716445922852
Chronos2,2025-07-23 00:00:00+00:00,HB_PAN,2025-07-23 15:00:00+00:00,4.175833333333333,5.729528427124023,-2.6017913818359375,16.08432960510254
Chronos2,2025-07-23 00:00:00+00:00,HB_PAN,2025-07-23 16:00:00+00:00,4.145833333333333,8.556058883666992,-1.1388912200927734,20.060279846191406
Chronos2,2025-07-23 00:00:00+00:00,HB_PAN,2025-07-23 17:00:00+00:00,10.029166666666669,11.292684555053711,0.5622215270996094,23.090286254882812
Chronos2,2025-07-23 00:00:00+00:00,HB_PAN,2025-07-23 18:00:00+00:00,14.599166666666669,12.726820945739746,0.7751731872558594,24.993000030517578
Chronos2,2025-07-23 00:00:00+00:00,HB_PAN,2025-07-23 19:00:00+00:00,14.809166666666668,12.401426315307617,0.19586563110351562,24.431137084960938
Chronos2,2025-07-23 00:00:00+00:00,HB_PAN,2025-07-23 20:00:00+00:00,10.9275,10.342491149902344,-0.5335712432861328,22.69171905517578
Chronos2,2025-07-23 00:00:00+00:00,HB_PAN,2025-07-23 21:00:00+00:00,6.019166666666667,9.186546325683594,-1.7213783264160156,21.736743927001953
Chronos2,2025-07-23 00:00:00+00:00,HB_PAN,2025-07-23 22:00:00+00:00,2.056666666666666,7.106254577636719,-3.003355026245117,19.302106857299805
Chronos2,2025-07-23 00:00:00+00:00,HB_PAN,2025-07-23 23:00:00+00:00,4.1275,8.380305290222168,-2.7293052673339844,20.833189010620117
Chronos2,2025-07-23 00:00:00+00:00,LZ_WEST,2025-07-23 00:00:00+00:00,32.21333333333333,15.307126998901367,7.9441986083984375,25.91811180114746
Chronos2,2025-07-23 00:00:00+00:00,LZ_WEST,2025-07-23 01:00:00+00:00,56.08166666666667,32.40167999267578,18.590303421020508,49.98053741455078
Chronos2,2025-07-23 00:00:00+00:00,LZ_WEST,2025-07-23 02:00:00+00:00,74.55416666666666,33.908599853515625,18.737415313720703,52.902610778808594
Chronos2,2025-07-23 00:00:00+00:00,LZ_WEST,2025-07-23 03:00:00+00:00,67.63416666666667,35.797645568847656,19.788101196289062,55.48228454589844
Chronos2,2025-07-23 00:00:00+00:00,LZ_WEST,2025-07-23 04:00:00+00:00,45.48916666666667,34.755592346191406,18.74738121032715,54.928306579589844
Chronos2,2025-07-23 00:00:00+00:00,LZ_WEST,2025-07-23 05:00:00+00:00,30.00916666666667,33.42231750488281,17.027263641357422,53.83356857299805
Chronos2,2025-07-23 00:00:00+00:00,LZ_WEST,2025-07-23 06:00:00+00:00,25.37333333333333,31.441556930541992,15.453981399536133,52.32536315917969
Chronos2,2025-07-23 00:00:00+00:00,LZ_WEST,2025-07-23 07:00:00+00:00,23.76083333333333,29.70533561706543,14.470839500427246,49.486846923828125
Chronos2,2025-07-23 00:00:00+00:00,LZ_WEST,2025-07-23 08:00:00+00:00,23.096666666666664,30.336383819580078,14.447382926940918,50.76422119140625
Chronos2,2025-07-23 00:00:00+00:00,LZ_WEST,2025-07-23 09:00:00+00:00,23.499166666666667,29.704730987548828,13.866511344909668,50.71735382080078
Chronos2,2025-07-23 00:00:00+00:00,LZ_WEST,2025-07-23 10:00:00+00:00,26.12333333333333,28.141128540039062,12.96713924407959,48.75621795654297
Chronos2,2025-07-23 00:00:00+00:00,LZ_WEST,2025-07-23 11:00:00+00:00,29.21,26.98264503479004,12.383374214172363,46.16455841064453
Chronos2,2025-07-23 00:00:00+00:00,LZ_WEST,2025-07-23 12:00:00+00:00,22.7975,21.124637603759766,8.099687576293945,39.85842514038086
Chronos2,2025-07-23 00:00:00+00:00,LZ_WEST,2025-07-23 13:00:00+00:00,17.073333333333334,13.207077980041504,2.8215599060058594,33.00998306274414
Chronos2,2025-07-23 00:00:00+00:00,LZ_WEST,2025-07-23 14:00:00+00:00,10.451666666666666,7.443689346313477,-0.8435459136962891,25.909629821777344
Chronos2,2025-07-23 00:00:00+00:00,LZ_WEST,2025-07-23 15:00:00+00:00,2.0225,6.2118377685546875,-1.3398456573486328,24.17310333251953
Chronos2,2025-07-23 00:00:00+00:00,LZ_WEST,2025-07-23 16:00:00+00:00,2.004166666666667,9.512167930603027,0.7615299224853516,27.589599609375
Chronos2,2025-07-23 00:00:00+00:00,LZ_WEST,2025-07-23 17:00:00+00:00,9.455833333333333,12.046313285827637,1.7558555603027344,31.51511001586914
Chronos2,2025-07-23 00:00:00+00:00,LZ_WEST,2025-07-23 18:00:00+00:00,13.559166666666668,15.601313591003418,4.0768890380859375,35.231285095214844
Chronos2,2025-07-23 00:00:00+00:00,LZ_WEST,2025-07-23 19:00:00+00:00,13.100833333333334,14.509636878967285,2.427288055419922,34.45878219604492
Chronos2,2025-07-23 00:00:00+00:00,LZ_WEST,2025-07-23 20:00:00+00:00,9.291666666666666,14.032098770141602,2.5370559692382812,34.7862663269043
Chronos2,2025-07-23 00:00:00+00:00,LZ_WEST,2025-07-23 21:00:00+00:00,4.588333333333334,12.561803817749023,1.486776351928711,33.42569351196289
Chronos2,2025-07-23 00:00:00+00:00,LZ_WEST,2025-07-23 22:00:00+00:00,1.025,9.81332778930664,-0.09211921691894531,29.416955947875977
Chronos2,2025-07-23 00:00:00+00:00,LZ_WEST,2025-07-23 23:00:00+00:00,3.3125,8.955101013183594,-0.8350753784179688,28.541519165039062
Chronos2,2025-07-24 00:00:00+00:00,HB_HUBAVG,2025-07-24 00:00:00+00:00,35.65416666666667,27.14780616760254,21.52957534790039,35.955543518066406
Chronos2,2025-07-24 00:00:00+00:00,HB_HUBAVG,2025-07-24 01:00:00+00:00,36.759166666666665,34.272178649902344,24.43553924560547,52.494319915771484
Chronos2,2025-07-24 00:00:00+00:00,HB_HUBAVG,2025-07-24 02:00:00+00:00,30.105833333333333,32.1174430847168,21.650699615478516,52.06562042236328
Chronos2,2025-07-24 00:00:00+00:00,HB_HUBAVG,2025-07-24 03:00:00+00:00,25.456666666666667,28.654460906982422,19.652877807617188,42.971702575683594
Chronos2,2025-07-24 00:00:00+00:00,HB_HUBAVG,2025-07-24 04:00:00+00:00,22.6425,25.124113082885742,19.360946655273438,32.228248596191406
Chronos2,2025-07-24 00:00:00+00:00,HB_HUBAVG,2025-07-24 05:00:00+00:00,23.138333333333332,23.728160858154297,19.79829216003418,27.964366912841797
Chronos2,2025-07-24 00:00:00+00:00,HB_HUBAVG,2025-07-24 06:00:00+00:00,22.639166666666668,22.8259220123291,19.4793758392334,25.988924026489258
Chronos2,2025-07-24 00:00:00+00:00,HB_HUBAVG,2025-07-24 07:00:00+00:00,22.826666666666668,21.93292236328125,18.73352813720703,24.7746639251709
Chronos2,2025-07-24 00:00:00+00:00,HB_HUBAVG,2025-07-24 08:00:00+00:00,20.851666666666667,21.685150146484375,18.675907135009766,24.29931640625
Chronos2,2025-07-24 00:00:00+00:00,HB_HUBAVG,2025-07-24 09:00:00+00:00,20.3175,22.341386795043945,18.85226821899414,25.10798454284668
Chronos2,2025-07-24 00:00:00+00:00,HB_HUBAVG,2025-07-24 10:00:00+00:00,21.276666666666667,23.57054328918457,19.568069458007812,27.428909301757812
Chronos2,2025-07-24 00:00:00+00:00,HB_HUBAVG,2025-07-24 11:00:00+00:00,22.093333333333337,24.89179801940918,19.686246871948242,29.942317962646484
Chronos2,2025-07-24 00:00:00+00:00,HB_HUBAVG,2025-07-24 12:00:00+00:00,19.414166666666667,21.899105072021484,16.316442489624023,26.67983627319336
Chronos2,2025-07-24 00:00:00+00:00,HB_HUBAVG,2025-07-24 13:00:00+00:00,14.319166666666668,17.620847702026367,10.327849388122559,22.91343879699707
Chronos2,2025-07-24 00:00:00+00:00,HB_HUBAVG,2025-07-24 14:00:00+00:00,8.598333333333333,14.525613784790039,5.939765930175781,20.799896240234375
Chronos2,2025-07-24 00:00:00+00:00,HB_HUBAVG,2025-07-24 15:00:00+00:00,15.095,14.790433883666992,5.876476287841797,21.39468002319336
Chronos2,2025-07-24 00:00:00+00:00,HB_HUBAVG,2025-07-24 16:00:00+00:00,21.44333333333333,17.900714874267578,11.580268859863281,23.379497528076172
Chronos2,2025-07-24 00:00:00+00:00,HB_HUBAVG,2025-07-24 17:00:00+00:00,30.5575,21.092723846435547,16.741586685180664,25.09967803955078
Chronos2,2025-07-24 00:00:00+00:00,HB_HUBAVG,2025-07-24 18:00:00+00:00,36.873333333333335,22.774913787841797,18.793020248413086,26.552221298217773
Chronos2,2025-07-24 00:00:00+00:00,HB_HUBAVG,2025-07-24 19:00:00+00:00,28.21083333333333,22.270809173583984,18.30789566040039,25.91097640991211
Chronos2,2025-07-24 00:00:00+00:00,HB_HUBAVG,2025-07-24 20:00:00+00:00,35.299166666666665,21.43892478942871,16.738704681396484,25.483051300048828
Chronos2,2025-07-24 00:00:00+00:00,HB_HUBAVG,2025-07-24 21:00:00+00:00,32.0025,19.834836959838867,14.152256965637207,24.81981658935547
Chronos2,2025-07-24 00:00:00+00:00,HB_HUBAVG,2025-07-24 22:00:00+00:00,39.344166666666666,20.316144943237305,12.99825382232666,26.793588638305664
Chronos2,2025-07-24 00:00:00+00:00,HB_HUBAVG,2025-07-24 23:00:00+00:00,48.47166666666666,24.39864730834961,15.2791748046875,35.31022644042969
Chronos2,2025-07-24 00:00:00+00:00,HB_PAN,2025-07-24 00:00:00+00:00,24.040000000000003,18.373891830444336,11.94383430480957,24.466819763183594
Chronos2,2025-07-24 00:00:00+00:00,HB_PAN,2025-07-24 01:00:00+00:00,29.808333333333337,30.067127227783203,21.329944610595703,37.97309875488281
Chronos2,2025-07-24 00:00:00+00:00,HB_PAN,2025-07-24 02:00:00+00:00,23.71166666666667,23.389869689941406,14.846596717834473,31.578006744384766
Chronos2,2025-07-24 00:00:00+00:00,HB_PAN,2025-07-24 03:00:00+00:00,17.365833333333335,17.928749084472656,9.920928001403809,25.500152587890625
Chronos2,2025-07-24 00:00:00+00:00,HB_PAN,2025-07-24 04:00:00+00:00,17.50166666666667,17.43783187866211,9.69518756866455,24.706668853759766
Chronos2,2025-07-24 00:00:00+00:00,HB_PAN,2025-07-24 05:00:00+00:00,13.409999999999998,20.304141998291016,12.659740447998047,27.00402069091797
Chronos2,2025-07-24 00:00:00+00:00,HB_PAN,2025-07-24 06:00:00+00:00,12.075833333333334,20.693899154663086,13.213560104370117,27.450010299682617
Chronos2,2025-07-24 00:00:00+00:00,HB_PAN,2025-07-24 07:00:00+00:00,12.766666666666666,20.282106399536133,12.893548965454102,27.06877326965332
Chronos2,2025-07-24 00:00:00+00:00,HB_PAN,2025-07-24 08:00:00+00:00,17.336666666666666,20.27520751953125,12.544572830200195,27.313884735107422
Chronos2,2025-07-24 00:00:00+00:00,HB_PAN,2025-07-24 09:00:00+00:00,18.511666666666667,20.7989501953125,12.97923469543457,28.117538452148438
Chronos2,2025-07-24 00:00:00+00:00,HB_PAN,2025-07-24 10:00:00+00:00,19.186666666666667,22.591915130615234,14.705352783203125,30.22531509399414
Chronos2,2025-07-24 00:00:00+00:00,HB_PAN,2025-07-24 11:00:00+00:00,21.16583333333333,23.821622848510742,15.733172416687012,31.818008422851562
Chronos2,2025-07-24 00:00:00+00:00,HB_PAN,2025-07-24 12:00:00+00:00,19.031666666666663,21.28660011291504,12.77825927734375,29.646692276000977
Chronos2,2025-07-24 00:00:00+00:00,HB_PAN,2025-07-24 13:00:00+00:00,14.148333333333332,16.51097869873047,7.179608345031738,25.748703002929688
Chronos2,2025-07-24 00:00:00+00:00,HB_PAN,2025-07-24 14:00:00+00:00,3.806666666666666,11.656999588012695,1.7551498413085938,22.69768524169922
Chronos2,2025-07-24 00:00:00+00:00,HB_PAN,2025-07-24 15:00:00+00:00,11.774166666666666,9.855774879455566,-0.2846851348876953,21.700159072875977
Chronos2,2025-07-24 00:00:00+00:00,HB_PAN,2025-07-24 16:00:00+00:00,18.70583333333333,13.90792465209961,2.837313652038574,25.027366638183594
Chronos2,2025-07-24 00:00:00+00:00,HB_PAN,2025-07-24 17:00:00+00:00,24.848333333333333,16.796022415161133,5.282997131347656,27.374324798583984
Chronos2,2025-07-24 00:00:00+00:00,HB_PAN,2025-07-24 18:00:00+00:00,26.59083333333333,18.646825790405273,7.943554878234863,28.714500427246094
Chronos2,2025-07-24 00:00:00+00:00,HB_PAN,2025-07-24 19:00:00+00:00,22.04083333333333,18.422182083129883,7.986069679260254,28.180660247802734
Chronos2,2025-07-24 00:00:00+00:00,HB_PAN,2025-07-24 20:00:00+00:00,22.02083333333333,14.438234329223633,3.8091182708740234,24.849407196044922
Chronos2,2025-07-24 00:00:00+00:00,HB_PAN,2025-07-24 21:00:00+00:00,23.31,10.446647644042969,-0.3069305419921875,22.059167861938477
Chronos2,2025-07-24 00:00:00+00:00,HB_PAN,2025-07-24 22:00:00+00:00,25.475,7.196195602416992,-2.856060028076172,19.754121780395508
Chronos2,2025-07-24 00:00:00+00:00,HB_PAN,2025-07-24 23:00:00+00:00,30.23166666666667,8.664735794067383,-2.0467662811279297,21.905895233154297
Chronos2,2025-07-24 00:00:00+00:00,LZ_WEST,2025-07-24 00:00:00+00:00,25.136666666666667,15.804283142089844,6.378467559814453,27.568317413330078
Chronos2,2025-07-24 00:00:00+00:00,LZ_WEST,2025-07-24 01:00:00+00:00,46.64416666666667,37.0266227722168,23.998254776000977,53.79277420043945
Chronos2,2025-07-24 00:00:00+00:00,LZ_WEST,2025-07-24 02:00:00+00:00,43.9,38.91256332397461,25.402563095092773,56.025936126708984
Chronos2,2025-07-24 00:00:00+00:00,LZ_WEST,2025-07-24 03:00:00+00:00,43.14666666666667,39.66737747192383,26.855518341064453,56.30218505859375
Chronos2,2025-07-24 00:00:00+00:00,LZ_WEST,2025-07-24 04:00:00+00:00,36.52916666666667,37.400970458984375,24.846616744995117,53.0045166015625
Chronos2,2025-07-24 00:00:00+00:00,LZ_WEST,2025-07-24 05:00:00+00:00,58.565,34.03909683227539,21.241619110107422,49.50056076049805
Chronos2,2025-07-24 00:00:00+00:00,LZ_WEST,2025-07-24 06:00:00+00:00,57.30666666666667,31.56443214416504,18.60896873474121,46.99127197265625
Chronos2,2025-07-24 00:00:00+00:00,LZ_WEST,2025-07-24 07:00:00+00:00,61.11666666666667,29.285531997680664,16.766639709472656,44.28645324707031
Chronos2,2025-07-24 00:00:00+00:00,LZ_WEST,2025-07-24 08:00:00+00:00,42.11666666666667,28.948116302490234,16.486896514892578,43.93413543701172
Chronos2,2025-07-24 00:00:00+00:00,LZ_WEST,2025-07-24 09:00:00+00:00,39.82416666666666,28.499616622924805,15.97968864440918,43.280792236328125
Chronos2,2025-07-24 00:00:00+00:00,LZ_WEST,2025-07-24 10:00:00+00:00,43.98333333333333,28.338499069213867,16.398283004760742,42.3214111328125
Chronos2,2025-07-24 00:00:00+00:00,LZ_WEST,2025-07-24 11:00:00+00:00,32.12083333333333,27.42299461364746,16.083810806274414,40.39474105834961
Chronos2,2025-07-24 00:00:00+00:00,LZ_WEST,2025-07-24 12:00:00+00:00,23.569166666666664,21.956987380981445,11.162002563476562,34.938106536865234
Chronos2,2025-07-24 00:00:00+00:00,LZ_WEST,2025-07-24 13:00:00+00:00,14.205,14.2283935546875,4.067668914794922,28.167020797729492
Chronos2,2025-07-24 00:00:00+00:00,LZ_WEST,2025-07-24 14:00:00+00:00,4.4591666666666665,8.856975555419922,0.08498573303222656,22.50516128540039
Chronos2,2025-07-24 00:00:00+00:00,LZ_WEST,2025-07-24 15:00:00+00:00,12.156666666666666,7.970645904541016,-0.2034282684326172,21.593244552612305
Chronos2,2025-07-24 00:00:00+00:00,LZ_WEST,2025-07-24 16:00:00+00:00,19.55333333333333,11.688064575195312,1.710287094116211,25.16457176208496
Chronos2,2025-07-24 00:00:00+00:00,LZ_WEST,2025-07-24 17:00:00+00:00,26.505,13.438013076782227,3.339508056640625,26.84855842590332
Chronos2,2025-07-24 00:00:00+00:00,LZ_WEST,2025-07-24 18:00:00+00:00,30.02,15.813652992248535,5.156715393066406,29.40192222595215
Chronos2,2025-07-24 00:00:00+00:00,LZ_WEST,2025-07-24 19:00:00+00:00,29.035,14.89549732208252,4.5134429931640625,28.167579650878906
Chronos2,2025-07-24 00:00:00+00:00,LZ_WEST,2025-07-24 20:00:00+00:00,41.35583333333333,12.661012649536133,2.188993453979492,27.336626052856445
Chronos2,2025-07-24 00:00:00+00:00,LZ_WEST,2025-07-24 21:00:00+00:00,39.72083333333333,10.087583541870117,-0.4481086730957031,25.78379249572754
Chronos2,2025-07-24 00:00:00+00:00,LZ_WEST,2025-07-24 22:00:00+00:00,44.321666666666665,7.420900344848633,-3.208038330078125,23.80042839050293
Chronos2,2025-07-24 00:00:00+00:00,LZ_WEST,2025-07-24 23:00:00+00:00,41.295,7.948896408081055,-3.3097152709960938,25.6003475189209
Chronos2,2025-07-25 00:00:00+00:00,HB_HUBAVG,2025-07-25 00:00:00+00:00,48.07083333333333,57.449371337890625,48.653011322021484,69.66354370117188
Chronos2,2025-07-25 00:00:00+00:00,HB_HUBAVG,2025-07-25 01:00:00+00:00,37.3775,55.40812683105469,44.53697204589844,71.04558563232422
Chronos2,2025-07-25 00:00:00+00:00,HB_HUBAVG,2025-07-25 02:00:00+00:00,27.781666666666663,46.98566436767578,36.294124603271484,61.73902130126953
Chronos2,2025-07-25 00:00:00+00:00,HB_HUBAVG,2025-07-25 03:00:00+00:00,27.845,37.54084777832031,28.680015563964844,51.156280517578125
Chronos2,2025-07-25 00:00:00+00:00,HB_HUBAVG,2025-07-25 04:00:00+00:00,26.16583333333333,29.293458938598633,22.713438034057617,40.6771125793457
Chronos2,2025-07-25 00:00:00+00:00,HB_HUBAVG,2025-07-25 05:00:00+00:00,25.3425,26.123842239379883,20.141807556152344,36.52679443359375
Chronos2,2025-07-25 00:00:00+00:00,HB_HUBAVG,2025-07-25 06:00:00+00:00,26.226666666666663,24.46980857849121,18.782690048217773,34.982643127441406
Chronos2,2025-07-25 00:00:00+00:00,HB_HUBAVG,2025-07-25 07:00:00+00:00,30.006666666666664,23.42840003967285,18.02861213684082,33.218353271484375
Chronos2,2025-07-25 00:00:00+00:00,HB_HUBAVG,2025-07-25 08:00:00+00:00,33.86,22.66271209716797,17.315086364746094,31.417827606201172
Chronos2,2025-07-25 00:00:00+00:00,HB_HUBAVG,2025-07-25 09:00:00+00:00,30.555000000000003,23.280935287475586,17.71316146850586,32.99496078491211
Chronos2,2025-07-25 00:00:00+00:00,HB_HUBAVG,2025-07-25 10:00:00+00:00,33.248333333333335,25.840425491333008,19.372783660888672,37.19158935546875
Chronos2,2025-07-25 00:00:00+00:00,HB_HUBAVG,2025-07-25 11:00:00+00:00,38.02666666666666,28.621606826782227,20.909536361694336,42.091583251953125
Chronos2,2025-07-25 00:00:00+00:00,HB_HUBAVG,2025-07-25 12:00:00+00:00,27.935,26.748109817504883,19.00420379638672,41.06143569946289
Chronos2,2025-07-25 00:00:00+00:00,HB_HUBAVG,2025-07-25 13:00:00+00:00,23.204166666666666,23.088876724243164,15.38157844543457,37.811134338378906
Chronos2,2025-07-25 00:00:00+00:00,HB_HUBAVG,2025-07-25 14:00:00+00:00,24.31083333333333,20.62444496154785,12.858755111694336,34.32515335083008
Chronos2,2025-07-25 00:00:00+00:00,HB_HUBAVG,2025-07-25 15:00:00+00:00,24.114166666666662,20.112003326416016,12.054346084594727,33.8272705078125
Chronos2,2025-07-25 00:00:00+00:00,HB_HUBAVG,2025-07-25 16:00:00+00:00,26.92083333333333,23.64529800415039,16.138675689697266,37.700035095214844
Chronos2,2025-07-25 00:00:00+00:00,HB_HUBAVG,2025-07-25 17:00:00+00:00,37.0425,26.540489196777344,18.877796173095703,41.194129943847656
Chronos2,2025-07-25 00:00:00+00:00,HB_HUBAVG,2025-07-25 18:00:00+00:00,47.815,28.2792911529541,20.252124786376953,43.2685546875
Chronos2,2025-07-25 00:00:00+00:00,HB_HUBAVG,2025-07-25 19:00:00+00:00,52.22666666666667,26.948863983154297,19.293010711669922,41.72096633911133
Chronos2,2025-07-25 00:00:00+00:00,HB_HUBAVG,2025-07-25 20:00:00+00:00,70.95416666666667,27.3286075592041,19.54599380493164,41.820716857910156
Chronos2,2025-07-25 00:00:00+00:00,HB_HUBAVG,2025-07-25 21:00:00+00:00,42.12166666666666,26.567935943603516,18.561965942382812,41.90919494628906
Chronos2,2025-07-25 00:00:00+00:00,HB_HUBAVG,2025-07-25 22:00:00+00:00,68.9075,28.999038696289062,20.343280792236328,46.044979095458984
Chronos2,2025-07-25 00:00:00+00:00,HB_HUBAVG,2025-07-25 23:00:00+00:00,58.74166666666667,34.83089828491211,24.34041404724121,55.0230712890625
Chronos2,2025-07-25 00:00:00+00:00,HB_PAN,2025-07-25 00:00:00+00:00,41.69083333333334,37.84696960449219,30.98287582397461,44.63800811767578
Chronos2,2025-07-25 00:00:00+00:00,HB_PAN,2025-07-25 01:00:00+00:00,36.525,37.6328125,29.024394989013672,47.436492919921875
Chronos2,2025-07-25 00:00:00+00:00,HB_PAN,2025-07-25 02:00:00+00:00,26.53333333333333,31.356178283691406,21.900955200195312,42.24571228027344
Chronos2,2025-07-25 00:00:00+00:00,HB_PAN,2025-07-25 03:00:00+00:00,21.598333333333333,25.078170776367188,16.542863845825195,35.77839660644531
Chronos2,2025-07-25 00:00:00+00:00,HB_PAN,2025-07-25 04:00:00+00:00,15.915833333333332,21.783273696899414,13.262958526611328,32.169132232666016
Chronos2,2025-07-25 00:00:00+00:00,HB_PAN,2025-07-25 05:00:00+00:00,25.55333333333333,21.846023559570312,13.510995864868164,31.758901596069336
Chronos2,2025-07-25 00:00:00+00:00,HB_PAN,2025-07-25 06:00:00+00:00,23.661666666666665,21.782194137573242,13.770302772521973,31.485149383544922
Chronos2,2025-07-25 00:00:00+00:00,HB_PAN,2025-07-25 07:00:00+00:00,27.315,21.454286575317383,13.618271827697754,30.783601760864258
Chronos2,2025-07-25 00:00:00+00:00,HB_PAN,2025-07-25 08:00:00+00:00,34.431666666666665,20.25434112548828,12.348735809326172,29.70496368408203
Chronos2,2025-07-25 00:00:00+00:00,HB_PAN,2025-07-25 09:00:00+00:00,33.43833333333333,21.05034637451172,12.650062561035156,31.418033599853516
Chronos2,2025-07-25 00:00:00+00:00,HB_PAN,2025-07-25 10:00:00+00:00,36.87166666666667,24.618247985839844,16.027009963989258,36.44370651245117
Chronos2,2025-07-25 00:00:00+00:00,HB_PAN,2025-07-25 11:00:00+00:00,44.96,26.968313217163086,17.194477081298828,39.93452835083008
Chronos2,2025-07-25 00:00:00+00:00,HB_PAN,2025-07-25 12:00:00+00:00,29.75333333333333,24.308597564697266,14.118298530578613,38.24781799316406
Chronos2,2025-07-25 00:00:00+00:00,HB_PAN,2025-07-25 13:00:00+00:00,23.331666666666667,20.35492706298828,9.699278831481934,33.889404296875
Chronos2,2025-07-25 00:00:00+00:00,HB_PAN,2025-07-25 14:00:00+00:00,24.31083333333333,16.885541915893555,5.327094078063965,30.26470375061035
Chronos2,2025-07-25 00:00:00+00:00,HB_PAN,2025-07-25 15:00:00+00:00,24.114166666666662,16.407644271850586,4.09122371673584,30.39603042602539
Chronos2,2025-07-25 00:00:00+00:00,HB_PAN,2025-07-25 16:00:00+00:00,26.825833333333332,19.668292999267578,8.798502922058105,32.07810592651367
Chronos2,2025-07-25 00:00:00+00:00,HB_PAN,2025-07-25 17:00:00+00:00,37.009166666666665,21.950700759887695,11.879667282104492,34.682373046875
Chronos2,2025-07-25 00:00:00+00:00,HB_PAN,2025-07-25 18:00:00+00:00,47.84333333333333,23.044675827026367,13.673759460449219,35.44334411621094
Chronos2,2025-07-25 00:00:00+00:00,HB_PAN,2025-07-25 19:00:00+00:00,52.4175,21.72901153564453,11.96075439453125,35.24163818359375
Chronos2,2025-07-25 00:00:00+00:00,HB_PAN,2025-07-25 20:00:00+00:00,71.40333333333334,19.675256729125977,8.878703117370605,33.67251205444336
Chronos2,2025-07-25 00:00:00+00:00,HB_PAN,2025-07-25 21:00:00+00:00,37.70916666666667,16.140178680419922,2.6686925888061523,32.77819061279297
Chronos2,2025-07-25 00:00:00+00:00,HB_PAN,2025-07-25 22:00:00+00:00,70.38583333333334,11.577083587646484,-2.1508731842041016,32.623809814453125
Chronos2,2025-07-25 00:00:00+00:00,HB_PAN,2025-07-25 23:00:00+00:00,60.42416666666667,12.022195816040039,-2.8363285064697266,34.73858642578125
Chronos2,2025-07-25 00:00:00+00:00,LZ_WEST,2025-07-25 00:00:00+00:00,44.81333333333333,48.60234069824219,38.32703399658203,58.844017028808594
Chronos2,2025-07-25 00:00:00+00:00,LZ_WEST,2025-07-25 01:00:00+00:00,37.22833333333333,59.708946228027344,44.952613830566406,74.95966339111328
Chronos2,2025-07-25 00:00:00+00:00,LZ_WEST,2025-07-25 02:00:00+00:00,28.718333333333337,61.25831604003906,43.85877990722656,79.47368621826172
Chronos2,2025-07-25 00:00:00+00:00,LZ_WEST,2025-07-25 03:00:00+00:00,39.28333333333333,58.93796920776367,39.447410583496094,79.72195434570312
Chronos2,2025-07-25 00:00:00+00:00,LZ_WEST,2025-07-25 04:00:00+00:00,47.8675,55.07032775878906,33.57719039916992,78.37628173828125
Chronos2,2025-07-25 00:00:00+00:00,LZ_WEST,2025-07-25 05:00:00+00:00,52.21333333333333,52.04560852050781,30.153079986572266,76.71163177490234
Chronos2,2025-07-25 00:00:00+00:00,LZ_WEST,2025-07-25 06:00:00+00:00,69.87583333333333,48.88539123535156,26.168519973754883,76.04776000976562
Chronos2,2025-07-25 00:00:00+00:00,LZ_WEST,2025-07-25 07:00:00+00:00,70.7375,45.05332565307617,23.011436462402344,73.59947967529297
Chronos2,2025-07-25 00:00:00+00:00,LZ_WEST,2025-07-25 08:00:00+00:00,73.76583333333333,42.0742073059082,21.04802894592285,68.85343170166016
Chronos2,2025-07-25 00:00:00+00:00,LZ_WEST,2025-07-25 09:00:00+00:00,62.76,40.3349723815918,20.290796279907227,66.77752685546875
Chronos2,2025-07-25 00:00:00+00:00,LZ_WEST,2025-07-25 10:00:00+00:00,86.27749999999999,39.327171325683594,20.256404876708984,64.34921264648438
Chronos2,2025-07-25 00:00:00+00:00,LZ_WEST,2025-07-25 11:00:00+00:00,136.8925,37.12248229980469,19.654003143310547,59.95231628417969
Chronos2,2025-07-25 00:00:00+00:00,LZ_WEST,2025-07-25 12:00:00+00:00,53.84666666666666,31.720653533935547,15.999800682067871,52.04440689086914
Chronos2,2025-07-25 00:00:00+00:00,LZ_WEST,2025-07-25 13:00:00+00:00,25.1125,24.9930419921875,10.36370849609375,44.633766174316406
Chronos2,2025-07-25 00:00:00+00:00,LZ_WEST,2025-07-25 14:00:00+00:00,24.3625,19.88208770751953,6.531391143798828,39.44189453125
Chronos2,2025-07-25 00:00:00+00:00,LZ_WEST,2025-07-25 15:00:00+00:00,24.114166666666662,18.319107055664062,4.997453689575195,38.22563552856445
Chronos2,2025-07-25 00:00:00+00:00,LZ_WEST,2025-07-25 16:00:00+00:00,26.71,19.608341217041016,6.655595779418945,40.44647979736328
Chronos2,2025-07-25 00:00:00+00:00,LZ_WEST,2025-07-25 17:00:00+00:00,36.96,21.528316497802734,7.798707962036133,42.977294921875
Chronos2,2025-07-25 00:00:00+00:00,LZ_WEST,2025-07-25 18:00:00+00:00,47.80833333333334,23.69601821899414,9.416486740112305,45.796382904052734
Chronos2,2025-07-25 00:00:00+00:00,LZ_WEST,2025-07-25 19:00:00+00:00,52.41083333333333,22.983060836791992,8.137727737426758,46.507659912109375
Chronos2,2025-07-25 00:00:00+00:00,LZ_WEST,2025-07-25 20:00:00+00:00,78.2325,23.21453857421875,7.320747375488281,48.87593078613281
Chronos2,2025-07-25 00:00:00+00:00,LZ_WEST,2025-07-25 21:00:00+00:00,83.99,21.86692237854004,4.989643096923828,49.863128662109375
Chronos2,2025-07-25 00:00:00+00:00,LZ_WEST,2025-07-25 22:00:00+00:00,71.03083333333333,18.94774627685547,2.5959548950195312,50.34761047363281
Chronos2,2025-07-25 00:00:00+00:00,LZ_WEST,2025-07-25 23:00:00+00:00,60.9375,18.04741668701172,2.534381866455078,47.60443115234375
Chronos2,2025-07-26 00:00:00+00:00,HB_HUBAVG,2025-07-26 00:00:00+00:00,42.4525,54.78739929199219,43.5574951171875,80.22623443603516
Chronos2,2025-07-26 00:00:00+00:00,HB_HUBAVG,2025-07-26 01:00:00+00:00,41.50666666666667,46.2412109375,34.46830749511719,67.35809326171875
Chronos2,2025-07-26 00:00:00+00:00,HB_HUBAVG,2025-07-26 02:00:00+00:00,41.26916666666667,35.443756103515625,27.84661865234375,53.946189880371094
Chronos2,2025-07-26 00:00:00+00:00,HB_HUBAVG,2025-07-26 03:00:00+00:00,33.5,30.98687744140625,25.596179962158203,45.652687072753906
Chronos2,2025-07-26 00:00:00+00:00,HB_HUBAVG,2025-07-26 04:00:00+00:00,31.31833333333333,27.977949142456055,23.66427993774414,40.23991775512695
Chronos2,2025-07-26 00:00:00+00:00,HB_HUBAVG,2025-07-26 05:00:00+00:00,30.3025,27.241838455200195,23.45062828063965,38.847049713134766
Chronos2,2025-07-26 00:00:00+00:00,HB_HUBAVG,2025-07-26 06:00:00+00:00,26.36583333333333,27.462678909301758,23.602951049804688,39.81604766845703
Chronos2,2025-07-26 00:00:00+00:00,HB_HUBAVG,2025-07-26 07:00:00+00:00,25.22833333333333,28.570178985595703,24.17957305908203,40.501731872558594
Chronos2,2025-07-26 00:00:00+00:00,HB_HUBAVG,2025-07-26 08:00:00+00:00,23.7375,28.033187866210938,23.866069793701172,40.02635192871094
Chronos2,2025-07-26 00:00:00+00:00,HB_HUBAVG,2025-07-26 09:00:00+00:00,24.719166666666663,27.871784210205078,23.126604080200195,40.80760955810547
Chronos2,2025-07-26 00:00:00+00:00,HB_HUBAVG,2025-07-26 10:00:00+00:00,27.95833333333333,27.988922119140625,22.67303466796875,42.959693908691406
Chronos2,2025-07-26 00:00:00+00:00,HB_HUBAVG,2025-07-26 11:00:00+00:00,27.209166666666665,27.738569259643555,21.5661563873291,44.33275604248047
Chronos2,2025-07-26 00:00:00+00:00,HB_HUBAVG,2025-07-26 12:00:00+00:00,23.08833333333333,23.57202911376953,17.41124153137207,40.72475814819336
Chronos2,2025-07-26 00:00:00+00:00,HB_HUBAVG,2025-07-26 13:00:00+00:00,21.933333333333337,18.787460327148438,12.24977970123291,36.71205139160156
Chronos2,2025-07-26 00:00:00+00:00,HB_HUBAVG,2025-07-26 14:00:00+00:00,18.354166666666668,14.262042045593262,7.643945693969727,32.281070709228516
Chronos2,2025-07-26 00:00:00+00:00,HB_HUBAVG,2025-07-26 15:00:00+00:00,15.765833333333331,15.61761474609375,7.951168060302734,35.381980895996094
Chronos2,2025-07-26 00:00:00+00:00,HB_HUBAVG,2025-07-26 16:00:00+00:00,22.6625,20.495899200439453,13.592341423034668,44.1565055847168
Chronos2,2025-07-26 00:00:00+00:00,HB_HUBAVG,2025-07-26 17:00:00+00:00,33.97416666666667,26.56700897216797,18.8214054107666,54.57698059082031
Chronos2,2025-07-26 00:00:00+00:00,HB_HUBAVG,2025-07-26 18:00:00+00:00,47.04833333333334,30.241477966308594,20.876405715942383,60.546302795410156
Chronos2,2025-07-26 00:00:00+00:00,HB_HUBAVG,2025-07-26 19:00:00+00:00,47.68833333333333,30.62264633178711,20.595247268676758,63.38390350341797
Chronos2,2025-07-26 00:00:00+00:00,HB_HUBAVG,2025-07-26 20:00:00+00:00,45.575,32.1000862121582,21.09426498413086,64.00688934326172
Chronos2,2025-07-26 00:00:00+00:00,HB_HUBAVG,2025-07-26 21:00:00+00:00,39.39,30.664979934692383,19.765731811523438,64.20518493652344
Chronos2,2025-07-26 00:00:00+00:00,HB_HUBAVG,2025-07-26 22:00:00+00:00,31.041666666666668,30.832061767578125,19.94317626953125,63.992652893066406
Chronos2,2025-07-26 00:00:00+00:00,HB_HUBAVG,2025-07-26 23:00:00+00:00,22.14,35.34041213989258,23.307048797607422,67.82840728759766
Chronos2,2025-07-26 00:00:00+00:00,HB_PAN,2025-07-26 00:00:00+00:00,43.10833333333333,62.60832214355469,44.236915588378906,86.89067077636719
Chronos2,2025-07-26 00:00:00+00:00,HB_PAN,2025-07-26 01:00:00+00:00,43.10916666666666,60.82548141479492,38.81772994995117,91.65188598632812
Chronos2,2025-07-26 00:00:00+00:00,HB_PAN,2025-07-26 02:00:00+00:00,43.93833333333333,49.93487548828125,28.637950897216797,83.77853393554688
Chronos2,2025-07-26 00:00:00+00:00,HB_PAN,2025-07-26 03:00:00+00:00,35.78666666666667,41.06898880004883,22.820613861083984,74.91206359863281
Chronos2,2025-07-26 00:00:00+00:00,HB_PAN,2025-07-26 04:00:00+00:00,34.01166666666666,36.87248611450195,19.132858276367188,73.79296875
Chronos2,2025-07-26 00:00:00+00:00,HB_PAN,2025-07-26 05:00:00+00:00,32.865833333333335,36.96678161621094,20.009023666381836,72.04452514648438
Chronos2,2025-07-26 00:00:00+00:00,HB_PAN,2025-07-26 06:00:00+00:00,27.555833333333336,36.98509979248047,19.601099014282227,76.80368041992188
Chronos2,2025-07-26 00:00:00+00:00,HB_PAN,2025-07-26 07:00:00+00:00,26.57333333333333,38.14380645751953,20.34465980529785,75.593994140625
Chronos2,2025-07-26 00:00:00+00:00,HB_PAN,2025-07-26 08:00:00+00:00,24.1975,39.81806182861328,21.98535919189453,77.68902587890625
Chronos2,2025-07-26 00:00:00+00:00,HB_PAN,2025-07-26 09:00:00+00:00,25.0275,41.22120666503906,23.24472999572754,80.2694320678711
Chronos2,2025-07-26 00:00:00+00:00,HB_PAN,2025-07-26 10:00:00+00:00,28.6725,42.640586853027344,24.34633445739746,83.99456787109375
Chronos2,2025-07-26 00:00:00+00:00,HB_PAN,2025-07-26 11:00:00+00:00,27.9175,43.31463623046875,24.209632873535156,85.51011657714844
Chronos2,2025-07-26 00:00:00+00:00,HB_PAN,2025-07-26 12:00:00+00:00,23.44083333333333,39.24736785888672,20.517749786376953,85.41180419921875
Chronos2,2025-07-26 00:00:00+00:00,HB_PAN,2025-07-26 13:00:00+00:00,22.39333333333333,32.82275390625,15.377653121948242,78.1102523803711
Chronos2,2025-07-26 00:00:00+00:00,HB_PAN,2025-07-26 14:00:00+00:00,19.098333333333333,26.203458786010742,9.418906211853027,71.11907958984375
Chronos2,2025-07-26 00:00:00+00:00,HB_PAN,2025-07-26 15:00:00+00:00,16.583333333333332,25.16149139404297,8.393709182739258,75.11170959472656
Chronos2,2025-07-26 00:00:00+00:00,HB_PAN,2025-07-26 16:00:00+00:00,24.471666666666668,32.41960906982422,14.183077812194824,79.85005187988281
Chronos2,2025-07-26 00:00:00+00:00,HB_PAN,2025-07-26 17:00:00+00:00,36.435833333333335,38.724708557128906,19.436054229736328,86.83935546875
Chronos2,2025-07-26 00:00:00+00:00,HB_PAN,2025-07-26 18:00:00+00:00,51.13583333333333,41.846160888671875,21.176868438720703,90.61280822753906
Chronos2,2025-07-26 00:00:00+00:00,HB_PAN,2025-07-26 19:00:00+00:00,51.84833333333333,42.794517517089844,20.714799880981445,93.81832885742188
Chronos2,2025-07-26 00:00:00+00:00,HB_PAN,2025-07-26 20:00:00+00:00,49.145833333333336,41.98237609863281,19.369375228881836,97.05215454101562
Chronos2,2025-07-26 00:00:00+00:00,HB_PAN,2025-07-26 21:00:00+00:00,40.74666666666666,40.185691833496094,17.224781036376953,94.66668701171875
Chronos2,2025-07-26 00:00:00+00:00,HB_PAN,2025-07-26 22:00:00+00:00,27.545,39.26082229614258,16.585655212402344,94.8621826171875
Chronos2,2025-07-26 00:00:00+00:00,HB_PAN,2025-07-26 23:00:00+00:00,18.31083333333333,41.079795837402344,17.812572479248047,99.86578369140625
Chronos2,2025-07-26 00:00:00+00:00,LZ_WEST,2025-07-26 00:00:00+00:00,43.34583333333333,64.16525268554688,43.354881286621094,86.47441864013672
Chronos2,2025-07-26 00:00:00+00:00,LZ_WEST,2025-07-26 01:00:00+00:00,54.17666666666667,68.41033935546875,42.493263244628906,99.57479095458984
Chronos2,2025-07-26 00:00:00+00:00,LZ_WEST,2025-07-26 02:00:00+00:00,53.38583333333333,67.87139892578125,38.89595031738281,103.8072280883789
Chronos2,2025-07-26 00:00:00+00:00,LZ_WEST,2025-07-26 03:00:00+00:00,57.009166666666665,67.2378921508789,38.15971755981445,105.08131408691406
Chronos2,2025-07-26 00:00:00+00:00,LZ_WEST,2025-07-26 04:00:00+00:00,60.6375,67.69737243652344,37.58916091918945,107.46092224121094
Chronos2,2025-07-26 00:00:00+00:00,LZ_WEST,2025-07-26 05:00:00+00:00,59.91833333333333,70.03025817871094,39.59174346923828,112.14839172363281
Chronos2,2025-07-26 00:00:00+00:00,LZ_WEST,2025-07-26 06:00:00+00:00,39.767500000000005,72.0774917602539,39.3428955078125,116.30754089355469
Chronos2,2025-07-26 00:00:00+00:00,LZ_WEST,2025-07-26 07:00:00+00:00,39.29333333333333,69.57312774658203,36.68209457397461,117.96985626220703
Chronos2,2025-07-26 00:00:00+00:00,LZ_WEST,2025-07-26 08:00:00+00:00,26.2175,63.45456314086914,32.045684814453125,111.11709594726562
Chronos2,2025-07-26 00:00:00+00:00,LZ_WEST,2025-07-26 09:00:00+00:00,30.194166666666664,58.97898864746094,28.478309631347656,109.39698028564453
Chronos2,2025-07-26 00:00:00+00:00,LZ_WEST,2025-07-26 10:00:00+00:00,30.27833333333333,57.076515197753906,27.192562103271484,109.0987548828125
Chronos2,2025-07-26 00:00:00+00:00,LZ_WEST,2025-07-26 11:00:00+00:00,29.346666666666664,54.076881408691406,25.53626251220703,102.29464721679688
Chronos2,2025-07-26 00:00:00+00:00,LZ_WEST,2025-07-26 12:00:00+00:00,24.390833333333333,42.64847946166992,18.705181121826172,86.60498046875
Chronos2,2025-07-26 00:00:00+00:00,LZ_WEST,2025-07-26 13:00:00+00:00,22.7675,30.53412628173828,9.530157089233398,69.11390686035156
Chronos2,2025-07-26 00:00:00+00:00,LZ_WEST,2025-07-26 14:00:00+00:00,19.758333333333333,22.590499877929688,3.3431739807128906,57.12877655029297
Chronos2,2025-07-26 00:00:00+00:00,LZ_WEST,2025-07-26 15:00:00+00:00,17.06416666666667,21.821834564208984,2.49566650390625,56.72239685058594
Chronos2,2025-07-26 00:00:00+00:00,LZ_WEST,2025-07-26 16:00:00+00:00,25.356666666666666,26.201562881469727,7.180814743041992,60.854286193847656
Chronos2,2025-07-26 00:00:00+00:00,LZ_WEST,2025-07-26 17:00:00+00:00,37.4475,31.788179397583008,10.907079696655273,69.53173065185547
Chronos2,2025-07-26 00:00:00+00:00,LZ_WEST,2025-07-26 18:00:00+00:00,52.56333333333333,38.75223922729492,14.894781112670898,83.21957397460938
Chronos2,2025-07-26 00:00:00+00:00,LZ_WEST,2025-07-26 19:00:00+00:00,51.906666666666666,41.75206756591797,17.083206176757812,91.52166748046875
Chronos2,2025-07-26 00:00:00+00:00,LZ_WEST,2025-07-26 20:00:00+00:00,48.2,48.03849411010742,20.291263580322266,102.22600555419922
Chronos2,2025-07-26 00:00:00+00:00,LZ_WEST,2025-07-26 21:00:00+00:00,38.83,46.846343994140625,18.709232330322266,106.27386474609375
Chronos2,2025-07-26 00:00:00+00:00,LZ_WEST,2025-07-26 22:00:00+00:00,25.975,42.555419921875,14.492826461791992,99.94908905029297
Chronos2,2025-07-26 00:00:00+00:00,LZ_WEST,2025-07-26 23:00:00+00:00,17.824166666666667,40.652679443359375,12.608078002929688,98.97480773925781
Chronos2,2025-07-27 00:00:00+00:00,HB_HUBAVG,2025-07-27 00:00:00+00:00,25.2175,28.7911434173584,21.234012603759766,44.098236083984375
Chronos2,2025-07-27 00:00:00+00:00,HB_HUBAVG,2025-07-27 01:00:00+00:00,30.58833333333333,32.33057403564453,22.69231605529785,49.974632263183594
Chronos2,2025-07-27 00:00:00+00:00,HB_HUBAVG,2025-07-27 02:00:00+00:00,35.23666666666667,30.97361183166504,22.14944076538086,46.58282470703125
Chronos2,2025-07-27 00:00:00+00:00,HB_HUBAVG,2025-07-27 03:00:00+00:00,33.775,28.5894832611084,21.08830451965332,40.416175842285156
Chronos2,2025-07-27 00:00:00+00:00,HB_HUBAVG,2025-07-27 04:00:00+00:00,24.867500000000003,26.13249397277832,20.00562286376953,34.56230545043945
Chronos2,2025-07-27 00:00:00+00:00,HB_HUBAVG,2025-07-27 05:00:00+00:00,23.9425,25.22098159790039,20.28779411315918,31.982223510742188
Chronos2,2025-07-27 00:00:00+00:00,HB_HUBAVG,2025-07-27 06:00:00+00:00,22.235,24.731502532958984,20.344242095947266,30.086307525634766
Chronos2,2025-07-27 00:00:00+00:00,HB_HUBAVG,2025-07-27 07:00:00+00:00,18.65333333333333,24.012351989746094,19.951818466186523,28.656648635864258
Chronos2,2025-07-27 00:00:00+00:00,HB_HUBAVG,2025-07-27 08:00:00+00:00,18.319166666666668,23.57411003112793,19.652727127075195,27.969707489013672
Chronos2,2025-07-27 00:00:00+00:00,HB_HUBAVG,2025-07-27 09:00:00+00:00,19.304166666666667,23.870805740356445,19.286638259887695,29.117778778076172
Chronos2,2025-07-27 00:00:00+00:00,HB_HUBAVG,2025-07-27 10:00:00+00:00,23.22583333333333,24.993032455444336,19.12334442138672,32.40375518798828
Chronos2,2025-07-27 00:00:00+00:00,HB_HUBAVG,2025-07-27 11:00:00+00:00,24.52916666666667,25.623043060302734,17.887107849121094,35.46875762939453
Chronos2,2025-07-27 00:00:00+00:00,HB_HUBAVG,2025-07-27 12:00:00+00:00,19.8975,21.917158126831055,15.429497718811035,30.06549835205078
Chronos2,2025-07-27 00:00:00+00:00,HB_HUBAVG,2025-07-27 13:00:00+00:00,14.753333333333332,17.04692840576172,10.33546257019043,24.70928955078125
Chronos2,2025-07-27 00:00:00+00:00,HB_HUBAVG,2025-07-27 14:00:00+00:00,4.116666666666666,13.38859748840332,6.1278533935546875,21.606184005737305
Chronos2,2025-07-27 00:00:00+00:00,HB_HUBAVG,2025-07-27 15:00:00+00:00,2.045,13.519723892211914,5.696258544921875,23.063472747802734
Chronos2,2025-07-27 00:00:00+00:00,HB_HUBAVG,2025-07-27 16:00:00+00:00,12.484166666666669,18.126733779907227,10.783655166625977,28.90587043762207
Chronos2,2025-07-27 00:00:00+00:00,HB_HUBAVG,2025-07-27 17:00:00+00:00,14.0925,23.089468002319336,14.727992057800293,35.45501708984375
Chronos2,2025-07-27 00:00:00+00:00,HB_HUBAVG,2025-07-27 18:00:00+00:00,15.98,25.864702224731445,16.255096435546875,40.334129333496094
Chronos2,2025-07-27 00:00:00+00:00,HB_HUBAVG,2025-07-27 19:00:00+00:00,16.724999999999998,26.126598358154297,16.014148712158203,42.07661056518555
Chronos2,2025-07-27 00:00:00+00:00,HB_HUBAVG,2025-07-27 20:00:00+00:00,18.706666666666667,26.419456481933594,16.55944061279297,43.03263473510742
Chronos2,2025-07-27 00:00:00+00:00,HB_HUBAVG,2025-07-27 21:00:00+00:00,20.715,25.021961212158203,15.133515357971191,41.60955047607422
Chronos2,2025-07-27 00:00:00+00:00,HB_HUBAVG,2025-07-27 22:00:00+00:00,22.756666666666664,25.249103546142578,14.096550941467285,44.764801025390625
Chronos2,2025-07-27 00:00:00+00:00,HB_HUBAVG,2025-07-27 23:00:00+00:00,21.77916666666667,29.236331939697266,16.006940841674805,50.1684455871582
Chronos2,2025-07-27 00:00:00+00:00,HB_PAN,2025-07-27 00:00:00+00:00,22.749166666666667,21.783477783203125,14.031739234924316,32.95238494873047
Chronos2,2025-07-27 00:00:00+00:00,HB_PAN,2025-07-27 01:00:00+00:00,30.4075,29.253318786621094,19.93239402770996,42.740577697753906
Chronos2,2025-07-27 00:00:00+00:00,HB_PAN,2025-07-27 02:00:00+00:00,31.016666666666666,24.35934066772461,15.971955299377441,35.62705993652344
Chronos2,2025-07-27 00:00:00+00:00,HB_PAN,2025-07-27 03:00:00+00:00,23.938333333333333,19.593299865722656,11.474797248840332,29.84351348876953
Chronos2,2025-07-27 00:00:00+00:00,HB_PAN,2025-07-27 04:00:00+00:00,18.1975,19.003795623779297,11.104308128356934,28.409765243530273
Chronos2,2025-07-27 00:00:00+00:00,HB_PAN,2025-07-27 05:00:00+00:00,22.5875,21.508838653564453,13.783588409423828,30.624948501586914
Chronos2,2025-07-27 00:00:00+00:00,HB_PAN,2025-07-27 06:00:00+00:00,21.13833333333333,21.478443145751953,14.00698471069336,30.336986541748047
Chronos2,2025-07-27 00:00:00+00:00,HB_PAN,2025-07-27 07:00:00+00:00,15.565833333333332,21.31675148010254,14.223381042480469,30.236724853515625
Chronos2,2025-07-27 00:00:00+00:00,HB_PAN,2025-07-27 08:00:00+00:00,14.358333333333334,22.21895408630371,15.148880004882812,30.510499954223633
Chronos2,2025-07-27 00:00:00+00:00,HB_PAN,2025-07-27 09:00:00+00:00,11.806666666666668,23.530628204345703,16.152624130249023,32.19657897949219
Chronos2,2025-07-27 00:00:00+00:00,HB_PAN,2025-07-27 10:00:00+00:00,20.354166666666668,25.598405838012695,17.4044132232666,34.94917297363281
Chronos2,2025-07-27 00:00:00+00:00,HB_PAN,2025-07-27 11:00:00+00:00,17.7375,26.523040771484375,17.59872817993164,37.469757080078125
Chronos2,2025-07-27 00:00:00+00:00,HB_PAN,2025-07-27 12:00:00+00:00,19.30583333333333,22.88022232055664,14.046015739440918,33.241119384765625
Chronos2,2025-07-27 00:00:00+00:00,HB_PAN,2025-07-27 13:00:00+00:00,14.753333333333332,17.687240600585938,8.811988830566406,28.959360122680664
Chronos2,2025-07-27 00:00:00+00:00,HB_PAN,2025-07-27 14:00:00+00:00,3.8441666666666663,11.857683181762695,1.9429779052734375,24.911388397216797
Chronos2,2025-07-27 00:00:00+00:00,HB_PAN,2025-07-27 15:00:00+00:00,1.0633333333333332,10.44382381439209,-0.7625236511230469,25.331157684326172
Chronos2,2025-07-27 00:00:00+00:00,HB_PAN,2025-07-27 16:00:00+00:00,8.990833333333333,18.641172409057617,6.646384239196777,32.866519927978516
Chronos2,2025-07-27 00:00:00+00:00,HB_PAN,2025-07-27 17:00:00+00:00,9.606666666666667,24.731468200683594,11.231958389282227,42.54673767089844
Chronos2,2025-07-27 00:00:00+00:00,HB_PAN,2025-07-27 18:00:00+00:00,9.784166666666666,28.14319610595703,12.175294876098633,49.082298278808594
Chronos2,2025-07-27 00:00:00+00:00,HB_PAN,2025-07-27 19:00:00+00:00,9.4425,28.064720153808594,9.502118110656738,52.62861251831055
Chronos2,2025-07-27 00:00:00+00:00,HB_PAN,2025-07-27 20:00:00+00:00,9.496666666666666,27.235841751098633,8.045111656188965,52.263641357421875
Chronos2,2025-07-27 00:00:00+00:00,HB_PAN,2025-07-27 21:00:00+00:00,11.523333333333332,23.777523040771484,6.129461288452148,49.583099365234375
Chronos2,2025-07-27 00:00:00+00:00,HB_PAN,2025-07-27 22:00:00+00:00,11.981666666666667,21.831262588500977,5.103116989135742,48.02287673950195
Chronos2,2025-07-27 00:00:00+00:00,HB_PAN,2025-07-27 23:00:00+00:00,10.65,22.300416946411133,4.800840377807617,47.547691345214844
Chronos2,2025-07-27 00:00:00+00:00,LZ_WEST,2025-07-27 00:00:00+00:00,22.75,22.62509536743164,13.294418334960938,35.38814163208008
Chronos2,2025-07-27 00:00:00+00:00,LZ_WEST,2025-07-27 01:00:00+00:00,33.30833333333333,33.43425750732422,19.12787437438965,52.43166732788086
Chronos2,2025-07-27 00:00:00+00:00,LZ_WEST,2025-07-27 02:00:00+00:00,42.21083333333333,38.14629364013672,21.15841293334961,60.757633209228516
Chronos2,2025-07-27 00:00:00+00:00,LZ_WEST,2025-07-27 03:00:00+00:00,52.2475,40.95512771606445,22.441390991210938,65.75708770751953
Chronos2,2025-07-27 00:00:00+00:00,LZ_WEST,2025-07-27 04:00:00+00:00,40.7875,41.327152252197266,22.346668243408203,66.76502227783203
Chronos2,2025-07-27 00:00:00+00:00,LZ_WEST,2025-07-27 05:00:00+00:00,38.69583333333333,41.44666290283203,22.18208122253418,67.98763275146484
Chronos2,2025-07-27 00:00:00+00:00,LZ_WEST,2025-07-27 06:00:00+00:00,41.946666666666665,39.38983154296875,20.011425018310547,65.85060119628906
Chronos2,2025-07-27 00:00:00+00:00,LZ_WEST,2025-07-27 07:00:00+00:00,52.01499999999999,36.69470977783203,17.86382293701172,61.75825881958008
Chronos2,2025-07-27 00:00:00+00:00,LZ_WEST,2025-07-27 08:00:00+00:00,57.90833333333333,33.8297233581543,15.280588150024414,58.88362503051758
Chronos2,2025-07-27 00:00:00+00:00,LZ_WEST,2025-07-27 09:00:00+00:00,67.645,32.89232635498047,14.836442947387695,57.48621368408203
Chronos2,2025-07-27 00:00:00+00:00,LZ_WEST,2025-07-27 10:00:00+00:00,41.165,31.99705696105957,13.940515518188477,56.901302337646484
Chronos2,2025-07-27 00:00:00+00:00,LZ_WEST,2025-07-27 11:00:00+00:00,50.55833333333334,31.063173294067383,13.18819808959961,54.87151336669922
Chronos2,2025-07-27 00:00:00+00:00,LZ_WEST,2025-07-27 12:00:00+00:00,26.2725,25.427906036376953,9.164138793945312,48.14128112792969
Chronos2,2025-07-27 00:00:00+00:00,LZ_WEST,2025-07-27 13:00:00+00:00,14.7675,17.576004028320312,3.5589256286621094,40.61807632446289
Chronos2,2025-07-27 00:00:00+00:00,LZ_WEST,2025-07-27 14:00:00+00:00,3.7725,12.939027786254883,-0.3426856994628906,34.945430755615234
Chronos2,2025-07-27 00:00:00+00:00,LZ_WEST,2025-07-27 15:00:00+00:00,0.3658333333333334,12.819875717163086,-0.2563514709472656,35.520992279052734
Chronos2,2025-07-27 00:00:00+00:00,LZ_WEST,2025-07-27 16:00:00+00:00,5.818333333333334,16.823631286621094,2.604269027709961,40.239013671875
Chronos2,2025-07-27 00:00:00+00:00,LZ_WEST,2025-07-27 17:00:00+00:00,5.3425,23.404621124267578,5.939775466918945,49.45378875732422
Chronos2,2025-07-27 00:00:00+00:00,LZ_WEST,2025-07-27 18:00:00+00:00,4.424166666666667,29.065839767456055,8.808675765991211,58.708229064941406
Chronos2,2025-07-27 00:00:00+00:00,LZ_WEST,2025-07-27 19:00:00+00:00,3.4125,30.648311614990234,9.434627532958984,62.196876525878906
Chronos2,2025-07-27 00:00:00+00:00,LZ_WEST,2025-07-27 20:00:00+00:00,3.3791666666666664,32.4907341003418,10.61428451538086,65.41900634765625
Chronos2,2025-07-27 00:00:00+00:00,LZ_WEST,2025-07-27 21:00:00+00:00,4.241666666666666,30.973142623901367,9.407020568847656,64.02015686035156
Chronos2,2025-07-27 00:00:00+00:00,LZ_WEST,2025-07-27 22:00:00+00:00,6.916666666666667,25.53081512451172,4.584602355957031,58.444610595703125
Chronos2,2025-07-27 00:00:00+00:00,LZ_WEST,2025-07-27 23:00:00+00:00,3.7625,23.11054801940918,3.3931503295898438,54.19874954223633
Chronos2,2025-07-28 00:00:00+00:00,HB_HUBAVG,2025-07-28 00:00:00+00:00,24.83583333333333,28.965776443481445,22.672161102294922,38.995819091796875
Chronos2,2025-07-28 00:00:00+00:00,HB_HUBAVG,2025-07-28 01:00:00+00:00,38.95916666666667,29.931859970092773,23.16413116455078,40.89007568359375
Chronos2,2025-07-28 00:00:00+00:00,HB_HUBAVG,2025-07-28 02:00:00+00:00,41.69583333333333,27.64138412475586,21.998882293701172,36.85295104980469
Chronos2,2025-07-28 00:00:00+00:00,HB_HUBAVG,2025-07-28 03:00:00+00:00,34.64,25.238140106201172,20.443073272705078,31.977279663085938
Chronos2,2025-07-28 00:00:00+00:00,HB_HUBAVG,2025-07-28 04:00:00+00:00,28.030833333333337,22.564716339111328,18.593006134033203,27.04360580444336
Chronos2,2025-07-28 00:00:00+00:00,HB_HUBAVG,2025-07-28 05:00:00+00:00,23.86083333333333,21.855533599853516,18.907424926757812,25.424612045288086
Chronos2,2025-07-28 00:00:00+00:00,HB_HUBAVG,2025-07-28 06:00:00+00:00,22.1675,21.320140838623047,18.483654022216797,24.209890365600586
Chronos2,2025-07-28 00:00:00+00:00,HB_HUBAVG,2025-07-28 07:00:00+00:00,21.34166666666667,20.98662567138672,18.111570358276367,23.939912796020508
Chronos2,2025-07-28 00:00:00+00:00,HB_HUBAVG,2025-07-28 08:00:00+00:00,20.88416666666667,20.055896759033203,17.297286987304688,23.089101791381836
Chronos2,2025-07-28 00:00:00+00:00,HB_HUBAVG,2025-07-28 09:00:00+00:00,20.21,20.32398223876953,17.332950592041016,23.664249420166016
Chronos2,2025-07-28 00:00:00+00:00,HB_HUBAVG,2025-07-28 10:00:00+00:00,22.156666666666663,22.328638076782227,18.92902374267578,26.182954788208008
Chronos2,2025-07-28 00:00:00+00:00,HB_HUBAVG,2025-07-28 11:00:00+00:00,25.77583333333333,24.34050178527832,20.360326766967773,29.245481491088867
Chronos2,2025-07-28 00:00:00+00:00,HB_HUBAVG,2025-07-28 12:00:00+00:00,21.1,20.58504867553711,15.83578872680664,25.145349502563477
Chronos2,2025-07-28 00:00:00+00:00,HB_HUBAVG,2025-07-28 13:00:00+00:00,15.32,15.069457054138184,8.131807327270508,20.924585342407227
Chronos2,2025-07-28 00:00:00+00:00,HB_HUBAVG,2025-07-28 14:00:00+00:00,13.049166666666666,9.703670501708984,0.7566394805908203,17.289844512939453
Chronos2,2025-07-28 00:00:00+00:00,HB_HUBAVG,2025-07-28 15:00:00+00:00,13.281666666666666,10.093217849731445,0.46758079528808594,18.645179748535156
Chronos2,2025-07-28 00:00:00+00:00,HB_HUBAVG,2025-07-28 16:00:00+00:00,16.791666666666668,14.622408866882324,8.009422302246094,23.484046936035156
Chronos2,2025-07-28 00:00:00+00:00,HB_HUBAVG,2025-07-28 17:00:00+00:00,22.614166666666662,19.39760398864746,12.726712226867676,28.069080352783203
Chronos2,2025-07-28 00:00:00+00:00,HB_HUBAVG,2025-07-28 18:00:00+00:00,21.7875,22.098201751708984,14.425125122070312,32.036781311035156
Chronos2,2025-07-28 00:00:00+00:00,HB_HUBAVG,2025-07-28 19:00:00+00:00,20.848333333333333,21.733654022216797,13.894076347351074,32.64384460449219
Chronos2,2025-07-28 00:00:00+00:00,HB_HUBAVG,2025-07-28 20:00:00+00:00,27.870833333333337,22.0351505279541,13.674473762512207,33.474266052246094
Chronos2,2025-07-28 00:00:00+00:00,HB_HUBAVG,2025-07-28 21:00:00+00:00,24.968333333333337,21.563262939453125,13.03426456451416,33.46704864501953
Chronos2,2025-07-28 00:00:00+00:00,HB_HUBAVG,2025-07-28 22:00:00+00:00,20.38833333333333,21.72492027282715,13.260421752929688,34.47566223144531
Chronos2,2025-07-28 00:00:00+00:00,HB_HUBAVG,2025-07-28 23:00:00+00:00,23.64583333333333,25.169458389282227,15.112656593322754,40.094688415527344
Chronos2,2025-07-28 00:00:00+00:00,HB_PAN,2025-07-28 00:00:00+00:00,18.36916666666667,18.339479446411133,11.975898742675781,26.34396743774414
Chronos2,2025-07-28 00:00:00+00:00,HB_PAN,2025-07-28 01:00:00+00:00,36.51416666666667,24.037761688232422,17.13084602355957,32.34227752685547
Chronos2,2025-07-28 00:00:00+00:00,HB_PAN,2025-07-28 02:00:00+00:00,35.95666666666667,20.30030632019043,13.411405563354492,28.138490676879883
Chronos2,2025-07-28 00:00:00+00:00,HB_PAN,2025-07-28 03:00:00+00:00,23.72,15.506468772888184,9.060688972473145,23.155208587646484
Chronos2,2025-07-28 00:00:00+00:00,HB_PAN,2025-07-28 04:00:00+00:00,15.055,15.414626121520996,9.019810676574707,22.50678062438965
Chronos2,2025-07-28 00:00:00+00:00,HB_PAN,2025-07-28 05:00:00+00:00,20.9075,17.628978729248047,11.207796096801758,25.04206085205078
Chronos2,2025-07-28 00:00:00+00:00,HB_PAN,2025-07-28 06:00:00+00:00,21.715,17.372831344604492,10.978342056274414,24.953020095825195
Chronos2,2025-07-28 00:00:00+00:00,HB_PAN,2025-07-28 07:00:00+00:00,20.69083333333333,17.34217071533203,11.10719108581543,24.742145538330078
Chronos2,2025-07-28 00:00:00+00:00,HB_PAN,2025-07-28 08:00:00+00:00,17.185,16.943870544433594,10.864262580871582,24.271087646484375
Chronos2,2025-07-28 00:00:00+00:00,HB_PAN,2025-07-28 09:00:00+00:00,17.201666666666664,17.078107833862305,10.607343673706055,24.938940048217773
Chronos2,2025-07-28 00:00:00+00:00,HB_PAN,2025-07-28 10:00:00+00:00,21.5825,19.66237449645996,12.321457862854004,27.991863250732422
Chronos2,2025-07-28 00:00:00+00:00,HB_PAN,2025-07-28 11:00:00+00:00,25.725,21.586116790771484,13.729291915893555,31.01042938232422
Chronos2,2025-07-28 00:00:00+00:00,HB_PAN,2025-07-28 12:00:00+00:00,21.098333333333333,19.700481414794922,11.741721153259277,29.97744369506836
Chronos2,2025-07-28 00:00:00+00:00,HB_PAN,2025-07-28 13:00:00+00:00,15.32,14.304642677307129,5.445060729980469,26.975954055786133
Chronos2,2025-07-28 00:00:00+00:00,HB_PAN,2025-07-28 14:00:00+00:00,12.973333333333334,6.232146263122559,-3.6220779418945312,21.988698959350586
Chronos2,2025-07-28 00:00:00+00:00,HB_PAN,2025-07-28 15:00:00+00:00,11.199166666666663,5.750909805297852,-5.039867401123047,24.392105102539062
Chronos2,2025-07-28 00:00:00+00:00,HB_PAN,2025-07-28 16:00:00+00:00,13.731666666666667,9.370866775512695,-1.4675483703613281,29.290908813476562
Chronos2,2025-07-28 00:00:00+00:00,HB_PAN,2025-07-28 17:00:00+00:00,17.845,12.179449081420898,0.2603569030761719,32.79657745361328
Chronos2,2025-07-28 00:00:00+00:00,HB_PAN,2025-07-28 18:00:00+00:00,17.345833333333335,12.496889114379883,-0.3464679718017578,34.60906982421875
Chronos2,2025-07-28 00:00:00+00:00,HB_PAN,2025-07-28 19:00:00+00:00,1.5558333333333334,12.371369361877441,-0.6040668487548828,33.691856384277344
Chronos2,2025-07-28 00:00:00+00:00,HB_PAN,2025-07-28 20:00:00+00:00,4.070833333333334,10.554677963256836,-1.3178768157958984,32.509517669677734
Chronos2,2025-07-28 00:00:00+00:00,HB_PAN,2025-07-28 21:00:00+00:00,1.0925,9.984180450439453,-2.718648910522461,31.553470611572266
Chronos2,2025-07-28 00:00:00+00:00,HB_PAN,2025-07-28 22:00:00+00:00,2.41,8.062124252319336,-3.4210891723632812,30.39590072631836
Chronos2,2025-07-28 00:00:00+00:00,HB_PAN,2025-07-28 23:00:00+00:00,9.863333333333332,9.50227165222168,-2.357820510864258,30.04728126525879
Chronos2,2025-07-28 00:00:00+00:00,LZ_WEST,2025-07-28 00:00:00+00:00,15.269166666666669,10.678216934204102,5.185943603515625,22.87546157836914
Chronos2,2025-07-28 00:00:00+00:00,LZ_WEST,2025-07-28 01:00:00+00:00,43.11833333333333,19.12055015563965,7.602561950683594,38.37779998779297
Chronos2,2025-07-28 00:00:00+00:00,LZ_WEST,2025-07-28 02:00:00+00:00,49.11000000000001,24.510147094726562,9.576982498168945,47.0489501953125
Chronos2,2025-07-28 00:00:00+00:00,LZ_WEST,2025-07-28 03:00:00+00:00,50.57083333333333,28.405353546142578,11.260576248168945,53.553245544433594
Chronos2,2025-07-28 00:00:00+00:00,LZ_WEST,2025-07-28 04:00:00+00:00,49.45166666666666,30.205604553222656,12.085653305053711,56.43439865112305
Chronos2,2025-07-28 00:00:00+00:00,LZ_WEST,2025-07-28 05:00:00+00:00,30.60083333333333,30.879276275634766,11.686481475830078,58.592071533203125
Chronos2,2025-07-28 00:00:00+00:00,LZ_WEST,2025-07-28 06:00:00+00:00,26.97583333333333,31.513202667236328,11.728729248046875,58.889991760253906
Chronos2,2025-07-28 00:00:00+00:00,LZ_WEST,2025-07-28 07:00:00+00:00,28.346666666666668,32.53433609008789,12.776542663574219,60.756980895996094
Chronos2,2025-07-28 00:00:00+00:00,LZ_WEST,2025-07-28 08:00:00+00:00,31.1375,34.245182037353516,12.393505096435547,62.654449462890625
Chronos2,2025-07-28 00:00:00+00:00,LZ_WEST,2025-07-28 09:00:00+00:00,30.180000000000003,34.62751007080078,13.342523574829102,64.1809310913086
Chronos2,2025-07-28 00:00:00+00:00,LZ_WEST,2025-07-28 10:00:00+00:00,27.61916666666667,32.93516159057617,13.489688873291016,60.07830047607422
Chronos2,2025-07-28 00:00:00+00:00,LZ_WEST,2025-07-28 11:00:00+00:00,26.31833333333333,31.345048904418945,12.896980285644531,55.18809509277344
Chronos2,2025-07-28 00:00:00+00:00,LZ_WEST,2025-07-28 12:00:00+00:00,21.1075,22.27962875366211,7.741634368896484,43.554466247558594
Chronos2,2025-07-28 00:00:00+00:00,LZ_WEST,2025-07-28 13:00:00+00:00,15.32,11.815570831298828,2.605825424194336,31.520586013793945
Chronos2,2025-07-28 00:00:00+00:00,LZ_WEST,2025-07-28 14:00:00+00:00,12.956666666666663,6.386114120483398,-0.7397041320800781,21.23065948486328
Chronos2,2025-07-28 00:00:00+00:00,LZ_WEST,2025-07-28 15:00:00+00:00,9.328333333333331,5.128080368041992,-0.6595993041992188,19.053218841552734
Chronos2,2025-07-28 00:00:00+00:00,LZ_WEST,2025-07-28 16:00:00+00:00,10.213333333333331,7.2042694091796875,0.7047843933105469,26.841901779174805
Chronos2,2025-07-28 00:00:00+00:00,LZ_WEST,2025-07-28 17:00:00+00:00,14.6225,9.833459854125977,1.0316352844238281,33.440269470214844
Chronos2,2025-07-28 00:00:00+00:00,LZ_WEST,2025-07-28 18:00:00+00:00,18.779166666666665,12.98149299621582,1.2506217956542969,39.79994583129883
Chronos2,2025-07-28 00:00:00+00:00,LZ_WEST,2025-07-28 19:00:00+00:00,40.7575,13.878963470458984,1.8903522491455078,41.699974060058594
Chronos2,2025-07-28 00:00:00+00:00,LZ_WEST,2025-07-28 20:00:00+00:00,58.36333333333334,14.608976364135742,1.949249267578125,43.97706604003906
Chronos2,2025-07-28 00:00:00+00:00,LZ_WEST,2025-07-28 21:00:00+00:00,62.08916666666667,14.882843017578125,1.0720367431640625,43.92376708984375
Chronos2,2025-07-28 00:00:00+00:00,LZ_WEST,2025-07-28 22:00:00+00:00,47.605,13.495321273803711,0.8634605407714844,40.91690444946289
Chronos2,2025-07-28 00:00:00+00:00,LZ_WEST,2025-07-28 23:00:00+00:00,35.135,13.540138244628906,1.3802642822265625,40.410919189453125
Chronos2,2025-07-29 00:00:00+00:00,HB_HUBAVG,2025-07-29 00:00:00+00:00,53.509166666666665,32.168521881103516,26.140321731567383,44.16334533691406
Chronos2,2025-07-29 00:00:00+00:00,HB_HUBAVG,2025-07-29 01:00:00+00:00,78.9825,38.599464416503906,30.770000457763672,53.11249923706055
Chronos2,2025-07-29 00:00:00+00:00,HB_HUBAVG,2025-07-29 02:00:00+00:00,70.49416666666667,39.10393524169922,30.576705932617188,54.04182434082031
Chronos2,2025-07-29 00:00:00+00:00,HB_HUBAVG,2025-07-29 03:00:00+00:00,40.9125,35.73786163330078,29.31528091430664,47.14085388183594
Chronos2,2025-07-29 00:00:00+00:00,HB_HUBAVG,2025-07-29 04:00:00+00:00,30.83666666666667,28.885061264038086,24.781538009643555,35.92029571533203
Chronos2,2025-07-29 00:00:00+00:00,HB_HUBAVG,2025-07-29 05:00:00+00:00,25.249166666666667,26.021577835083008,23.038841247558594,30.60527992248535
Chronos2,2025-07-29 00:00:00+00:00,HB_HUBAVG,2025-07-29 06:00:00+00:00,21.974166666666665,25.161909103393555,22.349124908447266,28.946178436279297
Chronos2,2025-07-29 00:00:00+00:00,HB_HUBAVG,2025-07-29 07:00:00+00:00,22.909166666666668,24.370922088623047,21.67083740234375,27.859893798828125
Chronos2,2025-07-29 00:00:00+00:00,HB_HUBAVG,2025-07-29 08:00:00+00:00,22.631666666666664,23.826461791992188,21.368614196777344,27.449913024902344
Chronos2,2025-07-29 00:00:00+00:00,HB_HUBAVG,2025-07-29 09:00:00+00:00,24.343333333333337,23.81529998779297,21.04088592529297,27.68027114868164
Chronos2,2025-07-29 00:00:00+00:00,HB_HUBAVG,2025-07-29 10:00:00+00:00,25.175833333333333,25.81459617614746,22.81008529663086,30.4135799407959
Chronos2,2025-07-29 00:00:00+00:00,HB_HUBAVG,2025-07-29 11:00:00+00:00,26.050833333333333,27.25960350036621,23.972627639770508,32.52996826171875
Chronos2,2025-07-29 00:00:00+00:00,HB_HUBAVG,2025-07-29 12:00:00+00:00,22.445833333333336,23.286516189575195,19.818262100219727,28.00778579711914
Chronos2,2025-07-29 00:00:00+00:00,HB_HUBAVG,2025-07-29 13:00:00+00:00,19.14333333333333,17.341733932495117,12.47252082824707,23.13317108154297
Chronos2,2025-07-29 00:00:00+00:00,HB_HUBAVG,2025-07-29 14:00:00+00:00,17.8025,12.980219841003418,7.126249313354492,20.827468872070312
Chronos2,2025-07-29 00:00:00+00:00,HB_HUBAVG,2025-07-29 15:00:00+00:00,19.036666666666665,12.141860961914062,5.224117279052734,21.892375946044922
Chronos2,2025-07-29 00:00:00+00:00,HB_HUBAVG,2025-07-29 16:00:00+00:00,21.239166666666662,16.12765884399414,10.437880516052246,25.879575729370117
Chronos2,2025-07-29 00:00:00+00:00,HB_HUBAVG,2025-07-29 17:00:00+00:00,24.89583333333333,21.434741973876953,15.33464241027832,31.791118621826172
Chronos2,2025-07-29 00:00:00+00:00,HB_HUBAVG,2025-07-29 18:00:00+00:00,27.409166666666668,23.482192993164062,16.941028594970703,34.79119110107422
Chronos2,2025-07-29 00:00:00+00:00,HB_HUBAVG,2025-07-29 19:00:00+00:00,26.9075,23.090072631835938,16.342336654663086,35.8839225769043
Chronos2,2025-07-29 00:00:00+00:00,HB_HUBAVG,2025-07-29 20:00:00+00:00,21.829166666666666,24.49439811706543,16.69646453857422,39.53363037109375
Chronos2,2025-07-29 00:00:00+00:00,HB_HUBAVG,2025-07-29 21:00:00+00:00,26.03333333333333,23.760189056396484,14.93833065032959,40.0107536315918
Chronos2,2025-07-29 00:00:00+00:00,HB_HUBAVG,2025-07-29 22:00:00+00:00,24.896666666666665,22.849637985229492,14.40269660949707,39.677459716796875
Chronos2,2025-07-29 00:00:00+00:00,HB_HUBAVG,2025-07-29 23:00:00+00:00,40.965,25.08344078063965,16.692821502685547,42.051536560058594
Chronos2,2025-07-29 00:00:00+00:00,HB_PAN,2025-07-29 00:00:00+00:00,51.29583333333333,19.636232376098633,13.765460968017578,28.229843139648438
Chronos2,2025-07-29 00:00:00+00:00,HB_PAN,2025-07-29 01:00:00+00:00,82.66416666666667,30.21136474609375,23.245620727539062,40.24998092651367
Chronos2,2025-07-29 00:00:00+00:00,HB_PAN,2025-07-29 02:00:00+00:00,73.155,25.623960494995117,19.380172729492188,34.71065139770508
Chronos2,2025-07-29 00:00:00+00:00,HB_PAN,2025-07-29 03:00:00+00:00,37.2775,19.588897705078125,13.925434112548828,27.912395477294922
Chronos2,2025-07-29 00:00:00+00:00,HB_PAN,2025-07-29 04:00:00+00:00,25.7775,18.01137924194336,12.612471580505371,25.46343231201172
Chronos2,2025-07-29 00:00:00+00:00,HB_PAN,2025-07-29 05:00:00+00:00,17.255,21.793521881103516,16.329862594604492,29.25931167602539
Chronos2,2025-07-29 00:00:00+00:00,HB_PAN,2025-07-29 06:00:00+00:00,16.498333333333335,22.552505493164062,16.84943389892578,29.888126373291016
Chronos2,2025-07-29 00:00:00+00:00,HB_PAN,2025-07-29 07:00:00+00:00,18.285833333333333,21.529170989990234,16.483631134033203,28.937206268310547
Chronos2,2025-07-29 00:00:00+00:00,HB_PAN,2025-07-29 08:00:00+00:00,19.125,21.02808380126953,15.872434616088867,27.938079833984375
Chronos2,2025-07-29 00:00:00+00:00,HB_PAN,2025-07-29 09:00:00+00:00,22.9875,21.511552810668945,16.33088493347168,28.81454086303711
Chronos2,2025-07-29 00:00:00+00:00,HB_PAN,2025-07-29 10:00:00+00:00,23.8375,24.331222534179688,18.855731964111328,31.895191192626953
Chronos2,2025-07-29 00:00:00+00:00,HB_PAN,2025-07-29 11:00:00+00:00,23.281666666666663,25.960506439208984,20.42011833190918,34.255699157714844
Chronos2,2025-07-29 00:00:00+00:00,HB_PAN,2025-07-29 12:00:00+00:00,21.049166666666668,22.925477981567383,17.234668731689453,31.205726623535156
Chronos2,2025-07-29 00:00:00+00:00,HB_PAN,2025-07-29 13:00:00+00:00,19.14333333333333,15.992427825927734,9.592796325683594,25.792461395263672
Chronos2,2025-07-29 00:00:00+00:00,HB_PAN,2025-07-29 14:00:00+00:00,17.81833333333333,9.094706535339355,1.9477367401123047,20.55245590209961
Chronos2,2025-07-29 00:00:00+00:00,HB_PAN,2025-07-29 15:00:00+00:00,19.005,6.558237075805664,-0.9558143615722656,19.44688606262207
Chronos2,2025-07-29 00:00:00+00:00,HB_PAN,2025-07-29 16:00:00+00:00,20.649166666666662,8.82701301574707,1.675241470336914,23.19782257080078
Chronos2,2025-07-29 00:00:00+00:00,HB_PAN,2025-07-29 17:00:00+00:00,24.32333333333333,11.80976676940918,3.042146682739258,27.686866760253906
Chronos2,2025-07-29 00:00:00+00:00,HB_PAN,2025-07-29 18:00:00+00:00,26.631666666666664,11.337058067321777,2.1800193786621094,28.493558883666992
Chronos2,2025-07-29 00:00:00+00:00,HB_PAN,2025-07-29 19:00:00+00:00,19.738333333333333,9.471088409423828,1.168630599975586,26.677810668945312
Chronos2,2025-07-29 00:00:00+00:00,HB_PAN,2025-07-29 20:00:00+00:00,11.293333333333337,7.513591766357422,0.09723663330078125,24.069259643554688
Chronos2,2025-07-29 00:00:00+00:00,HB_PAN,2025-07-29 21:00:00+00:00,19.058333333333337,6.061176300048828,-1.1248149871826172,23.33393096923828
Chronos2,2025-07-29 00:00:00+00:00,HB_PAN,2025-07-29 22:00:00+00:00,22.769166666666667,5.496736526489258,-1.3153133392333984,21.851137161254883
Chronos2,2025-07-29 00:00:00+00:00,HB_PAN,2025-07-29 23:00:00+00:00,41.744166666666665,8.014159202575684,0.69158935546875,23.46697235107422
Chronos2,2025-07-29 00:00:00+00:00,LZ_WEST,2025-07-29 00:00:00+00:00,54.281666666666666,36.47370147705078,24.556304931640625,50.79362487792969
Chronos2,2025-07-29 00:00:00+00:00,LZ_WEST,2025-07-29 01:00:00+00:00,83.74083333333333,42.995582580566406,28.092283248901367,61.4212646484375
Chronos2,2025-07-29 00:00:00+00:00,LZ_WEST,2025-07-29 02:00:00+00:00,73.985,46.976741790771484,29.469079971313477,68.17861938476562
Chronos2,2025-07-29 00:00:00+00:00,LZ_WEST,2025-07-29 03:00:00+00:00,51.90083333333333,48.41836166381836,30.123483657836914,72.0301513671875
Chronos2,2025-07-29 00:00:00+00:00,LZ_WEST,2025-07-29 04:00:00+00:00,46.055,47.29478454589844,28.510923385620117,72.06340026855469
Chronos2,2025-07-29 00:00:00+00:00,LZ_WEST,2025-07-29 05:00:00+00:00,68.9475,44.87833023071289,25.605453491210938,70.71040344238281
Chronos2,2025-07-29 00:00:00+00:00,LZ_WEST,2025-07-29 06:00:00+00:00,63.70583333333334,43.13996124267578,23.98600196838379,69.44873046875
Chronos2,2025-07-29 00:00:00+00:00,LZ_WEST,2025-07-29 07:00:00+00:00,40.64416666666667,42.280731201171875,22.728609085083008,68.29486083984375
Chronos2,2025-07-29 00:00:00+00:00,LZ_WEST,2025-07-29 08:00:00+00:00,48.11083333333334,40.93724060058594,21.283946990966797,67.92527770996094
Chronos2,2025-07-29 00:00:00+00:00,LZ_WEST,2025-07-29 09:00:00+00:00,43.11416666666667,39.11356735229492,19.55344009399414,66.76121520996094
Chronos2,2025-07-29 00:00:00+00:00,LZ_WEST,2025-07-29 10:00:00+00:00,39.79833333333333,37.389793395996094,17.615039825439453,64.87638854980469
Chronos2,2025-07-29 00:00:00+00:00,LZ_WEST,2025-07-29 11:00:00+00:00,56.13,34.41133499145508,15.414466857910156,59.44645690917969
Chronos2,2025-07-29 00:00:00+00:00,LZ_WEST,2025-07-29 12:00:00+00:00,37.44916666666666,27.73349380493164,10.454282760620117,51.35470199584961
Chronos2,2025-07-29 00:00:00+00:00,LZ_WEST,2025-07-29 13:00:00+00:00,19.14333333333333,20.287202835083008,5.141685485839844,44.070980072021484
Chronos2,2025-07-29 00:00:00+00:00,LZ_WEST,2025-07-29 14:00:00+00:00,17.930833333333332,15.322790145874023,1.5869026184082031,38.448997497558594
Chronos2,2025-07-29 00:00:00+00:00,LZ_WEST,2025-07-29 15:00:00+00:00,18.99833333333333,13.362092971801758,0.4967536926269531,37.411163330078125
Chronos2,2025-07-29 00:00:00+00:00,LZ_WEST,2025-07-29 16:00:00+00:00,19.044166666666666,15.775400161743164,2.4434566497802734,40.317752838134766
Chronos2,2025-07-29 00:00:00+00:00,LZ_WEST,2025-07-29 17:00:00+00:00,22.61083333333333,21.430757522583008,3.6875782012939453,49.769935607910156
Chronos2,2025-07-29 00:00:00+00:00,LZ_WEST,2025-07-29 18:00:00+00:00,25.78833333333333,27.104833602905273,6.177762985229492,60.95118713378906
Chronos2,2025-07-29 00:00:00+00:00,LZ_WEST,2025-07-29 19:00:00+00:00,43.38833333333333,31.90902328491211,6.586467742919922,69.79124450683594
Chronos2,2025-07-29 00:00:00+00:00,LZ_WEST,2025-07-29 20:00:00+00:00,66.3,35.959510803222656,6.647253036499023,74.87295532226562
Chronos2,2025-07-29 00:00:00+00:00,LZ_WEST,2025-07-29 21:00:00+00:00,33.869166666666665,34.50172805786133,7.152488708496094,75.75544738769531
Chronos2,2025-07-29 00:00:00+00:00,LZ_WEST,2025-07-29 22:00:00+00:00,22.1225,30.509971618652344,5.778066635131836,68.05429077148438
Chronos2,2025-07-29 00:00:00+00:00,LZ_WEST,2025-07-29 23:00:00+00:00,40.79833333333333,28.41755485534668,6.658592224121094,60.35075378417969
Chronos2,2025-07-30 00:00:00+00:00,HB_HUBAVG,2025-07-30 00:00:00+00:00,111.465,48.640464782714844,36.269752502441406,69.48112487792969
Chronos2,2025-07-30 00:00:00+00:00,HB_HUBAVG,2025-07-30 01:00:00+00:00,96.77833333333332,51.95425796508789,37.954795837402344,78.16604614257812
Chronos2,2025-07-30 00:00:00+00:00,HB_HUBAVG,2025-07-30 02:00:00+00:00,71.94666666666667,49.2048225402832,35.505218505859375,73.24003601074219
Chronos2,2025-07-30 00:00:00+00:00,HB_HUBAVG,2025-07-30 03:00:00+00:00,38.270833333333336,39.599510192871094,31.644359588623047,56.23491668701172
Chronos2,2025-07-30 00:00:00+00:00,HB_HUBAVG,2025-07-30 04:00:00+00:00,29.500833333333333,30.418113708496094,26.384363174438477,37.95018768310547
Chronos2,2025-07-30 00:00:00+00:00,HB_HUBAVG,2025-07-30 05:00:00+00:00,25.854166666666668,26.134708404541016,23.271717071533203,30.356754302978516
Chronos2,2025-07-30 00:00:00+00:00,HB_HUBAVG,2025-07-30 06:00:00+00:00,22.115,24.577167510986328,22.096460342407227,28.01770782470703
Chronos2,2025-07-30 00:00:00+00:00,HB_HUBAVG,2025-07-30 07:00:00+00:00,21.756666666666664,23.938793182373047,21.587596893310547,26.986160278320312
Chronos2,2025-07-30 00:00:00+00:00,HB_HUBAVG,2025-07-30 08:00:00+00:00,20.93583333333333,23.332088470458984,21.077817916870117,25.942256927490234
Chronos2,2025-07-30 00:00:00+00:00,HB_HUBAVG,2025-07-30 09:00:00+00:00,20.368333333333336,23.594846725463867,21.479795455932617,26.37883949279785
Chronos2,2025-07-30 00:00:00+00:00,HB_HUBAVG,2025-07-30 10:00:00+00:00,22.488333333333333,25.627103805541992,23.054203033447266,28.718908309936523
Chronos2,2025-07-30 00:00:00+00:00,HB_HUBAVG,2025-07-30 11:00:00+00:00,23.426666666666662,26.667144775390625,23.331798553466797,30.40098762512207
Chronos2,2025-07-30 00:00:00+00:00,HB_HUBAVG,2025-07-30 12:00:00+00:00,22.2475,23.182926177978516,19.66233253479004,26.781536102294922
Chronos2,2025-07-30 00:00:00+00:00,HB_HUBAVG,2025-07-30 13:00:00+00:00,19.2975,18.614641189575195,14.575843811035156,22.50804901123047
Chronos2,2025-07-30 00:00:00+00:00,HB_HUBAVG,2025-07-30 14:00:00+00:00,18.758333333333333,16.024394989013672,11.622476577758789,20.52984046936035
Chronos2,2025-07-30 00:00:00+00:00,HB_HUBAVG,2025-07-30 15:00:00+00:00,18.47,15.79748821258545,11.184524536132812,20.0035400390625
Chronos2,2025-07-30 00:00:00+00:00,HB_HUBAVG,2025-07-30 16:00:00+00:00,21.098333333333333,19.075725555419922,14.959088325500488,23.79401397705078
Chronos2,2025-07-30 00:00:00+00:00,HB_HUBAVG,2025-07-30 17:00:00+00:00,26.6675,23.4337158203125,19.063270568847656,29.004785537719727
Chronos2,2025-07-30 00:00:00+00:00,HB_HUBAVG,2025-07-30 18:00:00+00:00,34.165,25.116756439208984,19.370677947998047,33.74116516113281
Chronos2,2025-07-30 00:00:00+00:00,HB_HUBAVG,2025-07-30 19:00:00+00:00,31.3325,24.490066528320312,17.967689514160156,34.401832580566406
Chronos2,2025-07-30 00:00:00+00:00,HB_HUBAVG,2025-07-30 20:00:00+00:00,34.001666666666665,24.192428588867188,17.48874282836914,34.05754089355469
Chronos2,2025-07-30 00:00:00+00:00,HB_HUBAVG,2025-07-30 21:00:00+00:00,27.5775,23.440616607666016,16.248769760131836,34.0418586730957
Chronos2,2025-07-30 00:00:00+00:00,HB_HUBAVG,2025-07-30 22:00:00+00:00,36.635,23.606544494628906,15.629209518432617,37.00250244140625
Chronos2,2025-07-30 00:00:00+00:00,HB_HUBAVG,2025-07-30 23:00:00+00:00,152.62416666666667,27.38865852355957,16.310264587402344,46.540931701660156
Chronos2,2025-07-30 00:00:00+00:00,HB_PAN,2025-07-30 00:00:00+00:00,118.18416666666668,50.471458435058594,33.10947799682617,74.41284942626953
Chronos2,2025-07-30 00:00:00+00:00,HB_PAN,2025-07-30 01:00:00+00:00,100.89333333333332,50.95350646972656,32.06694793701172,75.37055969238281
Chronos2,2025-07-30 00:00:00+00:00,HB_PAN,2025-07-30 02:00:00+00:00,74.35916666666667,40.61738967895508,24.787368774414062,64.8829345703125
Chronos2,2025-07-30 00:00:00+00:00,HB_PAN,2025-07-30 03:00:00+00:00,38.8275,29.432161331176758,17.910924911499023,47.691524505615234
Chronos2,2025-07-30 00:00:00+00:00,HB_PAN,2025-07-30 04:00:00+00:00,29.37333333333333,24.587730407714844,15.52749252319336,37.8348503112793
Chronos2,2025-07-30 00:00:00+00:00,HB_PAN,2025-07-30 05:00:00+00:00,24.90333333333333,24.65119171142578,16.525432586669922,36.25566101074219
Chronos2,2025-07-30 00:00:00+00:00,HB_PAN,2025-07-30 06:00:00+00:00,20.635,24.57121467590332,16.98937225341797,35.452884674072266
Chronos2,2025-07-30 00:00:00+00:00,HB_PAN,2025-07-30 07:00:00+00:00,19.7475,24.07250213623047,16.710527420043945,34.40142822265625
Chronos2,2025-07-30 00:00:00+00:00,HB_PAN,2025-07-30 08:00:00+00:00,18.475,23.573434829711914,16.526004791259766,32.78472900390625
Chronos2,2025-07-30 00:00:00+00:00,HB_PAN,2025-07-30 09:00:00+00:00,18.3325,24.35573387145996,17.377676010131836,33.563899993896484
Chronos2,2025-07-30 00:00:00+00:00,HB_PAN,2025-07-30 10:00:00+00:00,21.489166666666662,26.456689834594727,19.025421142578125,36.33442687988281
Chronos2,2025-07-30 00:00:00+00:00,HB_PAN,2025-07-30 11:00:00+00:00,23.041666666666668,27.339933395385742,18.963306427001953,37.893184661865234
Chronos2,2025-07-30 00:00:00+00:00,HB_PAN,2025-07-30 12:00:00+00:00,22.079166666666666,24.07192611694336,15.736884117126465,34.53993225097656
Chronos2,2025-07-30 00:00:00+00:00,HB_PAN,2025-07-30 13:00:00+00:00,19.299166666666668,20.25863265991211,11.95565414428711,30.450963973999023
Chronos2,2025-07-30 00:00:00+00:00,HB_PAN,2025-07-30 14:00:00+00:00,18.76333333333333,17.174633026123047,8.095663070678711,28.09510040283203
Chronos2,2025-07-30 00:00:00+00:00,HB_PAN,2025-07-30 15:00:00+00:00,18.445,15.545251846313477,5.801416397094727,27.4661865234375
Chronos2,2025-07-30 00:00:00+00:00,HB_PAN,2025-07-30 16:00:00+00:00,20.6475,18.059410095214844,9.425888061523438,30.63880157470703
Chronos2,2025-07-30 00:00:00+00:00,HB_PAN,2025-07-30 17:00:00+00:00,26.439166666666665,22.318004608154297,12.540782928466797,36.88979721069336
Chronos2,2025-07-30 00:00:00+00:00,HB_PAN,2025-07-30 18:00:00+00:00,33.80583333333333,23.43457794189453,11.63018798828125,42.00902557373047
Chronos2,2025-07-30 00:00:00+00:00,HB_PAN,2025-07-30 19:00:00+00:00,31.10083333333333,20.32390022277832,7.89536190032959,41.747215270996094
Chronos2,2025-07-30 00:00:00+00:00,HB_PAN,2025-07-30 20:00:00+00:00,31.780833333333337,18.166793823242188,5.174245834350586,40.512001037597656
Chronos2,2025-07-30 00:00:00+00:00,HB_PAN,2025-07-30 21:00:00+00:00,27.445833333333336,17.474349975585938,3.9980087280273438,39.78063201904297
Chronos2,2025-07-30 00:00:00+00:00,HB_PAN,2025-07-30 22:00:00+00:00,37.82666666666667,17.50469970703125,3.7444591522216797,42.466064453125
Chronos2,2025-07-30 00:00:00+00:00,HB_PAN,2025-07-30 23:00:00+00:00,164.79666666666665,21.129514694213867,5.436708450317383,49.02259063720703
Chronos2,2025-07-30 00:00:00+00:00,LZ_WEST,2025-07-30 00:00:00+00:00,117.25083333333332,49.136417388916016,33.94193649291992,68.46896362304688
Chronos2,2025-07-30 00:00:00+00:00,LZ_WEST,2025-07-30 01:00:00+00:00,102.06916666666666,55.52703094482422,35.55268478393555,83.10543823242188
Chronos2,2025-07-30 00:00:00+00:00,LZ_WEST,2025-07-30 02:00:00+00:00,75.11666666666666,56.96471405029297,35.50334930419922,86.34294128417969
Chronos2,2025-07-30 00:00:00+00:00,LZ_WEST,2025-07-30 03:00:00+00:00,38.98,55.344459533691406,33.836151123046875,84.73060607910156
Chronos2,2025-07-30 00:00:00+00:00,LZ_WEST,2025-07-30 04:00:00+00:00,31.54083333333333,53.0380973815918,31.968978881835938,83.04861450195312
Chronos2,2025-07-30 00:00:00+00:00,LZ_WEST,2025-07-30 05:00:00+00:00,36.49166666666667,51.709835052490234,30.37717056274414,81.95448303222656
Chronos2,2025-07-30 00:00:00+00:00,LZ_WEST,2025-07-30 06:00:00+00:00,38.41166666666667,48.40919494628906,27.983461380004883,78.9447021484375
Chronos2,2025-07-30 00:00:00+00:00,LZ_WEST,2025-07-30 07:00:00+00:00,44.19416666666667,44.79637145996094,25.477954864501953,73.46365356445312
Chronos2,2025-07-30 00:00:00+00:00,LZ_WEST,2025-07-30 08:00:00+00:00,48.6575,40.94809341430664,23.32746696472168,67.80084228515625
Chronos2,2025-07-30 00:00:00+00:00,LZ_WEST,2025-07-30 09:00:00+00:00,43.55083333333334,39.10160446166992,22.518909454345703,64.31723022460938
Chronos2,2025-07-30 00:00:00+00:00,LZ_WEST,2025-07-30 10:00:00+00:00,33.943333333333335,37.83763885498047,21.94002914428711,62.01812744140625
Chronos2,2025-07-30 00:00:00+00:00,LZ_WEST,2025-07-30 11:00:00+00:00,29.71166666666667,35.68147277832031,20.667158126831055,57.35774612426758
Chronos2,2025-07-30 00:00:00+00:00,LZ_WEST,2025-07-30 12:00:00+00:00,24.115,27.798908233642578,15.551990509033203,46.761070251464844
Chronos2,2025-07-30 00:00:00+00:00,LZ_WEST,2025-07-30 13:00:00+00:00,19.346666666666668,20.220134735107422,10.340208053588867,36.21690368652344
Chronos2,2025-07-30 00:00:00+00:00,LZ_WEST,2025-07-30 14:00:00+00:00,18.8325,17.210172653198242,8.38093376159668,31.659076690673828
Chronos2,2025-07-30 00:00:00+00:00,LZ_WEST,2025-07-30 15:00:00+00:00,18.434166666666663,16.390134811401367,8.166343688964844,29.70127296447754
Chronos2,2025-07-30 00:00:00+00:00,LZ_WEST,2025-07-30 16:00:00+00:00,20.4,17.079023361206055,8.436269760131836,32.781707763671875
Chronos2,2025-07-30 00:00:00+00:00,LZ_WEST,2025-07-30 17:00:00+00:00,26.215,20.643115997314453,9.328609466552734,39.93160629272461
Chronos2,2025-07-30 00:00:00+00:00,LZ_WEST,2025-07-30 18:00:00+00:00,33.45166666666667,25.89575958251953,11.798717498779297,49.334678649902344
Chronos2,2025-07-30 00:00:00+00:00,LZ_WEST,2025-07-30 19:00:00+00:00,30.429166666666664,32.47245788574219,15.349136352539062,58.83289337158203
Chronos2,2025-07-30 00:00:00+00:00,LZ_WEST,2025-07-30 20:00:00+00:00,31.044166666666666,37.800079345703125,17.512771606445312,68.6134033203125
Chronos2,2025-07-30 00:00:00+00:00,LZ_WEST,2025-07-30 21:00:00+00:00,27.23333333333333,34.08992385864258,15.710920333862305,63.26723861694336
Chronos2,2025-07-30 00:00:00+00:00,LZ_WEST,2025-07-30 22:00:00+00:00,37.1025,30.109027862548828,12.927383422851562,56.767066955566406
Chronos2,2025-07-30 00:00:00+00:00,LZ_WEST,2025-07-30 23:00:00+00:00,167.36499999999998,30.993436813354492,13.807334899902344,56.7198486328125
Chronos2,2025-07-31 00:00:00+00:00,HB_HUBAVG,2025-07-31 00:00:00+00:00,220.0016666666667,98.0472640991211,54.249961853027344,194.83514404296875
Chronos2,2025-07-31 00:00:00+00:00,HB_HUBAVG,2025-07-31 01:00:00+00:00,241.00833333333333,83.63986206054688,44.67716598510742,174.7774200439453
Chronos2,2025-07-31 00:00:00+00:00,HB_HUBAVG,2025-07-31 02:00:00+00:00,113.0925,53.76947784423828,36.21356201171875,113.05944061279297
Chronos2,2025-07-31 00:00:00+00:00,HB_HUBAVG,2025-07-31 03:00:00+00:00,71.69250000000001,34.80521011352539,27.379114151000977,54.39298629760742
Chronos2,2025-07-31 00:00:00+00:00,HB_HUBAVG,2025-07-31 04:00:00+00:00,38.83916666666666,26.335002899169922,22.31850242614746,35.27866744995117
Chronos2,2025-07-31 00:00:00+00:00,HB_HUBAVG,2025-07-31 05:00:00+00:00,33.204166666666666,23.710670471191406,20.3928279876709,30.359773635864258
Chronos2,2025-07-31 00:00:00+00:00,HB_HUBAVG,2025-07-31 06:00:00+00:00,26.95,22.511890411376953,19.545650482177734,28.305728912353516
Chronos2,2025-07-31 00:00:00+00:00,HB_HUBAVG,2025-07-31 07:00:00+00:00,24.3925,22.25375747680664,19.30895233154297,27.481576919555664
Chronos2,2025-07-31 00:00:00+00:00,HB_HUBAVG,2025-07-31 08:00:00+00:00,24.7825,22.469478607177734,19.21894073486328,26.83147430419922
Chronos2,2025-07-31 00:00:00+00:00,HB_HUBAVG,2025-07-31 09:00:00+00:00,27.901666666666667,22.493589401245117,19.596773147583008,27.483062744140625
Chronos2,2025-07-31 00:00:00+00:00,HB_HUBAVG,2025-07-31 10:00:00+00:00,36.145,23.75273323059082,19.771333694458008,29.488964080810547
Chronos2,2025-07-31 00:00:00+00:00,HB_HUBAVG,2025-07-31 11:00:00+00:00,37.48833333333334,24.057178497314453,19.56665802001953,30.384660720825195
Chronos2,2025-07-31 00:00:00+00:00,HB_HUBAVG,2025-07-31 12:00:00+00:00,30.67,21.58531951904297,17.078399658203125,27.718101501464844
Chronos2,2025-07-31 00:00:00+00:00,HB_HUBAVG,2025-07-31 13:00:00+00:00,23.981666666666666,18.380720138549805,14.002944946289062,24.505319595336914
Chronos2,2025-07-31 00:00:00+00:00,HB_HUBAVG,2025-07-31 14:00:00+00:00,23.42333333333333,16.543869018554688,11.930500030517578,22.915096282958984
Chronos2,2025-07-31 00:00:00+00:00,HB_HUBAVG,2025-07-31 15:00:00+00:00,25.38083333333333,16.981800079345703,12.600215911865234,22.64028549194336
Chronos2,2025-07-31 00:00:00+00:00,HB_HUBAVG,2025-07-31 16:00:00+00:00,32.60166666666667,22.01370620727539,17.742877960205078,27.94500732421875
Chronos2,2025-07-31 00:00:00+00:00,HB_HUBAVG,2025-07-31 17:00:00+00:00,42.205000000000005,28.243488311767578,23.38446044921875,36.53401184082031
Chronos2,2025-07-31 00:00:00+00:00,HB_HUBAVG,2025-07-31 18:00:00+00:00,38.07,32.71174621582031,25.98839569091797,47.087379455566406
Chronos2,2025-07-31 00:00:00+00:00,HB_HUBAVG,2025-07-31 19:00:00+00:00,40.086666666666666,32.238460540771484,25.81879425048828,46.567962646484375
Chronos2,2025-07-31 00:00:00+00:00,HB_HUBAVG,2025-07-31 20:00:00+00:00,34.7,32.283931732177734,25.371652603149414,47.63056945800781
Chronos2,2025-07-31 00:00:00+00:00,HB_HUBAVG,2025-07-31 21:00:00+00:00,35.6725,32.641502380371094,24.730253219604492,52.16143798828125
Chronos2,2025-07-31 00:00:00+00:00,HB_HUBAVG,2025-07-31 22:00:00+00:00,34.104166666666664,37.29059600830078,25.25467300415039,81.79525756835938
Chronos2,2025-07-31 00:00:00+00:00,HB_HUBAVG,2025-07-31 23:00:00+00:00,76.82000000000001,47.655128479003906,24.459190368652344,117.69801330566406
Chronos2,2025-07-31 00:00:00+00:00,HB_PAN,2025-07-31 00:00:00+00:00,239.6341666666667,124.23554229736328,63.6368408203125,224.56134033203125
Chronos2,2025-07-31 00:00:00+00:00,HB_PAN,2025-07-31 01:00:00+00:00,177.9433333333333,105.32316589355469,49.62765884399414,201.84237670898438
Chronos2,2025-07-31 00:00:00+00:00,HB_PAN,2025-07-31 02:00:00+00:00,119.54833333333332,67.41783142089844,36.559757232666016,141.03347778320312
Chronos2,2025-07-31 00:00:00+00:00,HB_PAN,2025-07-31 03:00:00+00:00,74.14333333333333,39.118919372558594,24.689510345458984,70.80620574951172
Chronos2,2025-07-31 00:00:00+00:00,HB_PAN,2025-07-31 04:00:00+00:00,40.535833333333336,28.137950897216797,19.108379364013672,44.315269470214844
Chronos2,2025-07-31 00:00:00+00:00,HB_PAN,2025-07-31 05:00:00+00:00,34.263333333333335,24.508039474487305,17.020904541015625,36.36275100708008
Chronos2,2025-07-31 00:00:00+00:00,HB_PAN,2025-07-31 06:00:00+00:00,25.866666666666664,22.74233627319336,16.26242446899414,32.97696304321289
Chronos2,2025-07-31 00:00:00+00:00,HB_PAN,2025-07-31 07:00:00+00:00,23.246666666666663,22.265783309936523,15.887981414794922,31.29306411743164
Chronos2,2025-07-31 00:00:00+00:00,HB_PAN,2025-07-31 08:00:00+00:00,23.66,22.633338928222656,16.198741912841797,30.227645874023438
Chronos2,2025-07-31 00:00:00+00:00,HB_PAN,2025-07-31 09:00:00+00:00,28.069166666666664,23.110057830810547,16.993606567382812,31.96468162536621
Chronos2,2025-07-31 00:00:00+00:00,HB_PAN,2025-07-31 10:00:00+00:00,37.873333333333335,25.01810646057129,17.591476440429688,35.42619323730469
Chronos2,2025-07-31 00:00:00+00:00,HB_PAN,2025-07-31 11:00:00+00:00,39.695,25.766510009765625,17.741024017333984,37.68999099731445
Chronos2,2025-07-31 00:00:00+00:00,HB_PAN,2025-07-31 12:00:00+00:00,31.626666666666665,23.384613037109375,15.977970123291016,33.7885627746582
Chronos2,2025-07-31 00:00:00+00:00,HB_PAN,2025-07-31 13:00:00+00:00,23.981666666666666,20.84894561767578,13.451772689819336,30.478069305419922
Chronos2,2025-07-31 00:00:00+00:00,HB_PAN,2025-07-31 14:00:00+00:00,23.42333333333333,18.910282135009766,11.892504692077637,28.82822608947754
Chronos2,2025-07-31 00:00:00+00:00,HB_PAN,2025-07-31 15:00:00+00:00,25.38083333333333,18.89326286315918,12.006603240966797,28.573331832885742
Chronos2,2025-07-31 00:00:00+00:00,HB_PAN,2025-07-31 16:00:00+00:00,32.62166666666667,22.59771156311035,15.016793251037598,33.01213836669922
Chronos2,2025-07-31 00:00:00+00:00,HB_PAN,2025-07-31 17:00:00+00:00,36.47916666666666,27.76642608642578,18.68594741821289,41.38111877441406
Chronos2,2025-07-31 00:00:00+00:00,HB_PAN,2025-07-31 18:00:00+00:00,28.26,31.735597610473633,20.322845458984375,51.662601470947266
Chronos2,2025-07-31 00:00:00+00:00,HB_PAN,2025-07-31 19:00:00+00:00,32.4225,30.16132164001465,19.178272247314453,50.68515396118164
Chronos2,2025-07-31 00:00:00+00:00,HB_PAN,2025-07-31 20:00:00+00:00,42.8325,28.792503356933594,17.638935089111328,47.61052703857422
Chronos2,2025-07-31 00:00:00+00:00,HB_PAN,2025-07-31 21:00:00+00:00,47.314166666666665,28.486072540283203,16.671127319335938,52.060272216796875
Chronos2,2025-07-31 00:00:00+00:00,HB_PAN,2025-07-31 22:00:00+00:00,35.17666666666667,33.78460693359375,15.900762557983398,87.25379943847656
Chronos2,2025-07-31 00:00:00+00:00,HB_PAN,2025-07-31 23:00:00+00:00,79.27083333333333,48.91809844970703,16.196575164794922,147.1545867919922
Chronos2,2025-07-31 00:00:00+00:00,LZ_WEST,2025-07-31 00:00:00+00:00,243.0016666666667,79.73326873779297,41.37993621826172,152.6668701171875
Chronos2,2025-07-31 00:00:00+00:00,LZ_WEST,2025-07-31 01:00:00+00:00,295.70166666666665,61.85052490234375,31.956539154052734,131.14459228515625
Chronos2,2025-07-31 00:00:00+00:00,LZ_WEST,2025-07-31 02:00:00+00:00,121.35666666666668,52.79868698120117,28.954744338989258,106.44982147216797
Chronos2,2025-07-31 00:00:00+00:00,LZ_WEST,2025-07-31 03:00:00+00:00,74.95583333333333,47.561805725097656,26.942935943603516,92.2297134399414
Chronos2,2025-07-31 00:00:00+00:00,LZ_WEST,2025-07-31 04:00:00+00:00,58.3,45.89659881591797,26.97735595703125,85.78781127929688
Chronos2,2025-07-31 00:00:00+00:00,LZ_WEST,2025-07-31 05:00:00+00:00,50.77916666666667,46.68427276611328,28.42520523071289,84.283203125
Chronos2,2025-07-31 00:00:00+00:00,LZ_WEST,2025-07-31 06:00:00+00:00,43.32583333333333,47.50428771972656,29.23908042907715,82.95081329345703
Chronos2,2025-07-31 00:00:00+00:00,LZ_WEST,2025-07-31 07:00:00+00:00,36.5625,46.22836685180664,28.164196014404297,80.27066040039062
Chronos2,2025-07-31 00:00:00+00:00,LZ_WEST,2025-07-31 08:00:00+00:00,37.09666666666667,44.206390380859375,27.36749267578125,76.28768920898438
Chronos2,2025-07-31 00:00:00+00:00,LZ_WEST,2025-07-31 09:00:00+00:00,37.46,41.74517059326172,25.138179779052734,72.94099426269531
Chronos2,2025-07-31 00:00:00+00:00,LZ_WEST,2025-07-31 10:00:00+00:00,63.06916666666667,38.266014099121094,21.539438247680664,68.38982391357422
Chronos2,2025-07-31 00:00:00+00:00,LZ_WEST,2025-07-31 11:00:00+00:00,69.94916666666667,34.10120391845703,17.05417823791504,63.58474349975586
Chronos2,2025-07-31 00:00:00+00:00,LZ_WEST,2025-07-31 12:00:00+00:00,44.81333333333333,25.92442512512207,11.197452545166016,53.67832946777344
Chronos2,2025-07-31 00:00:00+00:00,LZ_WEST,2025-07-31 13:00:00+00:00,23.981666666666666,18.657371520996094,7.047199249267578,43.730682373046875
Chronos2,2025-07-31 00:00:00+00:00,LZ_WEST,2025-07-31 14:00:00+00:00,23.42333333333333,15.255258560180664,4.828639984130859,37.967498779296875
Chronos2,2025-07-31 00:00:00+00:00,LZ_WEST,2025-07-31 15:00:00+00:00,25.38083333333333,14.450704574584961,4.602939605712891,36.2327880859375
Chronos2,2025-07-31 00:00:00+00:00,LZ_WEST,2025-07-31 16:00:00+00:00,32.62166666666667,17.750459671020508,7.509923934936523,40.53261184692383
Chronos2,2025-07-31 00:00:00+00:00,LZ_WEST,2025-07-31 17:00:00+00:00,38.725,21.990345001220703,8.82072639465332,48.374637603759766
Chronos2,2025-07-31 00:00:00+00:00,LZ_WEST,2025-07-31 18:00:00+00:00,31.7025,26.626895904541016,11.22091293334961,55.57286071777344
Chronos2,2025-07-31 00:00:00+00:00,LZ_WEST,2025-07-31 19:00:00+00:00,35.276666666666664,31.940391540527344,14.055837631225586,63.508975982666016
Chronos2,2025-07-31 00:00:00+00:00,LZ_WEST,2025-07-31 20:00:00+00:00,41.115,36.6083869934082,16.379274368286133,70.81758880615234
Chronos2,2025-07-31 00:00:00+00:00,LZ_WEST,2025-07-31 21:00:00+00:00,45.01083333333333,35.77812576293945,14.993650436401367,72.17631530761719
Chronos2,2025-07-31 00:00:00+00:00,LZ_WEST,2025-07-31 22:00:00+00:00,37.24666666666667,34.31911087036133,13.100080490112305,74.74185943603516
Chronos2,2025-07-31 00:00:00+00:00,LZ_WEST,2025-07-31 23:00:00+00:00,81.47916666666667,36.01317596435547,13.243913650512695,76.90127563476562
Chronos2,2025-08-01 00:00:00+00:00,HB_HUBAVG,2025-08-01 00:00:00+00:00,75.8575,159.0310516357422,85.64273834228516,278.7298278808594
Chronos2,2025-08-01 00:00:00+00:00,HB_HUBAVG,2025-08-01 01:00:00+00:00,103.52916666666664,147.9175567626953,74.7373275756836,266.7175598144531
Chronos2,2025-08-01 00:00:00+00:00,HB_HUBAVG,2025-08-01 02:00:00+00:00,124.2575,88.99850463867188,52.198341369628906,164.3325653076172
Chronos2,2025-08-01 00:00:00+00:00,HB_HUBAVG,2025-08-01 03:00:00+00:00,79.32916666666667,51.28282165527344,36.045475006103516,77.29563903808594
Chronos2,2025-08-01 00:00:00+00:00,HB_HUBAVG,2025-08-01 04:00:00+00:00,40.85833333333333,37.40445327758789,28.994293212890625,50.46263122558594
Chronos2,2025-08-01 00:00:00+00:00,HB_HUBAVG,2025-08-01 05:00:00+00:00,44.48916666666667,32.676700592041016,26.413806915283203,42.07249069213867
Chronos2,2025-08-01 00:00:00+00:00,HB_HUBAVG,2025-08-01 06:00:00+00:00,47.615833333333335,30.532997131347656,25.485979080200195,38.48695373535156
Chronos2,2025-08-01 00:00:00+00:00,HB_HUBAVG,2025-08-01 07:00:00+00:00,45.55916666666667,30.226104736328125,24.54840087890625,37.47288513183594
Chronos2,2025-08-01 00:00:00+00:00,HB_HUBAVG,2025-08-01 08:00:00+00:00,49.75833333333333,30.68647003173828,24.538009643554688,37.403076171875
Chronos2,2025-08-01 00:00:00+00:00,HB_HUBAVG,2025-08-01 09:00:00+00:00,48.98666666666667,31.953290939331055,25.6480712890625,40.28726577758789
Chronos2,2025-08-01 00:00:00+00:00,HB_HUBAVG,2025-08-01 10:00:00+00:00,48.16416666666667,35.86089324951172,27.781070709228516,45.945899963378906
Chronos2,2025-08-01 00:00:00+00:00,HB_HUBAVG,2025-08-01 11:00:00+00:00,51.009166666666665,36.148475646972656,27.747995376586914,47.31162643432617
Chronos2,2025-08-01 00:00:00+00:00,HB_HUBAVG,2025-08-01 12:00:00+00:00,42.30583333333333,29.849056243896484,23.17449188232422,38.47039031982422
Chronos2,2025-08-01 00:00:00+00:00,HB_HUBAVG,2025-08-01 13:00:00+00:00,37.06,25.713176727294922,20.648672103881836,32.87773895263672
Chronos2,2025-08-01 00:00:00+00:00,HB_HUBAVG,2025-08-01 14:00:00+00:00,29.38,25.16420555114746,20.339374542236328,30.955549240112305
Chronos2,2025-08-01 00:00:00+00:00,HB_HUBAVG,2025-08-01 15:00:00+00:00,29.13083333333333,25.868907928466797,20.41765594482422,32.084102630615234
Chronos2,2025-08-01 00:00:00+00:00,HB_HUBAVG,2025-08-01 16:00:00+00:00,28.604166666666668,33.72396469116211,24.367938995361328,46.60401153564453
Chronos2,2025-08-01 00:00:00+00:00,HB_HUBAVG,2025-08-01 17:00:00+00:00,33.59166666666667,49.45247268676758,31.793489456176758,86.20918273925781
Chronos2,2025-08-01 00:00:00+00:00,HB_HUBAVG,2025-08-01 18:00:00+00:00,37.47166666666667,62.41229248046875,36.03721618652344,121.919921875
Chronos2,2025-08-01 00:00:00+00:00,HB_HUBAVG,2025-08-01 19:00:00+00:00,43.535,69.32025146484375,37.62784957885742,142.8181610107422
Chronos2,2025-08-01 00:00:00+00:00,HB_HUBAVG,2025-08-01 20:00:00+00:00,46.59916666666667,67.84385681152344,36.76686477661133,149.70594787597656
Chronos2,2025-08-01 00:00:00+00:00,HB_HUBAVG,2025-08-01 21:00:00+00:00,51.21,57.55403137207031,31.90186309814453,128.1729278564453
Chronos2,2025-08-01 00:00:00+00:00,HB_HUBAVG,2025-08-01 22:00:00+00:00,84.00666666666667,54.44347381591797,30.08272933959961,131.36727905273438
Chronos2,2025-08-01 00:00:00+00:00,HB_HUBAVG,2025-08-01 23:00:00+00:00,91.10333333333334,56.75511932373047,29.424802780151367,147.8403778076172
Chronos2,2025-08-01 00:00:00+00:00,HB_PAN,2025-08-01 00:00:00+00:00,80.89416666666666,131.77764892578125,70.57219696044922,214.44239807128906
Chronos2,2025-08-01 00:00:00+00:00,HB_PAN,2025-08-01 01:00:00+00:00,109.96,114.6284408569336,55.39976501464844,196.4725799560547
Chronos2,2025-08-01 00:00:00+00:00,HB_PAN,2025-08-01 02:00:00+00:00,129.6341666666667,78.67505645751953,41.26373291015625,151.2994842529297
Chronos2,2025-08-01 00:00:00+00:00,HB_PAN,2025-08-01 03:00:00+00:00,82.0025,47.415042877197266,29.498323440551758,82.76746368408203
Chronos2,2025-08-01 00:00:00+00:00,HB_PAN,2025-08-01 04:00:00+00:00,42.3025,34.20441818237305,23.248859405517578,51.5511474609375
Chronos2,2025-08-01 00:00:00+00:00,HB_PAN,2025-08-01 05:00:00+00:00,46.681666666666665,31.18244743347168,22.424348831176758,42.783447265625
Chronos2,2025-08-01 00:00:00+00:00,HB_PAN,2025-08-01 06:00:00+00:00,50.41666666666666,28.59534454345703,21.784603118896484,38.19951248168945
Chronos2,2025-08-01 00:00:00+00:00,HB_PAN,2025-08-01 07:00:00+00:00,48.66166666666667,27.69744110107422,20.738094329833984,36.392120361328125
Chronos2,2025-08-01 00:00:00+00:00,HB_PAN,2025-08-01 08:00:00+00:00,50.33166666666667,28.447248458862305,21.09518814086914,35.953487396240234
Chronos2,2025-08-01 00:00:00+00:00,HB_PAN,2025-08-01 09:00:00+00:00,49.91333333333333,30.122468948364258,22.60332489013672,39.62167739868164
Chronos2,2025-08-01 00:00:00+00:00,HB_PAN,2025-08-01 10:00:00+00:00,50.943333333333335,34.6685791015625,25.311803817749023,46.41389083862305
Chronos2,2025-08-01 00:00:00+00:00,HB_PAN,2025-08-01 11:00:00+00:00,52.46,35.70060348510742,25.51647186279297,49.941619873046875
Chronos2,2025-08-01 00:00:00+00:00,HB_PAN,2025-08-01 12:00:00+00:00,44.005,29.256053924560547,20.9854736328125,39.60393524169922
Chronos2,2025-08-01 00:00:00+00:00,HB_PAN,2025-08-01 13:00:00+00:00,37.810833333333335,25.29956817626953,17.554874420166016,34.03675079345703
Chronos2,2025-08-01 00:00:00+00:00,HB_PAN,2025-08-01 14:00:00+00:00,29.729166666666668,23.531864166259766,16.413198471069336,31.540403366088867
Chronos2,2025-08-01 00:00:00+00:00,HB_PAN,2025-08-01 15:00:00+00:00,28.924166666666665,24.01987075805664,16.501150131225586,33.13911056518555
Chronos2,2025-08-01 00:00:00+00:00,HB_PAN,2025-08-01 16:00:00+00:00,28.441666666666663,29.49257469177246,19.28335189819336,43.6727409362793
Chronos2,2025-08-01 00:00:00+00:00,HB_PAN,2025-08-01 17:00:00+00:00,28.44,38.85081481933594,23.476457595825195,66.05632781982422
Chronos2,2025-08-01 00:00:00+00:00,HB_PAN,2025-08-01 18:00:00+00:00,29.24083333333333,46.87608337402344,26.179534912109375,85.86376953125
Chronos2,2025-08-01 00:00:00+00:00,HB_PAN,2025-08-01 19:00:00+00:00,32.3275,51.11796569824219,27.368125915527344,100.64547729492188
Chronos2,2025-08-01 00:00:00+00:00,HB_PAN,2025-08-01 20:00:00+00:00,37.07,52.05400848388672,26.23564910888672,110.145751953125
Chronos2,2025-08-01 00:00:00+00:00,HB_PAN,2025-08-01 21:00:00+00:00,50.990833333333335,47.32806396484375,23.778976440429688,102.73788452148438
Chronos2,2025-08-01 00:00:00+00:00,HB_PAN,2025-08-01 22:00:00+00:00,90.5925,45.895111083984375,21.776098251342773,112.30294799804688
Chronos2,2025-08-01 00:00:00+00:00,HB_PAN,2025-08-01 23:00:00+00:00,97.87,50.05977249145508,21.90652084350586,122.37338256835938
Chronos2,2025-08-01 00:00:00+00:00,LZ_WEST,2025-08-01 00:00:00+00:00,81.73083333333334,118.38462829589844,55.81940460205078,244.73794555664062
Chronos2,2025-08-01 00:00:00+00:00,LZ_WEST,2025-08-01 01:00:00+00:00,111.79833333333332,102.07611846923828,50.425907135009766,230.7998046875
Chronos2,2025-08-01 00:00:00+00:00,LZ_WEST,2025-08-01 02:00:00+00:00,131.45083333333335,76.36697387695312,43.9775390625,157.2395477294922
Chronos2,2025-08-01 00:00:00+00:00,LZ_WEST,2025-08-01 03:00:00+00:00,82.87583333333333,58.138885498046875,37.3631591796875,105.50621795654297
Chronos2,2025-08-01 00:00:00+00:00,LZ_WEST,2025-08-01 04:00:00+00:00,59.29416666666666,52.44095230102539,35.06422424316406,88.43598937988281
Chronos2,2025-08-01 00:00:00+00:00,LZ_WEST,2025-08-01 05:00:00+00:00,62.623333333333335,50.57511520385742,34.353904724121094,84.00067138671875
Chronos2,2025-08-01 00:00:00+00:00,LZ_WEST,2025-08-01 06:00:00+00:00,73.50666666666666,49.08407974243164,33.50346374511719,80.12391662597656
Chronos2,2025-08-01 00:00:00+00:00,LZ_WEST,2025-08-01 07:00:00+00:00,84.79416666666667,46.69518280029297,31.75647735595703,75.01532745361328
Chronos2,2025-08-01 00:00:00+00:00,LZ_WEST,2025-08-01 08:00:00+00:00,80.40333333333332,44.54363250732422,30.01394271850586,70.40293884277344
Chronos2,2025-08-01 00:00:00+00:00,LZ_WEST,2025-08-01 09:00:00+00:00,86.46666666666665,43.65777587890625,28.878204345703125,70.07588195800781
Chronos2,2025-08-01 00:00:00+00:00,LZ_WEST,2025-08-01 10:00:00+00:00,88.495,43.881797790527344,27.520898818969727,72.77823638916016
Chronos2,2025-08-01 00:00:00+00:00,LZ_WEST,2025-08-01 11:00:00+00:00,71.5525,42.341392517089844,25.346542358398438,73.5434341430664
Chronos2,2025-08-01 00:00:00+00:00,LZ_WEST,2025-08-01 12:00:00+00:00,61.29416666666666,32.586517333984375,19.426231384277344,53.151546478271484
Chronos2,2025-08-01 00:00:00+00:00,LZ_WEST,2025-08-01 13:00:00+00:00,41.04416666666666,25.642797470092773,15.588407516479492,42.7363395690918
Chronos2,2025-08-01 00:00:00+00:00,LZ_WEST,2025-08-01 14:00:00+00:00,31.185,23.931415557861328,14.980335235595703,38.002593994140625
Chronos2,2025-08-01 00:00:00+00:00,LZ_WEST,2025-08-01 15:00:00+00:00,28.65833333333333,23.24936294555664,14.399297714233398,37.24925994873047
Chronos2,2025-08-01 00:00:00+00:00,LZ_WEST,2025-08-01 16:00:00+00:00,28.22833333333333,24.824996948242188,16.255474090576172,42.7223014831543
Chronos2,2025-08-01 00:00:00+00:00,LZ_WEST,2025-08-01 17:00:00+00:00,30.55,28.340970993041992,17.280046463012695,50.181243896484375
Chronos2,2025-08-01 00:00:00+00:00,LZ_WEST,2025-08-01 18:00:00+00:00,32.59166666666667,32.732608795166016,18.993614196777344,59.71012878417969
Chronos2,2025-08-01 00:00:00+00:00,LZ_WEST,2025-08-01 19:00:00+00:00,35.68,40.671688079833984,23.11163902282715,76.04257202148438
Chronos2,2025-08-01 00:00:00+00:00,LZ_WEST,2025-08-01 20:00:00+00:00,42.03083333333333,49.51838302612305,27.406158447265625,91.93518829345703
Chronos2,2025-08-01 00:00:00+00:00,LZ_WEST,2025-08-01 21:00:00+00:00,52.38333333333333,47.55335998535156,25.522092819213867,92.85050964355469
Chronos2,2025-08-01 00:00:00+00:00,LZ_WEST,2025-08-01 22:00:00+00:00,91.96,44.69047164916992,22.983978271484375,91.35787200927734
Chronos2,2025-08-01 00:00:00+00:00,LZ_WEST,2025-08-01 23:00:00+00:00,99.3375,50.956966400146484,25.355995178222656,108.63851928710938
Chronos2,2025-08-02 00:00:00+00:00,HB_HUBAVG,2025-08-02 00:00:00+00:00,137.1575,92.29424285888672,63.551055908203125,142.62806701660156
Chronos2,2025-08-02 00:00:00+00:00,HB_HUBAVG,2025-08-02 01:00:00+00:00,113.95333333333332,88.87924194335938,58.33128356933594,147.91783142089844
Chronos2,2025-08-02 00:00:00+00:00,HB_HUBAVG,2025-08-02 02:00:00+00:00,78.28333333333333,81.05278015136719,52.14620590209961,135.92344665527344
Chronos2,2025-08-02 00:00:00+00:00,HB_HUBAVG,2025-08-02 03:00:00+00:00,62.7,61.59119415283203,42.30221939086914,103.75123596191406
Chronos2,2025-08-02 00:00:00+00:00,HB_HUBAVG,2025-08-02 04:00:00+00:00,44.73583333333334,50.27758026123047,36.48429870605469,80.45431518554688
Chronos2,2025-08-02 00:00:00+00:00,HB_HUBAVG,2025-08-02 05:00:00+00:00,49.943333333333335,46.94416046142578,34.42718505859375,72.6202621459961
Chronos2,2025-08-02 00:00:00+00:00,HB_HUBAVG,2025-08-02 06:00:00+00:00,41.4625,45.9114990234375,34.23469161987305,68.79039764404297
Chronos2,2025-08-02 00:00:00+00:00,HB_HUBAVG,2025-08-02 07:00:00+00:00,40.285833333333336,44.831382751464844,33.49270248413086,66.1032943725586
Chronos2,2025-08-02 00:00:00+00:00,HB_HUBAVG,2025-08-02 08:00:00+00:00,36.751666666666665,44.55885314941406,33.25135040283203,63.118385314941406
Chronos2,2025-08-02 00:00:00+00:00,HB_HUBAVG,2025-08-02 09:00:00+00:00,34.193333333333335,45.16270446777344,34.14138412475586,63.090675354003906
Chronos2,2025-08-02 00:00:00+00:00,HB_HUBAVG,2025-08-02 10:00:00+00:00,36.855,46.08295822143555,34.25626754760742,65.67622375488281
Chronos2,2025-08-02 00:00:00+00:00,HB_HUBAVG,2025-08-02 11:00:00+00:00,40.681666666666665,45.48236846923828,33.385498046875,65.7376708984375
Chronos2,2025-08-02 00:00:00+00:00,HB_HUBAVG,2025-08-02 12:00:00+00:00,40.87916666666667,41.7126350402832,30.756925582885742,58.29273986816406
Chronos2,2025-08-02 00:00:00+00:00,HB_HUBAVG,2025-08-02 13:00:00+00:00,29.3425,37.274051666259766,26.737136840820312,52.0666618347168
Chronos2,2025-08-02 00:00:00+00:00,HB_HUBAVG,2025-08-02 14:00:00+00:00,27.121666666666663,34.11455535888672,24.8267822265625,49.393150329589844
Chronos2,2025-08-02 00:00:00+00:00,HB_HUBAVG,2025-08-02 15:00:00+00:00,27.316666666666663,33.94934844970703,24.556888580322266,50.794944763183594
Chronos2,2025-08-02 00:00:00+00:00,HB_HUBAVG,2025-08-02 16:00:00+00:00,29.529166666666665,40.07987976074219,25.786937713623047,67.38249206542969
Chronos2,2025-08-02 00:00:00+00:00,HB_HUBAVG,2025-08-02 17:00:00+00:00,29.574166666666667,51.38618850708008,30.447113037109375,98.74674987792969
Chronos2,2025-08-02 00:00:00+00:00,HB_HUBAVG,2025-08-02 18:00:00+00:00,29.1775,65.49398803710938,34.93060302734375,135.5137176513672
Chronos2,2025-08-02 00:00:00+00:00,HB_HUBAVG,2025-08-02 19:00:00+00:00,27.7425,72.52163696289062,37.15813064575195,152.75669860839844
Chronos2,2025-08-02 00:00:00+00:00,HB_HUBAVG,2025-08-02 20:00:00+00:00,29.615,71.86817932128906,39.90104675292969,142.4867401123047
Chronos2,2025-08-02 00:00:00+00:00,HB_HUBAVG,2025-08-02 21:00:00+00:00,39.590833333333336,67.8158950805664,38.27534484863281,132.91702270507812
Chronos2,2025-08-02 00:00:00+00:00,HB_HUBAVG,2025-08-02 22:00:00+00:00,44.29583333333333,63.820804595947266,36.77106475830078,122.92236328125
Chronos2,2025-08-02 00:00:00+00:00,HB_HUBAVG,2025-08-02 23:00:00+00:00,38.895,61.84910583496094,36.16804885864258,123.27085876464844
Chronos2,2025-08-02 00:00:00+00:00,HB_PAN,2025-08-02 00:00:00+00:00,148.04833333333332,97.40060424804688,63.114322662353516,147.08839416503906
Chronos2,2025-08-02 00:00:00+00:00,HB_PAN,2025-08-02 01:00:00+00:00,122.16333333333334,94.3084945678711,55.95844268798828,156.36056518554688
Chronos2,2025-08-02 00:00:00+00:00,HB_PAN,2025-08-02 02:00:00+00:00,81.41250000000001,86.48252868652344,49.202125549316406,149.52029418945312
Chronos2,2025-08-02 00:00:00+00:00,HB_PAN,2025-08-02 03:00:00+00:00,59.80583333333333,67.61032104492188,39.970523834228516,120.0009765625
Chronos2,2025-08-02 00:00:00+00:00,HB_PAN,2025-08-02 04:00:00+00:00,24.7025,54.4404296875,33.784332275390625,96.60777282714844
Chronos2,2025-08-02 00:00:00+00:00,HB_PAN,2025-08-02 05:00:00+00:00,29.674166666666665,49.19054412841797,30.93914222717285,86.06558227539062
Chronos2,2025-08-02 00:00:00+00:00,HB_PAN,2025-08-02 06:00:00+00:00,20.275,47.629241943359375,30.182600021362305,82.59611511230469
Chronos2,2025-08-02 00:00:00+00:00,HB_PAN,2025-08-02 07:00:00+00:00,16.113333333333333,45.83423614501953,29.716978073120117,78.36482238769531
Chronos2,2025-08-02 00:00:00+00:00,HB_PAN,2025-08-02 08:00:00+00:00,21.14333333333333,44.472015380859375,29.163715362548828,71.41283416748047
Chronos2,2025-08-02 00:00:00+00:00,HB_PAN,2025-08-02 09:00:00+00:00,35.781666666666666,44.65662384033203,30.22882843017578,69.63980865478516
Chronos2,2025-08-02 00:00:00+00:00,HB_PAN,2025-08-02 10:00:00+00:00,40.55833333333333,45.12714385986328,30.438095092773438,70.20413970947266
Chronos2,2025-08-02 00:00:00+00:00,HB_PAN,2025-08-02 11:00:00+00:00,42.8225,44.52241516113281,29.873271942138672,69.55412292480469
Chronos2,2025-08-02 00:00:00+00:00,HB_PAN,2025-08-02 12:00:00+00:00,42.665,41.332977294921875,28.01353645324707,62.74102783203125
Chronos2,2025-08-02 00:00:00+00:00,HB_PAN,2025-08-02 13:00:00+00:00,29.506666666666664,37.593135833740234,24.5629940032959,57.20433044433594
Chronos2,2025-08-02 00:00:00+00:00,HB_PAN,2025-08-02 14:00:00+00:00,27.33583333333333,34.673519134521484,22.82954978942871,54.60911560058594
Chronos2,2025-08-02 00:00:00+00:00,HB_PAN,2025-08-02 15:00:00+00:00,27.328333333333333,34.31020736694336,22.38703155517578,56.42689895629883
Chronos2,2025-08-02 00:00:00+00:00,HB_PAN,2025-08-02 16:00:00+00:00,29.529166666666665,39.020015716552734,21.80806541442871,73.96004486083984
Chronos2,2025-08-02 00:00:00+00:00,HB_PAN,2025-08-02 17:00:00+00:00,29.574166666666667,46.026512145996094,23.114667892456055,100.83683013916016
Chronos2,2025-08-02 00:00:00+00:00,HB_PAN,2025-08-02 18:00:00+00:00,26.6475,54.14412307739258,25.397153854370117,130.65313720703125
Chronos2,2025-08-02 00:00:00+00:00,HB_PAN,2025-08-02 19:00:00+00:00,26.045,59.72676086425781,25.142620086669922,150.94729614257812
Chronos2,2025-08-02 00:00:00+00:00,HB_PAN,2025-08-02 20:00:00+00:00,30.06083333333333,62.768333435058594,28.272151947021484,154.9207305908203
Chronos2,2025-08-02 00:00:00+00:00,HB_PAN,2025-08-02 21:00:00+00:00,41.19083333333333,63.13910675048828,28.182994842529297,154.64346313476562
Chronos2,2025-08-02 00:00:00+00:00,HB_PAN,2025-08-02 22:00:00+00:00,45.32583333333333,62.24082946777344,28.05064582824707,146.50521850585938
Chronos2,2025-08-02 00:00:00+00:00,HB_PAN,2025-08-02 23:00:00+00:00,40.235,62.42298126220703,28.159997940063477,156.70944213867188
Chronos2,2025-08-02 00:00:00+00:00,LZ_WEST,2025-08-02 00:00:00+00:00,150.64333333333337,102.66992950439453,68.15445709228516,155.94595336914062
Chronos2,2025-08-02 00:00:00+00:00,LZ_WEST,2025-08-02 01:00:00+00:00,124.19583333333333,103.0888900756836,65.08383178710938,167.41436767578125
Chronos2,2025-08-02 00:00:00+00:00,LZ_WEST,2025-08-02 02:00:00+00:00,82.3075,96.9638900756836,59.54775619506836,159.32752990722656
Chronos2,2025-08-02 00:00:00+00:00,LZ_WEST,2025-08-02 03:00:00+00:00,76.25416666666666,84.96227264404297,52.419708251953125,142.20867919921875
Chronos2,2025-08-02 00:00:00+00:00,LZ_WEST,2025-08-02 04:00:00+00:00,81.34750000000001,77.6253433227539,48.57867431640625,129.8360595703125
Chronos2,2025-08-02 00:00:00+00:00,LZ_WEST,2025-08-02 05:00:00+00:00,84.435,74.82986450195312,47.17753601074219,122.73320007324219
Chronos2,2025-08-02 00:00:00+00:00,LZ_WEST,2025-08-02 06:00:00+00:00,77.58833333333332,73.27747344970703,45.53371047973633,120.75666809082031
Chronos2,2025-08-02 00:00:00+00:00,LZ_WEST,2025-08-02 07:00:00+00:00,88.15166666666666,71.29852294921875,43.26206588745117,119.30915832519531
Chronos2,2025-08-02 00:00:00+00:00,LZ_WEST,2025-08-02 08:00:00+00:00,79.44583333333334,69.2962646484375,42.32484817504883,115.7881851196289
Chronos2,2025-08-02 00:00:00+00:00,LZ_WEST,2025-08-02 09:00:00+00:00,84.83749999999999,66.99192810058594,40.40673065185547,113.1362533569336
Chronos2,2025-08-02 00:00:00+00:00,LZ_WEST,2025-08-02 10:00:00+00:00,95.16333333333334,64.49382781982422,38.43598175048828,109.93136596679688
Chronos2,2025-08-02 00:00:00+00:00,LZ_WEST,2025-08-02 11:00:00+00:00,73.99166666666666,59.448211669921875,35.54173278808594,100.35897827148438
Chronos2,2025-08-02 00:00:00+00:00,LZ_WEST,2025-08-02 12:00:00+00:00,68.48666666666666,50.166419982910156,30.02667236328125,86.56840515136719
Chronos2,2025-08-02 00:00:00+00:00,LZ_WEST,2025-08-02 13:00:00+00:00,29.726666666666663,41.29109573364258,24.337854385375977,72.99766540527344
Chronos2,2025-08-02 00:00:00+00:00,LZ_WEST,2025-08-02 14:00:00+00:00,27.60333333333333,35.9564323425293,21.198833465576172,64.68345642089844
Chronos2,2025-08-02 00:00:00+00:00,LZ_WEST,2025-08-02 15:00:00+00:00,27.35083333333333,34.05399703979492,20.147449493408203,61.89408874511719
Chronos2,2025-08-02 00:00:00+00:00,LZ_WEST,2025-08-02 16:00:00+00:00,29.529166666666665,36.588104248046875,21.2929630279541,69.35406494140625
Chronos2,2025-08-02 00:00:00+00:00,LZ_WEST,2025-08-02 17:00:00+00:00,29.574166666666667,40.48222732543945,22.336719512939453,80.03984832763672
Chronos2,2025-08-02 00:00:00+00:00,LZ_WEST,2025-08-02 18:00:00+00:00,27.67083333333333,45.64875411987305,24.855052947998047,90.04815673828125
Chronos2,2025-08-02 00:00:00+00:00,LZ_WEST,2025-08-02 19:00:00+00:00,26.715833333333336,51.10867691040039,26.9341983795166,102.04563903808594
Chronos2,2025-08-02 00:00:00+00:00,LZ_WEST,2025-08-02 20:00:00+00:00,30.155,54.97287368774414,28.35201072692871,109.84983825683594
Chronos2,2025-08-02 00:00:00+00:00,LZ_WEST,2025-08-02 21:00:00+00:00,41.18666666666667,54.812435150146484,28.166379928588867,111.21746826171875
Chronos2,2025-08-02 00:00:00+00:00,LZ_WEST,2025-08-02 22:00:00+00:00,45.04333333333333,55.40895080566406,27.882064819335938,112.43463134765625
Chronos2,2025-08-02 00:00:00+00:00,LZ_WEST,2025-08-02 23:00:00+00:00,40.50416666666667,60.171173095703125,29.731918334960938,123.55182647705078
Chronos2,2025-08-03 00:00:00+00:00,HB_HUBAVG,2025-08-03 00:00:00+00:00,38.4475,43.68160629272461,35.1938362121582,58.57778549194336
Chronos2,2025-08-03 00:00:00+00:00,HB_HUBAVG,2025-08-03 01:00:00+00:00,39.09583333333334,52.89651107788086,38.849605560302734,80.09120178222656
Chronos2,2025-08-03 00:00:00+00:00,HB_HUBAVG,2025-08-03 02:00:00+00:00,39.43416666666667,55.76690673828125,40.29888153076172,86.53448486328125
Chronos2,2025-08-03 00:00:00+00:00,HB_HUBAVG,2025-08-03 03:00:00+00:00,37.458333333333336,50.771793365478516,38.104766845703125,72.6969985961914
Chronos2,2025-08-03 00:00:00+00:00,HB_HUBAVG,2025-08-03 04:00:00+00:00,32.1875,42.61671447753906,32.97553634643555,57.09489822387695
Chronos2,2025-08-03 00:00:00+00:00,HB_HUBAVG,2025-08-03 05:00:00+00:00,29.050833333333333,39.4088020324707,30.78264617919922,51.03727722167969
Chronos2,2025-08-03 00:00:00+00:00,HB_HUBAVG,2025-08-03 06:00:00+00:00,28.2825,37.400543212890625,29.132186889648438,48.44915771484375
Chronos2,2025-08-03 00:00:00+00:00,HB_HUBAVG,2025-08-03 07:00:00+00:00,27.365,35.30836868286133,27.759700775146484,44.93355178833008
Chronos2,2025-08-03 00:00:00+00:00,HB_HUBAVG,2025-08-03 08:00:00+00:00,25.14333333333333,33.88728332519531,26.408809661865234,42.12197494506836
Chronos2,2025-08-03 00:00:00+00:00,HB_HUBAVG,2025-08-03 09:00:00+00:00,24.239166666666662,34.114585876464844,26.752262115478516,43.18206024169922
Chronos2,2025-08-03 00:00:00+00:00,HB_HUBAVG,2025-08-03 10:00:00+00:00,23.633333333333336,36.3160285949707,27.59729766845703,46.67472839355469
Chronos2,2025-08-03 00:00:00+00:00,HB_HUBAVG,2025-08-03 11:00:00+00:00,23.595,37.890750885009766,28.192874908447266,50.44963455200195
Chronos2,2025-08-03 00:00:00+00:00,HB_HUBAVG,2025-08-03 12:00:00+00:00,19.4225,32.87294387817383,23.960609436035156,43.59222412109375
Chronos2,2025-08-03 00:00:00+00:00,HB_HUBAVG,2025-08-03 13:00:00+00:00,15.004166666666668,24.893699645996094,17.36219596862793,34.90596389770508
Chronos2,2025-08-03 00:00:00+00:00,HB_HUBAVG,2025-08-03 14:00:00+00:00,13.998333333333331,20.609996795654297,13.736406326293945,28.993383407592773
Chronos2,2025-08-03 00:00:00+00:00,HB_HUBAVG,2025-08-03 15:00:00+00:00,14.715000000000002,20.435407638549805,13.769294738769531,28.555599212646484
Chronos2,2025-08-03 00:00:00+00:00,HB_HUBAVG,2025-08-03 16:00:00+00:00,14.450833333333334,25.95111846923828,16.799535751342773,35.971954345703125
Chronos2,2025-08-03 00:00:00+00:00,HB_HUBAVG,2025-08-03 17:00:00+00:00,15.178333333333336,27.978534698486328,17.804950714111328,39.89932632446289
Chronos2,2025-08-03 00:00:00+00:00,HB_HUBAVG,2025-08-03 18:00:00+00:00,20.254166666666663,29.866043090820312,18.571043014526367,42.357688903808594
Chronos2,2025-08-03 00:00:00+00:00,HB_HUBAVG,2025-08-03 19:00:00+00:00,26.375,30.01600456237793,19.14335060119629,43.48682403564453
Chronos2,2025-08-03 00:00:00+00:00,HB_HUBAVG,2025-08-03 20:00:00+00:00,28.886666666666667,31.763748168945312,19.800851821899414,46.3653678894043
Chronos2,2025-08-03 00:00:00+00:00,HB_HUBAVG,2025-08-03 21:00:00+00:00,29.7875,32.95113754272461,19.72083854675293,49.21974182128906
Chronos2,2025-08-03 00:00:00+00:00,HB_HUBAVG,2025-08-03 22:00:00+00:00,40.545,34.73789596557617,20.0627498626709,54.70803451538086
Chronos2,2025-08-03 00:00:00+00:00,HB_HUBAVG,2025-08-03 23:00:00+00:00,53.134166666666665,41.11467361450195,22.129560470581055,73.60248565673828
Chronos2,2025-08-03 00:00:00+00:00,HB_PAN,2025-08-03 00:00:00+00:00,39.62583333333333,50.39598846435547,33.79540252685547,76.01154327392578
Chronos2,2025-08-03 00:00:00+00:00,HB_PAN,2025-08-03 01:00:00+00:00,32.155,65.578125,40.789817810058594,106.51468658447266
Chronos2,2025-08-03 00:00:00+00:00,HB_PAN,2025-08-03 02:00:00+00:00,19.570833333333333,64.30926513671875,40.40127182006836,101.48023986816406
Chronos2,2025-08-03 00:00:00+00:00,HB_PAN,2025-08-03 03:00:00+00:00,4.361666666666667,47.627159118652344,30.893966674804688,73.23583984375
Chronos2,2025-08-03 00:00:00+00:00,HB_PAN,2025-08-03 04:00:00+00:00,8.4375,37.648529052734375,24.51917266845703,54.61631774902344
Chronos2,2025-08-03 00:00:00+00:00,HB_PAN,2025-08-03 05:00:00+00:00,17.46,39.14768600463867,25.48003578186035,56.5564079284668
Chronos2,2025-08-03 00:00:00+00:00,HB_PAN,2025-08-03 06:00:00+00:00,13.426666666666668,38.984596252441406,25.37487030029297,56.50035095214844
Chronos2,2025-08-03 00:00:00+00:00,HB_PAN,2025-08-03 07:00:00+00:00,15.06,36.1946907043457,23.245731353759766,52.70857238769531
Chronos2,2025-08-03 00:00:00+00:00,HB_PAN,2025-08-03 08:00:00+00:00,24.36083333333333,34.02250289916992,21.681406021118164,48.07844161987305
Chronos2,2025-08-03 00:00:00+00:00,HB_PAN,2025-08-03 09:00:00+00:00,24.555000000000003,35.753604888916016,23.790782928466797,48.91627502441406
Chronos2,2025-08-03 00:00:00+00:00,HB_PAN,2025-08-03 10:00:00+00:00,23.64583333333333,41.40292739868164,28.13874626159668,56.56839370727539
Chronos2,2025-08-03 00:00:00+00:00,HB_PAN,2025-08-03 11:00:00+00:00,23.605833333333333,44.046939849853516,29.66083526611328,61.478294372558594
Chronos2,2025-08-03 00:00:00+00:00,HB_PAN,2025-08-03 12:00:00+00:00,18.34583333333333,40.96644973754883,26.384145736694336,56.4727897644043
Chronos2,2025-08-03 00:00:00+00:00,HB_PAN,2025-08-03 13:00:00+00:00,15.004166666666668,31.814617156982422,19.0360050201416,44.340816497802734
Chronos2,2025-08-03 00:00:00+00:00,HB_PAN,2025-08-03 14:00:00+00:00,13.998333333333331,25.747329711914062,13.98984146118164,38.880035400390625
Chronos2,2025-08-03 00:00:00+00:00,HB_PAN,2025-08-03 15:00:00+00:00,14.6125,24.599605560302734,12.509258270263672,38.240135192871094
Chronos2,2025-08-03 00:00:00+00:00,HB_PAN,2025-08-03 16:00:00+00:00,11.841666666666669,29.20900535583496,16.04806900024414,44.11043167114258
Chronos2,2025-08-03 00:00:00+00:00,HB_PAN,2025-08-03 17:00:00+00:00,9.176666666666668,30.631147384643555,15.96957015991211,47.44438552856445
Chronos2,2025-08-03 00:00:00+00:00,HB_PAN,2025-08-03 18:00:00+00:00,12.714166666666666,30.186969757080078,15.049440383911133,48.621463775634766
Chronos2,2025-08-03 00:00:00+00:00,HB_PAN,2025-08-03 19:00:00+00:00,19.2175,28.093563079833984,12.892572402954102,47.53510284423828
Chronos2,2025-08-03 00:00:00+00:00,HB_PAN,2025-08-03 20:00:00+00:00,23.945833333333336,28.168411254882812,12.221467971801758,50.35393142700195
Chronos2,2025-08-03 00:00:00+00:00,HB_PAN,2025-08-03 21:00:00+00:00,23.65416666666667,31.41288185119629,12.565006256103516,60.03266143798828
Chronos2,2025-08-03 00:00:00+00:00,HB_PAN,2025-08-03 22:00:00+00:00,26.574166666666667,34.90498733520508,13.755863189697266,72.96128845214844
Chronos2,2025-08-03 00:00:00+00:00,HB_PAN,2025-08-03 23:00:00+00:00,46.875,41.816192626953125,15.577447891235352,97.8905258178711
Chronos2,2025-08-03 00:00:00+00:00,LZ_WEST,2025-08-03 00:00:00+00:00,39.899166666666666,58.34142303466797,40.11955642700195,91.43544006347656
Chronos2,2025-08-03 00:00:00+00:00,LZ_WEST,2025-08-03 01:00:00+00:00,54.1775,73.3153076171875,48.03466796875,113.97008514404297
Chronos2,2025-08-03 00:00:00+00:00,LZ_WEST,2025-08-03 02:00:00+00:00,71.385,78.70938873291016,52.488059997558594,119.12132263183594
Chronos2,2025-08-03 00:00:00+00:00,LZ_WEST,2025-08-03 03:00:00+00:00,77.07,77.12521362304688,52.19923782348633,113.70047760009766
Chronos2,2025-08-03 00:00:00+00:00,LZ_WEST,2025-08-03 04:00:00+00:00,69.75916666666667,73.42674255371094,51.233341217041016,107.55551147460938
Chronos2,2025-08-03 00:00:00+00:00,LZ_WEST,2025-08-03 05:00:00+00:00,50.10833333333333,72.15111541748047,50.457298278808594,103.3288345336914
Chronos2,2025-08-03 00:00:00+00:00,LZ_WEST,2025-08-03 06:00:00+00:00,55.58583333333333,73.34973907470703,51.50788497924805,103.43272399902344
Chronos2,2025-08-03 00:00:00+00:00,LZ_WEST,2025-08-03 07:00:00+00:00,50.09833333333333,77.16213989257812,53.842201232910156,108.40776824951172
Chronos2,2025-08-03 00:00:00+00:00,LZ_WEST,2025-08-03 08:00:00+00:00,35.825833333333335,79.4990234375,54.97638702392578,114.43894958496094
Chronos2,2025-08-03 00:00:00+00:00,LZ_WEST,2025-08-03 09:00:00+00:00,29.205,79.13751983642578,54.3468017578125,113.45004272460938
Chronos2,2025-08-03 00:00:00+00:00,LZ_WEST,2025-08-03 10:00:00+00:00,23.83,75.11990356445312,50.17708206176758,108.2991714477539
Chronos2,2025-08-03 00:00:00+00:00,LZ_WEST,2025-08-03 11:00:00+00:00,24.39333333333333,67.59593200683594,45.267276763916016,96.14830017089844
Chronos2,2025-08-03 00:00:00+00:00,LZ_WEST,2025-08-03 12:00:00+00:00,21.579166666666666,52.3474235534668,34.88376235961914,76.8929672241211
Chronos2,2025-08-03 00:00:00+00:00,LZ_WEST,2025-08-03 13:00:00+00:00,15.015,36.78046417236328,24.912353515625,54.7103271484375
Chronos2,2025-08-03 00:00:00+00:00,LZ_WEST,2025-08-03 14:00:00+00:00,13.998333333333331,30.502901077270508,20.617090225219727,44.63972854614258
Chronos2,2025-08-03 00:00:00+00:00,LZ_WEST,2025-08-03 15:00:00+00:00,14.559166666666668,28.907726287841797,19.53403091430664,41.82867431640625
Chronos2,2025-08-03 00:00:00+00:00,LZ_WEST,2025-08-03 16:00:00+00:00,12.895833333333334,31.096738815307617,21.20524787902832,46.440391540527344
Chronos2,2025-08-03 00:00:00+00:00,LZ_WEST,2025-08-03 17:00:00+00:00,10.393333333333333,31.58258819580078,20.07402992248535,50.523468017578125
Chronos2,2025-08-03 00:00:00+00:00,LZ_WEST,2025-08-03 18:00:00+00:00,15.224166666666669,34.45299530029297,20.834625244140625,55.84283447265625
Chronos2,2025-08-03 00:00:00+00:00,LZ_WEST,2025-08-03 19:00:00+00:00,22.16333333333333,38.75457763671875,21.268238067626953,69.3092041015625
Chronos2,2025-08-03 00:00:00+00:00,LZ_WEST,2025-08-03 20:00:00+00:00,25.9675,45.275291442871094,24.100994110107422,84.21978759765625
Chronos2,2025-08-03 00:00:00+00:00,LZ_WEST,2025-08-03 21:00:00+00:00,26.124166666666667,47.90925216674805,24.842195510864258,93.01436614990234
Chronos2,2025-08-03 00:00:00+00:00,LZ_WEST,2025-08-03 22:00:00+00:00,31.981666666666666,50.89525604248047,25.242557525634766,103.199951171875
Chronos2,2025-08-03 00:00:00+00:00,LZ_WEST,2025-08-03 23:00:00+00:00,50.30583333333333,60.152976989746094,29.020286560058594,119.43489837646484
Chronos2,2025-08-04 00:00:00+00:00,HB_HUBAVG,2025-08-04 00:00:00+00:00,78.65416666666667,67.74163818359375,40.32358169555664,118.90660095214844
Chronos2,2025-08-04 00:00:00+00:00,HB_HUBAVG,2025-08-04 01:00:00+00:00,77.76,68.99213409423828,36.54421615600586,131.6678924560547
Chronos2,2025-08-04 00:00:00+00:00,HB_HUBAVG,2025-08-04 02:00:00+00:00,62.35416666666666,58.51721954345703,34.87929153442383,106.92384338378906
Chronos2,2025-08-04 00:00:00+00:00,HB_HUBAVG,2025-08-04 03:00:00+00:00,31.219166666666663,41.080814361572266,26.28963851928711,67.1304702758789
Chronos2,2025-08-04 00:00:00+00:00,HB_HUBAVG,2025-08-04 04:00:00+00:00,27.84083333333333,30.354530334472656,19.58697509765625,47.10947036743164
Chronos2,2025-08-04 00:00:00+00:00,HB_HUBAVG,2025-08-04 05:00:00+00:00,25.065,26.297346115112305,17.410093307495117,40.406803131103516
Chronos2,2025-08-04 00:00:00+00:00,HB_HUBAVG,2025-08-04 06:00:00+00:00,23.7525,24.72728729248047,16.2266788482666,37.45294189453125
Chronos2,2025-08-04 00:00:00+00:00,HB_HUBAVG,2025-08-04 07:00:00+00:00,23.81,23.757301330566406,14.935340881347656,35.913753509521484
Chronos2,2025-08-04 00:00:00+00:00,HB_HUBAVG,2025-08-04 08:00:00+00:00,24.90333333333333,23.04576301574707,14.273815155029297,34.02342224121094
Chronos2,2025-08-04 00:00:00+00:00,HB_HUBAVG,2025-08-04 09:00:00+00:00,24.91583333333333,23.237693786621094,14.18681526184082,35.40128707885742
Chronos2,2025-08-04 00:00:00+00:00,HB_HUBAVG,2025-08-04 10:00:00+00:00,25.111666666666665,24.41440773010254,14.902851104736328,38.594757080078125
Chronos2,2025-08-04 00:00:00+00:00,HB_HUBAVG,2025-08-04 11:00:00+00:00,27.359166666666667,25.02052116394043,14.177209854125977,41.405818939208984
Chronos2,2025-08-04 00:00:00+00:00,HB_HUBAVG,2025-08-04 12:00:00+00:00,26.145,22.04306983947754,12.653789520263672,35.804080963134766
Chronos2,2025-08-04 00:00:00+00:00,HB_HUBAVG,2025-08-04 13:00:00+00:00,23.245,18.215431213378906,10.518342971801758,29.982131958007812
Chronos2,2025-08-04 00:00:00+00:00,HB_HUBAVG,2025-08-04 14:00:00+00:00,22.6625,16.419408798217773,8.63871955871582,27.50275421142578
Chronos2,2025-08-04 00:00:00+00:00,HB_HUBAVG,2025-08-04 15:00:00+00:00,23.4375,16.619295120239258,8.894521713256836,27.590003967285156
Chronos2,2025-08-04 00:00:00+00:00,HB_HUBAVG,2025-08-04 16:00:00+00:00,22.3575,19.247968673706055,8.756175994873047,32.70281982421875
Chronos2,2025-08-04 00:00:00+00:00,HB_HUBAVG,2025-08-04 17:00:00+00:00,20.6075,21.998291015625,9.643590927124023,38.34572982788086
Chronos2,2025-08-04 00:00:00+00:00,HB_HUBAVG,2025-08-04 18:00:00+00:00,19.813333333333333,24.17171287536621,10.07411003112793,42.035221099853516
Chronos2,2025-08-04 00:00:00+00:00,HB_HUBAVG,2025-08-04 19:00:00+00:00,19.66583333333333,24.902786254882812,10.71634292602539,44.233985900878906
Chronos2,2025-08-04 00:00:00+00:00,HB_HUBAVG,2025-08-04 20:00:00+00:00,22.624166666666667,26.139503479003906,11.013545989990234,48.354068756103516
Chronos2,2025-08-04 00:00:00+00:00,HB_HUBAVG,2025-08-04 21:00:00+00:00,22.611666666666668,27.06924819946289,9.700357437133789,53.24443054199219
Chronos2,2025-08-04 00:00:00+00:00,HB_HUBAVG,2025-08-04 22:00:00+00:00,25.531666666666663,30.123672485351562,10.010627746582031,61.99280548095703
Chronos2,2025-08-04 00:00:00+00:00,HB_HUBAVG,2025-08-04 23:00:00+00:00,33.33583333333333,41.552974700927734,13.19157600402832,107.64327239990234
Chronos2,2025-08-04 00:00:00+00:00,HB_PAN,2025-08-04 00:00:00+00:00,79.88416666666667,60.83311462402344,36.11446762084961,96.99356079101562
Chronos2,2025-08-04 00:00:00+00:00,HB_PAN,2025-08-04 01:00:00+00:00,79.96666666666667,58.995147705078125,25.787738800048828,105.39461517333984
Chronos2,2025-08-04 00:00:00+00:00,HB_PAN,2025-08-04 02:00:00+00:00,63.70916666666667,46.93240737915039,18.19385528564453,88.46746826171875
Chronos2,2025-08-04 00:00:00+00:00,HB_PAN,2025-08-04 03:00:00+00:00,29.3875,25.08177947998047,9.207576751708984,52.95201110839844
Chronos2,2025-08-04 00:00:00+00:00,HB_PAN,2025-08-04 04:00:00+00:00,26.956666666666667,15.086206436157227,4.225887298583984,33.87852478027344
Chronos2,2025-08-04 00:00:00+00:00,HB_PAN,2025-08-04 05:00:00+00:00,24.550833333333333,14.55006217956543,4.661163330078125,29.61539077758789
Chronos2,2025-08-04 00:00:00+00:00,HB_PAN,2025-08-04 06:00:00+00:00,23.675833333333333,14.22420883178711,4.836734771728516,26.825881958007812
Chronos2,2025-08-04 00:00:00+00:00,HB_PAN,2025-08-04 07:00:00+00:00,23.81,14.14126205444336,4.724849700927734,25.42178726196289
Chronos2,2025-08-04 00:00:00+00:00,HB_PAN,2025-08-04 08:00:00+00:00,24.90333333333333,15.428495407104492,6.05120849609375,25.315425872802734
Chronos2,2025-08-04 00:00:00+00:00,HB_PAN,2025-08-04 09:00:00+00:00,24.91583333333333,17.17049789428711,7.660078048706055,27.779468536376953
Chronos2,2025-08-04 00:00:00+00:00,HB_PAN,2025-08-04 10:00:00+00:00,25.111666666666665,18.828691482543945,8.684234619140625,30.04311752319336
Chronos2,2025-08-04 00:00:00+00:00,HB_PAN,2025-08-04 11:00:00+00:00,27.359166666666667,18.969772338867188,8.184642791748047,30.65569496154785
Chronos2,2025-08-04 00:00:00+00:00,HB_PAN,2025-08-04 12:00:00+00:00,26.316666666666663,16.315383911132812,6.006702423095703,27.864227294921875
Chronos2,2025-08-04 00:00:00+00:00,HB_PAN,2025-08-04 13:00:00+00:00,23.245,13.247396469116211,3.882305145263672,24.17037582397461
Chronos2,2025-08-04 00:00:00+00:00,HB_PAN,2025-08-04 14:00:00+00:00,22.66416666666667,11.32403564453125,2.257396697998047,21.720428466796875
Chronos2,2025-08-04 00:00:00+00:00,HB_PAN,2025-08-04 15:00:00+00:00,23.44083333333333,10.535615921020508,1.1661949157714844,20.66741371154785
Chronos2,2025-08-04 00:00:00+00:00,HB_PAN,2025-08-04 16:00:00+00:00,22.376666666666665,11.269363403320312,1.157135009765625,22.895355224609375
Chronos2,2025-08-04 00:00:00+00:00,HB_PAN,2025-08-04 17:00:00+00:00,20.18166666666667,10.422050476074219,0.19109725952148438,23.627681732177734
Chronos2,2025-08-04 00:00:00+00:00,HB_PAN,2025-08-04 18:00:00+00:00,19.3625,9.943817138671875,-0.6575775146484375,24.160301208496094
Chronos2,2025-08-04 00:00:00+00:00,HB_PAN,2025-08-04 19:00:00+00:00,19.6025,9.66724967956543,-1.208953857421875,24.20098876953125
Chronos2,2025-08-04 00:00:00+00:00,HB_PAN,2025-08-04 20:00:00+00:00,22.735,10.168352127075195,-1.5777931213378906,27.73411750793457
Chronos2,2025-08-04 00:00:00+00:00,HB_PAN,2025-08-04 21:00:00+00:00,22.90416666666667,11.384113311767578,-2.05926513671875,35.093345642089844
Chronos2,2025-08-04 00:00:00+00:00,HB_PAN,2025-08-04 22:00:00+00:00,25.8025,15.146133422851562,-2.0401611328125,43.3430290222168
Chronos2,2025-08-04 00:00:00+00:00,HB_PAN,2025-08-04 23:00:00+00:00,33.87083333333333,30.189849853515625,2.111095428466797,82.84007263183594
Chronos2,2025-08-04 00:00:00+00:00,LZ_WEST,2025-08-04 00:00:00+00:00,81.20083333333334,57.271793365478516,36.060508728027344,89.18580627441406
Chronos2,2025-08-04 00:00:00+00:00,LZ_WEST,2025-08-04 01:00:00+00:00,80.70583333333333,61.81529998779297,38.15972137451172,98.63520812988281
Chronos2,2025-08-04 00:00:00+00:00,LZ_WEST,2025-08-04 02:00:00+00:00,66.505,56.79568862915039,35.598350524902344,89.04124450683594
Chronos2,2025-08-04 00:00:00+00:00,LZ_WEST,2025-08-04 03:00:00+00:00,42.47,46.8541374206543,29.586118698120117,74.493896484375
Chronos2,2025-08-04 00:00:00+00:00,LZ_WEST,2025-08-04 04:00:00+00:00,46.48500000000001,42.534786224365234,26.461956024169922,67.97239685058594
Chronos2,2025-08-04 00:00:00+00:00,LZ_WEST,2025-08-04 05:00:00+00:00,35.372499999999995,39.95842361450195,24.34607696533203,64.89344787597656
Chronos2,2025-08-04 00:00:00+00:00,LZ_WEST,2025-08-04 06:00:00+00:00,25.3775,38.239501953125,22.51067543029785,62.943389892578125
Chronos2,2025-08-04 00:00:00+00:00,LZ_WEST,2025-08-04 07:00:00+00:00,23.81,36.22425842285156,21.474319458007812,60.114532470703125
Chronos2,2025-08-04 00:00:00+00:00,LZ_WEST,2025-08-04 08:00:00+00:00,24.90333333333333,34.30897903442383,19.761951446533203,57.05125427246094
Chronos2,2025-08-04 00:00:00+00:00,LZ_WEST,2025-08-04 09:00:00+00:00,24.91583333333333,32.41777801513672,18.29520034790039,53.76051330566406
Chronos2,2025-08-04 00:00:00+00:00,LZ_WEST,2025-08-04 10:00:00+00:00,25.111666666666665,30.299997329711914,16.835609436035156,52.0984001159668
Chronos2,2025-08-04 00:00:00+00:00,LZ_WEST,2025-08-04 11:00:00+00:00,27.359166666666667,27.352453231811523,14.176395416259766,49.875091552734375
Chronos2,2025-08-04 00:00:00+00:00,LZ_WEST,2025-08-04 12:00:00+00:00,28.83583333333333,21.90914535522461,11.739002227783203,39.77268981933594
Chronos2,2025-08-04 00:00:00+00:00,LZ_WEST,2025-08-04 13:00:00+00:00,23.245,16.988445281982422,8.89413070678711,30.80170249938965
Chronos2,2025-08-04 00:00:00+00:00,LZ_WEST,2025-08-04 14:00:00+00:00,22.671666666666667,14.825798034667969,6.965007781982422,26.942581176757812
Chronos2,2025-08-04 00:00:00+00:00,LZ_WEST,2025-08-04 15:00:00+00:00,23.460833333333337,14.473045349121094,6.941043853759766,26.129222869873047
Chronos2,2025-08-04 00:00:00+00:00,LZ_WEST,2025-08-04 16:00:00+00:00,22.451666666666668,16.354808807373047,8.097248077392578,27.89052963256836
Chronos2,2025-08-04 00:00:00+00:00,LZ_WEST,2025-08-04 17:00:00+00:00,19.9525,18.349468231201172,9.097583770751953,31.5908260345459
Chronos2,2025-08-04 00:00:00+00:00,LZ_WEST,2025-08-04 18:00:00+00:00,19.0975,21.196685791015625,10.565925598144531,38.724422454833984
Chronos2,2025-08-04 00:00:00+00:00,LZ_WEST,2025-08-04 19:00:00+00:00,19.56583333333333,28.864299774169922,13.512004852294922,53.84202575683594
Chronos2,2025-08-04 00:00:00+00:00,LZ_WEST,2025-08-04 20:00:00+00:00,22.742500000000003,36.322540283203125,16.57656478881836,68.08968353271484
Chronos2,2025-08-04 00:00:00+00:00,LZ_WEST,2025-08-04 21:00:00+00:00,22.95833333333333,34.82881164550781,15.336822509765625,68.8463134765625
Chronos2,2025-08-04 00:00:00+00:00,LZ_WEST,2025-08-04 22:00:00+00:00,25.8725,34.58882141113281,14.758186340332031,67.93312072753906
Chronos2,2025-08-04 00:00:00+00:00,LZ_WEST,2025-08-04 23:00:00+00:00,34.044999999999995,44.35613250732422,19.171201705932617,87.85995483398438
Chronos2,2025-08-05 00:00:00+00:00,HB_HUBAVG,2025-08-05 00:00:00+00:00,35.86666666666667,47.746456146240234,33.53226852416992,69.85000610351562
Chronos2,2025-08-05 00:00:00+00:00,HB_HUBAVG,2025-08-05 01:00:00+00:00,33.055,51.50637435913086,30.723159790039062,82.923095703125
Chronos2,2025-08-05 00:00:00+00:00,HB_HUBAVG,2025-08-05 02:00:00+00:00,29.493333333333336,45.009151458740234,29.689970016479492,71.40471649169922
Chronos2,2025-08-05 00:00:00+00:00,HB_HUBAVG,2025-08-05 03:00:00+00:00,24.46166666666667,31.483980178833008,23.119224548339844,44.15756607055664
Chronos2,2025-08-05 00:00:00+00:00,HB_HUBAVG,2025-08-05 04:00:00+00:00,23.88083333333333,25.815635681152344,20.140111923217773,34.06269836425781
Chronos2,2025-08-05 00:00:00+00:00,HB_HUBAVG,2025-08-05 05:00:00+00:00,23.575,23.797283172607422,18.813032150268555,31.62242317199707
Chronos2,2025-08-05 00:00:00+00:00,HB_HUBAVG,2025-08-05 06:00:00+00:00,22.17083333333333,23.00874900817871,18.465618133544922,29.836383819580078
Chronos2,2025-08-05 00:00:00+00:00,HB_HUBAVG,2025-08-05 07:00:00+00:00,20.50583333333333,23.05148696899414,17.926725387573242,29.35425567626953
Chronos2,2025-08-05 00:00:00+00:00,HB_HUBAVG,2025-08-05 08:00:00+00:00,20.07916666666667,23.027000427246094,18.00327491760254,28.486671447753906
Chronos2,2025-08-05 00:00:00+00:00,HB_HUBAVG,2025-08-05 09:00:00+00:00,20.051666666666662,23.525026321411133,18.345449447631836,29.51386260986328
Chronos2,2025-08-05 00:00:00+00:00,HB_HUBAVG,2025-08-05 10:00:00+00:00,21.236666666666668,24.30298614501953,18.778980255126953,30.67681884765625
Chronos2,2025-08-05 00:00:00+00:00,HB_HUBAVG,2025-08-05 11:00:00+00:00,21.69666666666667,24.48499870300293,18.419551849365234,31.85550880432129
Chronos2,2025-08-05 00:00:00+00:00,HB_HUBAVG,2025-08-05 12:00:00+00:00,19.865,22.527978897094727,17.20586585998535,29.822940826416016
Chronos2,2025-08-05 00:00:00+00:00,HB_HUBAVG,2025-08-05 13:00:00+00:00,16.05,20.2801456451416,16.090726852416992,26.24064064025879
Chronos2,2025-08-05 00:00:00+00:00,HB_HUBAVG,2025-08-05 14:00:00+00:00,15.960833333333332,19.07058334350586,15.239131927490234,24.786048889160156
Chronos2,2025-08-05 00:00:00+00:00,HB_HUBAVG,2025-08-05 15:00:00+00:00,14.5575,19.420164108276367,15.286867141723633,24.645526885986328
Chronos2,2025-08-05 00:00:00+00:00,HB_HUBAVG,2025-08-05 16:00:00+00:00,17.574166666666667,22.234983444213867,16.118207931518555,29.82520866394043
Chronos2,2025-08-05 00:00:00+00:00,HB_HUBAVG,2025-08-05 17:00:00+00:00,21.8175,23.058000564575195,16.309524536132812,33.4356575012207
Chronos2,2025-08-05 00:00:00+00:00,HB_HUBAVG,2025-08-05 18:00:00+00:00,26.24416666666667,24.47943687438965,16.468976974487305,35.193870544433594
Chronos2,2025-08-05 00:00:00+00:00,HB_HUBAVG,2025-08-05 19:00:00+00:00,28.6825,24.958946228027344,16.883312225341797,36.724395751953125
Chronos2,2025-08-05 00:00:00+00:00,HB_HUBAVG,2025-08-05 20:00:00+00:00,25.8825,24.431377410888672,16.827341079711914,36.55437469482422
Chronos2,2025-08-05 00:00:00+00:00,HB_HUBAVG,2025-08-05 21:00:00+00:00,24.94333333333333,24.9763126373291,16.2674503326416,38.705474853515625
Chronos2,2025-08-05 00:00:00+00:00,HB_HUBAVG,2025-08-05 22:00:00+00:00,21.46583333333333,28.243675231933594,16.954383850097656,46.6475715637207
Chronos2,2025-08-05 00:00:00+00:00,HB_HUBAVG,2025-08-05 23:00:00+00:00,25.71,43.27680587768555,20.957502365112305,86.27153778076172
Chronos2,2025-08-05 00:00:00+00:00,HB_PAN,2025-08-05 00:00:00+00:00,36.4475,61.05335235595703,43.374263763427734,87.49354553222656
Chronos2,2025-08-05 00:00:00+00:00,HB_PAN,2025-08-05 01:00:00+00:00,30.15833333333333,67.7547607421875,39.945072174072266,110.17747497558594
Chronos2,2025-08-05 00:00:00+00:00,HB_PAN,2025-08-05 02:00:00+00:00,23.796666666666667,55.729888916015625,33.33863067626953,92.07000732421875
Chronos2,2025-08-05 00:00:00+00:00,HB_PAN,2025-08-05 03:00:00+00:00,21.695,31.989730834960938,21.115114212036133,49.709800720214844
Chronos2,2025-08-05 00:00:00+00:00,HB_PAN,2025-08-05 04:00:00+00:00,23.118333333333336,24.87187385559082,16.73107147216797,37.48969650268555
Chronos2,2025-08-05 00:00:00+00:00,HB_PAN,2025-08-05 05:00:00+00:00,22.69083333333333,23.387542724609375,15.703874588012695,34.1258430480957
Chronos2,2025-08-05 00:00:00+00:00,HB_PAN,2025-08-05 06:00:00+00:00,21.835,22.73066520690918,15.568489074707031,32.05980682373047
Chronos2,2025-08-05 00:00:00+00:00,HB_PAN,2025-08-05 07:00:00+00:00,20.499166666666667,22.67099952697754,15.37615966796875,31.0347900390625
Chronos2,2025-08-05 00:00:00+00:00,HB_PAN,2025-08-05 08:00:00+00:00,20.07916666666667,23.341266632080078,15.855718612670898,30.432979583740234
Chronos2,2025-08-05 00:00:00+00:00,HB_PAN,2025-08-05 09:00:00+00:00,20.051666666666662,24.156936645507812,16.876604080200195,31.843914031982422
Chronos2,2025-08-05 00:00:00+00:00,HB_PAN,2025-08-05 10:00:00+00:00,21.236666666666668,25.422744750976562,17.777448654174805,33.24327087402344
Chronos2,2025-08-05 00:00:00+00:00,HB_PAN,2025-08-05 11:00:00+00:00,21.69666666666667,25.67977523803711,17.942232131958008,34.028690338134766
Chronos2,2025-08-05 00:00:00+00:00,HB_PAN,2025-08-05 12:00:00+00:00,19.865,24.108293533325195,16.321428298950195,32.74531173706055
Chronos2,2025-08-05 00:00:00+00:00,HB_PAN,2025-08-05 13:00:00+00:00,16.05,22.17888832092285,14.650798797607422,30.158803939819336
Chronos2,2025-08-05 00:00:00+00:00,HB_PAN,2025-08-05 14:00:00+00:00,15.935833333333331,20.77144432067871,13.838003158569336,28.92900848388672
Chronos2,2025-08-05 00:00:00+00:00,HB_PAN,2025-08-05 15:00:00+00:00,8.615833333333333,21.5281925201416,14.143903732299805,29.14038848876953
Chronos2,2025-08-05 00:00:00+00:00,HB_PAN,2025-08-05 16:00:00+00:00,4.108333333333333,22.797298431396484,13.999958038330078,32.883853912353516
Chronos2,2025-08-05 00:00:00+00:00,HB_PAN,2025-08-05 17:00:00+00:00,14.670833333333334,22.94589614868164,13.796487808227539,34.60331726074219
Chronos2,2025-08-05 00:00:00+00:00,HB_PAN,2025-08-05 18:00:00+00:00,21.164166666666667,22.52260398864746,12.803985595703125,34.62697982788086
Chronos2,2025-08-05 00:00:00+00:00,HB_PAN,2025-08-05 19:00:00+00:00,2.148333333333333,22.088171005249023,12.534223556518555,35.40953063964844
Chronos2,2025-08-05 00:00:00+00:00,HB_PAN,2025-08-05 20:00:00+00:00,4.615833333333334,21.6928768157959,11.964502334594727,36.106571197509766
Chronos2,2025-08-05 00:00:00+00:00,HB_PAN,2025-08-05 21:00:00+00:00,14.055833333333334,23.67086410522461,12.30337905883789,40.951751708984375
Chronos2,2025-08-05 00:00:00+00:00,HB_PAN,2025-08-05 22:00:00+00:00,19.19333333333333,28.967496871948242,14.513830184936523,51.3775634765625
Chronos2,2025-08-05 00:00:00+00:00,HB_PAN,2025-08-05 23:00:00+00:00,25.258333333333336,48.27155303955078,22.490339279174805,98.70769500732422
Chronos2,2025-08-05 00:00:00+00:00,LZ_WEST,2025-08-05 00:00:00+00:00,36.64333333333334,54.93585968017578,37.821414947509766,79.02334594726562
Chronos2,2025-08-05 00:00:00+00:00,LZ_WEST,2025-08-05 01:00:00+00:00,38.30833333333333,61.681617736816406,39.8016242980957,93.7276840209961
Chronos2,2025-08-05 00:00:00+00:00,LZ_WEST,2025-08-05 02:00:00+00:00,39.58416666666667,53.149269104003906,35.94593048095703,79.40769958496094
Chronos2,2025-08-05 00:00:00+00:00,LZ_WEST,2025-08-05 03:00:00+00:00,35.82666666666667,39.354915618896484,27.296680450439453,59.94676208496094
Chronos2,2025-08-05 00:00:00+00:00,LZ_WEST,2025-08-05 04:00:00+00:00,39.5475,35.868080139160156,24.55746078491211,55.13649368286133
Chronos2,2025-08-05 00:00:00+00:00,LZ_WEST,2025-08-05 05:00:00+00:00,41.969166666666666,36.25870132446289,24.350921630859375,57.222293853759766
Chronos2,2025-08-05 00:00:00+00:00,LZ_WEST,2025-08-05 06:00:00+00:00,29.165000000000003,35.97331619262695,24.074506759643555,57.13401412963867
Chronos2,2025-08-05 00:00:00+00:00,LZ_WEST,2025-08-05 07:00:00+00:00,20.631666666666664,34.858726501464844,23.214962005615234,55.67633056640625
Chronos2,2025-08-05 00:00:00+00:00,LZ_WEST,2025-08-05 08:00:00+00:00,20.07916666666667,34.19151306152344,22.874969482421875,54.42198181152344
Chronos2,2025-08-05 00:00:00+00:00,LZ_WEST,2025-08-05 09:00:00+00:00,20.051666666666662,34.01439666748047,22.55843734741211,53.474185943603516
Chronos2,2025-08-05 00:00:00+00:00,LZ_WEST,2025-08-05 10:00:00+00:00,21.236666666666668,34.266319274902344,22.684606552124023,55.39039611816406
Chronos2,2025-08-05 00:00:00+00:00,LZ_WEST,2025-08-05 11:00:00+00:00,21.69666666666667,34.09748077392578,21.397422790527344,57.84288787841797
Chronos2,2025-08-05 00:00:00+00:00,LZ_WEST,2025-08-05 12:00:00+00:00,19.865,28.021514892578125,18.574373245239258,45.03541564941406
Chronos2,2025-08-05 00:00:00+00:00,LZ_WEST,2025-08-05 13:00:00+00:00,16.05,22.093868255615234,16.159404754638672,33.6088981628418
Chronos2,2025-08-05 00:00:00+00:00,LZ_WEST,2025-08-05 14:00:00+00:00,15.923333333333334,20.153675079345703,14.658882141113281,29.90696144104004
Chronos2,2025-08-05 00:00:00+00:00,LZ_WEST,2025-08-05 15:00:00+00:00,11.810833333333331,20.5945987701416,15.373462677001953,29.265459060668945
Chronos2,2025-08-05 00:00:00+00:00,LZ_WEST,2025-08-05 16:00:00+00:00,12.235833333333334,21.452512741088867,15.412879943847656,32.86564636230469
Chronos2,2025-08-05 00:00:00+00:00,LZ_WEST,2025-08-05 17:00:00+00:00,15.946666666666664,21.852962493896484,14.91864013671875,33.405120849609375
Chronos2,2025-08-05 00:00:00+00:00,LZ_WEST,2025-08-05 18:00:00+00:00,21.13083333333333,22.88585662841797,15.356151580810547,36.83651351928711
Chronos2,2025-08-05 00:00:00+00:00,LZ_WEST,2025-08-05 19:00:00+00:00,24.441666666666663,25.91061782836914,16.456188201904297,43.96570587158203
Chronos2,2025-08-05 00:00:00+00:00,LZ_WEST,2025-08-05 20:00:00+00:00,21.055,29.017786026000977,17.964813232421875,49.97916793823242
Chronos2,2025-08-05 00:00:00+00:00,LZ_WEST,2025-08-05 21:00:00+00:00,19.775,28.495311737060547,17.157848358154297,49.63429641723633
Chronos2,2025-08-05 00:00:00+00:00,LZ_WEST,2025-08-05 22:00:00+00:00,19.65,30.14015769958496,17.083377838134766,53.60209274291992
Chronos2,2025-08-05 00:00:00+00:00,LZ_WEST,2025-08-05 23:00:00+00:00,25.796666666666667,43.84611892700195,23.10144805908203,81.9439697265625
Chronos2,2025-08-06 00:00:00+00:00,HB_HUBAVG,2025-08-06 00:00:00+00:00,40.1175,29.78082847595215,22.444046020507812,41.98731231689453
Chronos2,2025-08-06 00:00:00+00:00,HB_HUBAVG,2025-08-06 01:00:00+00:00,38.435,30.042510986328125,20.903396606445312,48.23338317871094
Chronos2,2025-08-06 00:00:00+00:00,HB_HUBAVG,2025-08-06 02:00:00+00:00,33.0225,27.38922691345215,19.005048751831055,43.128997802734375
Chronos2,2025-08-06 00:00:00+00:00,HB_HUBAVG,2025-08-06 03:00:00+00:00,26.796666666666667,22.373777389526367,16.5124568939209,31.97783851623535
Chronos2,2025-08-06 00:00:00+00:00,HB_HUBAVG,2025-08-06 04:00:00+00:00,24.405,19.937789916992188,15.20294189453125,26.43184471130371
Chronos2,2025-08-06 00:00:00+00:00,HB_HUBAVG,2025-08-06 05:00:00+00:00,23.379166666666663,19.03546714782715,14.288497924804688,25.844554901123047
Chronos2,2025-08-06 00:00:00+00:00,HB_HUBAVG,2025-08-06 06:00:00+00:00,22.521666666666665,18.647520065307617,14.074180603027344,25.023387908935547
Chronos2,2025-08-06 00:00:00+00:00,HB_HUBAVG,2025-08-06 07:00:00+00:00,19.741666666666667,18.238086700439453,13.517904281616211,23.919809341430664
Chronos2,2025-08-06 00:00:00+00:00,HB_HUBAVG,2025-08-06 08:00:00+00:00,18.4175,17.979633331298828,13.282838821411133,23.232484817504883
Chronos2,2025-08-06 00:00:00+00:00,HB_HUBAVG,2025-08-06 09:00:00+00:00,18.064166666666665,18.198322296142578,13.398321151733398,23.83482551574707
Chronos2,2025-08-06 00:00:00+00:00,HB_HUBAVG,2025-08-06 10:00:00+00:00,23.10833333333333,18.342119216918945,13.536834716796875,24.326946258544922
Chronos2,2025-08-06 00:00:00+00:00,HB_HUBAVG,2025-08-06 11:00:00+00:00,24.97583333333333,18.547029495239258,13.246959686279297,24.9935302734375
Chronos2,2025-08-06 00:00:00+00:00,HB_HUBAVG,2025-08-06 12:00:00+00:00,21.5525,17.836278915405273,12.859758377075195,24.046937942504883
Chronos2,2025-08-06 00:00:00+00:00,HB_HUBAVG,2025-08-06 13:00:00+00:00,16.019166666666667,16.82790184020996,12.564571380615234,22.311731338500977
Chronos2,2025-08-06 00:00:00+00:00,HB_HUBAVG,2025-08-06 14:00:00+00:00,15.130833333333332,16.126785278320312,12.139148712158203,21.402667999267578
Chronos2,2025-08-06 00:00:00+00:00,HB_HUBAVG,2025-08-06 15:00:00+00:00,15.098333333333334,16.34490966796875,12.165628433227539,21.280588150024414
Chronos2,2025-08-06 00:00:00+00:00,HB_HUBAVG,2025-08-06 16:00:00+00:00,21.254166666666663,17.622291564941406,12.684349060058594,23.6578369140625
Chronos2,2025-08-06 00:00:00+00:00,HB_HUBAVG,2025-08-06 17:00:00+00:00,28.81583333333333,18.55756187438965,12.876996994018555,26.964332580566406
Chronos2,2025-08-06 00:00:00+00:00,HB_HUBAVG,2025-08-06 18:00:00+00:00,37.43416666666666,19.966838836669922,13.33868408203125,28.90773582458496
Chronos2,2025-08-06 00:00:00+00:00,HB_HUBAVG,2025-08-06 19:00:00+00:00,27.144166666666667,20.264877319335938,13.76344108581543,30.727371215820312
Chronos2,2025-08-06 00:00:00+00:00,HB_HUBAVG,2025-08-06 20:00:00+00:00,24.078333333333333,20.28849983215332,13.351177215576172,32.27538299560547
Chronos2,2025-08-06 00:00:00+00:00,HB_HUBAVG,2025-08-06 21:00:00+00:00,22.161666666666665,20.25971794128418,12.504905700683594,34.11921691894531
Chronos2,2025-08-06 00:00:00+00:00,HB_HUBAVG,2025-08-06 22:00:00+00:00,20.32333333333333,22.313947677612305,12.842267990112305,40.674583435058594
Chronos2,2025-08-06 00:00:00+00:00,HB_HUBAVG,2025-08-06 23:00:00+00:00,31.034166666666664,29.222822189331055,13.28177261352539,67.11075592041016
Chronos2,2025-08-06 00:00:00+00:00,HB_PAN,2025-08-06 00:00:00+00:00,37.7825,28.856487274169922,18.43551254272461,43.73323440551758
Chronos2,2025-08-06 00:00:00+00:00,HB_PAN,2025-08-06 01:00:00+00:00,31.459166666666665,26.355987548828125,12.239847183227539,47.432777404785156
Chronos2,2025-08-06 00:00:00+00:00,HB_PAN,2025-08-06 02:00:00+00:00,10.841666666666669,21.9285888671875,9.370532989501953,38.55895233154297
Chronos2,2025-08-06 00:00:00+00:00,HB_PAN,2025-08-06 03:00:00+00:00,7.449999999999999,17.761194229125977,7.65733528137207,29.393234252929688
Chronos2,2025-08-06 00:00:00+00:00,HB_PAN,2025-08-06 04:00:00+00:00,10.616666666666667,15.640480041503906,5.927621841430664,25.16051483154297
Chronos2,2025-08-06 00:00:00+00:00,HB_PAN,2025-08-06 05:00:00+00:00,13.8175,15.153030395507812,6.573858261108398,23.576473236083984
Chronos2,2025-08-06 00:00:00+00:00,HB_PAN,2025-08-06 06:00:00+00:00,13.361666666666666,15.007966995239258,7.083135604858398,22.69049835205078
Chronos2,2025-08-06 00:00:00+00:00,HB_PAN,2025-08-06 07:00:00+00:00,12.205,14.634450912475586,6.803382873535156,21.977989196777344
Chronos2,2025-08-06 00:00:00+00:00,HB_PAN,2025-08-06 08:00:00+00:00,13.209166666666668,15.063095092773438,6.990222930908203,21.627235412597656
Chronos2,2025-08-06 00:00:00+00:00,HB_PAN,2025-08-06 09:00:00+00:00,17.783333333333335,15.63688850402832,7.65583610534668,22.4484806060791
Chronos2,2025-08-06 00:00:00+00:00,HB_PAN,2025-08-06 10:00:00+00:00,16.531666666666666,16.122608184814453,7.777435302734375,23.398147583007812
Chronos2,2025-08-06 00:00:00+00:00,HB_PAN,2025-08-06 11:00:00+00:00,17.358333333333334,16.071407318115234,7.006954193115234,23.832294464111328
Chronos2,2025-08-06 00:00:00+00:00,HB_PAN,2025-08-06 12:00:00+00:00,19.866666666666667,15.385305404663086,5.98011589050293,23.324052810668945
Chronos2,2025-08-06 00:00:00+00:00,HB_PAN,2025-08-06 13:00:00+00:00,16.015,14.433475494384766,4.8817138671875,22.180328369140625
Chronos2,2025-08-06 00:00:00+00:00,HB_PAN,2025-08-06 14:00:00+00:00,6.131666666666667,13.097139358520508,4.085788726806641,21.004077911376953
Chronos2,2025-08-06 00:00:00+00:00,HB_PAN,2025-08-06 15:00:00+00:00,0.9591666666666666,12.843006134033203,3.5143966674804688,20.503707885742188
Chronos2,2025-08-06 00:00:00+00:00,HB_PAN,2025-08-06 16:00:00+00:00,1.6558333333333335,13.094566345214844,2.129108428955078,21.652938842773438
Chronos2,2025-08-06 00:00:00+00:00,HB_PAN,2025-08-06 17:00:00+00:00,1.2308333333333332,12.988996505737305,1.5868873596191406,22.89068603515625
Chronos2,2025-08-06 00:00:00+00:00,HB_PAN,2025-08-06 18:00:00+00:00,0.805,13.440984725952148,1.1662673950195312,23.62994956970215
Chronos2,2025-08-06 00:00:00+00:00,HB_PAN,2025-08-06 19:00:00+00:00,6.971666666666667,13.600397109985352,1.5052642822265625,24.800161361694336
Chronos2,2025-08-06 00:00:00+00:00,HB_PAN,2025-08-06 20:00:00+00:00,19.918333333333333,14.084609985351562,1.1227073669433594,25.80884552001953
Chronos2,2025-08-06 00:00:00+00:00,HB_PAN,2025-08-06 21:00:00+00:00,16.86,15.260942459106445,1.3413276672363281,28.468902587890625
Chronos2,2025-08-06 00:00:00+00:00,HB_PAN,2025-08-06 22:00:00+00:00,16.613333333333333,17.38776969909668,2.0829200744628906,34.316993713378906
Chronos2,2025-08-06 00:00:00+00:00,HB_PAN,2025-08-06 23:00:00+00:00,28.089166666666667,22.028297424316406,-0.6458549499511719,54.335487365722656
Chronos2,2025-08-06 00:00:00+00:00,LZ_WEST,2025-08-06 00:00:00+00:00,41.1775,30.372024536132812,22.041873931884766,47.6209602355957
Chronos2,2025-08-06 00:00:00+00:00,LZ_WEST,2025-08-06 01:00:00+00:00,47.38833333333333,32.50434875488281,21.489707946777344,56.11418914794922
Chronos2,2025-08-06 00:00:00+00:00,LZ_WEST,2025-08-06 02:00:00+00:00,58.97666666666667,31.032039642333984,19.979700088500977,53.58341598510742
Chronos2,2025-08-06 00:00:00+00:00,LZ_WEST,2025-08-06 03:00:00+00:00,48.45666666666667,27.311336517333984,18.15377426147461,45.949974060058594
Chronos2,2025-08-06 00:00:00+00:00,LZ_WEST,2025-08-06 04:00:00+00:00,39.181666666666665,25.272138595581055,16.892906188964844,42.59361267089844
Chronos2,2025-08-06 00:00:00+00:00,LZ_WEST,2025-08-06 05:00:00+00:00,47.056666666666665,24.411725997924805,16.145076751708984,40.79126739501953
Chronos2,2025-08-06 00:00:00+00:00,LZ_WEST,2025-08-06 06:00:00+00:00,42.1575,23.200881958007812,15.690589904785156,38.751129150390625
Chronos2,2025-08-06 00:00:00+00:00,LZ_WEST,2025-08-06 07:00:00+00:00,29.89916666666667,21.499557495117188,14.345596313476562,36.19904708862305
Chronos2,2025-08-06 00:00:00+00:00,LZ_WEST,2025-08-06 08:00:00+00:00,25.82166666666667,20.764310836791992,14.03073501586914,32.57048797607422
Chronos2,2025-08-06 00:00:00+00:00,LZ_WEST,2025-08-06 09:00:00+00:00,18.42,20.364030838012695,13.454769134521484,32.582611083984375
Chronos2,2025-08-06 00:00:00+00:00,LZ_WEST,2025-08-06 10:00:00+00:00,34.57416666666666,19.64837074279785,12.98114013671875,32.05831527709961
Chronos2,2025-08-06 00:00:00+00:00,LZ_WEST,2025-08-06 11:00:00+00:00,37.836666666666666,18.96453857421875,12.179134368896484,30.168195724487305
Chronos2,2025-08-06 00:00:00+00:00,LZ_WEST,2025-08-06 12:00:00+00:00,22.930833333333336,17.342382431030273,11.36642837524414,27.98935317993164
Chronos2,2025-08-06 00:00:00+00:00,LZ_WEST,2025-08-06 13:00:00+00:00,16.0225,15.810184478759766,10.837932586669922,24.3427734375
Chronos2,2025-08-06 00:00:00+00:00,LZ_WEST,2025-08-06 14:00:00+00:00,14.580833333333333,14.678401947021484,10.151458740234375,23.16468620300293
Chronos2,2025-08-06 00:00:00+00:00,LZ_WEST,2025-08-06 15:00:00+00:00,9.3275,14.757713317871094,9.805564880371094,22.50432014465332
Chronos2,2025-08-06 00:00:00+00:00,LZ_WEST,2025-08-06 16:00:00+00:00,17.468333333333334,15.712997436523438,9.84033203125,24.233572006225586
Chronos2,2025-08-06 00:00:00+00:00,LZ_WEST,2025-08-06 17:00:00+00:00,28.77416666666667,16.264751434326172,10.103126525878906,25.025957107543945
Chronos2,2025-08-06 00:00:00+00:00,LZ_WEST,2025-08-06 18:00:00+00:00,34.43833333333333,16.781944274902344,10.239017486572266,27.128877639770508
Chronos2,2025-08-06 00:00:00+00:00,LZ_WEST,2025-08-06 19:00:00+00:00,23.47,18.07713508605957,11.026802062988281,29.00547218322754
Chronos2,2025-08-06 00:00:00+00:00,LZ_WEST,2025-08-06 20:00:00+00:00,18.499166666666667,18.142797470092773,10.865974426269531,30.054546356201172
Chronos2,2025-08-06 00:00:00+00:00,LZ_WEST,2025-08-06 21:00:00+00:00,14.024166666666666,18.652828216552734,10.492362976074219,32.13368225097656
Chronos2,2025-08-06 00:00:00+00:00,LZ_WEST,2025-08-06 22:00:00+00:00,13.449166666666663,20.889326095581055,10.961612701416016,40.56871032714844
Chronos2,2025-08-06 00:00:00+00:00,LZ_WEST,2025-08-06 23:00:00+00:00,27.77916666666667,29.913555145263672,12.741485595703125,68.467041015625
Chronos2,2025-08-07 00:00:00+00:00,HB_HUBAVG,2025-08-07 00:00:00+00:00,64.33749999999999,51.39329147338867,37.61762237548828,72.70245361328125
Chronos2,2025-08-07 00:00:00+00:00,HB_HUBAVG,2025-08-07 01:00:00+00:00,78.28916666666667,53.209964752197266,36.154842376708984,81.98182678222656
Chronos2,2025-08-07 00:00:00+00:00,HB_HUBAVG,2025-08-07 02:00:00+00:00,73.70083333333334,45.35101318359375,31.862350463867188,68.1473159790039
Chronos2,2025-08-07 00:00:00+00:00,HB_HUBAVG,2025-08-07 03:00:00+00:00,34.40833333333333,32.99700927734375,24.994043350219727,44.956600189208984
Chronos2,2025-08-07 00:00:00+00:00,HB_HUBAVG,2025-08-07 04:00:00+00:00,30.16,25.520244598388672,19.99847412109375,34.155826568603516
Chronos2,2025-08-07 00:00:00+00:00,HB_HUBAVG,2025-08-07 05:00:00+00:00,28.725,23.41333770751953,18.54924201965332,31.047014236450195
Chronos2,2025-08-07 00:00:00+00:00,HB_HUBAVG,2025-08-07 06:00:00+00:00,26.671666666666667,22.287578582763672,17.813175201416016,29.118450164794922
Chronos2,2025-08-07 00:00:00+00:00,HB_HUBAVG,2025-08-07 07:00:00+00:00,27.570833333333336,21.126222610473633,16.76993179321289,27.341413497924805
Chronos2,2025-08-07 00:00:00+00:00,HB_HUBAVG,2025-08-07 08:00:00+00:00,24.49416666666667,20.78076934814453,16.314481735229492,26.09361457824707
Chronos2,2025-08-07 00:00:00+00:00,HB_HUBAVG,2025-08-07 09:00:00+00:00,27.2175,21.360563278198242,16.932212829589844,27.394197463989258
Chronos2,2025-08-07 00:00:00+00:00,HB_HUBAVG,2025-08-07 10:00:00+00:00,29.534166666666664,23.41680145263672,17.95726203918457,31.057762145996094
Chronos2,2025-08-07 00:00:00+00:00,HB_HUBAVG,2025-08-07 11:00:00+00:00,32.0525,24.293025970458984,18.16657066345215,32.575347900390625
Chronos2,2025-08-07 00:00:00+00:00,HB_HUBAVG,2025-08-07 12:00:00+00:00,26.89833333333333,21.489154815673828,16.395978927612305,28.41370391845703
Chronos2,2025-08-07 00:00:00+00:00,HB_HUBAVG,2025-08-07 13:00:00+00:00,20.1525,18.294601440429688,14.550958633422852,24.0651912689209
Chronos2,2025-08-07 00:00:00+00:00,HB_HUBAVG,2025-08-07 14:00:00+00:00,20.39333333333333,16.760530471801758,13.507184982299805,21.96904182434082
Chronos2,2025-08-07 00:00:00+00:00,HB_HUBAVG,2025-08-07 15:00:00+00:00,21.004166666666663,16.983224868774414,13.49875259399414,21.807788848876953
Chronos2,2025-08-07 00:00:00+00:00,HB_HUBAVG,2025-08-07 16:00:00+00:00,24.5375,20.62220573425293,14.940420150756836,28.840988159179688
Chronos2,2025-08-07 00:00:00+00:00,HB_HUBAVG,2025-08-07 17:00:00+00:00,25.2,25.60653305053711,17.69287109375,38.08804702758789
Chronos2,2025-08-07 00:00:00+00:00,HB_HUBAVG,2025-08-07 18:00:00+00:00,23.7625,27.879806518554688,18.59800910949707,44.33393478393555
Chronos2,2025-08-07 00:00:00+00:00,HB_HUBAVG,2025-08-07 19:00:00+00:00,22.3975,27.442996978759766,19.156753540039062,40.71174621582031
Chronos2,2025-08-07 00:00:00+00:00,HB_HUBAVG,2025-08-07 20:00:00+00:00,26.07083333333333,25.915433883666992,18.485794067382812,38.08243942260742
Chronos2,2025-08-07 00:00:00+00:00,HB_HUBAVG,2025-08-07 21:00:00+00:00,22.346666666666664,24.745332717895508,17.241619110107422,36.945594787597656
Chronos2,2025-08-07 00:00:00+00:00,HB_HUBAVG,2025-08-07 22:00:00+00:00,23.261666666666667,26.409271240234375,18.331031799316406,40.798133850097656
Chronos2,2025-08-07 00:00:00+00:00,HB_HUBAVG,2025-08-07 23:00:00+00:00,36.57083333333333,37.20853805541992,23.097003936767578,68.76066589355469
Chronos2,2025-08-07 00:00:00+00:00,HB_PAN,2025-08-07 00:00:00+00:00,64.87916666666666,43.80349349975586,30.85116195678711,59.13127899169922
Chronos2,2025-08-07 00:00:00+00:00,HB_PAN,2025-08-07 01:00:00+00:00,79.71,39.59393310546875,23.95850372314453,57.54502487182617
Chronos2,2025-08-07 00:00:00+00:00,HB_PAN,2025-08-07 02:00:00+00:00,68.12916666666666,28.8447322845459,13.459966659545898,46.812355041503906
Chronos2,2025-08-07 00:00:00+00:00,HB_PAN,2025-08-07 03:00:00+00:00,17.69,16.629135131835938,5.994441986083984,29.84558868408203
Chronos2,2025-08-07 00:00:00+00:00,HB_PAN,2025-08-07 04:00:00+00:00,14.485833333333334,11.683242797851562,2.944791793823242,21.7655029296875
Chronos2,2025-08-07 00:00:00+00:00,HB_PAN,2025-08-07 05:00:00+00:00,10.905833333333334,10.996110916137695,3.3783512115478516,19.456369400024414
Chronos2,2025-08-07 00:00:00+00:00,HB_PAN,2025-08-07 06:00:00+00:00,9.698333333333332,10.660602569580078,3.5064620971679688,18.559616088867188
Chronos2,2025-08-07 00:00:00+00:00,HB_PAN,2025-08-07 07:00:00+00:00,6.607500000000001,10.34707260131836,3.316030502319336,17.738521575927734
Chronos2,2025-08-07 00:00:00+00:00,HB_PAN,2025-08-07 08:00:00+00:00,11.755,11.692659378051758,4.450447082519531,18.824806213378906
Chronos2,2025-08-07 00:00:00+00:00,HB_PAN,2025-08-07 09:00:00+00:00,10.620833333333334,13.091175079345703,5.876522064208984,20.323148727416992
Chronos2,2025-08-07 00:00:00+00:00,HB_PAN,2025-08-07 10:00:00+00:00,5.869166666666666,14.054000854492188,6.718976974487305,21.22818374633789
Chronos2,2025-08-07 00:00:00+00:00,HB_PAN,2025-08-07 11:00:00+00:00,14.2825,14.319131851196289,6.937679290771484,21.905567169189453
Chronos2,2025-08-07 00:00:00+00:00,HB_PAN,2025-08-07 12:00:00+00:00,21.40833333333333,12.618261337280273,5.106904983520508,20.136688232421875
Chronos2,2025-08-07 00:00:00+00:00,HB_PAN,2025-08-07 13:00:00+00:00,20.1525,9.650470733642578,1.5186843872070312,17.398296356201172
Chronos2,2025-08-07 00:00:00+00:00,HB_PAN,2025-08-07 14:00:00+00:00,20.39333333333333,6.689189910888672,-1.2158088684082031,15.305931091308594
Chronos2,2025-08-07 00:00:00+00:00,HB_PAN,2025-08-07 15:00:00+00:00,21.16333333333333,5.268711090087891,-3.21539306640625,13.817794799804688
Chronos2,2025-08-07 00:00:00+00:00,HB_PAN,2025-08-07 16:00:00+00:00,25.77,5.689058303833008,-1.1575355529785156,14.17333984375
Chronos2,2025-08-07 00:00:00+00:00,HB_PAN,2025-08-07 17:00:00+00:00,22.486666666666665,5.574270248413086,-1.2690277099609375,14.939573287963867
Chronos2,2025-08-07 00:00:00+00:00,HB_PAN,2025-08-07 18:00:00+00:00,19.77,5.746500015258789,-1.7190818786621094,14.919206619262695
Chronos2,2025-08-07 00:00:00+00:00,HB_PAN,2025-08-07 19:00:00+00:00,7.675833333333333,7.161075592041016,-0.24333953857421875,17.245895385742188
Chronos2,2025-08-07 00:00:00+00:00,HB_PAN,2025-08-07 20:00:00+00:00,13.459166666666668,10.810317993164062,2.0832748413085938,22.42697525024414
Chronos2,2025-08-07 00:00:00+00:00,HB_PAN,2025-08-07 21:00:00+00:00,13.413333333333334,13.230966567993164,3.0924015045166016,25.90592384338379
Chronos2,2025-08-07 00:00:00+00:00,HB_PAN,2025-08-07 22:00:00+00:00,14.125,15.647897720336914,4.011274337768555,31.093175888061523
Chronos2,2025-08-07 00:00:00+00:00,HB_PAN,2025-08-07 23:00:00+00:00,12.920000000000002,24.051963806152344,8.444791793823242,44.96696472167969
Chronos2,2025-08-07 00:00:00+00:00,LZ_WEST,2025-08-07 00:00:00+00:00,71.625,42.816280364990234,26.233455657958984,67.35627746582031
Chronos2,2025-08-07 00:00:00+00:00,LZ_WEST,2025-08-07 01:00:00+00:00,84.6025,48.339176177978516,28.748920440673828,78.8602294921875
Chronos2,2025-08-07 00:00:00+00:00,LZ_WEST,2025-08-07 02:00:00+00:00,81.97416666666666,47.16739273071289,27.830673217773438,76.36453247070312
Chronos2,2025-08-07 00:00:00+00:00,LZ_WEST,2025-08-07 03:00:00+00:00,65.00166666666667,37.828582763671875,22.2690372467041,62.88896560668945
Chronos2,2025-08-07 00:00:00+00:00,LZ_WEST,2025-08-07 04:00:00+00:00,53.020833333333336,32.729862213134766,18.822566986083984,55.96080780029297
Chronos2,2025-08-07 00:00:00+00:00,LZ_WEST,2025-08-07 05:00:00+00:00,56.270833333333336,31.024646759033203,17.110713958740234,54.31141662597656
Chronos2,2025-08-07 00:00:00+00:00,LZ_WEST,2025-08-07 06:00:00+00:00,54.4875,29.522201538085938,15.698158264160156,52.862525939941406
Chronos2,2025-08-07 00:00:00+00:00,LZ_WEST,2025-08-07 07:00:00+00:00,64.7175,26.215723037719727,13.412029266357422,48.7927131652832
Chronos2,2025-08-07 00:00:00+00:00,LZ_WEST,2025-08-07 08:00:00+00:00,51.723333333333336,23.59778594970703,12.007331848144531,44.943580627441406
Chronos2,2025-08-07 00:00:00+00:00,LZ_WEST,2025-08-07 09:00:00+00:00,63.96,23.669086456298828,11.7646484375,44.77421951293945
Chronos2,2025-08-07 00:00:00+00:00,LZ_WEST,2025-08-07 10:00:00+00:00,57.634166666666665,26.385583877563477,12.921096801757812,49.80382537841797
Chronos2,2025-08-07 00:00:00+00:00,LZ_WEST,2025-08-07 11:00:00+00:00,58.51666666666667,26.232995986938477,12.112724304199219,49.7837028503418
Chronos2,2025-08-07 00:00:00+00:00,LZ_WEST,2025-08-07 12:00:00+00:00,44.17583333333334,19.71352767944336,9.164108276367188,37.85722351074219
Chronos2,2025-08-07 00:00:00+00:00,LZ_WEST,2025-08-07 13:00:00+00:00,20.1525,14.356189727783203,6.612724304199219,28.127464294433594
Chronos2,2025-08-07 00:00:00+00:00,LZ_WEST,2025-08-07 14:00:00+00:00,20.401666666666667,12.32332992553711,5.008548736572266,24.331707000732422
Chronos2,2025-08-07 00:00:00+00:00,LZ_WEST,2025-08-07 15:00:00+00:00,21.0175,11.93899917602539,5.002956390380859,22.824417114257812
Chronos2,2025-08-07 00:00:00+00:00,LZ_WEST,2025-08-07 16:00:00+00:00,24.90833333333333,14.309240341186523,6.446193695068359,26.792383193969727
Chronos2,2025-08-07 00:00:00+00:00,LZ_WEST,2025-08-07 17:00:00+00:00,22.808333333333337,15.105854034423828,6.432659149169922,29.665185928344727
Chronos2,2025-08-07 00:00:00+00:00,LZ_WEST,2025-08-07 18:00:00+00:00,19.773333333333333,15.751976013183594,6.633270263671875,30.618667602539062
Chronos2,2025-08-07 00:00:00+00:00,LZ_WEST,2025-08-07 19:00:00+00:00,10.093333333333334,17.11017417907715,7.649631500244141,32.38948440551758
Chronos2,2025-08-07 00:00:00+00:00,LZ_WEST,2025-08-07 20:00:00+00:00,9.488333333333332,18.060319900512695,8.09701156616211,36.071693420410156
Chronos2,2025-08-07 00:00:00+00:00,LZ_WEST,2025-08-07 21:00:00+00:00,10.035,19.084491729736328,7.728366851806641,38.68660354614258
Chronos2,2025-08-07 00:00:00+00:00,LZ_WEST,2025-08-07 22:00:00+00:00,14.445833333333333,21.18890953063965,8.556468963623047,43.708648681640625
Chronos2,2025-08-07 00:00:00+00:00,LZ_WEST,2025-08-07 23:00:00+00:00,37.2525,30.528255462646484,12.338211059570312,61.921417236328125
Chronos2,2025-08-08 00:00:00+00:00,HB_HUBAVG,2025-08-08 00:00:00+00:00,89.76666666666667,61.0729866027832,41.964569091796875,80.80078125
Chronos2,2025-08-08 00:00:00+00:00,HB_HUBAVG,2025-08-08 01:00:00+00:00,82.5725,67.11093139648438,40.36127853393555,91.98904418945312
Chronos2,2025-08-08 00:00:00+00:00,HB_HUBAVG,2025-08-08 02:00:00+00:00,49.939166666666665,55.66020202636719,34.11518859863281,82.72441101074219
Chronos2,2025-08-08 00:00:00+00:00,HB_HUBAVG,2025-08-08 03:00:00+00:00,37.06916666666667,35.60179138183594,26.997079849243164,47.02143859863281
Chronos2,2025-08-08 00:00:00+00:00,HB_HUBAVG,2025-08-08 04:00:00+00:00,31.008333333333336,28.839256286621094,23.069616317749023,35.120975494384766
Chronos2,2025-08-08 00:00:00+00:00,HB_HUBAVG,2025-08-08 05:00:00+00:00,25.924166666666665,28.250713348388672,23.289173126220703,33.80970764160156
Chronos2,2025-08-08 00:00:00+00:00,HB_HUBAVG,2025-08-08 06:00:00+00:00,26.175833333333333,28.129106521606445,23.47796630859375,33.400779724121094
Chronos2,2025-08-08 00:00:00+00:00,HB_HUBAVG,2025-08-08 07:00:00+00:00,23.66,27.208614349365234,22.893421173095703,32.115928649902344
Chronos2,2025-08-08 00:00:00+00:00,HB_HUBAVG,2025-08-08 08:00:00+00:00,21.134166666666665,26.51432228088379,21.930349349975586,30.876638412475586
Chronos2,2025-08-08 00:00:00+00:00,HB_HUBAVG,2025-08-08 09:00:00+00:00,20.860833333333336,26.61498260498047,21.950942993164062,31.860858917236328
Chronos2,2025-08-08 00:00:00+00:00,HB_HUBAVG,2025-08-08 10:00:00+00:00,22.14583333333333,29.03554916381836,23.255916595458984,35.30875015258789
Chronos2,2025-08-08 00:00:00+00:00,HB_HUBAVG,2025-08-08 11:00:00+00:00,23.325833333333332,31.06510353088379,24.94722557067871,38.349727630615234
Chronos2,2025-08-08 00:00:00+00:00,HB_HUBAVG,2025-08-08 12:00:00+00:00,20.870833333333337,26.960296630859375,21.866901397705078,32.73842239379883
Chronos2,2025-08-08 00:00:00+00:00,HB_HUBAVG,2025-08-08 13:00:00+00:00,15.593333333333334,21.89894676208496,17.759183883666992,27.055435180664062
Chronos2,2025-08-08 00:00:00+00:00,HB_HUBAVG,2025-08-08 14:00:00+00:00,15.795,20.278156280517578,16.336414337158203,25.147476196289062
Chronos2,2025-08-08 00:00:00+00:00,HB_HUBAVG,2025-08-08 15:00:00+00:00,16.765,20.771732330322266,16.818693161010742,25.207473754882812
Chronos2,2025-08-08 00:00:00+00:00,HB_HUBAVG,2025-08-08 16:00:00+00:00,18.13583333333333,22.996191024780273,18.23927879333496,29.712841033935547
Chronos2,2025-08-08 00:00:00+00:00,HB_HUBAVG,2025-08-08 17:00:00+00:00,19.9325,25.28202247619629,19.457979202270508,33.711700439453125
Chronos2,2025-08-08 00:00:00+00:00,HB_HUBAVG,2025-08-08 18:00:00+00:00,22.09166666666667,26.78465461730957,19.907581329345703,37.64356994628906
Chronos2,2025-08-08 00:00:00+00:00,HB_HUBAVG,2025-08-08 19:00:00+00:00,20.8125,27.150897979736328,20.445556640625,37.384944915771484
Chronos2,2025-08-08 00:00:00+00:00,HB_HUBAVG,2025-08-08 20:00:00+00:00,24.1525,28.077442169189453,20.722309112548828,39.01084518432617
Chronos2,2025-08-08 00:00:00+00:00,HB_HUBAVG,2025-08-08 21:00:00+00:00,21.92083333333333,29.445253372192383,21.116086959838867,42.91712951660156
Chronos2,2025-08-08 00:00:00+00:00,HB_HUBAVG,2025-08-08 22:00:00+00:00,22.9375,34.1134033203125,22.59099578857422,53.79808807373047
Chronos2,2025-08-08 00:00:00+00:00,HB_HUBAVG,2025-08-08 23:00:00+00:00,28.633333333333336,46.508750915527344,26.92681884765625,78.53372192382812
Chronos2,2025-08-08 00:00:00+00:00,HB_PAN,2025-08-08 00:00:00+00:00,47.3025,17.718786239624023,8.212898254394531,36.59334182739258
Chronos2,2025-08-08 00:00:00+00:00,HB_PAN,2025-08-08 01:00:00+00:00,30.31583333333333,21.462322235107422,5.550241470336914,56.96635818481445
Chronos2,2025-08-08 00:00:00+00:00,HB_PAN,2025-08-08 02:00:00+00:00,3.896666666666667,20.107097625732422,4.837987899780273,55.72282409667969
Chronos2,2025-08-08 00:00:00+00:00,HB_PAN,2025-08-08 03:00:00+00:00,0.0,13.938104629516602,2.474517822265625,34.50774002075195
Chronos2,2025-08-08 00:00:00+00:00,HB_PAN,2025-08-08 04:00:00+00:00,3.6841666666666666,12.678892135620117,2.384561538696289,28.12379264831543
Chronos2,2025-08-08 00:00:00+00:00,HB_PAN,2025-08-08 05:00:00+00:00,8.565,12.946603775024414,2.5797386169433594,27.029939651489258
Chronos2,2025-08-08 00:00:00+00:00,HB_PAN,2025-08-08 06:00:00+00:00,5.403333333333333,13.288666725158691,3.2633438110351562,25.45994758605957
Chronos2,2025-08-08 00:00:00+00:00,HB_PAN,2025-08-08 07:00:00+00:00,9.8375,13.395489692687988,3.503683090209961,24.53680419921875
Chronos2,2025-08-08 00:00:00+00:00,HB_PAN,2025-08-08 08:00:00+00:00,10.748333333333331,14.039751052856445,3.7748641967773438,23.881038665771484
Chronos2,2025-08-08 00:00:00+00:00,HB_PAN,2025-08-08 09:00:00+00:00,15.505833333333332,14.569758415222168,4.192333221435547,25.88426971435547
Chronos2,2025-08-08 00:00:00+00:00,HB_PAN,2025-08-08 10:00:00+00:00,21.1075,15.100213050842285,4.597160339355469,27.032432556152344
Chronos2,2025-08-08 00:00:00+00:00,HB_PAN,2025-08-08 11:00:00+00:00,22.935,16.240100860595703,5.275012969970703,28.78236198425293
Chronos2,2025-08-08 00:00:00+00:00,HB_PAN,2025-08-08 12:00:00+00:00,20.87,16.190448760986328,5.263036727905273,28.151836395263672
Chronos2,2025-08-08 00:00:00+00:00,HB_PAN,2025-08-08 13:00:00+00:00,7.728333333333333,14.465174674987793,3.1043472290039062,26.42206382751465
Chronos2,2025-08-08 00:00:00+00:00,HB_PAN,2025-08-08 14:00:00+00:00,1.375,12.66573715209961,1.7305946350097656,25.783235549926758
Chronos2,2025-08-08 00:00:00+00:00,HB_PAN,2025-08-08 15:00:00+00:00,1.015,12.80024528503418,1.8516120910644531,25.292129516601562
Chronos2,2025-08-08 00:00:00+00:00,HB_PAN,2025-08-08 16:00:00+00:00,6.475833333333333,12.377132415771484,0.3168525695800781,27.25381088256836
Chronos2,2025-08-08 00:00:00+00:00,HB_PAN,2025-08-08 17:00:00+00:00,13.3125,11.825992584228516,-0.038257598876953125,27.93852424621582
Chronos2,2025-08-08 00:00:00+00:00,HB_PAN,2025-08-08 18:00:00+00:00,3.085833333333333,11.42857551574707,-0.7872142791748047,27.259857177734375
Chronos2,2025-08-08 00:00:00+00:00,HB_PAN,2025-08-08 19:00:00+00:00,0.66,11.484840393066406,0.12428092956542969,26.557342529296875
Chronos2,2025-08-08 00:00:00+00:00,HB_PAN,2025-08-08 20:00:00+00:00,0.3666666666666667,12.914371490478516,0.8202114105224609,30.29021453857422
Chronos2,2025-08-08 00:00:00+00:00,HB_PAN,2025-08-08 21:00:00+00:00,0.3066666666666667,15.447844505310059,1.1833229064941406,36.58867645263672
Chronos2,2025-08-08 00:00:00+00:00,HB_PAN,2025-08-08 22:00:00+00:00,0.18,19.55799674987793,2.450519561767578,48.173580169677734
Chronos2,2025-08-08 00:00:00+00:00,HB_PAN,2025-08-08 23:00:00+00:00,0.8624999999999999,25.13425064086914,3.7031002044677734,68.5505142211914
Chronos2,2025-08-08 00:00:00+00:00,LZ_WEST,2025-08-08 00:00:00+00:00,114.5625,68.41192626953125,46.09412384033203,88.33099365234375
Chronos2,2025-08-08 00:00:00+00:00,LZ_WEST,2025-08-08 01:00:00+00:00,112.56666666666666,74.0593032836914,47.676387786865234,98.54177856445312
Chronos2,2025-08-08 00:00:00+00:00,LZ_WEST,2025-08-08 02:00:00+00:00,87.91833333333334,70.03044128417969,43.80861282348633,96.18827819824219
Chronos2,2025-08-08 00:00:00+00:00,LZ_WEST,2025-08-08 03:00:00+00:00,81.07000000000001,56.40772247314453,32.992610931396484,78.19881439208984
Chronos2,2025-08-08 00:00:00+00:00,LZ_WEST,2025-08-08 04:00:00+00:00,67.13166666666667,49.126033782958984,28.21414566040039,70.66828918457031
Chronos2,2025-08-08 00:00:00+00:00,LZ_WEST,2025-08-08 05:00:00+00:00,50.73333333333333,50.02827453613281,27.961322784423828,71.57630920410156
Chronos2,2025-08-08 00:00:00+00:00,LZ_WEST,2025-08-08 06:00:00+00:00,63.51916666666667,49.877891540527344,27.222484588623047,72.51256561279297
Chronos2,2025-08-08 00:00:00+00:00,LZ_WEST,2025-08-08 07:00:00+00:00,54.05583333333333,50.51600646972656,27.747474670410156,73.32316589355469
Chronos2,2025-08-08 00:00:00+00:00,LZ_WEST,2025-08-08 08:00:00+00:00,38.7325,46.884315490722656,24.813825607299805,70.35946655273438
Chronos2,2025-08-08 00:00:00+00:00,LZ_WEST,2025-08-08 09:00:00+00:00,36.0925,48.65380096435547,25.07394027709961,73.287109375
Chronos2,2025-08-08 00:00:00+00:00,LZ_WEST,2025-08-08 10:00:00+00:00,34.166666666666664,49.220645904541016,24.65477752685547,74.74308776855469
Chronos2,2025-08-08 00:00:00+00:00,LZ_WEST,2025-08-08 11:00:00+00:00,28.0875,45.492069244384766,23.100435256958008,68.46979522705078
Chronos2,2025-08-08 00:00:00+00:00,LZ_WEST,2025-08-08 12:00:00+00:00,20.88,34.51859664916992,16.0445499420166,55.94898986816406
Chronos2,2025-08-08 00:00:00+00:00,LZ_WEST,2025-08-08 13:00:00+00:00,15.36,20.33765411376953,8.495990753173828,38.3627815246582
Chronos2,2025-08-08 00:00:00+00:00,LZ_WEST,2025-08-08 14:00:00+00:00,15.371666666666668,16.533573150634766,5.779048919677734,32.39078140258789
Chronos2,2025-08-08 00:00:00+00:00,LZ_WEST,2025-08-08 15:00:00+00:00,12.861666666666666,16.200359344482422,5.995838165283203,31.35833740234375
Chronos2,2025-08-08 00:00:00+00:00,LZ_WEST,2025-08-08 16:00:00+00:00,11.669166666666667,16.97212028503418,7.032196044921875,34.456565856933594
Chronos2,2025-08-08 00:00:00+00:00,LZ_WEST,2025-08-08 17:00:00+00:00,11.830833333333333,17.39972496032715,6.746120452880859,36.27539825439453
Chronos2,2025-08-08 00:00:00+00:00,LZ_WEST,2025-08-08 18:00:00+00:00,10.138333333333334,17.395145416259766,6.489940643310547,35.82786178588867
Chronos2,2025-08-08 00:00:00+00:00,LZ_WEST,2025-08-08 19:00:00+00:00,7.283333333333334,17.718544006347656,7.436367034912109,35.87703323364258
Chronos2,2025-08-08 00:00:00+00:00,LZ_WEST,2025-08-08 20:00:00+00:00,6.6475,18.386337280273438,6.560905456542969,37.96727752685547
Chronos2,2025-08-08 00:00:00+00:00,LZ_WEST,2025-08-08 21:00:00+00:00,7.198333333333333,20.953750610351562,7.681209564208984,42.950069427490234
Chronos2,2025-08-08 00:00:00+00:00,LZ_WEST,2025-08-08 22:00:00+00:00,7.430833333333333,26.91461181640625,8.753902435302734,51.79730987548828
Chronos2,2025-08-08 00:00:00+00:00,LZ_WEST,2025-08-08 23:00:00+00:00,13.998333333333331,42.51137924194336,16.346067428588867,73.62739562988281
Chronos2,2025-08-09 00:00:00+00:00,HB_HUBAVG,2025-08-09 00:00:00+00:00,59.575,57.03761672973633,38.59687423706055,81.42124938964844
Chronos2,2025-08-09 00:00:00+00:00,HB_HUBAVG,2025-08-09 01:00:00+00:00,47.51583333333334,56.81580352783203,35.31066131591797,87.07865142822266
Chronos2,2025-08-09 00:00:00+00:00,HB_HUBAVG,2025-08-09 02:00:00+00:00,34.77166666666667,43.09347152709961,30.98078155517578,65.2017822265625
Chronos2,2025-08-09 00:00:00+00:00,HB_HUBAVG,2025-08-09 03:00:00+00:00,29.646666666666665,31.132333755493164,24.707473754882812,40.13531494140625
Chronos2,2025-08-09 00:00:00+00:00,HB_HUBAVG,2025-08-09 04:00:00+00:00,27.09583333333333,27.074617385864258,22.19190216064453,33.76372528076172
Chronos2,2025-08-09 00:00:00+00:00,HB_HUBAVG,2025-08-09 05:00:00+00:00,24.959166666666665,26.408306121826172,21.450794219970703,32.368350982666016
Chronos2,2025-08-09 00:00:00+00:00,HB_HUBAVG,2025-08-09 06:00:00+00:00,24.04083333333333,25.286258697509766,20.519638061523438,31.120418548583984
Chronos2,2025-08-09 00:00:00+00:00,HB_HUBAVG,2025-08-09 07:00:00+00:00,24.820833333333336,23.770475387573242,19.730884552001953,28.925222396850586
Chronos2,2025-08-09 00:00:00+00:00,HB_HUBAVG,2025-08-09 08:00:00+00:00,22.956666666666667,22.267297744750977,18.152576446533203,26.515331268310547
Chronos2,2025-08-09 00:00:00+00:00,HB_HUBAVG,2025-08-09 09:00:00+00:00,22.02916666666667,21.882661819458008,18.010334014892578,26.492774963378906
Chronos2,2025-08-09 00:00:00+00:00,HB_HUBAVG,2025-08-09 10:00:00+00:00,23.17333333333333,23.119277954101562,18.562789916992188,28.751811981201172
Chronos2,2025-08-09 00:00:00+00:00,HB_HUBAVG,2025-08-09 11:00:00+00:00,24.56833333333333,24.19598388671875,18.9993896484375,30.67105484008789
Chronos2,2025-08-09 00:00:00+00:00,HB_HUBAVG,2025-08-09 12:00:00+00:00,22.569166666666664,21.68456268310547,16.966707229614258,27.314321517944336
Chronos2,2025-08-09 00:00:00+00:00,HB_HUBAVG,2025-08-09 13:00:00+00:00,15.2925,17.500782012939453,13.906230926513672,22.284103393554688
Chronos2,2025-08-09 00:00:00+00:00,HB_HUBAVG,2025-08-09 14:00:00+00:00,13.824166666666663,16.49704360961914,13.048748016357422,21.223520278930664
Chronos2,2025-08-09 00:00:00+00:00,HB_HUBAVG,2025-08-09 15:00:00+00:00,10.265833333333331,16.656143188476562,13.187322616577148,20.990867614746094
Chronos2,2025-08-09 00:00:00+00:00,HB_HUBAVG,2025-08-09 16:00:00+00:00,14.1175,18.706321716308594,14.339435577392578,24.118717193603516
Chronos2,2025-08-09 00:00:00+00:00,HB_HUBAVG,2025-08-09 17:00:00+00:00,19.03333333333333,19.981746673583984,15.074883460998535,26.721120834350586
Chronos2,2025-08-09 00:00:00+00:00,HB_HUBAVG,2025-08-09 18:00:00+00:00,19.489166666666662,21.30731964111328,15.791447639465332,28.40696144104004
Chronos2,2025-08-09 00:00:00+00:00,HB_HUBAVG,2025-08-09 19:00:00+00:00,21.030833333333337,21.67687225341797,16.493146896362305,29.362022399902344
Chronos2,2025-08-09 00:00:00+00:00,HB_HUBAVG,2025-08-09 20:00:00+00:00,19.870833333333337,23.12499237060547,16.961353302001953,32.18696594238281
Chronos2,2025-08-09 00:00:00+00:00,HB_HUBAVG,2025-08-09 21:00:00+00:00,18.89333333333333,25.084136962890625,17.837261199951172,36.37449264526367
Chronos2,2025-08-09 00:00:00+00:00,HB_HUBAVG,2025-08-09 22:00:00+00:00,19.91333333333333,26.9649658203125,18.68028450012207,39.910667419433594
Chronos2,2025-08-09 00:00:00+00:00,HB_HUBAVG,2025-08-09 23:00:00+00:00,32.3875,30.22495460510254,20.46335792541504,51.08145523071289
Chronos2,2025-08-09 00:00:00+00:00,HB_PAN,2025-08-09 00:00:00+00:00,35.38666666666666,4.488851547241211,-1.0759105682373047,26.718812942504883
Chronos2,2025-08-09 00:00:00+00:00,HB_PAN,2025-08-09 01:00:00+00:00,23.01,6.138383865356445,-2.2868003845214844,33.48017120361328
Chronos2,2025-08-09 00:00:00+00:00,HB_PAN,2025-08-09 02:00:00+00:00,5.070833333333334,2.6909236907958984,-2.683055877685547,23.200178146362305
Chronos2,2025-08-09 00:00:00+00:00,HB_PAN,2025-08-09 03:00:00+00:00,8.559166666666666,1.3989906311035156,-2.6435623168945312,15.511348724365234
Chronos2,2025-08-09 00:00:00+00:00,HB_PAN,2025-08-09 04:00:00+00:00,10.151666666666666,1.4380474090576172,-2.671628952026367,15.309812545776367
Chronos2,2025-08-09 00:00:00+00:00,HB_PAN,2025-08-09 05:00:00+00:00,12.558333333333332,2.6962661743164062,-2.5819091796875,18.97072410583496
Chronos2,2025-08-09 00:00:00+00:00,HB_PAN,2025-08-09 06:00:00+00:00,17.918333333333333,2.512674331665039,-2.172792434692383,17.09589195251465
Chronos2,2025-08-09 00:00:00+00:00,HB_PAN,2025-08-09 07:00:00+00:00,16.8475,3.4415454864501953,-2.041929244995117,18.139863967895508
Chronos2,2025-08-09 00:00:00+00:00,HB_PAN,2025-08-09 08:00:00+00:00,15.061666666666667,5.354524612426758,-1.6098518371582031,21.641752243041992
Chronos2,2025-08-09 00:00:00+00:00,HB_PAN,2025-08-09 09:00:00+00:00,13.271666666666668,8.732110977172852,-1.4185066223144531,27.720407485961914
Chronos2,2025-08-09 00:00:00+00:00,HB_PAN,2025-08-09 10:00:00+00:00,17.600833333333334,10.999831199645996,-0.5294723510742188,31.671287536621094
Chronos2,2025-08-09 00:00:00+00:00,HB_PAN,2025-08-09 11:00:00+00:00,22.56583333333333,12.417840003967285,-0.6900596618652344,34.120811462402344
Chronos2,2025-08-09 00:00:00+00:00,HB_PAN,2025-08-09 12:00:00+00:00,21.04833333333333,10.899918556213379,-0.3957805633544922,31.133804321289062
Chronos2,2025-08-09 00:00:00+00:00,HB_PAN,2025-08-09 13:00:00+00:00,15.29,5.795049667358398,-1.3480892181396484,24.182043075561523
Chronos2,2025-08-09 00:00:00+00:00,HB_PAN,2025-08-09 14:00:00+00:00,12.010833333333332,4.113515853881836,-1.9704704284667969,21.062580108642578
Chronos2,2025-08-09 00:00:00+00:00,HB_PAN,2025-08-09 15:00:00+00:00,2.51,3.4300079345703125,-2.475301742553711,20.378856658935547
Chronos2,2025-08-09 00:00:00+00:00,HB_PAN,2025-08-09 16:00:00+00:00,7.595,4.049398422241211,-2.1414031982421875,22.906015396118164
Chronos2,2025-08-09 00:00:00+00:00,HB_PAN,2025-08-09 17:00:00+00:00,12.534166666666666,4.7459716796875,-2.4409427642822266,26.348587036132812
Chronos2,2025-08-09 00:00:00+00:00,HB_PAN,2025-08-09 18:00:00+00:00,13.733333333333334,3.5385055541992188,-2.4087295532226562,23.795312881469727
Chronos2,2025-08-09 00:00:00+00:00,HB_PAN,2025-08-09 19:00:00+00:00,11.395,3.1969547271728516,-1.992776870727539,24.31844139099121
Chronos2,2025-08-09 00:00:00+00:00,HB_PAN,2025-08-09 20:00:00+00:00,9.026666666666666,4.737800598144531,-2.4268035888671875,27.182504653930664
Chronos2,2025-08-09 00:00:00+00:00,HB_PAN,2025-08-09 21:00:00+00:00,8.995833333333334,6.721142768859863,-2.537487030029297,33.78125762939453
Chronos2,2025-08-09 00:00:00+00:00,HB_PAN,2025-08-09 22:00:00+00:00,10.985,8.139355659484863,-2.4993057250976562,40.15315246582031
Chronos2,2025-08-09 00:00:00+00:00,HB_PAN,2025-08-09 23:00:00+00:00,23.631666666666664,10.718107223510742,-1.9835147857666016,47.26947021484375
Chronos2,2025-08-09 00:00:00+00:00,LZ_WEST,2025-08-09 00:00:00+00:00,68.76833333333333,34.426612854003906,19.406864166259766,60.11609649658203
Chronos2,2025-08-09 00:00:00+00:00,LZ_WEST,2025-08-09 01:00:00+00:00,67.875,43.02069091796875,18.055166244506836,77.71853637695312
Chronos2,2025-08-09 00:00:00+00:00,LZ_WEST,2025-08-09 02:00:00+00:00,65.65083333333332,42.27006912231445,18.09119987487793,75.78529357910156
Chronos2,2025-08-09 00:00:00+00:00,LZ_WEST,2025-08-09 03:00:00+00:00,57.3775,37.743385314941406,17.80848503112793,69.03439331054688
Chronos2,2025-08-09 00:00:00+00:00,LZ_WEST,2025-08-09 04:00:00+00:00,62.375,35.449607849121094,16.81270980834961,64.35906219482422
Chronos2,2025-08-09 00:00:00+00:00,LZ_WEST,2025-08-09 05:00:00+00:00,61.969166666666666,34.64583969116211,16.00126075744629,63.95423126220703
Chronos2,2025-08-09 00:00:00+00:00,LZ_WEST,2025-08-09 06:00:00+00:00,50.12833333333333,33.48453140258789,14.035837173461914,64.68699645996094
Chronos2,2025-08-09 00:00:00+00:00,LZ_WEST,2025-08-09 07:00:00+00:00,65.9775,30.114208221435547,12.296955108642578,61.33964157104492
Chronos2,2025-08-09 00:00:00+00:00,LZ_WEST,2025-08-09 08:00:00+00:00,63.99666666666667,25.252986907958984,11.023151397705078,51.871315002441406
Chronos2,2025-08-09 00:00:00+00:00,LZ_WEST,2025-08-09 09:00:00+00:00,64.62833333333333,22.822710037231445,9.623405456542969,49.14997100830078
Chronos2,2025-08-09 00:00:00+00:00,LZ_WEST,2025-08-09 10:00:00+00:00,59.3225,21.91021728515625,8.979907989501953,48.20551681518555
Chronos2,2025-08-09 00:00:00+00:00,LZ_WEST,2025-08-09 11:00:00+00:00,53.96083333333333,19.650270462036133,7.41618537902832,44.197696685791016
Chronos2,2025-08-09 00:00:00+00:00,LZ_WEST,2025-08-09 12:00:00+00:00,42.46833333333333,15.33480453491211,6.097434997558594,35.19021987915039
Chronos2,2025-08-09 00:00:00+00:00,LZ_WEST,2025-08-09 13:00:00+00:00,15.295,11.393278121948242,4.827117919921875,24.81674575805664
Chronos2,2025-08-09 00:00:00+00:00,LZ_WEST,2025-08-09 14:00:00+00:00,11.215833333333334,9.82534408569336,4.085437774658203,20.60386848449707
Chronos2,2025-08-09 00:00:00+00:00,LZ_WEST,2025-08-09 15:00:00+00:00,2.230833333333333,9.164039611816406,3.5481605529785156,18.52448272705078
Chronos2,2025-08-09 00:00:00+00:00,LZ_WEST,2025-08-09 16:00:00+00:00,4.629166666666666,9.481903076171875,2.8190040588378906,19.66427230834961
Chronos2,2025-08-09 00:00:00+00:00,LZ_WEST,2025-08-09 17:00:00+00:00,11.908333333333331,9.35151481628418,2.4210357666015625,18.947513580322266
Chronos2,2025-08-09 00:00:00+00:00,LZ_WEST,2025-08-09 18:00:00+00:00,14.578333333333331,9.604812622070312,2.522205352783203,20.592161178588867
Chronos2,2025-08-09 00:00:00+00:00,LZ_WEST,2025-08-09 19:00:00+00:00,13.590833333333334,9.595952987670898,3.124256134033203,21.559356689453125
Chronos2,2025-08-09 00:00:00+00:00,LZ_WEST,2025-08-09 20:00:00+00:00,7.114166666666667,10.033781051635742,3.0254974365234375,21.64776611328125
Chronos2,2025-08-09 00:00:00+00:00,LZ_WEST,2025-08-09 21:00:00+00:00,6.814166666666666,10.881608963012695,3.2398109436035156,25.342174530029297
Chronos2,2025-08-09 00:00:00+00:00,LZ_WEST,2025-08-09 22:00:00+00:00,8.488333333333333,12.444501876831055,3.48162841796875,30.785137176513672
Chronos2,2025-08-09 00:00:00+00:00,LZ_WEST,2025-08-09 23:00:00+00:00,23.9875,19.237071990966797,5.621669769287109,46.571311950683594
Chronos2,2025-08-10 00:00:00+00:00,HB_HUBAVG,2025-08-10 00:00:00+00:00,36.1975,58.693477630615234,43.59830856323242,79.94176483154297
Chronos2,2025-08-10 00:00:00+00:00,HB_HUBAVG,2025-08-10 01:00:00+00:00,32.9875,55.55004119873047,39.68553924560547,76.19341278076172
Chronos2,2025-08-10 00:00:00+00:00,HB_HUBAVG,2025-08-10 02:00:00+00:00,30.766666666666666,41.942813873291016,32.18797302246094,57.556644439697266
Chronos2,2025-08-10 00:00:00+00:00,HB_HUBAVG,2025-08-10 03:00:00+00:00,26.081666666666667,31.50575828552246,26.06632423400879,39.556358337402344
Chronos2,2025-08-10 00:00:00+00:00,HB_HUBAVG,2025-08-10 04:00:00+00:00,24.47583333333333,27.22907066345215,22.943756103515625,32.824275970458984
Chronos2,2025-08-10 00:00:00+00:00,HB_HUBAVG,2025-08-10 05:00:00+00:00,22.66583333333333,25.685043334960938,21.691749572753906,30.230182647705078
Chronos2,2025-08-10 00:00:00+00:00,HB_HUBAVG,2025-08-10 06:00:00+00:00,22.374166666666667,25.11285400390625,21.250320434570312,29.607017517089844
Chronos2,2025-08-10 00:00:00+00:00,HB_HUBAVG,2025-08-10 07:00:00+00:00,23.9425,24.245344161987305,20.683725357055664,28.15233612060547
Chronos2,2025-08-10 00:00:00+00:00,HB_HUBAVG,2025-08-10 08:00:00+00:00,25.050833333333333,22.778533935546875,19.24089813232422,26.25214958190918
Chronos2,2025-08-10 00:00:00+00:00,HB_HUBAVG,2025-08-10 09:00:00+00:00,24.60833333333333,21.84673500061035,18.505474090576172,25.596660614013672
Chronos2,2025-08-10 00:00:00+00:00,HB_HUBAVG,2025-08-10 10:00:00+00:00,25.729166666666668,21.999521255493164,18.16695213317871,26.110267639160156
Chronos2,2025-08-10 00:00:00+00:00,HB_HUBAVG,2025-08-10 11:00:00+00:00,28.021666666666665,21.78441619873047,17.69952964782715,26.274946212768555
Chronos2,2025-08-10 00:00:00+00:00,HB_HUBAVG,2025-08-10 12:00:00+00:00,24.121666666666663,19.234695434570312,15.105881690979004,23.811262130737305
Chronos2,2025-08-10 00:00:00+00:00,HB_HUBAVG,2025-08-10 13:00:00+00:00,15.980833333333337,15.716165542602539,12.070337295532227,20.234272003173828
Chronos2,2025-08-10 00:00:00+00:00,HB_HUBAVG,2025-08-10 14:00:00+00:00,15.236666666666666,14.303757667541504,10.544303894042969,18.836002349853516
Chronos2,2025-08-10 00:00:00+00:00,HB_HUBAVG,2025-08-10 15:00:00+00:00,18.499166666666667,14.098450660705566,10.457254409790039,18.213132858276367
Chronos2,2025-08-10 00:00:00+00:00,HB_HUBAVG,2025-08-10 16:00:00+00:00,25.471666666666668,14.721312522888184,10.865592956542969,19.345699310302734
Chronos2,2025-08-10 00:00:00+00:00,HB_HUBAVG,2025-08-10 17:00:00+00:00,30.58,16.151771545410156,12.066849708557129,21.47522735595703
Chronos2,2025-08-10 00:00:00+00:00,HB_HUBAVG,2025-08-10 18:00:00+00:00,30.61583333333333,18.732498168945312,13.891291618347168,26.121461868286133
Chronos2,2025-08-10 00:00:00+00:00,HB_HUBAVG,2025-08-10 19:00:00+00:00,41.33833333333333,21.471412658691406,15.757747650146484,29.270267486572266
Chronos2,2025-08-10 00:00:00+00:00,HB_HUBAVG,2025-08-10 20:00:00+00:00,56.12583333333333,24.093767166137695,17.888774871826172,31.896024703979492
Chronos2,2025-08-10 00:00:00+00:00,HB_HUBAVG,2025-08-10 21:00:00+00:00,53.97083333333333,26.062355041503906,19.220012664794922,35.531578063964844
Chronos2,2025-08-10 00:00:00+00:00,HB_HUBAVG,2025-08-10 22:00:00+00:00,42.20333333333333,32.137733459472656,22.35905647277832,45.85320281982422
Chronos2,2025-08-10 00:00:00+00:00,HB_HUBAVG,2025-08-10 23:00:00+00:00,37.72666666666667,45.04062271118164,28.12816619873047,69.8033447265625
Chronos2,2025-08-10 00:00:00+00:00,HB_PAN,2025-08-10 00:00:00+00:00,26.87,47.91045379638672,32.26991271972656,66.25520324707031
Chronos2,2025-08-10 00:00:00+00:00,HB_PAN,2025-08-10 01:00:00+00:00,9.816666666666666,40.39994812011719,21.26836585998535,61.283775329589844
Chronos2,2025-08-10 00:00:00+00:00,HB_PAN,2025-08-10 02:00:00+00:00,2.8441666666666667,21.45779800415039,3.555769920349121,43.136497497558594
Chronos2,2025-08-10 00:00:00+00:00,HB_PAN,2025-08-10 03:00:00+00:00,10.265833333333331,11.57533073425293,-0.4901924133300781,27.340011596679688
Chronos2,2025-08-10 00:00:00+00:00,HB_PAN,2025-08-10 04:00:00+00:00,10.880833333333332,12.118555068969727,2.137584686279297,23.280437469482422
Chronos2,2025-08-10 00:00:00+00:00,HB_PAN,2025-08-10 05:00:00+00:00,10.975833333333334,14.562731742858887,5.767608642578125,23.800081253051758
Chronos2,2025-08-10 00:00:00+00:00,HB_PAN,2025-08-10 06:00:00+00:00,15.455,14.70763874053955,6.4314422607421875,22.30016326904297
Chronos2,2025-08-10 00:00:00+00:00,HB_PAN,2025-08-10 07:00:00+00:00,14.03,15.294174194335938,7.526304244995117,22.250377655029297
Chronos2,2025-08-10 00:00:00+00:00,HB_PAN,2025-08-10 08:00:00+00:00,15.11,16.42232894897461,8.474085807800293,23.454931259155273
Chronos2,2025-08-10 00:00:00+00:00,HB_PAN,2025-08-10 09:00:00+00:00,19.631666666666668,17.35228157043457,9.425857543945312,24.497804641723633
Chronos2,2025-08-10 00:00:00+00:00,HB_PAN,2025-08-10 10:00:00+00:00,20.26833333333333,18.726699829101562,10.707714080810547,26.104812622070312
Chronos2,2025-08-10 00:00:00+00:00,HB_PAN,2025-08-10 11:00:00+00:00,22.261666666666667,20.648956298828125,12.459457397460938,28.013072967529297
Chronos2,2025-08-10 00:00:00+00:00,HB_PAN,2025-08-10 12:00:00+00:00,19.44333333333333,19.12567138671875,11.057062149047852,26.719440460205078
Chronos2,2025-08-10 00:00:00+00:00,HB_PAN,2025-08-10 13:00:00+00:00,15.559166666666668,15.27121353149414,6.522125244140625,23.969392776489258
Chronos2,2025-08-10 00:00:00+00:00,HB_PAN,2025-08-10 14:00:00+00:00,15.239166666666668,12.366962432861328,2.8388919830322266,22.295913696289062
Chronos2,2025-08-10 00:00:00+00:00,HB_PAN,2025-08-10 15:00:00+00:00,18.55,9.988924026489258,-0.12149810791015625,20.906631469726562
Chronos2,2025-08-10 00:00:00+00:00,HB_PAN,2025-08-10 16:00:00+00:00,25.1175,10.948055267333984,1.344186782836914,22.522764205932617
Chronos2,2025-08-10 00:00:00+00:00,HB_PAN,2025-08-10 17:00:00+00:00,25.33833333333333,11.322288513183594,1.8233833312988281,23.31218147277832
Chronos2,2025-08-10 00:00:00+00:00,HB_PAN,2025-08-10 18:00:00+00:00,24.691666666666663,11.21454906463623,1.1437969207763672,23.932079315185547
Chronos2,2025-08-10 00:00:00+00:00,HB_PAN,2025-08-10 19:00:00+00:00,35.5725,11.709880828857422,0.6187839508056641,25.128463745117188
Chronos2,2025-08-10 00:00:00+00:00,HB_PAN,2025-08-10 20:00:00+00:00,47.09166666666667,13.471654891967773,2.1542587280273438,26.959667205810547
Chronos2,2025-08-10 00:00:00+00:00,HB_PAN,2025-08-10 21:00:00+00:00,42.3125,14.305755615234375,2.621004104614258,29.237483978271484
Chronos2,2025-08-10 00:00:00+00:00,HB_PAN,2025-08-10 22:00:00+00:00,28.63,17.050371170043945,3.833977699279785,32.75224304199219
Chronos2,2025-08-10 00:00:00+00:00,HB_PAN,2025-08-10 23:00:00+00:00,25.5525,27.278091430664062,10.732577323913574,47.976951599121094
Chronos2,2025-08-10 00:00:00+00:00,LZ_WEST,2025-08-10 00:00:00+00:00,48.415,69.27671813964844,48.513362884521484,85.8277359008789
Chronos2,2025-08-10 00:00:00+00:00,LZ_WEST,2025-08-10 01:00:00+00:00,60.52583333333333,73.6212158203125,51.630104064941406,91.04605102539062
Chronos2,2025-08-10 00:00:00+00:00,LZ_WEST,2025-08-10 02:00:00+00:00,67.54083333333334,71.1470947265625,48.498783111572266,88.8430404663086
Chronos2,2025-08-10 00:00:00+00:00,LZ_WEST,2025-08-10 03:00:00+00:00,63.36166666666667,64.566162109375,42.12407684326172,83.99038696289062
Chronos2,2025-08-10 00:00:00+00:00,LZ_WEST,2025-08-10 04:00:00+00:00,55.9,59.904361724853516,36.924339294433594,79.63018798828125
Chronos2,2025-08-10 00:00:00+00:00,LZ_WEST,2025-08-10 05:00:00+00:00,50.045,56.577056884765625,32.55906677246094,78.6649169921875
Chronos2,2025-08-10 00:00:00+00:00,LZ_WEST,2025-08-10 06:00:00+00:00,40.4875,54.03093719482422,28.83492660522461,77.97824096679688
Chronos2,2025-08-10 00:00:00+00:00,LZ_WEST,2025-08-10 07:00:00+00:00,57.77166666666667,51.93274688720703,25.316875457763672,76.62290954589844
Chronos2,2025-08-10 00:00:00+00:00,LZ_WEST,2025-08-10 08:00:00+00:00,70.28666666666668,43.606956481933594,18.713897705078125,70.28898620605469
Chronos2,2025-08-10 00:00:00+00:00,LZ_WEST,2025-08-10 09:00:00+00:00,59.35583333333333,39.61430358886719,16.337207794189453,65.40567779541016
Chronos2,2025-08-10 00:00:00+00:00,LZ_WEST,2025-08-10 10:00:00+00:00,62.49,37.02779769897461,14.088638305664062,62.858646392822266
Chronos2,2025-08-10 00:00:00+00:00,LZ_WEST,2025-08-10 11:00:00+00:00,65.53,33.07623291015625,12.06922721862793,57.78456115722656
Chronos2,2025-08-10 00:00:00+00:00,LZ_WEST,2025-08-10 12:00:00+00:00,50.70166666666666,23.14044952392578,8.90884017944336,44.694786071777344
Chronos2,2025-08-10 00:00:00+00:00,LZ_WEST,2025-08-10 13:00:00+00:00,16.739166666666666,14.047712326049805,5.466407775878906,28.72352409362793
Chronos2,2025-08-10 00:00:00+00:00,LZ_WEST,2025-08-10 14:00:00+00:00,15.245833333333332,10.994560241699219,4.082040786743164,22.230260848999023
Chronos2,2025-08-10 00:00:00+00:00,LZ_WEST,2025-08-10 15:00:00+00:00,18.47583333333333,9.817481994628906,3.2316856384277344,19.403942108154297
Chronos2,2025-08-10 00:00:00+00:00,LZ_WEST,2025-08-10 16:00:00+00:00,24.981666666666666,10.374305725097656,2.8629932403564453,21.32961654663086
Chronos2,2025-08-10 00:00:00+00:00,LZ_WEST,2025-08-10 17:00:00+00:00,27.425833333333333,10.891044616699219,2.8174495697021484,23.60601043701172
Chronos2,2025-08-10 00:00:00+00:00,LZ_WEST,2025-08-10 18:00:00+00:00,27.031666666666663,10.970338821411133,2.719686508178711,26.127490997314453
Chronos2,2025-08-10 00:00:00+00:00,LZ_WEST,2025-08-10 19:00:00+00:00,39.071666666666665,11.080760955810547,3.23687744140625,24.457420349121094
Chronos2,2025-08-10 00:00:00+00:00,LZ_WEST,2025-08-10 20:00:00+00:00,54.105,10.809835433959961,2.8680343627929688,22.144420623779297
Chronos2,2025-08-10 00:00:00+00:00,LZ_WEST,2025-08-10 21:00:00+00:00,50.13166666666667,11.357419967651367,3.2202224731445312,22.23556137084961
Chronos2,2025-08-10 00:00:00+00:00,LZ_WEST,2025-08-10 22:00:00+00:00,36.340833333333336,12.533445358276367,3.2518749237060547,26.342639923095703
Chronos2,2025-08-10 00:00:00+00:00,LZ_WEST,2025-08-10 23:00:00+00:00,35.44083333333334,27.28766632080078,8.842382431030273,48.41653060913086
Chronos2,2025-08-11 00:00:00+00:00,HB_HUBAVG,2025-08-11 00:00:00+00:00,41.5075,54.865028381347656,38.00709533691406,77.92330932617188
Chronos2,2025-08-11 00:00:00+00:00,HB_HUBAVG,2025-08-11 01:00:00+00:00,39.04416666666667,54.866668701171875,33.64961242675781,83.54029846191406
Chronos2,2025-08-11 00:00:00+00:00,HB_HUBAVG,2025-08-11 02:00:00+00:00,36.45583333333334,43.86940002441406,29.420461654663086,70.09564208984375
Chronos2,2025-08-11 00:00:00+00:00,HB_HUBAVG,2025-08-11 03:00:00+00:00,29.35166666666667,31.116104125976562,24.080842971801758,44.257347106933594
Chronos2,2025-08-11 00:00:00+00:00,HB_HUBAVG,2025-08-11 04:00:00+00:00,29.271666666666665,27.700075149536133,22.081138610839844,36.237457275390625
Chronos2,2025-08-11 00:00:00+00:00,HB_HUBAVG,2025-08-11 05:00:00+00:00,31.764166666666668,26.349828720092773,21.198623657226562,33.69315719604492
Chronos2,2025-08-11 00:00:00+00:00,HB_HUBAVG,2025-08-11 06:00:00+00:00,36.50333333333334,25.64497184753418,20.909893035888672,32.31237030029297
Chronos2,2025-08-11 00:00:00+00:00,HB_HUBAVG,2025-08-11 07:00:00+00:00,32.719166666666666,25.591115951538086,20.862712860107422,32.092559814453125
Chronos2,2025-08-11 00:00:00+00:00,HB_HUBAVG,2025-08-11 08:00:00+00:00,27.07333333333333,25.636362075805664,20.807220458984375,31.76533317565918
Chronos2,2025-08-11 00:00:00+00:00,HB_HUBAVG,2025-08-11 09:00:00+00:00,28.7475,26.040122985839844,21.195344924926758,32.25217819213867
Chronos2,2025-08-11 00:00:00+00:00,HB_HUBAVG,2025-08-11 10:00:00+00:00,29.430833333333336,27.23417854309082,21.84489631652832,34.37012481689453
Chronos2,2025-08-11 00:00:00+00:00,HB_HUBAVG,2025-08-11 11:00:00+00:00,30.945000000000004,28.05498504638672,22.245092391967773,36.4564208984375
Chronos2,2025-08-11 00:00:00+00:00,HB_HUBAVG,2025-08-11 12:00:00+00:00,27.055833333333336,25.925228118896484,20.477764129638672,33.73643493652344
Chronos2,2025-08-11 00:00:00+00:00,HB_HUBAVG,2025-08-11 13:00:00+00:00,21.554166666666664,22.864582061767578,17.929733276367188,29.63446807861328
Chronos2,2025-08-11 00:00:00+00:00,HB_HUBAVG,2025-08-11 14:00:00+00:00,23.05666666666667,21.869007110595703,16.997182846069336,29.002660751342773
Chronos2,2025-08-11 00:00:00+00:00,HB_HUBAVG,2025-08-11 15:00:00+00:00,25.1375,21.933422088623047,16.93659019470215,29.46416664123535
Chronos2,2025-08-11 00:00:00+00:00,HB_HUBAVG,2025-08-11 16:00:00+00:00,31.314166666666665,24.13080406188965,18.978134155273438,33.77460861206055
Chronos2,2025-08-11 00:00:00+00:00,HB_HUBAVG,2025-08-11 17:00:00+00:00,38.03916666666667,24.351545333862305,18.815460205078125,36.492271423339844
Chronos2,2025-08-11 00:00:00+00:00,HB_HUBAVG,2025-08-11 18:00:00+00:00,29.705,24.093732833862305,18.432844161987305,37.79764175415039
Chronos2,2025-08-11 00:00:00+00:00,HB_HUBAVG,2025-08-11 19:00:00+00:00,32.49583333333333,24.61163330078125,18.21019744873047,40.637062072753906
Chronos2,2025-08-11 00:00:00+00:00,HB_HUBAVG,2025-08-11 20:00:00+00:00,35.37083333333333,26.11368179321289,18.575054168701172,48.58824157714844
Chronos2,2025-08-11 00:00:00+00:00,HB_HUBAVG,2025-08-11 21:00:00+00:00,43.115833333333335,26.276321411132812,19.01569938659668,44.810523986816406
Chronos2,2025-08-11 00:00:00+00:00,HB_HUBAVG,2025-08-11 22:00:00+00:00,29.90833333333333,27.3696346282959,20.148801803588867,44.704833984375
Chronos2,2025-08-11 00:00:00+00:00,HB_HUBAVG,2025-08-11 23:00:00+00:00,51.16916666666666,33.09503173828125,24.224605560302734,52.67142868041992
Chronos2,2025-08-11 00:00:00+00:00,HB_PAN,2025-08-11 00:00:00+00:00,29.867500000000003,38.39649963378906,25.021181106567383,59.322113037109375
Chronos2,2025-08-11 00:00:00+00:00,HB_PAN,2025-08-11 01:00:00+00:00,22.58,32.00926971435547,16.382953643798828,61.46068572998047
Chronos2,2025-08-11 00:00:00+00:00,HB_PAN,2025-08-11 02:00:00+00:00,13.504166666666668,22.40053939819336,9.695859909057617,47.925453186035156
Chronos2,2025-08-11 00:00:00+00:00,HB_PAN,2025-08-11 03:00:00+00:00,11.088333333333331,19.556169509887695,8.911832809448242,37.92191696166992
Chronos2,2025-08-11 00:00:00+00:00,HB_PAN,2025-08-11 04:00:00+00:00,19.129166666666663,19.74003028869629,9.595035552978516,35.50806427001953
Chronos2,2025-08-11 00:00:00+00:00,HB_PAN,2025-08-11 05:00:00+00:00,23.864166666666662,19.874792098999023,10.420510292053223,34.31270980834961
Chronos2,2025-08-11 00:00:00+00:00,HB_PAN,2025-08-11 06:00:00+00:00,34.38916666666667,19.963695526123047,11.083831787109375,33.238800048828125
Chronos2,2025-08-11 00:00:00+00:00,HB_PAN,2025-08-11 07:00:00+00:00,34.858333333333334,20.51667022705078,11.863907814025879,33.43045425415039
Chronos2,2025-08-11 00:00:00+00:00,HB_PAN,2025-08-11 08:00:00+00:00,28.57333333333333,21.2507266998291,12.503575325012207,33.64813232421875
Chronos2,2025-08-11 00:00:00+00:00,HB_PAN,2025-08-11 09:00:00+00:00,30.293333333333333,21.8313045501709,12.772461891174316,35.13596725463867
Chronos2,2025-08-11 00:00:00+00:00,HB_PAN,2025-08-11 10:00:00+00:00,31.9125,22.955726623535156,13.649892807006836,36.431114196777344
Chronos2,2025-08-11 00:00:00+00:00,HB_PAN,2025-08-11 11:00:00+00:00,33.31,24.136585235595703,14.364548683166504,38.4408073425293
Chronos2,2025-08-11 00:00:00+00:00,HB_PAN,2025-08-11 12:00:00+00:00,27.975,23.37746238708496,12.871339797973633,38.327186584472656
Chronos2,2025-08-11 00:00:00+00:00,HB_PAN,2025-08-11 13:00:00+00:00,21.58666666666667,21.08592414855957,10.593460083007812,36.31193542480469
Chronos2,2025-08-11 00:00:00+00:00,HB_PAN,2025-08-11 14:00:00+00:00,23.059166666666663,19.480731964111328,8.825937271118164,35.886409759521484
Chronos2,2025-08-11 00:00:00+00:00,HB_PAN,2025-08-11 15:00:00+00:00,24.924166666666665,18.68972396850586,7.355875015258789,35.710121154785156
Chronos2,2025-08-11 00:00:00+00:00,HB_PAN,2025-08-11 16:00:00+00:00,28.844166666666663,19.514469146728516,6.178485870361328,39.51166534423828
Chronos2,2025-08-11 00:00:00+00:00,HB_PAN,2025-08-11 17:00:00+00:00,36.0925,19.87066650390625,6.234577178955078,41.264747619628906
Chronos2,2025-08-11 00:00:00+00:00,HB_PAN,2025-08-11 18:00:00+00:00,27.25583333333333,19.28937530517578,5.165300369262695,42.386634826660156
Chronos2,2025-08-11 00:00:00+00:00,HB_PAN,2025-08-11 19:00:00+00:00,27.07333333333333,19.00581169128418,4.4461822509765625,42.93547821044922
Chronos2,2025-08-11 00:00:00+00:00,HB_PAN,2025-08-11 20:00:00+00:00,26.805,20.792572021484375,5.12767219543457,47.387733459472656
Chronos2,2025-08-11 00:00:00+00:00,HB_PAN,2025-08-11 21:00:00+00:00,32.34083333333333,21.485864639282227,5.986313819885254,47.676177978515625
Chronos2,2025-08-11 00:00:00+00:00,HB_PAN,2025-08-11 22:00:00+00:00,22.61916666666667,22.62134552001953,7.290865898132324,47.14440155029297
Chronos2,2025-08-11 00:00:00+00:00,HB_PAN,2025-08-11 23:00:00+00:00,43.41583333333333,27.170799255371094,11.036336898803711,53.544960021972656
Chronos2,2025-08-11 00:00:00+00:00,LZ_WEST,2025-08-11 00:00:00+00:00,63.37916666666666,62.149192810058594,41.364959716796875,79.5784912109375
Chronos2,2025-08-11 00:00:00+00:00,LZ_WEST,2025-08-11 01:00:00+00:00,67.11333333333333,68.49174499511719,42.741512298583984,87.30532836914062
Chronos2,2025-08-11 00:00:00+00:00,LZ_WEST,2025-08-11 02:00:00+00:00,78.51416666666667,66.43672180175781,38.52564239501953,87.3416748046875
Chronos2,2025-08-11 00:00:00+00:00,LZ_WEST,2025-08-11 03:00:00+00:00,63.33833333333333,59.9686393737793,32.29829025268555,84.44316864013672
Chronos2,2025-08-11 00:00:00+00:00,LZ_WEST,2025-08-11 04:00:00+00:00,60.825,55.77471160888672,28.407642364501953,81.54931640625
Chronos2,2025-08-11 00:00:00+00:00,LZ_WEST,2025-08-11 05:00:00+00:00,66.45833333333333,51.41775131225586,23.590816497802734,79.65569305419922
Chronos2,2025-08-11 00:00:00+00:00,LZ_WEST,2025-08-11 06:00:00+00:00,67.56083333333333,46.459754943847656,19.57135772705078,78.7891845703125
Chronos2,2025-08-11 00:00:00+00:00,LZ_WEST,2025-08-11 07:00:00+00:00,65.5525,47.253726959228516,17.24884605407715,77.5010757446289
Chronos2,2025-08-11 00:00:00+00:00,LZ_WEST,2025-08-11 08:00:00+00:00,50.00333333333333,44.104461669921875,16.63431739807129,77.37059783935547
Chronos2,2025-08-11 00:00:00+00:00,LZ_WEST,2025-08-11 09:00:00+00:00,52.310833333333335,42.70293045043945,16.75542640686035,76.592529296875
Chronos2,2025-08-11 00:00:00+00:00,LZ_WEST,2025-08-11 10:00:00+00:00,66.685,41.32323455810547,15.99955940246582,74.36000061035156
Chronos2,2025-08-11 00:00:00+00:00,LZ_WEST,2025-08-11 11:00:00+00:00,66.39416666666666,39.259883880615234,15.002492904663086,71.30225372314453
Chronos2,2025-08-11 00:00:00+00:00,LZ_WEST,2025-08-11 12:00:00+00:00,40.82333333333333,31.79708480834961,12.451118469238281,59.8195686340332
Chronos2,2025-08-11 00:00:00+00:00,LZ_WEST,2025-08-11 13:00:00+00:00,22.051666666666662,21.237777709960938,8.979280471801758,45.594566345214844
Chronos2,2025-08-11 00:00:00+00:00,LZ_WEST,2025-08-11 14:00:00+00:00,23.079166666666666,18.58176040649414,7.830024719238281,40.566307067871094
Chronos2,2025-08-11 00:00:00+00:00,LZ_WEST,2025-08-11 15:00:00+00:00,24.989166666666662,18.52131462097168,7.962432861328125,39.352561950683594
Chronos2,2025-08-11 00:00:00+00:00,LZ_WEST,2025-08-11 16:00:00+00:00,29.521666666666665,20.331275939941406,7.638683319091797,46.15566635131836
Chronos2,2025-08-11 00:00:00+00:00,LZ_WEST,2025-08-11 17:00:00+00:00,38.330000000000005,19.93474006652832,7.311407089233398,49.37575149536133
Chronos2,2025-08-11 00:00:00+00:00,LZ_WEST,2025-08-11 18:00:00+00:00,29.731666666666666,19.90518569946289,6.19111442565918,50.310096740722656
Chronos2,2025-08-11 00:00:00+00:00,LZ_WEST,2025-08-11 19:00:00+00:00,29.71,19.944433212280273,6.718927383422852,52.665306091308594
Chronos2,2025-08-11 00:00:00+00:00,LZ_WEST,2025-08-11 20:00:00+00:00,30.15083333333333,20.72760009765625,6.611202239990234,54.93964385986328
Chronos2,2025-08-11 00:00:00+00:00,LZ_WEST,2025-08-11 21:00:00+00:00,38.0275,20.51083755493164,6.690742492675781,52.8406982421875
Chronos2,2025-08-11 00:00:00+00:00,LZ_WEST,2025-08-11 22:00:00+00:00,24.23583333333333,22.521570205688477,6.943626403808594,52.680152893066406
Chronos2,2025-08-11 00:00:00+00:00,LZ_WEST,2025-08-11 23:00:00+00:00,45.775,30.154903411865234,11.379884719848633,63.58952331542969
Chronos2,2025-08-12 00:00:00+00:00,HB_HUBAVG,2025-08-12 00:00:00+00:00,90.14916666666666,63.06810760498047,48.78913879394531,90.93230438232422
Chronos2,2025-08-12 00:00:00+00:00,HB_HUBAVG,2025-08-12 01:00:00+00:00,66.07666666666667,53.38159942626953,39.09851837158203,79.83570861816406
Chronos2,2025-08-12 00:00:00+00:00,HB_HUBAVG,2025-08-12 02:00:00+00:00,98.80833333333334,40.58297348022461,32.08668518066406,59.30291748046875
Chronos2,2025-08-12 00:00:00+00:00,HB_HUBAVG,2025-08-12 03:00:00+00:00,57.0275,31.8505916595459,26.670310974121094,43.470760345458984
Chronos2,2025-08-12 00:00:00+00:00,HB_HUBAVG,2025-08-12 04:00:00+00:00,38.86666666666667,29.225526809692383,24.64735221862793,38.13199996948242
Chronos2,2025-08-12 00:00:00+00:00,HB_HUBAVG,2025-08-12 05:00:00+00:00,32.62083333333333,28.395366668701172,23.928241729736328,37.0752067565918
Chronos2,2025-08-12 00:00:00+00:00,HB_HUBAVG,2025-08-12 06:00:00+00:00,29.771666666666665,27.686403274536133,23.2473087310791,36.29234313964844
Chronos2,2025-08-12 00:00:00+00:00,HB_HUBAVG,2025-08-12 07:00:00+00:00,27.46666666666667,26.09688377380371,21.996559143066406,33.62434005737305
Chronos2,2025-08-12 00:00:00+00:00,HB_HUBAVG,2025-08-12 08:00:00+00:00,24.625,24.190980911254883,20.253644943237305,30.7689266204834
Chronos2,2025-08-12 00:00:00+00:00,HB_HUBAVG,2025-08-12 09:00:00+00:00,25.409166666666668,23.95965576171875,20.059465408325195,30.40007209777832
Chronos2,2025-08-12 00:00:00+00:00,HB_HUBAVG,2025-08-12 10:00:00+00:00,33.42333333333333,25.060094833374023,20.818727493286133,31.952760696411133
Chronos2,2025-08-12 00:00:00+00:00,HB_HUBAVG,2025-08-12 11:00:00+00:00,38.62083333333333,25.380590438842773,20.954769134521484,32.49363327026367
Chronos2,2025-08-12 00:00:00+00:00,HB_HUBAVG,2025-08-12 12:00:00+00:00,34.37166666666666,22.57242202758789,18.438255310058594,28.80150032043457
Chronos2,2025-08-12 00:00:00+00:00,HB_HUBAVG,2025-08-12 13:00:00+00:00,22.980833333333333,18.866878509521484,15.039669036865234,25.298847198486328
Chronos2,2025-08-12 00:00:00+00:00,HB_HUBAVG,2025-08-12 14:00:00+00:00,21.839166666666667,17.968975067138672,14.180654525756836,24.45279884338379
Chronos2,2025-08-12 00:00:00+00:00,HB_HUBAVG,2025-08-12 15:00:00+00:00,23.04583333333333,18.3303165435791,14.535090446472168,24.761451721191406
Chronos2,2025-08-12 00:00:00+00:00,HB_HUBAVG,2025-08-12 16:00:00+00:00,23.99833333333333,22.055095672607422,17.47542953491211,31.301727294921875
Chronos2,2025-08-12 00:00:00+00:00,HB_HUBAVG,2025-08-12 17:00:00+00:00,37.04916666666667,25.426862716674805,20.096519470214844,37.225257873535156
Chronos2,2025-08-12 00:00:00+00:00,HB_HUBAVG,2025-08-12 18:00:00+00:00,41.14666666666667,27.260459899902344,21.43959617614746,40.688438415527344
Chronos2,2025-08-12 00:00:00+00:00,HB_HUBAVG,2025-08-12 19:00:00+00:00,47.51,27.92294692993164,21.996810913085938,42.18362808227539
Chronos2,2025-08-12 00:00:00+00:00,HB_HUBAVG,2025-08-12 20:00:00+00:00,43.585,28.159029006958008,22.329151153564453,42.237770080566406
Chronos2,2025-08-12 00:00:00+00:00,HB_HUBAVG,2025-08-12 21:00:00+00:00,51.775,26.942415237426758,21.218517303466797,40.65229415893555
Chronos2,2025-08-12 00:00:00+00:00,HB_HUBAVG,2025-08-12 22:00:00+00:00,59.89083333333334,25.50640296936035,20.028047561645508,37.38158416748047
Chronos2,2025-08-12 00:00:00+00:00,HB_HUBAVG,2025-08-12 23:00:00+00:00,101.49,30.76818084716797,24.285480499267578,45.464717864990234
Chronos2,2025-08-12 00:00:00+00:00,HB_PAN,2025-08-12 00:00:00+00:00,92.41166666666668,54.23493194580078,38.10704040527344,70.04612731933594
Chronos2,2025-08-12 00:00:00+00:00,HB_PAN,2025-08-12 01:00:00+00:00,44.7875,38.815223693847656,21.942821502685547,59.08784866333008
Chronos2,2025-08-12 00:00:00+00:00,HB_PAN,2025-08-12 02:00:00+00:00,93.015,22.904199600219727,7.96219539642334,43.442298889160156
Chronos2,2025-08-12 00:00:00+00:00,HB_PAN,2025-08-12 03:00:00+00:00,47.465,21.93643569946289,8.50216007232666,39.51384735107422
Chronos2,2025-08-12 00:00:00+00:00,HB_PAN,2025-08-12 04:00:00+00:00,24.784166666666668,23.179317474365234,11.323692321777344,38.794525146484375
Chronos2,2025-08-12 00:00:00+00:00,HB_PAN,2025-08-12 05:00:00+00:00,16.668333333333333,24.469558715820312,12.694568634033203,39.65535354614258
Chronos2,2025-08-12 00:00:00+00:00,HB_PAN,2025-08-12 06:00:00+00:00,8.405833333333334,25.586387634277344,13.805187225341797,40.85700607299805
Chronos2,2025-08-12 00:00:00+00:00,HB_PAN,2025-08-12 07:00:00+00:00,9.956666666666669,25.071640014648438,13.448179244995117,39.21723937988281
Chronos2,2025-08-12 00:00:00+00:00,HB_PAN,2025-08-12 08:00:00+00:00,23.179166666666664,24.872936248779297,13.989931106567383,37.73845672607422
Chronos2,2025-08-12 00:00:00+00:00,HB_PAN,2025-08-12 09:00:00+00:00,23.695833333333336,26.172988891601562,15.78248405456543,38.93122100830078
Chronos2,2025-08-12 00:00:00+00:00,HB_PAN,2025-08-12 10:00:00+00:00,34.48166666666667,27.375255584716797,16.670848846435547,40.57561111450195
Chronos2,2025-08-12 00:00:00+00:00,HB_PAN,2025-08-12 11:00:00+00:00,39.52,28.671573638916016,17.653060913085938,42.469078063964844
Chronos2,2025-08-12 00:00:00+00:00,HB_PAN,2025-08-12 12:00:00+00:00,36.6025,27.15407943725586,15.909419059753418,40.969085693359375
Chronos2,2025-08-12 00:00:00+00:00,HB_PAN,2025-08-12 13:00:00+00:00,23.5025,22.658302307128906,10.469783782958984,37.257904052734375
Chronos2,2025-08-12 00:00:00+00:00,HB_PAN,2025-08-12 14:00:00+00:00,21.867500000000003,19.980146408081055,6.985078811645508,36.01280975341797
Chronos2,2025-08-12 00:00:00+00:00,HB_PAN,2025-08-12 15:00:00+00:00,23.0675,17.96079444885254,4.1489973068237305,35.363990783691406
Chronos2,2025-08-12 00:00:00+00:00,HB_PAN,2025-08-12 16:00:00+00:00,22.536666666666665,20.472795486450195,5.527198791503906,40.70262908935547
Chronos2,2025-08-12 00:00:00+00:00,HB_PAN,2025-08-12 17:00:00+00:00,28.055000000000003,22.82184410095215,6.648163795471191,44.261016845703125
Chronos2,2025-08-12 00:00:00+00:00,HB_PAN,2025-08-12 18:00:00+00:00,33.63583333333333,21.757251739501953,5.012421607971191,44.359764099121094
Chronos2,2025-08-12 00:00:00+00:00,HB_PAN,2025-08-12 19:00:00+00:00,39.67,20.107097625732422,3.651005744934082,43.05397033691406
Chronos2,2025-08-12 00:00:00+00:00,HB_PAN,2025-08-12 20:00:00+00:00,34.571666666666665,21.641826629638672,4.55026912689209,44.689048767089844
Chronos2,2025-08-12 00:00:00+00:00,HB_PAN,2025-08-12 21:00:00+00:00,46.56333333333333,23.273677825927734,5.820103645324707,47.5521240234375
Chronos2,2025-08-12 00:00:00+00:00,HB_PAN,2025-08-12 22:00:00+00:00,60.66666666666666,23.56007957458496,6.176584243774414,48.20829772949219
Chronos2,2025-08-12 00:00:00+00:00,HB_PAN,2025-08-12 23:00:00+00:00,110.14166666666668,30.30655288696289,11.619691848754883,57.68038558959961
Chronos2,2025-08-12 00:00:00+00:00,LZ_WEST,2025-08-12 00:00:00+00:00,98.07666666666668,63.932701110839844,50.44354248046875,78.084228515625
Chronos2,2025-08-12 00:00:00+00:00,LZ_WEST,2025-08-12 01:00:00+00:00,77.46166666666666,67.3696060180664,51.52104949951172,84.44541931152344
Chronos2,2025-08-12 00:00:00+00:00,LZ_WEST,2025-08-12 02:00:00+00:00,109.68083333333334,69.4459228515625,54.17366027832031,86.24382019042969
Chronos2,2025-08-12 00:00:00+00:00,LZ_WEST,2025-08-12 03:00:00+00:00,63.24,57.30958938598633,42.58745193481445,75.03101348876953
Chronos2,2025-08-12 00:00:00+00:00,LZ_WEST,2025-08-12 04:00:00+00:00,63.73916666666667,52.58649826049805,37.674983978271484,70.50017547607422
Chronos2,2025-08-12 00:00:00+00:00,LZ_WEST,2025-08-12 05:00:00+00:00,74.6675,55.1263313293457,38.788246154785156,74.74174499511719
Chronos2,2025-08-12 00:00:00+00:00,LZ_WEST,2025-08-12 06:00:00+00:00,65.70833333333333,50.53477478027344,33.889373779296875,71.12818908691406
Chronos2,2025-08-12 00:00:00+00:00,LZ_WEST,2025-08-12 07:00:00+00:00,52.54166666666666,41.40471267700195,26.178625106811523,62.569976806640625
Chronos2,2025-08-12 00:00:00+00:00,LZ_WEST,2025-08-12 08:00:00+00:00,35.68416666666666,32.9407844543457,19.308658599853516,54.28950119018555
Chronos2,2025-08-12 00:00:00+00:00,LZ_WEST,2025-08-12 09:00:00+00:00,49.0725,31.47353172302246,17.644617080688477,55.43115234375
Chronos2,2025-08-12 00:00:00+00:00,LZ_WEST,2025-08-12 10:00:00+00:00,57.22833333333333,38.48340606689453,21.891782760620117,61.41106414794922
Chronos2,2025-08-12 00:00:00+00:00,LZ_WEST,2025-08-12 11:00:00+00:00,52.10583333333333,37.73593521118164,22.683591842651367,57.978187561035156
Chronos2,2025-08-12 00:00:00+00:00,LZ_WEST,2025-08-12 12:00:00+00:00,67.44333333333334,26.595888137817383,14.530132293701172,43.355323791503906
Chronos2,2025-08-12 00:00:00+00:00,LZ_WEST,2025-08-12 13:00:00+00:00,32.97833333333333,18.894058227539062,9.234439849853516,33.006385803222656
Chronos2,2025-08-12 00:00:00+00:00,LZ_WEST,2025-08-12 14:00:00+00:00,22.15083333333333,18.10239028930664,8.932365417480469,31.97588539123535
Chronos2,2025-08-12 00:00:00+00:00,LZ_WEST,2025-08-12 15:00:00+00:00,23.231666666666666,16.880949020385742,8.147844314575195,29.66714859008789
Chronos2,2025-08-12 00:00:00+00:00,LZ_WEST,2025-08-12 16:00:00+00:00,23.117500000000003,20.795804977416992,11.029178619384766,35.7027587890625
Chronos2,2025-08-12 00:00:00+00:00,LZ_WEST,2025-08-12 17:00:00+00:00,31.4325,23.412330627441406,12.850013732910156,40.22573471069336
Chronos2,2025-08-12 00:00:00+00:00,LZ_WEST,2025-08-12 18:00:00+00:00,37.27,23.45816421508789,12.401121139526367,41.26218032836914
Chronos2,2025-08-12 00:00:00+00:00,LZ_WEST,2025-08-12 19:00:00+00:00,44.825,24.492218017578125,12.833808898925781,43.060508728027344
Chronos2,2025-08-12 00:00:00+00:00,LZ_WEST,2025-08-12 20:00:00+00:00,40.303333333333335,26.28322982788086,13.729461669921875,46.01717758178711
Chronos2,2025-08-12 00:00:00+00:00,LZ_WEST,2025-08-12 21:00:00+00:00,54.77166666666667,25.462299346923828,13.076045989990234,44.613136291503906
Chronos2,2025-08-12 00:00:00+00:00,LZ_WEST,2025-08-12 22:00:00+00:00,66.13250000000001,21.90308952331543,10.129802703857422,39.264102935791016
Chronos2,2025-08-12 00:00:00+00:00,LZ_WEST,2025-08-12 23:00:00+00:00,113.32,29.825002670288086,16.12415313720703,49.065330505371094
Chronos2,2025-08-13 00:00:00+00:00,HB_HUBAVG,2025-08-13 00:00:00+00:00,84.1025,115.98297119140625,83.66015625,178.46360778808594
Chronos2,2025-08-13 00:00:00+00:00,HB_HUBAVG,2025-08-13 01:00:00+00:00,67.18083333333334,98.11782836914062,63.79432678222656,157.78981018066406
Chronos2,2025-08-13 00:00:00+00:00,HB_HUBAVG,2025-08-13 02:00:00+00:00,48.41333333333333,75.77774810791016,46.921897888183594,125.49922180175781
Chronos2,2025-08-13 00:00:00+00:00,HB_HUBAVG,2025-08-13 03:00:00+00:00,36.7775,50.65369415283203,35.67642593383789,83.02738952636719
Chronos2,2025-08-13 00:00:00+00:00,HB_HUBAVG,2025-08-13 04:00:00+00:00,34.416666666666664,39.939414978027344,30.81806182861328,59.30918884277344
Chronos2,2025-08-13 00:00:00+00:00,HB_HUBAVG,2025-08-13 05:00:00+00:00,32.350833333333334,36.32929992675781,28.883207321166992,53.07847595214844
Chronos2,2025-08-13 00:00:00+00:00,HB_HUBAVG,2025-08-13 06:00:00+00:00,31.15416666666667,34.63865280151367,27.84361457824707,50.032161712646484
Chronos2,2025-08-13 00:00:00+00:00,HB_HUBAVG,2025-08-13 07:00:00+00:00,32.372499999999995,32.251705169677734,25.90744400024414,45.33271026611328
Chronos2,2025-08-13 00:00:00+00:00,HB_HUBAVG,2025-08-13 08:00:00+00:00,32.6025,29.984033584594727,24.06243324279785,40.71078109741211
Chronos2,2025-08-13 00:00:00+00:00,HB_HUBAVG,2025-08-13 09:00:00+00:00,36.61333333333334,30.426589965820312,24.26205825805664,41.069705963134766
Chronos2,2025-08-13 00:00:00+00:00,HB_HUBAVG,2025-08-13 10:00:00+00:00,40.524166666666666,34.259342193603516,27.157955169677734,47.977561950683594
Chronos2,2025-08-13 00:00:00+00:00,HB_HUBAVG,2025-08-13 11:00:00+00:00,56.58916666666667,36.759849548339844,28.600557327270508,51.48945617675781
Chronos2,2025-08-13 00:00:00+00:00,HB_HUBAVG,2025-08-13 12:00:00+00:00,42.42166666666667,31.963397979736328,24.86560821533203,45.13417053222656
Chronos2,2025-08-13 00:00:00+00:00,HB_HUBAVG,2025-08-13 13:00:00+00:00,25.579166666666666,25.02969741821289,19.283092498779297,36.52610397338867
Chronos2,2025-08-13 00:00:00+00:00,HB_HUBAVG,2025-08-13 14:00:00+00:00,25.419166666666666,23.507526397705078,17.719942092895508,35.82178497314453
Chronos2,2025-08-13 00:00:00+00:00,HB_HUBAVG,2025-08-13 15:00:00+00:00,25.816666666666663,24.308364868164062,18.080554962158203,37.044349670410156
Chronos2,2025-08-13 00:00:00+00:00,HB_HUBAVG,2025-08-13 16:00:00+00:00,32.681666666666665,30.0599422454834,22.465251922607422,44.08379364013672
Chronos2,2025-08-13 00:00:00+00:00,HB_HUBAVG,2025-08-13 17:00:00+00:00,36.935,37.7323112487793,27.826139450073242,55.56000518798828
Chronos2,2025-08-13 00:00:00+00:00,HB_HUBAVG,2025-08-13 18:00:00+00:00,44.90583333333333,39.55622482299805,28.422607421875,59.88203430175781
Chronos2,2025-08-13 00:00:00+00:00,HB_HUBAVG,2025-08-13 19:00:00+00:00,43.335,39.86922073364258,28.30410385131836,62.23463439941406
Chronos2,2025-08-13 00:00:00+00:00,HB_HUBAVG,2025-08-13 20:00:00+00:00,49.10583333333333,40.56099319458008,28.542484283447266,64.08876037597656
Chronos2,2025-08-13 00:00:00+00:00,HB_HUBAVG,2025-08-13 21:00:00+00:00,41.71333333333333,40.55009078979492,27.69973373413086,66.7904052734375
Chronos2,2025-08-13 00:00:00+00:00,HB_HUBAVG,2025-08-13 22:00:00+00:00,45.73083333333333,41.119590759277344,26.587604522705078,75.44293212890625
Chronos2,2025-08-13 00:00:00+00:00,HB_HUBAVG,2025-08-13 23:00:00+00:00,62.585,57.66305923461914,34.313934326171875,109.86180114746094
Chronos2,2025-08-13 00:00:00+00:00,HB_PAN,2025-08-13 00:00:00+00:00,89.81666666666666,118.11516571044922,67.47489929199219,193.57119750976562
Chronos2,2025-08-13 00:00:00+00:00,HB_PAN,2025-08-13 01:00:00+00:00,70.5525,80.91447448730469,32.164466857910156,155.36090087890625
Chronos2,2025-08-13 00:00:00+00:00,HB_PAN,2025-08-13 02:00:00+00:00,48.571666666666665,46.64766311645508,15.369450569152832,129.7560577392578
Chronos2,2025-08-13 00:00:00+00:00,HB_PAN,2025-08-13 03:00:00+00:00,34.00666666666667,30.576276779174805,11.018983840942383,85.45182037353516
Chronos2,2025-08-13 00:00:00+00:00,HB_PAN,2025-08-13 04:00:00+00:00,30.5375,25.49079704284668,10.953964233398438,62.52265930175781
Chronos2,2025-08-13 00:00:00+00:00,HB_PAN,2025-08-13 05:00:00+00:00,35.52333333333333,23.874404907226562,10.63032341003418,54.10700988769531
Chronos2,2025-08-13 00:00:00+00:00,HB_PAN,2025-08-13 06:00:00+00:00,33.44916666666666,23.12152862548828,10.150160789489746,52.072723388671875
Chronos2,2025-08-13 00:00:00+00:00,HB_PAN,2025-08-13 07:00:00+00:00,34.4475,23.3909969329834,10.894009590148926,48.12554168701172
Chronos2,2025-08-13 00:00:00+00:00,HB_PAN,2025-08-13 08:00:00+00:00,34.844166666666666,24.326515197753906,12.431246757507324,45.02002716064453
Chronos2,2025-08-13 00:00:00+00:00,HB_PAN,2025-08-13 09:00:00+00:00,39.1125,25.76090431213379,14.067272186279297,46.15795135498047
Chronos2,2025-08-13 00:00:00+00:00,HB_PAN,2025-08-13 10:00:00+00:00,42.63166666666667,27.87799072265625,15.409311294555664,48.81153106689453
Chronos2,2025-08-13 00:00:00+00:00,HB_PAN,2025-08-13 11:00:00+00:00,57.5725,30.247337341308594,17.323108673095703,51.60380554199219
Chronos2,2025-08-13 00:00:00+00:00,HB_PAN,2025-08-13 12:00:00+00:00,43.21666666666667,29.949176788330078,16.656417846679688,51.42491912841797
Chronos2,2025-08-13 00:00:00+00:00,HB_PAN,2025-08-13 13:00:00+00:00,25.6525,26.30080795288086,13.422904968261719,47.96887969970703
Chronos2,2025-08-13 00:00:00+00:00,HB_PAN,2025-08-13 14:00:00+00:00,25.419166666666666,23.65753936767578,10.404627799987793,47.76459503173828
Chronos2,2025-08-13 00:00:00+00:00,HB_PAN,2025-08-13 15:00:00+00:00,25.819166666666664,22.699172973632812,9.379122734069824,46.56959533691406
Chronos2,2025-08-13 00:00:00+00:00,HB_PAN,2025-08-13 16:00:00+00:00,32.60666666666666,26.602542877197266,12.571406364440918,50.302032470703125
Chronos2,2025-08-13 00:00:00+00:00,HB_PAN,2025-08-13 17:00:00+00:00,32.3675,28.21344757080078,13.390576362609863,52.388221740722656
Chronos2,2025-08-13 00:00:00+00:00,HB_PAN,2025-08-13 18:00:00+00:00,34.223333333333336,28.554706573486328,12.467792510986328,54.985145568847656
Chronos2,2025-08-13 00:00:00+00:00,HB_PAN,2025-08-13 19:00:00+00:00,38.42583333333334,29.183792114257812,12.52098274230957,58.88543701171875
Chronos2,2025-08-13 00:00:00+00:00,HB_PAN,2025-08-13 20:00:00+00:00,48.805,31.154335021972656,14.003695487976074,62.004791259765625
Chronos2,2025-08-13 00:00:00+00:00,HB_PAN,2025-08-13 21:00:00+00:00,43.498333333333335,32.98528289794922,14.098915100097656,68.4108657836914
Chronos2,2025-08-13 00:00:00+00:00,HB_PAN,2025-08-13 22:00:00+00:00,49.03583333333333,34.31733703613281,12.62780475616455,77.07286834716797
Chronos2,2025-08-13 00:00:00+00:00,HB_PAN,2025-08-13 23:00:00+00:00,66.96416666666666,45.00170135498047,15.865265846252441,108.5334243774414
Chronos2,2025-08-13 00:00:00+00:00,LZ_WEST,2025-08-13 00:00:00+00:00,91.25666666666666,118.67058563232422,83.87808227539062,181.24563598632812
Chronos2,2025-08-13 00:00:00+00:00,LZ_WEST,2025-08-13 01:00:00+00:00,71.54666666666667,110.21926879882812,72.80567932128906,173.55157470703125
Chronos2,2025-08-13 00:00:00+00:00,LZ_WEST,2025-08-13 02:00:00+00:00,58.35,103.55825805664062,71.50093078613281,162.20721435546875
Chronos2,2025-08-13 00:00:00+00:00,LZ_WEST,2025-08-13 03:00:00+00:00,55.16166666666667,80.00210571289062,55.33251953125,129.68637084960938
Chronos2,2025-08-13 00:00:00+00:00,LZ_WEST,2025-08-13 04:00:00+00:00,67.23666666666666,71.65397644042969,49.21585464477539,118.61611938476562
Chronos2,2025-08-13 00:00:00+00:00,LZ_WEST,2025-08-13 05:00:00+00:00,69.68583333333333,71.63578033447266,50.30265426635742,117.89347839355469
Chronos2,2025-08-13 00:00:00+00:00,LZ_WEST,2025-08-13 06:00:00+00:00,64.49499999999999,68.98216247558594,47.990962982177734,114.91934204101562
Chronos2,2025-08-13 00:00:00+00:00,LZ_WEST,2025-08-13 07:00:00+00:00,63.14166666666667,63.930755615234375,42.604034423828125,106.29691314697266
Chronos2,2025-08-13 00:00:00+00:00,LZ_WEST,2025-08-13 08:00:00+00:00,65.86583333333333,55.324920654296875,35.61279296875,96.62698364257812
Chronos2,2025-08-13 00:00:00+00:00,LZ_WEST,2025-08-13 09:00:00+00:00,73.44916666666667,57.03434753417969,36.76338577270508,99.27597045898438
Chronos2,2025-08-13 00:00:00+00:00,LZ_WEST,2025-08-13 10:00:00+00:00,71.78666666666668,61.99768829345703,41.366661071777344,107.98448944091797
Chronos2,2025-08-13 00:00:00+00:00,LZ_WEST,2025-08-13 11:00:00+00:00,80.71249999999999,61.02076721191406,39.680973052978516,108.64044189453125
Chronos2,2025-08-13 00:00:00+00:00,LZ_WEST,2025-08-13 12:00:00+00:00,60.51583333333334,48.373321533203125,29.648574829101562,90.6605224609375
Chronos2,2025-08-13 00:00:00+00:00,LZ_WEST,2025-08-13 13:00:00+00:00,26.986666666666665,28.843204498291016,15.606468200683594,64.26935577392578
Chronos2,2025-08-13 00:00:00+00:00,LZ_WEST,2025-08-13 14:00:00+00:00,25.419166666666666,25.73479461669922,13.922779083251953,57.72523880004883
Chronos2,2025-08-13 00:00:00+00:00,LZ_WEST,2025-08-13 15:00:00+00:00,25.824166666666667,25.25489044189453,13.798786163330078,55.8145637512207
Chronos2,2025-08-13 00:00:00+00:00,LZ_WEST,2025-08-13 16:00:00+00:00,32.56333333333333,31.07083511352539,18.02730941772461,61.04454803466797
Chronos2,2025-08-13 00:00:00+00:00,LZ_WEST,2025-08-13 17:00:00+00:00,34.17333333333333,36.15260696411133,21.692506790161133,67.5384521484375
Chronos2,2025-08-13 00:00:00+00:00,LZ_WEST,2025-08-13 18:00:00+00:00,38.535833333333336,36.429229736328125,21.469280242919922,69.78195190429688
Chronos2,2025-08-13 00:00:00+00:00,LZ_WEST,2025-08-13 19:00:00+00:00,41.635,35.7587890625,19.55767059326172,73.84861755371094
Chronos2,2025-08-13 00:00:00+00:00,LZ_WEST,2025-08-13 20:00:00+00:00,53.8425,34.74387741088867,17.87363052368164,76.82223510742188
Chronos2,2025-08-13 00:00:00+00:00,LZ_WEST,2025-08-13 21:00:00+00:00,47.836666666666666,36.04885482788086,16.40212631225586,83.51646423339844
Chronos2,2025-08-13 00:00:00+00:00,LZ_WEST,2025-08-13 22:00:00+00:00,52.178333333333335,34.74270248413086,14.340425491333008,90.58743286132812
Chronos2,2025-08-13 00:00:00+00:00,LZ_WEST,2025-08-13 23:00:00+00:00,69.38416666666667,51.1237678527832,22.785396575927734,118.37315368652344
Chronos2,2025-08-14 00:00:00+00:00,HB_HUBAVG,2025-08-14 00:00:00+00:00,69.89583333333333,85.48664093017578,65.0909194946289,122.0830307006836
Chronos2,2025-08-14 00:00:00+00:00,HB_HUBAVG,2025-08-14 01:00:00+00:00,54.16916666666666,76.51759338378906,54.973365783691406,108.88928985595703
Chronos2,2025-08-14 00:00:00+00:00,HB_HUBAVG,2025-08-14 02:00:00+00:00,46.17083333333333,61.431678771972656,45.074188232421875,88.73084259033203
Chronos2,2025-08-14 00:00:00+00:00,HB_HUBAVG,2025-08-14 03:00:00+00:00,31.613333333333333,45.589759826660156,36.13054656982422,61.47365188598633
Chronos2,2025-08-14 00:00:00+00:00,HB_HUBAVG,2025-08-14 04:00:00+00:00,28.02416666666667,38.89750671386719,32.262638092041016,49.25364685058594
Chronos2,2025-08-14 00:00:00+00:00,HB_HUBAVG,2025-08-14 05:00:00+00:00,26.53833333333333,35.88231658935547,30.192623138427734,44.085105895996094
Chronos2,2025-08-14 00:00:00+00:00,HB_HUBAVG,2025-08-14 06:00:00+00:00,24.925,35.25735092163086,29.780527114868164,42.955936431884766
Chronos2,2025-08-14 00:00:00+00:00,HB_HUBAVG,2025-08-14 07:00:00+00:00,23.3425,34.97985076904297,29.60993194580078,42.01499938964844
Chronos2,2025-08-14 00:00:00+00:00,HB_HUBAVG,2025-08-14 08:00:00+00:00,22.105,33.21009063720703,27.993431091308594,39.65522766113281
Chronos2,2025-08-14 00:00:00+00:00,HB_HUBAVG,2025-08-14 09:00:00+00:00,23.06083333333333,34.638519287109375,28.677030563354492,42.22917938232422
Chronos2,2025-08-14 00:00:00+00:00,HB_HUBAVG,2025-08-14 10:00:00+00:00,23.700833333333332,38.97121047973633,31.58658218383789,48.77827835083008
Chronos2,2025-08-14 00:00:00+00:00,HB_HUBAVG,2025-08-14 11:00:00+00:00,29.351666666666663,43.44590759277344,34.41629409790039,54.99242401123047
Chronos2,2025-08-14 00:00:00+00:00,HB_HUBAVG,2025-08-14 12:00:00+00:00,25.2775,36.58729553222656,28.338394165039062,47.32310485839844
Chronos2,2025-08-14 00:00:00+00:00,HB_HUBAVG,2025-08-14 13:00:00+00:00,19.64333333333333,26.87404441833496,20.465545654296875,35.62444305419922
Chronos2,2025-08-14 00:00:00+00:00,HB_HUBAVG,2025-08-14 14:00:00+00:00,19.62833333333333,25.719938278198242,19.23983383178711,34.65610122680664
Chronos2,2025-08-14 00:00:00+00:00,HB_HUBAVG,2025-08-14 15:00:00+00:00,24.67,27.473491668701172,20.852123260498047,36.8331184387207
Chronos2,2025-08-14 00:00:00+00:00,HB_HUBAVG,2025-08-14 16:00:00+00:00,29.71166666666667,32.674198150634766,25.146167755126953,44.318973541259766
Chronos2,2025-08-14 00:00:00+00:00,HB_HUBAVG,2025-08-14 17:00:00+00:00,40.34583333333333,36.627098083496094,27.64993667602539,51.29844284057617
Chronos2,2025-08-14 00:00:00+00:00,HB_HUBAVG,2025-08-14 18:00:00+00:00,48.805,38.52632522583008,28.100292205810547,55.54072570800781
Chronos2,2025-08-14 00:00:00+00:00,HB_HUBAVG,2025-08-14 19:00:00+00:00,36.51,39.575843811035156,28.081562042236328,60.51688766479492
Chronos2,2025-08-14 00:00:00+00:00,HB_HUBAVG,2025-08-14 20:00:00+00:00,42.64333333333334,41.79930877685547,28.73247528076172,66.44342041015625
Chronos2,2025-08-14 00:00:00+00:00,HB_HUBAVG,2025-08-14 21:00:00+00:00,42.40166666666666,40.579429626464844,27.378190994262695,66.86345672607422
Chronos2,2025-08-14 00:00:00+00:00,HB_HUBAVG,2025-08-14 22:00:00+00:00,38.97916666666666,43.04557418823242,28.323726654052734,71.89928436279297
Chronos2,2025-08-14 00:00:00+00:00,HB_HUBAVG,2025-08-14 23:00:00+00:00,44.6375,60.39226150512695,37.48339080810547,102.95928955078125
Chronos2,2025-08-14 00:00:00+00:00,HB_PAN,2025-08-14 00:00:00+00:00,66.71416666666667,83.92304992675781,57.90119552612305,110.77165222167969
Chronos2,2025-08-14 00:00:00+00:00,HB_PAN,2025-08-14 01:00:00+00:00,36.4025,63.628562927246094,35.51302719116211,96.64620208740234
Chronos2,2025-08-14 00:00:00+00:00,HB_PAN,2025-08-14 02:00:00+00:00,35.225,47.47058868408203,22.292957305908203,82.7480697631836
Chronos2,2025-08-14 00:00:00+00:00,HB_PAN,2025-08-14 03:00:00+00:00,23.2475,35.51777648925781,17.75856590270996,60.694923400878906
Chronos2,2025-08-14 00:00:00+00:00,HB_PAN,2025-08-14 04:00:00+00:00,20.47,31.82170867919922,17.13738441467285,51.81797790527344
Chronos2,2025-08-14 00:00:00+00:00,HB_PAN,2025-08-14 05:00:00+00:00,18.3175,31.232738494873047,16.69573211669922,50.35087585449219
Chronos2,2025-08-14 00:00:00+00:00,HB_PAN,2025-08-14 06:00:00+00:00,17.9925,30.909757614135742,16.294933319091797,50.031761169433594
Chronos2,2025-08-14 00:00:00+00:00,HB_PAN,2025-08-14 07:00:00+00:00,21.370833333333337,30.846607208251953,17.213043212890625,49.4210090637207
Chronos2,2025-08-14 00:00:00+00:00,HB_PAN,2025-08-14 08:00:00+00:00,22.105,31.764896392822266,18.83922576904297,47.26075744628906
Chronos2,2025-08-14 00:00:00+00:00,HB_PAN,2025-08-14 09:00:00+00:00,23.06083333333333,34.09201431274414,20.101245880126953,51.27153015136719
Chronos2,2025-08-14 00:00:00+00:00,HB_PAN,2025-08-14 10:00:00+00:00,23.700833333333332,37.295433044433594,21.91811752319336,56.08934020996094
Chronos2,2025-08-14 00:00:00+00:00,HB_PAN,2025-08-14 11:00:00+00:00,29.351666666666663,41.680938720703125,24.879213333129883,61.83160400390625
Chronos2,2025-08-14 00:00:00+00:00,HB_PAN,2025-08-14 12:00:00+00:00,25.2775,38.93821334838867,23.87763214111328,57.08497619628906
Chronos2,2025-08-14 00:00:00+00:00,HB_PAN,2025-08-14 13:00:00+00:00,19.64333333333333,32.64824295043945,18.215723037719727,50.08319854736328
Chronos2,2025-08-14 00:00:00+00:00,HB_PAN,2025-08-14 14:00:00+00:00,19.578333333333333,30.269271850585938,16.054798126220703,48.910614013671875
Chronos2,2025-08-14 00:00:00+00:00,HB_PAN,2025-08-14 15:00:00+00:00,23.31875,31.03347396850586,16.174604415893555,48.721961975097656
Chronos2,2025-08-14 00:00:00+00:00,HB_PAN,2025-08-14 16:00:00+00:00,27.059166666666663,33.38108825683594,18.065765380859375,52.85719680786133
Chronos2,2025-08-14 00:00:00+00:00,HB_PAN,2025-08-14 17:00:00+00:00,34.575,34.83051300048828,18.449161529541016,55.33652877807617
Chronos2,2025-08-14 00:00:00+00:00,HB_PAN,2025-08-14 18:00:00+00:00,40.755,34.6739501953125,16.83347511291504,57.179298400878906
Chronos2,2025-08-14 00:00:00+00:00,HB_PAN,2025-08-14 19:00:00+00:00,30.890833333333333,34.046607971191406,15.549962043762207,60.010719299316406
Chronos2,2025-08-14 00:00:00+00:00,HB_PAN,2025-08-14 20:00:00+00:00,30.8075,36.04997253417969,16.537477493286133,63.73548126220703
Chronos2,2025-08-14 00:00:00+00:00,HB_PAN,2025-08-14 21:00:00+00:00,33.8125,37.022064208984375,15.809267044067383,69.07040405273438
Chronos2,2025-08-14 00:00:00+00:00,HB_PAN,2025-08-14 22:00:00+00:00,28.0925,38.48041534423828,14.409472465515137,74.9999771118164
Chronos2,2025-08-14 00:00:00+00:00,HB_PAN,2025-08-14 23:00:00+00:00,42.3025,51.14610290527344,19.583404541015625,99.96002197265625
Chronos2,2025-08-14 00:00:00+00:00,LZ_WEST,2025-08-14 00:00:00+00:00,77.68249999999999,85.91592407226562,67.75703430175781,111.08872985839844
Chronos2,2025-08-14 00:00:00+00:00,LZ_WEST,2025-08-14 01:00:00+00:00,62.9425,84.47661590576172,65.7259521484375,109.88618469238281
Chronos2,2025-08-14 00:00:00+00:00,LZ_WEST,2025-08-14 02:00:00+00:00,60.806666666666665,81.12373352050781,65.21211242675781,104.56950378417969
Chronos2,2025-08-14 00:00:00+00:00,LZ_WEST,2025-08-14 03:00:00+00:00,50.07749999999999,70.48956298828125,55.989479064941406,90.81570434570312
Chronos2,2025-08-14 00:00:00+00:00,LZ_WEST,2025-08-14 04:00:00+00:00,44.89333333333334,67.73778533935547,53.8039436340332,86.96429443359375
Chronos2,2025-08-14 00:00:00+00:00,LZ_WEST,2025-08-14 05:00:00+00:00,42.751666666666665,68.77772521972656,55.661293029785156,86.70712280273438
Chronos2,2025-08-14 00:00:00+00:00,LZ_WEST,2025-08-14 06:00:00+00:00,37.58166666666667,68.04658508300781,54.95478820800781,85.26652526855469
Chronos2,2025-08-14 00:00:00+00:00,LZ_WEST,2025-08-14 07:00:00+00:00,27.05666666666667,66.08834838867188,52.57137680053711,83.57406616210938
Chronos2,2025-08-14 00:00:00+00:00,LZ_WEST,2025-08-14 08:00:00+00:00,22.105,61.20901870727539,46.49452590942383,79.2855224609375
Chronos2,2025-08-14 00:00:00+00:00,LZ_WEST,2025-08-14 09:00:00+00:00,23.06083333333333,63.51734924316406,48.81705856323242,83.14744567871094
Chronos2,2025-08-14 00:00:00+00:00,LZ_WEST,2025-08-14 10:00:00+00:00,23.700833333333332,66.1678466796875,50.089473724365234,87.15492248535156
Chronos2,2025-08-14 00:00:00+00:00,LZ_WEST,2025-08-14 11:00:00+00:00,29.351666666666663,65.4471435546875,48.582279205322266,86.99942016601562
Chronos2,2025-08-14 00:00:00+00:00,LZ_WEST,2025-08-14 12:00:00+00:00,25.290000000000003,51.04036331176758,35.12547302246094,69.4028091430664
Chronos2,2025-08-14 00:00:00+00:00,LZ_WEST,2025-08-14 13:00:00+00:00,19.696666666666665,29.921667098999023,18.60613250732422,45.62275695800781
Chronos2,2025-08-14 00:00:00+00:00,LZ_WEST,2025-08-14 14:00:00+00:00,19.589166666666667,27.16831398010254,16.63205909729004,42.190216064453125
Chronos2,2025-08-14 00:00:00+00:00,LZ_WEST,2025-08-14 15:00:00+00:00,23.763333333333335,27.773099899291992,17.125173568725586,42.144954681396484
Chronos2,2025-08-14 00:00:00+00:00,LZ_WEST,2025-08-14 16:00:00+00:00,27.9375,29.598892211914062,17.564239501953125,44.950199127197266
Chronos2,2025-08-14 00:00:00+00:00,LZ_WEST,2025-08-14 17:00:00+00:00,36.6575,30.423851013183594,17.70264434814453,47.50495529174805
Chronos2,2025-08-14 00:00:00+00:00,LZ_WEST,2025-08-14 18:00:00+00:00,43.71666666666667,30.272735595703125,16.564889907836914,50.536128997802734
Chronos2,2025-08-14 00:00:00+00:00,LZ_WEST,2025-08-14 19:00:00+00:00,32.02916666666667,30.34592056274414,14.59090805053711,54.371116638183594
Chronos2,2025-08-14 00:00:00+00:00,LZ_WEST,2025-08-14 20:00:00+00:00,34.221666666666664,31.1605224609375,13.560218811035156,60.70438766479492
Chronos2,2025-08-14 00:00:00+00:00,LZ_WEST,2025-08-14 21:00:00+00:00,37.92,33.09870910644531,12.922687530517578,66.32363891601562
Chronos2,2025-08-14 00:00:00+00:00,LZ_WEST,2025-08-14 22:00:00+00:00,38.0875,35.00606918334961,13.993446350097656,67.80180358886719
Chronos2,2025-08-14 00:00:00+00:00,LZ_WEST,2025-08-14 23:00:00+00:00,45.635,52.24242401123047,26.383821487426758,85.54542541503906
Chronos2,2025-08-15 00:00:00+00:00,HB_HUBAVG,2025-08-15 00:00:00+00:00,90.88083333333331,57.86850357055664,46.09310531616211,75.62562561035156
Chronos2,2025-08-15 00:00:00+00:00,HB_HUBAVG,2025-08-15 01:00:00+00:00,64.40583333333333,50.135929107666016,39.15627670288086,68.18209838867188
Chronos2,2025-08-15 00:00:00+00:00,HB_HUBAVG,2025-08-15 02:00:00+00:00,54.38916666666666,40.506404876708984,32.51654052734375,53.76151657104492
Chronos2,2025-08-15 00:00:00+00:00,HB_HUBAVG,2025-08-15 03:00:00+00:00,32.255,31.76634979248047,26.324813842773438,40.53910827636719
Chronos2,2025-08-15 00:00:00+00:00,HB_HUBAVG,2025-08-15 04:00:00+00:00,27.72666666666667,28.03483009338379,23.687053680419922,34.6208610534668
Chronos2,2025-08-15 00:00:00+00:00,HB_HUBAVG,2025-08-15 05:00:00+00:00,27.89916666666667,26.156471252441406,22.19526481628418,31.712635040283203
Chronos2,2025-08-15 00:00:00+00:00,HB_HUBAVG,2025-08-15 06:00:00+00:00,25.578333333333333,25.293291091918945,21.274829864501953,30.606670379638672
Chronos2,2025-08-15 00:00:00+00:00,HB_HUBAVG,2025-08-15 07:00:00+00:00,24.736666666666665,24.102928161621094,20.33319091796875,29.395179748535156
Chronos2,2025-08-15 00:00:00+00:00,HB_HUBAVG,2025-08-15 08:00:00+00:00,24.124166666666667,22.46923065185547,18.28120994567871,27.348608016967773
Chronos2,2025-08-15 00:00:00+00:00,HB_HUBAVG,2025-08-15 09:00:00+00:00,24.433333333333337,22.230520248413086,18.271448135375977,27.60443878173828
Chronos2,2025-08-15 00:00:00+00:00,HB_HUBAVG,2025-08-15 10:00:00+00:00,30.87833333333333,23.77383041381836,19.32120132446289,29.69122314453125
Chronos2,2025-08-15 00:00:00+00:00,HB_HUBAVG,2025-08-15 11:00:00+00:00,41.04583333333333,25.468055725097656,20.365772247314453,32.536041259765625
Chronos2,2025-08-15 00:00:00+00:00,HB_HUBAVG,2025-08-15 12:00:00+00:00,29.75333333333333,22.37066650390625,17.318296432495117,29.021995544433594
Chronos2,2025-08-15 00:00:00+00:00,HB_HUBAVG,2025-08-15 13:00:00+00:00,20.684166666666663,17.467039108276367,12.964559555053711,23.97049331665039
Chronos2,2025-08-15 00:00:00+00:00,HB_HUBAVG,2025-08-15 14:00:00+00:00,17.461666666666666,16.580717086791992,11.844329833984375,24.003719329833984
Chronos2,2025-08-15 00:00:00+00:00,HB_HUBAVG,2025-08-15 15:00:00+00:00,19.230833333333333,17.355384826660156,12.568443298339844,25.600826263427734
Chronos2,2025-08-15 00:00:00+00:00,HB_HUBAVG,2025-08-15 16:00:00+00:00,26.02583333333333,18.701427459716797,14.203060150146484,30.411317825317383
Chronos2,2025-08-15 00:00:00+00:00,HB_HUBAVG,2025-08-15 17:00:00+00:00,25.57333333333333,21.658164978027344,16.071571350097656,35.382633209228516
Chronos2,2025-08-15 00:00:00+00:00,HB_HUBAVG,2025-08-15 18:00:00+00:00,23.63416666666667,23.054412841796875,17.030879974365234,38.028507232666016
Chronos2,2025-08-15 00:00:00+00:00,HB_HUBAVG,2025-08-15 19:00:00+00:00,31.60083333333333,23.178409576416016,17.147541046142578,38.70062255859375
Chronos2,2025-08-15 00:00:00+00:00,HB_HUBAVG,2025-08-15 20:00:00+00:00,32.57833333333333,24.371768951416016,17.395061492919922,41.77634811401367
Chronos2,2025-08-15 00:00:00+00:00,HB_HUBAVG,2025-08-15 21:00:00+00:00,25.53833333333333,23.3867130279541,16.70828628540039,40.35161209106445
Chronos2,2025-08-15 00:00:00+00:00,HB_HUBAVG,2025-08-15 22:00:00+00:00,29.02583333333333,24.435409545898438,17.255285263061523,41.698081970214844
Chronos2,2025-08-15 00:00:00+00:00,HB_HUBAVG,2025-08-15 23:00:00+00:00,42.2725,32.855350494384766,23.87228775024414,53.77880096435547
Chronos2,2025-08-15 00:00:00+00:00,HB_PAN,2025-08-15 00:00:00+00:00,91.5575,55.47016525268555,37.113040924072266,79.1269302368164
Chronos2,2025-08-15 00:00:00+00:00,HB_PAN,2025-08-15 01:00:00+00:00,53.44083333333333,35.950439453125,19.365171432495117,60.057228088378906
Chronos2,2025-08-15 00:00:00+00:00,HB_PAN,2025-08-15 02:00:00+00:00,30.234166666666667,25.101924896240234,10.701284408569336,48.208961486816406
Chronos2,2025-08-15 00:00:00+00:00,HB_PAN,2025-08-15 03:00:00+00:00,16.826666666666668,20.66635513305664,8.116893768310547,39.3388557434082
Chronos2,2025-08-15 00:00:00+00:00,HB_PAN,2025-08-15 04:00:00+00:00,14.36,20.048812866210938,8.604028701782227,35.775535583496094
Chronos2,2025-08-15 00:00:00+00:00,HB_PAN,2025-08-15 05:00:00+00:00,17.605833333333333,21.416393280029297,10.097286224365234,37.36711883544922
Chronos2,2025-08-15 00:00:00+00:00,HB_PAN,2025-08-15 06:00:00+00:00,16.893333333333334,21.74026870727539,10.222570419311523,37.564903259277344
Chronos2,2025-08-15 00:00:00+00:00,HB_PAN,2025-08-15 07:00:00+00:00,19.56083333333333,22.60091781616211,10.902566909790039,38.44347381591797
Chronos2,2025-08-15 00:00:00+00:00,HB_PAN,2025-08-15 08:00:00+00:00,23.2575,22.958425521850586,11.600364685058594,36.83441162109375
Chronos2,2025-08-15 00:00:00+00:00,HB_PAN,2025-08-15 09:00:00+00:00,23.8975,25.352052688598633,14.12195110321045,39.08062744140625
Chronos2,2025-08-15 00:00:00+00:00,HB_PAN,2025-08-15 10:00:00+00:00,21.111666666666668,29.148555755615234,16.891395568847656,43.29209899902344
Chronos2,2025-08-15 00:00:00+00:00,HB_PAN,2025-08-15 11:00:00+00:00,26.704166666666666,32.72373962402344,19.142757415771484,48.19276428222656
Chronos2,2025-08-15 00:00:00+00:00,HB_PAN,2025-08-15 12:00:00+00:00,26.5525,28.937124252319336,15.81479549407959,43.66959762573242
Chronos2,2025-08-15 00:00:00+00:00,HB_PAN,2025-08-15 13:00:00+00:00,20.38083333333333,21.360218048095703,9.118602752685547,35.084678649902344
Chronos2,2025-08-15 00:00:00+00:00,HB_PAN,2025-08-15 14:00:00+00:00,16.341666666666665,19.141510009765625,6.988149642944336,33.089324951171875
Chronos2,2025-08-15 00:00:00+00:00,HB_PAN,2025-08-15 15:00:00+00:00,16.503333333333334,19.50872039794922,7.241518020629883,33.97430419921875
Chronos2,2025-08-15 00:00:00+00:00,HB_PAN,2025-08-15 16:00:00+00:00,19.67,22.143251419067383,9.479677200317383,38.752376556396484
Chronos2,2025-08-15 00:00:00+00:00,HB_PAN,2025-08-15 17:00:00+00:00,19.68916666666667,25.158082962036133,10.206811904907227,44.76170349121094
Chronos2,2025-08-15 00:00:00+00:00,HB_PAN,2025-08-15 18:00:00+00:00,17.19,24.677528381347656,8.656959533691406,46.73052215576172
Chronos2,2025-08-15 00:00:00+00:00,HB_PAN,2025-08-15 19:00:00+00:00,20.695,23.80225944519043,7.13786506652832,47.927833557128906
Chronos2,2025-08-15 00:00:00+00:00,HB_PAN,2025-08-15 20:00:00+00:00,22.1475,23.939193725585938,6.786226272583008,49.432350158691406
Chronos2,2025-08-15 00:00:00+00:00,HB_PAN,2025-08-15 21:00:00+00:00,19.096666666666668,24.632566452026367,6.744434356689453,51.890167236328125
Chronos2,2025-08-15 00:00:00+00:00,HB_PAN,2025-08-15 22:00:00+00:00,18.444166666666668,25.805648803710938,6.319742202758789,55.392921447753906
Chronos2,2025-08-15 00:00:00+00:00,HB_PAN,2025-08-15 23:00:00+00:00,18.155,35.07768249511719,10.052000045776367,74.2256851196289
Chronos2,2025-08-15 00:00:00+00:00,LZ_WEST,2025-08-15 00:00:00+00:00,93.3825,65.29853820800781,49.11688232421875,83.58265686035156
Chronos2,2025-08-15 00:00:00+00:00,LZ_WEST,2025-08-15 01:00:00+00:00,73.57666666666667,64.40969848632812,46.69342041015625,86.44114685058594
Chronos2,2025-08-15 00:00:00+00:00,LZ_WEST,2025-08-15 02:00:00+00:00,82.9075,61.9681396484375,44.29624557495117,83.12715148925781
Chronos2,2025-08-15 00:00:00+00:00,LZ_WEST,2025-08-15 03:00:00+00:00,53.46416666666667,55.75513458251953,37.964637756347656,77.29102325439453
Chronos2,2025-08-15 00:00:00+00:00,LZ_WEST,2025-08-15 04:00:00+00:00,44.73166666666666,51.55708312988281,33.66065216064453,73.99765014648438
Chronos2,2025-08-15 00:00:00+00:00,LZ_WEST,2025-08-15 05:00:00+00:00,41.57916666666667,48.999149322509766,29.724987030029297,73.54830932617188
Chronos2,2025-08-15 00:00:00+00:00,LZ_WEST,2025-08-15 06:00:00+00:00,38.575,47.39325714111328,25.719253540039062,73.17068481445312
Chronos2,2025-08-15 00:00:00+00:00,LZ_WEST,2025-08-15 07:00:00+00:00,42.38166666666667,42.9808464050293,22.151832580566406,69.92216491699219
Chronos2,2025-08-15 00:00:00+00:00,LZ_WEST,2025-08-15 08:00:00+00:00,31.23,35.069522857666016,17.806873321533203,60.79235076904297
Chronos2,2025-08-15 00:00:00+00:00,LZ_WEST,2025-08-15 09:00:00+00:00,25.486666666666665,32.333740234375,15.488470077514648,58.32889938354492
Chronos2,2025-08-15 00:00:00+00:00,LZ_WEST,2025-08-15 10:00:00+00:00,48.435,31.122413635253906,15.067256927490234,56.983577728271484
Chronos2,2025-08-15 00:00:00+00:00,LZ_WEST,2025-08-15 11:00:00+00:00,66.46416666666666,28.37598991394043,12.731887817382812,53.55070114135742
Chronos2,2025-08-15 00:00:00+00:00,LZ_WEST,2025-08-15 12:00:00+00:00,35.36,21.6092529296875,9.365028381347656,43.68672180175781
Chronos2,2025-08-15 00:00:00+00:00,LZ_WEST,2025-08-15 13:00:00+00:00,21.129166666666663,15.911800384521484,5.941310882568359,32.52301788330078
Chronos2,2025-08-15 00:00:00+00:00,LZ_WEST,2025-08-15 14:00:00+00:00,15.6275,13.713262557983398,4.561027526855469,29.014068603515625
Chronos2,2025-08-15 00:00:00+00:00,LZ_WEST,2025-08-15 15:00:00+00:00,15.86,13.858745574951172,4.726127624511719,28.382551193237305
Chronos2,2025-08-15 00:00:00+00:00,LZ_WEST,2025-08-15 16:00:00+00:00,20.52833333333333,14.966070175170898,6.130622863769531,33.20457077026367
Chronos2,2025-08-15 00:00:00+00:00,LZ_WEST,2025-08-15 17:00:00+00:00,19.171666666666667,15.637619018554688,5.741970062255859,37.84653854370117
Chronos2,2025-08-15 00:00:00+00:00,LZ_WEST,2025-08-15 18:00:00+00:00,15.766666666666666,15.517507553100586,4.936412811279297,38.142974853515625
Chronos2,2025-08-15 00:00:00+00:00,LZ_WEST,2025-08-15 19:00:00+00:00,21.2625,14.871137619018555,5.261997222900391,39.044151306152344
Chronos2,2025-08-15 00:00:00+00:00,LZ_WEST,2025-08-15 20:00:00+00:00,24.44083333333333,14.342729568481445,3.680278778076172,40.18643569946289
Chronos2,2025-08-15 00:00:00+00:00,LZ_WEST,2025-08-15 21:00:00+00:00,17.898333333333333,14.349843978881836,3.2406387329101562,42.69423294067383
Chronos2,2025-08-15 00:00:00+00:00,LZ_WEST,2025-08-15 22:00:00+00:00,27.48,14.824783325195312,2.2006492614746094,42.60430145263672
Chronos2,2025-08-15 00:00:00+00:00,LZ_WEST,2025-08-15 23:00:00+00:00,66.365,25.33922576904297,7.393341064453125,55.58843231201172
Chronos2,2025-08-16 00:00:00+00:00,HB_HUBAVG,2025-08-16 00:00:00+00:00,54.34583333333333,54.05165100097656,42.186485290527344,68.8602523803711
Chronos2,2025-08-16 00:00:00+00:00,HB_HUBAVG,2025-08-16 01:00:00+00:00,58.03333333333333,44.93052291870117,33.93046951293945,58.64118957519531
Chronos2,2025-08-16 00:00:00+00:00,HB_HUBAVG,2025-08-16 02:00:00+00:00,56.75333333333333,37.23487091064453,28.44487953186035,48.42545700073242
Chronos2,2025-08-16 00:00:00+00:00,HB_HUBAVG,2025-08-16 03:00:00+00:00,41.70916666666667,28.145248413085938,22.129003524780273,35.59205627441406
Chronos2,2025-08-16 00:00:00+00:00,HB_HUBAVG,2025-08-16 04:00:00+00:00,30.079166666666666,25.16358184814453,20.134815216064453,31.313228607177734
Chronos2,2025-08-16 00:00:00+00:00,HB_HUBAVG,2025-08-16 05:00:00+00:00,27.5025,23.671226501464844,19.034378051757812,29.297399520874023
Chronos2,2025-08-16 00:00:00+00:00,HB_HUBAVG,2025-08-16 06:00:00+00:00,22.811666666666667,22.802955627441406,18.5144100189209,28.100872039794922
Chronos2,2025-08-16 00:00:00+00:00,HB_HUBAVG,2025-08-16 07:00:00+00:00,22.37333333333333,22.57496452331543,18.28229522705078,27.808826446533203
Chronos2,2025-08-16 00:00:00+00:00,HB_HUBAVG,2025-08-16 08:00:00+00:00,21.725833333333338,21.82963752746582,17.191740036010742,26.869396209716797
Chronos2,2025-08-16 00:00:00+00:00,HB_HUBAVG,2025-08-16 09:00:00+00:00,22.3175,21.846805572509766,17.049631118774414,27.80203628540039
Chronos2,2025-08-16 00:00:00+00:00,HB_HUBAVG,2025-08-16 10:00:00+00:00,27.095,23.85202980041504,18.17664337158203,30.855470657348633
Chronos2,2025-08-16 00:00:00+00:00,HB_HUBAVG,2025-08-16 11:00:00+00:00,30.008333333333336,26.949024200439453,20.391834259033203,35.41521072387695
Chronos2,2025-08-16 00:00:00+00:00,HB_HUBAVG,2025-08-16 12:00:00+00:00,29.6575,22.684385299682617,16.877147674560547,30.125913619995117
Chronos2,2025-08-16 00:00:00+00:00,HB_HUBAVG,2025-08-16 13:00:00+00:00,22.016666666666666,17.053298950195312,12.255172729492188,23.413497924804688
Chronos2,2025-08-16 00:00:00+00:00,HB_HUBAVG,2025-08-16 14:00:00+00:00,19.87,15.679668426513672,10.551431655883789,22.11444854736328
Chronos2,2025-08-16 00:00:00+00:00,HB_HUBAVG,2025-08-16 15:00:00+00:00,20.1925,16.313274383544922,11.316097259521484,22.739482879638672
Chronos2,2025-08-16 00:00:00+00:00,HB_HUBAVG,2025-08-16 16:00:00+00:00,25.359166666666667,18.91999053955078,13.210124969482422,28.41455841064453
Chronos2,2025-08-16 00:00:00+00:00,HB_HUBAVG,2025-08-16 17:00:00+00:00,26.263333333333332,22.65458106994629,14.973979949951172,34.88309860229492
Chronos2,2025-08-16 00:00:00+00:00,HB_HUBAVG,2025-08-16 18:00:00+00:00,36.60916666666667,24.518123626708984,15.801246643066406,38.50897216796875
Chronos2,2025-08-16 00:00:00+00:00,HB_HUBAVG,2025-08-16 19:00:00+00:00,39.329166666666666,26.685203552246094,16.691560745239258,42.310638427734375
Chronos2,2025-08-16 00:00:00+00:00,HB_HUBAVG,2025-08-16 20:00:00+00:00,43.905,27.761722564697266,16.980627059936523,45.182533264160156
Chronos2,2025-08-16 00:00:00+00:00,HB_HUBAVG,2025-08-16 21:00:00+00:00,42.99,27.775205612182617,16.70341682434082,45.79533767700195
Chronos2,2025-08-16 00:00:00+00:00,HB_HUBAVG,2025-08-16 22:00:00+00:00,40.32583333333333,29.45496368408203,17.906837463378906,47.784324645996094
Chronos2,2025-08-16 00:00:00+00:00,HB_HUBAVG,2025-08-16 23:00:00+00:00,49.67250000000001,36.865535736083984,23.57718276977539,57.8244743347168
Chronos2,2025-08-16 00:00:00+00:00,HB_PAN,2025-08-16 00:00:00+00:00,39.77666666666666,22.896703720092773,12.954559326171875,41.24652862548828
Chronos2,2025-08-16 00:00:00+00:00,HB_PAN,2025-08-16 01:00:00+00:00,46.34833333333333,17.279415130615234,5.110099792480469,36.86370849609375
Chronos2,2025-08-16 00:00:00+00:00,HB_PAN,2025-08-16 02:00:00+00:00,23.421666666666667,12.738153457641602,2.945131301879883,27.998437881469727
Chronos2,2025-08-16 00:00:00+00:00,HB_PAN,2025-08-16 03:00:00+00:00,7.075833333333333,11.174276351928711,3.3300952911376953,22.66853904724121
Chronos2,2025-08-16 00:00:00+00:00,HB_PAN,2025-08-16 04:00:00+00:00,3.061666666666667,11.818853378295898,4.106042861938477,21.411346435546875
Chronos2,2025-08-16 00:00:00+00:00,HB_PAN,2025-08-16 05:00:00+00:00,6.950833333333333,13.467203140258789,6.257040023803711,21.805908203125
Chronos2,2025-08-16 00:00:00+00:00,HB_PAN,2025-08-16 06:00:00+00:00,15.518333333333333,15.365791320800781,8.422807693481445,22.986927032470703
Chronos2,2025-08-16 00:00:00+00:00,HB_PAN,2025-08-16 07:00:00+00:00,18.5025,16.41891098022461,9.729320526123047,23.692228317260742
Chronos2,2025-08-16 00:00:00+00:00,HB_PAN,2025-08-16 08:00:00+00:00,20.438333333333333,16.935840606689453,10.095867156982422,23.892324447631836
Chronos2,2025-08-16 00:00:00+00:00,HB_PAN,2025-08-16 09:00:00+00:00,20.536666666666665,17.68673324584961,10.639474868774414,25.407238006591797
Chronos2,2025-08-16 00:00:00+00:00,HB_PAN,2025-08-16 10:00:00+00:00,16.68916666666667,19.00973129272461,11.656173706054688,27.2916202545166
Chronos2,2025-08-16 00:00:00+00:00,HB_PAN,2025-08-16 11:00:00+00:00,14.1875,21.70941162109375,13.867130279541016,31.10015869140625
Chronos2,2025-08-16 00:00:00+00:00,HB_PAN,2025-08-16 12:00:00+00:00,9.155,19.93642807006836,12.049739837646484,28.63137435913086
Chronos2,2025-08-16 00:00:00+00:00,HB_PAN,2025-08-16 13:00:00+00:00,16.274166666666666,15.63768482208252,7.624042510986328,24.01021957397461
Chronos2,2025-08-16 00:00:00+00:00,HB_PAN,2025-08-16 14:00:00+00:00,18.8875,13.549975395202637,5.710765838623047,22.699657440185547
Chronos2,2025-08-16 00:00:00+00:00,HB_PAN,2025-08-16 15:00:00+00:00,20.22083333333333,13.397553443908691,5.353710174560547,22.713394165039062
Chronos2,2025-08-16 00:00:00+00:00,HB_PAN,2025-08-16 16:00:00+00:00,25.375833333333333,15.595008850097656,6.912723541259766,26.40334129333496
Chronos2,2025-08-16 00:00:00+00:00,HB_PAN,2025-08-16 17:00:00+00:00,26.263333333333332,17.097023010253906,7.550907135009766,29.797061920166016
Chronos2,2025-08-16 00:00:00+00:00,HB_PAN,2025-08-16 18:00:00+00:00,36.50083333333333,17.805370330810547,7.749561309814453,31.637908935546875
Chronos2,2025-08-16 00:00:00+00:00,HB_PAN,2025-08-16 19:00:00+00:00,38.46333333333333,18.762752532958984,7.9361419677734375,34.28249740600586
Chronos2,2025-08-16 00:00:00+00:00,HB_PAN,2025-08-16 20:00:00+00:00,40.85833333333333,19.322921752929688,7.666902542114258,35.90861129760742
Chronos2,2025-08-16 00:00:00+00:00,HB_PAN,2025-08-16 21:00:00+00:00,30.7175,19.138845443725586,6.937616348266602,37.23076248168945
Chronos2,2025-08-16 00:00:00+00:00,HB_PAN,2025-08-16 22:00:00+00:00,17.175,19.787729263305664,6.753334045410156,39.20134735107422
Chronos2,2025-08-16 00:00:00+00:00,HB_PAN,2025-08-16 23:00:00+00:00,16.875833333333333,24.707012176513672,8.894571304321289,50.381141662597656
Chronos2,2025-08-16 00:00:00+00:00,LZ_WEST,2025-08-16 00:00:00+00:00,62.99166666666667,76.77040100097656,58.259765625,95.97944641113281
Chronos2,2025-08-16 00:00:00+00:00,LZ_WEST,2025-08-16 01:00:00+00:00,66.0025,69.2814712524414,50.4072265625,88.99798583984375
Chronos2,2025-08-16 00:00:00+00:00,LZ_WEST,2025-08-16 02:00:00+00:00,81.72583333333334,65.89093017578125,47.82781219482422,84.90045166015625
Chronos2,2025-08-16 00:00:00+00:00,LZ_WEST,2025-08-16 03:00:00+00:00,80.735,55.22233200073242,37.79499053955078,73.0430908203125
Chronos2,2025-08-16 00:00:00+00:00,LZ_WEST,2025-08-16 04:00:00+00:00,60.77166666666667,52.882965087890625,34.98872375488281,72.17193603515625
Chronos2,2025-08-16 00:00:00+00:00,LZ_WEST,2025-08-16 05:00:00+00:00,62.82916666666667,53.61670684814453,34.30585479736328,73.99064636230469
Chronos2,2025-08-16 00:00:00+00:00,LZ_WEST,2025-08-16 06:00:00+00:00,40.4525,49.05682373046875,29.4432373046875,70.23148345947266
Chronos2,2025-08-16 00:00:00+00:00,LZ_WEST,2025-08-16 07:00:00+00:00,33.61666666666667,49.28577423095703,28.970983505249023,70.53044891357422
Chronos2,2025-08-16 00:00:00+00:00,LZ_WEST,2025-08-16 08:00:00+00:00,24.10833333333333,45.18065643310547,24.35390281677246,67.59317016601562
Chronos2,2025-08-16 00:00:00+00:00,LZ_WEST,2025-08-16 09:00:00+00:00,25.59583333333333,46.34815979003906,24.975156784057617,68.75867462158203
Chronos2,2025-08-16 00:00:00+00:00,LZ_WEST,2025-08-16 10:00:00+00:00,46.10916666666666,51.612125396728516,29.275501251220703,74.61634826660156
Chronos2,2025-08-16 00:00:00+00:00,LZ_WEST,2025-08-16 11:00:00+00:00,58.939166666666665,53.06079864501953,32.234893798828125,74.98936462402344
Chronos2,2025-08-16 00:00:00+00:00,LZ_WEST,2025-08-16 12:00:00+00:00,67.01166666666667,38.093475341796875,19.987218856811523,57.559932708740234
Chronos2,2025-08-16 00:00:00+00:00,LZ_WEST,2025-08-16 13:00:00+00:00,31.97083333333333,19.60129165649414,7.310302734375,35.497283935546875
Chronos2,2025-08-16 00:00:00+00:00,LZ_WEST,2025-08-16 14:00:00+00:00,20.88,16.627843856811523,5.484615325927734,30.321231842041016
Chronos2,2025-08-16 00:00:00+00:00,LZ_WEST,2025-08-16 15:00:00+00:00,20.46333333333333,17.13739585876465,6.808353424072266,30.33255386352539
Chronos2,2025-08-16 00:00:00+00:00,LZ_WEST,2025-08-16 16:00:00+00:00,25.60833333333333,19.516468048095703,8.232074737548828,35.9000244140625
Chronos2,2025-08-16 00:00:00+00:00,LZ_WEST,2025-08-16 17:00:00+00:00,26.263333333333332,22.11684226989746,8.587394714355469,41.137813568115234
Chronos2,2025-08-16 00:00:00+00:00,LZ_WEST,2025-08-16 18:00:00+00:00,36.595,23.272602081298828,8.780399322509766,42.873741149902344
Chronos2,2025-08-16 00:00:00+00:00,LZ_WEST,2025-08-16 19:00:00+00:00,38.740833333333335,24.88241958618164,9.653335571289062,46.35413360595703
Chronos2,2025-08-16 00:00:00+00:00,LZ_WEST,2025-08-16 20:00:00+00:00,43.8375,26.465782165527344,9.856151580810547,50.30400848388672
Chronos2,2025-08-16 00:00:00+00:00,LZ_WEST,2025-08-16 21:00:00+00:00,49.54750000000001,28.756916046142578,9.742496490478516,53.780845642089844
Chronos2,2025-08-16 00:00:00+00:00,LZ_WEST,2025-08-16 22:00:00+00:00,66.56583333333333,30.098392486572266,9.767356872558594,55.00981521606445
Chronos2,2025-08-16 00:00:00+00:00,LZ_WEST,2025-08-16 23:00:00+00:00,87.28916666666667,45.92524337768555,22.39605140686035,71.27410888671875
Chronos2,2025-08-17 00:00:00+00:00,HB_HUBAVG,2025-08-17 00:00:00+00:00,69.07166666666667,60.447967529296875,47.209232330322266,80.21315002441406
Chronos2,2025-08-17 00:00:00+00:00,HB_HUBAVG,2025-08-17 01:00:00+00:00,69.97666666666667,53.0377311706543,40.046634674072266,71.77680969238281
Chronos2,2025-08-17 00:00:00+00:00,HB_HUBAVG,2025-08-17 02:00:00+00:00,71.80416666666666,44.38209915161133,34.026268005371094,61.190704345703125
Chronos2,2025-08-17 00:00:00+00:00,HB_HUBAVG,2025-08-17 03:00:00+00:00,39.53916666666667,32.44538497924805,26.15045166015625,42.1525764465332
Chronos2,2025-08-17 00:00:00+00:00,HB_HUBAVG,2025-08-17 04:00:00+00:00,34.69166666666667,28.242176055908203,23.235036849975586,35.533626556396484
Chronos2,2025-08-17 00:00:00+00:00,HB_HUBAVG,2025-08-17 05:00:00+00:00,35.910833333333336,27.165592193603516,22.835857391357422,33.32114028930664
Chronos2,2025-08-17 00:00:00+00:00,HB_HUBAVG,2025-08-17 06:00:00+00:00,32.155833333333334,26.381450653076172,22.46570587158203,32.097747802734375
Chronos2,2025-08-17 00:00:00+00:00,HB_HUBAVG,2025-08-17 07:00:00+00:00,27.9,25.868852615356445,21.894229888916016,31.284423828125
Chronos2,2025-08-17 00:00:00+00:00,HB_HUBAVG,2025-08-17 08:00:00+00:00,25.058333333333337,25.421512603759766,21.169960021972656,30.34592056274414
Chronos2,2025-08-17 00:00:00+00:00,HB_HUBAVG,2025-08-17 09:00:00+00:00,23.18583333333333,25.85594940185547,21.498817443847656,31.707853317260742
Chronos2,2025-08-17 00:00:00+00:00,HB_HUBAVG,2025-08-17 10:00:00+00:00,22.493333333333336,29.048999786376953,23.49724578857422,35.970977783203125
Chronos2,2025-08-17 00:00:00+00:00,HB_HUBAVG,2025-08-17 11:00:00+00:00,22.0325,33.119956970214844,26.395606994628906,42.89005661010742
Chronos2,2025-08-17 00:00:00+00:00,HB_HUBAVG,2025-08-17 12:00:00+00:00,20.886666666666667,27.910858154296875,22.39702606201172,35.815818786621094
Chronos2,2025-08-17 00:00:00+00:00,HB_HUBAVG,2025-08-17 13:00:00+00:00,16.590833333333332,21.63774871826172,17.81855583190918,27.064132690429688
Chronos2,2025-08-17 00:00:00+00:00,HB_HUBAVG,2025-08-17 14:00:00+00:00,14.505,20.62030792236328,16.74036407470703,25.806198120117188
Chronos2,2025-08-17 00:00:00+00:00,HB_HUBAVG,2025-08-17 15:00:00+00:00,10.599166666666669,21.966796875,17.942846298217773,27.61520767211914
Chronos2,2025-08-17 00:00:00+00:00,HB_HUBAVG,2025-08-17 16:00:00+00:00,17.013333333333332,27.086166381835938,21.72267723083496,33.95060348510742
Chronos2,2025-08-17 00:00:00+00:00,HB_HUBAVG,2025-08-17 17:00:00+00:00,31.063333333333333,30.196483612060547,23.93396759033203,39.141883850097656
Chronos2,2025-08-17 00:00:00+00:00,HB_HUBAVG,2025-08-17 18:00:00+00:00,39.431666666666665,34.39427947998047,26.209697723388672,45.735572814941406
Chronos2,2025-08-17 00:00:00+00:00,HB_HUBAVG,2025-08-17 19:00:00+00:00,40.04,38.63920974731445,28.74505615234375,53.17981719970703
Chronos2,2025-08-17 00:00:00+00:00,HB_HUBAVG,2025-08-17 20:00:00+00:00,41.48416666666667,42.394622802734375,30.397293090820312,60.760475158691406
Chronos2,2025-08-17 00:00:00+00:00,HB_HUBAVG,2025-08-17 21:00:00+00:00,44.17333333333334,41.92643737792969,30.342174530029297,59.47449493408203
Chronos2,2025-08-17 00:00:00+00:00,HB_HUBAVG,2025-08-17 22:00:00+00:00,44.05833333333334,40.80247497558594,29.97495460510254,57.52778625488281
Chronos2,2025-08-17 00:00:00+00:00,HB_HUBAVG,2025-08-17 23:00:00+00:00,64.81166666666667,45.70494079589844,32.37589645385742,66.36624908447266
Chronos2,2025-08-17 00:00:00+00:00,HB_PAN,2025-08-17 00:00:00+00:00,60.75333333333334,19.834735870361328,11.327960968017578,35.81643295288086
Chronos2,2025-08-17 00:00:00+00:00,HB_PAN,2025-08-17 01:00:00+00:00,52.31666666666666,17.922264099121094,6.912431716918945,39.97151184082031
Chronos2,2025-08-17 00:00:00+00:00,HB_PAN,2025-08-17 02:00:00+00:00,48.76583333333334,14.590827941894531,3.866628646850586,34.59364318847656
Chronos2,2025-08-17 00:00:00+00:00,HB_PAN,2025-08-17 03:00:00+00:00,29.486666666666668,12.003091812133789,3.4258480072021484,27.89744758605957
Chronos2,2025-08-17 00:00:00+00:00,HB_PAN,2025-08-17 04:00:00+00:00,24.39,13.122089385986328,4.604089736938477,26.0853214263916
Chronos2,2025-08-17 00:00:00+00:00,HB_PAN,2025-08-17 05:00:00+00:00,22.626666666666665,15.609501838684082,6.710102081298828,28.16057014465332
Chronos2,2025-08-17 00:00:00+00:00,HB_PAN,2025-08-17 06:00:00+00:00,19.755,19.079574584960938,9.602148056030273,31.418954849243164
Chronos2,2025-08-17 00:00:00+00:00,HB_PAN,2025-08-17 07:00:00+00:00,24.52833333333333,20.71712875366211,11.725860595703125,32.36690902709961
Chronos2,2025-08-17 00:00:00+00:00,HB_PAN,2025-08-17 08:00:00+00:00,17.5925,21.980831146240234,13.093221664428711,32.86143493652344
Chronos2,2025-08-17 00:00:00+00:00,HB_PAN,2025-08-17 09:00:00+00:00,20.03333333333333,23.309629440307617,14.149255752563477,34.802650451660156
Chronos2,2025-08-17 00:00:00+00:00,HB_PAN,2025-08-17 10:00:00+00:00,22.424166666666665,24.11508560180664,14.247572898864746,36.45756912231445
Chronos2,2025-08-17 00:00:00+00:00,HB_PAN,2025-08-17 11:00:00+00:00,22.0325,23.79995346069336,13.68769359588623,36.726539611816406
Chronos2,2025-08-17 00:00:00+00:00,HB_PAN,2025-08-17 12:00:00+00:00,20.886666666666667,21.120559692382812,11.777786254882812,32.68629455566406
Chronos2,2025-08-17 00:00:00+00:00,HB_PAN,2025-08-17 13:00:00+00:00,16.591666666666665,19.34197235107422,9.787240982055664,29.927959442138672
Chronos2,2025-08-17 00:00:00+00:00,HB_PAN,2025-08-17 14:00:00+00:00,13.831666666666663,19.318374633789062,10.20676040649414,29.815128326416016
Chronos2,2025-08-17 00:00:00+00:00,HB_PAN,2025-08-17 15:00:00+00:00,6.895,21.063735961914062,11.730636596679688,31.080215454101562
Chronos2,2025-08-17 00:00:00+00:00,HB_PAN,2025-08-17 16:00:00+00:00,11.410833333333334,23.749679565429688,15.316292762756348,35.37726974487305
Chronos2,2025-08-17 00:00:00+00:00,HB_PAN,2025-08-17 17:00:00+00:00,23.785833333333333,25.702909469604492,16.124954223632812,38.94218444824219
Chronos2,2025-08-17 00:00:00+00:00,HB_PAN,2025-08-17 18:00:00+00:00,28.20583333333333,27.922996520996094,16.800806045532227,43.39631652832031
Chronos2,2025-08-17 00:00:00+00:00,HB_PAN,2025-08-17 19:00:00+00:00,27.24,29.868440628051758,17.24545669555664,48.67631912231445
Chronos2,2025-08-17 00:00:00+00:00,HB_PAN,2025-08-17 20:00:00+00:00,26.879166666666663,30.899749755859375,17.709259033203125,51.3111457824707
Chronos2,2025-08-17 00:00:00+00:00,HB_PAN,2025-08-17 21:00:00+00:00,24.376666666666665,28.713359832763672,15.105941772460938,49.96776580810547
Chronos2,2025-08-17 00:00:00+00:00,HB_PAN,2025-08-17 22:00:00+00:00,6.525833333333334,26.15480613708496,12.289627075195312,48.66690444946289
Chronos2,2025-08-17 00:00:00+00:00,HB_PAN,2025-08-17 23:00:00+00:00,10.799166666666666,28.002561569213867,11.177610397338867,59.328887939453125
Chronos2,2025-08-17 00:00:00+00:00,LZ_WEST,2025-08-17 00:00:00+00:00,79.34333333333333,88.31002807617188,70.24165344238281,103.38007354736328
Chronos2,2025-08-17 00:00:00+00:00,LZ_WEST,2025-08-17 01:00:00+00:00,80.24083333333333,81.16207885742188,60.58810043334961,98.31880950927734
Chronos2,2025-08-17 00:00:00+00:00,LZ_WEST,2025-08-17 02:00:00+00:00,87.73833333333333,79.1863021850586,58.058563232421875,95.92828369140625
Chronos2,2025-08-17 00:00:00+00:00,LZ_WEST,2025-08-17 03:00:00+00:00,56.90916666666666,69.19361114501953,49.86717987060547,87.10537719726562
Chronos2,2025-08-17 00:00:00+00:00,LZ_WEST,2025-08-17 04:00:00+00:00,53.1875,64.67173767089844,46.06529235839844,82.43584442138672
Chronos2,2025-08-17 00:00:00+00:00,LZ_WEST,2025-08-17 05:00:00+00:00,59.403333333333336,63.761146545410156,44.50536346435547,81.79975891113281
Chronos2,2025-08-17 00:00:00+00:00,LZ_WEST,2025-08-17 06:00:00+00:00,59.98166666666666,57.79167175292969,38.763301849365234,76.4275131225586
Chronos2,2025-08-17 00:00:00+00:00,LZ_WEST,2025-08-17 07:00:00+00:00,52.281666666666666,53.96482467651367,32.85930252075195,73.79027557373047
Chronos2,2025-08-17 00:00:00+00:00,LZ_WEST,2025-08-17 08:00:00+00:00,43.836666666666666,48.7702751159668,26.274892807006836,70.14982604980469
Chronos2,2025-08-17 00:00:00+00:00,LZ_WEST,2025-08-17 09:00:00+00:00,30.435,50.886878967285156,27.107402801513672,73.1326904296875
Chronos2,2025-08-17 00:00:00+00:00,LZ_WEST,2025-08-17 10:00:00+00:00,23.965833333333336,59.04316329956055,32.597259521484375,83.34821319580078
Chronos2,2025-08-17 00:00:00+00:00,LZ_WEST,2025-08-17 11:00:00+00:00,22.0325,64.73406982421875,38.688148498535156,89.35301208496094
Chronos2,2025-08-17 00:00:00+00:00,LZ_WEST,2025-08-17 12:00:00+00:00,20.886666666666667,54.61025619506836,34.18943786621094,74.92672729492188
Chronos2,2025-08-17 00:00:00+00:00,LZ_WEST,2025-08-17 13:00:00+00:00,16.594166666666666,26.45216178894043,17.50785255432129,40.66994857788086
Chronos2,2025-08-17 00:00:00+00:00,LZ_WEST,2025-08-17 14:00:00+00:00,13.7,22.769771575927734,16.042896270751953,32.40564727783203
Chronos2,2025-08-17 00:00:00+00:00,LZ_WEST,2025-08-17 15:00:00+00:00,7.569166666666667,24.01837158203125,18.348234176635742,33.683555603027344
Chronos2,2025-08-17 00:00:00+00:00,LZ_WEST,2025-08-17 16:00:00+00:00,11.873333333333331,27.165245056152344,19.769027709960938,39.396392822265625
Chronos2,2025-08-17 00:00:00+00:00,LZ_WEST,2025-08-17 17:00:00+00:00,26.31083333333333,30.99639892578125,21.588109970092773,43.977542877197266
Chronos2,2025-08-17 00:00:00+00:00,LZ_WEST,2025-08-17 18:00:00+00:00,32.530833333333334,34.570518493652344,23.34540367126465,48.84386444091797
Chronos2,2025-08-17 00:00:00+00:00,LZ_WEST,2025-08-17 19:00:00+00:00,32.30416666666667,38.07052230834961,24.632932662963867,53.375038146972656
Chronos2,2025-08-17 00:00:00+00:00,LZ_WEST,2025-08-17 20:00:00+00:00,32.651666666666664,43.248817443847656,27.631315231323242,59.67253494262695
Chronos2,2025-08-17 00:00:00+00:00,LZ_WEST,2025-08-17 21:00:00+00:00,42.03333333333333,46.754119873046875,29.46516990661621,64.98208618164062
Chronos2,2025-08-17 00:00:00+00:00,LZ_WEST,2025-08-17 22:00:00+00:00,56.83916666666666,51.35574722290039,30.558765411376953,72.3143081665039
Chronos2,2025-08-17 00:00:00+00:00,LZ_WEST,2025-08-17 23:00:00+00:00,88.5425,68.62455749511719,40.49013137817383,96.81198120117188
Chronos2,2025-08-18 00:00:00+00:00,HB_HUBAVG,2025-08-18 00:00:00+00:00,76.58083333333333,75.22477722167969,59.235198974609375,98.68437194824219
Chronos2,2025-08-18 00:00:00+00:00,HB_HUBAVG,2025-08-18 01:00:00+00:00,67.34666666666666,67.45668029785156,50.10643005371094,89.20475769042969
Chronos2,2025-08-18 00:00:00+00:00,HB_HUBAVG,2025-08-18 02:00:00+00:00,74.15833333333333,58.13731384277344,42.44728469848633,79.06517028808594
Chronos2,2025-08-18 00:00:00+00:00,HB_HUBAVG,2025-08-18 03:00:00+00:00,52.89833333333333,38.89372253417969,29.418405532836914,52.19202423095703
Chronos2,2025-08-18 00:00:00+00:00,HB_HUBAVG,2025-08-18 04:00:00+00:00,34.550000000000004,31.767602920532227,24.640621185302734,40.93693923950195
Chronos2,2025-08-18 00:00:00+00:00,HB_HUBAVG,2025-08-18 05:00:00+00:00,29.504166666666663,30.685523986816406,23.791955947875977,38.6469841003418
Chronos2,2025-08-18 00:00:00+00:00,HB_HUBAVG,2025-08-18 06:00:00+00:00,26.41583333333333,28.67747688293457,22.294296264648438,36.02134323120117
Chronos2,2025-08-18 00:00:00+00:00,HB_HUBAVG,2025-08-18 07:00:00+00:00,24.224166666666665,26.18484115600586,20.62654685974121,32.66537857055664
Chronos2,2025-08-18 00:00:00+00:00,HB_HUBAVG,2025-08-18 08:00:00+00:00,24.492500000000003,24.08515167236328,18.542631149291992,29.579627990722656
Chronos2,2025-08-18 00:00:00+00:00,HB_HUBAVG,2025-08-18 09:00:00+00:00,24.97083333333333,23.798816680908203,18.155120849609375,30.07196807861328
Chronos2,2025-08-18 00:00:00+00:00,HB_HUBAVG,2025-08-18 10:00:00+00:00,27.52583333333333,25.235027313232422,18.83479118347168,32.722694396972656
Chronos2,2025-08-18 00:00:00+00:00,HB_HUBAVG,2025-08-18 11:00:00+00:00,37.590833333333336,26.699365615844727,19.474010467529297,35.03472900390625
Chronos2,2025-08-18 00:00:00+00:00,HB_HUBAVG,2025-08-18 12:00:00+00:00,31.410833333333333,24.417457580566406,17.744667053222656,31.369029998779297
Chronos2,2025-08-18 00:00:00+00:00,HB_HUBAVG,2025-08-18 13:00:00+00:00,21.795,19.968727111816406,14.14470100402832,26.389755249023438
Chronos2,2025-08-18 00:00:00+00:00,HB_HUBAVG,2025-08-18 14:00:00+00:00,18.969166666666663,18.61933708190918,12.59874153137207,25.102514266967773
Chronos2,2025-08-18 00:00:00+00:00,HB_HUBAVG,2025-08-18 15:00:00+00:00,17.75166666666667,19.834007263183594,13.830751419067383,26.354045867919922
Chronos2,2025-08-18 00:00:00+00:00,HB_HUBAVG,2025-08-18 16:00:00+00:00,27.12333333333333,25.192432403564453,18.071212768554688,33.79860305786133
Chronos2,2025-08-18 00:00:00+00:00,HB_HUBAVG,2025-08-18 17:00:00+00:00,37.82,31.703433990478516,23.61663055419922,41.448814392089844
Chronos2,2025-08-18 00:00:00+00:00,HB_HUBAVG,2025-08-18 18:00:00+00:00,33.08083333333333,35.77896499633789,26.784217834472656,46.59640121459961
Chronos2,2025-08-18 00:00:00+00:00,HB_HUBAVG,2025-08-18 19:00:00+00:00,26.757500000000004,37.5623779296875,28.332542419433594,48.47576141357422
Chronos2,2025-08-18 00:00:00+00:00,HB_HUBAVG,2025-08-18 20:00:00+00:00,32.40416666666667,39.99074935913086,30.13745880126953,51.83024597167969
Chronos2,2025-08-18 00:00:00+00:00,HB_HUBAVG,2025-08-18 21:00:00+00:00,23.905,40.85675048828125,30.45467758178711,53.873985290527344
Chronos2,2025-08-18 00:00:00+00:00,HB_HUBAVG,2025-08-18 22:00:00+00:00,32.6525,41.73865509033203,30.01691436767578,56.836055755615234
Chronos2,2025-08-18 00:00:00+00:00,HB_HUBAVG,2025-08-18 23:00:00+00:00,141.3725,55.039039611816406,37.264892578125,79.51702880859375
Chronos2,2025-08-18 00:00:00+00:00,HB_PAN,2025-08-18 00:00:00+00:00,47.74416666666667,24.316259384155273,4.844209671020508,50.25398254394531
Chronos2,2025-08-18 00:00:00+00:00,HB_PAN,2025-08-18 01:00:00+00:00,55.70583333333334,23.874595642089844,1.2264938354492188,53.020713806152344
Chronos2,2025-08-18 00:00:00+00:00,HB_PAN,2025-08-18 02:00:00+00:00,60.1375,19.62250518798828,0.712738037109375,45.358062744140625
Chronos2,2025-08-18 00:00:00+00:00,HB_PAN,2025-08-18 03:00:00+00:00,39.22666666666667,14.186434745788574,2.345682144165039,30.81852912902832
Chronos2,2025-08-18 00:00:00+00:00,HB_PAN,2025-08-18 04:00:00+00:00,23.234166666666667,12.463005065917969,2.740365982055664,24.450042724609375
Chronos2,2025-08-18 00:00:00+00:00,HB_PAN,2025-08-18 05:00:00+00:00,29.90833333333333,12.864603042602539,4.394243240356445,22.210752487182617
Chronos2,2025-08-18 00:00:00+00:00,HB_PAN,2025-08-18 06:00:00+00:00,28.61,14.51451587677002,6.870998382568359,22.27008056640625
Chronos2,2025-08-18 00:00:00+00:00,HB_PAN,2025-08-18 07:00:00+00:00,25.224166666666665,15.966798782348633,8.678640365600586,23.212434768676758
Chronos2,2025-08-18 00:00:00+00:00,HB_PAN,2025-08-18 08:00:00+00:00,25.375833333333333,16.653057098388672,9.694381713867188,22.842683792114258
Chronos2,2025-08-18 00:00:00+00:00,HB_PAN,2025-08-18 09:00:00+00:00,25.249166666666667,17.226362228393555,10.235860824584961,23.909507751464844
Chronos2,2025-08-18 00:00:00+00:00,HB_PAN,2025-08-18 10:00:00+00:00,27.6925,18.10482406616211,10.563886642456055,25.09990692138672
Chronos2,2025-08-18 00:00:00+00:00,HB_PAN,2025-08-18 11:00:00+00:00,37.590833333333336,18.43069076538086,10.43857192993164,26.13531494140625
Chronos2,2025-08-18 00:00:00+00:00,HB_PAN,2025-08-18 12:00:00+00:00,31.52583333333333,16.69391632080078,9.240983963012695,23.89565658569336
Chronos2,2025-08-18 00:00:00+00:00,HB_PAN,2025-08-18 13:00:00+00:00,21.825,15.103821754455566,7.474403381347656,21.854331970214844
Chronos2,2025-08-18 00:00:00+00:00,HB_PAN,2025-08-18 14:00:00+00:00,17.424166666666668,14.328591346740723,7.360683441162109,21.37143325805664
Chronos2,2025-08-18 00:00:00+00:00,HB_PAN,2025-08-18 15:00:00+00:00,14.2,15.149104118347168,8.316572189331055,22.053077697753906
Chronos2,2025-08-18 00:00:00+00:00,HB_PAN,2025-08-18 16:00:00+00:00,20.24,17.657451629638672,8.2593994140625,27.98302459716797
Chronos2,2025-08-18 00:00:00+00:00,HB_PAN,2025-08-18 17:00:00+00:00,30.930000000000003,20.730430603027344,10.60573959350586,32.362457275390625
Chronos2,2025-08-18 00:00:00+00:00,HB_PAN,2025-08-18 18:00:00+00:00,24.866666666666664,22.343950271606445,11.680303573608398,34.91427230834961
Chronos2,2025-08-18 00:00:00+00:00,HB_PAN,2025-08-18 19:00:00+00:00,19.406666666666663,23.24610137939453,12.629016876220703,36.10776901245117
Chronos2,2025-08-18 00:00:00+00:00,HB_PAN,2025-08-18 20:00:00+00:00,22.828333333333333,23.460433959960938,12.378589630126953,37.097023010253906
Chronos2,2025-08-18 00:00:00+00:00,HB_PAN,2025-08-18 21:00:00+00:00,17.156666666666666,22.863666534423828,10.935014724731445,38.07036209106445
Chronos2,2025-08-18 00:00:00+00:00,HB_PAN,2025-08-18 22:00:00+00:00,23.386666666666667,22.330890655517578,8.727746963500977,39.27721405029297
Chronos2,2025-08-18 00:00:00+00:00,HB_PAN,2025-08-18 23:00:00+00:00,136.60333333333332,29.731029510498047,9.846427917480469,59.19842529296875
Chronos2,2025-08-18 00:00:00+00:00,LZ_WEST,2025-08-18 00:00:00+00:00,86.89166666666667,87.21150207519531,69.31134033203125,103.45099639892578
Chronos2,2025-08-18 00:00:00+00:00,LZ_WEST,2025-08-18 01:00:00+00:00,71.46,77.98065185546875,58.45684814453125,96.0423583984375
Chronos2,2025-08-18 00:00:00+00:00,LZ_WEST,2025-08-18 02:00:00+00:00,83.16916666666667,77.31159973144531,57.52716064453125,95.1376953125
Chronos2,2025-08-18 00:00:00+00:00,LZ_WEST,2025-08-18 03:00:00+00:00,78.68166666666667,60.57221984863281,42.55857849121094,78.28894805908203
Chronos2,2025-08-18 00:00:00+00:00,LZ_WEST,2025-08-18 04:00:00+00:00,78.46416666666666,56.66603469848633,39.002830505371094,75.02883911132812
Chronos2,2025-08-18 00:00:00+00:00,LZ_WEST,2025-08-18 05:00:00+00:00,67.5975,59.92275619506836,40.947021484375,78.93280029296875
Chronos2,2025-08-18 00:00:00+00:00,LZ_WEST,2025-08-18 06:00:00+00:00,58.8975,55.22780990600586,36.71889114379883,75.16708374023438
Chronos2,2025-08-18 00:00:00+00:00,LZ_WEST,2025-08-18 07:00:00+00:00,39.0525,47.5444221496582,30.21564292907715,67.80934143066406
Chronos2,2025-08-18 00:00:00+00:00,LZ_WEST,2025-08-18 08:00:00+00:00,37.7425,38.79045104980469,22.93431282043457,58.47232437133789
Chronos2,2025-08-18 00:00:00+00:00,LZ_WEST,2025-08-18 09:00:00+00:00,29.095,37.72941207885742,20.83928108215332,59.7310676574707
Chronos2,2025-08-18 00:00:00+00:00,LZ_WEST,2025-08-18 10:00:00+00:00,30.001666666666665,42.31796646118164,21.80010986328125,67.7914047241211
Chronos2,2025-08-18 00:00:00+00:00,LZ_WEST,2025-08-18 11:00:00+00:00,37.590833333333336,45.3313102722168,22.178503036499023,71.73377990722656
Chronos2,2025-08-18 00:00:00+00:00,LZ_WEST,2025-08-18 12:00:00+00:00,34.281666666666666,35.613861083984375,18.727285385131836,57.09778594970703
Chronos2,2025-08-18 00:00:00+00:00,LZ_WEST,2025-08-18 13:00:00+00:00,22.555000000000003,22.698335647583008,11.833953857421875,38.13306427001953
Chronos2,2025-08-18 00:00:00+00:00,LZ_WEST,2025-08-18 14:00:00+00:00,17.753333333333334,19.550695419311523,9.81692123413086,31.882322311401367
Chronos2,2025-08-18 00:00:00+00:00,LZ_WEST,2025-08-18 15:00:00+00:00,14.615,20.57892417907715,11.461650848388672,32.476837158203125
Chronos2,2025-08-18 00:00:00+00:00,LZ_WEST,2025-08-18 16:00:00+00:00,21.545,23.012680053710938,11.887718200683594,36.75178527832031
Chronos2,2025-08-18 00:00:00+00:00,LZ_WEST,2025-08-18 17:00:00+00:00,32.925000000000004,28.908588409423828,16.546905517578125,43.52852249145508
Chronos2,2025-08-18 00:00:00+00:00,LZ_WEST,2025-08-18 18:00:00+00:00,27.406666666666663,32.015865325927734,18.776342391967773,47.58869171142578
Chronos2,2025-08-18 00:00:00+00:00,LZ_WEST,2025-08-18 19:00:00+00:00,21.38833333333333,33.93321228027344,19.64451026916504,48.678428649902344
Chronos2,2025-08-18 00:00:00+00:00,LZ_WEST,2025-08-18 20:00:00+00:00,24.33583333333333,36.2946662902832,21.638673782348633,51.5312385559082
Chronos2,2025-08-18 00:00:00+00:00,LZ_WEST,2025-08-18 21:00:00+00:00,18.441666666666663,41.254302978515625,24.805219650268555,58.72492218017578
Chronos2,2025-08-18 00:00:00+00:00,LZ_WEST,2025-08-18 22:00:00+00:00,27.67833333333333,50.02021026611328,29.30989646911621,70.90638732910156
Chronos2,2025-08-18 00:00:00+00:00,LZ_WEST,2025-08-18 23:00:00+00:00,147.39333333333337,73.62040710449219,43.746761322021484,101.38835144042969
Chronos2,2025-08-19 00:00:00+00:00,HB_HUBAVG,2025-08-19 00:00:00+00:00,89.03083333333332,95.63917541503906,71.25033569335938,135.15426635742188
Chronos2,2025-08-19 00:00:00+00:00,HB_HUBAVG,2025-08-19 01:00:00+00:00,92.41333333333334,73.69380187988281,52.093040466308594,104.61734771728516
Chronos2,2025-08-19 00:00:00+00:00,HB_HUBAVG,2025-08-19 02:00:00+00:00,129.25083333333333,65.09349060058594,46.14303970336914,95.97523498535156
Chronos2,2025-08-19 00:00:00+00:00,HB_HUBAVG,2025-08-19 03:00:00+00:00,72.5025,42.27769088745117,31.76740837097168,59.455604553222656
Chronos2,2025-08-19 00:00:00+00:00,HB_HUBAVG,2025-08-19 04:00:00+00:00,50.76499999999999,31.367965698242188,24.921031951904297,40.4988899230957
Chronos2,2025-08-19 00:00:00+00:00,HB_HUBAVG,2025-08-19 05:00:00+00:00,42.78,28.586557388305664,23.252849578857422,35.55954360961914
Chronos2,2025-08-19 00:00:00+00:00,HB_HUBAVG,2025-08-19 06:00:00+00:00,40.7875,26.380855560302734,21.644405364990234,32.687625885009766
Chronos2,2025-08-19 00:00:00+00:00,HB_HUBAVG,2025-08-19 07:00:00+00:00,38.5625,25.399288177490234,20.203956604003906,31.112503051757812
Chronos2,2025-08-19 00:00:00+00:00,HB_HUBAVG,2025-08-19 08:00:00+00:00,40.525,25.03097915649414,19.774185180664062,30.42473602294922
Chronos2,2025-08-19 00:00:00+00:00,HB_HUBAVG,2025-08-19 09:00:00+00:00,39.583333333333336,25.922954559326172,20.555614471435547,32.107852935791016
Chronos2,2025-08-19 00:00:00+00:00,HB_HUBAVG,2025-08-19 10:00:00+00:00,50.70916666666667,29.560373306274414,22.838306427001953,37.39247131347656
Chronos2,2025-08-19 00:00:00+00:00,HB_HUBAVG,2025-08-19 11:00:00+00:00,80.355,36.1407585144043,27.89113998413086,46.92678451538086
Chronos2,2025-08-19 00:00:00+00:00,HB_HUBAVG,2025-08-19 12:00:00+00:00,48.50833333333333,30.313701629638672,23.54122543334961,38.109901428222656
Chronos2,2025-08-19 00:00:00+00:00,HB_HUBAVG,2025-08-19 13:00:00+00:00,31.519166666666667,22.29400634765625,17.0396785736084,28.600610733032227
Chronos2,2025-08-19 00:00:00+00:00,HB_HUBAVG,2025-08-19 14:00:00+00:00,35.605,20.258663177490234,14.957437515258789,26.310016632080078
Chronos2,2025-08-19 00:00:00+00:00,HB_HUBAVG,2025-08-19 15:00:00+00:00,41.9125,20.96872901916504,15.662134170532227,26.83051300048828
Chronos2,2025-08-19 00:00:00+00:00,HB_HUBAVG,2025-08-19 16:00:00+00:00,41.84916666666667,24.220191955566406,19.007068634033203,32.01222229003906
Chronos2,2025-08-19 00:00:00+00:00,HB_HUBAVG,2025-08-19 17:00:00+00:00,53.2725,32.36855697631836,25.28784942626953,42.03901672363281
Chronos2,2025-08-19 00:00:00+00:00,HB_HUBAVG,2025-08-19 18:00:00+00:00,59.73166666666666,37.258209228515625,28.40799903869629,49.47322463989258
Chronos2,2025-08-19 00:00:00+00:00,HB_HUBAVG,2025-08-19 19:00:00+00:00,57.0325,38.27715301513672,28.752527236938477,52.32051086425781
Chronos2,2025-08-19 00:00:00+00:00,HB_HUBAVG,2025-08-19 20:00:00+00:00,86.35416666666667,39.675804138183594,29.432342529296875,53.84111404418945
Chronos2,2025-08-19 00:00:00+00:00,HB_HUBAVG,2025-08-19 21:00:00+00:00,114.01416666666668,41.304264068603516,29.724018096923828,57.877906799316406
Chronos2,2025-08-19 00:00:00+00:00,HB_HUBAVG,2025-08-19 22:00:00+00:00,92.45083333333334,45.859798431396484,31.330263137817383,66.56904602050781
Chronos2,2025-08-19 00:00:00+00:00,HB_HUBAVG,2025-08-19 23:00:00+00:00,80.1225,68.08231353759766,42.100685119628906,99.62265014648438
Chronos2,2025-08-19 00:00:00+00:00,HB_PAN,2025-08-19 00:00:00+00:00,90.94833333333334,104.67588806152344,64.70824432373047,169.36395263671875
Chronos2,2025-08-19 00:00:00+00:00,HB_PAN,2025-08-19 01:00:00+00:00,95.2225,70.00529479980469,36.954349517822266,116.81256103515625
Chronos2,2025-08-19 00:00:00+00:00,HB_PAN,2025-08-19 02:00:00+00:00,134.1525,48.86039733886719,25.223596572875977,91.23168182373047
Chronos2,2025-08-19 00:00:00+00:00,HB_PAN,2025-08-19 03:00:00+00:00,72.64916666666666,28.62053108215332,14.378253936767578,53.37501525878906
Chronos2,2025-08-19 00:00:00+00:00,HB_PAN,2025-08-19 04:00:00+00:00,51.2475,19.993450164794922,8.823331832885742,37.052581787109375
Chronos2,2025-08-19 00:00:00+00:00,HB_PAN,2025-08-19 05:00:00+00:00,44.46666666666667,20.10064125061035,9.395627975463867,36.591392517089844
Chronos2,2025-08-19 00:00:00+00:00,HB_PAN,2025-08-19 06:00:00+00:00,42.12416666666667,19.674217224121094,9.114826202392578,34.81296157836914
Chronos2,2025-08-19 00:00:00+00:00,HB_PAN,2025-08-19 07:00:00+00:00,40.123333333333335,20.48696517944336,10.524829864501953,34.847965240478516
Chronos2,2025-08-19 00:00:00+00:00,HB_PAN,2025-08-19 08:00:00+00:00,41.46,22.473264694213867,12.847898483276367,34.38022232055664
Chronos2,2025-08-19 00:00:00+00:00,HB_PAN,2025-08-19 09:00:00+00:00,41.80083333333334,24.2829532623291,14.315544128417969,36.53234100341797
Chronos2,2025-08-19 00:00:00+00:00,HB_PAN,2025-08-19 10:00:00+00:00,51.2775,27.590286254882812,15.963334083557129,43.10283279418945
Chronos2,2025-08-19 00:00:00+00:00,HB_PAN,2025-08-19 11:00:00+00:00,80.355,32.6260871887207,19.172149658203125,51.47861862182617
Chronos2,2025-08-19 00:00:00+00:00,HB_PAN,2025-08-19 12:00:00+00:00,48.63999999999999,27.833044052124023,16.593189239501953,43.40964126586914
Chronos2,2025-08-19 00:00:00+00:00,HB_PAN,2025-08-19 13:00:00+00:00,31.950833333333332,21.10955047607422,11.4671630859375,32.102149963378906
Chronos2,2025-08-19 00:00:00+00:00,HB_PAN,2025-08-19 14:00:00+00:00,35.60666666666666,18.794193267822266,9.704069137573242,29.85076141357422
Chronos2,2025-08-19 00:00:00+00:00,HB_PAN,2025-08-19 15:00:00+00:00,41.9125,18.333206176757812,9.355714797973633,28.52153205871582
Chronos2,2025-08-19 00:00:00+00:00,HB_PAN,2025-08-19 16:00:00+00:00,43.005,20.91315460205078,11.283714294433594,31.795412063598633
Chronos2,2025-08-19 00:00:00+00:00,HB_PAN,2025-08-19 17:00:00+00:00,57.35166666666667,24.69792366027832,14.580337524414062,36.52709197998047
Chronos2,2025-08-19 00:00:00+00:00,HB_PAN,2025-08-19 18:00:00+00:00,67.615,27.192188262939453,15.892104148864746,42.2817268371582
Chronos2,2025-08-19 00:00:00+00:00,HB_PAN,2025-08-19 19:00:00+00:00,66.895,28.239181518554688,16.09484100341797,45.87395095825195
Chronos2,2025-08-19 00:00:00+00:00,HB_PAN,2025-08-19 20:00:00+00:00,98.3125,30.13858985900879,16.682289123535156,49.61262893676758
Chronos2,2025-08-19 00:00:00+00:00,HB_PAN,2025-08-19 21:00:00+00:00,132.69583333333333,31.236263275146484,15.875418663024902,54.75740051269531
Chronos2,2025-08-19 00:00:00+00:00,HB_PAN,2025-08-19 22:00:00+00:00,107.645,34.9775390625,13.212507247924805,74.21714782714844
Chronos2,2025-08-19 00:00:00+00:00,HB_PAN,2025-08-19 23:00:00+00:00,89.77333333333333,57.93675994873047,20.717819213867188,111.17149353027344
Chronos2,2025-08-19 00:00:00+00:00,LZ_WEST,2025-08-19 00:00:00+00:00,92.35666666666668,104.17724609375,74.97248077392578,137.84640502929688
Chronos2,2025-08-19 00:00:00+00:00,LZ_WEST,2025-08-19 01:00:00+00:00,96.00083333333332,80.01583099365234,54.09996795654297,111.00331115722656
Chronos2,2025-08-19 00:00:00+00:00,LZ_WEST,2025-08-19 02:00:00+00:00,135.13083333333333,78.79206848144531,52.024356842041016,108.3224868774414
Chronos2,2025-08-19 00:00:00+00:00,LZ_WEST,2025-08-19 03:00:00+00:00,72.69083333333333,64.67057800292969,41.47002410888672,92.41929626464844
Chronos2,2025-08-19 00:00:00+00:00,LZ_WEST,2025-08-19 04:00:00+00:00,58.005,59.61211395263672,38.964805603027344,85.62481689453125
Chronos2,2025-08-19 00:00:00+00:00,LZ_WEST,2025-08-19 05:00:00+00:00,68.24166666666666,60.51340103149414,39.93768310546875,85.06681823730469
Chronos2,2025-08-19 00:00:00+00:00,LZ_WEST,2025-08-19 06:00:00+00:00,60.55583333333333,53.32644271850586,35.248233795166016,76.31998443603516
Chronos2,2025-08-19 00:00:00+00:00,LZ_WEST,2025-08-19 07:00:00+00:00,61.45583333333334,41.01454544067383,25.126340866088867,63.295413970947266
Chronos2,2025-08-19 00:00:00+00:00,LZ_WEST,2025-08-19 08:00:00+00:00,54.28833333333333,36.06434631347656,21.382898330688477,57.47430419921875
Chronos2,2025-08-19 00:00:00+00:00,LZ_WEST,2025-08-19 09:00:00+00:00,72.66583333333334,35.37655258178711,20.359939575195312,58.47885513305664
Chronos2,2025-08-19 00:00:00+00:00,LZ_WEST,2025-08-19 10:00:00+00:00,59.08166666666667,38.791133880615234,21.0389461517334,64.44417572021484
Chronos2,2025-08-19 00:00:00+00:00,LZ_WEST,2025-08-19 11:00:00+00:00,80.355,43.988162994384766,22.038480758666992,71.43771362304688
Chronos2,2025-08-19 00:00:00+00:00,LZ_WEST,2025-08-19 12:00:00+00:00,50.4025,39.4291877746582,22.27042579650879,62.76158905029297
Chronos2,2025-08-19 00:00:00+00:00,LZ_WEST,2025-08-19 13:00:00+00:00,37.52666666666666,23.11626625061035,13.396186828613281,39.09664535522461
Chronos2,2025-08-19 00:00:00+00:00,LZ_WEST,2025-08-19 14:00:00+00:00,35.61666666666667,18.68410301208496,10.365531921386719,30.128374099731445
Chronos2,2025-08-19 00:00:00+00:00,LZ_WEST,2025-08-19 15:00:00+00:00,41.91416666666667,18.663591384887695,10.8316650390625,29.30883026123047
Chronos2,2025-08-19 00:00:00+00:00,LZ_WEST,2025-08-19 16:00:00+00:00,43.083333333333336,21.948776245117188,13.398479461669922,34.18501281738281
Chronos2,2025-08-19 00:00:00+00:00,LZ_WEST,2025-08-19 17:00:00+00:00,54.815,26.717748641967773,16.70250701904297,43.174156188964844
Chronos2,2025-08-19 00:00:00+00:00,LZ_WEST,2025-08-19 18:00:00+00:00,64.355,29.74968910217285,17.661182403564453,48.684696197509766
Chronos2,2025-08-19 00:00:00+00:00,LZ_WEST,2025-08-19 19:00:00+00:00,63.84666666666666,30.001705169677734,17.44612693786621,49.48984909057617
Chronos2,2025-08-19 00:00:00+00:00,LZ_WEST,2025-08-19 20:00:00+00:00,97.59166666666664,32.59613037109375,18.862384796142578,53.76506423950195
Chronos2,2025-08-19 00:00:00+00:00,LZ_WEST,2025-08-19 21:00:00+00:00,133.7875,36.94601058959961,20.49313735961914,61.348106384277344
Chronos2,2025-08-19 00:00:00+00:00,LZ_WEST,2025-08-19 22:00:00+00:00,105.99583333333334,46.89541244506836,24.585702896118164,76.78960418701172
Chronos2,2025-08-19 00:00:00+00:00,LZ_WEST,2025-08-19 23:00:00+00:00,88.46,81.512451171875,44.22734069824219,116.92465209960938
Chronos2,2025-08-20 00:00:00+00:00,HB_HUBAVG,2025-08-20 00:00:00+00:00,95.7875,90.42457580566406,72.2252197265625,117.21415710449219
Chronos2,2025-08-20 00:00:00+00:00,HB_HUBAVG,2025-08-20 01:00:00+00:00,87.52416666666666,81.03820037841797,59.720420837402344,110.31916809082031
Chronos2,2025-08-20 00:00:00+00:00,HB_HUBAVG,2025-08-20 02:00:00+00:00,76.15166666666666,68.71090698242188,49.95336151123047,97.18148803710938
Chronos2,2025-08-20 00:00:00+00:00,HB_HUBAVG,2025-08-20 03:00:00+00:00,73.46,50.71908187866211,36.63328170776367,74.1642074584961
Chronos2,2025-08-20 00:00:00+00:00,HB_HUBAVG,2025-08-20 04:00:00+00:00,46.73916666666667,42.5692138671875,30.980754852294922,62.752906799316406
Chronos2,2025-08-20 00:00:00+00:00,HB_HUBAVG,2025-08-20 05:00:00+00:00,37.54666666666667,40.03569030761719,28.892200469970703,59.540855407714844
Chronos2,2025-08-20 00:00:00+00:00,HB_HUBAVG,2025-08-20 06:00:00+00:00,35.28333333333333,38.8565673828125,27.877172470092773,57.73979187011719
Chronos2,2025-08-20 00:00:00+00:00,HB_HUBAVG,2025-08-20 07:00:00+00:00,33.21,38.58808517456055,27.202117919921875,57.700016021728516
Chronos2,2025-08-20 00:00:00+00:00,HB_HUBAVG,2025-08-20 08:00:00+00:00,31.846666666666668,38.494346618652344,27.254684448242188,56.73974609375
Chronos2,2025-08-20 00:00:00+00:00,HB_HUBAVG,2025-08-20 09:00:00+00:00,32.3375,40.54270935058594,27.816814422607422,61.26414489746094
Chronos2,2025-08-20 00:00:00+00:00,HB_HUBAVG,2025-08-20 10:00:00+00:00,31.891666666666666,46.93672561645508,31.823949813842773,71.26661682128906
Chronos2,2025-08-20 00:00:00+00:00,HB_HUBAVG,2025-08-20 11:00:00+00:00,31.9725,56.40766143798828,37.33831024169922,86.55558776855469
Chronos2,2025-08-20 00:00:00+00:00,HB_HUBAVG,2025-08-20 12:00:00+00:00,27.25916666666667,47.187034606933594,31.511131286621094,71.42058563232422
Chronos2,2025-08-20 00:00:00+00:00,HB_HUBAVG,2025-08-20 13:00:00+00:00,21.175,35.16115188598633,23.117612838745117,56.05329895019531
Chronos2,2025-08-20 00:00:00+00:00,HB_HUBAVG,2025-08-20 14:00:00+00:00,17.185833333333335,33.731048583984375,21.92906379699707,53.488525390625
Chronos2,2025-08-20 00:00:00+00:00,HB_HUBAVG,2025-08-20 15:00:00+00:00,15.573333333333332,37.13136672973633,24.62616729736328,58.979522705078125
Chronos2,2025-08-20 00:00:00+00:00,HB_HUBAVG,2025-08-20 16:00:00+00:00,15.665,43.834259033203125,29.556861877441406,68.95970153808594
Chronos2,2025-08-20 00:00:00+00:00,HB_HUBAVG,2025-08-20 17:00:00+00:00,22.464166666666667,51.382225036621094,34.52829360961914,78.91642761230469
Chronos2,2025-08-20 00:00:00+00:00,HB_HUBAVG,2025-08-20 18:00:00+00:00,26.688333333333333,56.68077087402344,37.88067626953125,87.93340301513672
Chronos2,2025-08-20 00:00:00+00:00,HB_HUBAVG,2025-08-20 19:00:00+00:00,32.27333333333333,56.96064758300781,37.458858489990234,90.1624984741211
Chronos2,2025-08-20 00:00:00+00:00,HB_HUBAVG,2025-08-20 20:00:00+00:00,40.40416666666667,62.18555450439453,39.57756423950195,100.22602844238281
Chronos2,2025-08-20 00:00:00+00:00,HB_HUBAVG,2025-08-20 21:00:00+00:00,59.78666666666667,61.236000061035156,38.21699142456055,102.0276870727539
Chronos2,2025-08-20 00:00:00+00:00,HB_HUBAVG,2025-08-20 22:00:00+00:00,55.56,61.42066192626953,38.901771545410156,102.02201843261719
Chronos2,2025-08-20 00:00:00+00:00,HB_HUBAVG,2025-08-20 23:00:00+00:00,63.55166666666667,72.85191345214844,45.95114517211914,118.58802795410156
Chronos2,2025-08-20 00:00:00+00:00,HB_PAN,2025-08-20 00:00:00+00:00,103.6425,110.79182434082031,80.16957092285156,150.53746032714844
Chronos2,2025-08-20 00:00:00+00:00,HB_PAN,2025-08-20 01:00:00+00:00,89.07083333333333,93.99490356445312,60.552581787109375,134.66343688964844
Chronos2,2025-08-20 00:00:00+00:00,HB_PAN,2025-08-20 02:00:00+00:00,76.15166666666666,73.19701385498047,45.327178955078125,113.8843994140625
Chronos2,2025-08-20 00:00:00+00:00,HB_PAN,2025-08-20 03:00:00+00:00,73.53083333333333,50.275184631347656,31.823383331298828,81.76441192626953
Chronos2,2025-08-20 00:00:00+00:00,HB_PAN,2025-08-20 04:00:00+00:00,48.06583333333333,42.27813720703125,26.674646377563477,69.03221130371094
Chronos2,2025-08-20 00:00:00+00:00,HB_PAN,2025-08-20 05:00:00+00:00,39.83166666666667,42.96066665649414,27.851360321044922,69.27252197265625
Chronos2,2025-08-20 00:00:00+00:00,HB_PAN,2025-08-20 06:00:00+00:00,37.891666666666666,43.960731506347656,28.635944366455078,69.85139465332031
Chronos2,2025-08-20 00:00:00+00:00,HB_PAN,2025-08-20 07:00:00+00:00,28.308333333333337,45.090110778808594,30.464479446411133,69.74331665039062
Chronos2,2025-08-20 00:00:00+00:00,HB_PAN,2025-08-20 08:00:00+00:00,34.42666666666667,46.42841339111328,31.433637619018555,69.04522705078125
Chronos2,2025-08-20 00:00:00+00:00,HB_PAN,2025-08-20 09:00:00+00:00,20.4275,49.78568649291992,33.199275970458984,74.9009780883789
Chronos2,2025-08-20 00:00:00+00:00,HB_PAN,2025-08-20 10:00:00+00:00,16.055833333333336,55.93145751953125,36.186851501464844,84.27975463867188
Chronos2,2025-08-20 00:00:00+00:00,HB_PAN,2025-08-20 11:00:00+00:00,19.0,63.365386962890625,40.35297775268555,96.09852600097656
Chronos2,2025-08-20 00:00:00+00:00,HB_PAN,2025-08-20 12:00:00+00:00,23.445833333333336,52.9089241027832,33.709228515625,80.83778381347656
Chronos2,2025-08-20 00:00:00+00:00,HB_PAN,2025-08-20 13:00:00+00:00,18.65083333333333,42.09492492675781,26.96872901916504,66.4146957397461
Chronos2,2025-08-20 00:00:00+00:00,HB_PAN,2025-08-20 14:00:00+00:00,17.186666666666667,40.90431594848633,25.869091033935547,65.51475524902344
Chronos2,2025-08-20 00:00:00+00:00,HB_PAN,2025-08-20 15:00:00+00:00,15.109166666666669,44.54270553588867,27.592426300048828,70.34989929199219
Chronos2,2025-08-20 00:00:00+00:00,HB_PAN,2025-08-20 16:00:00+00:00,10.799166666666666,52.17708969116211,33.368473052978516,79.9720230102539
Chronos2,2025-08-20 00:00:00+00:00,HB_PAN,2025-08-20 17:00:00+00:00,15.7025,60.060035705566406,37.05542755126953,90.50944519042969
Chronos2,2025-08-20 00:00:00+00:00,HB_PAN,2025-08-20 18:00:00+00:00,18.074166666666667,66.02285766601562,40.32963943481445,101.50503540039062
Chronos2,2025-08-20 00:00:00+00:00,HB_PAN,2025-08-20 19:00:00+00:00,25.581666666666667,70.01499938964844,40.898067474365234,109.97506713867188
Chronos2,2025-08-20 00:00:00+00:00,HB_PAN,2025-08-20 20:00:00+00:00,31.44666666666667,78.27972412109375,43.25919723510742,125.54609680175781
Chronos2,2025-08-20 00:00:00+00:00,HB_PAN,2025-08-20 21:00:00+00:00,58.54666666666666,79.41851806640625,40.5206298828125,135.03799438476562
Chronos2,2025-08-20 00:00:00+00:00,HB_PAN,2025-08-20 22:00:00+00:00,56.64000000000001,78.64212036132812,40.33781433105469,134.61973571777344
Chronos2,2025-08-20 00:00:00+00:00,HB_PAN,2025-08-20 23:00:00+00:00,63.59,90.55941772460938,45.756378173828125,150.28768920898438
Chronos2,2025-08-20 00:00:00+00:00,LZ_WEST,2025-08-20 00:00:00+00:00,101.84666666666668,92.91654205322266,69.59506225585938,117.99815368652344
Chronos2,2025-08-20 00:00:00+00:00,LZ_WEST,2025-08-20 01:00:00+00:00,88.71,86.1512451171875,61.19375228881836,116.05897521972656
Chronos2,2025-08-20 00:00:00+00:00,LZ_WEST,2025-08-20 02:00:00+00:00,76.15166666666666,82.73894500732422,57.13673400878906,113.52081298828125
Chronos2,2025-08-20 00:00:00+00:00,LZ_WEST,2025-08-20 03:00:00+00:00,74.82583333333334,74.003662109375,48.63102722167969,105.63087463378906
Chronos2,2025-08-20 00:00:00+00:00,LZ_WEST,2025-08-20 04:00:00+00:00,67.84333333333333,70.04051971435547,44.38747024536133,101.24071502685547
Chronos2,2025-08-20 00:00:00+00:00,LZ_WEST,2025-08-20 05:00:00+00:00,74.39166666666667,69.46774291992188,43.41270065307617,102.37553405761719
Chronos2,2025-08-20 00:00:00+00:00,LZ_WEST,2025-08-20 06:00:00+00:00,73.865,64.11749267578125,38.75157928466797,98.77362060546875
Chronos2,2025-08-20 00:00:00+00:00,LZ_WEST,2025-08-20 07:00:00+00:00,77.18666666666667,57.19963836669922,32.635589599609375,91.45524597167969
Chronos2,2025-08-20 00:00:00+00:00,LZ_WEST,2025-08-20 08:00:00+00:00,81.82083333333334,52.256324768066406,28.593374252319336,86.87040710449219
Chronos2,2025-08-20 00:00:00+00:00,LZ_WEST,2025-08-20 09:00:00+00:00,83.29333333333334,52.21846389770508,26.772449493408203,88.50689697265625
Chronos2,2025-08-20 00:00:00+00:00,LZ_WEST,2025-08-20 10:00:00+00:00,76.8775,54.87987518310547,28.49252700805664,94.52578735351562
Chronos2,2025-08-20 00:00:00+00:00,LZ_WEST,2025-08-20 11:00:00+00:00,73.48666666666666,60.17664337158203,32.17866897583008,100.77964782714844
Chronos2,2025-08-20 00:00:00+00:00,LZ_WEST,2025-08-20 12:00:00+00:00,54.5075,50.04842758178711,26.08161163330078,86.32699584960938
Chronos2,2025-08-20 00:00:00+00:00,LZ_WEST,2025-08-20 13:00:00+00:00,23.951666666666668,35.88910675048828,18.206127166748047,68.24412536621094
Chronos2,2025-08-20 00:00:00+00:00,LZ_WEST,2025-08-20 14:00:00+00:00,17.21666666666667,33.0413818359375,15.878299713134766,63.320465087890625
Chronos2,2025-08-20 00:00:00+00:00,LZ_WEST,2025-08-20 15:00:00+00:00,15.3525,33.76795959472656,16.957361221313477,65.43214416503906
Chronos2,2025-08-20 00:00:00+00:00,LZ_WEST,2025-08-20 16:00:00+00:00,13.5125,38.93305969238281,19.267793655395508,71.4827880859375
Chronos2,2025-08-20 00:00:00+00:00,LZ_WEST,2025-08-20 17:00:00+00:00,18.214166666666667,43.88385009765625,22.006275177001953,79.07066345214844
Chronos2,2025-08-20 00:00:00+00:00,LZ_WEST,2025-08-20 18:00:00+00:00,20.695833333333333,47.03662872314453,23.995088577270508,83.98825073242188
Chronos2,2025-08-20 00:00:00+00:00,LZ_WEST,2025-08-20 19:00:00+00:00,27.481666666666666,49.133338928222656,24.243427276611328,87.8209228515625
Chronos2,2025-08-20 00:00:00+00:00,LZ_WEST,2025-08-20 20:00:00+00:00,34.99333333333333,55.22014617919922,27.484405517578125,97.14607238769531
Chronos2,2025-08-20 00:00:00+00:00,LZ_WEST,2025-08-20 21:00:00+00:00,60.19916666666666,59.40001678466797,29.681476593017578,105.97430419921875
Chronos2,2025-08-20 00:00:00+00:00,LZ_WEST,2025-08-20 22:00:00+00:00,56.79583333333333,65.75704193115234,35.215736389160156,112.44989776611328
Chronos2,2025-08-20 00:00:00+00:00,LZ_WEST,2025-08-20 23:00:00+00:00,63.5925,82.36351013183594,46.74590301513672,132.2784423828125
Chronos2,2025-08-21 00:00:00+00:00,HB_HUBAVG,2025-08-21 00:00:00+00:00,104.26916666666666,81.21009826660156,69.8433837890625,98.24322509765625
Chronos2,2025-08-21 00:00:00+00:00,HB_HUBAVG,2025-08-21 01:00:00+00:00,158.70583333333337,74.85025024414062,60.231292724609375,95.33976745605469
Chronos2,2025-08-21 00:00:00+00:00,HB_HUBAVG,2025-08-21 02:00:00+00:00,174.3125,65.25448608398438,50.16002655029297,87.24152374267578
Chronos2,2025-08-21 00:00:00+00:00,HB_HUBAVG,2025-08-21 03:00:00+00:00,112.33916666666666,45.748748779296875,33.96409606933594,63.89887619018555
Chronos2,2025-08-21 00:00:00+00:00,HB_HUBAVG,2025-08-21 04:00:00+00:00,57.876666666666665,34.80413055419922,25.47705078125,50.13636779785156
Chronos2,2025-08-21 00:00:00+00:00,HB_HUBAVG,2025-08-21 05:00:00+00:00,42.568333333333335,32.4274787902832,23.664152145385742,45.813629150390625
Chronos2,2025-08-21 00:00:00+00:00,HB_HUBAVG,2025-08-21 06:00:00+00:00,39.4225,30.367019653320312,22.551488876342773,42.4885368347168
Chronos2,2025-08-21 00:00:00+00:00,HB_HUBAVG,2025-08-21 07:00:00+00:00,37.60083333333333,28.47667694091797,21.158769607543945,39.81381607055664
Chronos2,2025-08-21 00:00:00+00:00,HB_HUBAVG,2025-08-21 08:00:00+00:00,39.24166666666667,27.645305633544922,20.098886489868164,38.458290100097656
Chronos2,2025-08-21 00:00:00+00:00,HB_HUBAVG,2025-08-21 09:00:00+00:00,39.6625,27.822181701660156,19.931650161743164,39.92969512939453
Chronos2,2025-08-21 00:00:00+00:00,HB_HUBAVG,2025-08-21 10:00:00+00:00,45.9175,30.17165184020996,21.303993225097656,44.172183990478516
Chronos2,2025-08-21 00:00:00+00:00,HB_HUBAVG,2025-08-21 11:00:00+00:00,52.83583333333333,34.452789306640625,24.05228614807129,50.81058883666992
Chronos2,2025-08-21 00:00:00+00:00,HB_HUBAVG,2025-08-21 12:00:00+00:00,45.55166666666667,29.186473846435547,19.978763580322266,44.14556884765625
Chronos2,2025-08-21 00:00:00+00:00,HB_HUBAVG,2025-08-21 13:00:00+00:00,24.08333333333333,22.709829330444336,14.95475959777832,37.03580093383789
Chronos2,2025-08-21 00:00:00+00:00,HB_HUBAVG,2025-08-21 14:00:00+00:00,21.938333333333333,20.390045166015625,12.66297721862793,34.747711181640625
Chronos2,2025-08-21 00:00:00+00:00,HB_HUBAVG,2025-08-21 15:00:00+00:00,21.721666666666668,21.818300247192383,13.50125503540039,38.18333053588867
Chronos2,2025-08-21 00:00:00+00:00,HB_HUBAVG,2025-08-21 16:00:00+00:00,28.705,25.60667610168457,15.632740020751953,49.05143356323242
Chronos2,2025-08-21 00:00:00+00:00,HB_HUBAVG,2025-08-21 17:00:00+00:00,49.67333333333334,31.115324020385742,18.945594787597656,57.65273666381836
Chronos2,2025-08-21 00:00:00+00:00,HB_HUBAVG,2025-08-21 18:00:00+00:00,49.60333333333333,35.955379486083984,22.135337829589844,64.28555297851562
Chronos2,2025-08-21 00:00:00+00:00,HB_HUBAVG,2025-08-21 19:00:00+00:00,40.44916666666666,39.05500793457031,24.38849449157715,66.96774291992188
Chronos2,2025-08-21 00:00:00+00:00,HB_HUBAVG,2025-08-21 20:00:00+00:00,39.85416666666666,44.208587646484375,28.44059181213379,72.1615982055664
Chronos2,2025-08-21 00:00:00+00:00,HB_HUBAVG,2025-08-21 21:00:00+00:00,44.20166666666666,46.516693115234375,30.105985641479492,74.45376586914062
Chronos2,2025-08-21 00:00:00+00:00,HB_HUBAVG,2025-08-21 22:00:00+00:00,34.88916666666667,47.823123931884766,31.203567504882812,75.29995727539062
Chronos2,2025-08-21 00:00:00+00:00,HB_HUBAVG,2025-08-21 23:00:00+00:00,63.35416666666666,58.88323974609375,38.57957077026367,90.14259338378906
Chronos2,2025-08-21 00:00:00+00:00,HB_PAN,2025-08-21 00:00:00+00:00,104.26916666666666,81.35870361328125,63.56874084472656,104.44277954101562
Chronos2,2025-08-21 00:00:00+00:00,HB_PAN,2025-08-21 01:00:00+00:00,158.70583333333337,67.31231689453125,44.584388732910156,97.00270080566406
Chronos2,2025-08-21 00:00:00+00:00,HB_PAN,2025-08-21 02:00:00+00:00,174.3125,52.06927490234375,30.46405029296875,83.91770935058594
Chronos2,2025-08-21 00:00:00+00:00,HB_PAN,2025-08-21 03:00:00+00:00,112.27083333333331,35.755916595458984,18.746063232421875,66.12355041503906
Chronos2,2025-08-21 00:00:00+00:00,HB_PAN,2025-08-21 04:00:00+00:00,59.48916666666667,25.175182342529297,12.614036560058594,49.526153564453125
Chronos2,2025-08-21 00:00:00+00:00,HB_PAN,2025-08-21 05:00:00+00:00,45.55416666666667,23.41307830810547,11.841655731201172,45.00015640258789
Chronos2,2025-08-21 00:00:00+00:00,HB_PAN,2025-08-21 06:00:00+00:00,42.55583333333333,23.29251480102539,12.472686767578125,42.586585998535156
Chronos2,2025-08-21 00:00:00+00:00,HB_PAN,2025-08-21 07:00:00+00:00,41.009166666666665,23.246938705444336,12.759162902832031,41.255516052246094
Chronos2,2025-08-21 00:00:00+00:00,HB_PAN,2025-08-21 08:00:00+00:00,48.95416666666667,23.6954288482666,13.052444458007812,41.13603210449219
Chronos2,2025-08-21 00:00:00+00:00,HB_PAN,2025-08-21 09:00:00+00:00,50.0675,23.331687927246094,12.762575149536133,40.74524688720703
Chronos2,2025-08-21 00:00:00+00:00,HB_PAN,2025-08-21 10:00:00+00:00,55.76666666666667,23.516006469726562,12.522480010986328,42.938472747802734
Chronos2,2025-08-21 00:00:00+00:00,HB_PAN,2025-08-21 11:00:00+00:00,58.49333333333333,24.79305648803711,12.320394515991211,46.396602630615234
Chronos2,2025-08-21 00:00:00+00:00,HB_PAN,2025-08-21 12:00:00+00:00,48.56166666666667,22.91166877746582,10.980642318725586,42.268394470214844
Chronos2,2025-08-21 00:00:00+00:00,HB_PAN,2025-08-21 13:00:00+00:00,24.10333333333333,20.176822662353516,9.12155532836914,38.83023452758789
Chronos2,2025-08-21 00:00:00+00:00,HB_PAN,2025-08-21 14:00:00+00:00,21.938333333333333,18.73876190185547,7.40748405456543,37.7943000793457
Chronos2,2025-08-21 00:00:00+00:00,HB_PAN,2025-08-21 15:00:00+00:00,20.50333333333333,18.80904769897461,7.06492805480957,39.00686264038086
Chronos2,2025-08-21 00:00:00+00:00,HB_PAN,2025-08-21 16:00:00+00:00,28.52333333333333,21.126150131225586,8.489215850830078,45.74279022216797
Chronos2,2025-08-21 00:00:00+00:00,HB_PAN,2025-08-21 17:00:00+00:00,49.45666666666667,24.599632263183594,10.791427612304688,53.80079650878906
Chronos2,2025-08-21 00:00:00+00:00,HB_PAN,2025-08-21 18:00:00+00:00,49.44833333333333,28.315963745117188,12.988044738769531,60.00257873535156
Chronos2,2025-08-21 00:00:00+00:00,HB_PAN,2025-08-21 19:00:00+00:00,40.44916666666666,29.783838272094727,13.563972473144531,63.72919464111328
Chronos2,2025-08-21 00:00:00+00:00,HB_PAN,2025-08-21 20:00:00+00:00,39.85416666666666,32.14250564575195,13.828401565551758,68.6539535522461
Chronos2,2025-08-21 00:00:00+00:00,HB_PAN,2025-08-21 21:00:00+00:00,44.234166666666674,33.698883056640625,13.152971267700195,74.49923706054688
Chronos2,2025-08-21 00:00:00+00:00,HB_PAN,2025-08-21 22:00:00+00:00,34.91416666666667,31.91080093383789,10.960689544677734,77.59683227539062
Chronos2,2025-08-21 00:00:00+00:00,HB_PAN,2025-08-21 23:00:00+00:00,63.38916666666666,38.876197814941406,14.472023010253906,88.75283813476562
Chronos2,2025-08-21 00:00:00+00:00,LZ_WEST,2025-08-21 00:00:00+00:00,104.26916666666666,73.31852722167969,62.24673080444336,88.417236328125
Chronos2,2025-08-21 00:00:00+00:00,LZ_WEST,2025-08-21 01:00:00+00:00,158.70583333333337,69.89851379394531,55.631874084472656,88.38836669921875
Chronos2,2025-08-21 00:00:00+00:00,LZ_WEST,2025-08-21 02:00:00+00:00,174.3125,69.08910369873047,53.58623504638672,89.38513946533203
Chronos2,2025-08-21 00:00:00+00:00,LZ_WEST,2025-08-21 03:00:00+00:00,112.3175,58.970672607421875,41.831138610839844,80.8744888305664
Chronos2,2025-08-21 00:00:00+00:00,LZ_WEST,2025-08-21 04:00:00+00:00,81.08749999999999,51.200992584228516,34.235050201416016,74.52599334716797
Chronos2,2025-08-21 00:00:00+00:00,LZ_WEST,2025-08-21 05:00:00+00:00,75.985,51.42988967895508,33.35770797729492,76.5208511352539
Chronos2,2025-08-21 00:00:00+00:00,LZ_WEST,2025-08-21 06:00:00+00:00,77.02416666666666,49.35468673706055,30.357877731323242,76.11128234863281
Chronos2,2025-08-21 00:00:00+00:00,LZ_WEST,2025-08-21 07:00:00+00:00,78.97416666666668,43.434539794921875,24.80967903137207,71.60270690917969
Chronos2,2025-08-21 00:00:00+00:00,LZ_WEST,2025-08-21 08:00:00+00:00,90.475,37.145416259765625,19.887407302856445,67.60313415527344
Chronos2,2025-08-21 00:00:00+00:00,LZ_WEST,2025-08-21 09:00:00+00:00,86.33,35.60782241821289,18.0124568939209,69.53184509277344
Chronos2,2025-08-21 00:00:00+00:00,LZ_WEST,2025-08-21 10:00:00+00:00,91.685,37.29895782470703,18.963668823242188,71.95268249511719
Chronos2,2025-08-21 00:00:00+00:00,LZ_WEST,2025-08-21 11:00:00+00:00,85.86833333333334,42.47726058959961,19.789501190185547,78.47677612304688
Chronos2,2025-08-21 00:00:00+00:00,LZ_WEST,2025-08-21 12:00:00+00:00,81.44,34.172550201416016,16.151443481445312,66.88072204589844
Chronos2,2025-08-21 00:00:00+00:00,LZ_WEST,2025-08-21 13:00:00+00:00,24.386666666666667,23.12999725341797,11.206729888916016,51.509708404541016
Chronos2,2025-08-21 00:00:00+00:00,LZ_WEST,2025-08-21 14:00:00+00:00,21.938333333333333,19.53122901916504,8.99343490600586,44.955814361572266
Chronos2,2025-08-21 00:00:00+00:00,LZ_WEST,2025-08-21 15:00:00+00:00,19.06416666666667,19.37224769592285,9.22995376586914,44.34657669067383
Chronos2,2025-08-21 00:00:00+00:00,LZ_WEST,2025-08-21 16:00:00+00:00,28.33333333333333,21.51546859741211,11.186813354492188,47.29981231689453
Chronos2,2025-08-21 00:00:00+00:00,LZ_WEST,2025-08-21 17:00:00+00:00,49.24333333333333,26.073841094970703,13.268718719482422,56.102294921875
Chronos2,2025-08-21 00:00:00+00:00,LZ_WEST,2025-08-21 18:00:00+00:00,49.29333333333333,29.360300064086914,14.146373748779297,60.80055236816406
Chronos2,2025-08-21 00:00:00+00:00,LZ_WEST,2025-08-21 19:00:00+00:00,40.44916666666666,30.014488220214844,14.738414764404297,62.632469177246094
Chronos2,2025-08-21 00:00:00+00:00,LZ_WEST,2025-08-21 20:00:00+00:00,39.85416666666666,34.96769714355469,16.705753326416016,68.71098327636719
Chronos2,2025-08-21 00:00:00+00:00,LZ_WEST,2025-08-21 21:00:00+00:00,44.24416666666667,42.639068603515625,21.24048614501953,77.37893676757812
Chronos2,2025-08-21 00:00:00+00:00,LZ_WEST,2025-08-21 22:00:00+00:00,34.93,49.53252410888672,25.57978057861328,85.6069564819336
Chronos2,2025-08-21 00:00:00+00:00,LZ_WEST,2025-08-21 23:00:00+00:00,63.43083333333333,66.93575286865234,39.03242492675781,105.97300720214844
Chronos2,2025-08-22 00:00:00+00:00,HB_HUBAVG,2025-08-22 00:00:00+00:00,71.835,82.71959686279297,63.761070251464844,109.15541076660156
Chronos2,2025-08-22 00:00:00+00:00,HB_HUBAVG,2025-08-22 01:00:00+00:00,54.38166666666667,83.22221374511719,61.488037109375,113.3113784790039
Chronos2,2025-08-22 00:00:00+00:00,HB_HUBAVG,2025-08-22 02:00:00+00:00,43.18416666666667,79.52883911132812,57.5937614440918,109.30730438232422
Chronos2,2025-08-22 00:00:00+00:00,HB_HUBAVG,2025-08-22 03:00:00+00:00,39.36666666666667,55.50657272338867,40.77690124511719,77.29524230957031
Chronos2,2025-08-22 00:00:00+00:00,HB_HUBAVG,2025-08-22 04:00:00+00:00,33.1175,38.42704772949219,29.04751205444336,53.68632125854492
Chronos2,2025-08-22 00:00:00+00:00,HB_HUBAVG,2025-08-22 05:00:00+00:00,30.245833333333337,34.61150360107422,26.42069435119629,46.75786590576172
Chronos2,2025-08-22 00:00:00+00:00,HB_HUBAVG,2025-08-22 06:00:00+00:00,31.02333333333333,31.011878967285156,24.330402374267578,41.6684684753418
Chronos2,2025-08-22 00:00:00+00:00,HB_HUBAVG,2025-08-22 07:00:00+00:00,30.33583333333333,29.47432518005371,22.887737274169922,39.32746505737305
Chronos2,2025-08-22 00:00:00+00:00,HB_HUBAVG,2025-08-22 08:00:00+00:00,30.39833333333333,29.257328033447266,22.683032989501953,37.78975296020508
Chronos2,2025-08-22 00:00:00+00:00,HB_HUBAVG,2025-08-22 09:00:00+00:00,31.765833333333333,30.326679229736328,23.55045509338379,40.24356460571289
Chronos2,2025-08-22 00:00:00+00:00,HB_HUBAVG,2025-08-22 10:00:00+00:00,38.1725,35.50997543334961,27.138629913330078,46.91614532470703
Chronos2,2025-08-22 00:00:00+00:00,HB_HUBAVG,2025-08-22 11:00:00+00:00,39.93083333333333,42.97377014160156,32.96757125854492,56.396690368652344
Chronos2,2025-08-22 00:00:00+00:00,HB_HUBAVG,2025-08-22 12:00:00+00:00,43.11666666666667,36.12687683105469,27.761585235595703,47.07471466064453
Chronos2,2025-08-22 00:00:00+00:00,HB_HUBAVG,2025-08-22 13:00:00+00:00,23.33333333333333,25.26528549194336,19.59804916381836,34.40397262573242
Chronos2,2025-08-22 00:00:00+00:00,HB_HUBAVG,2025-08-22 14:00:00+00:00,20.7075,22.53299903869629,17.317487716674805,30.645511627197266
Chronos2,2025-08-22 00:00:00+00:00,HB_HUBAVG,2025-08-22 15:00:00+00:00,20.856666666666666,22.59501838684082,17.328773498535156,30.573261260986328
Chronos2,2025-08-22 00:00:00+00:00,HB_HUBAVG,2025-08-22 16:00:00+00:00,24.051666666666662,28.53028106689453,20.614940643310547,43.60523223876953
Chronos2,2025-08-22 00:00:00+00:00,HB_HUBAVG,2025-08-22 17:00:00+00:00,24.844166666666663,33.93208312988281,23.869054794311523,52.45142364501953
Chronos2,2025-08-22 00:00:00+00:00,HB_HUBAVG,2025-08-22 18:00:00+00:00,26.455,39.57390594482422,26.749298095703125,61.922271728515625
Chronos2,2025-08-22 00:00:00+00:00,HB_HUBAVG,2025-08-22 19:00:00+00:00,29.584166666666665,43.06705093383789,28.630937576293945,68.75839233398438
Chronos2,2025-08-22 00:00:00+00:00,HB_HUBAVG,2025-08-22 20:00:00+00:00,29.115,46.036746978759766,29.883590698242188,73.9182357788086
Chronos2,2025-08-22 00:00:00+00:00,HB_HUBAVG,2025-08-22 21:00:00+00:00,41.74666666666667,45.305484771728516,29.069366455078125,74.8805160522461
Chronos2,2025-08-22 00:00:00+00:00,HB_HUBAVG,2025-08-22 22:00:00+00:00,38.02333333333333,46.431434631347656,29.438613891601562,78.44961547851562
Chronos2,2025-08-22 00:00:00+00:00,HB_HUBAVG,2025-08-22 23:00:00+00:00,44.85416666666666,64.67489624023438,41.372310638427734,102.42430877685547
Chronos2,2025-08-22 00:00:00+00:00,HB_PAN,2025-08-22 00:00:00+00:00,72.21249999999999,101.92741394042969,64.43305969238281,146.72764587402344
Chronos2,2025-08-22 00:00:00+00:00,HB_PAN,2025-08-22 01:00:00+00:00,53.45916666666667,100.70999145507812,55.19721221923828,154.67236328125
Chronos2,2025-08-22 00:00:00+00:00,HB_PAN,2025-08-22 02:00:00+00:00,38.51083333333333,83.23368835449219,41.641666412353516,144.13621520996094
Chronos2,2025-08-22 00:00:00+00:00,HB_PAN,2025-08-22 03:00:00+00:00,34.785833333333336,57.45637512207031,24.904380798339844,115.33882141113281
Chronos2,2025-08-22 00:00:00+00:00,HB_PAN,2025-08-22 04:00:00+00:00,28.194166666666664,41.561710357666016,20.190309524536133,84.81930541992188
Chronos2,2025-08-22 00:00:00+00:00,HB_PAN,2025-08-22 05:00:00+00:00,31.326666666666668,39.425533294677734,20.441003799438477,74.96379089355469
Chronos2,2025-08-22 00:00:00+00:00,HB_PAN,2025-08-22 06:00:00+00:00,33.91166666666667,39.3628044128418,21.707422256469727,71.97908020019531
Chronos2,2025-08-22 00:00:00+00:00,HB_PAN,2025-08-22 07:00:00+00:00,33.57666666666667,38.79779052734375,22.19713020324707,69.29032897949219
Chronos2,2025-08-22 00:00:00+00:00,HB_PAN,2025-08-22 08:00:00+00:00,34.12583333333333,38.179508209228516,21.895034790039062,66.36882781982422
Chronos2,2025-08-22 00:00:00+00:00,HB_PAN,2025-08-22 09:00:00+00:00,35.58083333333333,38.06222915649414,21.438962936401367,68.1673812866211
Chronos2,2025-08-22 00:00:00+00:00,HB_PAN,2025-08-22 10:00:00+00:00,42.92416666666667,39.59586715698242,21.568233489990234,71.4854736328125
Chronos2,2025-08-22 00:00:00+00:00,HB_PAN,2025-08-22 11:00:00+00:00,44.01,41.799564361572266,22.04761505126953,75.36903381347656
Chronos2,2025-08-22 00:00:00+00:00,HB_PAN,2025-08-22 12:00:00+00:00,46.7075,37.1484260559082,19.815996170043945,68.45879364013672
Chronos2,2025-08-22 00:00:00+00:00,HB_PAN,2025-08-22 13:00:00+00:00,23.646666666666665,31.201570510864258,16.123695373535156,59.56275939941406
Chronos2,2025-08-22 00:00:00+00:00,HB_PAN,2025-08-22 14:00:00+00:00,20.70833333333333,28.206602096557617,13.478052139282227,55.38730239868164
Chronos2,2025-08-22 00:00:00+00:00,HB_PAN,2025-08-22 15:00:00+00:00,20.859166666666667,27.789810180664062,13.198568344116211,55.8563232421875
Chronos2,2025-08-22 00:00:00+00:00,HB_PAN,2025-08-22 16:00:00+00:00,24.051666666666662,31.238370895385742,15.866189956665039,65.73284149169922
Chronos2,2025-08-22 00:00:00+00:00,HB_PAN,2025-08-22 17:00:00+00:00,24.844166666666663,36.60533142089844,18.138734817504883,77.55018615722656
Chronos2,2025-08-22 00:00:00+00:00,HB_PAN,2025-08-22 18:00:00+00:00,26.46,40.13844680786133,19.291568756103516,88.48941040039062
Chronos2,2025-08-22 00:00:00+00:00,HB_PAN,2025-08-22 19:00:00+00:00,29.58666666666667,42.48942184448242,19.256244659423828,96.96662902832031
Chronos2,2025-08-22 00:00:00+00:00,HB_PAN,2025-08-22 20:00:00+00:00,26.924166666666668,45.45980453491211,19.47956657409668,106.593994140625
Chronos2,2025-08-22 00:00:00+00:00,HB_PAN,2025-08-22 21:00:00+00:00,37.31166666666667,44.85214614868164,17.369462966918945,111.34550476074219
Chronos2,2025-08-22 00:00:00+00:00,HB_PAN,2025-08-22 22:00:00+00:00,37.0325,43.38765335083008,15.35423469543457,116.92686462402344
Chronos2,2025-08-22 00:00:00+00:00,HB_PAN,2025-08-22 23:00:00+00:00,44.84333333333333,54.509681701660156,18.268827438354492,135.1413116455078
Chronos2,2025-08-22 00:00:00+00:00,LZ_WEST,2025-08-22 00:00:00+00:00,72.44083333333333,80.2945556640625,59.091819763183594,106.32182312011719
Chronos2,2025-08-22 00:00:00+00:00,LZ_WEST,2025-08-22 01:00:00+00:00,56.583333333333336,83.97518157958984,59.230831146240234,115.90176391601562
Chronos2,2025-08-22 00:00:00+00:00,LZ_WEST,2025-08-22 02:00:00+00:00,71.27083333333333,85.59907531738281,58.636619567871094,118.74331665039062
Chronos2,2025-08-22 00:00:00+00:00,LZ_WEST,2025-08-22 03:00:00+00:00,66.89916666666666,75.69114685058594,50.58373260498047,107.01400756835938
Chronos2,2025-08-22 00:00:00+00:00,LZ_WEST,2025-08-22 04:00:00+00:00,73.6825,66.98997497558594,43.20994567871094,97.2015380859375
Chronos2,2025-08-22 00:00:00+00:00,LZ_WEST,2025-08-22 05:00:00+00:00,70.20666666666666,66.47478485107422,41.73695373535156,96.81065368652344
Chronos2,2025-08-22 00:00:00+00:00,LZ_WEST,2025-08-22 06:00:00+00:00,75.06916666666666,63.24895095825195,37.75387954711914,95.40243530273438
Chronos2,2025-08-22 00:00:00+00:00,LZ_WEST,2025-08-22 07:00:00+00:00,78.505,59.90945053100586,34.127525329589844,92.54923248291016
Chronos2,2025-08-22 00:00:00+00:00,LZ_WEST,2025-08-22 08:00:00+00:00,85.69083333333333,55.491371154785156,28.238483428955078,92.05824279785156
Chronos2,2025-08-22 00:00:00+00:00,LZ_WEST,2025-08-22 09:00:00+00:00,87.45333333333333,55.6255989074707,25.886144638061523,94.50381469726562
Chronos2,2025-08-22 00:00:00+00:00,LZ_WEST,2025-08-22 10:00:00+00:00,97.55083333333334,60.13309860229492,26.53845977783203,102.47378540039062
Chronos2,2025-08-22 00:00:00+00:00,LZ_WEST,2025-08-22 11:00:00+00:00,87.20166666666667,64.97314453125,30.826889038085938,107.96615600585938
Chronos2,2025-08-22 00:00:00+00:00,LZ_WEST,2025-08-22 12:00:00+00:00,81.15166666666666,52.00218963623047,24.263347625732422,88.40141296386719
Chronos2,2025-08-22 00:00:00+00:00,LZ_WEST,2025-08-22 13:00:00+00:00,26.83833333333333,27.524232864379883,14.262458801269531,57.683349609375
Chronos2,2025-08-22 00:00:00+00:00,LZ_WEST,2025-08-22 14:00:00+00:00,20.72083333333333,22.238853454589844,12.862640380859375,45.43756103515625
Chronos2,2025-08-22 00:00:00+00:00,LZ_WEST,2025-08-22 15:00:00+00:00,20.8775,21.602710723876953,13.450469970703125,42.337371826171875
Chronos2,2025-08-22 00:00:00+00:00,LZ_WEST,2025-08-22 16:00:00+00:00,24.051666666666662,24.63881492614746,15.62137222290039,51.15436935424805
Chronos2,2025-08-22 00:00:00+00:00,LZ_WEST,2025-08-22 17:00:00+00:00,24.844166666666663,28.575178146362305,16.33541488647461,60.78356170654297
Chronos2,2025-08-22 00:00:00+00:00,LZ_WEST,2025-08-22 18:00:00+00:00,26.46,31.35622215270996,17.07202911376953,65.1191177368164
Chronos2,2025-08-22 00:00:00+00:00,LZ_WEST,2025-08-22 19:00:00+00:00,29.58666666666667,33.11909484863281,17.735912322998047,69.15260314941406
Chronos2,2025-08-22 00:00:00+00:00,LZ_WEST,2025-08-22 20:00:00+00:00,27.786666666666665,38.61879348754883,19.852474212646484,77.25507354736328
Chronos2,2025-08-22 00:00:00+00:00,LZ_WEST,2025-08-22 21:00:00+00:00,39.1075,45.317630767822266,21.545360565185547,86.17182922363281
Chronos2,2025-08-22 00:00:00+00:00,LZ_WEST,2025-08-22 22:00:00+00:00,37.45166666666667,53.93006134033203,24.85953712463379,101.95887756347656
Chronos2,2025-08-22 00:00:00+00:00,LZ_WEST,2025-08-22 23:00:00+00:00,44.84333333333333,75.1475601196289,39.64435958862305,124.56318664550781
Chronos2,2025-08-23 00:00:00+00:00,HB_HUBAVG,2025-08-23 00:00:00+00:00,77.85166666666667,54.68416213989258,44.2728157043457,69.63025665283203
Chronos2,2025-08-23 00:00:00+00:00,HB_HUBAVG,2025-08-23 01:00:00+00:00,69.21083333333333,55.76415252685547,40.98743438720703,77.2689208984375
Chronos2,2025-08-23 00:00:00+00:00,HB_HUBAVG,2025-08-23 02:00:00+00:00,39.945,53.37561798095703,37.511837005615234,79.39917755126953
Chronos2,2025-08-23 00:00:00+00:00,HB_HUBAVG,2025-08-23 03:00:00+00:00,33.4675,39.0648078918457,27.921478271484375,58.13023376464844
Chronos2,2025-08-23 00:00:00+00:00,HB_HUBAVG,2025-08-23 04:00:00+00:00,29.77583333333333,31.35547637939453,22.53840446472168,44.96832275390625
Chronos2,2025-08-23 00:00:00+00:00,HB_HUBAVG,2025-08-23 05:00:00+00:00,29.109166666666667,28.955413818359375,21.166728973388672,40.80237579345703
Chronos2,2025-08-23 00:00:00+00:00,HB_HUBAVG,2025-08-23 06:00:00+00:00,27.90833333333333,28.258541107177734,20.886507034301758,39.88143539428711
Chronos2,2025-08-23 00:00:00+00:00,HB_HUBAVG,2025-08-23 07:00:00+00:00,27.3625,27.306753158569336,20.18489646911621,38.20311737060547
Chronos2,2025-08-23 00:00:00+00:00,HB_HUBAVG,2025-08-23 08:00:00+00:00,28.335833333333337,26.637466430664062,18.875028610229492,37.10249328613281
Chronos2,2025-08-23 00:00:00+00:00,HB_HUBAVG,2025-08-23 09:00:00+00:00,28.8875,27.686748504638672,19.472925186157227,40.20160675048828
Chronos2,2025-08-23 00:00:00+00:00,HB_HUBAVG,2025-08-23 10:00:00+00:00,29.36,30.358619689941406,20.787246704101562,45.09468460083008
Chronos2,2025-08-23 00:00:00+00:00,HB_HUBAVG,2025-08-23 11:00:00+00:00,30.56833333333333,33.63238525390625,22.76422119140625,51.69820022583008
Chronos2,2025-08-23 00:00:00+00:00,HB_HUBAVG,2025-08-23 12:00:00+00:00,27.22083333333333,31.465774536132812,21.111099243164062,48.868717193603516
Chronos2,2025-08-23 00:00:00+00:00,HB_HUBAVG,2025-08-23 13:00:00+00:00,19.741666666666667,22.788631439208984,14.537790298461914,37.68138885498047
Chronos2,2025-08-23 00:00:00+00:00,HB_HUBAVG,2025-08-23 14:00:00+00:00,17.66,19.56279945373535,11.888299942016602,33.021385192871094
Chronos2,2025-08-23 00:00:00+00:00,HB_HUBAVG,2025-08-23 15:00:00+00:00,18.03833333333333,19.659198760986328,12.345062255859375,31.66204071044922
Chronos2,2025-08-23 00:00:00+00:00,HB_HUBAVG,2025-08-23 16:00:00+00:00,21.0125,23.784523010253906,16.93796730041504,39.54707336425781
Chronos2,2025-08-23 00:00:00+00:00,HB_HUBAVG,2025-08-23 17:00:00+00:00,22.425833333333333,30.588863372802734,21.081453323364258,49.75379180908203
Chronos2,2025-08-23 00:00:00+00:00,HB_HUBAVG,2025-08-23 18:00:00+00:00,24.9475,35.00580596923828,23.430431365966797,57.570091247558594
Chronos2,2025-08-23 00:00:00+00:00,HB_HUBAVG,2025-08-23 19:00:00+00:00,23.765,36.84364700317383,24.303003311157227,61.00724792480469
Chronos2,2025-08-23 00:00:00+00:00,HB_HUBAVG,2025-08-23 20:00:00+00:00,32.7125,38.87321472167969,25.679033279418945,63.039833068847656
Chronos2,2025-08-23 00:00:00+00:00,HB_HUBAVG,2025-08-23 21:00:00+00:00,25.944166666666664,42.198204040527344,27.102699279785156,66.98855590820312
Chronos2,2025-08-23 00:00:00+00:00,HB_HUBAVG,2025-08-23 22:00:00+00:00,24.013333333333332,42.82667922973633,27.734962463378906,68.34393310546875
Chronos2,2025-08-23 00:00:00+00:00,HB_HUBAVG,2025-08-23 23:00:00+00:00,46.36333333333334,53.936058044433594,35.21784591674805,82.9435043334961
Chronos2,2025-08-23 00:00:00+00:00,HB_PAN,2025-08-23 00:00:00+00:00,77.82083333333334,59.1722412109375,42.04046630859375,88.47106170654297
Chronos2,2025-08-23 00:00:00+00:00,HB_PAN,2025-08-23 01:00:00+00:00,69.62916666666666,57.716697692871094,34.97287368774414,98.67105102539062
Chronos2,2025-08-23 00:00:00+00:00,HB_PAN,2025-08-23 02:00:00+00:00,40.08833333333333,50.8284797668457,27.245532989501953,98.4976806640625
Chronos2,2025-08-23 00:00:00+00:00,HB_PAN,2025-08-23 03:00:00+00:00,34.54416666666666,37.53965759277344,18.931848526000977,77.97899627685547
Chronos2,2025-08-23 00:00:00+00:00,HB_PAN,2025-08-23 04:00:00+00:00,31.26,30.22134780883789,14.708602905273438,59.528194427490234
Chronos2,2025-08-23 00:00:00+00:00,HB_PAN,2025-08-23 05:00:00+00:00,31.2925,30.059722900390625,16.00795555114746,55.680728912353516
Chronos2,2025-08-23 00:00:00+00:00,HB_PAN,2025-08-23 06:00:00+00:00,30.284166666666668,31.87060546875,18.40415382385254,54.90290069580078
Chronos2,2025-08-23 00:00:00+00:00,HB_PAN,2025-08-23 07:00:00+00:00,29.825,32.7592658996582,20.074487686157227,53.403709411621094
Chronos2,2025-08-23 00:00:00+00:00,HB_PAN,2025-08-23 08:00:00+00:00,31.375,32.555660247802734,19.34210777282715,53.27691650390625
Chronos2,2025-08-23 00:00:00+00:00,HB_PAN,2025-08-23 09:00:00+00:00,32.11333333333334,33.36863708496094,19.005773544311523,56.37245178222656
Chronos2,2025-08-23 00:00:00+00:00,HB_PAN,2025-08-23 10:00:00+00:00,32.638333333333335,35.101436614990234,19.312150955200195,62.50356674194336
Chronos2,2025-08-23 00:00:00+00:00,HB_PAN,2025-08-23 11:00:00+00:00,33.83166666666667,36.13554000854492,19.159618377685547,67.3674087524414
Chronos2,2025-08-23 00:00:00+00:00,HB_PAN,2025-08-23 12:00:00+00:00,29.564166666666665,32.26092529296875,16.74858856201172,60.247135162353516
Chronos2,2025-08-23 00:00:00+00:00,HB_PAN,2025-08-23 13:00:00+00:00,19.78833333333333,26.95852279663086,13.078067779541016,51.65119934082031
Chronos2,2025-08-23 00:00:00+00:00,HB_PAN,2025-08-23 14:00:00+00:00,17.66,24.35179328918457,10.827280044555664,47.91820526123047
Chronos2,2025-08-23 00:00:00+00:00,HB_PAN,2025-08-23 15:00:00+00:00,18.03833333333333,24.42376136779785,10.829517364501953,47.44927215576172
Chronos2,2025-08-23 00:00:00+00:00,HB_PAN,2025-08-23 16:00:00+00:00,21.006666666666664,26.70374298095703,13.044052124023438,53.634559631347656
Chronos2,2025-08-23 00:00:00+00:00,HB_PAN,2025-08-23 17:00:00+00:00,22.415000000000003,32.15435028076172,16.568828582763672,64.47300720214844
Chronos2,2025-08-23 00:00:00+00:00,HB_PAN,2025-08-23 18:00:00+00:00,24.88083333333333,35.48246383666992,18.2484130859375,71.91764068603516
Chronos2,2025-08-23 00:00:00+00:00,HB_PAN,2025-08-23 19:00:00+00:00,22.9975,37.01230239868164,18.0319881439209,78.77005767822266
Chronos2,2025-08-23 00:00:00+00:00,HB_PAN,2025-08-23 20:00:00+00:00,31.80333333333333,38.45343780517578,17.259431838989258,85.14649200439453
Chronos2,2025-08-23 00:00:00+00:00,HB_PAN,2025-08-23 21:00:00+00:00,25.49,39.38507843017578,16.727720260620117,89.88201904296875
Chronos2,2025-08-23 00:00:00+00:00,HB_PAN,2025-08-23 22:00:00+00:00,23.7025,38.07194900512695,14.727508544921875,92.10443115234375
Chronos2,2025-08-23 00:00:00+00:00,HB_PAN,2025-08-23 23:00:00+00:00,46.36833333333333,46.13425064086914,19.41143035888672,105.96571350097656
Chronos2,2025-08-23 00:00:00+00:00,LZ_WEST,2025-08-23 00:00:00+00:00,77.82083333333334,56.37197494506836,41.79125213623047,79.1551513671875
Chronos2,2025-08-23 00:00:00+00:00,LZ_WEST,2025-08-23 01:00:00+00:00,76.01166666666667,60.995201110839844,42.17790985107422,89.12644958496094
Chronos2,2025-08-23 00:00:00+00:00,LZ_WEST,2025-08-23 02:00:00+00:00,60.7525,67.23931121826172,45.38096618652344,98.03852844238281
Chronos2,2025-08-23 00:00:00+00:00,LZ_WEST,2025-08-23 03:00:00+00:00,50.656666666666666,65.94644927978516,43.918724060058594,96.41162109375
Chronos2,2025-08-23 00:00:00+00:00,LZ_WEST,2025-08-23 04:00:00+00:00,53.7375,64.04657745361328,42.3825798034668,94.29181671142578
Chronos2,2025-08-23 00:00:00+00:00,LZ_WEST,2025-08-23 05:00:00+00:00,64.61,65.12066650390625,42.55849075317383,96.462158203125
Chronos2,2025-08-23 00:00:00+00:00,LZ_WEST,2025-08-23 06:00:00+00:00,66.68666666666667,65.64044952392578,41.660892486572266,98.29821014404297
Chronos2,2025-08-23 00:00:00+00:00,LZ_WEST,2025-08-23 07:00:00+00:00,66.95083333333334,66.46122741699219,41.444576263427734,99.38111877441406
Chronos2,2025-08-23 00:00:00+00:00,LZ_WEST,2025-08-23 08:00:00+00:00,76.385,67.74120330810547,40.67124938964844,103.9395751953125
Chronos2,2025-08-23 00:00:00+00:00,LZ_WEST,2025-08-23 09:00:00+00:00,79.50750000000001,70.34420013427734,39.90541076660156,109.10557556152344
Chronos2,2025-08-23 00:00:00+00:00,LZ_WEST,2025-08-23 10:00:00+00:00,80.29833333333333,71.85346984863281,37.552188873291016,112.84494018554688
Chronos2,2025-08-23 00:00:00+00:00,LZ_WEST,2025-08-23 11:00:00+00:00,80.62833333333333,71.51123046875,37.165443420410156,113.2366943359375
Chronos2,2025-08-23 00:00:00+00:00,LZ_WEST,2025-08-23 12:00:00+00:00,61.40583333333333,60.36969757080078,31.205123901367188,99.96025085449219
Chronos2,2025-08-23 00:00:00+00:00,LZ_WEST,2025-08-23 13:00:00+00:00,20.486666666666668,28.738903045654297,12.98956298828125,60.15644836425781
Chronos2,2025-08-23 00:00:00+00:00,LZ_WEST,2025-08-23 14:00:00+00:00,17.6775,21.259769439697266,9.819770812988281,45.345611572265625
Chronos2,2025-08-23 00:00:00+00:00,LZ_WEST,2025-08-23 15:00:00+00:00,18.044166666666666,21.374893188476562,11.458980560302734,41.556053161621094
Chronos2,2025-08-23 00:00:00+00:00,LZ_WEST,2025-08-23 16:00:00+00:00,21.009166666666665,24.637117385864258,14.887664794921875,47.58589553833008
Chronos2,2025-08-23 00:00:00+00:00,LZ_WEST,2025-08-23 17:00:00+00:00,22.42,30.199649810791016,17.719375610351562,58.55928421020508
Chronos2,2025-08-23 00:00:00+00:00,LZ_WEST,2025-08-23 18:00:00+00:00,24.87833333333333,33.823875427246094,18.545921325683594,65.32230377197266
Chronos2,2025-08-23 00:00:00+00:00,LZ_WEST,2025-08-23 19:00:00+00:00,23.30333333333333,35.32829284667969,18.400253295898438,68.3431625366211
Chronos2,2025-08-23 00:00:00+00:00,LZ_WEST,2025-08-23 20:00:00+00:00,32.16916666666666,39.19831085205078,20.412067413330078,74.1362533569336
Chronos2,2025-08-23 00:00:00+00:00,LZ_WEST,2025-08-23 21:00:00+00:00,25.6675,47.584259033203125,24.406082153320312,84.82235717773438
Chronos2,2025-08-23 00:00:00+00:00,LZ_WEST,2025-08-23 22:00:00+00:00,23.824166666666667,54.52711486816406,27.235759735107422,96.73902893066406
Chronos2,2025-08-23 00:00:00+00:00,LZ_WEST,2025-08-23 23:00:00+00:00,46.37833333333333,68.96446228027344,36.72873306274414,110.99530792236328
Chronos2,2025-08-24 00:00:00+00:00,HB_HUBAVG,2025-08-24 00:00:00+00:00,100.8725,65.66027069091797,50.10252380371094,87.90718841552734
Chronos2,2025-08-24 00:00:00+00:00,HB_HUBAVG,2025-08-24 01:00:00+00:00,102.75583333333331,58.19804000854492,41.57853317260742,82.79182434082031
Chronos2,2025-08-24 00:00:00+00:00,HB_HUBAVG,2025-08-24 02:00:00+00:00,90.16,46.99854278564453,33.99655532836914,69.75760650634766
Chronos2,2025-08-24 00:00:00+00:00,HB_HUBAVG,2025-08-24 03:00:00+00:00,54.182500000000005,37.06574630737305,27.787912368774414,52.27226257324219
Chronos2,2025-08-24 00:00:00+00:00,HB_HUBAVG,2025-08-24 04:00:00+00:00,35.64083333333333,30.383495330810547,23.63072967529297,41.25611877441406
Chronos2,2025-08-24 00:00:00+00:00,HB_HUBAVG,2025-08-24 05:00:00+00:00,40.34,28.700122833251953,22.703054428100586,37.694427490234375
Chronos2,2025-08-24 00:00:00+00:00,HB_HUBAVG,2025-08-24 06:00:00+00:00,30.53833333333333,27.66608428955078,22.272457122802734,35.918212890625
Chronos2,2025-08-24 00:00:00+00:00,HB_HUBAVG,2025-08-24 07:00:00+00:00,29.35166666666667,26.384187698364258,21.192272186279297,33.74982452392578
Chronos2,2025-08-24 00:00:00+00:00,HB_HUBAVG,2025-08-24 08:00:00+00:00,29.598333333333333,26.298770904541016,20.840803146362305,32.92852020263672
Chronos2,2025-08-24 00:00:00+00:00,HB_HUBAVG,2025-08-24 09:00:00+00:00,29.919166666666666,26.909000396728516,20.962974548339844,35.10811233520508
Chronos2,2025-08-24 00:00:00+00:00,HB_HUBAVG,2025-08-24 10:00:00+00:00,29.473333333333333,28.64101791381836,21.40631103515625,38.356327056884766
Chronos2,2025-08-24 00:00:00+00:00,HB_HUBAVG,2025-08-24 11:00:00+00:00,30.004166666666663,30.856542587280273,22.750423431396484,41.9756965637207
Chronos2,2025-08-24 00:00:00+00:00,HB_HUBAVG,2025-08-24 12:00:00+00:00,26.876666666666665,28.121562957763672,20.691076278686523,38.65582275390625
Chronos2,2025-08-24 00:00:00+00:00,HB_HUBAVG,2025-08-24 13:00:00+00:00,19.264166666666664,20.445335388183594,15.095664978027344,29.191143035888672
Chronos2,2025-08-24 00:00:00+00:00,HB_HUBAVG,2025-08-24 14:00:00+00:00,16.97583333333333,17.730436325073242,12.625249862670898,25.746013641357422
Chronos2,2025-08-24 00:00:00+00:00,HB_HUBAVG,2025-08-24 15:00:00+00:00,17.383333333333333,17.31656837463379,12.334278106689453,24.103763580322266
Chronos2,2025-08-24 00:00:00+00:00,HB_HUBAVG,2025-08-24 16:00:00+00:00,19.4075,21.41009521484375,15.936431884765625,32.33232116699219
Chronos2,2025-08-24 00:00:00+00:00,HB_HUBAVG,2025-08-24 17:00:00+00:00,28.92333333333333,25.94194221496582,18.582448959350586,41.59015655517578
Chronos2,2025-08-24 00:00:00+00:00,HB_HUBAVG,2025-08-24 18:00:00+00:00,35.59166666666666,29.66843605041504,20.284719467163086,49.174339294433594
Chronos2,2025-08-24 00:00:00+00:00,HB_HUBAVG,2025-08-24 19:00:00+00:00,42.2125,30.543140411376953,20.77661895751953,50.51547622680664
Chronos2,2025-08-24 00:00:00+00:00,HB_HUBAVG,2025-08-24 20:00:00+00:00,43.8,32.93889236450195,22.08247184753418,54.589698791503906
Chronos2,2025-08-24 00:00:00+00:00,HB_HUBAVG,2025-08-24 21:00:00+00:00,53.0525,35.43579864501953,22.768762588500977,61.41389465332031
Chronos2,2025-08-24 00:00:00+00:00,HB_HUBAVG,2025-08-24 22:00:00+00:00,49.26666666666667,36.78643798828125,23.378835678100586,65.21122741699219
Chronos2,2025-08-24 00:00:00+00:00,HB_HUBAVG,2025-08-24 23:00:00+00:00,95.8625,53.252010345458984,33.78119659423828,87.561767578125
Chronos2,2025-08-24 00:00:00+00:00,HB_PAN,2025-08-24 00:00:00+00:00,100.82416666666666,66.69261169433594,51.59983825683594,87.54203033447266
Chronos2,2025-08-24 00:00:00+00:00,HB_PAN,2025-08-24 01:00:00+00:00,102.70416666666668,58.82122039794922,43.879512786865234,82.14414978027344
Chronos2,2025-08-24 00:00:00+00:00,HB_PAN,2025-08-24 02:00:00+00:00,90.11916666666669,44.62294387817383,32.43993377685547,63.88317108154297
Chronos2,2025-08-24 00:00:00+00:00,HB_PAN,2025-08-24 03:00:00+00:00,55.1225,34.33051300048828,25.2158145904541,48.47153091430664
Chronos2,2025-08-24 00:00:00+00:00,HB_PAN,2025-08-24 04:00:00+00:00,37.7075,28.572221755981445,20.874835968017578,39.79911422729492
Chronos2,2025-08-24 00:00:00+00:00,HB_PAN,2025-08-24 05:00:00+00:00,42.16416666666667,29.705398559570312,22.223888397216797,39.533748626708984
Chronos2,2025-08-24 00:00:00+00:00,HB_PAN,2025-08-24 06:00:00+00:00,32.72666666666667,30.235729217529297,22.678735733032227,39.80952453613281
Chronos2,2025-08-24 00:00:00+00:00,HB_PAN,2025-08-24 07:00:00+00:00,32.40416666666667,29.53994369506836,22.734132766723633,37.85363006591797
Chronos2,2025-08-24 00:00:00+00:00,HB_PAN,2025-08-24 08:00:00+00:00,32.66416666666667,29.282974243164062,22.324981689453125,36.85799026489258
Chronos2,2025-08-24 00:00:00+00:00,HB_PAN,2025-08-24 09:00:00+00:00,33.24916666666667,30.258922576904297,22.77764320373535,39.33079528808594
Chronos2,2025-08-24 00:00:00+00:00,HB_PAN,2025-08-24 10:00:00+00:00,33.40333333333333,33.72108459472656,25.00108528137207,44.52155303955078
Chronos2,2025-08-24 00:00:00+00:00,HB_PAN,2025-08-24 11:00:00+00:00,34.11666666666667,36.5205192565918,27.103046417236328,48.8442497253418
Chronos2,2025-08-24 00:00:00+00:00,HB_PAN,2025-08-24 12:00:00+00:00,31.545,33.2158203125,23.901968002319336,44.65556335449219
Chronos2,2025-08-24 00:00:00+00:00,HB_PAN,2025-08-24 13:00:00+00:00,19.295,21.505128860473633,14.040851593017578,32.38158416748047
Chronos2,2025-08-24 00:00:00+00:00,HB_PAN,2025-08-24 14:00:00+00:00,16.9775,18.52227020263672,11.629373550415039,28.403642654418945
Chronos2,2025-08-24 00:00:00+00:00,HB_PAN,2025-08-24 15:00:00+00:00,17.385,17.64907455444336,10.909461975097656,26.36199188232422
Chronos2,2025-08-24 00:00:00+00:00,HB_PAN,2025-08-24 16:00:00+00:00,19.349166666666665,20.66897201538086,13.421846389770508,33.777565002441406
Chronos2,2025-08-24 00:00:00+00:00,HB_PAN,2025-08-24 17:00:00+00:00,28.799166666666665,24.390233993530273,15.813302993774414,40.60700988769531
Chronos2,2025-08-24 00:00:00+00:00,HB_PAN,2025-08-24 18:00:00+00:00,33.70916666666667,26.968259811401367,17.124797821044922,45.67855453491211
Chronos2,2025-08-24 00:00:00+00:00,HB_PAN,2025-08-24 19:00:00+00:00,40.22,27.338274002075195,17.458879470825195,47.68708801269531
Chronos2,2025-08-24 00:00:00+00:00,HB_PAN,2025-08-24 20:00:00+00:00,40.13583333333333,28.919513702392578,17.20329475402832,52.98164367675781
Chronos2,2025-08-24 00:00:00+00:00,HB_PAN,2025-08-24 21:00:00+00:00,46.89000000000001,29.901348114013672,16.555255889892578,60.96564483642578
Chronos2,2025-08-24 00:00:00+00:00,HB_PAN,2025-08-24 22:00:00+00:00,38.485,28.04340362548828,13.718631744384766,62.827125549316406
Chronos2,2025-08-24 00:00:00+00:00,HB_PAN,2025-08-24 23:00:00+00:00,94.8575,40.105159759521484,21.53249168395996,84.21763610839844
Chronos2,2025-08-24 00:00:00+00:00,LZ_WEST,2025-08-24 00:00:00+00:00,100.82166666666669,68.49430084228516,51.156166076660156,88.63232421875
Chronos2,2025-08-24 00:00:00+00:00,LZ_WEST,2025-08-24 01:00:00+00:00,102.70083333333334,68.38278198242188,49.15672302246094,91.20532989501953
Chronos2,2025-08-24 00:00:00+00:00,LZ_WEST,2025-08-24 02:00:00+00:00,90.1125,66.84899139404297,47.53893280029297,88.70870971679688
Chronos2,2025-08-24 00:00:00+00:00,LZ_WEST,2025-08-24 03:00:00+00:00,68.70083333333334,59.679927825927734,41.18817901611328,81.76564025878906
Chronos2,2025-08-24 00:00:00+00:00,LZ_WEST,2025-08-24 04:00:00+00:00,67.35916666666667,58.62592315673828,41.3337287902832,79.69546508789062
Chronos2,2025-08-24 00:00:00+00:00,LZ_WEST,2025-08-24 05:00:00+00:00,68.66166666666666,62.616722106933594,45.57122802734375,82.86539459228516
Chronos2,2025-08-24 00:00:00+00:00,LZ_WEST,2025-08-24 06:00:00+00:00,57.810833333333335,62.459739685058594,45.282432556152344,82.62841796875
Chronos2,2025-08-24 00:00:00+00:00,LZ_WEST,2025-08-24 07:00:00+00:00,67.38916666666667,58.00871658325195,40.315887451171875,79.18803405761719
Chronos2,2025-08-24 00:00:00+00:00,LZ_WEST,2025-08-24 08:00:00+00:00,74.50416666666666,54.18781280517578,35.452125549316406,78.68587493896484
Chronos2,2025-08-24 00:00:00+00:00,LZ_WEST,2025-08-24 09:00:00+00:00,81.62416666666667,49.12236022949219,26.864103317260742,79.35665130615234
Chronos2,2025-08-24 00:00:00+00:00,LZ_WEST,2025-08-24 10:00:00+00:00,90.18,42.57742691040039,21.940044403076172,85.87171936035156
Chronos2,2025-08-24 00:00:00+00:00,LZ_WEST,2025-08-24 11:00:00+00:00,93.02833333333332,38.9793815612793,19.625919342041016,82.88925170898438
Chronos2,2025-08-24 00:00:00+00:00,LZ_WEST,2025-08-24 12:00:00+00:00,97.83833333333332,33.65161895751953,17.86913299560547,69.98524475097656
Chronos2,2025-08-24 00:00:00+00:00,LZ_WEST,2025-08-24 13:00:00+00:00,19.7425,20.43335723876953,13.271644592285156,38.98460388183594
Chronos2,2025-08-24 00:00:00+00:00,LZ_WEST,2025-08-24 14:00:00+00:00,17.0025,17.338340759277344,12.109874725341797,29.864730834960938
Chronos2,2025-08-24 00:00:00+00:00,LZ_WEST,2025-08-24 15:00:00+00:00,17.405833333333334,16.86554718017578,12.296329498291016,27.27288055419922
Chronos2,2025-08-24 00:00:00+00:00,LZ_WEST,2025-08-24 16:00:00+00:00,19.299166666666668,19.31098175048828,13.745803833007812,30.955286026000977
Chronos2,2025-08-24 00:00:00+00:00,LZ_WEST,2025-08-24 17:00:00+00:00,28.79833333333333,24.563385009765625,17.836769104003906,44.29920196533203
Chronos2,2025-08-24 00:00:00+00:00,LZ_WEST,2025-08-24 18:00:00+00:00,34.4575,28.197986602783203,19.223865509033203,49.96700668334961
Chronos2,2025-08-24 00:00:00+00:00,LZ_WEST,2025-08-24 19:00:00+00:00,41.01083333333333,27.445510864257812,18.47391128540039,50.23359298706055
Chronos2,2025-08-24 00:00:00+00:00,LZ_WEST,2025-08-24 20:00:00+00:00,41.6075,28.320934295654297,18.531566619873047,53.940425872802734
Chronos2,2025-08-24 00:00:00+00:00,LZ_WEST,2025-08-24 21:00:00+00:00,49.69166666666666,35.00934600830078,20.011859893798828,65.16956329345703
Chronos2,2025-08-24 00:00:00+00:00,LZ_WEST,2025-08-24 22:00:00+00:00,42.94833333333333,44.50586700439453,22.314754486083984,84.39115905761719
Chronos2,2025-08-24 00:00:00+00:00,LZ_WEST,2025-08-24 23:00:00+00:00,106.00583333333331,70.70001983642578,35.204803466796875,108.23573303222656
Chronos2,2025-08-25 00:00:00+00:00,HB_HUBAVG,2025-08-25 00:00:00+00:00,116.71750000000002,112.15531921386719,82.40733337402344,153.3727569580078
Chronos2,2025-08-25 00:00:00+00:00,HB_HUBAVG,2025-08-25 01:00:00+00:00,109.4725,107.36949157714844,72.88732147216797,150.03604125976562
Chronos2,2025-08-25 00:00:00+00:00,HB_HUBAVG,2025-08-25 02:00:00+00:00,107.01,94.26705932617188,61.18793487548828,135.33811950683594
Chronos2,2025-08-25 00:00:00+00:00,HB_HUBAVG,2025-08-25 03:00:00+00:00,41.623333333333335,65.13014221191406,45.11984634399414,95.32107543945312
Chronos2,2025-08-25 00:00:00+00:00,HB_HUBAVG,2025-08-25 04:00:00+00:00,34.235,43.36275863647461,31.766773223876953,62.22733688354492
Chronos2,2025-08-25 00:00:00+00:00,HB_HUBAVG,2025-08-25 05:00:00+00:00,27.424166666666668,37.69055938720703,28.285823822021484,52.643375396728516
Chronos2,2025-08-25 00:00:00+00:00,HB_HUBAVG,2025-08-25 06:00:00+00:00,24.955,34.89997100830078,27.127161026000977,47.59907531738281
Chronos2,2025-08-25 00:00:00+00:00,HB_HUBAVG,2025-08-25 07:00:00+00:00,24.4075,33.07663345336914,25.979644775390625,44.463653564453125
Chronos2,2025-08-25 00:00:00+00:00,HB_HUBAVG,2025-08-25 08:00:00+00:00,24.99,32.727386474609375,25.664167404174805,42.880638122558594
Chronos2,2025-08-25 00:00:00+00:00,HB_HUBAVG,2025-08-25 09:00:00+00:00,24.674166666666668,33.32240676879883,25.606115341186523,45.87056350708008
Chronos2,2025-08-25 00:00:00+00:00,HB_HUBAVG,2025-08-25 10:00:00+00:00,25.37,35.71430969238281,26.47393035888672,51.38212585449219
Chronos2,2025-08-25 00:00:00+00:00,HB_HUBAVG,2025-08-25 11:00:00+00:00,25.725,38.81926345825195,27.85823631286621,57.84058380126953
Chronos2,2025-08-25 00:00:00+00:00,HB_HUBAVG,2025-08-25 12:00:00+00:00,24.249166666666667,33.00726318359375,24.325796127319336,48.39888381958008
Chronos2,2025-08-25 00:00:00+00:00,HB_HUBAVG,2025-08-25 13:00:00+00:00,20.48,24.42095947265625,18.431060791015625,36.782371520996094
Chronos2,2025-08-25 00:00:00+00:00,HB_HUBAVG,2025-08-25 14:00:00+00:00,19.563333333333333,21.671857833862305,16.017290115356445,32.4259147644043
Chronos2,2025-08-25 00:00:00+00:00,HB_HUBAVG,2025-08-25 15:00:00+00:00,18.104166666666668,22.37626838684082,16.85069465637207,32.72755813598633
Chronos2,2025-08-25 00:00:00+00:00,HB_HUBAVG,2025-08-25 16:00:00+00:00,20.116666666666664,25.21465301513672,19.073759078979492,38.42452621459961
Chronos2,2025-08-25 00:00:00+00:00,HB_HUBAVG,2025-08-25 17:00:00+00:00,24.43166666666667,34.24795150756836,24.24459457397461,52.6710205078125
Chronos2,2025-08-25 00:00:00+00:00,HB_HUBAVG,2025-08-25 18:00:00+00:00,38.47416666666667,39.42416763305664,26.405532836914062,62.684608459472656
Chronos2,2025-08-25 00:00:00+00:00,HB_HUBAVG,2025-08-25 19:00:00+00:00,35.600833333333334,41.79964065551758,26.9445743560791,67.5222396850586
Chronos2,2025-08-25 00:00:00+00:00,HB_HUBAVG,2025-08-25 20:00:00+00:00,28.939166666666665,49.27924728393555,30.59563636779785,78.25453186035156
Chronos2,2025-08-25 00:00:00+00:00,HB_HUBAVG,2025-08-25 21:00:00+00:00,29.436666666666667,54.57123565673828,30.926631927490234,88.69320678710938
Chronos2,2025-08-25 00:00:00+00:00,HB_HUBAVG,2025-08-25 22:00:00+00:00,42.219166666666666,57.368553161621094,31.790332794189453,97.7940902709961
Chronos2,2025-08-25 00:00:00+00:00,HB_HUBAVG,2025-08-25 23:00:00+00:00,57.04333333333333,80.71806335449219,43.60395812988281,132.06178283691406
Chronos2,2025-08-25 00:00:00+00:00,HB_PAN,2025-08-25 00:00:00+00:00,115.20583333333332,120.80995178222656,85.63335418701172,168.34173583984375
Chronos2,2025-08-25 00:00:00+00:00,HB_PAN,2025-08-25 01:00:00+00:00,104.88083333333331,116.44095611572266,75.86461639404297,165.92138671875
Chronos2,2025-08-25 00:00:00+00:00,HB_PAN,2025-08-25 02:00:00+00:00,97.80833333333334,101.92897033691406,62.60784149169922,149.03115844726562
Chronos2,2025-08-25 00:00:00+00:00,HB_PAN,2025-08-25 03:00:00+00:00,28.31083333333333,64.82801818847656,42.250389099121094,99.4255142211914
Chronos2,2025-08-25 00:00:00+00:00,HB_PAN,2025-08-25 04:00:00+00:00,17.341666666666665,42.852420806884766,29.994022369384766,64.00250244140625
Chronos2,2025-08-25 00:00:00+00:00,HB_PAN,2025-08-25 05:00:00+00:00,22.5375,40.2039909362793,29.159133911132812,57.21553039550781
Chronos2,2025-08-25 00:00:00+00:00,HB_PAN,2025-08-25 06:00:00+00:00,27.136666666666667,38.19834899902344,28.701366424560547,52.482749938964844
Chronos2,2025-08-25 00:00:00+00:00,HB_PAN,2025-08-25 07:00:00+00:00,26.221666666666668,36.226051330566406,27.619796752929688,48.907814025878906
Chronos2,2025-08-25 00:00:00+00:00,HB_PAN,2025-08-25 08:00:00+00:00,26.640833333333333,36.34339904785156,27.485097885131836,48.939292907714844
Chronos2,2025-08-25 00:00:00+00:00,HB_PAN,2025-08-25 09:00:00+00:00,26.90333333333333,36.9071159362793,27.087547302246094,51.24769973754883
Chronos2,2025-08-25 00:00:00+00:00,HB_PAN,2025-08-25 10:00:00+00:00,27.1775,39.55628204345703,27.83174705505371,58.06158447265625
Chronos2,2025-08-25 00:00:00+00:00,HB_PAN,2025-08-25 11:00:00+00:00,26.344166666666663,43.815547943115234,30.785249710083008,65.34761047363281
Chronos2,2025-08-25 00:00:00+00:00,HB_PAN,2025-08-25 12:00:00+00:00,24.535833333333333,36.94447326660156,26.127038955688477,54.9415283203125
Chronos2,2025-08-25 00:00:00+00:00,HB_PAN,2025-08-25 13:00:00+00:00,20.5075,24.065771102905273,16.793333053588867,38.360206604003906
Chronos2,2025-08-25 00:00:00+00:00,HB_PAN,2025-08-25 14:00:00+00:00,19.535833333333333,20.49896240234375,13.689737319946289,32.779029846191406
Chronos2,2025-08-25 00:00:00+00:00,HB_PAN,2025-08-25 15:00:00+00:00,14.386666666666663,21.3134765625,14.670902252197266,33.0847053527832
Chronos2,2025-08-25 00:00:00+00:00,HB_PAN,2025-08-25 16:00:00+00:00,14.024166666666666,23.078676223754883,16.337135314941406,38.83095932006836
Chronos2,2025-08-25 00:00:00+00:00,HB_PAN,2025-08-25 17:00:00+00:00,19.79,31.485557556152344,20.83604621887207,53.33676528930664
Chronos2,2025-08-25 00:00:00+00:00,HB_PAN,2025-08-25 18:00:00+00:00,32.32666666666666,35.99268341064453,22.47759246826172,64.37372589111328
Chronos2,2025-08-25 00:00:00+00:00,HB_PAN,2025-08-25 19:00:00+00:00,33.83583333333333,38.20038986206055,22.025794982910156,69.69390869140625
Chronos2,2025-08-25 00:00:00+00:00,HB_PAN,2025-08-25 20:00:00+00:00,28.964166666666667,44.24232482910156,24.716516494750977,79.65357208251953
Chronos2,2025-08-25 00:00:00+00:00,HB_PAN,2025-08-25 21:00:00+00:00,27.49083333333333,49.13433074951172,24.364234924316406,90.86569213867188
Chronos2,2025-08-25 00:00:00+00:00,HB_PAN,2025-08-25 22:00:00+00:00,39.99666666666666,52.75640106201172,25.51145362854004,106.29524993896484
Chronos2,2025-08-25 00:00:00+00:00,HB_PAN,2025-08-25 23:00:00+00:00,57.90833333333333,87.99452209472656,41.634925842285156,154.56967163085938
Chronos2,2025-08-25 00:00:00+00:00,LZ_WEST,2025-08-25 00:00:00+00:00,127.8725,107.15887451171875,81.70115661621094,149.703857421875
Chronos2,2025-08-25 00:00:00+00:00,LZ_WEST,2025-08-25 01:00:00+00:00,112.95833333333331,100.94830322265625,72.73524475097656,144.43695068359375
Chronos2,2025-08-25 00:00:00+00:00,LZ_WEST,2025-08-25 02:00:00+00:00,111.91166666666668,96.60221099853516,69.57566833496094,136.78765869140625
Chronos2,2025-08-25 00:00:00+00:00,LZ_WEST,2025-08-25 03:00:00+00:00,62.34583333333333,82.04022216796875,59.93267059326172,116.1969223022461
Chronos2,2025-08-25 00:00:00+00:00,LZ_WEST,2025-08-25 04:00:00+00:00,78.335,76.5493392944336,57.42314529418945,106.53498840332031
Chronos2,2025-08-25 00:00:00+00:00,LZ_WEST,2025-08-25 05:00:00+00:00,69.06583333333333,75.4468994140625,55.960147857666016,103.78816223144531
Chronos2,2025-08-25 00:00:00+00:00,LZ_WEST,2025-08-25 06:00:00+00:00,60.59166666666667,72.3268814086914,52.123043060302734,99.70899963378906
Chronos2,2025-08-25 00:00:00+00:00,LZ_WEST,2025-08-25 07:00:00+00:00,54.16333333333333,69.47305297851562,48.79779052734375,97.10741424560547
Chronos2,2025-08-25 00:00:00+00:00,LZ_WEST,2025-08-25 08:00:00+00:00,62.55833333333333,71.23556518554688,49.59196853637695,99.85188293457031
Chronos2,2025-08-25 00:00:00+00:00,LZ_WEST,2025-08-25 09:00:00+00:00,61.3575,74.40182495117188,50.58388900756836,106.610107421875
Chronos2,2025-08-25 00:00:00+00:00,LZ_WEST,2025-08-25 10:00:00+00:00,55.15583333333333,75.97604370117188,46.950462341308594,113.08906555175781
Chronos2,2025-08-25 00:00:00+00:00,LZ_WEST,2025-08-25 11:00:00+00:00,35.865,77.14964294433594,46.723636627197266,118.9572525024414
Chronos2,2025-08-25 00:00:00+00:00,LZ_WEST,2025-08-25 12:00:00+00:00,28.90833333333333,62.45634078979492,38.14405822753906,103.42339324951172
Chronos2,2025-08-25 00:00:00+00:00,LZ_WEST,2025-08-25 13:00:00+00:00,20.929166666666667,27.508018493652344,18.261920928955078,53.81477737426758
Chronos2,2025-08-25 00:00:00+00:00,LZ_WEST,2025-08-25 14:00:00+00:00,19.524166666666662,23.333744049072266,16.41130828857422,44.60511016845703
Chronos2,2025-08-25 00:00:00+00:00,LZ_WEST,2025-08-25 15:00:00+00:00,15.434166666666668,24.67723846435547,19.03437042236328,42.466156005859375
Chronos2,2025-08-25 00:00:00+00:00,LZ_WEST,2025-08-25 16:00:00+00:00,16.058333333333334,26.99709129333496,20.766891479492188,50.340965270996094
Chronos2,2025-08-25 00:00:00+00:00,LZ_WEST,2025-08-25 17:00:00+00:00,20.789166666666667,30.277027130126953,21.89633560180664,64.46697235107422
Chronos2,2025-08-25 00:00:00+00:00,LZ_WEST,2025-08-25 18:00:00+00:00,34.03666666666667,33.88258361816406,22.13796615600586,72.05818176269531
Chronos2,2025-08-25 00:00:00+00:00,LZ_WEST,2025-08-25 19:00:00+00:00,34.03333333333334,34.57211685180664,22.1832275390625,77.98736572265625
Chronos2,2025-08-25 00:00:00+00:00,LZ_WEST,2025-08-25 20:00:00+00:00,28.85083333333333,39.52142333984375,22.608688354492188,89.09978485107422
Chronos2,2025-08-25 00:00:00+00:00,LZ_WEST,2025-08-25 21:00:00+00:00,28.846666666666668,45.189483642578125,22.34445571899414,97.811767578125
Chronos2,2025-08-25 00:00:00+00:00,LZ_WEST,2025-08-25 22:00:00+00:00,42.65333333333333,45.83453369140625,21.51412582397461,103.3019790649414
Chronos2,2025-08-25 00:00:00+00:00,LZ_WEST,2025-08-25 23:00:00+00:00,61.37583333333333,77.53134155273438,37.96333312988281,128.8820037841797
Chronos2,2025-08-26 00:00:00+00:00,HB_HUBAVG,2025-08-26 00:00:00+00:00,66.37416666666667,77.89334106445312,55.25216293334961,108.37352752685547
Chronos2,2025-08-26 00:00:00+00:00,HB_HUBAVG,2025-08-26 01:00:00+00:00,53.71833333333333,76.71383666992188,47.06251907348633,115.42802429199219
Chronos2,2025-08-26 00:00:00+00:00,HB_HUBAVG,2025-08-26 02:00:00+00:00,33.45333333333333,66.81546020507812,40.27443313598633,107.29959106445312
Chronos2,2025-08-26 00:00:00+00:00,HB_HUBAVG,2025-08-26 03:00:00+00:00,31.3575,45.35411834716797,33.046817779541016,68.8771743774414
Chronos2,2025-08-26 00:00:00+00:00,HB_HUBAVG,2025-08-26 04:00:00+00:00,26.4725,32.7358512878418,25.65928840637207,44.7682991027832
Chronos2,2025-08-26 00:00:00+00:00,HB_HUBAVG,2025-08-26 05:00:00+00:00,24.3225,28.77685546875,23.59299087524414,37.76387405395508
Chronos2,2025-08-26 00:00:00+00:00,HB_HUBAVG,2025-08-26 06:00:00+00:00,23.8225,27.518342971801758,23.12696647644043,35.07915115356445
Chronos2,2025-08-26 00:00:00+00:00,HB_HUBAVG,2025-08-26 07:00:00+00:00,24.56833333333333,26.857200622558594,22.401411056518555,33.49214172363281
Chronos2,2025-08-26 00:00:00+00:00,HB_HUBAVG,2025-08-26 08:00:00+00:00,24.410833333333333,26.609161376953125,21.950132369995117,32.64544677734375
Chronos2,2025-08-26 00:00:00+00:00,HB_HUBAVG,2025-08-26 09:00:00+00:00,25.365,27.333162307739258,22.20135498046875,35.3528938293457
Chronos2,2025-08-26 00:00:00+00:00,HB_HUBAVG,2025-08-26 10:00:00+00:00,28.5875,29.422283172607422,23.021194458007812,39.57537078857422
Chronos2,2025-08-26 00:00:00+00:00,HB_HUBAVG,2025-08-26 11:00:00+00:00,41.39833333333333,31.022592544555664,23.486270904541016,42.80500030517578
Chronos2,2025-08-26 00:00:00+00:00,HB_HUBAVG,2025-08-26 12:00:00+00:00,46.465833333333336,27.29001235961914,20.984756469726562,36.79986572265625
Chronos2,2025-08-26 00:00:00+00:00,HB_HUBAVG,2025-08-26 13:00:00+00:00,26.16916666666667,20.759132385253906,16.606369018554688,27.803966522216797
Chronos2,2025-08-26 00:00:00+00:00,HB_HUBAVG,2025-08-26 14:00:00+00:00,23.75583333333333,18.818920135498047,14.940496444702148,25.177188873291016
Chronos2,2025-08-26 00:00:00+00:00,HB_HUBAVG,2025-08-26 15:00:00+00:00,23.4225,19.128950119018555,15.351171493530273,24.718271255493164
Chronos2,2025-08-26 00:00:00+00:00,HB_HUBAVG,2025-08-26 16:00:00+00:00,24.329166666666666,22.33434295654297,17.771665573120117,30.924882888793945
Chronos2,2025-08-26 00:00:00+00:00,HB_HUBAVG,2025-08-26 17:00:00+00:00,36.715833333333336,26.273853302001953,20.042572021484375,41.248775482177734
Chronos2,2025-08-26 00:00:00+00:00,HB_HUBAVG,2025-08-26 18:00:00+00:00,47.4675,32.37043762207031,22.662132263183594,53.22307205200195
Chronos2,2025-08-26 00:00:00+00:00,HB_HUBAVG,2025-08-26 19:00:00+00:00,48.7325,35.168460845947266,23.57088851928711,58.683326721191406
Chronos2,2025-08-26 00:00:00+00:00,HB_HUBAVG,2025-08-26 20:00:00+00:00,56.56666666666666,38.15147018432617,24.340070724487305,66.70846557617188
Chronos2,2025-08-26 00:00:00+00:00,HB_HUBAVG,2025-08-26 21:00:00+00:00,51.88166666666666,44.42182159423828,25.825284957885742,79.29444122314453
Chronos2,2025-08-26 00:00:00+00:00,HB_HUBAVG,2025-08-26 22:00:00+00:00,49.8025,48.28343200683594,29.264406204223633,84.10851287841797
Chronos2,2025-08-26 00:00:00+00:00,HB_HUBAVG,2025-08-26 23:00:00+00:00,54.10333333333333,61.84911346435547,36.21428680419922,106.34196472167969
Chronos2,2025-08-26 00:00:00+00:00,HB_PAN,2025-08-26 00:00:00+00:00,32.93833333333333,81.28985595703125,56.912357330322266,114.77474975585938
Chronos2,2025-08-26 00:00:00+00:00,HB_PAN,2025-08-26 01:00:00+00:00,36.06666666666667,78.71633911132812,47.71698760986328,118.43568420410156
Chronos2,2025-08-26 00:00:00+00:00,HB_PAN,2025-08-26 02:00:00+00:00,22.609166666666667,68.06781005859375,38.76200866699219,111.87982177734375
Chronos2,2025-08-26 00:00:00+00:00,HB_PAN,2025-08-26 03:00:00+00:00,22.31083333333333,41.915130615234375,28.01235580444336,69.68850708007812
Chronos2,2025-08-26 00:00:00+00:00,HB_PAN,2025-08-26 04:00:00+00:00,25.69833333333333,28.639320373535156,20.134714126586914,44.901668548583984
Chronos2,2025-08-26 00:00:00+00:00,HB_PAN,2025-08-26 05:00:00+00:00,24.910833333333333,27.6209716796875,20.642072677612305,40.00510025024414
Chronos2,2025-08-26 00:00:00+00:00,HB_PAN,2025-08-26 06:00:00+00:00,24.05666666666667,27.42522621154785,21.21718406677246,38.90552520751953
Chronos2,2025-08-26 00:00:00+00:00,HB_PAN,2025-08-26 07:00:00+00:00,24.81083333333333,26.497745513916016,20.466636657714844,36.915645599365234
Chronos2,2025-08-26 00:00:00+00:00,HB_PAN,2025-08-26 08:00:00+00:00,24.5975,26.48165512084961,19.89256477355957,35.989593505859375
Chronos2,2025-08-26 00:00:00+00:00,HB_PAN,2025-08-26 09:00:00+00:00,25.366666666666664,26.676965713500977,19.53334617614746,39.20928955078125
Chronos2,2025-08-26 00:00:00+00:00,HB_PAN,2025-08-26 10:00:00+00:00,28.5875,28.43157196044922,20.075523376464844,43.193092346191406
Chronos2,2025-08-26 00:00:00+00:00,HB_PAN,2025-08-26 11:00:00+00:00,41.39833333333333,30.379905700683594,20.69183349609375,46.9530029296875
Chronos2,2025-08-26 00:00:00+00:00,HB_PAN,2025-08-26 12:00:00+00:00,46.465833333333336,26.811681747436523,18.216890335083008,41.50157165527344
Chronos2,2025-08-26 00:00:00+00:00,HB_PAN,2025-08-26 13:00:00+00:00,26.1925,19.36264419555664,13.038192749023438,31.582839965820312
Chronos2,2025-08-26 00:00:00+00:00,HB_PAN,2025-08-26 14:00:00+00:00,23.75583333333333,17.299673080444336,11.338104248046875,28.469573974609375
Chronos2,2025-08-26 00:00:00+00:00,HB_PAN,2025-08-26 15:00:00+00:00,23.42333333333333,17.403554916381836,11.567501068115234,27.191015243530273
Chronos2,2025-08-26 00:00:00+00:00,HB_PAN,2025-08-26 16:00:00+00:00,24.329166666666666,19.13042640686035,13.018545150756836,32.577796936035156
Chronos2,2025-08-26 00:00:00+00:00,HB_PAN,2025-08-26 17:00:00+00:00,36.715833333333336,22.50979232788086,14.780965805053711,43.34883499145508
Chronos2,2025-08-26 00:00:00+00:00,HB_PAN,2025-08-26 18:00:00+00:00,47.498333333333335,28.91609764099121,17.848461151123047,54.6666259765625
Chronos2,2025-08-26 00:00:00+00:00,HB_PAN,2025-08-26 19:00:00+00:00,48.74916666666667,32.293270111083984,19.442590713500977,61.23030090332031
Chronos2,2025-08-26 00:00:00+00:00,HB_PAN,2025-08-26 20:00:00+00:00,57.22166666666666,36.3101806640625,20.75003433227539,72.25013732910156
Chronos2,2025-08-26 00:00:00+00:00,HB_PAN,2025-08-26 21:00:00+00:00,52.88583333333333,42.90798568725586,21.600833892822266,86.40098571777344
Chronos2,2025-08-26 00:00:00+00:00,HB_PAN,2025-08-26 22:00:00+00:00,49.54666666666666,47.329925537109375,25.32571029663086,94.87115478515625
Chronos2,2025-08-26 00:00:00+00:00,HB_PAN,2025-08-26 23:00:00+00:00,55.81166666666667,60.47125244140625,32.582359313964844,116.04495239257812
Chronos2,2025-08-26 00:00:00+00:00,LZ_WEST,2025-08-26 00:00:00+00:00,79.14583333333333,84.61033630371094,63.91826629638672,111.02397918701172
Chronos2,2025-08-26 00:00:00+00:00,LZ_WEST,2025-08-26 01:00:00+00:00,65.3425,84.68012237548828,62.632957458496094,112.48167419433594
Chronos2,2025-08-26 00:00:00+00:00,LZ_WEST,2025-08-26 02:00:00+00:00,52.0025,78.34089660644531,57.493621826171875,104.9017333984375
Chronos2,2025-08-26 00:00:00+00:00,LZ_WEST,2025-08-26 03:00:00+00:00,48.70666666666667,64.98456573486328,46.06548309326172,87.94615173339844
Chronos2,2025-08-26 00:00:00+00:00,LZ_WEST,2025-08-26 04:00:00+00:00,40.8675,61.93763732910156,45.605445861816406,82.45358276367188
Chronos2,2025-08-26 00:00:00+00:00,LZ_WEST,2025-08-26 05:00:00+00:00,33.559999999999995,64.87045288085938,49.73451614379883,82.82508850097656
Chronos2,2025-08-26 00:00:00+00:00,LZ_WEST,2025-08-26 06:00:00+00:00,27.516666666666666,63.516963958740234,48.775047302246094,80.77162170410156
Chronos2,2025-08-26 00:00:00+00:00,LZ_WEST,2025-08-26 07:00:00+00:00,28.415000000000003,63.13338088989258,46.93288803100586,81.50555419921875
Chronos2,2025-08-26 00:00:00+00:00,LZ_WEST,2025-08-26 08:00:00+00:00,27.249166666666667,66.71646118164062,47.532901763916016,87.15962219238281
Chronos2,2025-08-26 00:00:00+00:00,LZ_WEST,2025-08-26 09:00:00+00:00,25.389166666666668,69.42839050292969,45.288028717041016,91.70968627929688
Chronos2,2025-08-26 00:00:00+00:00,LZ_WEST,2025-08-26 10:00:00+00:00,28.5875,68.98733520507812,37.65528106689453,95.06890869140625
Chronos2,2025-08-26 00:00:00+00:00,LZ_WEST,2025-08-26 11:00:00+00:00,41.39833333333333,63.93478012084961,30.488739013671875,96.75588989257812
Chronos2,2025-08-26 00:00:00+00:00,LZ_WEST,2025-08-26 12:00:00+00:00,46.465833333333336,46.19247817993164,22.009071350097656,81.94248962402344
Chronos2,2025-08-26 00:00:00+00:00,LZ_WEST,2025-08-26 13:00:00+00:00,26.613333333333333,21.838043212890625,14.66757583618164,41.3170166015625
Chronos2,2025-08-26 00:00:00+00:00,LZ_WEST,2025-08-26 14:00:00+00:00,23.75583333333333,18.97921371459961,14.38616943359375,34.07016372680664
Chronos2,2025-08-26 00:00:00+00:00,LZ_WEST,2025-08-26 15:00:00+00:00,23.43166666666667,19.502681732177734,15.839393615722656,30.68497657775879
Chronos2,2025-08-26 00:00:00+00:00,LZ_WEST,2025-08-26 16:00:00+00:00,24.33666666666667,21.690963745117188,16.764583587646484,38.561798095703125
Chronos2,2025-08-26 00:00:00+00:00,LZ_WEST,2025-08-26 17:00:00+00:00,36.715833333333336,24.439361572265625,18.617565155029297,47.25496292114258
Chronos2,2025-08-26 00:00:00+00:00,LZ_WEST,2025-08-26 18:00:00+00:00,47.49583333333334,29.60416030883789,20.353931427001953,57.88304901123047
Chronos2,2025-08-26 00:00:00+00:00,LZ_WEST,2025-08-26 19:00:00+00:00,48.74666666666667,32.68968200683594,21.706485748291016,63.94944763183594
Chronos2,2025-08-26 00:00:00+00:00,LZ_WEST,2025-08-26 20:00:00+00:00,57.39833333333333,35.92177200317383,22.882156372070312,70.56693267822266
Chronos2,2025-08-26 00:00:00+00:00,LZ_WEST,2025-08-26 21:00:00+00:00,53.615,43.01821517944336,24.4647216796875,78.44026184082031
Chronos2,2025-08-26 00:00:00+00:00,LZ_WEST,2025-08-26 22:00:00+00:00,50.65583333333333,47.43504333496094,28.588714599609375,82.72901153564453
Chronos2,2025-08-26 00:00:00+00:00,LZ_WEST,2025-08-26 23:00:00+00:00,56.35833333333333,63.6717529296875,37.83518981933594,100.10145568847656
Chronos2,2025-08-27 00:00:00+00:00,HB_HUBAVG,2025-08-27 00:00:00+00:00,48.17,71.61878967285156,54.07449722290039,96.83091735839844
Chronos2,2025-08-27 00:00:00+00:00,HB_HUBAVG,2025-08-27 01:00:00+00:00,68.35666666666667,65.95984649658203,45.64810562133789,98.83097839355469
Chronos2,2025-08-27 00:00:00+00:00,HB_HUBAVG,2025-08-27 02:00:00+00:00,56.03083333333333,51.586124420166016,34.92647171020508,83.64485168457031
Chronos2,2025-08-27 00:00:00+00:00,HB_HUBAVG,2025-08-27 03:00:00+00:00,36.10416666666666,40.79248809814453,29.042415618896484,63.391136169433594
Chronos2,2025-08-27 00:00:00+00:00,HB_HUBAVG,2025-08-27 04:00:00+00:00,31.186666666666667,32.3231315612793,23.754213333129883,47.91065979003906
Chronos2,2025-08-27 00:00:00+00:00,HB_HUBAVG,2025-08-27 05:00:00+00:00,27.545,28.719738006591797,22.166057586669922,41.180389404296875
Chronos2,2025-08-27 00:00:00+00:00,HB_HUBAVG,2025-08-27 06:00:00+00:00,27.255,27.787612915039062,22.123031616210938,38.792964935302734
Chronos2,2025-08-27 00:00:00+00:00,HB_HUBAVG,2025-08-27 07:00:00+00:00,26.996666666666663,27.525390625,22.00162124633789,37.3614387512207
Chronos2,2025-08-27 00:00:00+00:00,HB_HUBAVG,2025-08-27 08:00:00+00:00,28.194166666666664,28.115018844604492,22.664207458496094,36.49878692626953
Chronos2,2025-08-27 00:00:00+00:00,HB_HUBAVG,2025-08-27 09:00:00+00:00,30.96166666666667,29.509225845336914,23.276371002197266,39.35029983520508
Chronos2,2025-08-27 00:00:00+00:00,HB_HUBAVG,2025-08-27 10:00:00+00:00,35.215833333333336,31.623214721679688,24.2460880279541,43.44755172729492
Chronos2,2025-08-27 00:00:00+00:00,HB_HUBAVG,2025-08-27 11:00:00+00:00,48.32583333333333,34.73846435546875,25.55664825439453,50.42520523071289
Chronos2,2025-08-27 00:00:00+00:00,HB_HUBAVG,2025-08-27 12:00:00+00:00,66.655,32.19562530517578,23.440858840942383,48.13933181762695
Chronos2,2025-08-27 00:00:00+00:00,HB_HUBAVG,2025-08-27 13:00:00+00:00,27.3425,23.1887264251709,17.912796020507812,34.91405487060547
Chronos2,2025-08-27 00:00:00+00:00,HB_HUBAVG,2025-08-27 14:00:00+00:00,23.184166666666663,20.26500129699707,15.568281173706055,30.096454620361328
Chronos2,2025-08-27 00:00:00+00:00,HB_HUBAVG,2025-08-27 15:00:00+00:00,22.629166666666663,19.85588836669922,15.35787582397461,28.962966918945312
Chronos2,2025-08-27 00:00:00+00:00,HB_HUBAVG,2025-08-27 16:00:00+00:00,23.52583333333333,21.50458526611328,16.27939796447754,31.586069107055664
Chronos2,2025-08-27 00:00:00+00:00,HB_HUBAVG,2025-08-27 17:00:00+00:00,27.219166666666663,28.279361724853516,19.72514533996582,46.39519119262695
Chronos2,2025-08-27 00:00:00+00:00,HB_HUBAVG,2025-08-27 18:00:00+00:00,30.18166666666667,36.923423767089844,23.514015197753906,60.880401611328125
Chronos2,2025-08-27 00:00:00+00:00,HB_HUBAVG,2025-08-27 19:00:00+00:00,41.46583333333333,40.77171325683594,25.52655792236328,65.41096496582031
Chronos2,2025-08-27 00:00:00+00:00,HB_HUBAVG,2025-08-27 20:00:00+00:00,59.8,44.5749626159668,28.341960906982422,68.62045288085938
Chronos2,2025-08-27 00:00:00+00:00,HB_HUBAVG,2025-08-27 21:00:00+00:00,63.10999999999999,48.131866455078125,30.614662170410156,73.3551254272461
Chronos2,2025-08-27 00:00:00+00:00,HB_HUBAVG,2025-08-27 22:00:00+00:00,38.594166666666666,50.88886260986328,31.81026268005371,77.84866333007812
Chronos2,2025-08-27 00:00:00+00:00,HB_HUBAVG,2025-08-27 23:00:00+00:00,53.0225,64.6880111694336,38.64675521850586,100.49836730957031
Chronos2,2025-08-27 00:00:00+00:00,HB_PAN,2025-08-27 00:00:00+00:00,49.92083333333333,71.2033462524414,47.22250747680664,103.60076904296875
Chronos2,2025-08-27 00:00:00+00:00,HB_PAN,2025-08-27 01:00:00+00:00,70.15083333333332,67.73126220703125,39.20341491699219,108.60298156738281
Chronos2,2025-08-27 00:00:00+00:00,HB_PAN,2025-08-27 02:00:00+00:00,57.14416666666667,56.323280334472656,31.142024993896484,95.52694702148438
Chronos2,2025-08-27 00:00:00+00:00,HB_PAN,2025-08-27 03:00:00+00:00,35.75833333333333,43.399566650390625,25.16150665283203,73.15530395507812
Chronos2,2025-08-27 00:00:00+00:00,HB_PAN,2025-08-27 04:00:00+00:00,31.73,34.35297775268555,20.38240623474121,55.93388748168945
Chronos2,2025-08-27 00:00:00+00:00,HB_PAN,2025-08-27 05:00:00+00:00,29.365,31.907238006591797,20.157297134399414,49.627967834472656
Chronos2,2025-08-27 00:00:00+00:00,HB_PAN,2025-08-27 06:00:00+00:00,29.75916666666667,31.013896942138672,20.180700302124023,47.084232330322266
Chronos2,2025-08-27 00:00:00+00:00,HB_PAN,2025-08-27 07:00:00+00:00,29.449166666666667,29.28120231628418,18.746578216552734,44.39540100097656
Chronos2,2025-08-27 00:00:00+00:00,HB_PAN,2025-08-27 08:00:00+00:00,29.63833333333333,28.375242233276367,18.038402557373047,44.02699279785156
Chronos2,2025-08-27 00:00:00+00:00,HB_PAN,2025-08-27 09:00:00+00:00,32.97666666666667,27.344758987426758,16.825490951538086,43.2887077331543
Chronos2,2025-08-27 00:00:00+00:00,HB_PAN,2025-08-27 10:00:00+00:00,36.67083333333333,27.782798767089844,16.810077667236328,45.65338897705078
Chronos2,2025-08-27 00:00:00+00:00,HB_PAN,2025-08-27 11:00:00+00:00,50.55833333333334,30.19723129272461,17.201101303100586,51.82479476928711
Chronos2,2025-08-27 00:00:00+00:00,HB_PAN,2025-08-27 12:00:00+00:00,68.28833333333333,28.946134567260742,15.916351318359375,50.38196563720703
Chronos2,2025-08-27 00:00:00+00:00,HB_PAN,2025-08-27 13:00:00+00:00,27.593333333333337,22.415346145629883,13.22574234008789,38.74406433105469
Chronos2,2025-08-27 00:00:00+00:00,HB_PAN,2025-08-27 14:00:00+00:00,23.269166666666667,19.550535202026367,11.10195541381836,34.508033752441406
Chronos2,2025-08-27 00:00:00+00:00,HB_PAN,2025-08-27 15:00:00+00:00,22.616666666666664,18.34075927734375,10.308073043823242,31.603134155273438
Chronos2,2025-08-27 00:00:00+00:00,HB_PAN,2025-08-27 16:00:00+00:00,23.46333333333333,18.62512969970703,11.331960678100586,32.42638397216797
Chronos2,2025-08-27 00:00:00+00:00,HB_PAN,2025-08-27 17:00:00+00:00,25.189166666666665,23.828533172607422,13.685111999511719,45.67013168334961
Chronos2,2025-08-27 00:00:00+00:00,HB_PAN,2025-08-27 18:00:00+00:00,29.505,31.58914566040039,17.142467498779297,57.677913665771484
Chronos2,2025-08-27 00:00:00+00:00,HB_PAN,2025-08-27 19:00:00+00:00,42.495,36.87677001953125,19.549531936645508,62.74542236328125
Chronos2,2025-08-27 00:00:00+00:00,HB_PAN,2025-08-27 20:00:00+00:00,59.1375,42.6588134765625,23.463510513305664,67.5322494506836
Chronos2,2025-08-27 00:00:00+00:00,HB_PAN,2025-08-27 21:00:00+00:00,64.3325,48.39754104614258,26.863651275634766,76.2098388671875
Chronos2,2025-08-27 00:00:00+00:00,HB_PAN,2025-08-27 22:00:00+00:00,40.4325,52.816566467285156,28.562564849853516,84.44513702392578
Chronos2,2025-08-27 00:00:00+00:00,HB_PAN,2025-08-27 23:00:00+00:00,55.8025,69.3668212890625,34.09082794189453,113.88291931152344
Chronos2,2025-08-27 00:00:00+00:00,LZ_WEST,2025-08-27 00:00:00+00:00,50.50666666666667,76.92240905761719,60.22028732299805,95.06166076660156
Chronos2,2025-08-27 00:00:00+00:00,LZ_WEST,2025-08-27 01:00:00+00:00,70.75333333333333,71.4059829711914,52.25282287597656,93.94234466552734
Chronos2,2025-08-27 00:00:00+00:00,LZ_WEST,2025-08-27 02:00:00+00:00,58.6925,64.87196350097656,44.66672134399414,88.16404724121094
Chronos2,2025-08-27 00:00:00+00:00,LZ_WEST,2025-08-27 03:00:00+00:00,47.1525,57.926414489746094,38.0009765625,82.0928955078125
Chronos2,2025-08-27 00:00:00+00:00,LZ_WEST,2025-08-27 04:00:00+00:00,48.36333333333334,54.839630126953125,33.58538055419922,81.1976318359375
Chronos2,2025-08-27 00:00:00+00:00,LZ_WEST,2025-08-27 05:00:00+00:00,57.51333333333333,55.05793380737305,30.017261505126953,84.4239273071289
Chronos2,2025-08-27 00:00:00+00:00,LZ_WEST,2025-08-27 06:00:00+00:00,65.23,53.747894287109375,27.60079002380371,84.497802734375
Chronos2,2025-08-27 00:00:00+00:00,LZ_WEST,2025-08-27 07:00:00+00:00,64.34916666666668,55.934940338134766,28.85698699951172,86.06462097167969
Chronos2,2025-08-27 00:00:00+00:00,LZ_WEST,2025-08-27 08:00:00+00:00,50.2775,59.169044494628906,30.676362991333008,90.57817077636719
Chronos2,2025-08-27 00:00:00+00:00,LZ_WEST,2025-08-27 09:00:00+00:00,61.45666666666667,60.90348815917969,31.126436233520508,91.56071472167969
Chronos2,2025-08-27 00:00:00+00:00,LZ_WEST,2025-08-27 10:00:00+00:00,57.03916666666667,61.9511833190918,29.28244972229004,93.56803894042969
Chronos2,2025-08-27 00:00:00+00:00,LZ_WEST,2025-08-27 11:00:00+00:00,69.24166666666666,61.59716033935547,30.798524856567383,94.3092041015625
Chronos2,2025-08-27 00:00:00+00:00,LZ_WEST,2025-08-27 12:00:00+00:00,81.02416666666666,53.138057708740234,27.395593643188477,81.30924987792969
Chronos2,2025-08-27 00:00:00+00:00,LZ_WEST,2025-08-27 13:00:00+00:00,27.820000000000004,24.08382797241211,14.832366943359375,43.844139099121094
Chronos2,2025-08-27 00:00:00+00:00,LZ_WEST,2025-08-27 14:00:00+00:00,23.366666666666664,19.965591430664062,13.905017852783203,33.826385498046875
Chronos2,2025-08-27 00:00:00+00:00,LZ_WEST,2025-08-27 15:00:00+00:00,22.701666666666668,20.153675079345703,14.962017059326172,31.81656265258789
Chronos2,2025-08-27 00:00:00+00:00,LZ_WEST,2025-08-27 16:00:00+00:00,23.45833333333333,22.005390167236328,15.126346588134766,38.86653137207031
Chronos2,2025-08-27 00:00:00+00:00,LZ_WEST,2025-08-27 17:00:00+00:00,24.96333333333333,30.248899459838867,18.787250518798828,55.95226287841797
Chronos2,2025-08-27 00:00:00+00:00,LZ_WEST,2025-08-27 18:00:00+00:00,29.430833333333336,37.05095672607422,20.90644073486328,65.0235595703125
Chronos2,2025-08-27 00:00:00+00:00,LZ_WEST,2025-08-27 19:00:00+00:00,42.67166666666666,39.907623291015625,22.108112335205078,68.30934143066406
Chronos2,2025-08-27 00:00:00+00:00,LZ_WEST,2025-08-27 20:00:00+00:00,59.1575,43.564212799072266,23.89905548095703,70.79596710205078
Chronos2,2025-08-27 00:00:00+00:00,LZ_WEST,2025-08-27 21:00:00+00:00,64.60916666666667,46.55492401123047,26.3592586517334,73.83624267578125
Chronos2,2025-08-27 00:00:00+00:00,LZ_WEST,2025-08-27 22:00:00+00:00,40.91666666666666,47.42190933227539,26.748369216918945,74.64573669433594
Chronos2,2025-08-27 00:00:00+00:00,LZ_WEST,2025-08-27 23:00:00+00:00,56.43833333333333,59.97548294067383,33.80628204345703,88.42772674560547
Chronos2,2025-08-28 00:00:00+00:00,HB_HUBAVG,2025-08-28 00:00:00+00:00,62.15,69.54153442382812,49.3919792175293,104.71282958984375
Chronos2,2025-08-28 00:00:00+00:00,HB_HUBAVG,2025-08-28 01:00:00+00:00,63.5075,72.30464172363281,46.58484649658203,117.64077758789062
Chronos2,2025-08-28 00:00:00+00:00,HB_HUBAVG,2025-08-28 02:00:00+00:00,50.51333333333333,59.2918701171875,38.33168411254883,101.55815124511719
Chronos2,2025-08-28 00:00:00+00:00,HB_HUBAVG,2025-08-28 03:00:00+00:00,33.19416666666667,42.99559020996094,31.222511291503906,66.52782440185547
Chronos2,2025-08-28 00:00:00+00:00,HB_HUBAVG,2025-08-28 04:00:00+00:00,26.506666666666664,33.09506607055664,25.54632568359375,46.080745697021484
Chronos2,2025-08-28 00:00:00+00:00,HB_HUBAVG,2025-08-28 05:00:00+00:00,24.314166666666665,29.72118377685547,24.27937889099121,39.239871978759766
Chronos2,2025-08-28 00:00:00+00:00,HB_HUBAVG,2025-08-28 06:00:00+00:00,21.70583333333333,28.955326080322266,24.053518295288086,37.54011154174805
Chronos2,2025-08-28 00:00:00+00:00,HB_HUBAVG,2025-08-28 07:00:00+00:00,19.101666666666667,28.908828735351562,23.95452308654785,36.29261016845703
Chronos2,2025-08-28 00:00:00+00:00,HB_HUBAVG,2025-08-28 08:00:00+00:00,18.05583333333333,29.436763763427734,24.332225799560547,36.39280700683594
Chronos2,2025-08-28 00:00:00+00:00,HB_HUBAVG,2025-08-28 09:00:00+00:00,17.824166666666667,31.626855850219727,25.465251922607422,40.68133544921875
Chronos2,2025-08-28 00:00:00+00:00,HB_HUBAVG,2025-08-28 10:00:00+00:00,18.979166666666668,36.4721794128418,28.06124496459961,49.22914123535156
Chronos2,2025-08-28 00:00:00+00:00,HB_HUBAVG,2025-08-28 11:00:00+00:00,19.988333333333333,44.723018646240234,33.18035888671875,63.140079498291016
Chronos2,2025-08-28 00:00:00+00:00,HB_HUBAVG,2025-08-28 12:00:00+00:00,19.281666666666663,43.012290954589844,31.48145294189453,61.83515167236328
Chronos2,2025-08-28 00:00:00+00:00,HB_HUBAVG,2025-08-28 13:00:00+00:00,13.93,24.931514739990234,20.35614585876465,33.6097526550293
Chronos2,2025-08-28 00:00:00+00:00,HB_HUBAVG,2025-08-28 14:00:00+00:00,9.9225,22.069255828857422,18.12700653076172,28.105398178100586
Chronos2,2025-08-28 00:00:00+00:00,HB_HUBAVG,2025-08-28 15:00:00+00:00,10.480833333333331,22.349395751953125,18.66230583190918,27.825586318969727
Chronos2,2025-08-28 00:00:00+00:00,HB_HUBAVG,2025-08-28 16:00:00+00:00,14.273333333333332,25.197654724121094,20.1119384765625,35.009315490722656
Chronos2,2025-08-28 00:00:00+00:00,HB_HUBAVG,2025-08-28 17:00:00+00:00,20.31833333333333,33.590858459472656,24.42209815979004,51.653114318847656
Chronos2,2025-08-28 00:00:00+00:00,HB_HUBAVG,2025-08-28 18:00:00+00:00,40.6575,40.69710922241211,27.117305755615234,67.03414916992188
Chronos2,2025-08-28 00:00:00+00:00,HB_HUBAVG,2025-08-28 19:00:00+00:00,69.60833333333333,43.801910400390625,28.8004150390625,72.43055725097656
Chronos2,2025-08-28 00:00:00+00:00,HB_HUBAVG,2025-08-28 20:00:00+00:00,71.91833333333334,48.50993347167969,31.578929901123047,80.45903015136719
Chronos2,2025-08-28 00:00:00+00:00,HB_HUBAVG,2025-08-28 21:00:00+00:00,73.28916666666667,50.56559371948242,31.65060806274414,85.10848999023438
Chronos2,2025-08-28 00:00:00+00:00,HB_HUBAVG,2025-08-28 22:00:00+00:00,47.781666666666666,50.23705291748047,31.61514663696289,84.51922607421875
Chronos2,2025-08-28 00:00:00+00:00,HB_HUBAVG,2025-08-28 23:00:00+00:00,53.14166666666667,66.4454345703125,39.37257385253906,118.23289489746094
Chronos2,2025-08-28 00:00:00+00:00,HB_PAN,2025-08-28 00:00:00+00:00,65.71,68.33019256591797,47.55089569091797,103.53877258300781
Chronos2,2025-08-28 00:00:00+00:00,HB_PAN,2025-08-28 01:00:00+00:00,67.24416666666667,71.07317352294922,43.283287048339844,117.18595886230469
Chronos2,2025-08-28 00:00:00+00:00,HB_PAN,2025-08-28 02:00:00+00:00,48.915,55.72100067138672,32.769649505615234,100.09039306640625
Chronos2,2025-08-28 00:00:00+00:00,HB_PAN,2025-08-28 03:00:00+00:00,25.52,39.02024841308594,26.889404296875,65.18435668945312
Chronos2,2025-08-28 00:00:00+00:00,HB_PAN,2025-08-28 04:00:00+00:00,19.655,31.660648345947266,23.234628677368164,46.443572998046875
Chronos2,2025-08-28 00:00:00+00:00,HB_PAN,2025-08-28 05:00:00+00:00,17.791666666666668,30.73636245727539,23.723920822143555,42.181175231933594
Chronos2,2025-08-28 00:00:00+00:00,HB_PAN,2025-08-28 06:00:00+00:00,18.204166666666666,30.878454208374023,24.318256378173828,41.5252685546875
Chronos2,2025-08-28 00:00:00+00:00,HB_PAN,2025-08-28 07:00:00+00:00,19.12,30.994300842285156,24.486865997314453,40.76496505737305
Chronos2,2025-08-28 00:00:00+00:00,HB_PAN,2025-08-28 08:00:00+00:00,17.995,32.19353485107422,24.76192855834961,42.485496520996094
Chronos2,2025-08-28 00:00:00+00:00,HB_PAN,2025-08-28 09:00:00+00:00,17.684166666666666,34.53276062011719,26.319318771362305,46.71834945678711
Chronos2,2025-08-28 00:00:00+00:00,HB_PAN,2025-08-28 10:00:00+00:00,18.979166666666668,38.68955612182617,28.85625457763672,54.12248992919922
Chronos2,2025-08-28 00:00:00+00:00,HB_PAN,2025-08-28 11:00:00+00:00,19.925833333333333,44.64655685424805,32.5409049987793,62.31667709350586
Chronos2,2025-08-28 00:00:00+00:00,HB_PAN,2025-08-28 12:00:00+00:00,19.273333333333333,41.628692626953125,29.65951919555664,60.12696075439453
Chronos2,2025-08-28 00:00:00+00:00,HB_PAN,2025-08-28 13:00:00+00:00,13.2575,24.84036636352539,18.17990493774414,36.719383239746094
Chronos2,2025-08-28 00:00:00+00:00,HB_PAN,2025-08-28 14:00:00+00:00,3.62,21.333030700683594,15.511558532714844,30.665538787841797
Chronos2,2025-08-28 00:00:00+00:00,HB_PAN,2025-08-28 15:00:00+00:00,3.1666666666666665,21.376487731933594,15.884807586669922,29.475448608398438
Chronos2,2025-08-28 00:00:00+00:00,HB_PAN,2025-08-28 16:00:00+00:00,7.7425,23.659639358520508,17.36774444580078,36.999778747558594
Chronos2,2025-08-28 00:00:00+00:00,HB_PAN,2025-08-28 17:00:00+00:00,17.00166666666667,30.290847778320312,20.6281681060791,50.29334259033203
Chronos2,2025-08-28 00:00:00+00:00,HB_PAN,2025-08-28 18:00:00+00:00,38.81666666666667,37.012577056884766,23.468442916870117,64.23878479003906
Chronos2,2025-08-28 00:00:00+00:00,HB_PAN,2025-08-28 19:00:00+00:00,76.08333333333333,40.083492279052734,24.816879272460938,69.76956176757812
Chronos2,2025-08-28 00:00:00+00:00,HB_PAN,2025-08-28 20:00:00+00:00,82.16250000000001,43.844947814941406,26.775569915771484,76.65513610839844
Chronos2,2025-08-28 00:00:00+00:00,HB_PAN,2025-08-28 21:00:00+00:00,84.67583333333333,45.06601333618164,26.47506332397461,79.8388442993164
Chronos2,2025-08-28 00:00:00+00:00,HB_PAN,2025-08-28 22:00:00+00:00,43.365833333333335,45.11068344116211,26.883056640625,79.74420166015625
Chronos2,2025-08-28 00:00:00+00:00,HB_PAN,2025-08-28 23:00:00+00:00,3.7475,60.106109619140625,34.47584533691406,111.46780395507812
Chronos2,2025-08-28 00:00:00+00:00,LZ_WEST,2025-08-28 00:00:00+00:00,66.60083333333334,71.81806945800781,51.34785842895508,96.92515563964844
Chronos2,2025-08-28 00:00:00+00:00,LZ_WEST,2025-08-28 01:00:00+00:00,68.17916666666666,75.22222137451172,51.80990982055664,106.1548080444336
Chronos2,2025-08-28 00:00:00+00:00,LZ_WEST,2025-08-28 02:00:00+00:00,59.053333333333335,69.43550872802734,47.006771087646484,97.27409362792969
Chronos2,2025-08-28 00:00:00+00:00,LZ_WEST,2025-08-28 03:00:00+00:00,48.465833333333336,60.07941436767578,41.12487030029297,84.43903350830078
Chronos2,2025-08-28 00:00:00+00:00,LZ_WEST,2025-08-28 04:00:00+00:00,40.29583333333333,59.42057418823242,41.69285583496094,82.24801635742188
Chronos2,2025-08-28 00:00:00+00:00,LZ_WEST,2025-08-28 05:00:00+00:00,37.10416666666666,64.43777465820312,46.08729553222656,85.41583251953125
Chronos2,2025-08-28 00:00:00+00:00,LZ_WEST,2025-08-28 06:00:00+00:00,33.1825,65.8757095336914,47.92185592651367,86.6739730834961
Chronos2,2025-08-28 00:00:00+00:00,LZ_WEST,2025-08-28 07:00:00+00:00,26.911666666666665,66.57028198242188,47.06626892089844,87.81781005859375
Chronos2,2025-08-28 00:00:00+00:00,LZ_WEST,2025-08-28 08:00:00+00:00,25.046666666666667,67.87326049804688,45.67957305908203,92.98698425292969
Chronos2,2025-08-28 00:00:00+00:00,LZ_WEST,2025-08-28 09:00:00+00:00,21.986666666666665,70.8880844116211,44.99203109741211,97.90312194824219
Chronos2,2025-08-28 00:00:00+00:00,LZ_WEST,2025-08-28 10:00:00+00:00,18.979166666666668,73.22053527832031,44.22285079956055,102.43294525146484
Chronos2,2025-08-28 00:00:00+00:00,LZ_WEST,2025-08-28 11:00:00+00:00,20.102500000000003,74.81044006347656,45.187862396240234,103.95013427734375
Chronos2,2025-08-28 00:00:00+00:00,LZ_WEST,2025-08-28 12:00:00+00:00,19.88833333333333,70.37450408935547,42.21728515625,98.00346374511719
Chronos2,2025-08-28 00:00:00+00:00,LZ_WEST,2025-08-28 13:00:00+00:00,13.498333333333337,24.495014190673828,17.56983184814453,38.839027404785156
Chronos2,2025-08-28 00:00:00+00:00,LZ_WEST,2025-08-28 14:00:00+00:00,4.486666666666667,21.505645751953125,16.676929473876953,31.085412979125977
Chronos2,2025-08-28 00:00:00+00:00,LZ_WEST,2025-08-28 15:00:00+00:00,2.8441666666666667,22.100341796875,18.221595764160156,30.508689880371094
Chronos2,2025-08-28 00:00:00+00:00,LZ_WEST,2025-08-28 16:00:00+00:00,7.5075,25.237661361694336,19.398693084716797,39.15754699707031
Chronos2,2025-08-28 00:00:00+00:00,LZ_WEST,2025-08-28 17:00:00+00:00,17.03,30.100261688232422,21.517208099365234,51.96881866455078
Chronos2,2025-08-28 00:00:00+00:00,LZ_WEST,2025-08-28 18:00:00+00:00,38.60833333333333,36.227046966552734,23.51421546936035,62.624168395996094
Chronos2,2025-08-28 00:00:00+00:00,LZ_WEST,2025-08-28 19:00:00+00:00,73.19833333333334,40.471439361572266,24.76117515563965,68.45650482177734
Chronos2,2025-08-28 00:00:00+00:00,LZ_WEST,2025-08-28 20:00:00+00:00,79.16833333333334,45.363059997558594,27.260581970214844,74.94163513183594
Chronos2,2025-08-28 00:00:00+00:00,LZ_WEST,2025-08-28 21:00:00+00:00,80.85166666666667,47.403411865234375,28.331069946289062,77.57140350341797
Chronos2,2025-08-28 00:00:00+00:00,LZ_WEST,2025-08-28 22:00:00+00:00,49.43333333333334,45.255130767822266,27.66323471069336,73.99920654296875
Chronos2,2025-08-28 00:00:00+00:00,LZ_WEST,2025-08-28 23:00:00+00:00,87.51916666666666,59.734859466552734,36.7974967956543,91.12834167480469
Chronos2,2025-08-29 00:00:00+00:00,HB_HUBAVG,2025-08-29 00:00:00+00:00,66.83083333333333,66.0707778930664,49.99151611328125,82.67543029785156
Chronos2,2025-08-29 00:00:00+00:00,HB_HUBAVG,2025-08-29 01:00:00+00:00,56.29166666666666,64.2988052368164,46.03004837036133,82.10391235351562
Chronos2,2025-08-29 00:00:00+00:00,HB_HUBAVG,2025-08-29 02:00:00+00:00,38.79333333333333,47.283565521240234,33.781307220458984,63.742156982421875
Chronos2,2025-08-29 00:00:00+00:00,HB_HUBAVG,2025-08-29 03:00:00+00:00,30.159166666666664,31.819536209106445,23.08075523376465,42.587486267089844
Chronos2,2025-08-29 00:00:00+00:00,HB_HUBAVG,2025-08-29 04:00:00+00:00,28.4475,25.429000854492188,18.473526000976562,34.41489791870117
Chronos2,2025-08-29 00:00:00+00:00,HB_HUBAVG,2025-08-29 05:00:00+00:00,29.405,23.36191177368164,16.9425048828125,31.83510971069336
Chronos2,2025-08-29 00:00:00+00:00,HB_HUBAVG,2025-08-29 06:00:00+00:00,30.54083333333333,22.509841918945312,16.224367141723633,30.9080867767334
Chronos2,2025-08-29 00:00:00+00:00,HB_HUBAVG,2025-08-29 07:00:00+00:00,31.115,21.352375030517578,15.169994354248047,29.683563232421875
Chronos2,2025-08-29 00:00:00+00:00,HB_HUBAVG,2025-08-29 08:00:00+00:00,30.47666666666667,21.115711212158203,14.677217483520508,29.575054168701172
Chronos2,2025-08-29 00:00:00+00:00,HB_HUBAVG,2025-08-29 09:00:00+00:00,34.115833333333335,22.11155891418457,14.79736328125,32.294952392578125
Chronos2,2025-08-29 00:00:00+00:00,HB_HUBAVG,2025-08-29 10:00:00+00:00,43.40416666666667,24.162696838378906,15.877239227294922,37.17037582397461
Chronos2,2025-08-29 00:00:00+00:00,HB_HUBAVG,2025-08-29 11:00:00+00:00,37.3175,27.325450897216797,16.125057220458984,46.40793228149414
Chronos2,2025-08-29 00:00:00+00:00,HB_HUBAVG,2025-08-29 12:00:00+00:00,36.6525,25.505962371826172,14.615228652954102,46.59698486328125
Chronos2,2025-08-29 00:00:00+00:00,HB_HUBAVG,2025-08-29 13:00:00+00:00,26.474166666666665,17.84568977355957,11.279993057250977,28.558774948120117
Chronos2,2025-08-29 00:00:00+00:00,HB_HUBAVG,2025-08-29 14:00:00+00:00,25.264166666666668,15.394086837768555,9.08292007446289,24.1656494140625
Chronos2,2025-08-29 00:00:00+00:00,HB_HUBAVG,2025-08-29 15:00:00+00:00,25.581666666666667,15.677003860473633,9.716352462768555,23.306110382080078
Chronos2,2025-08-29 00:00:00+00:00,HB_HUBAVG,2025-08-29 16:00:00+00:00,26.2225,18.560415267944336,12.719917297363281,26.28064727783203
Chronos2,2025-08-29 00:00:00+00:00,HB_HUBAVG,2025-08-29 17:00:00+00:00,32.88166666666667,21.909523010253906,14.139429092407227,35.727500915527344
Chronos2,2025-08-29 00:00:00+00:00,HB_HUBAVG,2025-08-29 18:00:00+00:00,37.13333333333333,31.30320930480957,17.34349250793457,51.736881256103516
Chronos2,2025-08-29 00:00:00+00:00,HB_HUBAVG,2025-08-29 19:00:00+00:00,45.95083333333333,41.60718536376953,20.143518447875977,67.6001205444336
Chronos2,2025-08-29 00:00:00+00:00,HB_HUBAVG,2025-08-29 20:00:00+00:00,45.18416666666667,48.19922637939453,22.79549789428711,78.45787048339844
Chronos2,2025-08-29 00:00:00+00:00,HB_HUBAVG,2025-08-29 21:00:00+00:00,40.28833333333333,49.62965393066406,25.678794860839844,78.17674255371094
Chronos2,2025-08-29 00:00:00+00:00,HB_HUBAVG,2025-08-29 22:00:00+00:00,35.964166666666664,44.071746826171875,25.784160614013672,67.45112609863281
Chronos2,2025-08-29 00:00:00+00:00,HB_HUBAVG,2025-08-29 23:00:00+00:00,44.27166666666667,53.48918151855469,31.34771728515625,79.83609008789062
Chronos2,2025-08-29 00:00:00+00:00,HB_PAN,2025-08-29 00:00:00+00:00,18.035,2.753070831298828,-17.552738189697266,46.140602111816406
Chronos2,2025-08-29 00:00:00+00:00,HB_PAN,2025-08-29 01:00:00+00:00,6.664166666666667,8.412065505981445,-19.336315155029297,61.37671661376953
Chronos2,2025-08-29 00:00:00+00:00,HB_PAN,2025-08-29 02:00:00+00:00,2.2,5.812065124511719,-19.521121978759766,46.57072830200195
Chronos2,2025-08-29 00:00:00+00:00,HB_PAN,2025-08-29 03:00:00+00:00,8.350833333333332,1.8913116455078125,-17.882198333740234,33.370643615722656
Chronos2,2025-08-29 00:00:00+00:00,HB_PAN,2025-08-29 04:00:00+00:00,21.215,1.2295608520507812,-18.199047088623047,25.730140686035156
Chronos2,2025-08-29 00:00:00+00:00,HB_PAN,2025-08-29 05:00:00+00:00,22.2375,1.9677314758300781,-17.36504364013672,25.9356746673584
Chronos2,2025-08-29 00:00:00+00:00,HB_PAN,2025-08-29 06:00:00+00:00,26.53833333333333,3.6641883850097656,-17.425086975097656,28.1815128326416
Chronos2,2025-08-29 00:00:00+00:00,HB_PAN,2025-08-29 07:00:00+00:00,33.54833333333334,4.700971603393555,-16.740447998046875,28.73581886291504
Chronos2,2025-08-29 00:00:00+00:00,HB_PAN,2025-08-29 08:00:00+00:00,33.04916666666667,4.465948104858398,-16.983417510986328,29.42563819885254
Chronos2,2025-08-29 00:00:00+00:00,HB_PAN,2025-08-29 09:00:00+00:00,37.01,5.837278366088867,-17.885921478271484,30.64147186279297
Chronos2,2025-08-29 00:00:00+00:00,HB_PAN,2025-08-29 10:00:00+00:00,45.98833333333334,7.200899124145508,-18.117679595947266,36.38548278808594
Chronos2,2025-08-29 00:00:00+00:00,HB_PAN,2025-08-29 11:00:00+00:00,40.28916666666667,9.479827880859375,-19.493640899658203,45.7977409362793
Chronos2,2025-08-29 00:00:00+00:00,HB_PAN,2025-08-29 12:00:00+00:00,38.0425,7.652334213256836,-18.71578598022461,43.721595764160156
Chronos2,2025-08-29 00:00:00+00:00,HB_PAN,2025-08-29 13:00:00+00:00,27.070833333333336,3.0844078063964844,-20.711170196533203,28.33333396911621
Chronos2,2025-08-29 00:00:00+00:00,HB_PAN,2025-08-29 14:00:00+00:00,27.320000000000004,0.5547828674316406,-21.877304077148438,20.117029190063477
Chronos2,2025-08-29 00:00:00+00:00,HB_PAN,2025-08-29 15:00:00+00:00,26.828333333333333,0.008022308349609375,-21.161705017089844,18.70219612121582
Chronos2,2025-08-29 00:00:00+00:00,HB_PAN,2025-08-29 16:00:00+00:00,26.761666666666667,3.161975860595703,-13.975170135498047,22.521984100341797
Chronos2,2025-08-29 00:00:00+00:00,HB_PAN,2025-08-29 17:00:00+00:00,32.855,6.414608001708984,-14.982833862304688,35.15205383300781
Chronos2,2025-08-29 00:00:00+00:00,HB_PAN,2025-08-29 18:00:00+00:00,32.50333333333333,14.58437728881836,-14.432151794433594,50.95317459106445
Chronos2,2025-08-29 00:00:00+00:00,HB_PAN,2025-08-29 19:00:00+00:00,35.678333333333335,21.287260055541992,-12.85886001586914,69.08009338378906
Chronos2,2025-08-29 00:00:00+00:00,HB_PAN,2025-08-29 20:00:00+00:00,31.14833333333333,25.63924217224121,-12.104148864746094,75.34439086914062
Chronos2,2025-08-29 00:00:00+00:00,HB_PAN,2025-08-29 21:00:00+00:00,29.0175,26.003162384033203,-14.463203430175781,75.45591735839844
Chronos2,2025-08-29 00:00:00+00:00,HB_PAN,2025-08-29 22:00:00+00:00,28.824166666666667,24.503231048583984,-15.471843719482422,76.68185424804688
Chronos2,2025-08-29 00:00:00+00:00,HB_PAN,2025-08-29 23:00:00+00:00,43.975,27.008689880371094,-13.269859313964844,80.29096984863281
Chronos2,2025-08-29 00:00:00+00:00,LZ_WEST,2025-08-29 00:00:00+00:00,98.265,98.77076721191406,75.99315643310547,121.8408203125
Chronos2,2025-08-29 00:00:00+00:00,LZ_WEST,2025-08-29 01:00:00+00:00,85.85666666666667,93.77496337890625,66.27069091796875,120.14716339111328
Chronos2,2025-08-29 00:00:00+00:00,LZ_WEST,2025-08-29 02:00:00+00:00,92.40083333333332,79.82686614990234,53.734779357910156,109.47322082519531
Chronos2,2025-08-29 00:00:00+00:00,LZ_WEST,2025-08-29 03:00:00+00:00,68.17083333333333,64.83345794677734,41.09161376953125,96.02992248535156
Chronos2,2025-08-29 00:00:00+00:00,LZ_WEST,2025-08-29 04:00:00+00:00,48.59,59.71208953857422,36.333656311035156,92.05888366699219
Chronos2,2025-08-29 00:00:00+00:00,LZ_WEST,2025-08-29 05:00:00+00:00,60.29749999999999,60.26786804199219,34.10718536376953,97.71571350097656
Chronos2,2025-08-29 00:00:00+00:00,LZ_WEST,2025-08-29 06:00:00+00:00,54.8825,57.35455322265625,28.893821716308594,98.75285339355469
Chronos2,2025-08-29 00:00:00+00:00,LZ_WEST,2025-08-29 07:00:00+00:00,43.8375,53.857330322265625,22.682310104370117,101.54047393798828
Chronos2,2025-08-29 00:00:00+00:00,LZ_WEST,2025-08-29 08:00:00+00:00,51.310833333333335,52.69837188720703,19.774229049682617,100.58753967285156
Chronos2,2025-08-29 00:00:00+00:00,LZ_WEST,2025-08-29 09:00:00+00:00,62.270833333333336,53.388938903808594,19.709251403808594,106.84669494628906
Chronos2,2025-08-29 00:00:00+00:00,LZ_WEST,2025-08-29 10:00:00+00:00,64.62416666666667,51.643821716308594,16.863933563232422,108.07742309570312
Chronos2,2025-08-29 00:00:00+00:00,LZ_WEST,2025-08-29 11:00:00+00:00,68.50666666666666,50.137054443359375,14.832733154296875,109.1494140625
Chronos2,2025-08-29 00:00:00+00:00,LZ_WEST,2025-08-29 12:00:00+00:00,48.21833333333333,42.01238250732422,12.555133819580078,99.92696380615234
Chronos2,2025-08-29 00:00:00+00:00,LZ_WEST,2025-08-29 13:00:00+00:00,27.250833333333333,21.50762939453125,6.280178070068359,52.77742385864258
Chronos2,2025-08-29 00:00:00+00:00,LZ_WEST,2025-08-29 14:00:00+00:00,27.793333333333333,14.890884399414062,3.6612815856933594,38.037147521972656
Chronos2,2025-08-29 00:00:00+00:00,LZ_WEST,2025-08-29 15:00:00+00:00,27.095,15.804622650146484,5.947414398193359,36.34181213378906
Chronos2,2025-08-29 00:00:00+00:00,LZ_WEST,2025-08-29 16:00:00+00:00,26.8725,19.226608276367188,8.543682098388672,39.98125457763672
Chronos2,2025-08-29 00:00:00+00:00,LZ_WEST,2025-08-29 17:00:00+00:00,32.47833333333333,24.14057731628418,10.823436737060547,51.039955139160156
Chronos2,2025-08-29 00:00:00+00:00,LZ_WEST,2025-08-29 18:00:00+00:00,34.52333333333333,33.9568977355957,15.129222869873047,65.6060562133789
Chronos2,2025-08-29 00:00:00+00:00,LZ_WEST,2025-08-29 19:00:00+00:00,40.72,47.02688217163086,20.90142059326172,82.59515380859375
Chronos2,2025-08-29 00:00:00+00:00,LZ_WEST,2025-08-29 20:00:00+00:00,38.42333333333333,53.47235870361328,23.737600326538086,94.01539611816406
Chronos2,2025-08-29 00:00:00+00:00,LZ_WEST,2025-08-29 21:00:00+00:00,35.590833333333336,55.82514572143555,26.348438262939453,96.72125244140625
Chronos2,2025-08-29 00:00:00+00:00,LZ_WEST,2025-08-29 22:00:00+00:00,39.310833333333335,46.651771545410156,20.7989501953125,83.41377258300781
Chronos2,2025-08-29 00:00:00+00:00,LZ_WEST,2025-08-29 23:00:00+00:00,51.68,66.59513092041016,34.06047058105469,112.27599334716797
