model,covariates_used,multivariate_used,n_origins,mae_mean,mae_std,rmse_mean,rmse_std,smape_mean,smape_std,pinball_mean,pinball_std,coverage_mean,coverage_std,mase_mean,spike_f1_mean_signal,spike_precision,spike_recall,spike_f1_q90_signal
Toto2,False,False,30,38.29455294212,67.36188318537651,50.896897420538366,86.62667676539469,64.6920599746065,29.11586041527041,13.638536854362782,22.05786000735219,0.7259259259259259,0.2273973034309813,0.7896373488069468,0.7420494699646644,0.7167235494880546,0.7692307692307693,0.6284153005464481
SeasonalNaive,False,False,30,48.496380015432095,71.72981646931645,69.68774242951989,106.42216829969372,80.89379419725728,31.839622289936806,18.724747999268878,28.327694857654002,0.7611111111111111,0.2192040408446745,1.0,0.6319702602230484,0.6415094339622641,0.6227106227106227,0.5505882352941176
